{
"type": "FeatureCollection",
"name": "kalimpong_villages",
"crs": { "type": "name", "properties": { "name": "urn:ogc:def:crs:OGC:1.3:CRS84" } },
"features": [
{ "type": "Feature", "properties": { "District": "Kalimpong", "Dist_LGD": "327N001", "Sub_dist": "Lava", "Subdis_LGD": "2157", "Subdis_Typ": "Cd_Block", "Vill_name": "Algarah Bazer D.I.F.", "Vill_Cat": "Forest_Village", "Vill_LGD": "306294", "arr_project": "asha2" }, "geometry": { "type": "Polygon", "coordinates": [ [ [ 88.581985159163324, 27.115830376191948 ], [ 88.581148485206171, 27.115546571120799 ], [ 88.579369055644449, 27.115686354692198 ], [ 88.579203805146335, 27.115699334728664 ], [ 88.578895651439694, 27.115870687915152 ], [ 88.578129106141986, 27.116296931391474 ], [ 88.577778934172358, 27.116491644255763 ], [ 88.576296137203187, 27.117316139176552 ], [ 88.576489194903772, 27.118135376737506 ], [ 88.57695896450079, 27.118545319027664 ], [ 88.577540085220591, 27.119342143744134 ], [ 88.57841526646088, 27.119887434577404 ], [ 88.579386844745585, 27.120472254576608 ], [ 88.579816797942584, 27.120918739646733 ], [ 88.580087854503077, 27.120825425901852 ], [ 88.581115773095775, 27.12039412742115 ], [ 88.583011418084041, 27.119619064644798 ], [ 88.583709529784741, 27.119408100241859 ], [ 88.584088936832302, 27.118771971664525 ], [ 88.584476118263041, 27.118329822568111 ], [ 88.584754641213209, 27.118051374065313 ], [ 88.58520373041064, 27.117707815747483 ], [ 88.585504999569935, 27.11689655079196 ], [ 88.586153264041101, 27.116013669016301 ], [ 88.584573766846788, 27.116311317786629 ], [ 88.583028631961668, 27.116184320305972 ], [ 88.581985159163324, 27.115830376191948 ] ] ] } },
{ "type": "Feature", "properties": { "District": "Kalimpong", "Dist_LGD": "327N001", "Sub_dist": "Kalimpong - I", "Subdis_LGD": "2156", "Subdis_Typ": "Cd_Block", "Vill_name": "Kalimpong Khasmahal (Ct)", "Vill_Cat": "Partly _Urban", "Vill_LGD": "306235", "arr_project": "asha2" }, "geometry": { "type": "Polygon", "coordinates": [ [ [ 88.438977081265122, 27.041737408003605 ], [ 88.435949872491122, 27.043487950606746 ], [ 88.434405462601589, 27.04491640937972 ], [ 88.434374544471709, 27.045259744816974 ], [ 88.434271008643407, 27.04583852023886 ], [ 88.434754630861036, 27.048194113861513 ], [ 88.43503261605079, 27.051025712128443 ], [ 88.435093095071522, 27.052609308981598 ], [ 88.434931997903689, 27.05500306866309 ], [ 88.435070715726553, 27.056396302041506 ], [ 88.435745270225965, 27.057508748113687 ], [ 88.43676758535949, 27.05980015440171 ], [ 88.438408997229303, 27.063195520609664 ], [ 88.43885874944435, 27.064463704383019 ], [ 88.439706204076245, 27.066869708106957 ], [ 88.439785177219377, 27.068710371916588 ], [ 88.440410604330353, 27.071885920571532 ], [ 88.44102612312507, 27.073495415364306 ], [ 88.441740656511001, 27.074566793974196 ], [ 88.442555234540123, 27.075181288370793 ], [ 88.444634217888179, 27.075313396848539 ], [ 88.445462678533289, 27.074650438778441 ], [ 88.446860325525108, 27.07355284639161 ], [ 88.448688050513397, 27.071399187396747 ], [ 88.449342747572373, 27.070950127127702 ], [ 88.450310639295182, 27.070940147089164 ], [ 88.451459343482114, 27.071659464092754 ], [ 88.453285055505759, 27.072877275643446 ], [ 88.455697656335246, 27.073858803804331 ], [ 88.45684851148188, 27.073959717613683 ], [ 88.457960654224337, 27.073406582902717 ], [ 88.459895045789182, 27.072109222182608 ], [ 88.460760666538931, 27.071599246306015 ], [ 88.460763251338989, 27.071409656631563 ], [ 88.461009220255875, 27.070937709152567 ], [ 88.461354202485623, 27.069936665584095 ], [ 88.461873855675137, 27.068798404199168 ], [ 88.462179550516353, 27.067879007851634 ], [ 88.462291580051286, 27.066799144212723 ], [ 88.463722019608497, 27.065529539829797 ], [ 88.465573276203017, 27.064445099676092 ], [ 88.467001613650126, 27.063793820074338 ], [ 88.466329006793515, 27.06285753835374 ], [ 88.466116234175757, 27.062390363949831 ], [ 88.466668644118755, 27.061838484703923 ], [ 88.467800990300034, 27.060526815732246 ], [ 88.4669897965763, 27.060174208869661 ], [ 88.466789222307227, 27.059869391166259 ], [ 88.4661631280362, 27.059406527000458 ], [ 88.465806065006419, 27.059085284717842 ], [ 88.465095875217116, 27.058745153412659 ], [ 88.462590963996277, 27.059177428849601 ], [ 88.460484504386855, 27.06040439375457 ], [ 88.460082851032524, 27.06169939538993 ], [ 88.458660707489443, 27.063609778279769 ], [ 88.456920535346683, 27.065491848746753 ], [ 88.455924400027328, 27.065262954626188 ], [ 88.45563820774332, 27.064963520169457 ], [ 88.455053126968508, 27.064161676684098 ], [ 88.4543955288826, 27.063599790684943 ], [ 88.453379172288521, 27.062973909268234 ], [ 88.453089307560006, 27.061997496049802 ], [ 88.453118348306489, 27.061121597207226 ], [ 88.453447554934598, 27.06006657201986 ], [ 88.453055800497182, 27.058224638155604 ], [ 88.454344182396497, 27.056884381872866 ], [ 88.454492911692427, 27.055127129971183 ], [ 88.454619163808943, 27.054363059827121 ], [ 88.455380058521868, 27.053168164343131 ], [ 88.455517490532415, 27.05248973231437 ], [ 88.454796916019362, 27.051729905718759 ], [ 88.453776574986662, 27.050395458684644 ], [ 88.453732568385846, 27.049718902935769 ], [ 88.454081515911767, 27.049024745047305 ], [ 88.453769570144132, 27.048287769744388 ], [ 88.453249609886271, 27.047837287836312 ], [ 88.452801650275291, 27.047106228806474 ], [ 88.452998107700665, 27.044748199247703 ], [ 88.452614651462696, 27.044327898053545 ], [ 88.452453417083362, 27.043941409037199 ], [ 88.452612920395183, 27.043019025658648 ], [ 88.452190256172315, 27.042684883405446 ], [ 88.450819131181817, 27.042676460017155 ], [ 88.450872212092293, 27.040924707100299 ], [ 88.449477470221709, 27.04064570925695 ], [ 88.449385712433127, 27.040565413137539 ], [ 88.449070168115, 27.039151449245242 ], [ 88.447758633266815, 27.039462834153767 ], [ 88.446897361143087, 27.039904980788066 ], [ 88.446534109064828, 27.039091785959798 ], [ 88.445920597701317, 27.039201900276556 ], [ 88.445720117864795, 27.038897047351735 ], [ 88.445021223197372, 27.037062748948482 ], [ 88.444975982213748, 27.037072239589104 ], [ 88.44406158987799, 27.037695452327974 ], [ 88.442687096350951, 27.03899587557596 ], [ 88.440926816130215, 27.04048077629006 ], [ 88.438977081265122, 27.041737408003605 ] ] ] } },
{ "type": "Feature", "properties": { "District": "Kalimpong", "Dist_LGD": "327N001", "Sub_dist": "Pedong", "Subdis_LGD": "02157N001", "Subdis_Typ": "Cd_Block", "Vill_name": "Maria Khasmahal", "Vill_Cat": "Forest_Village", "Vill_LGD": "306279", "arr_project": "asha2" }, "geometry": { "type": "Polygon", "coordinates": [ [ [ 88.6296658091116, 27.11926140996988 ], [ 88.628618140635851, 27.119359313745413 ], [ 88.627958888042883, 27.119809247067824 ], [ 88.627104510164415, 27.120717264864258 ], [ 88.625959930229811, 27.121439087723871 ], [ 88.626870974440308, 27.122006218792073 ], [ 88.629112133360309, 27.122472168232445 ], [ 88.631636764537703, 27.122659485927297 ], [ 88.632547057486192, 27.12282491813524 ], [ 88.633586079083102, 27.124906930350555 ], [ 88.633791233377721, 27.126181760996634 ], [ 88.634362690408395, 27.12663093729725 ], [ 88.6346407588305, 27.128062876209452 ], [ 88.63481369352634, 27.128855174729559 ], [ 88.635770244816229, 27.1297692247188 ], [ 88.637169920375882, 27.130975968181446 ], [ 88.639141197696034, 27.132636362095656 ], [ 88.639508851927587, 27.13363398163089 ], [ 88.639137512921295, 27.135150216153615 ], [ 88.638950039256116, 27.136822260797366 ], [ 88.639107215578662, 27.138260111652194 ], [ 88.639430762925912, 27.140382012943711 ], [ 88.640855469508253, 27.141908851166999 ], [ 88.642869226508083, 27.14335205570432 ], [ 88.645281399575822, 27.145472038705758 ], [ 88.64620087244235, 27.146594045799024 ], [ 88.646714867964732, 27.147242416062117 ], [ 88.647498270157698, 27.145965037902712 ], [ 88.647629175016689, 27.145259457448162 ], [ 88.647448895251912, 27.142598839442481 ], [ 88.647041725635376, 27.139945395843657 ], [ 88.646701022619467, 27.137006844048454 ], [ 88.646910440506602, 27.134774908843578 ], [ 88.647143401424373, 27.132772866402703 ], [ 88.648095324817191, 27.129922944352849 ], [ 88.648361377217029, 27.127771577333576 ], [ 88.648847925001192, 27.125522845016793 ], [ 88.649559646814879, 27.123840119374194 ], [ 88.649715766767144, 27.1221052472381 ], [ 88.649702702524536, 27.12190231030338 ], [ 88.649712258246026, 27.121866093309478 ], [ 88.648972023255467, 27.121604000853708 ], [ 88.648467470453369, 27.121591872616992 ], [ 88.646631856364976, 27.121613410134081 ], [ 88.645112490798013, 27.121531930442565 ], [ 88.644259805520676, 27.121167327332444 ], [ 88.64289746788198, 27.120786117740067 ], [ 88.64076980832921, 27.120495074524936 ], [ 88.63764840456453, 27.120540539252769 ], [ 88.636434699992563, 27.120320004545896 ], [ 88.635877949497385, 27.120186584955302 ], [ 88.634482167802332, 27.11923702594164 ], [ 88.633078948872196, 27.11881557622635 ], [ 88.631978699859161, 27.118765182730744 ], [ 88.630680538210015, 27.118631328675828 ], [ 88.6296658091116, 27.11926140996988 ] ] ] } },
{ "type": "Feature", "properties": { "District": "Kalimpong", "Dist_LGD": "327N001", "Sub_dist": "Kalimpong - I", "Subdis_LGD": "2156", "Subdis_Typ": "Cd_Block", "Vill_name": "Kanke Bong Khasmahal", "Vill_Cat": "Forest_Village", "Vill_LGD": "306225", "arr_project": "asha2" }, "geometry": { "type": "Polygon", "coordinates": [ [ [ 88.579407946789658, 27.043598104560928 ], [ 88.578983459186958, 27.042799510282514 ], [ 88.576640211823076, 27.03958977783827 ], [ 88.574636241624162, 27.036845585620682 ], [ 88.573243663303771, 27.03529054421362 ], [ 88.572455919499717, 27.034820941086348 ], [ 88.570702384368616, 27.033761851421378 ], [ 88.568556645817154, 27.032765783229259 ], [ 88.565421782685092, 27.03167236578674 ], [ 88.563878681585138, 27.03099239624731 ], [ 88.563850739351579, 27.030980083797637 ], [ 88.563413745207882, 27.030787517077712 ], [ 88.561582539035996, 27.029932267929201 ], [ 88.560788715931039, 27.029381425621711 ], [ 88.558877854499755, 27.028229147047277 ], [ 88.558089594416941, 27.027714333001789 ], [ 88.556748056000245, 27.026912270452332 ], [ 88.555279377610546, 27.026756999936126 ], [ 88.55378172109107, 27.026326724092723 ], [ 88.551927913565805, 27.026383281078939 ], [ 88.54987203311363, 27.026771510252498 ], [ 88.548448414379038, 27.02732877493008 ], [ 88.545407488974774, 27.028287422701055 ], [ 88.5427238742204, 27.028474828338513 ], [ 88.541693269783579, 27.028292048271993 ], [ 88.540633101532691, 27.02778913819305 ], [ 88.539701309009743, 27.02709074340747 ], [ 88.538990993427802, 27.026371866618359 ], [ 88.537525345688252, 27.025697345817047 ], [ 88.53630575778331, 27.025327029585579 ], [ 88.535771453533229, 27.025319320362733 ], [ 88.535812383850185, 27.024993914261241 ], [ 88.534776404670424, 27.025154153252831 ], [ 88.532191759138257, 27.025574969034917 ], [ 88.529802667524535, 27.026296007227273 ], [ 88.527920429537232, 27.027232656577308 ], [ 88.526207168766405, 27.027995943923358 ], [ 88.524159838773571, 27.029773814886411 ], [ 88.52371317840722, 27.031033357737016 ], [ 88.524841320157961, 27.032840012731548 ], [ 88.525366139024655, 27.034007792331955 ], [ 88.525573063476145, 27.035147421763657 ], [ 88.525750419256795, 27.037081717015603 ], [ 88.525517201915122, 27.03884444266351 ], [ 88.525567707275471, 27.039597621542981 ], [ 88.526474116126082, 27.039908237538839 ], [ 88.527711645100752, 27.040477025897943 ], [ 88.528305246463248, 27.040763945942054 ], [ 88.52901175255181, 27.040083786259803 ], [ 88.530322766047846, 27.040123693670768 ], [ 88.531650982220725, 27.040316855332751 ], [ 88.532174145580157, 27.040983644112323 ], [ 88.532422371663316, 27.041075720671728 ], [ 88.533264225714674, 27.041084603372834 ], [ 88.534143450635455, 27.040876433665741 ], [ 88.5352162630181, 27.040819599648859 ], [ 88.536617995886289, 27.041228550665533 ], [ 88.537109416575987, 27.041412742072758 ], [ 88.538285785136722, 27.041187760588681 ], [ 88.539923531406004, 27.041530911269906 ], [ 88.54357457301036, 27.042402593701603 ], [ 88.545466125849813, 27.042138112285851 ], [ 88.546624645238992, 27.042450339560325 ], [ 88.548121221201896, 27.042420340822289 ], [ 88.549958874133509, 27.042269225303478 ], [ 88.551642306107667, 27.041533057002162 ], [ 88.553060413901648, 27.041296260281719 ], [ 88.556501724318409, 27.040843012239499 ], [ 88.559817016147406, 27.04039107818372 ], [ 88.561985385001165, 27.039739678347438 ], [ 88.562694008843906, 27.039591898113919 ], [ 88.565771166427794, 27.040871055355602 ], [ 88.5694076361941, 27.042495938968177 ], [ 88.570116013752497, 27.04233007145455 ], [ 88.570614789247003, 27.042676539305347 ], [ 88.570738856608529, 27.041813120316988 ], [ 88.571084133377298, 27.041633248237797 ], [ 88.573139929533227, 27.041948773020369 ], [ 88.57692670252338, 27.043138504230143 ], [ 88.578874762561412, 27.043676302311503 ], [ 88.579407946789658, 27.043598104560928 ] ] ] } },
{ "type": "Feature", "properties": { "District": "Kalimpong", "Dist_LGD": "327N001", "Sub_dist": "Lava", "Subdis_LGD": "2157", "Subdis_Typ": "Cd_Block", "Vill_name": "Lolay Khasmahal", "Vill_Cat": "Forest_Village", "Vill_LGD": "306310", "arr_project": "asha2" }, "geometry": { "type": "Polygon", "coordinates": [ [ [ 88.528702825615426, 27.043323193604795 ], [ 88.528936401500715, 27.043821635429882 ], [ 88.529357793092018, 27.04441732694189 ], [ 88.529760376884994, 27.045112513583017 ], [ 88.529895979469075, 27.045819630659391 ], [ 88.529737460671797, 27.046024454165583 ], [ 88.529177714071793, 27.046378064260185 ], [ 88.528262947430775, 27.046943142332335 ], [ 88.527890521451155, 27.047357898945343 ], [ 88.527882737144338, 27.047899582294072 ], [ 88.528128144518718, 27.048898873796677 ], [ 88.528478750122872, 27.049477283286034 ], [ 88.528489966804216, 27.049933005994575 ], [ 88.528463065929557, 27.050551622732087 ], [ 88.528308757130645, 27.05106781695816 ], [ 88.528644300085148, 27.052765691742554 ], [ 88.529073297950887, 27.053176253848147 ], [ 88.529985417629078, 27.053527400576893 ], [ 88.53166169775308, 27.053355705821922 ], [ 88.532151449298581, 27.053413558566376 ], [ 88.532051615041851, 27.053856950608456 ], [ 88.531561037155001, 27.054480615945469 ], [ 88.530600718857727, 27.055407271998458 ], [ 88.529292441173851, 27.057068861429357 ], [ 88.529183858662151, 27.057611639261204 ], [ 88.529085111882566, 27.058136255591645 ], [ 88.529208507858158, 27.058685538702896 ], [ 88.529689343916388, 27.05919934145323 ], [ 88.530106006295043, 27.059813131741215 ], [ 88.530449273396272, 27.060590198849823 ], [ 88.531033934976605, 27.061324018179548 ], [ 88.53219689389924, 27.062692423717493 ], [ 88.533811195807147, 27.064254482614714 ], [ 88.535007906167323, 27.065505150143455 ], [ 88.536452313968283, 27.066802744567418 ], [ 88.537382891279677, 27.06738832875671 ], [ 88.53843273003622, 27.06784623038325 ], [ 88.539314875645204, 27.068206665144569 ], [ 88.540166367164062, 27.068905927965449 ], [ 88.540425976539581, 27.069088128701711 ], [ 88.540823849371108, 27.069426780026632 ], [ 88.541662745939931, 27.069941126081748 ], [ 88.542129096675325, 27.070125570027415 ], [ 88.542617750630669, 27.070097644260304 ], [ 88.543589521226963, 27.070005738942875 ], [ 88.545156384138039, 27.069559768322971 ], [ 88.546027304438226, 27.06983453085131 ], [ 88.546835277162657, 27.070665114718679 ], [ 88.547523518527868, 27.071587278287861 ], [ 88.548644426380477, 27.07244148567657 ], [ 88.549693796101764, 27.072858684038604 ], [ 88.552501969270068, 27.073585933815263 ], [ 88.553830670919581, 27.074148954211754 ], [ 88.55588020427912, 27.07543062215295 ], [ 88.555514456072132, 27.075962721307278 ], [ 88.556159160787146, 27.076280542308179 ], [ 88.556663717444593, 27.076672123324435 ], [ 88.557126675884476, 27.076242749362905 ], [ 88.55766897907003, 27.075717715862286 ], [ 88.558239649939381, 27.075056969186377 ], [ 88.558866906757615, 27.074842405180529 ], [ 88.559605769198924, 27.075041820230645 ], [ 88.560115412791163, 27.075072272127798 ], [ 88.560344112341838, 27.074839557071023 ], [ 88.560907221264458, 27.073998352747665 ], [ 88.561586039401107, 27.073503381765345 ], [ 88.562305393482646, 27.073387072036461 ], [ 88.563808281261771, 27.072693375295188 ], [ 88.56421505775684, 27.072214958114621 ], [ 88.564824961015148, 27.071115962175096 ], [ 88.565296192753408, 27.070560099747375 ], [ 88.56487357137398, 27.069896840975805 ], [ 88.564726747694579, 27.068400073265515 ], [ 88.563776588172217, 27.067503478061258 ], [ 88.562973623177399, 27.066677450854353 ], [ 88.562155746886376, 27.065138490456306 ], [ 88.561719496245672, 27.06385254114095 ], [ 88.561696284029139, 27.062905011636694 ], [ 88.562010633946812, 27.061579134040954 ], [ 88.562923402083811, 27.060147313962005 ], [ 88.56351450471675, 27.059513399466084 ], [ 88.560836050854604, 27.058667576224849 ], [ 88.557679558922032, 27.057881153915154 ], [ 88.55562125635889, 27.057037385114587 ], [ 88.550030434270411, 27.054445296010687 ], [ 88.546738961421653, 27.052992141931171 ], [ 88.543782901740514, 27.051363722027236 ], [ 88.540830363719863, 27.049617852033162 ], [ 88.535478334984631, 27.046372628101924 ], [ 88.53069752242115, 27.043969479277703 ], [ 88.528702825615426, 27.043323193604795 ] ] ] } },
{ "type": "Feature", "properties": { "District": "Kalimpong", "Dist_LGD": "327N001", "Sub_dist": "Kalimpong - I", "Subdis_LGD": "2156", "Subdis_Typ": "Cd_Block", "Vill_name": "Tista Bazar D.I.F.", "Vill_Cat": "Rural", "Vill_LGD": "306232", "arr_project": "asha2" }, "geometry": { "type": "Polygon", "coordinates": [ [ [ 88.426311080979204, 27.059333377267322 ], [ 88.426504244788319, 27.05467806589775 ], [ 88.426801495361303, 27.05227390338138 ], [ 88.427135028662065, 27.050347794801009 ], [ 88.427262391706577, 27.049258763767707 ], [ 88.427512528786252, 27.047116856077373 ], [ 88.42822886266265, 27.044771623814309 ], [ 88.428122121048446, 27.044303310168111 ], [ 88.428613954885975, 27.042939770949168 ], [ 88.425300177359745, 27.042770272120357 ], [ 88.424045101918182, 27.04317113558432 ], [ 88.425018677525188, 27.046821682653707 ], [ 88.426144706566021, 27.048570516407583 ], [ 88.426175044067236, 27.0489764180073 ], [ 88.425289663004435, 27.049517975680924 ], [ 88.422539625555672, 27.053693665237056 ], [ 88.421777760100952, 27.056039330105101 ], [ 88.423632204740983, 27.060376040657296 ], [ 88.425089699252894, 27.061616015360716 ], [ 88.426776202602426, 27.062226283083554 ], [ 88.426569490293033, 27.061826685183348 ], [ 88.426311080979204, 27.059333377267322 ] ], [ [ 88.424376656329585, 27.055287213105672 ], [ 88.424649333493591, 27.05498136597086 ], [ 88.424925817851729, 27.055048312516256 ], [ 88.425008133341009, 27.05545843764174 ], [ 88.424825145129489, 27.055705359758132 ], [ 88.424311805281675, 27.055654669285893 ], [ 88.424376656329585, 27.055287213105672 ] ] ] } },
{ "type": "Feature", "properties": { "District": "Kalimpong", "Dist_LGD": "327N001", "Sub_dist": "Kalimpong - I", "Subdis_LGD": "2156", "Subdis_Typ": "Cd_Block", "Vill_name": "Homes St.And Graihms", "Vill_Cat": "Rural", "Vill_LGD": "306222", "arr_project": "asha2" }, "geometry": { "type": "Polygon", "coordinates": [ [ [ 88.533464084532625, 27.09689840106536 ], [ 88.534169354293113, 27.09573530280629 ], [ 88.534278555660563, 27.095607738396385 ], [ 88.533490282849272, 27.094379702582156 ], [ 88.531951036099713, 27.092966879551845 ], [ 88.531682589080347, 27.092720476040952 ], [ 88.529878518003201, 27.090952864690998 ], [ 88.528519059145509, 27.089988272570526 ], [ 88.526186140678988, 27.089002649424231 ], [ 88.52481753867302, 27.088475909286394 ], [ 88.522113206223821, 27.087986193918685 ], [ 88.521076001099914, 27.087726624649086 ], [ 88.520425120205118, 27.087322956803693 ], [ 88.518569878299431, 27.086228227599427 ], [ 88.515969487622428, 27.085213724990119 ], [ 88.51264578894228, 27.083651820042842 ], [ 88.511599724380844, 27.083103421797944 ], [ 88.510885283886424, 27.083219423133205 ], [ 88.506422121725166, 27.084291851412061 ], [ 88.503138265084033, 27.08570357180221 ], [ 88.501301208970489, 27.088228104270204 ], [ 88.501940593000427, 27.089286417289976 ], [ 88.503574218321603, 27.090785426057074 ], [ 88.503977128459283, 27.091503246881018 ], [ 88.504407089967543, 27.090848726099715 ], [ 88.506600600129488, 27.090094069973311 ], [ 88.507833843152369, 27.089178180060422 ], [ 88.509878105240062, 27.089706857297944 ], [ 88.513431107980011, 27.089934925839938 ], [ 88.5221054606466, 27.09263497796816 ], [ 88.532009706743295, 27.096007096227435 ], [ 88.533409850957057, 27.096989259353052 ], [ 88.533464084532625, 27.09689840106536 ] ] ] } },
{ "type": "Feature", "properties": { "District": "Kalimpong", "Dist_LGD": "327N001", "Sub_dist": "Kalimpong - I", "Subdis_LGD": "2156", "Subdis_Typ": "Cd_Block", "Vill_name": "Mangber Forest", "Vill_Cat": "Others", "Vill_LGD": "306231", "arr_project": "asha2" }, "geometry": { "type": "Polygon", "coordinates": [ [ [ 88.426362477548523, 27.066544709778178 ], [ 88.426825777697857, 27.066062917945729 ], [ 88.426883624190182, 27.066123979667136 ], [ 88.42720873953931, 27.065728830126833 ], [ 88.427508111916637, 27.065542030369521 ], [ 88.429527739007597, 27.064924451605552 ], [ 88.432324906027418, 27.064855370283556 ], [ 88.434128890585001, 27.064390156121249 ], [ 88.43615685979016, 27.064491322655059 ], [ 88.43777107999, 27.064565097119182 ], [ 88.43885874944435, 27.064463704383019 ], [ 88.438408997229303, 27.063195520609664 ], [ 88.43676758535949, 27.05980015440171 ], [ 88.435745270225965, 27.057508748113687 ], [ 88.435070715726553, 27.056396302041506 ], [ 88.434931997903689, 27.05500306866309 ], [ 88.435093095071522, 27.052609308981598 ], [ 88.43503261605079, 27.051025712128443 ], [ 88.434754630861036, 27.048194113861513 ], [ 88.434271008643407, 27.04583852023886 ], [ 88.434374544471709, 27.045259744816974 ], [ 88.434405462601589, 27.04491640937972 ], [ 88.433903810074099, 27.044709391361284 ], [ 88.432055175116687, 27.044809459750528 ], [ 88.43136452789085, 27.044405764615284 ], [ 88.430706641508891, 27.044597507247346 ], [ 88.429525172625503, 27.044442518732723 ], [ 88.429525281453465, 27.044451047330412 ], [ 88.429101129978505, 27.044392665314771 ], [ 88.428535969094284, 27.04434424300652 ], [ 88.428122121048446, 27.044303310168111 ], [ 88.42822886266265, 27.044771623814309 ], [ 88.427512528786252, 27.047116856077373 ], [ 88.427262391706577, 27.049258763767707 ], [ 88.427135028662065, 27.050347794801009 ], [ 88.426801495361303, 27.05227390338138 ], [ 88.426504244788319, 27.05467806589775 ], [ 88.426311080979204, 27.059333377267322 ], [ 88.426569490293033, 27.061826685183348 ], [ 88.426776202602426, 27.062226283083554 ], [ 88.425968886593083, 27.065088180578897 ], [ 88.425307208950343, 27.067433794049755 ], [ 88.425979341516268, 27.066943138252491 ], [ 88.426362477548523, 27.066544709778178 ] ] ] } },
{ "type": "Feature", "properties": { "District": "Kalimpong", "Dist_LGD": "327N001", "Sub_dist": "Kalimpong - I", "Subdis_LGD": "2156", "Subdis_Typ": "Cd_Block", "Vill_name": "Tashiding Forest", "Vill_Cat": "Others", "Vill_LGD": "306234", "arr_project": "asha2" }, "geometry": { "type": "Polygon", "coordinates": [ [ [ 88.434405462601589, 27.04491640937972 ], [ 88.435949872491122, 27.043487950606746 ], [ 88.438977081265122, 27.041737408003605 ], [ 88.440926816130215, 27.04048077629006 ], [ 88.442687096350951, 27.03899587557596 ], [ 88.44406158987799, 27.037695452327974 ], [ 88.444975982213748, 27.037072239589104 ], [ 88.446826866814163, 27.035586360370615 ], [ 88.450110920862997, 27.03306566372672 ], [ 88.450916174462009, 27.032583455982348 ], [ 88.45202765862912, 27.032007816093316 ], [ 88.453247456493287, 27.031625125603746 ], [ 88.453940501963885, 27.031432917588464 ], [ 88.451891289340224, 27.0292424948145 ], [ 88.450798684095403, 27.028147971861575 ], [ 88.450031502513809, 27.02727575966966 ], [ 88.44879083354499, 27.025243952074142 ], [ 88.447574463179478, 27.024317671994115 ], [ 88.44590978242212, 27.022619676402066 ], [ 88.44413914257477, 27.021301873573027 ], [ 88.44311021423772, 27.020445844832725 ], [ 88.442304332567815, 27.019691331800871 ], [ 88.441138463452489, 27.018764475332578 ], [ 88.440121613240962, 27.018061755602385 ], [ 88.439151676703162, 27.017480411765341 ], [ 88.437589005370327, 27.016652361541411 ], [ 88.436695146104782, 27.016503514984926 ], [ 88.436261013572832, 27.016444755799679 ], [ 88.436244303434876, 27.016715732651072 ], [ 88.436041420265369, 27.018198212773044 ], [ 88.435627007300738, 27.019294694145518 ], [ 88.435122453043434, 27.020040043307194 ], [ 88.434287101378686, 27.020928677734858 ], [ 88.43279541527744, 27.022519060863491 ], [ 88.431549228416159, 27.023998610005911 ], [ 88.430866306759782, 27.024989485156965 ], [ 88.430130812039593, 27.025809380119799 ], [ 88.429255294666106, 27.02671644920256 ], [ 88.428548126740225, 27.027387105239356 ], [ 88.428905480682786, 27.030136682264803 ], [ 88.42900108943391, 27.032911480827547 ], [ 88.428626305146409, 27.033962406020077 ], [ 88.428114474668703, 27.034937990923332 ], [ 88.427720560829499, 27.03567316660741 ], [ 88.427475702263706, 27.036637015069498 ], [ 88.427395035382148, 27.037432199198665 ], [ 88.427944472259298, 27.039028898089189 ], [ 88.428612308151372, 27.040421286643141 ], [ 88.429023015501798, 27.041807256977073 ], [ 88.428613954885975, 27.042939770949168 ], [ 88.428122121048446, 27.044303310168111 ], [ 88.428535969094284, 27.04434424300652 ], [ 88.429101129978505, 27.044392665314771 ], [ 88.429525281453465, 27.044451047330412 ], [ 88.429525172625503, 27.044442518732723 ], [ 88.430706641508891, 27.044597507247346 ], [ 88.43136452789085, 27.044405764615284 ], [ 88.432055175116687, 27.044809459750528 ], [ 88.433903810074099, 27.044709391361284 ], [ 88.434405462601589, 27.04491640937972 ] ], [ [ 88.436893434822267, 27.040871122556421 ], [ 88.437269253289486, 27.040737696267723 ], [ 88.437561196187758, 27.041064604942768 ], [ 88.438343492129448, 27.041626854138027 ], [ 88.438236510543888, 27.041878181491974 ], [ 88.438203056686518, 27.041956773373101 ], [ 88.438129528593606, 27.042129509622647 ], [ 88.437598884330697, 27.041964329819471 ], [ 88.437166919404547, 27.041794364441593 ], [ 88.436793250835919, 27.041428230959557 ], [ 88.436893434822267, 27.040871122556421 ] ], [ [ 88.431023433132594, 27.030314944134261 ], [ 88.431386170454985, 27.030206655993695 ], [ 88.431642507040436, 27.030280411785114 ], [ 88.431528723009578, 27.03094494753697 ], [ 88.431476137933785, 27.031424454126284 ], [ 88.431281086799245, 27.0314608820863 ], [ 88.430982814006995, 27.031516588329481 ], [ 88.430971926765707, 27.03151862080129 ], [ 88.430910215492133, 27.031211032067034 ], [ 88.430910226553124, 27.031210659484952 ], [ 88.43091715481853, 27.030967786138874 ], [ 88.43094677735931, 27.030635022771353 ], [ 88.431023433132594, 27.030314944134261 ] ], [ [ 88.437323665207913, 27.020066710602464 ], [ 88.437656266476822, 27.020020932600712 ], [ 88.437788754908539, 27.020114432334701 ], [ 88.437846524747584, 27.020155203302995 ], [ 88.437921242573651, 27.020207932920236 ], [ 88.438026011735644, 27.020401187290471 ], [ 88.438080047582375, 27.020500862853861 ], [ 88.437880614726268, 27.0209729638268 ], [ 88.437755108015054, 27.021120379755612 ], [ 88.437636777387183, 27.021259367219411 ], [ 88.437382293480297, 27.021047519498943 ], [ 88.437418391252208, 27.020758506002331 ], [ 88.437386791227894, 27.0204407245241 ], [ 88.437323665207913, 27.020066710602464 ] ] ] } },
{ "type": "Feature", "properties": { "District": "Kalimpong", "Dist_LGD": "327N001", "Sub_dist": "Kalimpong - I", "Subdis_LGD": "2156", "Subdis_Typ": "Cd_Block", "Vill_name": "Rambi Bazar D.I.F.", "Vill_Cat": "Forest_Village", "Vill_LGD": "306255", "arr_project": "asha2" }, "geometry": { "type": "Polygon", "coordinates": [ [ [ 88.404856042409307, 26.984449500220322 ], [ 88.404183061216727, 26.98502490931736 ], [ 88.404282307453244, 26.985714487405428 ], [ 88.404979325623543, 26.986262698756093 ], [ 88.405882537499437, 26.986375554781436 ], [ 88.406862012838587, 26.985733888750492 ], [ 88.406909830264283, 26.984717874357568 ], [ 88.40583743725638, 26.984773711669302 ], [ 88.404856042409307, 26.984449500220322 ] ] ] } },
{ "type": "Feature", "properties": { "District": "Kalimpong", "Dist_LGD": "327N001", "Sub_dist": "Kalimpong - I", "Subdis_LGD": "2156", "Subdis_Typ": "Cd_Block", "Vill_name": "Riyong Forest", "Vill_Cat": "Others", "Vill_LGD": "306253", "arr_project": "asha2" }, "geometry": { "type": "Polygon", "coordinates": [ [ [ 88.429240190645018, 27.024328987355393 ], [ 88.431345631419944, 27.021852278225527 ], [ 88.432331552419342, 27.020515295555597 ], [ 88.433153344985598, 27.019351489701101 ], [ 88.433370010133999, 27.018157733098032 ], [ 88.433045122061586, 27.016779924112509 ], [ 88.432456344814241, 27.015255855292793 ], [ 88.432088141445433, 27.013242086139883 ], [ 88.433629819102563, 27.011231452352181 ], [ 88.43434407063063, 27.010335027713619 ], [ 88.43632999149925, 27.009583607892971 ], [ 88.437631343712496, 27.008496127147684 ], [ 88.438802287743684, 27.008249470301152 ], [ 88.439661576176817, 27.0076674800878 ], [ 88.440030361073823, 27.006950584413346 ], [ 88.440156730815175, 27.006191032696854 ], [ 88.439548939423929, 27.005154639328691 ], [ 88.437230978776839, 27.003562495806747 ], [ 88.434386435223928, 27.002160727163236 ], [ 88.432566848669069, 27.000919989203744 ], [ 88.431358551533094, 26.999803907215828 ], [ 88.429308858009065, 26.999486210256674 ], [ 88.428598828992364, 26.998721610397293 ], [ 88.429701119998313, 26.998231999451914 ], [ 88.429064992616702, 26.997732946048185 ], [ 88.42860204089726, 26.997381078123365 ], [ 88.428577136022696, 26.997403898343851 ], [ 88.42797797288604, 26.997437052728479 ], [ 88.427087466833143, 26.99754086020144 ], [ 88.426553736864278, 26.997568834291496 ], [ 88.42559705253214, 26.997619139676605 ], [ 88.425146550762094, 26.997055001131663 ], [ 88.425249505911893, 26.996029400731203 ], [ 88.426295745324225, 26.995490735685358 ], [ 88.426325288588757, 26.995436275161168 ], [ 88.42575801314068, 26.994801103584464 ], [ 88.423502253086639, 26.994115299958018 ], [ 88.421651734572933, 26.99319969630341 ], [ 88.418735071330147, 26.991635838129387 ], [ 88.416325435220159, 26.988712774876799 ], [ 88.414911357025971, 26.987233016052031 ], [ 88.413431851485257, 26.986561814207761 ], [ 88.413510093990126, 26.984760146304531 ], [ 88.413501030521559, 26.984624976322795 ], [ 88.413355970643721, 26.98465842346403 ], [ 88.412177257541089, 26.984631605424489 ], [ 88.411728950740567, 26.984532466958498 ], [ 88.411341021171538, 26.984257327691306 ], [ 88.410610506806492, 26.983553496232734 ], [ 88.410081418289522, 26.982849721169718 ], [ 88.409602712790416, 26.982145891251736 ], [ 88.409013245317695, 26.981568370647885 ], [ 88.408590145899652, 26.981315782166835 ], [ 88.408252564753639, 26.981239176208319 ], [ 88.40780432821451, 26.981338529252579 ], [ 88.405533214743159, 26.982801095978459 ], [ 88.404833016757948, 26.982774135893248 ], [ 88.403986970290475, 26.98302702016943 ], [ 88.403317122499274, 26.983302426212472 ], [ 88.402783237355678, 26.983654469420337 ], [ 88.402022820683058, 26.984232273258627 ], [ 88.401322853158788, 26.984688148761759 ], [ 88.400733531982937, 26.984787528024796 ], [ 88.400038453855046, 26.985004222844655 ], [ 88.399227567296165, 26.985234522907241 ], [ 88.39799356094629, 26.985487431045435 ], [ 88.397066884981811, 26.985839558050984 ], [ 88.396281199081926, 26.986218718056165 ], [ 88.395271095420028, 26.986822199200958 ], [ 88.395102618103621, 26.98692285542521 ], [ 88.394201071988078, 26.987198164778828 ], [ 88.3933900915154, 26.987374271371841 ], [ 88.392715241137594, 26.9875503803135 ], [ 88.391874051118762, 26.987703845618732 ], [ 88.391481303905834, 26.987902389293179 ], [ 88.391481204480755, 26.987902439723243 ], [ 88.391793568343957, 26.988475549962935 ], [ 88.392493834974204, 26.989102690197665 ], [ 88.393073130936855, 26.989675686127864 ], [ 88.393514338060527, 26.99024392224306 ], [ 88.394864416287859, 26.989242811086438 ], [ 88.39570891517937, 26.988679287005798 ], [ 88.397056117097065, 26.987618800995641 ], [ 88.398158714262891, 26.987558216203514 ], [ 88.400064336863494, 26.987656644655381 ], [ 88.401352974968219, 26.98837953683071 ], [ 88.402164796533341, 26.989247080339116 ], [ 88.402809660353313, 26.989651390364141 ], [ 88.403650990563392, 26.989647525265354 ], [ 88.40494184200162, 26.989733956321427 ], [ 88.405926580965129, 26.989918213883467 ], [ 88.406440034625817, 26.990287709692808 ], [ 88.406958281647405, 26.991447018109465 ], [ 88.407157425138791, 26.992469592699358 ], [ 88.407656699500876, 26.993317656104811 ], [ 88.408516318422258, 26.995588378792945 ], [ 88.408832342528882, 26.996284810405395 ], [ 88.409615342854266, 26.998064319323408 ], [ 88.410540187574583, 26.998691464068372 ], [ 88.41196594411511, 26.999485093974059 ], [ 88.41274519982197, 27.000556004094957 ], [ 88.412182084760985, 27.001459833806976 ], [ 88.41051038557714, 27.003570842146235 ], [ 88.409393113411227, 27.00494187314959 ], [ 88.409654862393594, 27.005054504989623 ], [ 88.410148664229865, 27.005433478416638 ], [ 88.41021684287503, 27.005499833913273 ], [ 88.410857537944864, 27.006123392249503 ], [ 88.412345843355041, 27.007571885557656 ], [ 88.413283119140061, 27.008419954400974 ], [ 88.413788112875764, 27.008959894444423 ], [ 88.413827461289273, 27.009001965313175 ], [ 88.41468409522507, 27.009597355682619 ], [ 88.415112438855189, 27.009800310615528 ], [ 88.415747193396342, 27.009899366177294 ], [ 88.416306362991634, 27.009741278053813 ], [ 88.418527903933594, 27.009212686689313 ], [ 88.419939299907327, 27.00889277669906 ], [ 88.420860280040259, 27.00868402627362 ], [ 88.422840070769226, 27.008272720446307 ], [ 88.423293640492929, 27.008597438750733 ], [ 88.423122954945256, 27.010208485840067 ], [ 88.423007736592339, 27.011742785121083 ], [ 88.421905814270787, 27.015244902165048 ], [ 88.421351837691404, 27.015881296670962 ], [ 88.42057649222248, 27.017099903649235 ], [ 88.419669902238851, 27.018029796169486 ], [ 88.418048283823637, 27.019930059134964 ], [ 88.416854600925532, 27.021302165305922 ], [ 88.415887647160361, 27.022543438199172 ], [ 88.415248108376062, 27.023459604163349 ], [ 88.415241535742425, 27.023482086755735 ], [ 88.416708397721862, 27.022880462239566 ], [ 88.417672435033523, 27.02259543464444 ], [ 88.419249757436717, 27.022588569952937 ], [ 88.420912231057059, 27.022540206060537 ], [ 88.422626968523176, 27.022640238265854 ], [ 88.423531794427376, 27.022856764900947 ], [ 88.425024283648881, 27.024114460184467 ], [ 88.426179357517285, 27.025389096820167 ], [ 88.426669878168468, 27.026318412321633 ], [ 88.426893483166992, 27.02646508864931 ], [ 88.427152325430356, 27.026209712249308 ], [ 88.428229990709141, 27.025345739306569 ], [ 88.429240190645018, 27.024328987355393 ] ], [ [ 88.423357808269515, 27.008301988614555 ], [ 88.422079193453314, 27.007804335547629 ], [ 88.420928025773065, 27.007336501519951 ], [ 88.419785261020365, 27.006796463347158 ], [ 88.419020612420709, 27.006303555034005 ], [ 88.417953476120118, 27.005584593358869 ], [ 88.417729391615239, 27.005050958587404 ], [ 88.418844971311785, 27.003853173662716 ], [ 88.41930803953737, 27.004129463994722 ], [ 88.419913745196411, 27.004346754544954 ], [ 88.420874583701078, 27.00423643064801 ], [ 88.421199492227487, 27.00458383650199 ], [ 88.42147677684973, 27.004764880815994 ], [ 88.42175406316926, 27.00494592271631 ], [ 88.422487877608319, 27.00523269895184 ], [ 88.423505495730723, 27.005452546225854 ], [ 88.42466688360993, 27.005657755261399 ], [ 88.425622863753404, 27.005674606743323 ], [ 88.427071757142642, 27.005641281708108 ], [ 88.427428413304668, 27.005890321008742 ], [ 88.428313452783414, 27.006028506548216 ], [ 88.429095738408947, 27.005758648353165 ], [ 88.42937396213604, 27.005896774472845 ], [ 88.429332006252437, 27.006257720382031 ], [ 88.427192257294564, 27.009519167886928 ], [ 88.426678747163322, 27.009309874666663 ], [ 88.425640080460596, 27.009035136751287 ], [ 88.425102973915955, 27.008869424086289 ], [ 88.425101802887767, 27.00886789945082 ], [ 88.42509913170484, 27.008867031670729 ], [ 88.425077744154905, 27.00886008026999 ], [ 88.424867331644066, 27.008791697131635 ], [ 88.424632858634908, 27.008715494566641 ], [ 88.424300875004107, 27.008681544858312 ], [ 88.424276944058732, 27.008671913970282 ], [ 88.423357808269515, 27.008301988614555 ] ], [ [ 88.404183061216727, 26.98502490931736 ], [ 88.404856042409307, 26.984449500220322 ], [ 88.40583743725638, 26.984773711669302 ], [ 88.406909830264283, 26.984717874357568 ], [ 88.406862012838587, 26.985733888750492 ], [ 88.405882537499437, 26.986375554781436 ], [ 88.404979325623543, 26.986262698756093 ], [ 88.404282307453244, 26.985714487405428 ], [ 88.404183061216727, 26.98502490931736 ] ] ] } },
{ "type": "Feature", "properties": { "District": "Kalimpong", "Dist_LGD": "327N001", "Sub_dist": "Kalimpong - I", "Subdis_LGD": "2156", "Subdis_Typ": "Cd_Block", "Vill_name": "Birik Forest", "Vill_Cat": "Others", "Vill_LGD": "306257", "arr_project": "asha2" }, "geometry": { "type": "Polygon", "coordinates": [ [ [ 88.442049772309318, 26.983157556797924 ], [ 88.441393265638567, 26.98105648661711 ], [ 88.441158640189286, 26.980038843323349 ], [ 88.441178469803674, 26.978431847214235 ], [ 88.44031833371416, 26.975764154365159 ], [ 88.439315878537371, 26.974181139908723 ], [ 88.437383032048857, 26.97271593107752 ], [ 88.434917260215087, 26.972122707563539 ], [ 88.432801730308626, 26.971738014042259 ], [ 88.428961710744105, 26.970418434601797 ], [ 88.427013748125532, 26.969336878170886 ], [ 88.427106683899041, 26.968717589130939 ], [ 88.427247850477102, 26.968327999686839 ], [ 88.42833918544585, 26.967391682142296 ], [ 88.429783586799346, 26.966095209895311 ], [ 88.430499770466355, 26.965370300996494 ], [ 88.431631796228785, 26.964469653648464 ], [ 88.433021057102636, 26.963597977733603 ], [ 88.434846913547872, 26.962202795761108 ], [ 88.435501173132366, 26.961762841562727 ], [ 88.435629298938821, 26.961565531901872 ], [ 88.434206622006386, 26.961010167888823 ], [ 88.432398347005147, 26.960203213925126 ], [ 88.432399605794586, 26.960203751323185 ], [ 88.432381354617831, 26.96013247898286 ], [ 88.432378192839934, 26.960131021638418 ], [ 88.431471379288325, 26.959495073286327 ], [ 88.43062505970633, 26.958854622667538 ], [ 88.430076068667319, 26.958489272849544 ], [ 88.428842000203787, 26.957925680820484 ], [ 88.427712227413494, 26.957868575047907 ], [ 88.427336362055883, 26.957849577025225 ], [ 88.426601099979067, 26.957849795996772 ], [ 88.425201046790662, 26.95760659428732 ], [ 88.424405430139984, 26.957701652930798 ], [ 88.423665133588955, 26.957381539287876 ], [ 88.422994992011212, 26.957237153802701 ], [ 88.422975148496178, 26.957232878212164 ], [ 88.421379325453614, 26.958469784827596 ], [ 88.420719838959229, 26.958889687322095 ], [ 88.419035973453177, 26.960537569922632 ], [ 88.418625727047598, 26.960939049341938 ], [ 88.417362238788797, 26.962248032869102 ], [ 88.417906171893335, 26.962613393615261 ], [ 88.417926894982017, 26.962630959035188 ], [ 88.418193845338877, 26.96285722413139 ], [ 88.418284028336643, 26.962933663093079 ], [ 88.418928892485042, 26.963691580810391 ], [ 88.419377474925753, 26.964670646854959 ], [ 88.419438376432652, 26.965952228915672 ], [ 88.419212225504481, 26.967134604894724 ], [ 88.418966376543864, 26.967701953791071 ], [ 88.418764379257368, 26.968168100199655 ], [ 88.418341634671265, 26.968777433399829 ], [ 88.418286787305121, 26.970365832788662 ], [ 88.418679908542543, 26.971218538714226 ], [ 88.418876646849839, 26.971972118043478 ], [ 88.418932512221105, 26.973181443260589 ], [ 88.419154340909046, 26.97393494860043 ], [ 88.420026244117324, 26.975293033610004 ], [ 88.420701894987587, 26.977332460614551 ], [ 88.420757640903062, 26.978185310066234 ], [ 88.420531228793109, 26.978713322795503 ], [ 88.419806288699874, 26.97957096984015 ], [ 88.419353189962507, 26.980148656749673 ], [ 88.41927286460627, 26.981006126011785 ], [ 88.419076909846126, 26.981671568817468 ], [ 88.419601635490366, 26.984811747373257 ], [ 88.421109335206708, 26.987725800737383 ], [ 88.423347206878319, 26.989003094602438 ], [ 88.426256659308976, 26.989596534314817 ], [ 88.428531519691191, 26.991401443699875 ], [ 88.42932043121661, 26.992431540630452 ], [ 88.431483120447666, 26.994919072231951 ], [ 88.433782389508252, 26.995852544066729 ], [ 88.436908010504808, 26.996786577576927 ], [ 88.43601361590207, 26.996186381317887 ], [ 88.43548240328613, 26.9952214013252 ], [ 88.43564112974228, 26.993834150325544 ], [ 88.436862603362158, 26.991628154616613 ], [ 88.439432581758624, 26.989291029755154 ], [ 88.440724350880103, 26.988262298609193 ], [ 88.441651072080901, 26.987449424431528 ], [ 88.442195113012872, 26.986654002084503 ], [ 88.442714680135637, 26.985520318381038 ], [ 88.442546580540082, 26.984190567934217 ], [ 88.442049772309318, 26.983157556797924 ] ], [ [ 88.422357782628495, 26.978968038128592 ], [ 88.422505602987485, 26.978891189886781 ], [ 88.422876689602901, 26.978915369306023 ], [ 88.424635055649873, 26.979415676039448 ], [ 88.424269180086014, 26.979722185920558 ], [ 88.424210840627879, 26.980128960926759 ], [ 88.424167098547642, 26.980642970408535 ], [ 88.424112731051721, 26.981063702271541 ], [ 88.423861602228982, 26.981696947514283 ], [ 88.423158112256644, 26.982234308572206 ], [ 88.422797204731651, 26.982396723207632 ], [ 88.42236031615306, 26.982342139636653 ], [ 88.422003256381799, 26.981974006347805 ], [ 88.421620109810732, 26.98139216709156 ], [ 88.421462689342789, 26.980930981483045 ], [ 88.421454170605486, 26.980240641048248 ], [ 88.421584439854854, 26.97973198979599 ], [ 88.421842391022324, 26.979245269326505 ], [ 88.422045622135968, 26.979134165061737 ], [ 88.422188893959472, 26.97905583912269 ], [ 88.422357782628495, 26.978968038128592 ] ], [ [ 88.435066138180645, 26.978548399544877 ], [ 88.434829275100597, 26.977963326662913 ], [ 88.434861059968057, 26.977472722496966 ], [ 88.435335189125396, 26.977652735289389 ], [ 88.435796302502467, 26.978328640490819 ], [ 88.435775854689169, 26.979167688934293 ], [ 88.435388681562969, 26.979345090185205 ], [ 88.435047872405434, 26.979146669319274 ], [ 88.435066138180645, 26.978548399544877 ] ] ] } },
{ "type": "Feature", "properties": { "District": "Kalimpong", "Dist_LGD": "327N001", "Sub_dist": "Gorubathan", "Subdis_LGD": "2158", "Subdis_Typ": "Cd_Block", "Vill_name": "Mo Forest", "Vill_Cat": "Others", "Vill_LGD": "306319", "arr_project": "asha2" }, "geometry": { "type": "Polygon", "coordinates": [ [ [ 88.774459516476526, 27.061541163817594 ], [ 88.774293423512077, 27.062518063970344 ], [ 88.773602532955039, 27.063460965975199 ], [ 88.772744318422085, 27.064022371643478 ], [ 88.77152648463489, 27.064155056941708 ], [ 88.770084053250343, 27.064110039609183 ], [ 88.767994844493188, 27.064610187576402 ], [ 88.766872741273573, 27.065062051881121 ], [ 88.765332540590236, 27.066178053615747 ], [ 88.76436954943442, 27.066812934262817 ], [ 88.7637102538622, 27.067204808841044 ], [ 88.762909406225688, 27.06757137858073 ], [ 88.76158167425541, 27.069384191639337 ], [ 88.760986790401162, 27.070673334611381 ], [ 88.760807494071827, 27.071781264320126 ], [ 88.760477019217532, 27.073216021559205 ], [ 88.760371842903837, 27.07422824959562 ], [ 88.760647098417692, 27.074743797181675 ], [ 88.76081129024854, 27.07557213073758 ], [ 88.760925855082277, 27.076450728703406 ], [ 88.76123817383052, 27.077723992808821 ], [ 88.761570412323152, 27.078658532082404 ], [ 88.762146657030556, 27.079720886761358 ], [ 88.762602738724965, 27.080513967191724 ], [ 88.763575295761171, 27.081769916568039 ], [ 88.764192399014902, 27.082863340852821 ], [ 88.76472007079488, 27.083718695792207 ], [ 88.765318041657096, 27.084555113608396 ], [ 88.766266607807808, 27.0855631286951 ], [ 88.767292648050301, 27.086687501031239 ], [ 88.767957675978451, 27.087617834553772 ], [ 88.768625914192526, 27.088430788442214 ], [ 88.769364452700572, 27.08922479986785 ], [ 88.769945317246652, 27.089289692940788 ], [ 88.770690975188572, 27.089573642077443 ], [ 88.771180107057873, 27.089576504253252 ], [ 88.772011324622468, 27.089529921304855 ], [ 88.773046604445369, 27.089634199921505 ], [ 88.774742547611964, 27.089427759944648 ], [ 88.775896736733984, 27.089079220283043 ], [ 88.776573939303702, 27.088858550724201 ], [ 88.777752537937857, 27.088460043699605 ], [ 88.778182506426461, 27.088228957112587 ], [ 88.778897388164552, 27.087840821157673 ], [ 88.780207390137051, 27.087463195140241 ], [ 88.780977568303939, 27.087065322980749 ], [ 88.781490007566148, 27.086630096843578 ], [ 88.781749182657066, 27.086121359907281 ], [ 88.782219473489675, 27.085253422879521 ], [ 88.782602918209719, 27.08431437780537 ], [ 88.782969654813115, 27.08391258596782 ], [ 88.783835112337727, 27.083165991744792 ], [ 88.784665629020367, 27.082442402238762 ], [ 88.785389350432752, 27.081661496377372 ], [ 88.786261173837602, 27.08100055411963 ], [ 88.788185322167124, 27.079617690231469 ], [ 88.789137978056203, 27.078969241221326 ], [ 88.790011191810336, 27.078398518071861 ], [ 88.790813705341037, 27.077503757950012 ], [ 88.791906528904676, 27.076794837691367 ], [ 88.793412669237654, 27.075764730798209 ], [ 88.794310463051303, 27.075157566429937 ], [ 88.795388694826656, 27.074484908866467 ], [ 88.796997087280403, 27.073864138344383 ], [ 88.797920265419819, 27.073586070102884 ], [ 88.79923549750599, 27.072919379697368 ], [ 88.801237987395723, 27.072040792519331 ], [ 88.801957505516555, 27.071638946655263 ], [ 88.802904913945369, 27.071301869277892 ], [ 88.805486219615958, 27.070054765333055 ], [ 88.806211618724475, 27.069706978256949 ], [ 88.807152917142233, 27.06899086486688 ], [ 88.807994878433121, 27.06868218704788 ], [ 88.80881874285862, 27.068188707431123 ], [ 88.810134168326627, 27.067855873756763 ], [ 88.810669248657831, 27.067587233868856 ], [ 88.810658556384723, 27.066608067193506 ], [ 88.810429479292296, 27.065527915000715 ], [ 88.810272633394334, 27.064550628921005 ], [ 88.81035371153493, 27.063949365729613 ], [ 88.810469672285862, 27.063009184116648 ], [ 88.810563951509366, 27.061974510074474 ], [ 88.810629220648394, 27.061016929469176 ], [ 88.810521982082847, 27.059989361552923 ], [ 88.810302890138985, 27.05921595754393 ], [ 88.809862130917637, 27.058449919905165 ], [ 88.809496175419383, 27.057633275872863 ], [ 88.809411035316771, 27.056411365758507 ], [ 88.809353484361267, 27.05533802861267 ], [ 88.809299092365578, 27.054147313941236 ], [ 88.809282178806583, 27.053407409975517 ], [ 88.80908936575868, 27.052385453639044 ], [ 88.808608757424452, 27.050703795934702 ], [ 88.808393075733036, 27.049826545924496 ], [ 88.80870007507859, 27.048540924762044 ], [ 88.808921330706141, 27.047251891839892 ], [ 88.809085705000228, 27.045873331574601 ], [ 88.809132305251481, 27.045322154194821 ], [ 88.809191101119083, 27.044274396158816 ], [ 88.809301442963701, 27.043298182063356 ], [ 88.809443727675713, 27.04211396156537 ], [ 88.808582893007568, 27.041547373866699 ], [ 88.807584520545802, 27.041203681065308 ], [ 88.806593342636688, 27.040679370711583 ], [ 88.805636234529516, 27.040393803379533 ], [ 88.804374549681029, 27.039656326785238 ], [ 88.803202434844749, 27.039161390328619 ], [ 88.802385061669909, 27.038788261083095 ], [ 88.801638886034667, 27.038454833065902 ], [ 88.800687133162398, 27.038187212841208 ], [ 88.799916708014393, 27.038228661397024 ], [ 88.799314071119468, 27.038362731997154 ], [ 88.798274282053328, 27.038579108160565 ], [ 88.797062171499761, 27.038418588137674 ], [ 88.79627216241694, 27.038496369984298 ], [ 88.795384272469775, 27.038124100997258 ], [ 88.794748181045392, 27.037739587402982 ], [ 88.793924801428943, 27.037303304263144 ], [ 88.792884403742121, 27.036847214650876 ], [ 88.791675350160844, 27.036560245716132 ], [ 88.791059482011605, 27.036495879052666 ], [ 88.788581613049544, 27.036283696377026 ], [ 88.78724406936081, 27.036156275879648 ], [ 88.786159461730136, 27.036088813812821 ], [ 88.784766739038403, 27.0362960307978 ], [ 88.782759096488121, 27.035861156252185 ], [ 88.782203313405944, 27.036409755043238 ], [ 88.781426500360567, 27.037642610011599 ], [ 88.780596484191051, 27.039656881299969 ], [ 88.780116699262123, 27.040552009570799 ], [ 88.779965294138194, 27.041497138662756 ], [ 88.779449726265284, 27.042361128039154 ], [ 88.778784699155779, 27.043655737572301 ], [ 88.778212343333038, 27.04475511574816 ], [ 88.778047282609975, 27.045474766678034 ], [ 88.777227146352843, 27.046843539378624 ], [ 88.776925679031422, 27.048183190860151 ], [ 88.776408155457304, 27.049566186915843 ], [ 88.776159890099279, 27.050124418599157 ], [ 88.775440412358307, 27.051166975688126 ], [ 88.774895596957919, 27.05209901370246 ], [ 88.774656131442185, 27.053857587340211 ], [ 88.774445261437407, 27.055191577562702 ], [ 88.774484667717957, 27.056734521075601 ], [ 88.774451188639077, 27.059411142182658 ], [ 88.774570169042732, 27.060564964120278 ], [ 88.774459516476526, 27.061541163817594 ] ] ] } },
{ "type": "Feature", "properties": { "District": "Kalimpong", "Dist_LGD": "327N001", "Sub_dist": "Gorubathan", "Subdis_LGD": "2158", "Subdis_Typ": "Cd_Block", "Vill_name": "Samsing Khasmahal", "Vill_Cat": "Forest_Village", "Vill_LGD": "306322", "arr_project": "asha2" }, "geometry": { "type": "Polygon", "coordinates": [ [ [ 88.81233310517419, 26.991791993168793 ], [ 88.811316744137585, 26.991891474185607 ], [ 88.810218618351911, 26.991890967756813 ], [ 88.809427975616245, 26.991543157043424 ], [ 88.809836370073853, 26.990947704823906 ], [ 88.808167334561148, 26.991065563727478 ], [ 88.808113688514325, 26.991161717394615 ], [ 88.807414585141245, 26.992492989672566 ], [ 88.80694728920848, 26.993514403398219 ], [ 88.806241534664821, 26.994746470119196 ], [ 88.805592100813371, 26.995720573296165 ], [ 88.804882062339516, 26.996370514939585 ], [ 88.804319093653234, 26.997081751857358 ], [ 88.803657036193997, 26.997898054042558 ], [ 88.803085994751498, 26.998735752721753 ], [ 88.802666057037783, 26.999887424219477 ], [ 88.802364625654548, 27.000256833334689 ], [ 88.802039590614527, 27.000725827882665 ], [ 88.801380809763813, 27.001117859375476 ], [ 88.800618972467319, 27.001998605594974 ], [ 88.79974133870067, 27.002885341648248 ], [ 88.79882742592784, 27.003709354003263 ], [ 88.797629736694319, 27.005065001858036 ], [ 88.796749302023073, 27.006412080603845 ], [ 88.795037203997808, 27.008374498243803 ], [ 88.793869647109005, 27.009729732266202 ], [ 88.793037741755569, 27.010647438052537 ], [ 88.792707099969505, 27.011084893970164 ], [ 88.792128917471288, 27.012116702005386 ], [ 88.791271177122681, 27.012678201428187 ], [ 88.790554983437147, 27.013269486331303 ], [ 88.788812449256, 27.014595889148012 ], [ 88.787608886327618, 27.015595006744004 ], [ 88.786848915465868, 27.016606537797347 ], [ 88.785940834747507, 27.017493580879798 ], [ 88.785259278050276, 27.018048297046221 ], [ 88.784749955362045, 27.018979917957385 ], [ 88.784353385661902, 27.02003195905705 ], [ 88.783681498782727, 27.021200312883611 ], [ 88.783718473736613, 27.02226490955734 ], [ 88.783529375289106, 27.023372988714424 ], [ 88.783384048542175, 27.024381227266954 ], [ 88.783155543050611, 27.025228051040447 ], [ 88.782931759489756, 27.026693094227138 ], [ 88.782381576680848, 27.027593633854348 ], [ 88.78201873220253, 27.028550470008216 ], [ 88.781541956141837, 27.028994264861883 ], [ 88.781124727959011, 27.029699060292845 ], [ 88.780877577352854, 27.030004557945336 ], [ 88.781211002928472, 27.030695337976415 ], [ 88.781953376316054, 27.032071428108502 ], [ 88.782130213264097, 27.033057531647696 ], [ 88.782677723550421, 27.034219460706879 ], [ 88.782790209832953, 27.035278586980709 ], [ 88.782759096488121, 27.035861156252185 ], [ 88.784766739038403, 27.0362960307978 ], [ 88.786159461730136, 27.036088813812821 ], [ 88.78724406936081, 27.036156275879648 ], [ 88.788581613049544, 27.036283696377026 ], [ 88.791059482011605, 27.036495879052666 ], [ 88.791675350160844, 27.036560245716132 ], [ 88.792884403742121, 27.036847214650876 ], [ 88.793924801428943, 27.037303304263144 ], [ 88.794748181045392, 27.037739587402982 ], [ 88.795384272469775, 27.038124100997258 ], [ 88.79627216241694, 27.038496369984298 ], [ 88.797062171499761, 27.038418588137674 ], [ 88.798274282053328, 27.038579108160565 ], [ 88.798649392971399, 27.037766492975411 ], [ 88.798673154533674, 27.037044115978812 ], [ 88.798360476953917, 27.036398245738827 ], [ 88.79785906588701, 27.035926280167686 ], [ 88.797532423439748, 27.035668700761725 ], [ 88.797421579848091, 27.035354210136685 ], [ 88.797729950242157, 27.035097544389053 ], [ 88.798628698926805, 27.034887488608234 ], [ 88.799422929399469, 27.034759997683608 ], [ 88.799999489470849, 27.034256198684975 ], [ 88.800142514556811, 27.033428497590531 ], [ 88.799818036092489, 27.032674471232049 ], [ 88.799269134615656, 27.031751819784862 ], [ 88.799346949497021, 27.03094300467119 ], [ 88.799840289635213, 27.029961896683929 ], [ 88.800467858238719, 27.029182153067101 ], [ 88.800848683701105, 27.028730497078229 ], [ 88.801138241580176, 27.028243905182489 ], [ 88.801342001655314, 27.027749384918604 ], [ 88.801302410515987, 27.026847298982048 ], [ 88.801357895618921, 27.025587473304146 ], [ 88.801277857116901, 27.02467687814255 ], [ 88.800946273350547, 27.023792068338931 ], [ 88.800913381814013, 27.023309600982508 ], [ 88.800878691105325, 27.022714333933472 ], [ 88.800960594837136, 27.021530888852535 ], [ 88.801194573813575, 27.021035982361195 ], [ 88.801056676948846, 27.02028859384944 ], [ 88.800968873225685, 27.019838420749984 ], [ 88.800641264729236, 27.019517678050583 ], [ 88.799970865175311, 27.019187779017855 ], [ 88.799207198530425, 27.018696602417112 ], [ 88.798971501737142, 27.01845140083266 ], [ 88.798964666985611, 27.01833866377007 ], [ 88.799359064339527, 27.018107974563687 ], [ 88.799555329710145, 27.017776018635573 ], [ 88.799790678156072, 27.01705093579108 ], [ 88.800063381446975, 27.015824434022381 ], [ 88.800314915990811, 27.015166837320979 ], [ 88.800906708434269, 27.014360472531532 ], [ 88.800770334648647, 27.013707837357959 ], [ 88.801065974962185, 27.013288861581099 ], [ 88.801584852234598, 27.012966316095582 ], [ 88.802298971278688, 27.012880455804584 ], [ 88.803098795753215, 27.012482100201481 ], [ 88.803520219619202, 27.012052483333491 ], [ 88.803529059249328, 27.011343834289388 ], [ 88.803140943727186, 27.010703450686563 ], [ 88.802269089341678, 27.010060232156206 ], [ 88.801480577764806, 27.009587434802846 ], [ 88.80072488748192, 27.009276679657329 ], [ 88.800104563879216, 27.008923573853171 ], [ 88.800050814751032, 27.008396242826468 ], [ 88.800170859746203, 27.007708735740987 ], [ 88.800641214734583, 27.00718824302653 ], [ 88.801792542008471, 27.006717706170722 ], [ 88.802929464806795, 27.005976566119951 ], [ 88.803507954493156, 27.005287699837481 ], [ 88.803846233693804, 27.004701193985827 ], [ 88.804021585362591, 27.003692554765024 ], [ 88.804602781892683, 27.002543327369484 ], [ 88.805354300022557, 27.001649153066104 ], [ 88.806294498467295, 27.001212878627182 ], [ 88.80770932700554, 27.000842715263776 ], [ 88.808650446998968, 27.000465082336973 ], [ 88.809583994060176, 26.99992958589824 ], [ 88.809877885404021, 26.999090910660989 ], [ 88.810136831437148, 26.997643434614247 ], [ 88.810288573495583, 26.996422983702239 ], [ 88.810685166868822, 26.995077534963393 ], [ 88.811544843390251, 26.993708079105247 ], [ 88.81179089494151, 26.993343877040601 ], [ 88.812078974168685, 26.993087446090975 ], [ 88.812383800364117, 26.99261868912761 ], [ 88.81233310517419, 26.991791993168793 ] ] ] } },
{ "type": "Feature", "properties": { "District": "Kalimpong", "Dist_LGD": "327N001", "Sub_dist": "Kalimpong - I", "Subdis_LGD": "2156", "Subdis_Typ": "Cd_Block", "Vill_name": "Sinji Khasmahal", "Vill_Cat": "Forest_Village", "Vill_LGD": "306249", "arr_project": "asha2" }, "geometry": { "type": "Polygon", "coordinates": [ [ [ 88.492685271923435, 26.99348953270357 ], [ 88.493226908524662, 26.995207909214734 ], [ 88.493548662057904, 26.997443140598712 ], [ 88.493268696359223, 26.998371354289358 ], [ 88.492026131515217, 27.000808213406231 ], [ 88.491552824376825, 27.001977679779049 ], [ 88.49111531937163, 27.004333789831506 ], [ 88.490233566573252, 27.005864135321996 ], [ 88.492729599471218, 27.008672108071146 ], [ 88.493587110498709, 27.008739743001779 ], [ 88.493652548453767, 27.00873453589189 ], [ 88.495620877597645, 27.008591784198785 ], [ 88.497541332261591, 27.008639076263375 ], [ 88.498929063008518, 27.008412183182646 ], [ 88.500499600153887, 27.008291649655938 ], [ 88.501047923136724, 27.008222620168421 ], [ 88.502457358073514, 27.008871056216499 ], [ 88.504453789664367, 27.008190788611753 ], [ 88.506680731313423, 27.007038639405032 ], [ 88.509323121551517, 27.00643714715801 ], [ 88.511297353171742, 27.005987206362146 ], [ 88.512717201628178, 27.005529651590145 ], [ 88.513397940578557, 27.005567473292221 ], [ 88.515103247881925, 27.004980453940128 ], [ 88.516131968568544, 27.005041597427017 ], [ 88.516652579390623, 27.005162365947299 ], [ 88.518062056906047, 27.005810644213867 ], [ 88.519639148367119, 27.003559525123233 ], [ 88.51973316967721, 27.003432135978777 ], [ 88.520549005127521, 27.002276939122449 ], [ 88.521443422695427, 27.000971947283404 ], [ 88.522189499433736, 27.000625384914592 ], [ 88.523012393686287, 26.999623551727957 ], [ 88.523832062470632, 26.998757150408366 ], [ 88.525065064457209, 26.996785010658094 ], [ 88.525872385791999, 26.99612634476108 ], [ 88.52658203375664, 26.995324307191307 ], [ 88.528399254016676, 26.994460606283969 ], [ 88.530941472457869, 26.993561925858856 ], [ 88.532065580777285, 26.993233770958735 ], [ 88.53343935175424, 26.992740410196621 ], [ 88.533811052780877, 26.991914935149616 ], [ 88.534057488938828, 26.991140469742191 ], [ 88.534286651275025, 26.990578318785211 ], [ 88.533534988596003, 26.990505262885662 ], [ 88.533072656760396, 26.990591535402583 ], [ 88.531754493094354, 26.990353125036222 ], [ 88.531074088513165, 26.99033343972107 ], [ 88.530593223252296, 26.990167158122453 ], [ 88.529261697317438, 26.989685147629704 ], [ 88.527796469356829, 26.989001473953962 ], [ 88.526499496553384, 26.988464902726783 ], [ 88.524627016691866, 26.987839766758142 ], [ 88.523335838753553, 26.987357262788805 ], [ 88.522813969458838, 26.987137236227969 ], [ 88.521611891589373, 26.985787186846434 ], [ 88.521130329125327, 26.985566717741669 ], [ 88.520641970593559, 26.985590041950779 ], [ 88.520129822397109, 26.985717428572634 ], [ 88.518987786452442, 26.98583355307575 ], [ 88.51805773191677, 26.985978977303052 ], [ 88.517731942033905, 26.986478957363687 ], [ 88.517471863044776, 26.987370892065101 ], [ 88.517278367412686, 26.987968739595789 ], [ 88.516966348165624, 26.988369276113826 ], [ 88.515730491992457, 26.989005421119888 ], [ 88.514298550221667, 26.98929613360044 ], [ 88.51304426091852, 26.989309610435608 ], [ 88.512476854945518, 26.989451102605177 ], [ 88.512015988229948, 26.990024735301333 ], [ 88.511341434983393, 26.990442689443618 ], [ 88.510569419061767, 26.990730798258216 ], [ 88.509362352529408, 26.99050903939667 ], [ 88.508530643936055, 26.990477326222472 ], [ 88.507697526044623, 26.991095549735636 ], [ 88.506977132003527, 26.991477867778453 ], [ 88.506223983172745, 26.991670969652517 ], [ 88.505298417900633, 26.991780157014372 ], [ 88.504427420892014, 26.991825568260317 ], [ 88.50350437185962, 26.992124277770557 ], [ 88.502743717053747, 26.992511516902482 ], [ 88.501463115009642, 26.992823054674606 ], [ 88.500109636848819, 26.993338458933238 ], [ 88.498894805193771, 26.993671839895256 ], [ 88.497903724874405, 26.993781675083351 ], [ 88.496603800412203, 26.993777436834879 ], [ 88.495633880533489, 26.993963759849191 ], [ 88.494709236908022, 26.994145082272354 ], [ 88.494010653632799, 26.99389522896206 ], [ 88.492685271923435, 26.99348953270357 ] ] ] } },
{ "type": "Feature", "properties": { "District": "Kalimpong", "Dist_LGD": "327N001", "Sub_dist": "Gorubathan", "Subdis_LGD": "2158", "Subdis_Typ": "Cd_Block", "Vill_name": "Dalingma Khasmahal", "Vill_Cat": "Forest_Village", "Vill_LGD": "306342", "arr_project": "asha2" }, "geometry": { "type": "Polygon", "coordinates": [ [ [ 88.700220025632248, 26.998196264721393 ], [ 88.700263417211033, 27.00074565523736 ], [ 88.700564138093938, 27.001310677666744 ], [ 88.701496013653539, 27.002635305564375 ], [ 88.702120965358787, 27.003986202771813 ], [ 88.702466967507945, 27.004880129599055 ], [ 88.702909094906943, 27.006133943886649 ], [ 88.703426322777688, 27.00702128513489 ], [ 88.703947503242361, 27.009172247027863 ], [ 88.70455911100737, 27.010302147857537 ], [ 88.704731078720599, 27.011013137472524 ], [ 88.705242493579618, 27.012180352752559 ], [ 88.705362254031826, 27.013104088834556 ], [ 88.705350690368221, 27.014006850589283 ], [ 88.705428851531209, 27.014511372128776 ], [ 88.705677633723653, 27.015636633826816 ], [ 88.706252394895827, 27.016658658433446 ], [ 88.706800544811728, 27.017586225331488 ], [ 88.707350545907047, 27.018635621829251 ], [ 88.70801520682862, 27.019602389410331 ], [ 88.708961200481923, 27.020511580312995 ], [ 88.709764617254649, 27.020989238545926 ], [ 88.71038279592814, 27.020548472392598 ], [ 88.710872827770601, 27.019964841801425 ], [ 88.711068385485561, 27.019235855943194 ], [ 88.71080070687016, 27.018530553587006 ], [ 88.709790297973868, 27.01736039739243 ], [ 88.709089155972137, 27.016646814934191 ], [ 88.708339404743086, 27.015717189276433 ], [ 88.708504297282559, 27.013959592230083 ], [ 88.708644021577229, 27.012870239227365 ], [ 88.708687208418937, 27.011727900179064 ], [ 88.709228489476857, 27.0098709589561 ], [ 88.709559553148793, 27.00844079911203 ], [ 88.709950462818995, 27.00730326441991 ], [ 88.7103368742073, 27.006201886886345 ], [ 88.710409381161227, 27.005000521093617 ], [ 88.710525499557832, 27.003351827228762 ], [ 88.710435373517001, 27.002057661115622 ], [ 88.709786803925965, 27.001149374735842 ], [ 88.709582402297599, 26.999960396241072 ], [ 88.709526636949832, 26.999604537419309 ], [ 88.709403737075377, 26.998807207721772 ], [ 88.709352563778253, 26.997422304750373 ], [ 88.708984258294109, 26.996054788286596 ], [ 88.708569332661455, 26.994602085759741 ], [ 88.708518125304053, 26.993880608992637 ], [ 88.708309680435434, 26.993088829141964 ], [ 88.708270305154898, 26.991816608263136 ], [ 88.708315551801519, 26.991143605735381 ], [ 88.708043756032566, 26.990826469942593 ], [ 88.707513995742687, 26.990774221389547 ], [ 88.706556370007334, 26.990411236060332 ], [ 88.706222913434488, 26.990013606871777 ], [ 88.706077319205093, 26.989712991845888 ], [ 88.705505636129331, 26.9895529282871 ], [ 88.705089145072066, 26.989327799771861 ], [ 88.704816408878969, 26.988947485192259 ], [ 88.704803477843768, 26.988758090971519 ], [ 88.704808041159012, 26.988392473390448 ], [ 88.704721669550921, 26.988009901908775 ], [ 88.704077442694597, 26.987715316701301 ], [ 88.704018100423312, 26.987120301880463 ], [ 88.703803362442187, 26.986910781904747 ], [ 88.703573513689506, 26.986701445101279 ], [ 88.703294591509319, 26.986578449111434 ], [ 88.702703935780505, 26.986495326245105 ], [ 88.702339662417344, 26.986391412865345 ], [ 88.702118872770171, 26.986114266933765 ], [ 88.702063751679646, 26.985799014377385 ], [ 88.702209079335944, 26.985413641946984 ], [ 88.702346506393255, 26.985172786258925 ], [ 88.702350465970312, 26.984766557420834 ], [ 88.702374844905293, 26.984378132972878 ], [ 88.701972820971065, 26.983773718451605 ], [ 88.701544179933251, 26.983408818257118 ], [ 88.70131264659264, 26.983086668463631 ], [ 88.701256850641883, 26.982726292153455 ], [ 88.701252099895797, 26.982410430455332 ], [ 88.701172887501727, 26.982167677120426 ], [ 88.700883836609989, 26.982040286286704 ], [ 88.700434433092298, 26.981968985870729 ], [ 88.70009468000724, 26.981819638721756 ], [ 88.699964088320456, 26.981509809040585 ], [ 88.700044842605223, 26.980849917013863 ], [ 88.700036095051175, 26.980267828932472 ], [ 88.700191106648518, 26.979521291359259 ], [ 88.700072932362517, 26.978696813888181 ], [ 88.700044426590452, 26.978476014047409 ], [ 88.700028435954309, 26.978417536223759 ], [ 88.698170423809373, 26.978467017400575 ], [ 88.697918716110465, 26.978813048080195 ], [ 88.697622830971, 26.979236333804973 ], [ 88.697367074098139, 26.979984082911709 ], [ 88.697391704504071, 26.980954110686543 ], [ 88.697217948358016, 26.981795647234971 ], [ 88.697197495308487, 26.983118241539344 ], [ 88.697280400240714, 26.983943147218291 ], [ 88.697239826725465, 26.98493201157838 ], [ 88.697509541281988, 26.986120229733704 ], [ 88.697684917693152, 26.987399847370124 ], [ 88.69775671773175, 26.9884911598385 ], [ 88.698006661839912, 26.98936820830448 ], [ 88.69817660770623, 26.990620809874819 ], [ 88.698419760980684, 26.991380597006572 ], [ 88.698800999069007, 26.992612597954036 ], [ 88.699528359942803, 26.994079616756185 ], [ 88.700088732839831, 26.994826546589874 ], [ 88.700368130959859, 26.996989473611738 ], [ 88.700220025632248, 26.998196264721393 ] ] ] } },
{ "type": "Feature", "properties": { "District": "Kalimpong", "Dist_LGD": "327N001", "Sub_dist": "Kalimpong - I", "Subdis_LGD": "2156", "Subdis_Typ": "Cd_Block", "Vill_name": "Lish Forest", "Vill_Cat": "Others", "Vill_LGD": "306265", "arr_project": "asha2" }, "geometry": { "type": "Polygon", "coordinates": [ [ [ 88.55375508639537, 26.933799299695934 ], [ 88.554476623992215, 26.933538604712197 ], [ 88.554988846000867, 26.933803760689031 ], [ 88.558014766467821, 26.932308053717041 ], [ 88.559288736424222, 26.931576358787396 ], [ 88.559763673093116, 26.931327389094459 ], [ 88.559462460522738, 26.928099160244219 ], [ 88.55877456269522, 26.92714090285887 ], [ 88.558394552018981, 26.92513665842225 ], [ 88.558066362489086, 26.923971322868265 ], [ 88.558188880172722, 26.921528244736994 ], [ 88.558245158973648, 26.920494065084007 ], [ 88.558490564511587, 26.919299829392408 ], [ 88.559041356264558, 26.918345940819925 ], [ 88.559668486988684, 26.915987553684538 ], [ 88.560244325471231, 26.913562030735868 ], [ 88.560221535136236, 26.912637043824308 ], [ 88.560633391961829, 26.911468045395683 ], [ 88.561339562036736, 26.909736132612935 ], [ 88.562532042102646, 26.907858922739255 ], [ 88.56330105589997, 26.907038005780745 ], [ 88.563806015095125, 26.906053014831976 ], [ 88.564232349641003, 26.904477643733934 ], [ 88.564746157736934, 26.902310052311943 ], [ 88.565787066638634, 26.900037320170934 ], [ 88.566835523883555, 26.897949545601794 ], [ 88.567434411001926, 26.896480571924677 ], [ 88.567769713434117, 26.895244703381028 ], [ 88.568521324711995, 26.894265984825307 ], [ 88.569111186334936, 26.893239413546958 ], [ 88.569543437634962, 26.891736175657989 ], [ 88.569674544668814, 26.890660539247438 ], [ 88.569951058498432, 26.889908249352764 ], [ 88.570267882498257, 26.889324114519084 ], [ 88.570113670848542, 26.889182317681502 ], [ 88.569323805252196, 26.888518694847392 ], [ 88.568654759857822, 26.887972337332606 ], [ 88.567809595559112, 26.887385414734922 ], [ 88.566858838998812, 26.88660883293085 ], [ 88.565442187505212, 26.885487238624474 ], [ 88.564469402969749, 26.884717044448369 ], [ 88.56279938615765, 26.883439198544391 ], [ 88.561417080915263, 26.882664175912112 ], [ 88.561365636334301, 26.882635332821344 ], [ 88.56078706427212, 26.882323713520062 ], [ 88.560409747860191, 26.882197174106469 ], [ 88.560067547949018, 26.88208414712841 ], [ 88.558945634903296, 26.881650429258549 ], [ 88.558070224442147, 26.881243862152907 ], [ 88.557350784777, 26.880950210898249 ], [ 88.555680531188273, 26.880299548237723 ], [ 88.553964475857725, 26.880339285243501 ], [ 88.551478533249139, 26.880333478316288 ], [ 88.549551136565938, 26.880355082199276 ], [ 88.547825108089924, 26.880394672784 ], [ 88.546949308875526, 26.880547610934428 ], [ 88.545867356276716, 26.880641777291537 ], [ 88.545198649700083, 26.879820162064163 ], [ 88.544776471598666, 26.879079797209958 ], [ 88.544339145402844, 26.878461367943647 ], [ 88.543715525055177, 26.877874310106236 ], [ 88.543152165836034, 26.877580683855477 ], [ 88.54265429462346, 26.877165201034536 ], [ 88.542574240516331, 26.876592059959467 ], [ 88.542571493349541, 26.876507436295036 ], [ 88.542544653340514, 26.875680494862166 ], [ 88.542625493606039, 26.875206788260773 ], [ 88.541810319530626, 26.875233378172879 ], [ 88.540793834560304, 26.875304945642156 ], [ 88.54023547449404, 26.875051873258325 ], [ 88.539500908809188, 26.874839353459393 ], [ 88.539223034790808, 26.874752605105279 ], [ 88.5377049284008, 26.874278665150591 ], [ 88.536613540018806, 26.873641689477143 ], [ 88.535878923772799, 26.873528446259865 ], [ 88.535025311173541, 26.873187356580488 ], [ 88.534999138150312, 26.873227211739323 ], [ 88.534276330881639, 26.874115177313715 ], [ 88.533732501672418, 26.875213327290421 ], [ 88.533393949657366, 26.876232520304818 ], [ 88.532948335481009, 26.877523678190705 ], [ 88.532595464343729, 26.879721024797806 ], [ 88.532664212773099, 26.880713230697936 ], [ 88.532290001321812, 26.884314479133447 ], [ 88.531731543983341, 26.888811378240835 ], [ 88.531924877856241, 26.890456676310198 ], [ 88.531696591528132, 26.890698361971555 ], [ 88.531032423375137, 26.891838427874323 ], [ 88.530537828042753, 26.892489205938521 ], [ 88.529864619174262, 26.894080706192263 ], [ 88.528914957736745, 26.896451503241938 ], [ 88.528570242971526, 26.897394022696453 ], [ 88.527523075790043, 26.899630463732397 ], [ 88.526673308232247, 26.900452067055959 ], [ 88.525589506306986, 26.901465756964921 ], [ 88.524406776578232, 26.902236782745188 ], [ 88.522241279473533, 26.903677356175951 ], [ 88.521037266921155, 26.904741956252217 ], [ 88.519849377592777, 26.905508487590499 ], [ 88.519778812610468, 26.906253960955098 ], [ 88.51971515416038, 26.907139275234538 ], [ 88.520095710829395, 26.908489202467432 ], [ 88.521179771282064, 26.91049050587916 ], [ 88.521835101889337, 26.911679497242854 ], [ 88.522584669676462, 26.914262108750361 ], [ 88.522908142602105, 26.916605589806903 ], [ 88.523395658263738, 26.9165416547376 ], [ 88.524655018810932, 26.91621663273758 ], [ 88.525031417645593, 26.915752199609958 ], [ 88.526247236066993, 26.916682359551771 ], [ 88.526630992456489, 26.917513189331238 ], [ 88.527481154542158, 26.917833468657516 ], [ 88.528472168748522, 26.918517803738389 ], [ 88.5308179330287, 26.920347386064865 ], [ 88.535111204435793, 26.923581986600702 ], [ 88.536520898719871, 26.924315867007223 ], [ 88.536740863319409, 26.924570734904268 ], [ 88.537651000133508, 26.924109482778569 ], [ 88.539244438644872, 26.923911577750644 ], [ 88.539971046886293, 26.923655414865529 ], [ 88.540368039132218, 26.922856727853819 ], [ 88.540971859334235, 26.922087375616989 ], [ 88.541275279344873, 26.921073066159934 ], [ 88.542524071197903, 26.92071189320772 ], [ 88.543367789968798, 26.92092382489896 ], [ 88.544066630079016, 26.921588674441242 ], [ 88.544363290098275, 26.922298540718046 ], [ 88.545145099173524, 26.923508594361799 ], [ 88.545765475749874, 26.925433523353451 ], [ 88.546677690734469, 26.927341708771369 ], [ 88.547068084899351, 26.928276210256907 ], [ 88.548125197522751, 26.930467137777498 ], [ 88.548391926220688, 26.931931053953051 ], [ 88.548309376015823, 26.932523210573851 ], [ 88.548440196377086, 26.933252939654384 ], [ 88.549092843550596, 26.933846052684601 ], [ 88.550068059851498, 26.934828281410081 ], [ 88.550578296777203, 26.935684724786217 ], [ 88.55314521095498, 26.934492045069359 ], [ 88.55375508639537, 26.933799299695934 ] ], [ [ 88.56293530351509, 26.893392254482198 ], [ 88.562693772408778, 26.893699252912043 ], [ 88.562284049422701, 26.893491972209944 ], [ 88.561770721294209, 26.893231882443722 ], [ 88.561405550648658, 26.893046473820419 ], [ 88.561736172011138, 26.892621324671225 ], [ 88.562067406983189, 26.892194306509751 ], [ 88.562716549704078, 26.891352769580141 ], [ 88.563083411733118, 26.890873283870096 ], [ 88.563489630745366, 26.891065118846591 ], [ 88.564201724055067, 26.89140149648798 ], [ 88.563733421015769, 26.892001005271485 ], [ 88.564514195791801, 26.892379487055511 ], [ 88.56391551828095, 26.893136772162684 ], [ 88.56335475684206, 26.892858767925954 ], [ 88.56293530351509, 26.893392254482198 ] ] ] } },
{ "type": "Feature", "properties": { "District": "Kalimpong", "Dist_LGD": "327N001", "Sub_dist": "Lava", "Subdis_LGD": "2157", "Subdis_Typ": "Cd_Block", "Vill_name": "Sangser Khasmahal", "Vill_Cat": "Forest_Village", "Vill_LGD": "306297", "arr_project": "asha2" }, "geometry": { "type": "Polygon", "coordinates": [ [ [ 88.501301208970489, 27.088228104270204 ], [ 88.499992145849248, 27.090647685108792 ], [ 88.497716110166195, 27.09316331789093 ], [ 88.496296899127756, 27.094514382363379 ], [ 88.49542713139715, 27.095471441292638 ], [ 88.494063657887224, 27.095707098220792 ], [ 88.493013628979483, 27.0960025981157 ], [ 88.492327465262136, 27.096357414386652 ], [ 88.489996309799167, 27.097397652653687 ], [ 88.48717852397067, 27.0978698120724 ], [ 88.48638179432011, 27.097873728855632 ], [ 88.48406717527341, 27.097880140941953 ], [ 88.482647267247401, 27.097281315702489 ], [ 88.480902178541768, 27.09649634296364 ], [ 88.479770654766384, 27.095966661893197 ], [ 88.479185709443527, 27.09520103813276 ], [ 88.478780852487375, 27.095859735226679 ], [ 88.478504159338769, 27.098981371353961 ], [ 88.479158823766554, 27.100062197740744 ], [ 88.479009326789907, 27.102500978948878 ], [ 88.479827041867793, 27.10409009233884 ], [ 88.486660616497417, 27.104473792299771 ], [ 88.489216486766225, 27.104776194824243 ], [ 88.493603957512306, 27.104765724215028 ], [ 88.497033583480444, 27.104783379634025 ], [ 88.499304032079849, 27.104858459722681 ], [ 88.501794605384191, 27.104800265374724 ], [ 88.502857968678143, 27.104743759653658 ], [ 88.503853933362223, 27.10492717485284 ], [ 88.50506823636303, 27.105221075589395 ], [ 88.505594256985148, 27.105711903571745 ], [ 88.505995369362552, 27.107043543814065 ], [ 88.5068487225154, 27.107873868635508 ], [ 88.507437477218147, 27.108151891122649 ], [ 88.50928990276968, 27.109016608454194 ], [ 88.51092375065916, 27.110127368689263 ], [ 88.512228775202715, 27.110411203413818 ], [ 88.513631195052895, 27.110811322428564 ], [ 88.514816421022218, 27.111186687940609 ], [ 88.517663121175957, 27.112469327696733 ], [ 88.520132564955674, 27.11344908726128 ], [ 88.521184305693069, 27.11401991375925 ], [ 88.524239416515513, 27.113178914386285 ], [ 88.525844608713257, 27.112534138885767 ], [ 88.527758649251084, 27.111236073977814 ], [ 88.528708472971317, 27.110986535640954 ], [ 88.530222573774651, 27.111064827930726 ], [ 88.532692393367611, 27.111326749693088 ], [ 88.53370376289827, 27.111153231605119 ], [ 88.534135036041306, 27.110972504607556 ], [ 88.534188962449704, 27.1104889954138 ], [ 88.534033736448734, 27.10946166380106 ], [ 88.533790325724908, 27.107884675798463 ], [ 88.533136268907498, 27.105409512614472 ], [ 88.532511764901614, 27.102139685793222 ], [ 88.532334817121637, 27.099514886111237 ], [ 88.532401912723088, 27.098516718415294 ], [ 88.533409850957057, 27.096989259353052 ], [ 88.532009706743295, 27.096007096227435 ], [ 88.5221054606466, 27.09263497796816 ], [ 88.513431107980011, 27.089934925839938 ], [ 88.509878105240062, 27.089706857297944 ], [ 88.507833843152369, 27.089178180060422 ], [ 88.506600600129488, 27.090094069973311 ], [ 88.504407089967543, 27.090848726099715 ], [ 88.503977128459283, 27.091503246881018 ], [ 88.503574218321603, 27.090785426057074 ], [ 88.501940593000427, 27.089286417289976 ], [ 88.501301208970489, 27.088228104270204 ] ] ] } },
{ "type": "Feature", "properties": { "District": "Kalimpong", "Dist_LGD": "327N001", "Sub_dist": "Kalimpong - I", "Subdis_LGD": "2156", "Subdis_Typ": "Cd_Block", "Vill_name": "Pemling Forest", "Vill_Cat": "Others", "Vill_LGD": "306242", "arr_project": "asha2" }, "geometry": { "type": "Polygon", "coordinates": [ [ [ 88.562294927865011, 27.007840819396712 ], [ 88.565981162302933, 27.007321466991169 ], [ 88.568497407328167, 27.007821520359645 ], [ 88.569378492635721, 27.007771084195969 ], [ 88.570434779348503, 27.007637450377544 ], [ 88.57173888087668, 27.007207679076679 ], [ 88.572601517044262, 27.006918224251006 ], [ 88.573788148221453, 27.006737977193694 ], [ 88.575081583353722, 27.006267675227846 ], [ 88.576268201611697, 27.006087406751739 ], [ 88.574901827068842, 27.000962060980161 ], [ 88.574059282533298, 26.998349257882971 ], [ 88.573840753485726, 26.997128597964636 ], [ 88.573167934268056, 26.993674418379008 ], [ 88.572774185584535, 26.992532437082932 ], [ 88.572692852201783, 26.990669353690997 ], [ 88.572616965409111, 26.989559930115089 ], [ 88.572762651954392, 26.988443518903349 ], [ 88.572697813436719, 26.988128312171078 ], [ 88.572456802389055, 26.987824097628398 ], [ 88.572340588673384, 26.987437250926376 ], [ 88.571282739342053, 26.986356832718133 ], [ 88.569055193225211, 26.984481554784853 ], [ 88.566605946823231, 26.982234099346762 ], [ 88.566119369832052, 26.982383934054408 ], [ 88.564874947176435, 26.983467412841616 ], [ 88.564413041953316, 26.984673082894297 ], [ 88.564094813023161, 26.985340071719445 ], [ 88.563343096633346, 26.98635488330822 ], [ 88.561896736389542, 26.987047919540149 ], [ 88.561644392890003, 26.98738018896498 ], [ 88.561572823901656, 26.987669834115259 ], [ 88.560983293586702, 26.987662827331043 ], [ 88.560081659808191, 26.988403970285876 ], [ 88.558810805554643, 26.98904087366455 ], [ 88.557140067286213, 26.989907852207633 ], [ 88.555441249916214, 26.990933086918297 ], [ 88.55426206605506, 26.991645666244544 ], [ 88.553763468414303, 26.992391350154961 ], [ 88.553799039407423, 26.992413523822808 ], [ 88.554189259571402, 26.992946305081372 ], [ 88.554525117236381, 26.993921988987442 ], [ 88.555056915575264, 26.995956139341715 ], [ 88.555482580648928, 26.997598798800212 ], [ 88.555773685046262, 26.998615593856346 ], [ 88.55638471645797, 26.999813898098257 ], [ 88.556740078592568, 27.001105290920897 ], [ 88.557504692901276, 27.003209066982706 ], [ 88.557954182300719, 27.004016490982302 ], [ 88.558684510047399, 27.006188336561006 ], [ 88.559118849983477, 27.007356987842186 ], [ 88.559638721349586, 27.008515663695309 ], [ 88.559527269114653, 27.008837342628102 ], [ 88.559956386439325, 27.009261354132587 ], [ 88.560327781054255, 27.00951901030065 ], [ 88.560445027650331, 27.009617004192897 ], [ 88.561282685939801, 27.008610280353128 ], [ 88.562294927865011, 27.007840819396712 ] ], [ [ 88.56525477577658, 26.99871180633999 ], [ 88.56654494069808, 26.99800867895128 ], [ 88.56683561253179, 26.998192724042106 ], [ 88.566867699963908, 26.998213040516799 ], [ 88.567126285213234, 26.998376768559726 ], [ 88.567855020287155, 26.999050597007866 ], [ 88.567743666256845, 26.999489908691583 ], [ 88.568094120571018, 26.999881733912339 ], [ 88.568413745238786, 27.000740245312215 ], [ 88.568852379688082, 27.001622170523891 ], [ 88.569839893646858, 27.002162401137728 ], [ 88.570736244306261, 27.002569378264614 ], [ 88.571016851911978, 27.003039685171917 ], [ 88.5697823616091, 27.003523211126687 ], [ 88.569058248220585, 27.003668996685587 ], [ 88.56803689842684, 27.003952313175962 ], [ 88.567212073614115, 27.00464327646014 ], [ 88.566505134802142, 27.004573351082378 ], [ 88.566091336156589, 27.003938449403631 ], [ 88.565659250944748, 27.002734937368224 ], [ 88.565333081516272, 27.002197986431081 ], [ 88.565059049731389, 27.001406086506968 ], [ 88.564690316373586, 27.000445641040688 ], [ 88.564608719893286, 26.999633954488896 ], [ 88.56525477577658, 26.99871180633999 ] ] ] } },
{ "type": "Feature", "properties": { "District": "Kalimpong", "Dist_LGD": "327N001", "Sub_dist": "Gorubathan", "Subdis_LGD": "2158", "Subdis_Typ": "Cd_Block", "Vill_name": "Kumai Khasmahal", "Vill_Cat": "Forest_Village", "Vill_LGD": "306323", "arr_project": "asha2" }, "geometry": { "type": "Polygon", "coordinates": [ [ [ 88.816998268737038, 27.038338560652168 ], [ 88.817575951317494, 27.037595491568453 ], [ 88.817845976644264, 27.036838343776711 ], [ 88.818383024939408, 27.036389138267694 ], [ 88.818826827988474, 27.035783182195054 ], [ 88.819704762356565, 27.034909861795519 ], [ 88.820452408629606, 27.034083352362234 ], [ 88.821015659178386, 27.03338558588807 ], [ 88.82171984668264, 27.032365574854779 ], [ 88.822401028206656, 27.031169856131342 ], [ 88.823143903196623, 27.029738661738701 ], [ 88.823624179060062, 27.028586155726718 ], [ 88.824389291290316, 27.027285541675099 ], [ 88.824571402471932, 27.027016919399721 ], [ 88.824688829023316, 27.026175991629358 ], [ 88.825045979064598, 27.02457829787372 ], [ 88.825306594497135, 27.022932212587854 ], [ 88.82529333388382, 27.021176855193069 ], [ 88.825345556697272, 27.020043432875827 ], [ 88.825354985884005, 27.019379910367441 ], [ 88.825343023909554, 27.018639944096162 ], [ 88.824985067461085, 27.017692356105069 ], [ 88.824779553009918, 27.017135416745369 ], [ 88.824169428546597, 27.016173043318698 ], [ 88.823618591068808, 27.015449084150024 ], [ 88.822937801502306, 27.014789986043535 ], [ 88.822422752254568, 27.014097148729494 ], [ 88.821743068565524, 27.01350572367733 ], [ 88.821782964691167, 27.012855344459854 ], [ 88.821884185512033, 27.012258327406759 ], [ 88.821743587128566, 27.01197583105624 ], [ 88.82119593214378, 27.011134482581184 ], [ 88.820663147418045, 27.009652101981441 ], [ 88.820735607460691, 27.007895629524306 ], [ 88.82079151378197, 27.006987805142561 ], [ 88.820984245477135, 27.00581646014442 ], [ 88.821376370979763, 27.004200268312655 ], [ 88.821805693233529, 27.003016835805397 ], [ 88.821954132743116, 27.002536542841689 ], [ 88.821991682288214, 27.002053171821249 ], [ 88.821963930894768, 27.00095688530611 ], [ 88.82171011566632, 26.999588233089383 ], [ 88.821437939549753, 26.998955426893705 ], [ 88.82124432197493, 26.998195242703421 ], [ 88.820788062963402, 26.99739332366152 ], [ 88.819832145422566, 26.996534678079421 ], [ 88.8193072549969, 26.995223675614305 ], [ 88.818980696857381, 26.994027447996036 ], [ 88.818378509115448, 26.992920522595742 ], [ 88.817655454322789, 26.99181515393688 ], [ 88.816509121480124, 26.990701699806653 ], [ 88.816049160387436, 26.990292438175988 ], [ 88.816036866485362, 26.990277698474678 ], [ 88.815236350323616, 26.990616203675433 ], [ 88.814470548271714, 26.991012920644263 ], [ 88.812601356178646, 26.991765736812521 ], [ 88.81233310517419, 26.991791993168793 ], [ 88.812383800364117, 26.99261868912761 ], [ 88.812078974168685, 26.993087446090975 ], [ 88.81179089494151, 26.993343877040601 ], [ 88.811544843390251, 26.993708079105247 ], [ 88.810685166868822, 26.995077534963393 ], [ 88.810288573495583, 26.996422983702239 ], [ 88.810136831437148, 26.997643434614247 ], [ 88.809877885404021, 26.999090910660989 ], [ 88.809583994060176, 26.99992958589824 ], [ 88.808650446998968, 27.000465082336973 ], [ 88.80770932700554, 27.000842715263776 ], [ 88.806294498467295, 27.001212878627182 ], [ 88.805354300022557, 27.001649153066104 ], [ 88.804602781892683, 27.002543327369484 ], [ 88.804021585362591, 27.003692554765024 ], [ 88.803846233693804, 27.004701193985827 ], [ 88.803507954493156, 27.005287699837481 ], [ 88.802929464806795, 27.005976566119951 ], [ 88.801792542008471, 27.006717706170722 ], [ 88.800641214734583, 27.00718824302653 ], [ 88.800170859746203, 27.007708735740987 ], [ 88.800050814751032, 27.008396242826468 ], [ 88.800104563879216, 27.008923573853171 ], [ 88.80072488748192, 27.009276679657329 ], [ 88.801480577764806, 27.009587434802846 ], [ 88.802269089341678, 27.010060232156206 ], [ 88.803140943727186, 27.010703450686563 ], [ 88.803529059249328, 27.011343834289388 ], [ 88.803520219619202, 27.012052483333491 ], [ 88.803098795753215, 27.012482100201481 ], [ 88.802298971278688, 27.012880455804584 ], [ 88.801584852234598, 27.012966316095582 ], [ 88.801065974962185, 27.013288861581099 ], [ 88.800770334648647, 27.013707837357959 ], [ 88.800906708434269, 27.014360472531532 ], [ 88.800314915990811, 27.015166837320979 ], [ 88.800063381446975, 27.015824434022381 ], [ 88.799790678156072, 27.01705093579108 ], [ 88.799555329710145, 27.017776018635573 ], [ 88.799359064339527, 27.018107974563687 ], [ 88.798964666985611, 27.01833866377007 ], [ 88.798971501737142, 27.01845140083266 ], [ 88.799207198530425, 27.018696602417112 ], [ 88.799970865175311, 27.019187779017855 ], [ 88.800641264729236, 27.019517678050583 ], [ 88.800968873225685, 27.019838420749984 ], [ 88.801056676948846, 27.02028859384944 ], [ 88.801194573813575, 27.021035982361195 ], [ 88.800960594837136, 27.021530888852535 ], [ 88.800878691105325, 27.022714333933472 ], [ 88.800913381814013, 27.023309600982508 ], [ 88.800946273350547, 27.023792068338931 ], [ 88.801277857116901, 27.02467687814255 ], [ 88.801357895618921, 27.025587473304146 ], [ 88.801302410515987, 27.026847298982048 ], [ 88.801342001655314, 27.027749384918604 ], [ 88.801138241580176, 27.028243905182489 ], [ 88.800848683701105, 27.028730497078229 ], [ 88.800467858238719, 27.029182153067101 ], [ 88.799840289635213, 27.029961896683929 ], [ 88.799346949497021, 27.03094300467119 ], [ 88.799269134615656, 27.031751819784862 ], [ 88.799818036092489, 27.032674471232049 ], [ 88.800142514556811, 27.033428497590531 ], [ 88.799999489470849, 27.034256198684975 ], [ 88.799422929399469, 27.034759997683608 ], [ 88.798628698926805, 27.034887488608234 ], [ 88.797729950242157, 27.035097544389053 ], [ 88.797421579848091, 27.035354210136685 ], [ 88.797532423439748, 27.035668700761725 ], [ 88.79785906588701, 27.035926280167686 ], [ 88.798360476953917, 27.036398245738827 ], [ 88.798673154533674, 27.037044115978812 ], [ 88.798649392971399, 27.037766492975411 ], [ 88.798274282053328, 27.038579108160565 ], [ 88.799314071119468, 27.038362731997154 ], [ 88.799916708014393, 27.038228661397024 ], [ 88.800687133162398, 27.038187212841208 ], [ 88.801638886034667, 27.038454833065902 ], [ 88.802385061669909, 27.038788261083095 ], [ 88.803202434844749, 27.039161390328619 ], [ 88.804374549681029, 27.039656326785238 ], [ 88.805636234529516, 27.040393803379533 ], [ 88.806593342636688, 27.040679370711583 ], [ 88.807584520545802, 27.041203681065308 ], [ 88.808582893007568, 27.041547373866699 ], [ 88.809443727675713, 27.04211396156537 ], [ 88.810301892383123, 27.042513599879367 ], [ 88.810678465801118, 27.042738914348682 ], [ 88.811791996032056, 27.042720064679489 ], [ 88.812745621563025, 27.042473108823859 ], [ 88.813490761752618, 27.042111497314259 ], [ 88.814940123321193, 27.040725388836229 ], [ 88.815687552120536, 27.039880852094228 ], [ 88.816512829451554, 27.03886381566852 ], [ 88.816998268737038, 27.038338560652168 ] ] ] } },
{ "type": "Feature", "properties": { "District": "Kalimpong", "Dist_LGD": "327N001", "Sub_dist": "Kalimpong - I", "Subdis_LGD": "2156", "Subdis_Typ": "Cd_Block", "Vill_name": "Samthar Forest", "Vill_Cat": "Others", "Vill_LGD": "306247", "arr_project": "asha2" }, "geometry": { "type": "Polygon", "coordinates": [ [ [ 88.533506781107747, 26.981366037786124 ], [ 88.533943308150796, 26.983094414379295 ], [ 88.534913715928568, 26.98332756813349 ], [ 88.535955614144797, 26.984002244298491 ], [ 88.536557410373447, 26.984171703073379 ], [ 88.537333787498781, 26.984212881816465 ], [ 88.538330372830359, 26.984888034019807 ], [ 88.541354252436378, 26.987933087150381 ], [ 88.542712118851838, 26.989236119663538 ], [ 88.543902908894779, 26.99010768914642 ], [ 88.544784536914463, 26.989736959242762 ], [ 88.545450729002056, 26.989454339788157 ], [ 88.545360592348786, 26.990231621735937 ], [ 88.54523519268399, 26.991009289856894 ], [ 88.544407160658096, 26.993460081929584 ], [ 88.543855741506533, 26.994770477974654 ], [ 88.543679092509223, 26.995485521130508 ], [ 88.54375271372507, 26.996080473125968 ], [ 88.545037018434982, 26.99678401163797 ], [ 88.549761215113463, 26.995554139739593 ], [ 88.551814180564165, 26.994994455092883 ], [ 88.552844569447899, 26.994816107789916 ], [ 88.55325968550224, 26.993493642148163 ], [ 88.553723975289614, 26.992450458972776 ], [ 88.553763468414303, 26.992391350154961 ], [ 88.55426206605506, 26.991645666244544 ], [ 88.555441249916214, 26.990933086918297 ], [ 88.557140067286213, 26.989907852207633 ], [ 88.558810805554643, 26.98904087366455 ], [ 88.560081659808191, 26.988403970285876 ], [ 88.560983293586702, 26.987662827331043 ], [ 88.561572823901656, 26.987669834115259 ], [ 88.561644392890003, 26.98738018896498 ], [ 88.561896736389542, 26.987047919540149 ], [ 88.563343096633346, 26.98635488330822 ], [ 88.564094813023161, 26.985340071719445 ], [ 88.564413041953316, 26.984673082894297 ], [ 88.564874947176435, 26.983467412841616 ], [ 88.566119369832052, 26.982383934054408 ], [ 88.566605946823231, 26.982234099346762 ], [ 88.567066810046356, 26.981682864896545 ], [ 88.567236131914157, 26.980814425646077 ], [ 88.567445808015989, 26.979950052450477 ], [ 88.567747090593699, 26.977699072383079 ], [ 88.567885152784612, 26.976393190035918 ], [ 88.567776201245067, 26.975437579833081 ], [ 88.567432749927889, 26.975008121710935 ], [ 88.56718366690977, 26.973390612197555 ], [ 88.567073975162074, 26.972380848532971 ], [ 88.567282067011661, 26.972130302704375 ], [ 88.566927430517225, 26.971619727723287 ], [ 88.567305395003629, 26.970541357111486 ], [ 88.567370216304212, 26.970129923899041 ], [ 88.566534708893755, 26.970540897101792 ], [ 88.564660713195806, 26.97234898494246 ], [ 88.56367534723681, 26.973217451154476 ], [ 88.562988043114601, 26.973784725721909 ], [ 88.563250978487389, 26.974950758984402 ], [ 88.563361173689103, 26.975269982309875 ], [ 88.563110734887687, 26.977561011564056 ], [ 88.563173386333617, 26.978449440228378 ], [ 88.563302713668548, 26.979788460619822 ], [ 88.56283408512202, 26.980872340722353 ], [ 88.561058836245948, 26.981456181683679 ], [ 88.560403864700803, 26.981815474893722 ], [ 88.560924494172866, 26.980117215334698 ], [ 88.561243273935744, 26.978759687633289 ], [ 88.561420523507621, 26.977367622336303 ], [ 88.561351667895295, 26.97639350785138 ], [ 88.560574284728091, 26.976275745332721 ], [ 88.559051299380471, 26.976518266077417 ], [ 88.557998207802925, 26.976498318886097 ], [ 88.557045724868829, 26.976468224656461 ], [ 88.555983047201607, 26.976850054003904 ], [ 88.554758767826257, 26.976836484787523 ], [ 88.554183239996419, 26.976377959850634 ], [ 88.552758161472923, 26.976781813791654 ], [ 88.551910848549397, 26.976339812827408 ], [ 88.550416444327837, 26.975728907265843 ], [ 88.549161429910527, 26.975309427416004 ], [ 88.547432084486971, 26.97519753794224 ], [ 88.544492002229234, 26.975324566802751 ], [ 88.542951658638643, 26.975404624583433 ], [ 88.540392808738432, 26.975784655058479 ], [ 88.539420735148568, 26.976165371096425 ], [ 88.538203703286911, 26.97631405893155 ], [ 88.537560963375398, 26.97683559418277 ], [ 88.536202402303886, 26.976949702691748 ], [ 88.534484823814864, 26.976963900290929 ], [ 88.533734150397564, 26.977328625870012 ], [ 88.534735751546421, 26.978008266138321 ], [ 88.534591872136318, 26.978542408295969 ], [ 88.534098474800203, 26.979306022992045 ], [ 88.533722244819245, 26.98053774975347 ], [ 88.533506781107747, 26.981366037786124 ] ] ] } },
{ "type": "Feature", "properties": { "District": "Kalimpong", "Dist_LGD": "327N001", "Sub_dist": "Kalimpong - I", "Subdis_LGD": "2156", "Subdis_Typ": "Cd_Block", "Vill_name": "Churanthi Forest", "Vill_Cat": "Others", "Vill_LGD": "306267", "arr_project": "asha2" }, "geometry": { "type": "Polygon", "coordinates": [ [ [ 88.577752164621415, 26.935460180852392 ], [ 88.578852577521488, 26.935289904971214 ], [ 88.58000314302457, 26.935466583688324 ], [ 88.580046694303149, 26.9353397234031 ], [ 88.580437833559799, 26.934139312075622 ], [ 88.581015435856926, 26.932589285213076 ], [ 88.581360301689983, 26.931321690934102 ], [ 88.58192479337464, 26.930277300244729 ], [ 88.583156338809999, 26.929044891018869 ], [ 88.583891289272856, 26.928309998692548 ], [ 88.584166343828642, 26.927814959351789 ], [ 88.584321569986486, 26.927032412440127 ], [ 88.584777225922437, 26.926490210980099 ], [ 88.585045359380459, 26.926220913777076 ], [ 88.587098463440014, 26.925773586173939 ], [ 88.588795126075723, 26.925402455724925 ], [ 88.58884810043854, 26.925230353280412 ], [ 88.588216390841481, 26.924704892924819 ], [ 88.587744602809067, 26.924452943185287 ], [ 88.587332470287691, 26.924146159543227 ], [ 88.58683996362555, 26.92349275398028 ], [ 88.586350745904483, 26.923074002323055 ], [ 88.585950457398241, 26.922893454912391 ], [ 88.585023978435188, 26.92289032410098 ], [ 88.583901867023911, 26.923300093748381 ], [ 88.582948265419802, 26.92351840576924 ], [ 88.582021527724677, 26.923497205306766 ], [ 88.581182764196171, 26.92328545222172 ], [ 88.580331104212519, 26.922870739105644 ], [ 88.579586746403265, 26.922206586315706 ], [ 88.579190128699494, 26.921565617695421 ], [ 88.578830766120177, 26.921068659411254 ], [ 88.578774214258786, 26.9202614061094 ], [ 88.578255849078019, 26.919554096546982 ], [ 88.577914549809591, 26.919269060450297 ], [ 88.57813097166229, 26.918539993600501 ], [ 88.578330082454016, 26.918014220865231 ], [ 88.578459656869313, 26.917556924627263 ], [ 88.578832869566668, 26.91724133125793 ], [ 88.57944808697458, 26.916950108442457 ], [ 88.580123457373759, 26.916640155640078 ], [ 88.580430969747013, 26.916307239988189 ], [ 88.580705510516651, 26.915776106074436 ], [ 88.58092039769366, 26.915299800013905 ], [ 88.581189018736197, 26.915066611689507 ], [ 88.582202393884145, 26.914807022691566 ], [ 88.582837219536444, 26.914479460193053 ], [ 88.583612982618234, 26.913789245629527 ], [ 88.584268557415115, 26.913145510718707 ], [ 88.584684143707221, 26.912621813928972 ], [ 88.58522992011838, 26.912408073057605 ], [ 88.586551199888007, 26.91220818280069 ], [ 88.587294105186842, 26.912050891633509 ], [ 88.588002006361094, 26.911550978279401 ], [ 88.588484185701319, 26.910751209176428 ], [ 88.588822385891746, 26.90973641785828 ], [ 88.589105526666344, 26.908744814299578 ], [ 88.589401259176739, 26.907933600091571 ], [ 88.589602892257531, 26.907592830436826 ], [ 88.590678297438672, 26.906736727005441 ], [ 88.591487928327297, 26.905955823523364 ], [ 88.592303594920907, 26.905247063056823 ], [ 88.593432051155176, 26.904945480447005 ], [ 88.594139601418561, 26.904784039790098 ], [ 88.594561983440514, 26.904391125173436 ], [ 88.595044849640516, 26.903645485779656 ], [ 88.595774466552925, 26.902906085269024 ], [ 88.596988726054818, 26.902265005019437 ], [ 88.59773712146864, 26.901430602350938 ], [ 88.59810801669046, 26.90060046845926 ], [ 88.598778938240471, 26.899270471923952 ], [ 88.599028316395675, 26.898748616834204 ], [ 88.599458446811724, 26.897836569183958 ], [ 88.599861363158595, 26.897136953668802 ], [ 88.600594788895819, 26.896672797998917 ], [ 88.601389050205285, 26.896239542029186 ], [ 88.602025564487306, 26.89568621192716 ], [ 88.602312378663058, 26.895321893274293 ], [ 88.602380804468226, 26.894820138993978 ], [ 88.602586518287723, 26.894059567611567 ], [ 88.602868548879727, 26.89371335478965 ], [ 88.603649594108987, 26.893415636635915 ], [ 88.604231550105936, 26.892921589786077 ], [ 88.604617604309922, 26.892456845964947 ], [ 88.605148636453791, 26.891209650581875 ], [ 88.605330885268273, 26.8905712031405 ], [ 88.606795163441632, 26.889114805934572 ], [ 88.606809562163988, 26.889106851115613 ], [ 88.606197885790294, 26.888908842557608 ], [ 88.605919203782648, 26.888247703692095 ], [ 88.604957195208414, 26.888293185511095 ], [ 88.604676622101834, 26.887551286823243 ], [ 88.603971517864025, 26.88758094067023 ], [ 88.603795693945528, 26.887105450052957 ], [ 88.603499363976724, 26.886303421336095 ], [ 88.602342522802005, 26.88635151525121 ], [ 88.602051556012611, 26.885564053375074 ], [ 88.601901792694562, 26.88516458277569 ], [ 88.601406824059609, 26.883870890565571 ], [ 88.601256538968101, 26.883642043217186 ], [ 88.600013710950478, 26.884213682143134 ], [ 88.598795789104798, 26.884393923043859 ], [ 88.597623283926907, 26.884339578392723 ], [ 88.596078209046084, 26.884907759873119 ], [ 88.595343327341212, 26.885300236323758 ], [ 88.594512819932987, 26.885837039986669 ], [ 88.593561347986778, 26.886879254360021 ], [ 88.593420368854012, 26.887091346161473 ], [ 88.592750887920985, 26.887691316561551 ], [ 88.592393497925258, 26.887948453383114 ], [ 88.592061320207108, 26.887993539713211 ], [ 88.591236097314678, 26.887573620484751 ], [ 88.590773201108007, 26.887406515420849 ], [ 88.59058991585627, 26.887393924076633 ], [ 88.590113896825727, 26.887361222924067 ], [ 88.589364076622857, 26.887487369433668 ], [ 88.588914151225154, 26.887553973544673 ], [ 88.588785326670717, 26.887573044381394 ], [ 88.587693132962769, 26.887807380527835 ], [ 88.587506924768121, 26.887924654188005 ], [ 88.586459840566391, 26.888736632627882 ], [ 88.58621816207993, 26.888890002012424 ], [ 88.585498537334786, 26.888930396916958 ], [ 88.585040576697608, 26.88883552102256 ], [ 88.583631402720755, 26.888907293265778 ], [ 88.583133086701153, 26.88908763550026 ], [ 88.582166687855405, 26.889479931310362 ], [ 88.580968568161211, 26.890264768269414 ], [ 88.580279079192508, 26.890395337320051 ], [ 88.5795744693676, 26.890408724633346 ], [ 88.578346528132798, 26.890462439756657 ], [ 88.577103366472812, 26.890638084865582 ], [ 88.576746012661133, 26.890741639095847 ], [ 88.576344125170024, 26.890901061904117 ], [ 88.574586513166253, 26.891598262959409 ], [ 88.5740428978729, 26.891846238439271 ], [ 88.57366539657329, 26.891891244840508 ], [ 88.573247671802079, 26.89199040789142 ], [ 88.572950817509025, 26.891796209538651 ], [ 88.57223151221919, 26.891010770757859 ], [ 88.57093358689967, 26.889936229845734 ], [ 88.570267882498257, 26.889324114519084 ], [ 88.569951058498432, 26.889908249352764 ], [ 88.569674544668814, 26.890660539247438 ], [ 88.569543437634962, 26.891736175657989 ], [ 88.569111186334936, 26.893239413546958 ], [ 88.568521324711995, 26.894265984825307 ], [ 88.567769713434117, 26.895244703381028 ], [ 88.567434411001926, 26.896480571924677 ], [ 88.566835523883555, 26.897949545601794 ], [ 88.565787066638634, 26.900037320170934 ], [ 88.564746157736934, 26.902310052311943 ], [ 88.564232349641003, 26.904477643733934 ], [ 88.563806015095125, 26.906053014831976 ], [ 88.56330105589997, 26.907038005780745 ], [ 88.562532042102646, 26.907858922739255 ], [ 88.561339562036736, 26.909736132612935 ], [ 88.560633391961829, 26.911468045395683 ], [ 88.560221535136236, 26.912637043824308 ], [ 88.560244325471231, 26.913562030735868 ], [ 88.559668486988684, 26.915987553684538 ], [ 88.559041356264558, 26.918345940819925 ], [ 88.558490564511587, 26.919299829392408 ], [ 88.558245158973648, 26.920494065084007 ], [ 88.558188880172722, 26.921528244736994 ], [ 88.558066362489086, 26.923971322868265 ], [ 88.558394552018981, 26.92513665842225 ], [ 88.55877456269522, 26.92714090285887 ], [ 88.559462460522738, 26.928099160244219 ], [ 88.559763673093116, 26.931327389094459 ], [ 88.559288736424222, 26.931576358787396 ], [ 88.558014766467821, 26.932308053717041 ], [ 88.554988846000867, 26.933803760689031 ], [ 88.554476623992215, 26.933538604712197 ], [ 88.55375508639537, 26.933799299695934 ], [ 88.55314521095498, 26.934492045069359 ], [ 88.550578296777203, 26.935684724786217 ], [ 88.550629133215963, 26.9364559511104 ], [ 88.550840470407735, 26.937180278163691 ], [ 88.551540785322075, 26.938309943166264 ], [ 88.55175169882618, 26.939002680254234 ], [ 88.552481381104684, 26.940068830061598 ], [ 88.553010786293314, 26.941218420593021 ], [ 88.55350452439157, 26.942336808336851 ], [ 88.553763864227946, 26.944355932375561 ], [ 88.554052231098751, 26.945553306313499 ], [ 88.555083930308513, 26.946236990200394 ], [ 88.556255016774188, 26.946801781821126 ], [ 88.556992828602262, 26.947353292641726 ], [ 88.559885153233296, 26.949298177309934 ], [ 88.560824789098092, 26.949874514899548 ], [ 88.562474497363553, 26.950447493856345 ], [ 88.564282166310704, 26.950422942046711 ], [ 88.565330896911149, 26.95014501930482 ], [ 88.566412248996627, 26.949677166627527 ], [ 88.567086537156115, 26.949272502900733 ], [ 88.568568250120023, 26.947531940663353 ], [ 88.568899249694041, 26.946341254258503 ], [ 88.570370578171719, 26.943129444812772 ], [ 88.571453855508281, 26.940264958066191 ], [ 88.572821214204623, 26.938642974857459 ], [ 88.573823288699103, 26.937553114130878 ], [ 88.575490519739077, 26.936135373860083 ], [ 88.576606436781134, 26.935630956266206 ], [ 88.577752164621415, 26.935460180852392 ] ], [ [ 88.57710058611606, 26.897414373531642 ], [ 88.577523508531044, 26.897370962984503 ], [ 88.57838348785981, 26.897425295630317 ], [ 88.579141400959344, 26.896848359505739 ], [ 88.579648713007714, 26.897259758502706 ], [ 88.580044220595212, 26.897718284429438 ], [ 88.580328361654097, 26.898616068241207 ], [ 88.580546659331503, 26.900019743480804 ], [ 88.579187274001882, 26.900408879283141 ], [ 88.578503301707826, 26.90072095653489 ], [ 88.578481499037011, 26.900730903643758 ], [ 88.577817270250009, 26.900692136108095 ], [ 88.577676754238183, 26.900064817571483 ], [ 88.577638940540282, 26.899881353381545 ], [ 88.577525638956658, 26.899331628016554 ], [ 88.577426685111234, 26.898343516608104 ], [ 88.577118678028654, 26.897982955380286 ], [ 88.57710058611606, 26.897414373531642 ] ] ] } },
{ "type": "Feature", "properties": { "District": "Kalimpong", "Dist_LGD": "327N001", "Sub_dist": "Kalimpong - I", "Subdis_LGD": "2156", "Subdis_Typ": "Cd_Block", "Vill_name": "Nabgaon Khasmahal", "Vill_Cat": "Forest_Village", "Vill_LGD": "306245", "arr_project": "asha2" }, "geometry": { "type": "Polygon", "coordinates": [ [ [ 88.531724046648378, 26.935615366157645 ], [ 88.531689547615173, 26.93753392832906 ], [ 88.531899875782671, 26.939309915320209 ], [ 88.531616276998633, 26.941799865954405 ], [ 88.531622062521151, 26.943717989213578 ], [ 88.531851390485514, 26.94466330691991 ], [ 88.531779303556917, 26.946036156374443 ], [ 88.532042361028346, 26.946868272652903 ], [ 88.532181184619176, 26.947078893719809 ], [ 88.532722718499841, 26.947276111893235 ], [ 88.533038095290166, 26.9482520863058 ], [ 88.533508783077295, 26.949167696799311 ], [ 88.534017086156382, 26.950629013688861 ], [ 88.53448035009221, 26.951738777014114 ], [ 88.534894348526805, 26.952185607931398 ], [ 88.535509977352504, 26.952273686549511 ], [ 88.536596428660673, 26.952541682322579 ], [ 88.536946153265689, 26.952704864549741 ], [ 88.537323026658555, 26.954497075791323 ], [ 88.53789203020871, 26.955601159230724 ], [ 88.538829224117634, 26.95600165075901 ], [ 88.539780365579148, 26.956316230107966 ], [ 88.541611916104245, 26.956557993451039 ], [ 88.542367104403851, 26.956906288624705 ], [ 88.543350991231151, 26.957035438336121 ], [ 88.544388652431181, 26.956306453644206 ], [ 88.545874725376734, 26.954114735350633 ], [ 88.546823845876489, 26.95206880515229 ], [ 88.54916182689054, 26.950310015677132 ], [ 88.550871235544861, 26.950097154436929 ], [ 88.55292892624945, 26.950309206005016 ], [ 88.556935083796191, 26.951212837665231 ], [ 88.559219337578355, 26.951417780859451 ], [ 88.560262747489062, 26.954042028692367 ], [ 88.562605907371832, 26.958511361050387 ], [ 88.564099044521612, 26.959772077194653 ], [ 88.566826170612032, 26.958482581265862 ], [ 88.568374546772048, 26.957910228215258 ], [ 88.570569855777975, 26.956775515551971 ], [ 88.573017885484035, 26.956071231268645 ], [ 88.573779332756502, 26.955051751974569 ], [ 88.575002520314612, 26.954279857798735 ], [ 88.577659507048153, 26.953397142328264 ], [ 88.5790695278166, 26.953024808091612 ], [ 88.581023059325517, 26.952623801965508 ], [ 88.582432552985495, 26.95221533626713 ], [ 88.583341757920479, 26.951686099881055 ], [ 88.583865420479015, 26.950958091427207 ], [ 88.584236486172884, 26.949762410185716 ], [ 88.584784537747481, 26.948618899824108 ], [ 88.58494315840197, 26.947357904737835 ], [ 88.58488553002374, 26.946478458111798 ], [ 88.585100623269156, 26.944214874255604 ], [ 88.585138457955694, 26.942959749400586 ], [ 88.584930396806115, 26.941766060329023 ], [ 88.58468143070192, 26.940527695836721 ], [ 88.584731359861848, 26.939416860728734 ], [ 88.58465785211331, 26.937761300659488 ], [ 88.584335396683798, 26.936668188417997 ], [ 88.582542622961341, 26.936300164234193 ], [ 88.581371151800539, 26.936069581031376 ], [ 88.580427068890529, 26.935534048098077 ], [ 88.58000314302457, 26.935466583688324 ], [ 88.578852577521488, 26.935289904971214 ], [ 88.577752164621415, 26.935460180852392 ], [ 88.576606436781134, 26.935630956266206 ], [ 88.575490519739077, 26.936135373860083 ], [ 88.573823288699103, 26.937553114130878 ], [ 88.572821214204623, 26.938642974857459 ], [ 88.571453855508281, 26.940264958066191 ], [ 88.570370578171719, 26.943129444812772 ], [ 88.568899249694041, 26.946341254258503 ], [ 88.568568250120023, 26.947531940663353 ], [ 88.567086537156115, 26.949272502900733 ], [ 88.566412248996627, 26.949677166627527 ], [ 88.565330896911149, 26.95014501930482 ], [ 88.564282166310704, 26.950422942046711 ], [ 88.562474497363553, 26.950447493856345 ], [ 88.560824789098092, 26.949874514899548 ], [ 88.559885153233296, 26.949298177309934 ], [ 88.556992828602262, 26.947353292641726 ], [ 88.556255016774188, 26.946801781821126 ], [ 88.555083930308513, 26.946236990200394 ], [ 88.554052231098751, 26.945553306313499 ], [ 88.553763864227946, 26.944355932375561 ], [ 88.55350452439157, 26.942336808336851 ], [ 88.553010786293314, 26.941218420593021 ], [ 88.552481381104684, 26.940068830061598 ], [ 88.55175169882618, 26.939002680254234 ], [ 88.551540785322075, 26.938309943166264 ], [ 88.550840470407735, 26.937180278163691 ], [ 88.550629133215963, 26.9364559511104 ], [ 88.550578296777203, 26.935684724786217 ], [ 88.550068059851498, 26.934828281410081 ], [ 88.549092843550596, 26.933846052684601 ], [ 88.548440196377086, 26.933252939654384 ], [ 88.548309376015823, 26.932523210573851 ], [ 88.548391926220688, 26.931931053953051 ], [ 88.548125197522751, 26.930467137777498 ], [ 88.547068084899351, 26.928276210256907 ], [ 88.546677690734469, 26.927341708771369 ], [ 88.545765475749874, 26.925433523353451 ], [ 88.545145099173524, 26.923508594361799 ], [ 88.544363290098275, 26.922298540718046 ], [ 88.544066630079016, 26.921588674441242 ], [ 88.543367789968798, 26.92092382489896 ], [ 88.542524071197903, 26.92071189320772 ], [ 88.541275279344873, 26.921073066159934 ], [ 88.540971859334235, 26.922087375616989 ], [ 88.540368039132218, 26.922856727853819 ], [ 88.539971046886293, 26.923655414865529 ], [ 88.539244438644872, 26.923911577750644 ], [ 88.537651000133508, 26.924109482778569 ], [ 88.536740863319409, 26.924570734904268 ], [ 88.536660862666281, 26.924612227261743 ], [ 88.53612546439868, 26.925231875425794 ], [ 88.535369071174841, 26.926264644095443 ], [ 88.534300716327394, 26.928059049977637 ], [ 88.534065136355622, 26.928883046912482 ], [ 88.532828307632442, 26.929392959981616 ], [ 88.531865620425066, 26.930441493306756 ], [ 88.530901452457485, 26.931381713786148 ], [ 88.531390808071748, 26.932567937436261 ], [ 88.531474803817147, 26.933194386293838 ], [ 88.531247668749231, 26.934645647029988 ], [ 88.531724046648378, 26.935615366157645 ] ] ] } },
{ "type": "Feature", "properties": { "District": "Kalimpong", "Dist_LGD": "327N001", "Sub_dist": "Gorubathan", "Subdis_LGD": "2158", "Subdis_Typ": "Cd_Block", "Vill_name": "Ambiok Tea Garden", "Vill_Cat": "Others", "Vill_LGD": "306339L", "arr_project": "asha2" }, "geometry": { "type": "Polygon", "coordinates": [ [ [ 88.688979891959903, 26.996174214107036 ], [ 88.688612551934739, 26.996878155104138 ], [ 88.688651606199755, 26.997468908075291 ], [ 88.688696373070229, 26.998104723855228 ], [ 88.68906312186455, 26.99870960029191 ], [ 88.689582547383509, 26.99941644586945 ], [ 88.689921419952697, 26.999841128270933 ], [ 88.690258565395922, 27.000486974220863 ], [ 88.690301071587669, 27.001307854900546 ], [ 88.690380529992709, 27.002241120256535 ], [ 88.690364116572084, 27.002828024365495 ], [ 88.689838173483793, 27.003371397731641 ], [ 88.69102660514892, 27.004002511935116 ], [ 88.691831151905149, 27.004232044736241 ], [ 88.692614133196898, 27.004367057342488 ], [ 88.692927947146359, 27.00446257400473 ], [ 88.693364082678045, 27.004651394656218 ], [ 88.693849176049255, 27.004744849869677 ], [ 88.693537120090525, 27.005439110758633 ], [ 88.693322702249205, 27.005924593612221 ], [ 88.693318847743896, 27.006339847874816 ], [ 88.693344002972637, 27.006673517131485 ], [ 88.693484078365572, 27.00694262005009 ], [ 88.693786642522255, 27.007295518988879 ], [ 88.694315297468577, 27.00760507812091 ], [ 88.694679875792332, 27.008061028744848 ], [ 88.694944718972209, 27.008585876958122 ], [ 88.695251559113075, 27.009223047336171 ], [ 88.695404221543441, 27.00965898176938 ], [ 88.695541909088973, 27.010104123018738 ], [ 88.69582869865522, 27.010412074577147 ], [ 88.696164310269253, 27.010615635741555 ], [ 88.696662714480709, 27.010587065986108 ], [ 88.697087652334304, 27.010699287159245 ], [ 88.697278931730182, 27.011021925745144 ], [ 88.697491585384753, 27.011425543425709 ], [ 88.697467982615464, 27.012202084034755 ], [ 88.697561086287237, 27.012697404104756 ], [ 88.697942234376782, 27.01324792215512 ], [ 88.698229970568349, 27.013953011058117 ], [ 88.698648223527087, 27.014624933283478 ], [ 88.698719282409456, 27.01499415052751 ], [ 88.698763845991124, 27.015611910157229 ], [ 88.698855314822424, 27.01633290419397 ], [ 88.699291736651233, 27.017541664852189 ], [ 88.699547635745745, 27.018138819879415 ], [ 88.699957942665748, 27.018950739356047 ], [ 88.700204927443622, 27.019624722918802 ], [ 88.700756578947832, 27.020786953705031 ], [ 88.70090662222708, 27.021380871598389 ], [ 88.701050676776262, 27.021911678469813 ], [ 88.701275753826039, 27.022468583178004 ], [ 88.70153861917143, 27.023192015936328 ], [ 88.701897770391156, 27.023282448553449 ], [ 88.702497333522402, 27.023275199340198 ], [ 88.70301887289385, 27.023106419117138 ], [ 88.703638657378121, 27.022769462314365 ], [ 88.704734011908798, 27.022223655666895 ], [ 88.705770395599032, 27.021777843113508 ], [ 88.706671488799245, 27.021383308274888 ], [ 88.707469705570674, 27.02118407834946 ], [ 88.708248449043907, 27.021030210675086 ], [ 88.709175554023744, 27.021023471297674 ], [ 88.709764617254649, 27.020989238545926 ], [ 88.708961200481923, 27.020511580312995 ], [ 88.70801520682862, 27.019602389410331 ], [ 88.707350545907047, 27.018635621829251 ], [ 88.706800544811728, 27.017586225331488 ], [ 88.706252394895827, 27.016658658433446 ], [ 88.705677633723653, 27.015636633826816 ], [ 88.705428851531209, 27.014511372128776 ], [ 88.705350690368221, 27.014006850589283 ], [ 88.705362254031826, 27.013104088834556 ], [ 88.705242493579618, 27.012180352752559 ], [ 88.704731078720599, 27.011013137472524 ], [ 88.70455911100737, 27.010302147857537 ], [ 88.703947503242361, 27.009172247027863 ], [ 88.703426322777688, 27.00702128513489 ], [ 88.702909094906943, 27.006133943886649 ], [ 88.702466967507945, 27.004880129599055 ], [ 88.702120965358787, 27.003986202771813 ], [ 88.701496013653539, 27.002635305564375 ], [ 88.700564138093938, 27.001310677666744 ], [ 88.700263417211033, 27.00074565523736 ], [ 88.700220025632248, 26.998196264721393 ], [ 88.700368130959859, 26.996989473611738 ], [ 88.700088732839831, 26.994826546589874 ], [ 88.699528359942803, 26.994079616756185 ], [ 88.698800999069007, 26.992612597954036 ], [ 88.698419760980684, 26.991380597006572 ], [ 88.69817660770623, 26.990620809874819 ], [ 88.698006661839912, 26.98936820830448 ], [ 88.69775671773175, 26.9884911598385 ], [ 88.697684917693152, 26.987399847370124 ], [ 88.697509541281988, 26.986120229733704 ], [ 88.697239826725465, 26.98493201157838 ], [ 88.697280400240714, 26.983943147218291 ], [ 88.697197495308487, 26.983118241539344 ], [ 88.697217948358016, 26.981795647234971 ], [ 88.697391704504071, 26.980954110686543 ], [ 88.697367074098139, 26.979984082911709 ], [ 88.697622830971, 26.979236333804973 ], [ 88.697918716110465, 26.978813048080195 ], [ 88.698170423809373, 26.978467017400575 ], [ 88.697554480603316, 26.977702690616411 ], [ 88.69660277713723, 26.977389206058099 ], [ 88.696243062299402, 26.976915142915249 ], [ 88.695785170274007, 26.977620189910585 ], [ 88.695315575560556, 26.978217062029206 ], [ 88.694600816544281, 26.978925194640915 ], [ 88.694011216412093, 26.979582176081003 ], [ 88.6940176667445, 26.980349333102129 ], [ 88.693887322763032, 26.9810639762919 ], [ 88.693597669395714, 26.98156841598805 ], [ 88.693034485983702, 26.981972339923324 ], [ 88.692486475484003, 26.982380592688816 ], [ 88.692018980028379, 26.982783364315257 ], [ 88.691803269059008, 26.983517082582711 ], [ 88.691741041882963, 26.984745405207786 ], [ 88.691919606528202, 26.985569166427233 ], [ 88.692201501346744, 26.986901670386008 ], [ 88.692142695422305, 26.988021634966387 ], [ 88.692101876278912, 26.988996963967441 ], [ 88.691764122031586, 26.989655425255133 ], [ 88.691564320037514, 26.990443109740781 ], [ 88.691442524498612, 26.9917308169385 ], [ 88.691462994982118, 26.992425593623754 ], [ 88.691308156652823, 26.99285168763625 ], [ 88.691079381033234, 26.993386985138553 ], [ 88.690641138004779, 26.994064702947526 ], [ 88.690353059056932, 26.994677434219433 ], [ 88.690028164890762, 26.995186802890661 ], [ 88.689560609415949, 26.995589567525553 ], [ 88.688979891959903, 26.996174214107036 ] ] ] } },
{ "type": "Feature", "properties": { "District": "Kalimpong", "Dist_LGD": "327N001", "Sub_dist": "Lava", "Subdis_LGD": "2157", "Subdis_Typ": "Cd_Block", "Vill_name": "Dalapchand Ridge Reserve Forest", "Vill_Cat": "Others", "Vill_LGD": "306298", "arr_project": "asha2" }, "geometry": { "type": "Polygon", "coordinates": [ [ [ 88.529783504023015, 27.085174124660455 ], [ 88.529563485601543, 27.084953368035205 ], [ 88.528935952210361, 27.08457796665893 ], [ 88.528482851688054, 27.084420031117837 ], [ 88.527774803419632, 27.084118219445113 ], [ 88.527412537050935, 27.083974798177486 ], [ 88.527036031096728, 27.083802585926453 ], [ 88.526463281441025, 27.083544531702721 ], [ 88.525923888259129, 27.083214304651179 ], [ 88.525581654772182, 27.082941200977153 ], [ 88.524649074782076, 27.082426392425376 ], [ 88.524194583625686, 27.08224166661638 ], [ 88.523566206332589, 27.081784321228046 ], [ 88.52316251589049, 27.081470306919307 ], [ 88.522468574008329, 27.081058583578777 ], [ 88.521660641012389, 27.080749704877533 ], [ 88.520803318619002, 27.080471041458122 ], [ 88.520077329214828, 27.080364121738995 ], [ 88.519351521101541, 27.080229032368109 ], [ 88.518716521656017, 27.080136394442004 ], [ 88.518147444622841, 27.079928607505995 ], [ 88.517640603261981, 27.079706066169852 ], [ 88.517073600773415, 27.079398800336964 ], [ 88.516439228160024, 27.079193091936531 ], [ 88.516021976364726, 27.079027473576399 ], [ 88.515882549221161, 27.078966892669836 ], [ 88.515001550401351, 27.07858505691517 ], [ 88.514476749672653, 27.078490401932843 ], [ 88.513907513673274, 27.078387797893662 ], [ 88.513814624982217, 27.078349350646999 ], [ 88.513492438563162, 27.079115849394572 ], [ 88.51264578894228, 27.083651820042842 ], [ 88.515969487622428, 27.085213724990119 ], [ 88.518569878299431, 27.086228227599427 ], [ 88.520425120205118, 27.087322956803693 ], [ 88.521076001099914, 27.087726624649086 ], [ 88.522113206223821, 27.087986193918685 ], [ 88.52481753867302, 27.088475909286394 ], [ 88.526186140678988, 27.089002649424231 ], [ 88.528519059145509, 27.089988272570526 ], [ 88.529878518003201, 27.090952864690998 ], [ 88.531682589080347, 27.092720476040952 ], [ 88.531951036099713, 27.092966879551845 ], [ 88.531931839931474, 27.091561349348289 ], [ 88.531838724810939, 27.09182697355973 ], [ 88.531361202008753, 27.091392112444087 ], [ 88.531099218671699, 27.091194306518272 ], [ 88.530976360131334, 27.091101543567298 ], [ 88.530513543066945, 27.090461867142931 ], [ 88.530453973516501, 27.089647204640514 ], [ 88.530474090348406, 27.089138196984681 ], [ 88.530564065918981, 27.088411289266158 ], [ 88.530555774415603, 27.087481816347459 ], [ 88.530459586487467, 27.08684347436548 ], [ 88.530361840369878, 27.086249109469147 ], [ 88.529783504023015, 27.085174124660455 ] ] ] } },
{ "type": "Feature", "properties": { "District": "Kalimpong", "Dist_LGD": "327N001", "Sub_dist": "Kalimpong - I", "Subdis_LGD": "2156", "Subdis_Typ": "Cd_Block", "Vill_name": "Chunabhati Bazar D.I.F.", "Vill_Cat": "Rural", "Vill_LGD": "306266", "arr_project": "asha2" }, "geometry": { "type": "Polygon", "coordinates": [ [ [ 88.56293530351509, 26.893392254482198 ], [ 88.56335475684206, 26.892858767925954 ], [ 88.56391551828095, 26.893136772162684 ], [ 88.564514195791801, 26.892379487055511 ], [ 88.563733421015769, 26.892001005271485 ], [ 88.564201724055067, 26.89140149648798 ], [ 88.563489630745366, 26.891065118846591 ], [ 88.563083411733118, 26.890873283870096 ], [ 88.562716549704078, 26.891352769580141 ], [ 88.562067406983189, 26.892194306509751 ], [ 88.561736172011138, 26.892621324671225 ], [ 88.561405550648658, 26.893046473820419 ], [ 88.561770721294209, 26.893231882443722 ], [ 88.562284049422701, 26.893491972209944 ], [ 88.562693772408778, 26.893699252912043 ], [ 88.56293530351509, 26.893392254482198 ] ] ] } },
{ "type": "Feature", "properties": { "District": "Kalimpong", "Dist_LGD": "327N001", "Sub_dist": "Kalimpong - I", "Subdis_LGD": "2156", "Subdis_Typ": "Cd_Block", "Vill_name": "Suntalay Khasmahal", "Vill_Cat": "Forest_Village", "Vill_LGD": "306270", "arr_project": "asha2" }, "geometry": { "type": "Polygon", "coordinates": [ [ [ 88.422876689602901, 26.978915369306023 ], [ 88.422505602987485, 26.978891189886781 ], [ 88.422357782628495, 26.978968038128592 ], [ 88.422188893959472, 26.97905583912269 ], [ 88.422045622135968, 26.979134165061737 ], [ 88.421842391022324, 26.979245269326505 ], [ 88.421584439854854, 26.97973198979599 ], [ 88.421454170605486, 26.980240641048248 ], [ 88.421462689342789, 26.980930981483045 ], [ 88.421620109810732, 26.98139216709156 ], [ 88.422003256381799, 26.981974006347805 ], [ 88.42236031615306, 26.982342139636653 ], [ 88.422797204731651, 26.982396723207632 ], [ 88.423158112256644, 26.982234308572206 ], [ 88.423861602228982, 26.981696947514283 ], [ 88.424112731051721, 26.981063702271541 ], [ 88.424167098547642, 26.980642970408535 ], [ 88.424210840627879, 26.980128960926759 ], [ 88.424269180086014, 26.979722185920558 ], [ 88.424635055649873, 26.979415676039448 ], [ 88.422876689602901, 26.978915369306023 ] ] ] } },
{ "type": "Feature", "properties": { "District": "Kalimpong", "Dist_LGD": "327N001", "Sub_dist": "Kalimpong - I", "Subdis_LGD": "2156", "Subdis_Typ": "Cd_Block", "Vill_name": "Lish Cashment Area Forest", "Vill_Cat": "Others", "Vill_LGD": "306260", "arr_project": "asha2" }, "geometry": { "type": "Polygon", "coordinates": [ [ [ 88.497509987425417, 26.964421697274801 ], [ 88.496791081322527, 26.964144986619964 ], [ 88.497535286938046, 26.964430455016721 ], [ 88.499619571116767, 26.964354139556111 ], [ 88.500782789418054, 26.965470112106775 ], [ 88.502164275452373, 26.966330999194547 ], [ 88.503051081976622, 26.966732266013288 ], [ 88.504578711721706, 26.967216956784572 ], [ 88.505361086332911, 26.967339492936706 ], [ 88.508326455522905, 26.966851943872875 ], [ 88.51093608771464, 26.966508061938132 ], [ 88.512613235547391, 26.966494589742553 ], [ 88.514869773470366, 26.966867537945099 ], [ 88.517062288246592, 26.967724070352805 ], [ 88.517106871972686, 26.964345852573317 ], [ 88.517848830735176, 26.962924458271299 ], [ 88.518334172392997, 26.962114084359492 ], [ 88.519486456095279, 26.960911099698968 ], [ 88.520396936392387, 26.960114102968937 ], [ 88.521747174464437, 26.959126555585048 ], [ 88.523063658158435, 26.958553356620598 ], [ 88.524458546814884, 26.957163796690537 ], [ 88.524816721391275, 26.955535439694884 ], [ 88.524929390221402, 26.954314404704498 ], [ 88.525732510349968, 26.952737576329952 ], [ 88.526611587240396, 26.95185378968608 ], [ 88.527641070149485, 26.95081877536629 ], [ 88.527644058655795, 26.950815771232115 ], [ 88.531286317802056, 26.949075665255222 ], [ 88.531296637337064, 26.948829281997089 ], [ 88.531320123047195, 26.947945490195178 ], [ 88.531426970202062, 26.947913032709913 ], [ 88.532722718499841, 26.947276111893235 ], [ 88.532181184619176, 26.947078893719809 ], [ 88.532042361028346, 26.946868272652903 ], [ 88.530648638712137, 26.946239257758066 ], [ 88.526580482929873, 26.946451753298913 ], [ 88.52094744814714, 26.947000487892957 ], [ 88.518750691879873, 26.947330006184771 ], [ 88.517636874792657, 26.947904328540101 ], [ 88.514362847103627, 26.948967937428275 ], [ 88.514166550039477, 26.949031703762095 ], [ 88.512305805703605, 26.94911979819339 ], [ 88.512225129240477, 26.949123617262394 ], [ 88.504646867423503, 26.949482167432851 ], [ 88.50306997538901, 26.949556720942514 ], [ 88.49839276924385, 26.950038903524131 ], [ 88.495629519271304, 26.950575797438578 ], [ 88.495154661135018, 26.95201733512604 ], [ 88.494887009540349, 26.952829844519705 ], [ 88.495154158275199, 26.955529162738983 ], [ 88.495202943523253, 26.957647191048743 ], [ 88.49521140835202, 26.958014638295822 ], [ 88.494257101703909, 26.959851813069484 ], [ 88.494045625852863, 26.960133179091343 ], [ 88.493341453584264, 26.961070067772535 ], [ 88.493104090864279, 26.961761479591875 ], [ 88.492565998037321, 26.963328882108424 ], [ 88.492483343398746, 26.964569985093764 ], [ 88.492510496328208, 26.967263965172037 ], [ 88.49328979619365, 26.968110804799874 ], [ 88.493665558173205, 26.968740770326523 ], [ 88.496028193185865, 26.969686521077328 ], [ 88.497046977825818, 26.969021261076914 ], [ 88.498309847226196, 26.968150298342707 ], [ 88.498391839025629, 26.967494982758318 ], [ 88.497938863126919, 26.966380471733537 ], [ 88.497718321504337, 26.965701291156496 ], [ 88.497491252928725, 26.964909344317881 ], [ 88.497509987425417, 26.964421697274801 ] ] ] } },
{ "type": "Feature", "properties": { "District": "Kalimpong", "Dist_LGD": "327N001", "Sub_dist": "Kalimpong - I", "Subdis_LGD": "2156", "Subdis_Typ": "Cd_Block", "Vill_name": "Kaffer Forest", "Vill_Cat": "Others", "Vill_LGD": "306223", "arr_project": "asha2" }, "geometry": { "type": "Polygon", "coordinates": [ [ [ 88.568241486961881, 27.018291103910279 ], [ 88.568211940076836, 27.018428663893872 ], [ 88.568061322522951, 27.019123340810918 ], [ 88.567910676951001, 27.019787774786654 ], [ 88.56769094500055, 27.020661728847543 ], [ 88.567712477557038, 27.021435555790891 ], [ 88.567714644842482, 27.021513428947067 ], [ 88.567723486022004, 27.021831157177438 ], [ 88.567494848745568, 27.022874253820838 ], [ 88.567327986512609, 27.023635515625539 ], [ 88.566714440521622, 27.025054683163241 ], [ 88.565558870075805, 27.026516591255955 ], [ 88.565124245432003, 27.026996498265003 ], [ 88.565062420429655, 27.027202829178822 ], [ 88.564873326996775, 27.027832700177431 ], [ 88.564559847709376, 27.028870150447336 ], [ 88.564111696724353, 27.030340015488481 ], [ 88.564070950314218, 27.030473036452516 ], [ 88.56399501703055, 27.030720590069837 ], [ 88.563878681585138, 27.03099239624731 ], [ 88.565421782685092, 27.03167236578674 ], [ 88.568556645817154, 27.032765783229259 ], [ 88.570702384368616, 27.033761851421378 ], [ 88.572455919499717, 27.034820941086348 ], [ 88.573243663303771, 27.03529054421362 ], [ 88.574636241624162, 27.036845585620682 ], [ 88.576640211823076, 27.03958977783827 ], [ 88.578983459186958, 27.042799510282514 ], [ 88.579407946789658, 27.043598104560928 ], [ 88.580355349841184, 27.045383742198663 ], [ 88.58123332394932, 27.0465292698076 ], [ 88.582707892497353, 27.046724812349321 ], [ 88.582312315542552, 27.045474577775988 ], [ 88.580194633350885, 27.041106981268694 ], [ 88.57841444818105, 27.037074053660856 ], [ 88.577205600264989, 27.034244251223853 ], [ 88.576583620298123, 27.032292463047082 ], [ 88.576118374090072, 27.030013960159661 ], [ 88.575515588832843, 27.027628675772409 ], [ 88.575042318880676, 27.026577866895693 ], [ 88.574893114416611, 27.025636262095961 ], [ 88.574864149227182, 27.024643665660228 ], [ 88.574760233900662, 27.023697041335151 ], [ 88.574162848255426, 27.022778501399699 ], [ 88.572228941663496, 27.02105798778036 ], [ 88.569994604332834, 27.019471682117139 ], [ 88.568241486961881, 27.018291103910279 ] ] ] } },
{ "type": "Feature", "properties": { "District": "Kalimpong", "Dist_LGD": "327N001", "Sub_dist": "Gorubathan", "Subdis_LGD": "2158", "Subdis_Typ": "Cd_Block", "Vill_name": "Turibari Khasmahal", "Vill_Cat": "Forest_Village", "Vill_LGD": "306336", "arr_project": "asha2" }, "geometry": { "type": "Polygon", "coordinates": [ [ [ 88.639010648476443, 26.934318711012445 ], [ 88.638743702018218, 26.933686979245515 ], [ 88.638527138173401, 26.932834144034281 ], [ 88.638275318890365, 26.932008346229534 ], [ 88.637837162747246, 26.931110332146798 ], [ 88.637308469408282, 26.9301627287666 ], [ 88.637102007443929, 26.929436235146976 ], [ 88.637132224787521, 26.929115895328852 ], [ 88.638008033927107, 26.927491252220712 ], [ 88.638601932653387, 26.926561668388835 ], [ 88.638898917957604, 26.925803513605469 ], [ 88.63902464874198, 26.925271025418571 ], [ 88.639023902541638, 26.925220107575583 ], [ 88.639009443473697, 26.924233063597345 ], [ 88.638963956718896, 26.92289739976567 ], [ 88.638807928297382, 26.922378473098384 ], [ 88.638415147395051, 26.921579764785349 ], [ 88.638243871935288, 26.920388449747481 ], [ 88.638273838265761, 26.918615025455555 ], [ 88.63822845361301, 26.917076261846798 ], [ 88.638253545921543, 26.916408370284202 ], [ 88.637885906197042, 26.915361498855596 ], [ 88.63771363114833, 26.914939507718525 ], [ 88.637546297017593, 26.914529614715633 ], [ 88.637545069145474, 26.914539484050962 ], [ 88.634916824762954, 26.914578283316221 ], [ 88.634916432728431, 26.914578289225631 ], [ 88.634876323274156, 26.914684855840324 ], [ 88.635295794657111, 26.91512834700017 ], [ 88.635639025387732, 26.915515877115919 ], [ 88.635985453662997, 26.916058954275019 ], [ 88.63613970534017, 26.916604064408528 ], [ 88.63641621104361, 26.917245604354051 ], [ 88.636359607400905, 26.917651784178403 ], [ 88.636207605129272, 26.918621919845261 ], [ 88.636053109059318, 26.919413643347927 ], [ 88.635646510590277, 26.920104766648663 ], [ 88.635591757519691, 26.920910821911068 ], [ 88.635715163783189, 26.921479079421644 ], [ 88.636001519031012, 26.922692337953379 ], [ 88.636134427975122, 26.923156163439497 ], [ 88.636321138902247, 26.92421886949991 ], [ 88.636334573782747, 26.924396049543532 ], [ 88.636422363534606, 26.925553875446202 ], [ 88.636612339460527, 26.926862814311473 ], [ 88.636807876327907, 26.927793233127808 ], [ 88.636757337352222, 26.929756994443554 ], [ 88.637356894882004, 26.932160676633913 ], [ 88.638386139943819, 26.934489306898261 ], [ 88.639010648476443, 26.934318711012445 ] ] ] } },
{ "type": "Feature", "properties": { "District": "Kalimpong", "Dist_LGD": "327N001", "Sub_dist": "Gorubathan", "Subdis_LGD": "2158", "Subdis_Typ": "Cd_Block", "Vill_name": "Manabari Khasmahal", "Vill_Cat": "Forest_Village", "Vill_LGD": "306335", "arr_project": "asha2" }, "geometry": { "type": "Polygon", "coordinates": [ [ [ 88.63397412816937, 26.906507919139521 ], [ 88.634372044349774, 26.907603145327176 ], [ 88.634502423479532, 26.907979800791082 ], [ 88.63501068022228, 26.909699699953979 ], [ 88.635233502589017, 26.91053241940925 ], [ 88.635381041025752, 26.91139263067117 ], [ 88.635458857828596, 26.911846331683563 ], [ 88.635433682588783, 26.913604889374405 ], [ 88.634916824762954, 26.914578283316221 ], [ 88.637545069145474, 26.914539484050962 ], [ 88.637546297017593, 26.914529614715633 ], [ 88.637508251657678, 26.914436421154281 ], [ 88.637226336225723, 26.913565563375204 ], [ 88.637100302302429, 26.91183718332676 ], [ 88.636833451154459, 26.911151373722372 ], [ 88.636586716793389, 26.910366128945927 ], [ 88.636475942926069, 26.910036772381442 ], [ 88.636460814597683, 26.908904118560997 ], [ 88.636475775217718, 26.908105368873596 ], [ 88.636244163545925, 26.907153227336281 ], [ 88.636158603548353, 26.906665884012146 ], [ 88.635368269102031, 26.906598225196102 ], [ 88.634656068813456, 26.906578332796986 ], [ 88.634401922125846, 26.90657123278131 ], [ 88.63397412816937, 26.906507919139521 ] ] ] } },
{ "type": "Feature", "properties": { "District": "Kalimpong", "Dist_LGD": "327N001", "Sub_dist": "Gorubathan", "Subdis_LGD": "2158", "Subdis_Typ": "Cd_Block", "Vill_name": "Paten Godak Khasmahal", "Vill_Cat": "Forest_Village", "Vill_LGD": "306315", "arr_project": "asha2" }, "geometry": { "type": "Polygon", "coordinates": [ [ [ 88.86947874639668, 27.110107055236586 ], [ 88.869889479309393, 27.109829104626677 ], [ 88.870109497522293, 27.109352500218151 ], [ 88.870379311525113, 27.108676390533951 ], [ 88.870582956053894, 27.108242491632435 ], [ 88.870637291126641, 27.10811513541444 ], [ 88.870740714894708, 27.107872719539049 ], [ 88.870675169525569, 27.107451038043976 ], [ 88.870670684901285, 27.107422186214389 ], [ 88.870549700764244, 27.106735899929987 ], [ 88.870436212322488, 27.106099646301193 ], [ 88.870353452298204, 27.105584993921372 ], [ 88.870304216119123, 27.105287685260485 ], [ 88.870326877882604, 27.105035082015792 ], [ 88.87050317802688, 27.104129794859922 ], [ 88.870580573273131, 27.103552134587474 ], [ 88.870707557753917, 27.102796383104589 ], [ 88.87074601984412, 27.102564897278363 ], [ 88.87082594081771, 27.102104815444473 ], [ 88.870893419127981, 27.101726970124123 ], [ 88.870942236794889, 27.101368535031192 ], [ 88.87116252064645, 27.101122241570621 ], [ 88.871654472433249, 27.100569214174438 ], [ 88.872033438044028, 27.100150950386652 ], [ 88.872461017314407, 27.099654533504758 ], [ 88.872715968078182, 27.099316973482594 ], [ 88.872914249842253, 27.09897983736375 ], [ 88.873124531686813, 27.09868162759583 ], [ 88.873232092229273, 27.098445276785196 ], [ 88.873310020173193, 27.097647902121022 ], [ 88.87337082407241, 27.097134362341389 ], [ 88.873438462914706, 27.096195672865129 ], [ 88.873437196497107, 27.096112002554921 ], [ 88.873427067007725, 27.095442840447628 ], [ 88.87341264909125, 27.094284020781391 ], [ 88.873411608697282, 27.094200359641988 ], [ 88.873465975557352, 27.093893966390247 ], [ 88.87359451910099, 27.092974023429218 ], [ 88.87368319596078, 27.092364321939776 ], [ 88.873921211499464, 27.092184116467653 ], [ 88.874210959465572, 27.091915074898136 ], [ 88.874612296410291, 27.09152451264681 ], [ 88.874917278050034, 27.091217290694587 ], [ 88.875148619732983, 27.090630159563521 ], [ 88.875353799453251, 27.090032065302996 ], [ 88.875481700324372, 27.089639613734484 ], [ 88.875336421408832, 27.089353718380778 ], [ 88.874882319132311, 27.088472099008612 ], [ 88.874561048528491, 27.087877068735661 ], [ 88.874421506024916, 27.087599123466529 ], [ 88.874169200859228, 27.087120786146183 ], [ 88.87392376462401, 27.086574995115974 ], [ 88.874007626415974, 27.085693268920132 ], [ 88.874097768271923, 27.085283442768102 ], [ 88.874237270604439, 27.084809095334773 ], [ 88.874395114925321, 27.084387212913917 ], [ 88.874520428679801, 27.084047513265254 ], [ 88.874300200176791, 27.083745234617027 ], [ 88.874080371060543, 27.08336524771088 ], [ 88.8738665309927, 27.082947821498681 ], [ 88.873859780617792, 27.082619283465991 ], [ 88.873899960018306, 27.081997681069819 ], [ 88.873930276583835, 27.081217976334155 ], [ 88.873983320833929, 27.080443543715173 ], [ 88.87403052233023, 27.079684359629773 ], [ 88.874093340109553, 27.078579317819294 ], [ 88.874177011806836, 27.078079731823721 ], [ 88.874288848635516, 27.07770337178264 ], [ 88.874373494946951, 27.077194260529101 ], [ 88.874468297106219, 27.076812670452039 ], [ 88.8745912276664, 27.076241073686035 ], [ 88.874782829322669, 27.076086139248932 ], [ 88.875307058877695, 27.07546318368518 ], [ 88.876124934363588, 27.074506048796501 ], [ 88.876631625839551, 27.073928831297966 ], [ 88.876849750100561, 27.073635549933098 ], [ 88.876388604359221, 27.073147010069828 ], [ 88.876011277591587, 27.072710791921065 ], [ 88.875075035038151, 27.071535827125388 ], [ 88.874940686556371, 27.070943814148073 ], [ 88.874882910287326, 27.070406660027199 ], [ 88.875296779301166, 27.07003918341999 ], [ 88.875796384644985, 27.069604647669316 ], [ 88.876319058142414, 27.069139701995503 ], [ 88.876887718939614, 27.068629230727971 ], [ 88.877754862772875, 27.067871275263087 ], [ 88.878329352093189, 27.06734554951138 ], [ 88.878903248565777, 27.066880990022362 ], [ 88.879403121346073, 27.066415857075658 ], [ 88.879736786986157, 27.066119297085681 ], [ 88.879688587211888, 27.065745162694871 ], [ 88.879664864740604, 27.064659172747273 ], [ 88.879677972832539, 27.06407827364221 ], [ 88.880011034299457, 27.063596423529965 ], [ 88.880566146435484, 27.062713701644292 ], [ 88.880860682071557, 27.06228266446691 ], [ 88.881049961995387, 27.061986307845086 ], [ 88.88050786377238, 27.061668224858657 ], [ 88.880243135054471, 27.061443102198755 ], [ 88.879808427288765, 27.060979746316146 ], [ 88.879183408927261, 27.060251055260501 ], [ 88.87908229937365, 27.060107540532613 ], [ 88.879049951946115, 27.059918675873604 ], [ 88.878592392168414, 27.059418718200423 ], [ 88.878695820772506, 27.058850525087749 ], [ 88.878839575936411, 27.058112466597859 ], [ 88.878962168812734, 27.057430562345935 ], [ 88.878776106727599, 27.057015971700821 ], [ 88.878500517081449, 27.056070769374557 ], [ 88.878368096848035, 27.055631345542619 ], [ 88.878106186007017, 27.054809208535406 ], [ 88.878114843312915, 27.054140859528758 ], [ 88.878150915262808, 27.053350991914751 ], [ 88.878190295448476, 27.052302503684306 ], [ 88.878326172603551, 27.05170578194107 ], [ 88.878450339277776, 27.051227554373181 ], [ 88.878634328270238, 27.050449022998741 ], [ 88.878836326682304, 27.049573772348168 ], [ 88.878979043038129, 27.048962691999055 ], [ 88.878821696702119, 27.048727437043091 ], [ 88.878821794961397, 27.048717243279878 ], [ 88.878501957509656, 27.048230490998794 ], [ 88.878256342547402, 27.04783768605866 ], [ 88.87785949363672, 27.047547535948283 ], [ 88.877447056716932, 27.047218096419719 ], [ 88.876894516096854, 27.046739663311858 ], [ 88.876601680133504, 27.046496592475361 ], [ 88.876279295988695, 27.046186640826555 ], [ 88.876243687737627, 27.045868310919641 ], [ 88.876213333334363, 27.045274866997079 ], [ 88.876184032663858, 27.045062340626398 ], [ 88.876546012267056, 27.04444635547398 ], [ 88.876845160270889, 27.043956279496868 ], [ 88.876817848727384, 27.043464667536156 ], [ 88.876760355954914, 27.042624330072904 ], [ 88.876751422105386, 27.042273664935482 ], [ 88.876744176112226, 27.041989261193613 ], [ 88.877337761074983, 27.0415833301156 ], [ 88.877388150827983, 27.041551564266257 ], [ 88.878037283852777, 27.041142353834633 ], [ 88.879050343663721, 27.040495288942303 ], [ 88.87954816406149, 27.040152064441926 ], [ 88.879900104625776, 27.039776476957268 ], [ 88.880440217763606, 27.039199173502325 ], [ 88.880937306182744, 27.038646778399112 ], [ 88.880893554617842, 27.038095530853152 ], [ 88.88087737499329, 27.037731257365248 ], [ 88.88033210244204, 27.03713971779014 ], [ 88.879465748808499, 27.036175678626243 ], [ 88.878969367838152, 27.035616815419896 ], [ 88.878869572215024, 27.035499175706363 ], [ 88.87859321929983, 27.03517340799392 ], [ 88.87832476839975, 27.034879841524099 ], [ 88.878070068780744, 27.034601310148602 ], [ 88.877988237879393, 27.034223126377992 ], [ 88.877910584292266, 27.033864245100727 ], [ 88.877861036595732, 27.033651810527918 ], [ 88.874851798544057, 27.03516068791193 ], [ 88.87484179741125, 27.035165334384725 ], [ 88.874657923567014, 27.035321221446829 ], [ 88.874305891867593, 27.035668886667459 ], [ 88.873742375459528, 27.03633075501547 ], [ 88.873124625595182, 27.037065548021666 ], [ 88.872687901657841, 27.037473004816764 ], [ 88.87244039420878, 27.037742557351852 ], [ 88.872051655850257, 27.038004961811083 ], [ 88.871017581133671, 27.038555746081162 ], [ 88.870604390698574, 27.038863600873519 ], [ 88.870144654618855, 27.039099868469133 ], [ 88.869717719684019, 27.039186772739427 ], [ 88.869264544994081, 27.039210846336317 ], [ 88.868740679161178, 27.039226830413639 ], [ 88.868252456983328, 27.039264903753828 ], [ 88.86771534202623, 27.039393881699279 ], [ 88.867310051917968, 27.039570750203531 ], [ 88.867340886313599, 27.040215679442728 ], [ 88.867340924722498, 27.040522553327989 ], [ 88.867198910554578, 27.040772644641507 ], [ 88.866719566033169, 27.041347624714383 ], [ 88.866332144650187, 27.041691228776337 ], [ 88.865371533139552, 27.042421512879834 ], [ 88.865027655694291, 27.043265463861552 ], [ 88.86479336120793, 27.044031242534018 ], [ 88.86512050733333, 27.044613576752262 ], [ 88.865488861794688, 27.045249518564326 ], [ 88.865854421930379, 27.046020882265196 ], [ 88.866255483482632, 27.046805310802835 ], [ 88.866903198528888, 27.047266052843852 ], [ 88.86774310518301, 27.047462495263613 ], [ 88.868169293673034, 27.047632837337574 ], [ 88.868643974896372, 27.047992072856434 ], [ 88.868838792083153, 27.048494923835261 ], [ 88.869130624397073, 27.049073204002333 ], [ 88.869203909143579, 27.04954156641513 ], [ 88.869197588579055, 27.05037652662725 ], [ 88.869193737456655, 27.05136037922076 ], [ 88.869287077611133, 27.05212632179974 ], [ 88.86915782726804, 27.05253870919379 ], [ 88.868483157342979, 27.053495370548799 ], [ 88.867595662501088, 27.054080290298479 ], [ 88.867018128919923, 27.054512164699446 ], [ 88.866491059489633, 27.054947880869936 ], [ 88.865403088567362, 27.055603139920464 ], [ 88.864042381897647, 27.05622590417028 ], [ 88.8630045541409, 27.056866942078553 ], [ 88.861813546264955, 27.057695027639902 ], [ 88.860401379282791, 27.058562132773233 ], [ 88.859020448280759, 27.059185117411644 ], [ 88.858360008796851, 27.059789543331107 ], [ 88.858095998192169, 27.060591808035209 ], [ 88.857550302294285, 27.061736258345572 ], [ 88.857174961462235, 27.062512913600404 ], [ 88.856920481447958, 27.062976586356317 ], [ 88.856517645091785, 27.063920579902245 ], [ 88.856326593930675, 27.064257053733215 ], [ 88.855763799991664, 27.064977515411098 ], [ 88.855254877466095, 27.065602491703682 ], [ 88.854822596389269, 27.066596511704567 ], [ 88.854244735986043, 27.067321677933798 ], [ 88.85376685024967, 27.06799588302426 ], [ 88.853509455765121, 27.068590461073896 ], [ 88.852465829331919, 27.069809150103637 ], [ 88.851909134389643, 27.070290333558027 ], [ 88.851389565127562, 27.070576974652557 ], [ 88.850801582727655, 27.070688511729657 ], [ 88.849800167660717, 27.07048958843453 ], [ 88.84890608286868, 27.070072626024643 ], [ 88.84783626219226, 27.070005460062248 ], [ 88.847604567493235, 27.070017529737385 ], [ 88.847063487020407, 27.070530081208648 ], [ 88.846405592070184, 27.070990009919626 ], [ 88.84581498740512, 27.071557361644309 ], [ 88.844998972507966, 27.072213414309552 ], [ 88.844655619419129, 27.072795566613486 ], [ 88.8436624988597, 27.073720195359098 ], [ 88.843174958763967, 27.074426083438485 ], [ 88.842636788866571, 27.075119095077834 ], [ 88.841920408398039, 27.076013006652239 ], [ 88.841412391896426, 27.076701106736625 ], [ 88.840931635835261, 27.077515207828785 ], [ 88.840201532951866, 27.078188160853838 ], [ 88.839525761870817, 27.078792705869066 ], [ 88.838761643283831, 27.079235939928544 ], [ 88.837473045015528, 27.0793610996569 ], [ 88.836193863444151, 27.079445510109924 ], [ 88.834246980481495, 27.079394209621874 ], [ 88.833085314120595, 27.079264953192077 ], [ 88.831601277856166, 27.079153425462845 ], [ 88.829990866091592, 27.07902096233212 ], [ 88.828248376516171, 27.078827019129342 ], [ 88.827085184398385, 27.078602960013221 ], [ 88.826421148001586, 27.078381432253678 ], [ 88.825326183796534, 27.077700668630136 ], [ 88.824019754054689, 27.077036180321247 ], [ 88.823243384477223, 27.0767258364124 ], [ 88.82251646920038, 27.07666756915626 ], [ 88.820904701787669, 27.07676066311658 ], [ 88.819517117315812, 27.076999762706656 ], [ 88.818890778221856, 27.077238027770065 ], [ 88.81904394615745, 27.077669285150179 ], [ 88.819191480117652, 27.078375901816003 ], [ 88.819166812597089, 27.079657886120525 ], [ 88.819093876867612, 27.080448587722341 ], [ 88.818812051470331, 27.082040777924625 ], [ 88.818722301265851, 27.083039290560759 ], [ 88.818657827069188, 27.084041990290842 ], [ 88.819051588848339, 27.084072996920742 ], [ 88.819970756753861, 27.084169407452936 ], [ 88.820787717110207, 27.084492779596133 ], [ 88.821844449265569, 27.084677653338762 ], [ 88.823626620451236, 27.085137419085225 ], [ 88.82508224820684, 27.085669096053081 ], [ 88.826295855852251, 27.086199389851512 ], [ 88.826853641937518, 27.086395221298758 ], [ 88.827358384038959, 27.086429275068969 ], [ 88.827840046701951, 27.086594500630078 ], [ 88.828517937617548, 27.086734607288424 ], [ 88.829029279359943, 27.087174728643014 ], [ 88.82940125726833, 27.088036360546006 ], [ 88.829769593311198, 27.088983783667597 ], [ 88.829919378631914, 27.090444007647349 ], [ 88.830189381883656, 27.091234759033682 ], [ 88.830500105396027, 27.092358932167937 ], [ 88.830824930594872, 27.093419738936102 ], [ 88.831420935518494, 27.095032095624006 ], [ 88.831853235699327, 27.095879393757954 ], [ 88.832066785237174, 27.096607695863209 ], [ 88.832462778410374, 27.097392283577566 ], [ 88.833695620849952, 27.099402479183652 ], [ 88.834349518581448, 27.100540212005139 ], [ 88.834634189756486, 27.101299170140209 ], [ 88.835162733678743, 27.102479149828334 ], [ 88.835335802420587, 27.102887559631451 ], [ 88.835665306644259, 27.103302952321982 ], [ 88.836026906179853, 27.103830743928079 ], [ 88.83634743778228, 27.104313944455466 ], [ 88.8369240332799, 27.105037489202388 ], [ 88.838119257493673, 27.105969554943346 ], [ 88.839588919615721, 27.106722014475054 ], [ 88.840404008942386, 27.10722580275409 ], [ 88.841068738394043, 27.107785711242126 ], [ 88.841665751781662, 27.108829379823241 ], [ 88.842069339473795, 27.109762760909646 ], [ 88.842696345441681, 27.110481105100355 ], [ 88.843207852322678, 27.110921166018308 ], [ 88.843526442327345, 27.111221567274853 ], [ 88.843581650492425, 27.111278166412308 ], [ 88.843720226771978, 27.11129918580637 ], [ 88.84446437341434, 27.111412668598366 ], [ 88.844971968534438, 27.11151184835531 ], [ 88.845353374545169, 27.11178833045183 ], [ 88.845714255068955, 27.112085215755606 ], [ 88.845967451122632, 27.112250728931514 ], [ 88.846089136652807, 27.112263168502935 ], [ 88.846157256191077, 27.11224646456278 ], [ 88.846248124769261, 27.112224183142288 ], [ 88.846346235790719, 27.112261341141583 ], [ 88.846403080470495, 27.112282869703385 ], [ 88.846413107048036, 27.112285589354062 ], [ 88.846524954282913, 27.112315929983417 ], [ 88.846550138245192, 27.112322761153955 ], [ 88.846646451702853, 27.112307748077761 ], [ 88.846696151631036, 27.112291338939183 ], [ 88.84681097503497, 27.112253429821646 ], [ 88.847082276158801, 27.112184454976383 ], [ 88.847307965874833, 27.111950656648009 ], [ 88.847504852648697, 27.111565873355332 ], [ 88.847560943920783, 27.111098668180212 ], [ 88.847707881507958, 27.111040031457183 ], [ 88.847943614522336, 27.110956924773593 ], [ 88.848416198397629, 27.110655172549521 ], [ 88.848806659323273, 27.110449054595161 ], [ 88.848967256956669, 27.110343239632968 ], [ 88.849093443988451, 27.110160757069917 ], [ 88.849275529886029, 27.1098245311391 ], [ 88.849438489752643, 27.109544546829778 ], [ 88.849652533531497, 27.1089682376086 ], [ 88.849830510790596, 27.10847656840766 ], [ 88.850128415736052, 27.108186240549291 ], [ 88.850338051622927, 27.108055316196339 ], [ 88.850466606310789, 27.108053654972743 ], [ 88.850524461793313, 27.108052906780955 ], [ 88.85071979149393, 27.108071126858338 ], [ 88.851102117742187, 27.108035432359621 ], [ 88.851168505381011, 27.108029233775518 ], [ 88.851180204569161, 27.108032870986563 ], [ 88.851768128906855, 27.108215660282724 ], [ 88.852173852915271, 27.108353682282068 ], [ 88.852381876305756, 27.108386877072377 ], [ 88.852849455902714, 27.108414258534118 ], [ 88.853002645455575, 27.108422052232811 ], [ 88.85301140272675, 27.108422497512404 ], [ 88.853525746125271, 27.108598868474203 ], [ 88.853639125714466, 27.108637746224325 ], [ 88.854127763290165, 27.108819444133047 ], [ 88.854501369963984, 27.108964377772967 ], [ 88.854864111891416, 27.10907336810024 ], [ 88.855295354078564, 27.10911852165253 ], [ 88.855542153688546, 27.109178984884949 ], [ 88.855776110231076, 27.109199720619731 ], [ 88.856628900297679, 27.109378405447909 ], [ 88.857118011034672, 27.109512766033571 ], [ 88.857257078680917, 27.109530982401687 ], [ 88.858030228656105, 27.109632256946725 ], [ 88.858581214630448, 27.109683458412587 ], [ 88.85915111838554, 27.10975103681254 ], [ 88.859541442501978, 27.109786747105716 ], [ 88.860259702908976, 27.109801320922195 ], [ 88.860373152513617, 27.109828260291781 ], [ 88.860459578243379, 27.109848782775508 ], [ 88.860645352721036, 27.109863146825845 ], [ 88.860656994756425, 27.109860671154042 ], [ 88.860775442600442, 27.109835480593571 ], [ 88.861076217002179, 27.109676794057425 ], [ 88.861374990184146, 27.10965802622702 ], [ 88.862092935406963, 27.109665079554734 ], [ 88.862140220983989, 27.109674291687039 ], [ 88.862529475503038, 27.109750126983986 ], [ 88.862777457180911, 27.109812423253231 ], [ 88.86323309692969, 27.110092795723673 ], [ 88.863729140161098, 27.1103390598145 ], [ 88.864048400736451, 27.110470636356801 ], [ 88.864504996727945, 27.110653483053266 ], [ 88.864684430290296, 27.110672846549743 ], [ 88.864712954553298, 27.110675924664388 ], [ 88.864861082257875, 27.110624708410707 ], [ 88.865069890628831, 27.110249131170704 ], [ 88.865202610878129, 27.110163417608018 ], [ 88.865271156059137, 27.110135351820794 ], [ 88.865355585196184, 27.110100781472795 ], [ 88.865521644933935, 27.110106362267263 ], [ 88.865766074208821, 27.110187151704881 ], [ 88.866101767716941, 27.110277258630692 ], [ 88.86646985244171, 27.110379831009531 ], [ 88.8666715229066, 27.110525521591072 ], [ 88.867022431272204, 27.111028808245599 ], [ 88.867016075149238, 27.11116890522711 ], [ 88.867106335730696, 27.111300535150168 ], [ 88.867096050205163, 27.11136929834348 ], [ 88.867064130963016, 27.111602641863794 ], [ 88.867101555834935, 27.111871776729092 ], [ 88.867131456919367, 27.112043918205632 ], [ 88.867603843301367, 27.112433322174923 ], [ 88.867648220646316, 27.112389658971544 ], [ 88.867735416074325, 27.112303864358257 ], [ 88.867979101213095, 27.111856003599261 ], [ 88.868384267059128, 27.111209507852816 ], [ 88.868579113891386, 27.110861212701764 ], [ 88.868775983478372, 27.110563011101839 ], [ 88.869019054266374, 27.110407542570133 ], [ 88.86947874639668, 27.110107055236586 ] ] ] } },
{ "type": "Feature", "properties": { "District": "Kalimpong", "Dist_LGD": "327N001", "Sub_dist": "Gorubathan", "Subdis_LGD": "2158", "Subdis_Typ": "Cd_Block", "Vill_name": "Kumai Forest", "Vill_Cat": "Others", "Vill_LGD": "306325", "arr_project": "asha2" }, "geometry": { "type": "Polygon", "coordinates": [ [ [ 88.853833994507312, 27.010740133227113 ], [ 88.854234910206657, 27.010608492746638 ], [ 88.855325650388721, 27.010756587966629 ], [ 88.856247342155726, 27.010735415379539 ], [ 88.857047238701824, 27.010354809836699 ], [ 88.857897644059179, 27.009675684282207 ], [ 88.85889929388911, 27.008696705831188 ], [ 88.859249303537723, 27.008534134222238 ], [ 88.859676655020834, 27.008478848602209 ], [ 88.86075514880973, 27.00849619131931 ], [ 88.861454007648135, 27.008712597730021 ], [ 88.862612600740093, 27.00900415258873 ], [ 88.863654596744908, 27.009252113227721 ], [ 88.864612026474106, 27.008955125552372 ], [ 88.865201999963645, 27.00837417715281 ], [ 88.865960775197649, 27.007642062536462 ], [ 88.86639115412153, 27.006855632340116 ], [ 88.866688133346742, 27.006228918882631 ], [ 88.867476212457376, 27.005442254558847 ], [ 88.86850187871454, 27.005008952186564 ], [ 88.867823378710057, 27.003280495692529 ], [ 88.86710479766127, 27.001259230312041 ], [ 88.866350986430518, 26.999238425726027 ], [ 88.865586393892784, 26.998088744752977 ], [ 88.865509960873752, 26.996510247782044 ], [ 88.866595133209358, 26.994803540367208 ], [ 88.866883159148216, 26.994551514535782 ], [ 88.869996112743124, 26.9941065791872 ], [ 88.870139603154698, 26.99408606869466 ], [ 88.870319169794485, 26.994072203713738 ], [ 88.870338008503538, 26.993935097698362 ], [ 88.870439041170954, 26.993134680434508 ], [ 88.870507570368645, 26.992725523678534 ], [ 88.870508927645659, 26.992717418857346 ], [ 88.870884278262324, 26.992304499699674 ], [ 88.870974791104132, 26.992204926597559 ], [ 88.871857699597754, 26.991120574721556 ], [ 88.872123901053925, 26.990827720752442 ], [ 88.871930841524119, 26.989798910576994 ], [ 88.872222835927047, 26.989108111360032 ], [ 88.87238001807907, 26.988740679042962 ], [ 88.872811492470433, 26.987810107612198 ], [ 88.873486206235896, 26.986689721341136 ], [ 88.874255405713214, 26.985442264671164 ], [ 88.874275820197553, 26.984464263862797 ], [ 88.87429557140554, 26.983555072510118 ], [ 88.874332396413621, 26.982582112297973 ], [ 88.874221603435956, 26.982124124457165 ], [ 88.873813849375779, 26.980602111129826 ], [ 88.873645135795741, 26.979892987260826 ], [ 88.873390835585809, 26.978957091755102 ], [ 88.873284964262069, 26.978558124721328 ], [ 88.872929955123936, 26.977257708152163 ], [ 88.872527388181169, 26.975770135083543 ], [ 88.872304545881207, 26.974986857876303 ], [ 88.872553946917876, 26.974158092422186 ], [ 88.87292129546357, 26.973045146395545 ], [ 88.873238176033865, 26.972044863916398 ], [ 88.873255630337013, 26.971941775661669 ], [ 88.873374790910873, 26.97096453486671 ], [ 88.873378209887221, 26.970610652420678 ], [ 88.873455383432756, 26.969436469352704 ], [ 88.873441275771327, 26.968625316930435 ], [ 88.873372955019008, 26.967179656490188 ], [ 88.873358635965531, 26.966958352443442 ], [ 88.87321302598265, 26.966131432168879 ], [ 88.873026101055814, 26.965038760964763 ], [ 88.872658095482151, 26.964519785879389 ], [ 88.872369495065342, 26.964173905492505 ], [ 88.872339589923541, 26.964173756835439 ], [ 88.872327161100785, 26.964173695560888 ], [ 88.872316762711336, 26.96417483844623 ], [ 88.871605614955129, 26.964239348426126 ], [ 88.86957166756207, 26.964423833103737 ], [ 88.866874405471108, 26.964668438845763 ], [ 88.86154119194569, 26.964884556321753 ], [ 88.860292291319638, 26.96503336095957 ], [ 88.857074264328404, 26.965330772408759 ], [ 88.855668107945974, 26.965386883896866 ], [ 88.854933866623824, 26.965416177787763 ], [ 88.852884182858915, 26.965609932489016 ], [ 88.852385577943082, 26.965862530462704 ], [ 88.852284333656343, 26.9662153901461 ], [ 88.85224444843287, 26.966354397345718 ], [ 88.852193483397485, 26.96902581369449 ], [ 88.852052415858282, 26.969472550953977 ], [ 88.85086857813458, 26.970776449751085 ], [ 88.849790546574368, 26.972053318328026 ], [ 88.848903911545605, 26.973276040264192 ], [ 88.848616637070336, 26.973961891221993 ], [ 88.848077672062615, 26.974385954324351 ], [ 88.845921933447613, 26.974814232305206 ], [ 88.844335323526138, 26.975296677737827 ], [ 88.84339397061089, 26.976340046442033 ], [ 88.843000172382617, 26.976776513836651 ], [ 88.842657581875841, 26.977105835024044 ], [ 88.842340102055715, 26.977814183293855 ], [ 88.842088127643422, 26.978468512462083 ], [ 88.841549040604917, 26.978838398408762 ], [ 88.84075328042843, 26.978838144628355 ], [ 88.840028091821551, 26.978413832700912 ], [ 88.83929788245662, 26.978070634507617 ], [ 88.838628017627613, 26.978043452974656 ], [ 88.838623023929088, 26.978046576156867 ], [ 88.838075595100136, 26.981120808750759 ], [ 88.83797095587235, 26.982430924994798 ], [ 88.837773169693534, 26.983588815329874 ], [ 88.83762911174486, 26.985883263903734 ], [ 88.837596434911816, 26.989142026439829 ], [ 88.837769334999379, 26.990791503111591 ], [ 88.837755568543599, 26.992113970150115 ], [ 88.83798422421053, 26.993473891197347 ], [ 88.838032616020115, 26.995210735796825 ], [ 88.83795601884475, 26.996696488353823 ], [ 88.837766969948149, 26.997773031025016 ], [ 88.837381651267648, 26.998242889322388 ], [ 88.836655483820152, 26.998509597283828 ], [ 88.83530415240233, 26.998748345884771 ], [ 88.834763975610898, 26.99899005586553 ], [ 88.8339983068918, 26.999306908285121 ], [ 88.833081318949084, 26.999923578020727 ], [ 88.832090082111009, 27.000622441356519 ], [ 88.831451562476772, 27.001014345345556 ], [ 88.830052085936757, 27.001704964416184 ], [ 88.829040520049574, 27.00239504613188 ], [ 88.828317881539974, 27.002882799913969 ], [ 88.827454635413432, 27.003399452613309 ], [ 88.826359010369387, 27.004189892274042 ], [ 88.824995587789076, 27.005245542868956 ], [ 88.824058934455181, 27.005898516239306 ], [ 88.822984065261892, 27.006729278200464 ], [ 88.821647259523559, 27.008502112212959 ], [ 88.820663147418045, 27.009652101981441 ], [ 88.82119593214378, 27.011134482581184 ], [ 88.821743587128566, 27.01197583105624 ], [ 88.821884185512033, 27.012258327406759 ], [ 88.821782964691167, 27.012855344459854 ], [ 88.821743068565524, 27.01350572367733 ], [ 88.822422752254568, 27.014097148729494 ], [ 88.822937801502306, 27.014789986043535 ], [ 88.823618591068808, 27.015449084150024 ], [ 88.824169428546597, 27.016173043318698 ], [ 88.824779553009918, 27.017135416745369 ], [ 88.824985067461085, 27.017692356105069 ], [ 88.825343023909554, 27.018639944096162 ], [ 88.825354985884005, 27.019379910367441 ], [ 88.825345556697272, 27.020043432875827 ], [ 88.82529333388382, 27.021176855193069 ], [ 88.825306594497135, 27.022932212587854 ], [ 88.825045979064598, 27.02457829787372 ], [ 88.824688829023316, 27.026175991629358 ], [ 88.824571402471932, 27.027016919399721 ], [ 88.824922762389733, 27.026931130789155 ], [ 88.825308075875043, 27.026763669105677 ], [ 88.826244157060941, 27.026065560799562 ], [ 88.827161170329319, 27.025435389390754 ], [ 88.827942727608033, 27.024843074216786 ], [ 88.829146159192007, 27.02416404138739 ], [ 88.829706326094964, 27.023904035609569 ], [ 88.830723476138971, 27.023236436666945 ], [ 88.832143124509997, 27.022220610911695 ], [ 88.833006266338316, 27.02169038768378 ], [ 88.834109166893612, 27.02103067512429 ], [ 88.836076146481943, 27.020210759286464 ], [ 88.837015481004755, 27.019720136347491 ], [ 88.837964148707812, 27.01918425485816 ], [ 88.838938731080177, 27.018693157611189 ], [ 88.839569375320451, 27.018432195910449 ], [ 88.840360341215657, 27.018114979860101 ], [ 88.842180169307156, 27.017238238205731 ], [ 88.843262598073053, 27.016565184574024 ], [ 88.843957603006686, 27.016235668007024 ], [ 88.844546371792759, 27.015880461283572 ], [ 88.845388148259161, 27.015282751653473 ], [ 88.846222495380189, 27.014847600607872 ], [ 88.847440299358425, 27.014136639026379 ], [ 88.848239349502279, 27.014008816206523 ], [ 88.848813791808837, 27.013703423174871 ], [ 88.849257936466913, 27.013133477245479 ], [ 88.849764002262859, 27.012652975365132 ], [ 88.850241687231502, 27.01228566740242 ], [ 88.850633056473797, 27.012185751573131 ], [ 88.851683220950662, 27.012009481081549 ], [ 88.852499735781791, 27.011718940340284 ], [ 88.853335734406144, 27.011080645642778 ], [ 88.853833994507312, 27.010740133227113 ] ] ] } },
{ "type": "Feature", "properties": { "District": "Kalimpong", "Dist_LGD": "327N001", "Sub_dist": "Gorubathan", "Subdis_LGD": "2158", "Subdis_Typ": "Cd_Block", "Vill_name": "Ruka Forest", "Vill_Cat": "Others", "Vill_LGD": "306313", "arr_project": "asha2" }, "geometry": { "type": "MultiPolygon", "coordinates": [ [ [ [ 88.788716235773364, 27.135210208105754 ], [ 88.788672265636606, 27.13519520216963 ], [ 88.788710816406493, 27.135208960313207 ], [ 88.788716235773364, 27.135210208105754 ] ] ], [ [ [ 88.748728605511772, 27.143774703278968 ], [ 88.748780718993018, 27.143768048777861 ], [ 88.749007366376716, 27.14378392628274 ], [ 88.749188262930403, 27.143717127595909 ], [ 88.749305091401581, 27.143673986651038 ], [ 88.750314902739902, 27.143446796931816 ], [ 88.751100810515112, 27.143182475867352 ], [ 88.751139552621893, 27.143178750434782 ], [ 88.751299521690555, 27.143163368729464 ], [ 88.751696568497977, 27.143036211631806 ], [ 88.751711533088553, 27.143031258497864 ], [ 88.752194146967511, 27.142871501066832 ], [ 88.752569823920979, 27.142698703535093 ], [ 88.752969260338517, 27.142512027976021 ], [ 88.753123728512293, 27.142418301982303 ], [ 88.753293555937788, 27.142354345302017 ], [ 88.753496184680984, 27.142178587608225 ], [ 88.753770279404094, 27.141923933718697 ], [ 88.753832429921601, 27.141615452897721 ], [ 88.754529346570024, 27.141208359555417 ], [ 88.754611391088318, 27.141211313890931 ], [ 88.755210113487479, 27.141232872665313 ], [ 88.75528163975342, 27.141235448084426 ], [ 88.755306996952498, 27.141235360666027 ], [ 88.755501314977593, 27.141234689956814 ], [ 88.755547664403977, 27.141222084370789 ], [ 88.756128797894291, 27.14106403659985 ], [ 88.756352253650149, 27.141049064450765 ], [ 88.756967544008873, 27.141007836823668 ], [ 88.756970858893752, 27.141006664264417 ], [ 88.757154688758803, 27.140941661086643 ], [ 88.757354449566165, 27.140887927786483 ], [ 88.757623804367086, 27.140721250511355 ], [ 88.758162665652179, 27.140371983045423 ], [ 88.758410878388943, 27.140344248420359 ], [ 88.758741458256836, 27.140340028061537 ], [ 88.7587508680257, 27.14034327651397 ], [ 88.759023735256349, 27.140437484131752 ], [ 88.759227695921098, 27.140499069318711 ], [ 88.759546210609841, 27.140519386881831 ], [ 88.759914386667774, 27.140630625094548 ], [ 88.759967200502913, 27.1406152300187 ], [ 88.760152182531968, 27.140561308818253 ], [ 88.760606074975712, 27.140391123120516 ], [ 88.761339765983209, 27.140267362595473 ], [ 88.761557725207027, 27.140227428257376 ], [ 88.762065804222971, 27.140133941344342 ], [ 88.76234261955149, 27.140120525592621 ], [ 88.762837846195382, 27.140096522959304 ], [ 88.763166568702104, 27.140139475675159 ], [ 88.763635027075807, 27.140261613943377 ], [ 88.763749942169142, 27.140234338599203 ], [ 88.763843391307688, 27.140212157862457 ], [ 88.763859908393144, 27.140209779004987 ], [ 88.763971619136356, 27.140193690973248 ], [ 88.764194481061224, 27.140161594648127 ], [ 88.764557312010595, 27.140011690005384 ], [ 88.765094165883667, 27.139811375790018 ], [ 88.765286873036047, 27.139797582228955 ], [ 88.765719714011837, 27.139646738949523 ], [ 88.766196568061687, 27.139427041382053 ], [ 88.766456357869046, 27.139318329062728 ], [ 88.766739947217175, 27.139245003442092 ], [ 88.767087260541643, 27.139076506672005 ], [ 88.767295386023122, 27.139009906606326 ], [ 88.767625300042624, 27.138852047627907 ], [ 88.767784159663549, 27.138665218830781 ], [ 88.767979439184288, 27.138600726115502 ], [ 88.768237017656489, 27.138290876559129 ], [ 88.768265674464999, 27.138095903604558 ], [ 88.768259549939245, 27.137782712773809 ], [ 88.76821570909226, 27.137586656260613 ], [ 88.768414491856035, 27.137481877157498 ], [ 88.768696502571274, 27.137286309246448 ], [ 88.769042659281382, 27.137100904389246 ], [ 88.769262030947672, 27.137100365493133 ], [ 88.769310443468399, 27.137100246260921 ], [ 88.769670996381933, 27.137011511458482 ], [ 88.769688236331945, 27.137007268475656 ], [ 88.770014376365623, 27.136831115377724 ], [ 88.770265801812954, 27.136695262517666 ], [ 88.770573905178097, 27.13649951295951 ], [ 88.77082340152036, 27.136352459312626 ], [ 88.771041547220122, 27.136247450296082 ], [ 88.771207907036498, 27.136172124112175 ], [ 88.771468644943766, 27.136173301733663 ], [ 88.771612638576926, 27.136173952324949 ], [ 88.771830834505124, 27.136165938626839 ], [ 88.772140786777669, 27.136207162404162 ], [ 88.772213623624339, 27.136125596621927 ], [ 88.772309714978732, 27.136158749322689 ], [ 88.772613715855385, 27.13603074706414 ], [ 88.772825896163269, 27.135897139531327 ], [ 88.773009555286066, 27.135554821132949 ], [ 88.773450126931209, 27.135287738743155 ], [ 88.773716892563442, 27.135279262438548 ], [ 88.774287631911292, 27.135464907337294 ], [ 88.774708695602826, 27.135511972169656 ], [ 88.775056237236129, 27.135558444672569 ], [ 88.775258423348419, 27.135520874168488 ], [ 88.775297702053379, 27.135513574949321 ], [ 88.775600783314871, 27.135480796994528 ], [ 88.775649057541145, 27.135479188120645 ], [ 88.776411757306761, 27.135453770175133 ], [ 88.777719809883052, 27.135440587315102 ], [ 88.778254743750594, 27.135435778915522 ], [ 88.778465865346007, 27.135433880897722 ], [ 88.778644723515569, 27.135444036523431 ], [ 88.779100934625603, 27.135205907745821 ], [ 88.779607414021427, 27.134806656516378 ], [ 88.77975497341366, 27.134792455213066 ], [ 88.779947680183213, 27.134777074096856 ], [ 88.780326687503631, 27.134746821645525 ], [ 88.780880736750504, 27.134733110184506 ], [ 88.781081231523473, 27.134718308495906 ], [ 88.781501228832653, 27.134687300505828 ], [ 88.782099288772415, 27.134636301787374 ], [ 88.782567038827523, 27.134569043764913 ], [ 88.78309653920887, 27.134568679530446 ], [ 88.783290253683873, 27.134568545399453 ], [ 88.783640410673556, 27.134556269765969 ], [ 88.783815383445315, 27.134578612419123 ], [ 88.784070887588072, 27.134555899477306 ], [ 88.784495465919392, 27.134568945746732 ], [ 88.784927338975493, 27.13461607204189 ], [ 88.785162424601694, 27.134680737370424 ], [ 88.785364167526879, 27.134664224210663 ], [ 88.78564552930726, 27.134675257354367 ], [ 88.786117053820206, 27.13481186625771 ], [ 88.786373656053897, 27.134967594920841 ], [ 88.786734436392194, 27.134945451099721 ], [ 88.787020299033514, 27.134942819806387 ], [ 88.787250946750476, 27.134958386083397 ], [ 88.787426042894438, 27.134931782768536 ], [ 88.787550194131853, 27.134965751764337 ], [ 88.787499571048244, 27.134772697940857 ], [ 88.787464047123606, 27.134759554913352 ], [ 88.787374864422986, 27.134018256516118 ], [ 88.787796396833812, 27.132976174748297 ], [ 88.787830701019189, 27.132901019924144 ], [ 88.788065990600472, 27.132385544942899 ], [ 88.788138843016256, 27.132225938070636 ], [ 88.788507128299813, 27.13141908483875 ], [ 88.78900917396561, 27.130553886439412 ], [ 88.789815828250724, 27.130226967141287 ], [ 88.790646615531045, 27.12998304787563 ], [ 88.79091458680513, 27.129944423708952 ], [ 88.791199443021966, 27.129903364427854 ], [ 88.791735394915818, 27.129826112258208 ], [ 88.79262318971918, 27.129832798929677 ], [ 88.793305633289364, 27.129960803165659 ], [ 88.79337245549354, 27.129954677431417 ], [ 88.793106912517317, 27.129034743818519 ], [ 88.79256179841714, 27.128062402919031 ], [ 88.792251975002358, 27.126978745683914 ], [ 88.791989191108698, 27.126314187649179 ], [ 88.791406644170038, 27.125206932269119 ], [ 88.791265694088594, 27.124274556290096 ], [ 88.791220617116565, 27.123661374124051 ], [ 88.792405943973108, 27.122400681413634 ], [ 88.792493772861178, 27.12158272199321 ], [ 88.792319911421842, 27.120167883851362 ], [ 88.792532720746678, 27.119280635374562 ], [ 88.792223800336231, 27.117935214405755 ], [ 88.791994618772847, 27.116846012327812 ], [ 88.792302320490919, 27.114951170245732 ], [ 88.792520901126011, 27.113477167332494 ], [ 88.792729528826641, 27.112328221344814 ], [ 88.79291597079019, 27.11105319656642 ], [ 88.79287933210837, 27.110020203705101 ], [ 88.792919763229904, 27.109076486706641 ], [ 88.792861009470442, 27.108237832285734 ], [ 88.792769784373235, 27.106943785673852 ], [ 88.792313253424084, 27.105509987896987 ], [ 88.792066658136463, 27.104908401795051 ], [ 88.791649160533112, 27.104024680014081 ], [ 88.790921759123137, 27.102995981094882 ], [ 88.790127574713225, 27.102523220183748 ], [ 88.789491627061679, 27.102170287281989 ], [ 88.788886863991422, 27.101875623294553 ], [ 88.788467641063306, 27.101515413296813 ], [ 88.788687628101641, 27.101079369577636 ], [ 88.78936094408644, 27.10029457061297 ], [ 88.790482284616616, 27.099779348137549 ], [ 88.790421658951161, 27.099455188687379 ], [ 88.790108742781854, 27.099120707261946 ], [ 88.789614837114058, 27.098820118678443 ], [ 88.786892433675646, 27.097902541056442 ], [ 88.783827470295236, 27.097002795885956 ], [ 88.782652391925922, 27.096354307234296 ], [ 88.781994938009845, 27.096231771451372 ], [ 88.779914474705635, 27.09540519427544 ], [ 88.778674968443909, 27.094825181021815 ], [ 88.777411905019889, 27.094349252039773 ], [ 88.775085103336778, 27.092925492568366 ], [ 88.773818370552547, 27.091894482073293 ], [ 88.771834178390932, 27.090448288421047 ], [ 88.770690975188572, 27.089573642077443 ], [ 88.769945317246652, 27.089289692940788 ], [ 88.769364452700572, 27.08922479986785 ], [ 88.769089516474764, 27.090018031662726 ], [ 88.768679528473726, 27.090880656731173 ], [ 88.767749709364054, 27.092034138895929 ], [ 88.767181015522453, 27.092745316099574 ], [ 88.766567637933179, 27.09382260431061 ], [ 88.766151584913445, 27.09462211668875 ], [ 88.76555921882273, 27.095432870592752 ], [ 88.765381517090916, 27.09631964667296 ], [ 88.765178163585858, 27.097500087615213 ], [ 88.765161149310828, 27.098344228048401 ], [ 88.764916892660139, 27.099489077854891 ], [ 88.764778434557726, 27.100628086750611 ], [ 88.764317166390796, 27.101762123027672 ], [ 88.764055788489912, 27.102780823852783 ], [ 88.763617723823259, 27.105074401153832 ], [ 88.763318991389099, 27.105962694158713 ], [ 88.762957889547081, 27.107054852282403 ], [ 88.762782700928724, 27.108104060346644 ], [ 88.762304138400012, 27.109102919040989 ], [ 88.761508622176805, 27.110150880757043 ], [ 88.760018899309259, 27.112922470132844 ], [ 88.759179053720501, 27.114363603574962 ], [ 88.758534678773216, 27.116050500196206 ], [ 88.758048536797986, 27.116891487235417 ], [ 88.757199473477215, 27.117746039080309 ], [ 88.755195573518591, 27.119901223730004 ], [ 88.754117306381062, 27.121584498686413 ], [ 88.752872574167455, 27.122944909779939 ], [ 88.751229366461942, 27.124305768792297 ], [ 88.750385730465126, 27.125191806108464 ], [ 88.748589174328401, 27.125453379979426 ], [ 88.746157633559349, 27.125749907733422 ], [ 88.745030352415597, 27.125587917315968 ], [ 88.743666274889847, 27.125117462269021 ], [ 88.742737075627119, 27.124718316618246 ], [ 88.7419322659823, 27.12453424545367 ], [ 88.740896761066836, 27.124109327812523 ], [ 88.740127256956626, 27.12392480923199 ], [ 88.739227659435272, 27.124459462259782 ], [ 88.738178282698698, 27.125420186020868 ], [ 88.737118759578721, 27.127030899803302 ], [ 88.736845376063627, 27.12827084321361 ], [ 88.736607777385458, 27.129541933540935 ], [ 88.736757836549032, 27.130113228231576 ], [ 88.736829209798501, 27.13114130711633 ], [ 88.736907091849929, 27.132264078642006 ], [ 88.736950232638918, 27.133423383638537 ], [ 88.736846304734755, 27.134205418434192 ], [ 88.736542300709928, 27.135361057843554 ], [ 88.73736397347723, 27.135427627924162 ], [ 88.738624801306557, 27.135399560708482 ], [ 88.738786524290461, 27.135706245808421 ], [ 88.739235753189519, 27.136102968001921 ], [ 88.740114198761788, 27.136932580239915 ], [ 88.740543330191656, 27.137275210038158 ], [ 88.741421469950211, 27.137843063131569 ], [ 88.742300030748623, 27.138704158378896 ], [ 88.742819985128179, 27.13917752298001 ], [ 88.743471337721957, 27.139822280804225 ], [ 88.744122713842643, 27.14049411280773 ], [ 88.744986190199683, 27.141472533609242 ], [ 88.745453423447771, 27.142019538079932 ], [ 88.745521566708689, 27.142099317157353 ], [ 88.746001509495755, 27.14285252020526 ], [ 88.746229013661221, 27.144132345804987 ], [ 88.746368601508365, 27.144102010126481 ], [ 88.746371052222841, 27.144101477917001 ], [ 88.746676525285238, 27.144035092590322 ], [ 88.747279745986873, 27.143927634636192 ], [ 88.74807126387276, 27.143874599099654 ], [ 88.748548232214844, 27.143797733539905 ], [ 88.748728605511772, 27.143774703278968 ] ] ] ] } },
{ "type": "Feature", "properties": { "District": "Kalimpong", "Dist_LGD": "327N001", "Sub_dist": "Gorubathan", "Subdis_LGD": "2158", "Subdis_Typ": "Cd_Block", "Vill_name": "Rechela Chak Khasmahal", "Vill_Cat": "Forest_Village", "Vill_LGD": "306311", "arr_project": "asha2" }, "geometry": { "type": "Polygon", "coordinates": [ [ [ 88.708153583364478, 27.118856654849758 ], [ 88.708900841762187, 27.120237579338415 ], [ 88.71014337940602, 27.122677544217005 ], [ 88.711525784802191, 27.124362114152106 ], [ 88.71289285301981, 27.125699351989294 ], [ 88.714476682230227, 27.126695451897366 ], [ 88.714486631283435, 27.126686305108976 ], [ 88.71507896112476, 27.126169098171957 ], [ 88.715626504646139, 27.126022503924265 ], [ 88.716558616516366, 27.125956954786794 ], [ 88.717393741164827, 27.125815865138822 ], [ 88.718312039308245, 27.125506769756271 ], [ 88.718951871170944, 27.125128870371622 ], [ 88.719318066896491, 27.124998020939884 ], [ 88.71976087616477, 27.124599964807057 ], [ 88.719824430577361, 27.124468309010453 ], [ 88.719806200388106, 27.123935996079521 ], [ 88.719578935737729, 27.123257313109931 ], [ 88.719428490625489, 27.12265441143045 ], [ 88.719319009998472, 27.122091622792105 ], [ 88.719244690710539, 27.121519378923463 ], [ 88.719055300509524, 27.120348312277951 ], [ 88.718700329483326, 27.119562876617195 ], [ 88.718386134679548, 27.118145118569728 ], [ 88.718206208327032, 27.117592217578196 ], [ 88.718145568574371, 27.117254483099764 ], [ 88.71809426725045, 27.116537539118493 ], [ 88.717896586437263, 27.116142810848565 ], [ 88.717086772847324, 27.115624689672288 ], [ 88.716074856023923, 27.115081956116185 ], [ 88.715809414789547, 27.114873087188904 ], [ 88.715587083798994, 27.114514761081619 ], [ 88.715301474848133, 27.114306137085325 ], [ 88.714966613032047, 27.114174834849951 ], [ 88.714069480277146, 27.114212864928259 ], [ 88.713555064192107, 27.114544080603707 ], [ 88.713355818987424, 27.115038433217507 ], [ 88.713190101884464, 27.11607845319141 ], [ 88.712236003737161, 27.117344713168372 ], [ 88.711634099268338, 27.11789361521712 ], [ 88.71091768137569, 27.118209231756712 ], [ 88.710110286394496, 27.118512413706668 ], [ 88.70908591849107, 27.118809205711578 ], [ 88.708153583364478, 27.118856654849758 ] ] ] } },
{ "type": "Feature", "properties": { "District": "Kalimpong", "Dist_LGD": "327N001", "Sub_dist": "Gorubathan", "Subdis_LGD": "2158", "Subdis_Typ": "Cd_Block", "Vill_name": "Paren Forest", "Vill_Cat": "Others", "Vill_LGD": "306317", "arr_project": "asha2" }, "geometry": { "type": "Polygon", "coordinates": [ [ [ 88.841920408398039, 27.076013006652239 ], [ 88.842636788866571, 27.075119095077834 ], [ 88.843174958763967, 27.074426083438485 ], [ 88.8436624988597, 27.073720195359098 ], [ 88.844655619419129, 27.072795566613486 ], [ 88.844998972507966, 27.072213414309552 ], [ 88.84581498740512, 27.071557361644309 ], [ 88.846405592070184, 27.070990009919626 ], [ 88.847063487020407, 27.070530081208648 ], [ 88.847604567493235, 27.070017529737385 ], [ 88.84783626219226, 27.070005460062248 ], [ 88.84890608286868, 27.070072626024643 ], [ 88.849800167660717, 27.07048958843453 ], [ 88.850801582727655, 27.070688511729657 ], [ 88.851389565127562, 27.070576974652557 ], [ 88.851909134389643, 27.070290333558027 ], [ 88.852465829331919, 27.069809150103637 ], [ 88.853509455765121, 27.068590461073896 ], [ 88.85376685024967, 27.06799588302426 ], [ 88.854244735986043, 27.067321677933798 ], [ 88.854822596389269, 27.066596511704567 ], [ 88.855254877466095, 27.065602491703682 ], [ 88.855763799991664, 27.064977515411098 ], [ 88.856326593930675, 27.064257053733215 ], [ 88.856517645091785, 27.063920579902245 ], [ 88.856920481447958, 27.062976586356317 ], [ 88.857174961462235, 27.062512913600404 ], [ 88.857550302294285, 27.061736258345572 ], [ 88.858095998192169, 27.060591808035209 ], [ 88.858360008796851, 27.059789543331107 ], [ 88.859020448280759, 27.059185117411644 ], [ 88.860401379282791, 27.058562132773233 ], [ 88.861813546264955, 27.057695027639902 ], [ 88.8630045541409, 27.056866942078553 ], [ 88.864042381897647, 27.05622590417028 ], [ 88.865403088567362, 27.055603139920464 ], [ 88.866491059489633, 27.054947880869936 ], [ 88.867018128919923, 27.054512164699446 ], [ 88.867595662501088, 27.054080290298479 ], [ 88.868483157342979, 27.053495370548799 ], [ 88.86915782726804, 27.05253870919379 ], [ 88.869287077611133, 27.05212632179974 ], [ 88.869193737456655, 27.05136037922076 ], [ 88.869197588579055, 27.05037652662725 ], [ 88.869203909143579, 27.04954156641513 ], [ 88.869130624397073, 27.049073204002333 ], [ 88.868838792083153, 27.048494923835261 ], [ 88.868643974896372, 27.047992072856434 ], [ 88.868169293673034, 27.047632837337574 ], [ 88.86774310518301, 27.047462495263613 ], [ 88.866903198528888, 27.047266052843852 ], [ 88.866255483482632, 27.046805310802835 ], [ 88.865854421930379, 27.046020882265196 ], [ 88.865488861794688, 27.045249518564326 ], [ 88.86512050733333, 27.044613576752262 ], [ 88.86479336120793, 27.044031242534018 ], [ 88.865027655694291, 27.043265463861552 ], [ 88.865371533139552, 27.042421512879834 ], [ 88.866332144650187, 27.041691228776337 ], [ 88.866719566033169, 27.041347624714383 ], [ 88.867198910554578, 27.040772644641507 ], [ 88.867340924722498, 27.040522553327989 ], [ 88.867340886313599, 27.040215679442728 ], [ 88.867310051917968, 27.039570750203531 ], [ 88.866458822160894, 27.039600095780347 ], [ 88.865785510376824, 27.039721848353217 ], [ 88.865441384798018, 27.040245390008746 ], [ 88.864871634582229, 27.040839614075654 ], [ 88.863791475762568, 27.041350341920964 ], [ 88.86267640914798, 27.041884089209919 ], [ 88.861460059318944, 27.042694450792933 ], [ 88.860425737318394, 27.043236137569469 ], [ 88.859485430789519, 27.043672779347894 ], [ 88.858777036842739, 27.043808500321447 ], [ 88.857868633285321, 27.043734755375628 ], [ 88.85731502921341, 27.043782681287599 ], [ 88.856572473783729, 27.043986535641245 ], [ 88.855718020222838, 27.044128682226834 ], [ 88.85484666684053, 27.044162738327973 ], [ 88.85396338242397, 27.044084123142973 ], [ 88.853165683704546, 27.04399986264243 ], [ 88.852804737156504, 27.043810564408272 ], [ 88.852224083959754, 27.043439127963037 ], [ 88.851863959450696, 27.042685705065704 ], [ 88.851720359186601, 27.041920405725708 ], [ 88.851561941089187, 27.041173353212073 ], [ 88.851123357207385, 27.040551834054693 ], [ 88.850842235410397, 27.040004961212812 ], [ 88.850808819819321, 27.039811346870071 ], [ 88.850818680633665, 27.039490803473278 ], [ 88.85089448812586, 27.039196468141515 ], [ 88.850995193448796, 27.038883754835616 ], [ 88.851151024848647, 27.038552263890953 ], [ 88.851102272185173, 27.038345312538663 ], [ 88.850927406131859, 27.038130995165893 ], [ 88.850579223812247, 27.038103984923509 ], [ 88.849464571928735, 27.038357822970152 ], [ 88.84870765743166, 27.038606953892884 ], [ 88.848341685339861, 27.038724584350174 ], [ 88.847929624151547, 27.038797689998873 ], [ 88.847544323422397, 27.038658337334837 ], [ 88.84732751326554, 27.038652158430899 ], [ 88.846950723264499, 27.038724797891877 ], [ 88.846087027873324, 27.038916648165824 ], [ 88.844904027426423, 27.039306734587868 ], [ 88.843708802884592, 27.039566097865876 ], [ 88.843080219313634, 27.039651052925183 ], [ 88.84235648830736, 27.039773354139957 ], [ 88.84179517215874, 27.039965730863301 ], [ 88.841374791522753, 27.040147236221429 ], [ 88.840262008484274, 27.040518313876166 ], [ 88.839309058733377, 27.040801548904319 ], [ 88.838308585042881, 27.04126140199871 ], [ 88.837409540058673, 27.041760538965164 ], [ 88.836436931637053, 27.042075601997421 ], [ 88.835188062121546, 27.042448417241125 ], [ 88.834667836767039, 27.042689872901061 ], [ 88.834072541375718, 27.042963897221629 ], [ 88.833268227130844, 27.043091715246739 ], [ 88.8325405210458, 27.043281712163051 ], [ 88.831574901027622, 27.043718500289227 ], [ 88.830864295905315, 27.044341504679569 ], [ 88.830349178119988, 27.044898783255569 ], [ 88.828952863409995, 27.047060574997737 ], [ 88.827895582610992, 27.049308207843129 ], [ 88.827344940395534, 27.050163789372569 ], [ 88.826979499387761, 27.050940244112859 ], [ 88.8266275668622, 27.051928629029899 ], [ 88.826208150609091, 27.053418822086048 ], [ 88.825971016234305, 27.054338022373194 ], [ 88.825624251705051, 27.055335363396296 ], [ 88.825090728545618, 27.056317076439093 ], [ 88.824408274936985, 27.057129229452517 ], [ 88.823983706426844, 27.057992189189857 ], [ 88.823322414689329, 27.058867243038598 ], [ 88.822948744019214, 27.059449739821687 ], [ 88.82208599496343, 27.060336425952841 ], [ 88.821423655250456, 27.06114830509016 ], [ 88.821009722408249, 27.061735831216215 ], [ 88.81998128403599, 27.062665266962604 ], [ 88.819208111972671, 27.063483082947744 ], [ 88.817868698290098, 27.064511298745568 ], [ 88.817424276568417, 27.065085671128138 ], [ 88.817017478556679, 27.065492578022102 ], [ 88.816765025167712, 27.065780153830385 ], [ 88.816349546109336, 27.065961524634268 ], [ 88.815635981175276, 27.066101616174237 ], [ 88.814982020930501, 27.06618677829384 ], [ 88.8145700519608, 27.066273328386728 ], [ 88.814198300599273, 27.066666236424012 ], [ 88.813551119322497, 27.066859614531094 ], [ 88.812244563717499, 27.067115646337935 ], [ 88.811627109017493, 27.067277043332453 ], [ 88.811325431593829, 27.067326059213176 ], [ 88.810669248657831, 27.067587233868856 ], [ 88.810702025253107, 27.068372060625453 ], [ 88.811048340172192, 27.069531934932314 ], [ 88.811644059787383, 27.070526128064088 ], [ 88.812038795958472, 27.071247620824199 ], [ 88.812696904681729, 27.072358341108579 ], [ 88.813460176138364, 27.073111180883206 ], [ 88.814261283382876, 27.074021479168845 ], [ 88.815093614316751, 27.074678646415126 ], [ 88.815759185631308, 27.075310885068884 ], [ 88.81743646851686, 27.076467079060514 ], [ 88.81824641575146, 27.076984614675389 ], [ 88.818890778221856, 27.077238027770065 ], [ 88.819517117315812, 27.076999762706656 ], [ 88.820904701787669, 27.07676066311658 ], [ 88.82251646920038, 27.07666756915626 ], [ 88.823243384477223, 27.0767258364124 ], [ 88.824019754054689, 27.077036180321247 ], [ 88.825326183796534, 27.077700668630136 ], [ 88.826421148001586, 27.078381432253678 ], [ 88.827085184398385, 27.078602960013221 ], [ 88.828248376516171, 27.078827019129342 ], [ 88.829990866091592, 27.07902096233212 ], [ 88.831601277856166, 27.079153425462845 ], [ 88.833085314120595, 27.079264953192077 ], [ 88.834246980481495, 27.079394209621874 ], [ 88.836193863444151, 27.079445510109924 ], [ 88.837473045015528, 27.0793610996569 ], [ 88.838761643283831, 27.079235939928544 ], [ 88.839525761870817, 27.078792705869066 ], [ 88.840201532951866, 27.078188160853838 ], [ 88.840931635835261, 27.077515207828785 ], [ 88.841412391896426, 27.076701106736625 ], [ 88.841920408398039, 27.076013006652239 ] ], [ [ 88.840887352023827, 27.071096435600602 ], [ 88.841437756067563, 27.070553989826863 ], [ 88.842057527224895, 27.070531613836422 ], [ 88.842358341547481, 27.070554698738569 ], [ 88.843109267382559, 27.070612320845598 ], [ 88.843390037968163, 27.070633864566101 ], [ 88.843984749700482, 27.070970436681488 ], [ 88.844117803325631, 27.071654845177278 ], [ 88.843720472745986, 27.072323738764169 ], [ 88.843689827773701, 27.072808269093255 ], [ 88.843685082787601, 27.072883323227387 ], [ 88.843580369577964, 27.072923533404442 ], [ 88.843071809233123, 27.073118822338738 ], [ 88.842230797468304, 27.073107448215801 ], [ 88.841608094445206, 27.073101631237527 ], [ 88.84105143540981, 27.07283231397286 ], [ 88.840782721146383, 27.072489975438447 ], [ 88.839954306302872, 27.072149440960548 ], [ 88.839854832744351, 27.071789314043933 ], [ 88.840183224699459, 27.071355719057209 ], [ 88.840595701199277, 27.071283866948729 ], [ 88.840887352023827, 27.071096435600602 ] ], [ [ 88.844770818245962, 27.070626505693401 ], [ 88.844291796202057, 27.070130497181726 ], [ 88.844055151911647, 27.069597131913785 ], [ 88.84407176646107, 27.069339167908911 ], [ 88.84410983487335, 27.068748086847396 ], [ 88.844442710412039, 27.068333022494489 ], [ 88.844986583957379, 27.068454016060599 ], [ 88.845232322276971, 27.068386614340685 ], [ 88.845478060269542, 27.068319211314844 ], [ 88.846073212107285, 27.068434809647847 ], [ 88.8461418992094, 27.068494432131132 ], [ 88.846457497961609, 27.068768381066622 ], [ 88.846500388493197, 27.068805611521864 ], [ 88.846577114258139, 27.069296393833131 ], [ 88.846416897602609, 27.070002123496966 ], [ 88.846256777215331, 27.070458419804709 ], [ 88.84574675682525, 27.071165292231804 ], [ 88.845236484545367, 27.071114150217465 ], [ 88.845052671310683, 27.071095729041691 ], [ 88.844770818245962, 27.070626505693401 ] ] ] } },
{ "type": "Feature", "properties": { "District": "Kalimpong", "Dist_LGD": "327N001", "Sub_dist": "Gorubathan", "Subdis_LGD": "2158", "Subdis_Typ": "Cd_Block", "Vill_name": "Today Tangta Khasmahal", "Vill_Cat": "Forest_Village", "Vill_LGD": "306314", "arr_project": "asha2" }, "geometry": { "type": "Polygon", "coordinates": [ [ [ 88.80452862577674, 27.136823799779901 ], [ 88.804657636479092, 27.136365498747676 ], [ 88.804790810427647, 27.136028115937815 ], [ 88.804863643306518, 27.135777273808056 ], [ 88.80499027140921, 27.135551050583004 ], [ 88.805122084934681, 27.135461467630304 ], [ 88.805296903004745, 27.135250479772516 ], [ 88.805784877069243, 27.135011175721566 ], [ 88.806213835606826, 27.134816445153003 ], [ 88.806523404811458, 27.134669088212672 ], [ 88.806769849988555, 27.1346034347856 ], [ 88.806997424679025, 27.134295814485473 ], [ 88.807406642057686, 27.133917174452655 ], [ 88.807593300689462, 27.133633416093058 ], [ 88.807891316157082, 27.133290837985168 ], [ 88.808020606333272, 27.133071176735502 ], [ 88.80807206275469, 27.132795981080648 ], [ 88.808097142186284, 27.132457709883543 ], [ 88.808202638363497, 27.132182956121042 ], [ 88.808334856891278, 27.131937434008293 ], [ 88.80841784559783, 27.131749532928158 ], [ 88.808532143099313, 27.13157362777854 ], [ 88.808519448802286, 27.131417479865892 ], [ 88.808767543128781, 27.130848178006726 ], [ 88.808871560629228, 27.130666897845966 ], [ 88.809115695515104, 27.130326690923901 ], [ 88.809239069597368, 27.130162619065903 ], [ 88.809349700324717, 27.129939053304458 ], [ 88.809564942742824, 27.129629580827846 ], [ 88.809952160602279, 27.129175704135871 ], [ 88.810515119228299, 27.128624081188629 ], [ 88.810633519433864, 27.128381924733389 ], [ 88.810894542065896, 27.127936575039865 ], [ 88.811085984645757, 27.127607308286834 ], [ 88.811386058122991, 27.127157932251944 ], [ 88.811557061135971, 27.126951439975294 ], [ 88.811657608994764, 27.126915033277598 ], [ 88.811738415984664, 27.126885774133889 ], [ 88.812734716616234, 27.126907356995908 ], [ 88.813067368911263, 27.126891228314289 ], [ 88.813315069416376, 27.126833927409841 ], [ 88.813654132380137, 27.126682995514745 ], [ 88.813692668323426, 27.126641111552487 ], [ 88.813861098942311, 27.12645804631585 ], [ 88.813964827851137, 27.126431620130312 ], [ 88.814127238011977, 27.126390244585593 ], [ 88.814284811282349, 27.126287630889308 ], [ 88.81464568858496, 27.126052622032535 ], [ 88.814759711673091, 27.125978368113476 ], [ 88.815040665848812, 27.125803766928804 ], [ 88.815216441804907, 27.125726314509397 ], [ 88.815306137962992, 27.125706726540542 ], [ 88.815428169964832, 27.125659912102165 ], [ 88.815442356625525, 27.125649698673055 ], [ 88.815741701919464, 27.125434181509789 ], [ 88.815788659059251, 27.125304786739189 ], [ 88.815958105089777, 27.125170607275212 ], [ 88.816050400170042, 27.125026738692085 ], [ 88.816099104482532, 27.124834708011992 ], [ 88.816730202936512, 27.12411674417061 ], [ 88.81675785920558, 27.123966093558899 ], [ 88.816914024350694, 27.123904297546261 ], [ 88.817269182985086, 27.123619149967411 ], [ 88.817544495875197, 27.123510225450801 ], [ 88.817940185352413, 27.123348502782015 ], [ 88.818219439586173, 27.123234463629821 ], [ 88.818289153923502, 27.123240154919547 ], [ 88.818403360012596, 27.123249478437604 ], [ 88.818553697146399, 27.123218557746618 ], [ 88.818593433904908, 27.123210384555883 ], [ 88.818821571291608, 27.123105863743 ], [ 88.819018331918684, 27.122934157071935 ], [ 88.81917252046614, 27.122745371300553 ], [ 88.819419166157331, 27.122270728863899 ], [ 88.819569161326299, 27.122150808859345 ], [ 88.819637898273314, 27.12214810758443 ], [ 88.819850099396845, 27.122139767057007 ], [ 88.820135361738551, 27.122241414487426 ], [ 88.820318344307779, 27.122292870759122 ], [ 88.820799101979233, 27.122281920815702 ], [ 88.82091728207142, 27.122244976282747 ], [ 88.821369996735626, 27.12210345030676 ], [ 88.821419387752641, 27.122122960060338 ], [ 88.821536931081837, 27.122169392259334 ], [ 88.821922237292327, 27.122270172161478 ], [ 88.822089481715054, 27.122300083433259 ], [ 88.822281277790339, 27.122283866679325 ], [ 88.822499351756306, 27.122265428633714 ], [ 88.822708160174457, 27.122261684450084 ], [ 88.822746529485045, 27.12226099680684 ], [ 88.822849966973564, 27.122239792594264 ], [ 88.823217686393207, 27.12216441144167 ], [ 88.823743980196227, 27.122006492930421 ], [ 88.824446937149091, 27.121805589323195 ], [ 88.824627494085519, 27.121800230764865 ], [ 88.824650634668828, 27.121799543622938 ], [ 88.825022796284586, 27.121781240672689 ], [ 88.825594626995013, 27.121780992226622 ], [ 88.825803822588597, 27.121780900877916 ], [ 88.826022391532106, 27.121728007558886 ], [ 88.826189776565897, 27.121569352506526 ], [ 88.826410505674943, 27.121235465152495 ], [ 88.82636954892115, 27.120718808566483 ], [ 88.826545406491789, 27.120609399527769 ], [ 88.826831541016801, 27.120447963991086 ], [ 88.827208482151306, 27.120235437689786 ], [ 88.827344494172067, 27.120169036981277 ], [ 88.827649191804241, 27.120046237385395 ], [ 88.828049725125041, 27.11988526795221 ], [ 88.82847447652135, 27.119695936124771 ], [ 88.829027657888005, 27.11942910769833 ], [ 88.829407677386968, 27.119276918144479 ], [ 88.829498100173893, 27.119276893647537 ], [ 88.829572984160237, 27.119276874167536 ], [ 88.829616654055059, 27.119246185618405 ], [ 88.829774764507007, 27.119135072811154 ], [ 88.830017721509762, 27.118883164993399 ], [ 88.830320649835031, 27.118582829731103 ], [ 88.830501184948204, 27.11841002226409 ], [ 88.830657524814214, 27.118044733360826 ], [ 88.830737280083198, 27.117883201109368 ], [ 88.830991453832553, 27.117724403494154 ], [ 88.831281006174947, 27.117491143027134 ], [ 88.831665784567406, 27.117308619182896 ], [ 88.831931402601526, 27.117075164652441 ], [ 88.832044947811625, 27.116890463141537 ], [ 88.832180588107292, 27.116655609173598 ], [ 88.83236661915916, 27.116636041107352 ], [ 88.832631375661634, 27.11648824760897 ], [ 88.833047773060258, 27.116334529545803 ], [ 88.83331706220838, 27.116102963624193 ], [ 88.833419306922607, 27.115880613462842 ], [ 88.833506654211064, 27.115608810163227 ], [ 88.833773312394698, 27.11558361330755 ], [ 88.834228519616389, 27.115537288803672 ], [ 88.834468124713794, 27.115510653799799 ], [ 88.83477190470046, 27.115448835303734 ], [ 88.834979601157627, 27.115421943400229 ], [ 88.835130603194926, 27.115348449556379 ], [ 88.835305289332325, 27.115203486098103 ], [ 88.835667152257372, 27.115111357991619 ], [ 88.835843716190681, 27.115012068934448 ], [ 88.835917455714139, 27.115059856284592 ], [ 88.836035231686012, 27.115136182127927 ], [ 88.836361298522533, 27.115386916450149 ], [ 88.836550328175491, 27.115534259756814 ], [ 88.83663279641884, 27.115577995362049 ], [ 88.837055722195245, 27.115666410442046 ], [ 88.837275745622222, 27.115782909704663 ], [ 88.837489186828435, 27.1159165664737 ], [ 88.83766882881153, 27.116064295182969 ], [ 88.837826959700692, 27.116101889989697 ], [ 88.838094010218654, 27.116180997055935 ], [ 88.838676485863132, 27.116364488993188 ], [ 88.838803161790921, 27.11634506892646 ], [ 88.838853993816599, 27.116337275945376 ], [ 88.838882834309487, 27.116354353439363 ], [ 88.839001971408905, 27.11642489783803 ], [ 88.839350891958176, 27.116440198928409 ], [ 88.839394602179283, 27.116417591033457 ], [ 88.839499986019177, 27.116363083347327 ], [ 88.839658558573362, 27.116384879333999 ], [ 88.839697933883642, 27.116390291334582 ], [ 88.839736818756691, 27.116374220932499 ], [ 88.839874971207422, 27.116317123142046 ], [ 88.84022085440526, 27.11586665931236 ], [ 88.840479377036189, 27.11548775656048 ], [ 88.840496159363283, 27.115421368665757 ], [ 88.840479972535931, 27.115296937105224 ], [ 88.840651214779129, 27.115302127820961 ], [ 88.840829885525579, 27.115226530333619 ], [ 88.841085268754938, 27.115126849878095 ], [ 88.841183864687963, 27.115088366763864 ], [ 88.84141208058287, 27.115064573282822 ], [ 88.841670184282975, 27.115020527316503 ], [ 88.841707894248515, 27.115012324747489 ], [ 88.841829204645606, 27.114985937425782 ], [ 88.841892292359432, 27.114927635641276 ], [ 88.841892881113594, 27.11479186536722 ], [ 88.842115923138138, 27.114795149136956 ], [ 88.842117187066947, 27.114795167386085 ], [ 88.84211778518943, 27.114794540728283 ], [ 88.842717271908143, 27.114166879252924 ], [ 88.842784875628581, 27.11397666229243 ], [ 88.842805119370993, 27.11387499137167 ], [ 88.842806230539466, 27.113763128909234 ], [ 88.842735391913493, 27.113621343522798 ], [ 88.842736733093489, 27.1134986739319 ], [ 88.842768198326056, 27.113314153162328 ], [ 88.842855685133969, 27.113141057943871 ], [ 88.842866184839522, 27.112729512601 ], [ 88.84285720293191, 27.112504263609328 ], [ 88.842817140020202, 27.112362152556472 ], [ 88.842903579149805, 27.112191966954118 ], [ 88.842914269325988, 27.112090095472919 ], [ 88.842944564299273, 27.111938430654838 ], [ 88.842954912919154, 27.111703295636548 ], [ 88.842779075372235, 27.111495364998248 ], [ 88.842412768798496, 27.111261536092908 ], [ 88.842297847656155, 27.111201444331421 ], [ 88.842436867128399, 27.111200367166827 ], [ 88.842730740370541, 27.111198090898256 ], [ 88.842826734676549, 27.111202865013951 ], [ 88.843211323396773, 27.111221992805667 ], [ 88.843581650492425, 27.111278166412308 ], [ 88.843526442327345, 27.111221567274853 ], [ 88.843207852322678, 27.110921166018308 ], [ 88.842696345441681, 27.110481105100355 ], [ 88.842069339473795, 27.109762760909646 ], [ 88.841665751781662, 27.108829379823241 ], [ 88.841068738394043, 27.107785711242126 ], [ 88.840404008942386, 27.10722580275409 ], [ 88.839588919615721, 27.106722014475054 ], [ 88.838119257493673, 27.105969554943346 ], [ 88.8369240332799, 27.105037489202388 ], [ 88.83634743778228, 27.104313944455466 ], [ 88.836026906179853, 27.103830743928079 ], [ 88.835665306644259, 27.103302952321982 ], [ 88.835335802420587, 27.102887559631451 ], [ 88.835162733678743, 27.102479149828334 ], [ 88.834634189756486, 27.101299170140209 ], [ 88.834349518581448, 27.100540212005139 ], [ 88.833695620849952, 27.099402479183652 ], [ 88.832462778410374, 27.097392283577566 ], [ 88.832066785237174, 27.096607695863209 ], [ 88.831853235699327, 27.095879393757954 ], [ 88.831420935518494, 27.095032095624006 ], [ 88.830824930594872, 27.093419738936102 ], [ 88.830500105396027, 27.092358932167937 ], [ 88.830189381883656, 27.091234759033682 ], [ 88.829919378631914, 27.090444007647349 ], [ 88.829769593311198, 27.088983783667597 ], [ 88.82940125726833, 27.088036360546006 ], [ 88.829029279359943, 27.087174728643014 ], [ 88.828517937617548, 27.086734607288424 ], [ 88.827840046701951, 27.086594500630078 ], [ 88.827358384038959, 27.086429275068969 ], [ 88.826853641937518, 27.086395221298758 ], [ 88.826295855852251, 27.086199389851512 ], [ 88.82508224820684, 27.085669096053081 ], [ 88.823626620451236, 27.085137419085225 ], [ 88.821844449265569, 27.084677653338762 ], [ 88.820787717110207, 27.084492779596133 ], [ 88.819970756753861, 27.084169407452936 ], [ 88.819051588848339, 27.084072996920742 ], [ 88.818657827069188, 27.084041990290842 ], [ 88.818330251456871, 27.084050741290483 ], [ 88.817973085834339, 27.084100490819722 ], [ 88.818009740597972, 27.084497152259257 ], [ 88.817901321401578, 27.084651993238545 ], [ 88.817707498082342, 27.084825990971868 ], [ 88.817129190472329, 27.084919214204568 ], [ 88.815899598795383, 27.084957672301478 ], [ 88.814925195647064, 27.084875486839966 ], [ 88.813819805651477, 27.084799500326231 ], [ 88.8130453673175, 27.084610924324707 ], [ 88.811830928524174, 27.084337758668255 ], [ 88.810784728587379, 27.084179751995393 ], [ 88.809402721680399, 27.083832004591088 ], [ 88.8080576017678, 27.08358305355565 ], [ 88.80704172891916, 27.083429141258819 ], [ 88.806126311190212, 27.083251364928298 ], [ 88.80509942185698, 27.083038911396244 ], [ 88.804043231043451, 27.08288549426797 ], [ 88.802698346928253, 27.082650026398721 ], [ 88.801801024437012, 27.082657019841957 ], [ 88.80135326424174, 27.082716913890042 ], [ 88.801007266856459, 27.08315007664666 ], [ 88.800225829620743, 27.084098777394701 ], [ 88.799490750467228, 27.084794156676054 ], [ 88.798893063523309, 27.085569007202 ], [ 88.798224217742813, 27.086308660923553 ], [ 88.797093973802816, 27.087519046140731 ], [ 88.796410775334152, 27.088308517867944 ], [ 88.796213741951306, 27.088599864874318 ], [ 88.796105930107018, 27.089427108728618 ], [ 88.796226549522146, 27.090666623631822 ], [ 88.796413428180173, 27.091950420580261 ], [ 88.796582306383897, 27.093053929925802 ], [ 88.796585258636853, 27.093870731994176 ], [ 88.796413134756293, 27.095091423749334 ], [ 88.796159483397162, 27.095943098024723 ], [ 88.795425024123816, 27.096683578782809 ], [ 88.794803196931028, 27.097215024420514 ], [ 88.793544553695412, 27.097971217631951 ], [ 88.7930193003249, 27.098235159592999 ], [ 88.791767124381749, 27.098765609254059 ], [ 88.791158094516405, 27.099152461229767 ], [ 88.790421658951161, 27.099455188687379 ], [ 88.790482284616616, 27.099779348137549 ], [ 88.78936094408644, 27.10029457061297 ], [ 88.788687628101641, 27.101079369577636 ], [ 88.788467641063306, 27.101515413296813 ], [ 88.788886863991422, 27.101875623294553 ], [ 88.789491627061679, 27.102170287281989 ], [ 88.790127574713225, 27.102523220183748 ], [ 88.790921759123137, 27.102995981094882 ], [ 88.791649160533112, 27.104024680014081 ], [ 88.792066658136463, 27.104908401795051 ], [ 88.792313253424084, 27.105509987896987 ], [ 88.792769784373235, 27.106943785673852 ], [ 88.792861009470442, 27.108237832285734 ], [ 88.792919763229904, 27.109076486706641 ], [ 88.79287933210837, 27.110020203705101 ], [ 88.79291597079019, 27.11105319656642 ], [ 88.792729528826641, 27.112328221344814 ], [ 88.792520901126011, 27.113477167332494 ], [ 88.792302320490919, 27.114951170245732 ], [ 88.791994618772847, 27.116846012327812 ], [ 88.792223800336231, 27.117935214405755 ], [ 88.792532720746678, 27.119280635374562 ], [ 88.792319911421842, 27.120167883851362 ], [ 88.792493772861178, 27.12158272199321 ], [ 88.792405943973108, 27.122400681413634 ], [ 88.791220617116565, 27.123661374124051 ], [ 88.791265694088594, 27.124274556290096 ], [ 88.791406644170038, 27.125206932269119 ], [ 88.791989191108698, 27.126314187649179 ], [ 88.792251975002358, 27.126978745683914 ], [ 88.79256179841714, 27.128062402919031 ], [ 88.793106912517317, 27.129034743818519 ], [ 88.79337245549354, 27.129954677431417 ], [ 88.793576749632265, 27.13066241697684 ], [ 88.794410779713374, 27.132744167876467 ], [ 88.79463267255268, 27.133298001036746 ], [ 88.794773086785312, 27.133756280811774 ], [ 88.794866819159353, 27.134062200926312 ], [ 88.795167871471293, 27.13503208556979 ], [ 88.795430512061287, 27.135878207068728 ], [ 88.795444715951632, 27.13615039445525 ], [ 88.79546076201764, 27.136457890105433 ], [ 88.795775327572585, 27.136606559571483 ], [ 88.795848218760497, 27.136638326319606 ], [ 88.796329510140097, 27.136848078734566 ], [ 88.796651913340824, 27.137029655066492 ], [ 88.796829703700666, 27.137084313738203 ], [ 88.79700214808517, 27.137145933246959 ], [ 88.797347109122668, 27.137223981974021 ], [ 88.797498974196031, 27.137207063823102 ], [ 88.797648269678589, 27.137190431061786 ], [ 88.797673095405955, 27.137199754102621 ], [ 88.797822820299942, 27.137255980655283 ], [ 88.798054862748288, 27.137249171738247 ], [ 88.798253521330622, 27.137376533012073 ], [ 88.798577375093572, 27.137417889933253 ], [ 88.79895900900415, 27.137558858344711 ], [ 88.799408635790485, 27.137692606554943 ], [ 88.800046950762663, 27.137990920304823 ], [ 88.800380571744398, 27.138130914332507 ], [ 88.800523141743454, 27.138207647258987 ], [ 88.800593902733425, 27.138411272118365 ], [ 88.800757999622448, 27.138746266306676 ], [ 88.800962527295965, 27.139029124376183 ], [ 88.801169252418418, 27.139223521886926 ], [ 88.801540259448686, 27.139410322574989 ], [ 88.801825261068643, 27.139540162467465 ], [ 88.801999683377574, 27.139485208253628 ], [ 88.802379617108585, 27.139365503169572 ], [ 88.803002555306293, 27.139117730235157 ], [ 88.803673056016734, 27.13892483714109 ], [ 88.803727044484788, 27.138917597873743 ], [ 88.803886435287666, 27.138896226650552 ], [ 88.803894676363342, 27.138870707481338 ], [ 88.803991849606049, 27.13856979641541 ], [ 88.804162361223604, 27.138281074436481 ], [ 88.804283438004134, 27.138069313396652 ], [ 88.804335186918792, 27.137908573798548 ], [ 88.804299856962317, 27.137523050405093 ], [ 88.804312848964031, 27.137310400372805 ], [ 88.80440234358845, 27.137016176981312 ], [ 88.80452862577674, 27.136823799779901 ] ] ] } },
{ "type": "Feature", "properties": { "District": "Kalimpong", "Dist_LGD": "327N001", "Sub_dist": "Gorubathan", "Subdis_LGD": "2158", "Subdis_Typ": "Cd_Block", "Vill_name": "Chichu Forest", "Vill_Cat": "Others", "Vill_LGD": "306316", "arr_project": "asha2" }, "geometry": { "type": "Polygon", "coordinates": [ [ [ 88.782219473489675, 27.085253422879521 ], [ 88.781749182657066, 27.086121359907281 ], [ 88.781490007566148, 27.086630096843578 ], [ 88.780977568303939, 27.087065322980749 ], [ 88.780207390137051, 27.087463195140241 ], [ 88.778897388164552, 27.087840821157673 ], [ 88.778182506426461, 27.088228957112587 ], [ 88.777752537937857, 27.088460043699605 ], [ 88.776573939303702, 27.088858550724201 ], [ 88.775896736733984, 27.089079220283043 ], [ 88.774742547611964, 27.089427759944648 ], [ 88.773046604445369, 27.089634199921505 ], [ 88.772011324622468, 27.089529921304855 ], [ 88.771180107057873, 27.089576504253252 ], [ 88.770690975188572, 27.089573642077443 ], [ 88.771834178390932, 27.090448288421047 ], [ 88.773818370552547, 27.091894482073293 ], [ 88.775085103336778, 27.092925492568366 ], [ 88.777411905019889, 27.094349252039773 ], [ 88.778674968443909, 27.094825181021815 ], [ 88.779914474705635, 27.09540519427544 ], [ 88.781994938009845, 27.096231771451372 ], [ 88.782652391925922, 27.096354307234296 ], [ 88.783827470295236, 27.097002795885956 ], [ 88.786892433675646, 27.097902541056442 ], [ 88.789614837114058, 27.098820118678443 ], [ 88.790108742781854, 27.099120707261946 ], [ 88.790421658951161, 27.099455188687379 ], [ 88.791158094516405, 27.099152461229767 ], [ 88.791767124381749, 27.098765609254059 ], [ 88.7930193003249, 27.098235159592999 ], [ 88.793544553695412, 27.097971217631951 ], [ 88.794803196931028, 27.097215024420514 ], [ 88.795425024123816, 27.096683578782809 ], [ 88.796159483397162, 27.095943098024723 ], [ 88.796413134756293, 27.095091423749334 ], [ 88.796585258636853, 27.093870731994176 ], [ 88.796582306383897, 27.093053929925802 ], [ 88.796413428180173, 27.091950420580261 ], [ 88.796226549522146, 27.090666623631822 ], [ 88.796105930107018, 27.089427108728618 ], [ 88.796213741951306, 27.088599864874318 ], [ 88.796410775334152, 27.088308517867944 ], [ 88.797093973802816, 27.087519046140731 ], [ 88.798224217742813, 27.086308660923553 ], [ 88.798893063523309, 27.085569007202 ], [ 88.799490750467228, 27.084794156676054 ], [ 88.800225829620743, 27.084098777394701 ], [ 88.801007266856459, 27.08315007664666 ], [ 88.80135326424174, 27.082716913890042 ], [ 88.801801024437012, 27.082657019841957 ], [ 88.802698346928253, 27.082650026398721 ], [ 88.804043231043451, 27.08288549426797 ], [ 88.80509942185698, 27.083038911396244 ], [ 88.806126311190212, 27.083251364928298 ], [ 88.80704172891916, 27.083429141258819 ], [ 88.8080576017678, 27.08358305355565 ], [ 88.809402721680399, 27.083832004591088 ], [ 88.810784728587379, 27.084179751995393 ], [ 88.811830928524174, 27.084337758668255 ], [ 88.8130453673175, 27.084610924324707 ], [ 88.813819805651477, 27.084799500326231 ], [ 88.814925195647064, 27.084875486839966 ], [ 88.815899598795383, 27.084957672301478 ], [ 88.817129190472329, 27.084919214204568 ], [ 88.817707498082342, 27.084825990971868 ], [ 88.817901321401578, 27.084651993238545 ], [ 88.818009740597972, 27.084497152259257 ], [ 88.817973085834339, 27.084100490819722 ], [ 88.818330251456871, 27.084050741290483 ], [ 88.818657827069188, 27.084041990290842 ], [ 88.818722301265851, 27.083039290560759 ], [ 88.818812051470331, 27.082040777924625 ], [ 88.819093876867612, 27.080448587722341 ], [ 88.819166812597089, 27.079657886120525 ], [ 88.819191480117652, 27.078375901816003 ], [ 88.81904394615745, 27.077669285150179 ], [ 88.818890778221856, 27.077238027770065 ], [ 88.81824641575146, 27.076984614675389 ], [ 88.81743646851686, 27.076467079060514 ], [ 88.815759185631308, 27.075310885068884 ], [ 88.815093614316751, 27.074678646415126 ], [ 88.814261283382876, 27.074021479168845 ], [ 88.813460176138364, 27.073111180883206 ], [ 88.812696904681729, 27.072358341108579 ], [ 88.812038795958472, 27.071247620824199 ], [ 88.811644059787383, 27.070526128064088 ], [ 88.811048340172192, 27.069531934932314 ], [ 88.810702025253107, 27.068372060625453 ], [ 88.810669248657831, 27.067587233868856 ], [ 88.810134168326627, 27.067855873756763 ], [ 88.80881874285862, 27.068188707431123 ], [ 88.807994878433121, 27.06868218704788 ], [ 88.807152917142233, 27.06899086486688 ], [ 88.806211618724475, 27.069706978256949 ], [ 88.805486219615958, 27.070054765333055 ], [ 88.802904913945369, 27.071301869277892 ], [ 88.801957505516555, 27.071638946655263 ], [ 88.801237987395723, 27.072040792519331 ], [ 88.79923549750599, 27.072919379697368 ], [ 88.797920265419819, 27.073586070102884 ], [ 88.796997087280403, 27.073864138344383 ], [ 88.795388694826656, 27.074484908866467 ], [ 88.794310463051303, 27.075157566429937 ], [ 88.793412669237654, 27.075764730798209 ], [ 88.791906528904676, 27.076794837691367 ], [ 88.790813705341037, 27.077503757950012 ], [ 88.790011191810336, 27.078398518071861 ], [ 88.789137978056203, 27.078969241221326 ], [ 88.788185322167124, 27.079617690231469 ], [ 88.786261173837602, 27.08100055411963 ], [ 88.785389350432752, 27.081661496377372 ], [ 88.784665629020367, 27.082442402238762 ], [ 88.783835112337727, 27.083165991744792 ], [ 88.782969654813115, 27.08391258596782 ], [ 88.782602918209719, 27.08431437780537 ], [ 88.782219473489675, 27.085253422879521 ] ] ] } },
{ "type": "Feature", "properties": { "District": "Kalimpong", "Dist_LGD": "327N001", "Sub_dist": "Gorubathan", "Subdis_LGD": "2158", "Subdis_Typ": "Cd_Block", "Vill_name": "Rachela Forest", "Vill_Cat": "Others", "Vill_LGD": "306312", "arr_project": "asha2" }, "geometry": { "type": "Polygon", "coordinates": [ [ [ 88.728578805502039, 27.136418020637631 ], [ 88.72896199450193, 27.136268794861188 ], [ 88.729194660522793, 27.136272523054433 ], [ 88.729774023531533, 27.136281807293805 ], [ 88.730434684787625, 27.136213640920616 ], [ 88.732391380359545, 27.135959432158291 ], [ 88.733677191822494, 27.135588473915309 ], [ 88.734539612452721, 27.135520053550628 ], [ 88.735674317221665, 27.135451510295979 ], [ 88.736185140972523, 27.135397660774228 ], [ 88.736536688944, 27.135360602556517 ], [ 88.736542300709928, 27.135361057843554 ], [ 88.736846304734755, 27.134205418434192 ], [ 88.736950232638918, 27.133423383638537 ], [ 88.736907091849929, 27.132264078642006 ], [ 88.736829209798501, 27.13114130711633 ], [ 88.736757836549032, 27.130113228231576 ], [ 88.736607777385458, 27.129541933540935 ], [ 88.736845376063627, 27.12827084321361 ], [ 88.737118759578721, 27.127030899803302 ], [ 88.738178282698698, 27.125420186020868 ], [ 88.739227659435272, 27.124459462259782 ], [ 88.740127256956626, 27.12392480923199 ], [ 88.741457236076855, 27.123172701536578 ], [ 88.742006061676577, 27.122786802344972 ], [ 88.742273192667355, 27.122449527273023 ], [ 88.742523243126641, 27.121661163258537 ], [ 88.742504781039571, 27.12046996314335 ], [ 88.742718052319702, 27.119912218025199 ], [ 88.742548585716449, 27.119065879459562 ], [ 88.742298722071979, 27.11823858774806 ], [ 88.742294053795192, 27.117286404313312 ], [ 88.742394920192154, 27.11663528206245 ], [ 88.742797419855165, 27.115921746958985 ], [ 88.743307069444739, 27.114963180174463 ], [ 88.743827993760789, 27.11343132110634 ], [ 88.744169065134201, 27.112010005232424 ], [ 88.744201429689383, 27.111170185962216 ], [ 88.743795279725759, 27.109694966759367 ], [ 88.743104890624082, 27.108426358339788 ], [ 88.742896636929942, 27.108004720051561 ], [ 88.742632321940079, 27.106568352657394 ], [ 88.742505533724994, 27.105545475206803 ], [ 88.742615098430974, 27.104154110574356 ], [ 88.743324790726447, 27.10211445476213 ], [ 88.743703294910546, 27.101157515137178 ], [ 88.744257693247448, 27.100162285181096 ], [ 88.744734147566319, 27.099019093141838 ], [ 88.745285233826749, 27.098136726138311 ], [ 88.745598240152091, 27.097185107350008 ], [ 88.746613688711832, 27.095033325248767 ], [ 88.747074278286874, 27.09417012861304 ], [ 88.747491518805532, 27.093438346646497 ], [ 88.747835934342945, 27.092563054738839 ], [ 88.748024401059496, 27.090412522387844 ], [ 88.748110991615135, 27.088520496777274 ], [ 88.747738414072131, 27.084332549959854 ], [ 88.74758949093895, 27.08253371194639 ], [ 88.747163468761215, 27.081397217646618 ], [ 88.746961141827299, 27.080054856335426 ], [ 88.746870623248739, 27.079094709854964 ], [ 88.746477526116735, 27.078129297099178 ], [ 88.746280040842421, 27.077098271443354 ], [ 88.746248407232372, 27.076358529827058 ], [ 88.746022772484125, 27.076113116613151 ], [ 88.745454024633176, 27.076174336429983 ], [ 88.74468491655837, 27.075994337356779 ], [ 88.744392991985677, 27.075700101203406 ], [ 88.744331605901053, 27.075317255636687 ], [ 88.744136882576782, 27.074137262063623 ], [ 88.743969160335112, 27.073724145394298 ], [ 88.743585954513165, 27.073394934664314 ], [ 88.743100001863425, 27.072615696005091 ], [ 88.743058520062192, 27.071889613733166 ], [ 88.742614645507047, 27.071222677050741 ], [ 88.742303150572667, 27.070639845175709 ], [ 88.741837153243409, 27.070171750541423 ], [ 88.741389628081663, 27.069920052639286 ], [ 88.740963311913887, 27.069735784718652 ], [ 88.739872371084189, 27.069604873113196 ], [ 88.739137972345645, 27.069383795202693 ], [ 88.738619848554734, 27.068803509071788 ], [ 88.738251853774571, 27.067824219270033 ], [ 88.737878448776556, 27.067147367151833 ], [ 88.737854212374486, 27.06655646000301 ], [ 88.737655897365855, 27.065791695586725 ], [ 88.737517890323218, 27.064687707928588 ], [ 88.737208073250883, 27.063883704230495 ], [ 88.736987350152802, 27.063299735597528 ], [ 88.73698140003782, 27.06193236032664 ], [ 88.736858248124818, 27.060810136229417 ], [ 88.736931377963131, 27.06032182472623 ], [ 88.736995191682141, 27.05988327178904 ], [ 88.737080625540116, 27.059539226106875 ], [ 88.737196089581474, 27.05918126986127 ], [ 88.737443145351364, 27.058857792929093 ], [ 88.738524375768762, 27.05836605026693 ], [ 88.737662388721972, 27.058038224612897 ], [ 88.736845070364339, 27.05766471283604 ], [ 88.735556863725904, 27.057482041896808 ], [ 88.734061449454799, 27.056936357581229 ], [ 88.733376778184663, 27.05666498935755 ], [ 88.732431499055011, 27.056491600833745 ], [ 88.731365943065157, 27.056035366103337 ], [ 88.729878858112428, 27.055701645582197 ], [ 88.729310809154754, 27.055473953404952 ], [ 88.72801172797773, 27.055237188817607 ], [ 88.7271863834778, 27.054994595625967 ], [ 88.726150963690785, 27.054858376186893 ], [ 88.725455414862481, 27.054862398344511 ], [ 88.725576854737298, 27.055551404611577 ], [ 88.725396739984376, 27.056627721120872 ], [ 88.725116654515247, 27.057429968213061 ], [ 88.724916303720093, 27.058502018001988 ], [ 88.725063844604136, 27.060237733811881 ], [ 88.725209320173249, 27.06183808185488 ], [ 88.725265597194408, 27.063209358798883 ], [ 88.725647905888053, 27.065461191892382 ], [ 88.725717999950064, 27.066746549661815 ], [ 88.725764615477303, 27.067486118408205 ], [ 88.72581647681902, 27.068239160149723 ], [ 88.725751855633476, 27.06862807483304 ], [ 88.725124582005137, 27.069145747110468 ], [ 88.724085165113792, 27.070074644792342 ], [ 88.722768853262437, 27.071029494903097 ], [ 88.721978111599384, 27.0717387040525 ], [ 88.720976970556123, 27.072536233831457 ], [ 88.719994462277967, 27.073234241438609 ], [ 88.719185330594797, 27.073731547729668 ], [ 88.717813347591843, 27.074678007897354 ], [ 88.717174477514618, 27.075101014305361 ], [ 88.716441617762896, 27.075642503940429 ], [ 88.715802623492237, 27.07572702724724 ], [ 88.714725087907226, 27.075816896250828 ], [ 88.713532164595023, 27.075944267911627 ], [ 88.712382513160875, 27.076265164724862 ], [ 88.711560190579888, 27.076893468895783 ], [ 88.710651885249234, 27.078168181619102 ], [ 88.710444480318245, 27.079118449100079 ], [ 88.709982698839696, 27.079918366467524 ], [ 88.709930114573751, 27.080771974107169 ], [ 88.7098215607528, 27.081924124779295 ], [ 88.709915166119586, 27.082775955066573 ], [ 88.70989711482747, 27.083579498680056 ], [ 88.710414408349124, 27.084773677779314 ], [ 88.71055986995448, 27.085719649889295 ], [ 88.7109108579359, 27.086586397183762 ], [ 88.711339390395153, 27.087578564900497 ], [ 88.711761174385543, 27.088457986743631 ], [ 88.712427972907335, 27.090196414230263 ], [ 88.71236045202906, 27.090729776762021 ], [ 88.712076836643703, 27.091310904084722 ], [ 88.711672812115765, 27.092263566210981 ], [ 88.7111123231644, 27.09287514168431 ], [ 88.710863028147102, 27.093392665099334 ], [ 88.710272486292197, 27.094018141777482 ], [ 88.70968018634953, 27.094860264726112 ], [ 88.709134621302539, 27.095792078120443 ], [ 88.708760230028716, 27.096374302315176 ], [ 88.70818323723114, 27.097229771890476 ], [ 88.707806371610772, 27.097649555333899 ], [ 88.707776950715939, 27.098701453876547 ], [ 88.707602756686825, 27.099849886046506 ], [ 88.707128015863404, 27.101796267866881 ], [ 88.70673534547845, 27.103502460144373 ], [ 88.706588284654032, 27.105110893210959 ], [ 88.706578818494251, 27.107146393698891 ], [ 88.706134632367565, 27.109114965650154 ], [ 88.706111063505134, 27.109223566294474 ], [ 88.706044029986543, 27.1104564421167 ], [ 88.706289255001238, 27.113323762135973 ], [ 88.706637806601876, 27.115354910342589 ], [ 88.706979771365596, 27.116618919733096 ], [ 88.707790525205098, 27.118197653004628 ], [ 88.708153583364478, 27.118856654849758 ], [ 88.70908591849107, 27.118809205711578 ], [ 88.710110286394496, 27.118512413706668 ], [ 88.71091768137569, 27.118209231756712 ], [ 88.711634099268338, 27.11789361521712 ], [ 88.712236003737161, 27.117344713168372 ], [ 88.713190101884464, 27.11607845319141 ], [ 88.713355818987424, 27.115038433217507 ], [ 88.713555064192107, 27.114544080603707 ], [ 88.714069480277146, 27.114212864928259 ], [ 88.714966613032047, 27.114174834849951 ], [ 88.715301474848133, 27.114306137085325 ], [ 88.715587083798994, 27.114514761081619 ], [ 88.715809414789547, 27.114873087188904 ], [ 88.716074856023923, 27.115081956116185 ], [ 88.717086772847324, 27.115624689672288 ], [ 88.717896586437263, 27.116142810848565 ], [ 88.71809426725045, 27.116537539118493 ], [ 88.718145568574371, 27.117254483099764 ], [ 88.718206208327032, 27.117592217578196 ], [ 88.718386134679548, 27.118145118569728 ], [ 88.718700329483326, 27.119562876617195 ], [ 88.719055300509524, 27.120348312277951 ], [ 88.719244690710539, 27.121519378923463 ], [ 88.719319009998472, 27.122091622792105 ], [ 88.719428490625489, 27.12265441143045 ], [ 88.719578935737729, 27.123257313109931 ], [ 88.719806200388106, 27.123935996079521 ], [ 88.719824430577361, 27.124468309010453 ], [ 88.71976087616477, 27.124599964807057 ], [ 88.719318066896491, 27.124998020939884 ], [ 88.718951871170944, 27.125128870371622 ], [ 88.718312039308245, 27.125506769756271 ], [ 88.717393741164827, 27.125815865138822 ], [ 88.716558616516366, 27.125956954786794 ], [ 88.715626504646139, 27.126022503924265 ], [ 88.71507896112476, 27.126169098171957 ], [ 88.714486631283435, 27.126686305108976 ], [ 88.714476682230227, 27.126695451897366 ], [ 88.715026691094494, 27.127040751116212 ], [ 88.718766932059523, 27.12952681644866 ], [ 88.720593279762127, 27.130542437603999 ], [ 88.723785559259554, 27.132804913323433 ], [ 88.726494278456329, 27.134775399166276 ], [ 88.728463377084253, 27.136474249756343 ], [ 88.728578805502039, 27.136418020637631 ] ] ] } },
{ "type": "Feature", "properties": { "District": "Kalimpong", "Dist_LGD": "327N001", "Sub_dist": "Gorubathan", "Subdis_LGD": "2158", "Subdis_Typ": "Cd_Block", "Vill_name": "Thousum Forest", "Vill_Cat": "Others", "Vill_LGD": "306320", "arr_project": "asha2" }, "geometry": { "type": "Polygon", "coordinates": [ [ [ 88.747738414072131, 27.084332549959854 ], [ 88.748110991615135, 27.088520496777274 ], [ 88.748024401059496, 27.090412522387844 ], [ 88.747835934342945, 27.092563054738839 ], [ 88.747491518805532, 27.093438346646497 ], [ 88.747074278286874, 27.09417012861304 ], [ 88.746613688711832, 27.095033325248767 ], [ 88.745598240152091, 27.097185107350008 ], [ 88.745285233826749, 27.098136726138311 ], [ 88.744734147566319, 27.099019093141838 ], [ 88.744257693247448, 27.100162285181096 ], [ 88.743703294910546, 27.101157515137178 ], [ 88.743324790726447, 27.10211445476213 ], [ 88.742615098430974, 27.104154110574356 ], [ 88.742505533724994, 27.105545475206803 ], [ 88.742632321940079, 27.106568352657394 ], [ 88.742896636929942, 27.108004720051561 ], [ 88.743104890624082, 27.108426358339788 ], [ 88.743795279725759, 27.109694966759367 ], [ 88.744201429689383, 27.111170185962216 ], [ 88.744169065134201, 27.112010005232424 ], [ 88.743827993760789, 27.11343132110634 ], [ 88.743307069444739, 27.114963180174463 ], [ 88.742797419855165, 27.115921746958985 ], [ 88.742394920192154, 27.11663528206245 ], [ 88.742294053795192, 27.117286404313312 ], [ 88.742298722071979, 27.11823858774806 ], [ 88.742548585716449, 27.119065879459562 ], [ 88.742718052319702, 27.119912218025199 ], [ 88.742504781039571, 27.12046996314335 ], [ 88.742523243126641, 27.121661163258537 ], [ 88.742273192667355, 27.122449527273023 ], [ 88.742006061676577, 27.122786802344972 ], [ 88.741457236076855, 27.123172701536578 ], [ 88.740127256956626, 27.12392480923199 ], [ 88.740896761066836, 27.124109327812523 ], [ 88.7419322659823, 27.12453424545367 ], [ 88.742737075627119, 27.124718316618246 ], [ 88.743666274889847, 27.125117462269021 ], [ 88.745030352415597, 27.125587917315968 ], [ 88.746157633559349, 27.125749907733422 ], [ 88.748589174328401, 27.125453379979426 ], [ 88.750385730465126, 27.125191806108464 ], [ 88.751229366461942, 27.124305768792297 ], [ 88.752872574167455, 27.122944909779939 ], [ 88.754117306381062, 27.121584498686413 ], [ 88.755195573518591, 27.119901223730004 ], [ 88.757199473477215, 27.117746039080309 ], [ 88.758048536797986, 27.116891487235417 ], [ 88.758534678773216, 27.116050500196206 ], [ 88.759179053720501, 27.114363603574962 ], [ 88.760018899309259, 27.112922470132844 ], [ 88.761508622176805, 27.110150880757043 ], [ 88.762304138400012, 27.109102919040989 ], [ 88.762782700928724, 27.108104060346644 ], [ 88.762957889547081, 27.107054852282403 ], [ 88.763318991389099, 27.105962694158713 ], [ 88.763617723823259, 27.105074401153832 ], [ 88.764055788489912, 27.102780823852783 ], [ 88.764317166390796, 27.101762123027672 ], [ 88.764778434557726, 27.100628086750611 ], [ 88.764916892660139, 27.099489077854891 ], [ 88.765161149310828, 27.098344228048401 ], [ 88.765178163585858, 27.097500087615213 ], [ 88.765381517090916, 27.09631964667296 ], [ 88.76555921882273, 27.095432870592752 ], [ 88.766151584913445, 27.09462211668875 ], [ 88.766567637933179, 27.09382260431061 ], [ 88.767181015522453, 27.092745316099574 ], [ 88.767749709364054, 27.092034138895929 ], [ 88.768679528473726, 27.090880656731173 ], [ 88.769089516474764, 27.090018031662726 ], [ 88.769364452700572, 27.08922479986785 ], [ 88.768625914192526, 27.088430788442214 ], [ 88.767957675978451, 27.087617834553772 ], [ 88.767292648050301, 27.086687501031239 ], [ 88.766266607807808, 27.0855631286951 ], [ 88.765318041657096, 27.084555113608396 ], [ 88.76472007079488, 27.083718695792207 ], [ 88.764192399014902, 27.082863340852821 ], [ 88.763575295761171, 27.081769916568039 ], [ 88.762602738724965, 27.080513967191724 ], [ 88.762146657030556, 27.079720886761358 ], [ 88.761570412323152, 27.078658532082404 ], [ 88.76123817383052, 27.077723992808821 ], [ 88.760925855082277, 27.076450728703406 ], [ 88.76081129024854, 27.07557213073758 ], [ 88.760647098417692, 27.074743797181675 ], [ 88.760371842903837, 27.07422824959562 ], [ 88.758373156200079, 27.072791051653063 ], [ 88.756755853548412, 27.071561169722045 ], [ 88.755672953175917, 27.070654045307659 ], [ 88.75401860200229, 27.069307254112992 ], [ 88.752352046835469, 27.068145626787818 ], [ 88.751342019510872, 27.067381972737273 ], [ 88.749195723306073, 27.065838162084464 ], [ 88.748473583065149, 27.065107009356755 ], [ 88.747439598290129, 27.06442034360812 ], [ 88.746645659790914, 27.063608838695213 ], [ 88.74510113242826, 27.062504273317217 ], [ 88.742635089404203, 27.060156489081908 ], [ 88.741818038111902, 27.059476118412771 ], [ 88.741469631567497, 27.058785425780435 ], [ 88.740330747502767, 27.05815416112927 ], [ 88.739781877930014, 27.057538152674997 ], [ 88.73937992064036, 27.057949297972112 ], [ 88.7388276994905, 27.058096030800797 ], [ 88.738524375768762, 27.05836605026693 ], [ 88.737443145351364, 27.058857792929093 ], [ 88.737196089581474, 27.05918126986127 ], [ 88.737080625540116, 27.059539226106875 ], [ 88.736995191682141, 27.05988327178904 ], [ 88.736931377963131, 27.06032182472623 ], [ 88.736858248124818, 27.060810136229417 ], [ 88.73698140003782, 27.06193236032664 ], [ 88.736987350152802, 27.063299735597528 ], [ 88.737208073250883, 27.063883704230495 ], [ 88.737517890323218, 27.064687707928588 ], [ 88.737655897365855, 27.065791695586725 ], [ 88.737854212374486, 27.06655646000301 ], [ 88.737878448776556, 27.067147367151833 ], [ 88.738251853774571, 27.067824219270033 ], [ 88.738619848554734, 27.068803509071788 ], [ 88.739137972345645, 27.069383795202693 ], [ 88.739872371084189, 27.069604873113196 ], [ 88.740963311913887, 27.069735784718652 ], [ 88.741389628081663, 27.069920052639286 ], [ 88.741837153243409, 27.070171750541423 ], [ 88.742303150572667, 27.070639845175709 ], [ 88.742614645507047, 27.071222677050741 ], [ 88.743058520062192, 27.071889613733166 ], [ 88.743100001863425, 27.072615696005091 ], [ 88.743585954513165, 27.073394934664314 ], [ 88.743969160335112, 27.073724145394298 ], [ 88.744136882576782, 27.074137262063623 ], [ 88.744331605901053, 27.075317255636687 ], [ 88.744392991985677, 27.075700101203406 ], [ 88.74468491655837, 27.075994337356779 ], [ 88.745454024633176, 27.076174336429983 ], [ 88.746022772484125, 27.076113116613151 ], [ 88.746248407232372, 27.076358529827058 ], [ 88.746280040842421, 27.077098271443354 ], [ 88.746477526116735, 27.078129297099178 ], [ 88.746870623248739, 27.079094709854964 ], [ 88.746961141827299, 27.080054856335426 ], [ 88.747163468761215, 27.081397217646618 ], [ 88.74758949093895, 27.08253371194639 ], [ 88.747738414072131, 27.084332549959854 ] ] ] } },
{ "type": "Feature", "properties": { "District": "Kalimpong", "Dist_LGD": "327N001", "Sub_dist": "Gorubathan", "Subdis_LGD": "2158", "Subdis_Typ": "Cd_Block", "Vill_name": "Rango Forest", "Vill_Cat": "Others", "Vill_LGD": "306318", "arr_project": "asha2" }, "geometry": { "type": "Polygon", "coordinates": [ [ [ 88.828952863409995, 27.047060574997737 ], [ 88.830349178119988, 27.044898783255569 ], [ 88.830864295905315, 27.044341504679569 ], [ 88.831574901027622, 27.043718500289227 ], [ 88.8325405210458, 27.043281712163051 ], [ 88.833268227130844, 27.043091715246739 ], [ 88.834072541375718, 27.042963897221629 ], [ 88.834667836767039, 27.042689872901061 ], [ 88.835188062121546, 27.042448417241125 ], [ 88.836436931637053, 27.042075601997421 ], [ 88.837409540058673, 27.041760538965164 ], [ 88.838308585042881, 27.04126140199871 ], [ 88.839309058733377, 27.040801548904319 ], [ 88.840262008484274, 27.040518313876166 ], [ 88.841374791522753, 27.040147236221429 ], [ 88.84179517215874, 27.039965730863301 ], [ 88.84235648830736, 27.039773354139957 ], [ 88.843080219313634, 27.039651052925183 ], [ 88.843708802884592, 27.039566097865876 ], [ 88.844904027426423, 27.039306734587868 ], [ 88.846087027873324, 27.038916648165824 ], [ 88.846950723264499, 27.038724797891877 ], [ 88.84732751326554, 27.038652158430899 ], [ 88.847544323422397, 27.038658337334837 ], [ 88.847929624151547, 27.038797689998873 ], [ 88.848341685339861, 27.038724584350174 ], [ 88.84870765743166, 27.038606953892884 ], [ 88.849464571928735, 27.038357822970152 ], [ 88.850579223812247, 27.038103984923509 ], [ 88.850927406131859, 27.038130995165893 ], [ 88.851102272185173, 27.038345312538663 ], [ 88.851151024848647, 27.038552263890953 ], [ 88.850995193448796, 27.038883754835616 ], [ 88.85089448812586, 27.039196468141515 ], [ 88.850818680633665, 27.039490803473278 ], [ 88.850808819819321, 27.039811346870071 ], [ 88.850842235410397, 27.040004961212812 ], [ 88.851123357207385, 27.040551834054693 ], [ 88.851561941089187, 27.041173353212073 ], [ 88.851720359186601, 27.041920405725708 ], [ 88.851863959450696, 27.042685705065704 ], [ 88.852224083959754, 27.043439127963037 ], [ 88.852804737156504, 27.043810564408272 ], [ 88.853165683704546, 27.04399986264243 ], [ 88.85396338242397, 27.044084123142973 ], [ 88.85484666684053, 27.044162738327973 ], [ 88.855718020222838, 27.044128682226834 ], [ 88.856572473783729, 27.043986535641245 ], [ 88.85731502921341, 27.043782681287599 ], [ 88.857868633285321, 27.043734755375628 ], [ 88.858777036842739, 27.043808500321447 ], [ 88.859485430789519, 27.043672779347894 ], [ 88.860425737318394, 27.043236137569469 ], [ 88.861460059318944, 27.042694450792933 ], [ 88.86267640914798, 27.041884089209919 ], [ 88.863791475762568, 27.041350341920964 ], [ 88.864871634582229, 27.040839614075654 ], [ 88.865441384798018, 27.040245390008746 ], [ 88.865785510376824, 27.039721848353217 ], [ 88.866458822160894, 27.039600095780347 ], [ 88.867310051917968, 27.039570750203531 ], [ 88.86771534202623, 27.039393881699279 ], [ 88.868252456983328, 27.039264903753828 ], [ 88.868740679161178, 27.039226830413639 ], [ 88.869264544994081, 27.039210846336317 ], [ 88.869717719684019, 27.039186772739427 ], [ 88.870144654618855, 27.039099868469133 ], [ 88.870604390698574, 27.038863600873519 ], [ 88.871017581133671, 27.038555746081162 ], [ 88.872051655850257, 27.038004961811083 ], [ 88.87244039420878, 27.037742557351852 ], [ 88.872687901657841, 27.037473004816764 ], [ 88.873124625595182, 27.037065548021666 ], [ 88.873742375459528, 27.03633075501547 ], [ 88.874305891867593, 27.035668886667459 ], [ 88.874657923567014, 27.035321221446829 ], [ 88.87484179741125, 27.035165334384725 ], [ 88.874851798544057, 27.03516068791193 ], [ 88.877861036595732, 27.033651810527918 ], [ 88.877787757820741, 27.033337627457861 ], [ 88.877687462191361, 27.032850663142398 ], [ 88.877678106776358, 27.032805237642837 ], [ 88.877633899076415, 27.032612387915737 ], [ 88.877527044270252, 27.032146249756316 ], [ 88.877397974731068, 27.031584788994525 ], [ 88.87724507677693, 27.031119162004838 ], [ 88.877031660037304, 27.030465565124391 ], [ 88.876705714654165, 27.029579097681701 ], [ 88.876489137656037, 27.028913727644827 ], [ 88.876326211892788, 27.028466089611342 ], [ 88.876275928105073, 27.028239573378283 ], [ 88.876108846868974, 27.027882939949745 ], [ 88.875979465003297, 27.027529794323652 ], [ 88.875895278510853, 27.02690630054742 ], [ 88.875868033064805, 27.026671153502555 ], [ 88.87577459411385, 27.026159442468298 ], [ 88.87569551593873, 27.025518627180745 ], [ 88.875652783531052, 27.025189384601859 ], [ 88.875564742982647, 27.024798120779117 ], [ 88.875512031099021, 27.024345474535885 ], [ 88.875436548313388, 27.023810393624071 ], [ 88.875323212786057, 27.023322021949078 ], [ 88.875258097135472, 27.022933871781174 ], [ 88.87518958916516, 27.022557441543849 ], [ 88.875055344623661, 27.021857464413319 ], [ 88.874952217008115, 27.021330993560277 ], [ 88.87487786264623, 27.020881099731135 ], [ 88.874803282490845, 27.020454698131566 ], [ 88.874756652456313, 27.020190031977712 ], [ 88.874712998377959, 27.019617034584176 ], [ 88.874642009889271, 27.01915835636736 ], [ 88.874631219472477, 27.018917461280079 ], [ 88.87470864365828, 27.01870955401294 ], [ 88.874944020487874, 27.018103475823327 ], [ 88.875169786604133, 27.017473827217586 ], [ 88.875411490446609, 27.016891290514174 ], [ 88.875424081976817, 27.016265865440687 ], [ 88.875455085401271, 27.015091415778191 ], [ 88.875459068393909, 27.014879540646398 ], [ 88.875461819170283, 27.014733187631574 ], [ 88.87547981038675, 27.014330576863095 ], [ 88.875495271618419, 27.01398458117314 ], [ 88.875504066921664, 27.013752648005678 ], [ 88.875346512252662, 27.013090664673769 ], [ 88.875226756683645, 27.012544387844034 ], [ 88.875177077614055, 27.012214857348003 ], [ 88.875092462403146, 27.011930162903756 ], [ 88.874862852919364, 27.011565694839557 ], [ 88.874778858229249, 27.011435827551729 ], [ 88.874523227822579, 27.01108437683672 ], [ 88.874283964827981, 27.010735989752238 ], [ 88.874248978941708, 27.010624123169496 ], [ 88.873810978128361, 27.010144977921971 ], [ 88.873431850473068, 27.009680971274506 ], [ 88.873441500349003, 27.009360942228007 ], [ 88.87344579512316, 27.009282240923877 ], [ 88.873473375330093, 27.008776779607111 ], [ 88.873475900580019, 27.007892483538168 ], [ 88.873476125903679, 27.007813551490784 ], [ 88.87351031421592, 27.007329255621052 ], [ 88.873523680421656, 27.006624542956558 ], [ 88.873557754355375, 27.006151991534612 ], [ 88.873233675038975, 27.004337286268356 ], [ 88.872965812481269, 27.003244076923959 ], [ 88.872705940024048, 27.002044931479816 ], [ 88.872622995123336, 27.001630617360469 ], [ 88.87261328409528, 27.001604368393991 ], [ 88.872307491465762, 27.000777815559434 ], [ 88.872321302905746, 27.00071934028729 ], [ 88.872490581395411, 27.00000261167715 ], [ 88.872230950556272, 26.999047019890778 ], [ 88.87206528159814, 26.998588607598293 ], [ 88.871746919472074, 26.997465437048021 ], [ 88.870562669292156, 26.996232313347768 ], [ 88.870378462065048, 26.996032872797802 ], [ 88.870128260026021, 26.995761977762459 ], [ 88.87015595667134, 26.995500521798384 ], [ 88.870267169397493, 26.994450659420316 ], [ 88.870319169794485, 26.994072203713738 ], [ 88.870139603154698, 26.99408606869466 ], [ 88.869996112743124, 26.9941065791872 ], [ 88.866883159148216, 26.994551514535782 ], [ 88.866595133209358, 26.994803540367208 ], [ 88.865509960873752, 26.996510247782044 ], [ 88.865586393892784, 26.998088744752977 ], [ 88.866350986430518, 26.999238425726027 ], [ 88.86710479766127, 27.001259230312041 ], [ 88.867823378710057, 27.003280495692529 ], [ 88.86850187871454, 27.005008952186564 ], [ 88.867476212457376, 27.005442254558847 ], [ 88.866688133346742, 27.006228918882631 ], [ 88.86639115412153, 27.006855632340116 ], [ 88.865960775197649, 27.007642062536462 ], [ 88.865201999963645, 27.00837417715281 ], [ 88.864612026474106, 27.008955125552372 ], [ 88.863654596744908, 27.009252113227721 ], [ 88.862612600740093, 27.00900415258873 ], [ 88.861454007648135, 27.008712597730021 ], [ 88.86075514880973, 27.00849619131931 ], [ 88.859676655020834, 27.008478848602209 ], [ 88.859249303537723, 27.008534134222238 ], [ 88.85889929388911, 27.008696705831188 ], [ 88.857897644059179, 27.009675684282207 ], [ 88.857047238701824, 27.010354809836699 ], [ 88.856247342155726, 27.010735415379539 ], [ 88.855325650388721, 27.010756587966629 ], [ 88.854234910206657, 27.010608492746638 ], [ 88.853833994507312, 27.010740133227113 ], [ 88.853335734406144, 27.011080645642778 ], [ 88.852499735781791, 27.011718940340284 ], [ 88.851683220950662, 27.012009481081549 ], [ 88.850633056473797, 27.012185751573131 ], [ 88.850241687231502, 27.01228566740242 ], [ 88.849764002262859, 27.012652975365132 ], [ 88.849257936466913, 27.013133477245479 ], [ 88.848813791808837, 27.013703423174871 ], [ 88.848239349502279, 27.014008816206523 ], [ 88.847440299358425, 27.014136639026379 ], [ 88.846222495380189, 27.014847600607872 ], [ 88.845388148259161, 27.015282751653473 ], [ 88.844546371792759, 27.015880461283572 ], [ 88.843957603006686, 27.016235668007024 ], [ 88.843262598073053, 27.016565184574024 ], [ 88.842180169307156, 27.017238238205731 ], [ 88.840360341215657, 27.018114979860101 ], [ 88.839569375320451, 27.018432195910449 ], [ 88.838938731080177, 27.018693157611189 ], [ 88.837964148707812, 27.01918425485816 ], [ 88.837015481004755, 27.019720136347491 ], [ 88.836076146481943, 27.020210759286464 ], [ 88.834109166893612, 27.02103067512429 ], [ 88.833006266338316, 27.02169038768378 ], [ 88.832143124509997, 27.022220610911695 ], [ 88.830723476138971, 27.023236436666945 ], [ 88.829706326094964, 27.023904035609569 ], [ 88.829146159192007, 27.02416404138739 ], [ 88.827942727608033, 27.024843074216786 ], [ 88.827161170329319, 27.025435389390754 ], [ 88.826244157060941, 27.026065560799562 ], [ 88.825308075875043, 27.026763669105677 ], [ 88.824922762389733, 27.026931130789155 ], [ 88.824571402471932, 27.027016919399721 ], [ 88.824389291290316, 27.027285541675099 ], [ 88.823624179060062, 27.028586155726718 ], [ 88.823143903196623, 27.029738661738701 ], [ 88.822401028206656, 27.031169856131342 ], [ 88.82171984668264, 27.032365574854779 ], [ 88.821015659178386, 27.03338558588807 ], [ 88.820452408629606, 27.034083352362234 ], [ 88.819704762356565, 27.034909861795519 ], [ 88.818826827988474, 27.035783182195054 ], [ 88.818383024939408, 27.036389138267694 ], [ 88.817845976644264, 27.036838343776711 ], [ 88.817575951317494, 27.037595491568453 ], [ 88.816998268737038, 27.038338560652168 ], [ 88.816512829451554, 27.03886381566852 ], [ 88.815687552120536, 27.039880852094228 ], [ 88.814940123321193, 27.040725388836229 ], [ 88.813490761752618, 27.042111497314259 ], [ 88.812745621563025, 27.042473108823859 ], [ 88.811791996032056, 27.042720064679489 ], [ 88.810678465801118, 27.042738914348682 ], [ 88.810301892383123, 27.042513599879367 ], [ 88.809443727675713, 27.04211396156537 ], [ 88.809301442963701, 27.043298182063356 ], [ 88.809191101119083, 27.044274396158816 ], [ 88.809132305251481, 27.045322154194821 ], [ 88.809085705000228, 27.045873331574601 ], [ 88.808921330706141, 27.047251891839892 ], [ 88.80870007507859, 27.048540924762044 ], [ 88.808393075733036, 27.049826545924496 ], [ 88.808608757424452, 27.050703795934702 ], [ 88.80908936575868, 27.052385453639044 ], [ 88.809282178806583, 27.053407409975517 ], [ 88.809299092365578, 27.054147313941236 ], [ 88.809353484361267, 27.05533802861267 ], [ 88.809411035316771, 27.056411365758507 ], [ 88.809496175419383, 27.057633275872863 ], [ 88.809862130917637, 27.058449919905165 ], [ 88.810302890138985, 27.05921595754393 ], [ 88.810521982082847, 27.059989361552923 ], [ 88.810629220648394, 27.061016929469176 ], [ 88.810563951509366, 27.061974510074474 ], [ 88.810469672285862, 27.063009184116648 ], [ 88.81035371153493, 27.063949365729613 ], [ 88.810272633394334, 27.064550628921005 ], [ 88.810429479292296, 27.065527915000715 ], [ 88.810658556384723, 27.066608067193506 ], [ 88.810669248657831, 27.067587233868856 ], [ 88.811325431593829, 27.067326059213176 ], [ 88.811627109017493, 27.067277043332453 ], [ 88.812244563717499, 27.067115646337935 ], [ 88.813551119322497, 27.066859614531094 ], [ 88.814198300599273, 27.066666236424012 ], [ 88.8145700519608, 27.066273328386728 ], [ 88.814982020930501, 27.06618677829384 ], [ 88.815635981175276, 27.066101616174237 ], [ 88.816349546109336, 27.065961524634268 ], [ 88.816765025167712, 27.065780153830385 ], [ 88.817017478556679, 27.065492578022102 ], [ 88.817424276568417, 27.065085671128138 ], [ 88.817868698290098, 27.064511298745568 ], [ 88.819208111972671, 27.063483082947744 ], [ 88.81998128403599, 27.062665266962604 ], [ 88.821009722408249, 27.061735831216215 ], [ 88.821423655250456, 27.06114830509016 ], [ 88.82208599496343, 27.060336425952841 ], [ 88.822948744019214, 27.059449739821687 ], [ 88.823322414689329, 27.058867243038598 ], [ 88.823983706426844, 27.057992189189857 ], [ 88.824408274936985, 27.057129229452517 ], [ 88.825090728545618, 27.056317076439093 ], [ 88.825624251705051, 27.055335363396296 ], [ 88.825971016234305, 27.054338022373194 ], [ 88.826208150609091, 27.053418822086048 ], [ 88.8266275668622, 27.051928629029899 ], [ 88.826979499387761, 27.050940244112859 ], [ 88.827344940395534, 27.050163789372569 ], [ 88.827895582610992, 27.049308207843129 ], [ 88.828952863409995, 27.047060574997737 ] ], [ [ 88.814005324855245, 27.042846195991153 ], [ 88.814500171671725, 27.042744445009699 ], [ 88.814737756471814, 27.042862079359537 ], [ 88.815190999526308, 27.043035502309607 ], [ 88.815472008497807, 27.043348129928866 ], [ 88.815731524033481, 27.04337085062069 ], [ 88.816138853237035, 27.043406512543466 ], [ 88.816427371091848, 27.043490294775591 ], [ 88.816664417662636, 27.043828908574316 ], [ 88.816769521777047, 27.044772868620953 ], [ 88.816617104959334, 27.045330477188802 ], [ 88.816127761776855, 27.045410282221148 ], [ 88.815471808319529, 27.04545766173672 ], [ 88.814912696735433, 27.04576570507804 ], [ 88.814310580004033, 27.045807438835794 ], [ 88.813721422038043, 27.046125753033184 ], [ 88.812967407321821, 27.046504106093415 ], [ 88.812562354365426, 27.046496668930814 ], [ 88.812493191022469, 27.045976535858795 ], [ 88.812581070872938, 27.045546846119425 ], [ 88.812611499813656, 27.045516063130652 ], [ 88.812919013252369, 27.0452049771155 ], [ 88.813151151640369, 27.044817182091975 ], [ 88.813288509041001, 27.044339546987153 ], [ 88.813296262285974, 27.043811353845193 ], [ 88.813424776023169, 27.043398786945009 ], [ 88.813724255795464, 27.043060948946938 ], [ 88.814005324855245, 27.042846195991153 ] ], [ [ 88.833551973565221, 27.041699783757217 ], [ 88.83346013022225, 27.041591163890043 ], [ 88.833374863208576, 27.04149032254686 ], [ 88.83318006389284, 27.041165772236123 ], [ 88.833149522316859, 27.041114885428872 ], [ 88.83305997719151, 27.040649178149227 ], [ 88.833314519120975, 27.040403916887154 ], [ 88.833713885931232, 27.040457023237394 ], [ 88.834125573660998, 27.040328297174344 ], [ 88.834350742570734, 27.04020014157717 ], [ 88.834673177394734, 27.039909743892981 ], [ 88.835069330230553, 27.039630612162373 ], [ 88.835686939578935, 27.039689312135593 ], [ 88.836126770675293, 27.039833183857734 ], [ 88.836774292853548, 27.039679695018325 ], [ 88.836879570672508, 27.039716747421817 ], [ 88.837086221914532, 27.03978947932978 ], [ 88.837182498073432, 27.04004209796615 ], [ 88.83725684113378, 27.040237165026767 ], [ 88.837034044687172, 27.040488601859209 ], [ 88.836996903052622, 27.040506177659545 ], [ 88.836569577206134, 27.040708395853919 ], [ 88.83643217977658, 27.040711677840484 ], [ 88.836171080450256, 27.040717915216717 ], [ 88.835866470534043, 27.040725191577767 ], [ 88.835573285137784, 27.041098039440708 ], [ 88.83545059206395, 27.041293096030667 ], [ 88.835368502460739, 27.041423599926318 ], [ 88.835159289170619, 27.041806638458898 ], [ 88.834766590980763, 27.042018894458778 ], [ 88.834277171356987, 27.042298315835062 ], [ 88.833864630159525, 27.042218089017357 ], [ 88.833551973565221, 27.041699783757217 ] ], [ [ 88.843308227130606, 27.034840413799088 ], [ 88.843101733308359, 27.034797959268797 ], [ 88.842730430073331, 27.034815568459681 ], [ 88.842299790048344, 27.034860785932256 ], [ 88.841828194487945, 27.034810532168613 ], [ 88.841300175915052, 27.034816085408 ], [ 88.841056368729866, 27.034713407827432 ], [ 88.840763597686887, 27.034437710569986 ], [ 88.840495353585965, 27.034173687856157 ], [ 88.840227432115455, 27.033988022801765 ], [ 88.839815797759627, 27.033932394996693 ], [ 88.83972289336856, 27.033919839442778 ], [ 88.839286428012898, 27.033908645715119 ], [ 88.839100501917088, 27.033764254949045 ], [ 88.839024515166088, 27.033480048697282 ], [ 88.839271190150882, 27.033083581021163 ], [ 88.839443275049064, 27.032967053531529 ], [ 88.839532742687169, 27.032906470134961 ], [ 88.839748159371183, 27.032669580837691 ], [ 88.839804986691547, 27.032607089044237 ], [ 88.840258332305197, 27.031953756452676 ], [ 88.840809363195348, 27.031418442267441 ], [ 88.841210052577011, 27.031233851053624 ], [ 88.841213559102812, 27.031235211037419 ], [ 88.841412490521606, 27.031312367575676 ], [ 88.841525153294668, 27.031500078733504 ], [ 88.841914239681074, 27.031730032430289 ], [ 88.842109448186093, 27.032265394495155 ], [ 88.842320537138647, 27.032578170314132 ], [ 88.842527899584212, 27.033005358798277 ], [ 88.842624854338325, 27.033288842552526 ], [ 88.84269494879301, 27.033493790831294 ], [ 88.84276464401394, 27.03359010136376 ], [ 88.843030450856844, 27.033957408886845 ], [ 88.843437436758748, 27.0342852442005 ], [ 88.843783311528469, 27.034548232233746 ], [ 88.84389703438076, 27.034821342760022 ], [ 88.843713525951983, 27.034926129626886 ], [ 88.843308227130606, 27.034840413799088 ] ], [ [ 88.83532308187111, 27.033768764486837 ], [ 88.835017244168412, 27.033893504868871 ], [ 88.834613501142158, 27.033672191505897 ], [ 88.834370936969862, 27.033355573439959 ], [ 88.834222012836818, 27.033193038648335 ], [ 88.83388052083447, 27.032972317007598 ], [ 88.833342410621469, 27.032729465388911 ], [ 88.83279806745071, 27.032501517563521 ], [ 88.832412723873347, 27.03215711525322 ], [ 88.832293315167163, 27.031677911858896 ], [ 88.832298405757641, 27.031199900646481 ], [ 88.832512478811196, 27.030863873697974 ], [ 88.832850216845813, 27.030671656442159 ], [ 88.833462718394614, 27.03080693705494 ], [ 88.833987619527917, 27.031072554900184 ], [ 88.834713178229251, 27.030796882095917 ], [ 88.835286286763875, 27.030701112894246 ], [ 88.835496206902377, 27.030814487577906 ], [ 88.835706126393788, 27.030927862025209 ], [ 88.836125868335884, 27.031304276235879 ], [ 88.836089623375102, 27.031856817399291 ], [ 88.835822872938252, 27.032134237544561 ], [ 88.835769694016321, 27.032823959944 ], [ 88.835782186210182, 27.03332150155822 ], [ 88.83532308187111, 27.033768764486837 ] ], [ [ 88.849912150710338, 27.015403466256483 ], [ 88.850389648926409, 27.015210802044816 ], [ 88.850598108150905, 27.015573723953917 ], [ 88.850932670922433, 27.015652608454459 ], [ 88.851106847749648, 27.015731212067756 ], [ 88.851470686727808, 27.015895405635444 ], [ 88.851893613862288, 27.016378322705084 ], [ 88.851778995848818, 27.017074467916661 ], [ 88.851142542851335, 27.017383598671106 ], [ 88.850409455545915, 27.017660118753309 ], [ 88.849843270206307, 27.017917206383203 ], [ 88.849756158922816, 27.017956761148962 ], [ 88.849291290081482, 27.017820296378385 ], [ 88.848828053737222, 27.017398610934748 ], [ 88.848829111449348, 27.017388793944626 ], [ 88.848899472583454, 27.016735502508897 ], [ 88.848942231806248, 27.016246432947472 ], [ 88.849037406618052, 27.015972234948073 ], [ 88.849085987598059, 27.015832271956182 ], [ 88.849532736394153, 27.015642839139268 ], [ 88.849912150710338, 27.015403466256483 ] ] ] } },
{ "type": "Feature", "properties": { "District": "Kalimpong", "Dist_LGD": "327N001", "Sub_dist": "Lava", "Subdis_LGD": "2157", "Subdis_Typ": "Cd_Block", "Vill_name": "Ichay Forest", "Vill_Cat": "Others", "Vill_LGD": "306295", "arr_project": "asha2" }, "geometry": { "type": "Polygon", "coordinates": [ [ [ 88.579260016377532, 27.135498147247176 ], [ 88.580681717859633, 27.133645272104641 ], [ 88.581585173355364, 27.132606086815681 ], [ 88.582313979924365, 27.130986660684627 ], [ 88.58249564859338, 27.128484299664635 ], [ 88.581783006755984, 27.125874672266381 ], [ 88.581014896359662, 27.123622206645912 ], [ 88.579959521654629, 27.121743051318223 ], [ 88.579816797942584, 27.120918739646733 ], [ 88.579386844745585, 27.120472254576608 ], [ 88.57841526646088, 27.119887434577404 ], [ 88.577540085220591, 27.119342143744134 ], [ 88.57695896450079, 27.118545319027664 ], [ 88.576489194903772, 27.118135376737506 ], [ 88.576296137203187, 27.117316139176552 ], [ 88.574656772645866, 27.115863220199493 ], [ 88.573333764323749, 27.114668503967692 ], [ 88.572667538577463, 27.113913230641174 ], [ 88.57227242802179, 27.112708110190891 ], [ 88.572267259450811, 27.112699142205557 ], [ 88.571469753936213, 27.111209676275916 ], [ 88.570524710196167, 27.110349193403298 ], [ 88.567991926971445, 27.108829450593795 ], [ 88.566075191554447, 27.107722524364544 ], [ 88.564156022116236, 27.106800640537912 ], [ 88.562510051206388, 27.105938876773202 ], [ 88.561321548880969, 27.10533377700834 ], [ 88.558800376623978, 27.104635142429476 ], [ 88.555730505461241, 27.104371296746979 ], [ 88.55457424774103, 27.104271265066846 ], [ 88.553279856058992, 27.104028326921611 ], [ 88.55225358297433, 27.103845601297536 ], [ 88.550045848292996, 27.103928648686601 ], [ 88.549066576785151, 27.10386272513286 ], [ 88.547888469472895, 27.104006595327387 ], [ 88.546882232157799, 27.104180155771022 ], [ 88.546006698532182, 27.103589529429481 ], [ 88.544870895273462, 27.10314167099267 ], [ 88.543515214602877, 27.102104980637279 ], [ 88.542678506040218, 27.101401074145112 ], [ 88.542014727783894, 27.100803582910594 ], [ 88.541286521116319, 27.100288033732802 ], [ 88.540492772177672, 27.099773198912938 ], [ 88.537152135756401, 27.097765272887838 ], [ 88.534169354293113, 27.09573530280629 ], [ 88.533464084532625, 27.09689840106536 ], [ 88.533686796639984, 27.097329246099711 ], [ 88.534357214479371, 27.098048564598354 ], [ 88.535026595413825, 27.098691166198961 ], [ 88.537116935563361, 27.100726368378954 ], [ 88.539850135928731, 27.102930507577714 ], [ 88.540814726536823, 27.103398339187745 ], [ 88.543632607809869, 27.10551571984896 ], [ 88.546784252513291, 27.108058125837474 ], [ 88.548769840884219, 27.109782877650872 ], [ 88.549218056654823, 27.110468463406878 ], [ 88.54973258556808, 27.11084190068172 ], [ 88.550612118214147, 27.111351218401044 ], [ 88.5525459583735, 27.112241533087957 ], [ 88.553119216358908, 27.112848997167653 ], [ 88.554096710624762, 27.113510658354144 ], [ 88.554551764098136, 27.114322520320986 ], [ 88.554713518255994, 27.114713382055047 ], [ 88.554144943370574, 27.115541085716352 ], [ 88.552868255065093, 27.117685460091362 ], [ 88.552403753277432, 27.118746694654295 ], [ 88.55200984174104, 27.119441575795307 ], [ 88.550803297498362, 27.122654797176892 ], [ 88.548624182527121, 27.126673070328593 ], [ 88.54805915411697, 27.128498139535179 ], [ 88.548083874444217, 27.128461761021537 ], [ 88.548394072949023, 27.128643383927439 ], [ 88.548916901510893, 27.129246905408618 ], [ 88.550045575393938, 27.13025444064484 ], [ 88.55141549038072, 27.131561688814131 ], [ 88.55264770041066, 27.132757613599487 ], [ 88.554682845924489, 27.134743480218578 ], [ 88.555924259049632, 27.135506002357182 ], [ 88.55829496651728, 27.13585430342911 ], [ 88.560792159298245, 27.136228235922282 ], [ 88.562903003109014, 27.136750849957917 ], [ 88.565731783108092, 27.137387282216267 ], [ 88.566403090809146, 27.138138012653652 ], [ 88.56768332997207, 27.138782649611979 ], [ 88.569388467754223, 27.13986933239795 ], [ 88.570837784201743, 27.141058146180615 ], [ 88.572436628574721, 27.142475443450323 ], [ 88.573339092124797, 27.141355080963606 ], [ 88.574518872745088, 27.139866032430394 ], [ 88.576044812246352, 27.138242206426092 ], [ 88.57740099383328, 27.136746640901517 ], [ 88.578186370889057, 27.135916410208647 ], [ 88.579260016377532, 27.135498147247176 ] ], [ [ 88.567675164726111, 27.13289801357551 ], [ 88.568220053881205, 27.132537524818414 ], [ 88.569238373151052, 27.132546573373489 ], [ 88.570522330384136, 27.132718380506748 ], [ 88.570500698226525, 27.133119976328672 ], [ 88.570623320926728, 27.133715877640554 ], [ 88.570362724461106, 27.13421820075321 ], [ 88.570295541967269, 27.134733845496722 ], [ 88.569811344081714, 27.134719622790378 ], [ 88.569199256740205, 27.134518908496439 ], [ 88.568602991059606, 27.134166795825788 ], [ 88.568163856691072, 27.133905444234543 ], [ 88.567633378022805, 27.133510882601403 ], [ 88.567675164726111, 27.13289801357551 ] ], [ [ 88.534049654404527, 27.096313609659965 ], [ 88.534205181593322, 27.096080939395893 ], [ 88.534338631033449, 27.096205730094027 ], [ 88.534756384725327, 27.096596378225367 ], [ 88.53511022459557, 27.096852584487809 ], [ 88.535184647402488, 27.096906471043781 ], [ 88.535247950955366, 27.096952306212675 ], [ 88.535612911098681, 27.097216561730175 ], [ 88.536014169750587, 27.097493654983758 ], [ 88.535821326128001, 27.097615285834159 ], [ 88.535604373149482, 27.097786180049464 ], [ 88.535501054932794, 27.097789681167995 ], [ 88.535190620700789, 27.097800197257683 ], [ 88.534911996560908, 27.097610132293052 ], [ 88.534315555824207, 27.097253049220544 ], [ 88.534034388164031, 27.096992355555383 ], [ 88.534029350768677, 27.096987686439935 ], [ 88.53393643195372, 27.096683432281065 ], [ 88.534037293929771, 27.09634424969817 ], [ 88.534041690061983, 27.096329465247027 ], [ 88.534043313079493, 27.096324009243265 ], [ 88.53404362499181, 27.096322630539856 ], [ 88.534043778172233, 27.096322401248216 ], [ 88.534044668339192, 27.096321069421933 ], [ 88.534044929013064, 27.096320680532401 ], [ 88.534049654404527, 27.096313609659965 ] ] ] } },
{ "type": "Feature", "properties": { "District": "Kalimpong", "Dist_LGD": "327N001", "Sub_dist": "Kalimpong - I", "Subdis_LGD": "2156", "Subdis_Typ": "Cd_Block", "Vill_name": "Dungra Khasmahal", "Vill_Cat": "Forest_Village", "Vill_LGD": "306271", "arr_project": "asha2" }, "geometry": { "type": "Polygon", "coordinates": [ [ [ 88.477420228408747, 27.062872346338551 ], [ 88.474994576942223, 27.063200202746998 ], [ 88.472768033742, 27.063720009904237 ], [ 88.471927235473174, 27.063805540050407 ], [ 88.472272920524986, 27.064411226850549 ], [ 88.473890372597381, 27.065888211233787 ], [ 88.475947589291636, 27.067834463608978 ], [ 88.477772044230548, 27.069710916966216 ], [ 88.477836265357254, 27.069994583775188 ], [ 88.476211775823813, 27.071067777318209 ], [ 88.47626126816975, 27.071766829000449 ], [ 88.476175715868706, 27.072548540017525 ], [ 88.476342352986237, 27.072952993228036 ], [ 88.476639942647012, 27.07334704546599 ], [ 88.478104648689197, 27.073927417616467 ], [ 88.480757487924436, 27.075140677025573 ], [ 88.485070238879416, 27.07719841096835 ], [ 88.490517078082689, 27.080358782821804 ], [ 88.494287533446666, 27.081799128888697 ], [ 88.498889454338652, 27.083194399652619 ], [ 88.499978012470478, 27.083530314628522 ], [ 88.499512904532395, 27.081924016577087 ], [ 88.498870890208806, 27.081041738102417 ], [ 88.498274795509275, 27.079441345126895 ], [ 88.497139665563338, 27.077115528749083 ], [ 88.495093005813288, 27.073725222766786 ], [ 88.494275860146161, 27.072176806214085 ], [ 88.494179629956392, 27.071383480413715 ], [ 88.493980606971462, 27.070442304915733 ], [ 88.493728486540192, 27.069298592628044 ], [ 88.493875498512395, 27.068218341105364 ], [ 88.493485216514813, 27.067680885394218 ], [ 88.492864331524302, 27.065719657260313 ], [ 88.492553100957736, 27.065059498032419 ], [ 88.49237612579077, 27.063116120553779 ], [ 88.493007382163498, 27.06129505302777 ], [ 88.493836256898817, 27.059932244676617 ], [ 88.493839633532531, 27.05828483459079 ], [ 88.49416433945899, 27.056539231134682 ], [ 88.494643457010554, 27.055414829198373 ], [ 88.495598577664239, 27.054073237063445 ], [ 88.496383856641401, 27.053229914734217 ], [ 88.496122675628882, 27.052921271030552 ], [ 88.494782451370682, 27.051829746621916 ], [ 88.494038762900132, 27.05238827691473 ], [ 88.492094283090012, 27.053248400118314 ], [ 88.488815618468465, 27.054619094518262 ], [ 88.485342780870269, 27.055797691739137 ], [ 88.484062670446363, 27.056587502749366 ], [ 88.483205228914571, 27.057702322427804 ], [ 88.480769734667874, 27.060341225477636 ], [ 88.478893423487023, 27.062188883182024 ], [ 88.47864126287476, 27.062566144131381 ], [ 88.477420228408747, 27.062872346338551 ] ] ] } },
{ "type": "Feature", "properties": { "District": "Kalimpong", "Dist_LGD": "327N001", "Sub_dist": "Gorubathan", "Subdis_LGD": "2158", "Subdis_Typ": "Cd_Block", "Vill_name": "Kumai Tea Garden", "Vill_Cat": "Others", "Vill_LGD": "306324", "arr_project": "asha2" }, "geometry": { "type": "Polygon", "coordinates": [ [ [ 88.837596434911816, 26.989142026439829 ], [ 88.83762911174486, 26.985883263903734 ], [ 88.837773169693534, 26.983588815329874 ], [ 88.83797095587235, 26.982430924994798 ], [ 88.838075595100136, 26.981120808750759 ], [ 88.838623023929088, 26.978046576156867 ], [ 88.838172428090417, 26.978328389436918 ], [ 88.837993353162418, 26.978440386125527 ], [ 88.836028499902611, 26.980091379860895 ], [ 88.83453713984963, 26.981453765137093 ], [ 88.834123902081146, 26.982044743206554 ], [ 88.833206878544161, 26.982924425217583 ], [ 88.832415754458737, 26.983610122919199 ], [ 88.831841419276927, 26.98403413517936 ], [ 88.831050450148567, 26.984543728958013 ], [ 88.830012712441274, 26.984796126450448 ], [ 88.829186624149344, 26.984854510342124 ], [ 88.827982913849425, 26.984768319875744 ], [ 88.827298417643703, 26.984631399185115 ], [ 88.826265472290288, 26.984424772489547 ], [ 88.825444447478986, 26.984397413111857 ], [ 88.824522702069785, 26.984284252753966 ], [ 88.824079488378331, 26.984369870951546 ], [ 88.823761961329751, 26.984852625416782 ], [ 88.82370865015011, 26.98529582226826 ], [ 88.82353942283784, 26.986702657203885 ], [ 88.823317538683511, 26.987325337572621 ], [ 88.822964552790637, 26.988065246125373 ], [ 88.822369998012988, 26.988426030945529 ], [ 88.821699947642287, 26.988709987572754 ], [ 88.820400389932971, 26.988655390429926 ], [ 88.819770922680974, 26.988343824776223 ], [ 88.819045582264238, 26.988429190405665 ], [ 88.817962213801209, 26.989281591918473 ], [ 88.817171142982602, 26.98967837820291 ], [ 88.816249087649567, 26.990187958338037 ], [ 88.816036866485362, 26.990277698474678 ], [ 88.816049160387436, 26.990292438175988 ], [ 88.816509121480124, 26.990701699806653 ], [ 88.817655454322789, 26.99181515393688 ], [ 88.818378509115448, 26.992920522595742 ], [ 88.818980696857381, 26.994027447996036 ], [ 88.8193072549969, 26.995223675614305 ], [ 88.819832145422566, 26.996534678079421 ], [ 88.820788062963402, 26.99739332366152 ], [ 88.82124432197493, 26.998195242703421 ], [ 88.821437939549753, 26.998955426893705 ], [ 88.82171011566632, 26.999588233089383 ], [ 88.821963930894768, 27.00095688530611 ], [ 88.821991682288214, 27.002053171821249 ], [ 88.821954132743116, 27.002536542841689 ], [ 88.821805693233529, 27.003016835805397 ], [ 88.821376370979763, 27.004200268312655 ], [ 88.820984245477135, 27.00581646014442 ], [ 88.82079151378197, 27.006987805142561 ], [ 88.820735607460691, 27.007895629524306 ], [ 88.820663147418045, 27.009652101981441 ], [ 88.821647259523559, 27.008502112212959 ], [ 88.822984065261892, 27.006729278200464 ], [ 88.824058934455181, 27.005898516239306 ], [ 88.824995587789076, 27.005245542868956 ], [ 88.826359010369387, 27.004189892274042 ], [ 88.827454635413432, 27.003399452613309 ], [ 88.828317881539974, 27.002882799913969 ], [ 88.829040520049574, 27.00239504613188 ], [ 88.830052085936757, 27.001704964416184 ], [ 88.831451562476772, 27.001014345345556 ], [ 88.832090082111009, 27.000622441356519 ], [ 88.833081318949084, 26.999923578020727 ], [ 88.8339983068918, 26.999306908285121 ], [ 88.834763975610898, 26.99899005586553 ], [ 88.83530415240233, 26.998748345884771 ], [ 88.836655483820152, 26.998509597283828 ], [ 88.837381651267648, 26.998242889322388 ], [ 88.837766969948149, 26.997773031025016 ], [ 88.83795601884475, 26.996696488353823 ], [ 88.838032616020115, 26.995210735796825 ], [ 88.83798422421053, 26.993473891197347 ], [ 88.837755568543599, 26.992113970150115 ], [ 88.837769334999379, 26.990791503111591 ], [ 88.837596434911816, 26.989142026439829 ] ] ] } },
{ "type": "Feature", "properties": { "District": "Kalimpong", "Dist_LGD": "327N001", "Sub_dist": "Kalimpong - I", "Subdis_LGD": "2156", "Subdis_Typ": "Cd_Block", "Vill_name": "Riayang Railway Station", "Vill_Cat": "Rural", "Vill_LGD": "306256", "arr_project": "asha2" }, "geometry": { "type": "Polygon", "coordinates": [ [ [ 88.437172386793122, 26.996973445741499 ], [ 88.436908010504808, 26.996786577576927 ], [ 88.433782389508252, 26.995852544066729 ], [ 88.431483120447666, 26.994919072231951 ], [ 88.42932043121661, 26.992431540630452 ], [ 88.428531519691191, 26.991401443699875 ], [ 88.426256659308976, 26.989596534314817 ], [ 88.423347206878319, 26.989003094602438 ], [ 88.421109335206708, 26.987725800737383 ], [ 88.419601635490366, 26.984811747373257 ], [ 88.419076909846126, 26.981671568817468 ], [ 88.419016384734292, 26.981877104249808 ], [ 88.418739533576641, 26.98248181108805 ], [ 88.418714440918791, 26.982770655821966 ], [ 88.417646744337986, 26.983046252265471 ], [ 88.416216525460172, 26.983701006525958 ], [ 88.415430854051678, 26.983953893054661 ], [ 88.414433707121177, 26.984409929408898 ], [ 88.413965614992733, 26.984517857378851 ], [ 88.413501030521559, 26.984624976322795 ], [ 88.413510093990126, 26.984760146304531 ], [ 88.413431851485257, 26.986561814207761 ], [ 88.414911357025971, 26.987233016052031 ], [ 88.416325435220159, 26.988712774876799 ], [ 88.418735071330147, 26.991635838129387 ], [ 88.421651734572933, 26.99319969630341 ], [ 88.423502253086639, 26.994115299958018 ], [ 88.42575801314068, 26.994801103584464 ], [ 88.426325288588757, 26.995436275161168 ], [ 88.426295745324225, 26.995490735685358 ], [ 88.425249505911893, 26.996029400731203 ], [ 88.425146550762094, 26.997055001131663 ], [ 88.42559705253214, 26.997619139676605 ], [ 88.426553736864278, 26.997568834291496 ], [ 88.427087466833143, 26.99754086020144 ], [ 88.42797797288604, 26.997437052728479 ], [ 88.428577136022696, 26.997403898343851 ], [ 88.42860204089726, 26.997381078123365 ], [ 88.429064992616702, 26.997732946048185 ], [ 88.429701119998313, 26.998231999451914 ], [ 88.428598828992364, 26.998721610397293 ], [ 88.429308858009065, 26.999486210256674 ], [ 88.431358551533094, 26.999803907215828 ], [ 88.432566848669069, 27.000919989203744 ], [ 88.434386435223928, 27.002160727163236 ], [ 88.437230978776839, 27.003562495806747 ], [ 88.439548939423929, 27.005154639328691 ], [ 88.440156730815175, 27.006191032696854 ], [ 88.440030361073823, 27.006950584413346 ], [ 88.439661576176817, 27.0076674800878 ], [ 88.438802287743684, 27.008249470301152 ], [ 88.437631343712496, 27.008496127147684 ], [ 88.43632999149925, 27.009583607892971 ], [ 88.43434407063063, 27.010335027713619 ], [ 88.433629819102563, 27.011231452352181 ], [ 88.432088141445433, 27.013242086139883 ], [ 88.432456344814241, 27.015255855292793 ], [ 88.433045122061586, 27.016779924112509 ], [ 88.433370010133999, 27.018157733098032 ], [ 88.433153344985598, 27.019351489701101 ], [ 88.432331552419342, 27.020515295555597 ], [ 88.431345631419944, 27.021852278225527 ], [ 88.429240190645018, 27.024328987355393 ], [ 88.428229990709141, 27.025345739306569 ], [ 88.427152325430356, 27.026209712249308 ], [ 88.426893483166992, 27.02646508864931 ], [ 88.427604844001067, 27.02692276164888 ], [ 88.428548126740225, 27.027387105239356 ], [ 88.429255294666106, 27.02671644920256 ], [ 88.430130812039593, 27.025809380119799 ], [ 88.430866306759782, 27.024989485156965 ], [ 88.431549228416159, 27.023998610005911 ], [ 88.43279541527744, 27.022519060863491 ], [ 88.434287101378686, 27.020928677734858 ], [ 88.435122453043434, 27.020040043307194 ], [ 88.435627007300738, 27.019294694145518 ], [ 88.436041420265369, 27.018198212773044 ], [ 88.436244303434876, 27.016715732651072 ], [ 88.436261013572832, 27.016444755799679 ], [ 88.43632178946163, 27.015279665579097 ], [ 88.436253739342945, 27.014287401265012 ], [ 88.436495395990306, 27.013477029368936 ], [ 88.43701131155224, 27.01283536787858 ], [ 88.43821211304919, 27.012159631653603 ], [ 88.43919281719468, 27.011612511870968 ], [ 88.440453214589141, 27.011265629960722 ], [ 88.441434130152857, 27.010736545612769 ], [ 88.443197083246162, 27.010285199231273 ], [ 88.444086132474737, 27.009666770432574 ], [ 88.444852692474356, 27.008927729783768 ], [ 88.445482571809933, 27.008140439705102 ], [ 88.445595308081934, 27.007105704629442 ], [ 88.445123609720795, 27.006076967095311 ], [ 88.444680746233701, 27.005332278672505 ], [ 88.444155720463357, 27.004466567571264 ], [ 88.443670741999497, 27.003185208213132 ], [ 88.443282222768985, 27.002354201773777 ], [ 88.442657558132041, 27.001575260602834 ], [ 88.442197253594372, 27.000645689861852 ], [ 88.440778599029855, 26.999635655139315 ], [ 88.439633337578655, 26.998726619208306 ], [ 88.438513456437732, 26.997830856037424 ], [ 88.43779749204451, 26.997395845685293 ], [ 88.437172386793122, 26.996973445741499 ] ], [ [ 88.420498063023558, 26.989353102455713 ], [ 88.419929715282663, 26.988733689878206 ], [ 88.41981726198027, 26.987599150488805 ], [ 88.419798254776396, 26.987407379935071 ], [ 88.421032890172299, 26.988255661485876 ], [ 88.420498063023558, 26.989353102455713 ] ], [ [ 88.419044154440385, 26.988638671452311 ], [ 88.41875244942095, 26.988965559886854 ], [ 88.418230309298508, 26.988929478524486 ], [ 88.41784527196495, 26.988641669848818 ], [ 88.417918211795168, 26.988069516427156 ], [ 88.418247836906943, 26.987798218999416 ], [ 88.418761217875968, 26.988072977259222 ], [ 88.419044154440385, 26.988638671452311 ] ], [ [ 88.418490659302478, 26.985824870130234 ], [ 88.418707682144955, 26.985660135110656 ], [ 88.419105313083307, 26.985748112066933 ], [ 88.419295719628238, 26.986099696992145 ], [ 88.419071691499923, 26.986507683911714 ], [ 88.418839270509366, 26.986517046829995 ], [ 88.418641859727671, 26.986251776428674 ], [ 88.418490659302478, 26.985824870130234 ] ] ] } },
{ "type": "Feature", "properties": { "District": "Kalimpong", "Dist_LGD": "327N001", "Sub_dist": "Lava", "Subdis_LGD": "2157", "Subdis_Typ": "Cd_Block", "Vill_name": "Pala Khasmahal", "Vill_Cat": "Forest_Village", "Vill_LGD": "306309", "arr_project": "asha2" }, "geometry": { "type": "Polygon", "coordinates": [ [ [ 88.553060413901648, 27.041296260281719 ], [ 88.551642306107667, 27.041533057002162 ], [ 88.549958874133509, 27.042269225303478 ], [ 88.548121221201896, 27.042420340822289 ], [ 88.546624645238992, 27.042450339560325 ], [ 88.545466125849813, 27.042138112285851 ], [ 88.54357457301036, 27.042402593701603 ], [ 88.539923531406004, 27.041530911269906 ], [ 88.538285785136722, 27.041187760588681 ], [ 88.537109416575987, 27.041412742072758 ], [ 88.536617995886289, 27.041228550665533 ], [ 88.5352162630181, 27.040819599648859 ], [ 88.534143450635455, 27.040876433665741 ], [ 88.533264225714674, 27.041084603372834 ], [ 88.532422371663316, 27.041075720671728 ], [ 88.532174145580157, 27.040983644112323 ], [ 88.531650982220725, 27.040316855332751 ], [ 88.530322766047846, 27.040123693670768 ], [ 88.52901175255181, 27.040083786259803 ], [ 88.528305246463248, 27.040763945942054 ], [ 88.528861638166703, 27.042396237894472 ], [ 88.528702825615426, 27.043323193604795 ], [ 88.53069752242115, 27.043969479277703 ], [ 88.535478334984631, 27.046372628101924 ], [ 88.540830363719863, 27.049617852033162 ], [ 88.543782901740514, 27.051363722027236 ], [ 88.546738961421653, 27.052992141931171 ], [ 88.550030434270411, 27.054445296010687 ], [ 88.55562125635889, 27.057037385114587 ], [ 88.557679558922032, 27.057881153915154 ], [ 88.560836050854604, 27.058667576224849 ], [ 88.56351450471675, 27.059513399466084 ], [ 88.566186249610595, 27.057696420197065 ], [ 88.568498613287275, 27.055779593873226 ], [ 88.571247422482998, 27.054079007956151 ], [ 88.57312132864854, 27.052902669014458 ], [ 88.57437282374795, 27.052279378322236 ], [ 88.575769837010995, 27.051970374401229 ], [ 88.576541573994277, 27.051645799013187 ], [ 88.578160178866668, 27.050603139752411 ], [ 88.580027865352577, 27.048632450407602 ], [ 88.58075427088572, 27.048312875064315 ], [ 88.581055983578949, 27.047542231658507 ], [ 88.58123332394932, 27.0465292698076 ], [ 88.580355349841184, 27.045383742198663 ], [ 88.579407946789658, 27.043598104560928 ], [ 88.578874762561412, 27.043676302311503 ], [ 88.57692670252338, 27.043138504230143 ], [ 88.573139929533227, 27.041948773020369 ], [ 88.571084133377298, 27.041633248237797 ], [ 88.570738856608529, 27.041813120316988 ], [ 88.570614789247003, 27.042676539305347 ], [ 88.570116013752497, 27.04233007145455 ], [ 88.5694076361941, 27.042495938968177 ], [ 88.565771166427794, 27.040871055355602 ], [ 88.562694008843906, 27.039591898113919 ], [ 88.561985385001165, 27.039739678347438 ], [ 88.559817016147406, 27.04039107818372 ], [ 88.556501724318409, 27.040843012239499 ], [ 88.553060413901648, 27.041296260281719 ] ] ] } },
{ "type": "Feature", "properties": { "District": "Kalimpong", "Dist_LGD": "327N001", "Sub_dist": "Kalimpong - I", "Subdis_LGD": "2156", "Subdis_Typ": "Cd_Block", "Vill_name": "Lolaygaon Forest", "Vill_Cat": "Others", "Vill_LGD": "306241", "arr_project": "asha2" }, "geometry": { "type": "Polygon", "coordinates": [ [ [ 88.536460879382304, 27.012281825009349 ], [ 88.535644423694919, 27.012642771007954 ], [ 88.534905490763251, 27.013517388365205 ], [ 88.533884873802307, 27.014801268712962 ], [ 88.533856652187751, 27.015320610235243 ], [ 88.533723617657145, 27.015543212087408 ], [ 88.53272562369159, 27.015897092902861 ], [ 88.531681910013347, 27.016224383937587 ], [ 88.530513266731347, 27.016629753105647 ], [ 88.529653919654521, 27.017176178030688 ], [ 88.528622522036429, 27.01767030734862 ], [ 88.528295686662901, 27.018468202121046 ], [ 88.528231590036057, 27.018572704665527 ], [ 88.528313796389583, 27.018689158545989 ], [ 88.529367266450208, 27.019824107231983 ], [ 88.530649885025682, 27.021132574306268 ], [ 88.532779378303275, 27.023199074785008 ], [ 88.534776404670424, 27.025154153252831 ], [ 88.535812383850185, 27.024993914261241 ], [ 88.535870829112611, 27.024474244989928 ], [ 88.536930398496253, 27.023826301876685 ], [ 88.537779432730588, 27.023261891081678 ], [ 88.53864068877526, 27.02285530787427 ], [ 88.540075200593165, 27.023096880106653 ], [ 88.542292220327951, 27.023808278932218 ], [ 88.544711411773307, 27.024192464648184 ], [ 88.546746463559614, 27.024124985329951 ], [ 88.548247649438949, 27.024081402604232 ], [ 88.549947556001911, 27.02236117878391 ], [ 88.551715442323513, 27.019723986887247 ], [ 88.553245163667881, 27.018095868115015 ], [ 88.553867233851548, 27.016793684753921 ], [ 88.554123714697027, 27.016023593164491 ], [ 88.554812450385285, 27.014440845104346 ], [ 88.555569638091143, 27.01380513263355 ], [ 88.556761915994244, 27.011833181862571 ], [ 88.558082349191338, 27.010387859770447 ], [ 88.558846884764066, 27.009192400454065 ], [ 88.559396341388563, 27.008843306324238 ], [ 88.559527269114653, 27.008837342628102 ], [ 88.559638721349586, 27.008515663695309 ], [ 88.559118849983477, 27.007356987842186 ], [ 88.558684510047399, 27.006188336561006 ], [ 88.556842604282195, 27.00708429222848 ], [ 88.555250210179892, 27.007805963125737 ], [ 88.551746690901339, 27.008426828799337 ], [ 88.549757890242404, 27.00853899636121 ], [ 88.54850239033567, 27.008846172050724 ], [ 88.54715978408008, 27.008680397435121 ], [ 88.545548679527485, 27.008409234596574 ], [ 88.542873778989474, 27.008831225743393 ], [ 88.540694498593226, 27.00938765784867 ], [ 88.539923618742719, 27.010501855248258 ], [ 88.53943160287939, 27.011003701050427 ], [ 88.537981640536913, 27.011836457427499 ], [ 88.536460879382304, 27.012281825009349 ] ] ] } },
{ "type": "Feature", "properties": { "District": "Kalimpong", "Dist_LGD": "327N001", "Sub_dist": "Kalimpong - I", "Subdis_LGD": "2156", "Subdis_Typ": "Cd_Block", "Vill_name": "Panbu Forest Village", "Vill_Cat": "Others", "Vill_LGD": "306263", "arr_project": "asha2" }, "geometry": { "type": "Polygon", "coordinates": [ [ [ 88.472750654149294, 26.938653482941142 ], [ 88.473820369483818, 26.938042022921394 ], [ 88.475651177253425, 26.937097627557996 ], [ 88.477217143077837, 26.937085753366237 ], [ 88.477312433375189, 26.936669518241423 ], [ 88.477413344920407, 26.936298359124415 ], [ 88.477508383504784, 26.934704116825156 ], [ 88.477531134372441, 26.93335887114721 ], [ 88.477703021502649, 26.931479476026794 ], [ 88.477585903495694, 26.930993249120451 ], [ 88.478152732867301, 26.929281229238011 ], [ 88.478586638626481, 26.928188940729193 ], [ 88.479304448570403, 26.926858976744342 ], [ 88.480127346742321, 26.925094616365012 ], [ 88.48155725478739, 26.922389596204603 ], [ 88.483269859695753, 26.919361136642319 ], [ 88.484797106402027, 26.916794979983461 ], [ 88.485784419712829, 26.915678795857435 ], [ 88.485938467254755, 26.915523716934644 ], [ 88.485923186566339, 26.915510338121194 ], [ 88.484963579097183, 26.915281223154796 ], [ 88.483792718971642, 26.915067861639926 ], [ 88.48286764903375, 26.914784208835488 ], [ 88.481534151082911, 26.914838831738024 ], [ 88.480641705741647, 26.914739872129015 ], [ 88.479823272755624, 26.914139138054431 ], [ 88.479612698984354, 26.913820888933763 ], [ 88.478867367626449, 26.913806132392953 ], [ 88.478491720749631, 26.91434265532812 ], [ 88.478222881171433, 26.914575657000032 ], [ 88.477653876372955, 26.91495623184483 ], [ 88.477186705034413, 26.915037849972787 ], [ 88.476002460390859, 26.914955455076537 ], [ 88.475455961168521, 26.914744522081087 ], [ 88.475073077350402, 26.914725955578628 ], [ 88.474306195631684, 26.914603077448117 ], [ 88.473967212020412, 26.914475726269313 ], [ 88.473521810000364, 26.914295324282623 ], [ 88.473218149946064, 26.91390746012906 ], [ 88.473172226396088, 26.913848800759659 ], [ 88.473172007269838, 26.913848520663837 ], [ 88.473171989290904, 26.913848497691045 ], [ 88.472761183894406, 26.913963668662241 ], [ 88.472412896397486, 26.914074863872283 ], [ 88.472214949837905, 26.914138061320582 ], [ 88.472027280200777, 26.914197977097135 ], [ 88.471996253597993, 26.914207881615205 ], [ 88.471311855428752, 26.914357281696432 ], [ 88.47066250802348, 26.914429945426271 ], [ 88.469404225934426, 26.914624760211147 ], [ 88.467436164187205, 26.914774950355021 ], [ 88.467112781510252, 26.914819215158971 ], [ 88.466962739498769, 26.914839752962582 ], [ 88.466011726763568, 26.914969928279653 ], [ 88.464889362712256, 26.915218807579574 ], [ 88.46431576303182, 26.915512538692571 ], [ 88.463963850413279, 26.916099329880687 ], [ 88.4639090199137, 26.916789827988559 ], [ 88.463913846117038, 26.916812336736712 ], [ 88.464045418070697, 26.917425986627485 ], [ 88.464043203154972, 26.917482987434749 ], [ 88.464015788088787, 26.918188620148005 ], [ 88.463935814691979, 26.918897161560736 ], [ 88.463815522359667, 26.91908732524114 ], [ 88.463731334911884, 26.919220409702152 ], [ 88.463578866155061, 26.919461438027366 ], [ 88.463121193985174, 26.92007098805562 ], [ 88.462701452456372, 26.920439091008479 ], [ 88.462542706116508, 26.920578307187842 ], [ 88.462029556789005, 26.921028324955206 ], [ 88.460685912011343, 26.921615719004638 ], [ 88.459513368987757, 26.922157911968824 ], [ 88.458391211225077, 26.922844548390106 ], [ 88.457390088670977, 26.923527287209573 ], [ 88.457238994018425, 26.923630329883185 ], [ 88.456725783585725, 26.924090948239936 ], [ 88.456384415939979, 26.924466513639455 ], [ 88.45625797556518, 26.924605619407536 ], [ 88.456265124399678, 26.924670407618994 ], [ 88.456333997311518, 26.925294655171193 ], [ 88.456339123120827, 26.925341110822078 ], [ 88.456343108988264, 26.925369826399429 ], [ 88.456536435369046, 26.926762444590477 ], [ 88.456426169468344, 26.927452971935775 ], [ 88.456124930513113, 26.928603858315924 ], [ 88.455823456674949, 26.92943880181355 ], [ 88.455485623577971, 26.930083736979714 ], [ 88.454948582228283, 26.931108965562135 ], [ 88.454702221062149, 26.93151528219428 ], [ 88.453666777815883, 26.933970633439952 ], [ 88.453174048322538, 26.935004329563984 ], [ 88.452364427918738, 26.935749947084403 ], [ 88.452218072312647, 26.935884733085636 ], [ 88.450552191530605, 26.936887433253432 ], [ 88.449132488508369, 26.937059632890644 ], [ 88.447996233640026, 26.936976305639821 ], [ 88.447788183279386, 26.936961048827481 ], [ 88.445598058585844, 26.937011761840797 ], [ 88.445497429970217, 26.93701181611025 ], [ 88.444314242075009, 26.937012452698905 ], [ 88.443765499500003, 26.937111950345301 ], [ 88.442396457280495, 26.93777598640564 ], [ 88.442013996516451, 26.938168778366474 ], [ 88.441883370543479, 26.938556919290718 ], [ 88.441964307277516, 26.939369061428394 ], [ 88.442130793139953, 26.93988343175565 ], [ 88.442539223873396, 26.940889555031813 ], [ 88.442816364680709, 26.941282011775318 ], [ 88.442841644337577, 26.941376807387435 ], [ 88.442931166960776, 26.941503757205933 ], [ 88.443895433320293, 26.941041504895004 ], [ 88.44459539957171, 26.941038852891364 ], [ 88.445886803325322, 26.941210675259335 ], [ 88.446890768905362, 26.941746512599458 ], [ 88.447957090331002, 26.942037974595547 ], [ 88.448983956184264, 26.942000350374609 ], [ 88.449951736760582, 26.941674462069908 ], [ 88.450500134845285, 26.941240044279297 ], [ 88.450634125137427, 26.941085208144788 ], [ 88.450905816264054, 26.940279015933587 ], [ 88.451220964988238, 26.939720615949177 ], [ 88.45176714697044, 26.939507377191521 ], [ 88.452467854886905, 26.939563352844651 ], [ 88.453412221999173, 26.94016294573607 ], [ 88.454428136178677, 26.940843037101537 ], [ 88.455024740333343, 26.941419121788339 ], [ 88.455156766333516, 26.941896188176727 ], [ 88.454753080476209, 26.94261799379569 ], [ 88.45462528954171, 26.94286303940757 ], [ 88.455088848072364, 26.943666168695383 ], [ 88.455411826326497, 26.944502342876092 ], [ 88.455896515039043, 26.944989309392962 ], [ 88.456144645256103, 26.945095070992007 ], [ 88.457591857142674, 26.945238094576524 ], [ 88.458972041731798, 26.945259933025859 ], [ 88.459831619699457, 26.945526360799953 ], [ 88.460820347195224, 26.94604419973545 ], [ 88.461746561244269, 26.946400193766529 ], [ 88.463085226701494, 26.946715796657656 ], [ 88.463930475939492, 26.947041023086019 ], [ 88.464919192879492, 26.947166161062299 ], [ 88.466337381194734, 26.947787821941358 ], [ 88.467100197867566, 26.948357610591209 ], [ 88.467952434897938, 26.948831682823805 ], [ 88.468305869371534, 26.948512062636265 ], [ 88.468414959832046, 26.94799188018737 ], [ 88.468485642537345, 26.947228371311109 ], [ 88.468651067230866, 26.946003502851454 ], [ 88.468995421417702, 26.944984390259098 ], [ 88.469189586688287, 26.943646385712725 ], [ 88.469372680488661, 26.943008082377439 ], [ 88.469510278991166, 26.941968554119178 ], [ 88.469966795165945, 26.941056593593572 ], [ 88.471013299733315, 26.939818025803643 ], [ 88.472750654149294, 26.938653482941142 ] ] ] } },
{ "type": "Feature", "properties": { "District": "Kalimpong", "Dist_LGD": "327N001", "Sub_dist": "Lava", "Subdis_LGD": "2157", "Subdis_Typ": "Cd_Block", "Vill_name": "Santook Khasmahal", "Vill_Cat": "Forest_Village", "Vill_LGD": "306302", "arr_project": "asha2" }, "geometry": { "type": "Polygon", "coordinates": [ [ [ 88.562305393482646, 27.073387072036461 ], [ 88.561586039401107, 27.073503381765345 ], [ 88.560907221264458, 27.073998352747665 ], [ 88.560344112341838, 27.074839557071023 ], [ 88.560115412791163, 27.075072272127798 ], [ 88.559605769198924, 27.075041820230645 ], [ 88.558866906757615, 27.074842405180529 ], [ 88.558239649939381, 27.075056969186377 ], [ 88.55766897907003, 27.075717715862286 ], [ 88.557126675884476, 27.076242749362905 ], [ 88.556663717444593, 27.076672123324435 ], [ 88.556852295933908, 27.076818973162922 ], [ 88.557729787984925, 27.077562967662697 ], [ 88.55846687174521, 27.077997097626248 ], [ 88.559249894588916, 27.078471334289901 ], [ 88.56007206590138, 27.07885937859988 ], [ 88.560455968961364, 27.079274850691583 ], [ 88.561549204368418, 27.080666333777209 ], [ 88.561834387329881, 27.081597409730865 ], [ 88.562387767445458, 27.082597715932991 ], [ 88.563614484015076, 27.083793628223489 ], [ 88.56463023772119, 27.085046034985407 ], [ 88.565817865315253, 27.086328110585963 ], [ 88.566540709571058, 27.087182087445704 ], [ 88.568092194989987, 27.088518757753647 ], [ 88.56968411407982, 27.089859472626561 ], [ 88.571308527514191, 27.090996709237022 ], [ 88.572672753350147, 27.091554629673851 ], [ 88.573678712223966, 27.092093984007033 ], [ 88.575054687168574, 27.092769092589759 ], [ 88.575564508816058, 27.093887171777993 ], [ 88.576325122135657, 27.095268716766988 ], [ 88.576617882021438, 27.09564905701745 ], [ 88.57819013140616, 27.096651395858295 ], [ 88.580134399942722, 27.097929354380373 ], [ 88.581713719142755, 27.099071481825103 ], [ 88.583463801717755, 27.100162021003811 ], [ 88.584915033838783, 27.100082472177796 ], [ 88.586411643135122, 27.10000239677759 ], [ 88.586784071859284, 27.099592001834459 ], [ 88.587464890695628, 27.099236792973233 ], [ 88.587427446530143, 27.098727223360896 ], [ 88.587821091835949, 27.09731916601967 ], [ 88.589135291256866, 27.093251442753871 ], [ 88.589551384811713, 27.090935970920572 ], [ 88.590238855208312, 27.089984930693742 ], [ 88.591350694850235, 27.08944881341969 ], [ 88.592774913952411, 27.089608693146577 ], [ 88.593558729238424, 27.090123339621393 ], [ 88.594353095887016, 27.091382542333236 ], [ 88.595258387522563, 27.09228393631896 ], [ 88.596094762466265, 27.092946907067574 ], [ 88.597053283915514, 27.093333179400908 ], [ 88.598222798212007, 27.093662884816531 ], [ 88.599437438355821, 27.093974015831705 ], [ 88.601345476461319, 27.094110246855173 ], [ 88.602946095520409, 27.094258984603908 ], [ 88.604337844678327, 27.093904612681882 ], [ 88.605127277910313, 27.093746662632736 ], [ 88.60568039065123, 27.093636538986896 ], [ 88.606262014334703, 27.09340423165861 ], [ 88.608143108482579, 27.093066793848315 ], [ 88.608914813486663, 27.093080527191859 ], [ 88.609227786888582, 27.093104021679419 ], [ 88.610397012429303, 27.093059034876973 ], [ 88.611233939347926, 27.092697413339096 ], [ 88.613051467218185, 27.092500547226617 ], [ 88.613358814722375, 27.092483478604375 ], [ 88.614378263337969, 27.092191953924079 ], [ 88.616448933777193, 27.091364803943808 ], [ 88.618692108314804, 27.090964389816151 ], [ 88.621245206342223, 27.090727353012259 ], [ 88.622774331864278, 27.090465991761892 ], [ 88.623624338297958, 27.090316266099265 ], [ 88.625054705482555, 27.090200442950355 ], [ 88.625754176961877, 27.09010208862809 ], [ 88.625303837342145, 27.089294928394356 ], [ 88.624803154979261, 27.088492859672947 ], [ 88.6239218694176, 27.087871202107305 ], [ 88.622714819825063, 27.087036666802963 ], [ 88.621852971415819, 27.086712640622636 ], [ 88.62124579448728, 27.086566197998696 ], [ 88.620990801077937, 27.086366046192524 ], [ 88.62099752007218, 27.085431740541903 ], [ 88.620907074682364, 27.085103321611424 ], [ 88.620470080158341, 27.084869163043685 ], [ 88.61919809038892, 27.084423478345016 ], [ 88.618472514918238, 27.084106886067929 ], [ 88.617677192759544, 27.083497734991312 ], [ 88.617225993077014, 27.083326912791453 ], [ 88.616519504963094, 27.083285395319272 ], [ 88.615959666262256, 27.083273780386616 ], [ 88.615547892776036, 27.08303931465203 ], [ 88.615240053899228, 27.083020287077215 ], [ 88.614776329045526, 27.083382157445506 ], [ 88.614527893882652, 27.083989778140612 ], [ 88.61425250257706, 27.084475851837443 ], [ 88.614029523901834, 27.084749203676683 ], [ 88.613769186379173, 27.084878563072074 ], [ 88.61348629259389, 27.085545249268176 ], [ 88.613427477523743, 27.08566326737909 ], [ 88.613368532731599, 27.085772259684589 ], [ 88.612825034131689, 27.085846196433963 ], [ 88.612080917066905, 27.085290584141934 ], [ 88.611971372238727, 27.084330530638709 ], [ 88.611841980913695, 27.084097329265106 ], [ 88.610796035297369, 27.08429436111933 ], [ 88.610402289361531, 27.084614796104649 ], [ 88.609756224082687, 27.084568039161766 ], [ 88.609529761545687, 27.084245682820832 ], [ 88.609497783134103, 27.083772164156748 ], [ 88.60903288751183, 27.083700762238575 ], [ 88.608504390248427, 27.083765483062141 ], [ 88.607930599663774, 27.083483203044096 ], [ 88.607381099340515, 27.083489488192214 ], [ 88.607020702349729, 27.083674137210032 ], [ 88.607236797863848, 27.084330592583783 ], [ 88.60733340398302, 27.08474018877379 ], [ 88.607162964217025, 27.0848098359175 ], [ 88.606946893629456, 27.084861952215658 ], [ 88.606281521118603, 27.084522042362643 ], [ 88.606147335311903, 27.083598369267882 ], [ 88.606238292428117, 27.08325883977345 ], [ 88.605833766697046, 27.083177712302756 ], [ 88.60526261603394, 27.084141034012667 ], [ 88.604889636030222, 27.08485837913441 ], [ 88.604726165414689, 27.085063339158623 ], [ 88.604393306144729, 27.085058113203466 ], [ 88.603923109988756, 27.084968702390228 ], [ 88.602976680022479, 27.084365704040412 ], [ 88.60150882296557, 27.083615191576097 ], [ 88.600150699087834, 27.083134207917777 ], [ 88.598314881774698, 27.082744393189486 ], [ 88.597585161480467, 27.082486410045153 ], [ 88.597187013896203, 27.082143417167096 ], [ 88.596743614381779, 27.081453419713 ], [ 88.59626351299606, 27.080308004304232 ], [ 88.595968247439927, 27.080108262425242 ], [ 88.595577017965326, 27.080252613322354 ], [ 88.595077389100624, 27.081287295686614 ], [ 88.594705943510135, 27.081760885181051 ], [ 88.594351911117997, 27.082040206909515 ], [ 88.593600956105305, 27.082062262845504 ], [ 88.593188911399508, 27.081805167109035 ], [ 88.59269990951951, 27.081097620416578 ], [ 88.592309504422474, 27.080587537072311 ], [ 88.59190506078113, 27.080510879093367 ], [ 88.591480130264614, 27.080768431247506 ], [ 88.591002675966891, 27.08123418484865 ], [ 88.590863816094966, 27.081398231574592 ], [ 88.590616667785469, 27.081392003026728 ], [ 88.590258947289797, 27.080696501210511 ], [ 88.589876097841127, 27.079649250985728 ], [ 88.58948430856843, 27.079039884281428 ], [ 88.589028633866818, 27.078905125385031 ], [ 88.588563499554695, 27.079172149084926 ], [ 88.588119561000113, 27.079154598695109 ], [ 88.587433521484655, 27.079130756251416 ], [ 88.586937327236413, 27.078982908850438 ], [ 88.586559218328432, 27.078269573378844 ], [ 88.585941831670013, 27.07739194680796 ], [ 88.585550303834452, 27.077157163132295 ], [ 88.584047587528886, 27.076781451594016 ], [ 88.583131290022635, 27.0765164665765 ], [ 88.582686063354643, 27.076047591058927 ], [ 88.582427517406245, 27.075229091672341 ], [ 88.582303904880916, 27.07468438227113 ], [ 88.581991020550348, 27.074304278742268 ], [ 88.580919935212648, 27.074144824287345 ], [ 88.580550276500574, 27.073670577109826 ], [ 88.579538679546374, 27.07235956664622 ], [ 88.578691843567285, 27.071651472578917 ], [ 88.578411232373583, 27.071054361987283 ], [ 88.578236922202493, 27.070487651226209 ], [ 88.578015934116848, 27.07018774378993 ], [ 88.577674741139859, 27.070304403583549 ], [ 88.577065590143732, 27.071087514637327 ], [ 88.576795660126365, 27.071253018884139 ], [ 88.576170408564167, 27.071246489976943 ], [ 88.575701164395312, 27.070859098427142 ], [ 88.574599288684709, 27.069215079874514 ], [ 88.573817216603302, 27.068447556640212 ], [ 88.572768060666206, 27.068048590061903 ], [ 88.571741592701571, 27.06782989164115 ], [ 88.571089206788301, 27.067683732469867 ], [ 88.569912896149418, 27.067927045566943 ], [ 88.568775459780539, 27.06806611207946 ], [ 88.56701552705367, 27.069845907045142 ], [ 88.566284151536721, 27.070183523914114 ], [ 88.565380632783459, 27.070468894015104 ], [ 88.565296192753408, 27.070560099747375 ], [ 88.564824961015148, 27.071115962175096 ], [ 88.56421505775684, 27.072214958114621 ], [ 88.563808281261771, 27.072693375295188 ], [ 88.562305393482646, 27.073387072036461 ] ] ] } },
{ "type": "Feature", "properties": { "District": "Kalimpong", "Dist_LGD": "327N001", "Sub_dist": "Kalimpong - I", "Subdis_LGD": "2156", "Subdis_Typ": "Cd_Block", "Vill_name": "Sindepong Khasmahal", "Vill_Cat": "Forest_Village", "Vill_LGD": "306228", "arr_project": "asha2" }, "geometry": { "type": "Polygon", "coordinates": [ [ [ 88.499064222117781, 27.053124648741935 ], [ 88.497857633277462, 27.053367683049149 ], [ 88.496728506924271, 27.053370674769575 ], [ 88.496383856641401, 27.053229914734217 ], [ 88.495598577664239, 27.054073237063445 ], [ 88.494643457010554, 27.055414829198373 ], [ 88.49416433945899, 27.056539231134682 ], [ 88.493839633532531, 27.05828483459079 ], [ 88.493836256898817, 27.059932244676617 ], [ 88.493007382163498, 27.06129505302777 ], [ 88.49237612579077, 27.063116120553779 ], [ 88.492553100957736, 27.065059498032419 ], [ 88.492864331524302, 27.065719657260313 ], [ 88.493485216514813, 27.067680885394218 ], [ 88.493875498512395, 27.068218341105364 ], [ 88.493728486540192, 27.069298592628044 ], [ 88.493980606971462, 27.070442304915733 ], [ 88.494179629956392, 27.071383480413715 ], [ 88.494275860146161, 27.072176806214085 ], [ 88.495093005813288, 27.073725222766786 ], [ 88.497139665563338, 27.077115528749083 ], [ 88.498274795509275, 27.079441345126895 ], [ 88.498870890208806, 27.081041738102417 ], [ 88.499512904532395, 27.081924016577087 ], [ 88.499978012470478, 27.083530314628522 ], [ 88.501089952502127, 27.084863417000491 ], [ 88.502022618186174, 27.085607179422205 ], [ 88.503138265084033, 27.08570357180221 ], [ 88.506422121725166, 27.084291851412061 ], [ 88.510885283886424, 27.083219423133205 ], [ 88.511042736657757, 27.08292887821062 ], [ 88.511868932529978, 27.077991449342765 ], [ 88.512456050403486, 27.0755298873352 ], [ 88.51355684159526, 27.070774539416579 ], [ 88.514929132410316, 27.066720335858115 ], [ 88.51533119292543, 27.065501920165438 ], [ 88.515308441478794, 27.063809668887401 ], [ 88.514468714484181, 27.061345410630295 ], [ 88.514188898269808, 27.060405139102492 ], [ 88.513886703600576, 27.058548899562158 ], [ 88.513903070021044, 27.057515170609005 ], [ 88.514381012736308, 27.056693113276641 ], [ 88.515171810478037, 27.055894763943083 ], [ 88.516127657976995, 27.054250639425813 ], [ 88.51670692311211, 27.053093495369186 ], [ 88.517237354884287, 27.05205422326139 ], [ 88.517559374069208, 27.051260915756384 ], [ 88.518435185274356, 27.050416500085866 ], [ 88.519159665739679, 27.049939292356935 ], [ 88.519651802888603, 27.0486792708884 ], [ 88.520046825064696, 27.046946399233025 ], [ 88.52041505625084, 27.045096468306514 ], [ 88.520797625168797, 27.043936920685265 ], [ 88.521485768485988, 27.042264061929639 ], [ 88.521897898290561, 27.041429152921491 ], [ 88.522317374887464, 27.040765669344438 ], [ 88.52263707681881, 27.039805382858209 ], [ 88.52203469338194, 27.039613314180215 ], [ 88.520638246826906, 27.039217697791077 ], [ 88.519118503487022, 27.039771199990071 ], [ 88.517414890352455, 27.040146135111748 ], [ 88.516560529251024, 27.040331366121752 ], [ 88.515908469009517, 27.040943179357409 ], [ 88.514803974542502, 27.042020221825936 ], [ 88.51325023065553, 27.04229871380387 ], [ 88.511644610224678, 27.04284403362071 ], [ 88.510626687440407, 27.043238601397768 ], [ 88.509618808490629, 27.044007660291403 ], [ 88.508933008594255, 27.044362544106335 ], [ 88.508176981989337, 27.044366137339836 ], [ 88.506637799524611, 27.04422917274772 ], [ 88.505985943352599, 27.044484385817025 ], [ 88.505673374565006, 27.044857825954715 ], [ 88.505514307616238, 27.045780251113861 ], [ 88.505451136882286, 27.047089798339812 ], [ 88.505226908261577, 27.048040000403024 ], [ 88.504906415534833, 27.048576003393425 ], [ 88.504550597787812, 27.049486991781354 ], [ 88.504609185469747, 27.05010018060657 ], [ 88.504580020706285, 27.051314583332257 ], [ 88.504448512727748, 27.051659003205373 ], [ 88.503892551417849, 27.051926721741825 ], [ 88.502941351085425, 27.052040694854522 ], [ 88.502927793903226, 27.052158186735948 ], [ 88.502600376285685, 27.05255434579291 ], [ 88.502122051451806, 27.052974682141283 ], [ 88.50152293129544, 27.053030726145519 ], [ 88.499803089144379, 27.052963318980691 ], [ 88.499064222117781, 27.053124648741935 ] ] ] } },
{ "type": "Feature", "properties": { "District": "Kalimpong", "Dist_LGD": "327N001", "Sub_dist": "Kalimpong - I", "Subdis_LGD": "2156", "Subdis_Typ": "Cd_Block", "Vill_name": "Kalimpong", "Vill_Cat": "Fully_Urban", "Vill_LGD": "801635", "arr_project": "asha2" }, "geometry": { "type": "Polygon", "coordinates": [ [ [ 88.478507827096905, 27.060464316424238 ], [ 88.478117486196055, 27.057223303350657 ], [ 88.476978772260225, 27.054188736155933 ], [ 88.476501983467969, 27.052424496611998 ], [ 88.475498048481754, 27.050051965928915 ], [ 88.475398201052428, 27.045887160354127 ], [ 88.47582367494681, 27.042962538341779 ], [ 88.475603029040201, 27.040351601015733 ], [ 88.475669555399747, 27.035417769777606 ], [ 88.475470090641139, 27.03481055324546 ], [ 88.474707544885689, 27.034696684289383 ], [ 88.473494607499688, 27.034443099006882 ], [ 88.472378952805869, 27.034305832707769 ], [ 88.469582343712062, 27.033581326236966 ], [ 88.467500724962107, 27.033575965685099 ], [ 88.463498737432303, 27.033951630597524 ], [ 88.461091049193541, 27.03445506923067 ], [ 88.459674731771699, 27.03445171240239 ], [ 88.458847643582459, 27.034022487205785 ], [ 88.457882516303769, 27.033441230724637 ], [ 88.456891763060412, 27.033216793268103 ], [ 88.455601744726707, 27.032453832895342 ], [ 88.453940501963885, 27.031432917588464 ], [ 88.453247456493287, 27.031625125603746 ], [ 88.45202765862912, 27.032007816093316 ], [ 88.450916174462009, 27.032583455982348 ], [ 88.450110920862997, 27.03306566372672 ], [ 88.446826866814163, 27.035586360370615 ], [ 88.444975982213748, 27.037072239589104 ], [ 88.445021223197372, 27.037062748948482 ], [ 88.445720117864795, 27.038897047351735 ], [ 88.445920597701317, 27.039201900276556 ], [ 88.446534109064828, 27.039091785959798 ], [ 88.446897361143087, 27.039904980788066 ], [ 88.447758633266815, 27.039462834153767 ], [ 88.449070168115, 27.039151449245242 ], [ 88.449385712433127, 27.040565413137539 ], [ 88.449477470221709, 27.04064570925695 ], [ 88.450872212092293, 27.040924707100299 ], [ 88.450819131181817, 27.042676460017155 ], [ 88.452190256172315, 27.042684883405446 ], [ 88.452612920395183, 27.043019025658648 ], [ 88.452453417083362, 27.043941409037199 ], [ 88.452614651462696, 27.044327898053545 ], [ 88.452998107700665, 27.044748199247703 ], [ 88.452801650275291, 27.047106228806474 ], [ 88.453249609886271, 27.047837287836312 ], [ 88.453769570144132, 27.048287769744388 ], [ 88.454081515911767, 27.049024745047305 ], [ 88.453732568385846, 27.049718902935769 ], [ 88.453776574986662, 27.050395458684644 ], [ 88.454796916019362, 27.051729905718759 ], [ 88.455517490532415, 27.05248973231437 ], [ 88.455380058521868, 27.053168164343131 ], [ 88.454619163808943, 27.054363059827121 ], [ 88.454492911692427, 27.055127129971183 ], [ 88.454344182396497, 27.056884381872866 ], [ 88.453055800497182, 27.058224638155604 ], [ 88.453447554934598, 27.06006657201986 ], [ 88.453118348306489, 27.061121597207226 ], [ 88.453089307560006, 27.061997496049802 ], [ 88.453379172288521, 27.062973909268234 ], [ 88.4543955288826, 27.063599790684943 ], [ 88.455053126968508, 27.064161676684098 ], [ 88.45563820774332, 27.064963520169457 ], [ 88.455924400027328, 27.065262954626188 ], [ 88.456920535346683, 27.065491848746753 ], [ 88.458660707489443, 27.063609778279769 ], [ 88.460082851032524, 27.06169939538993 ], [ 88.460484504386855, 27.06040439375457 ], [ 88.462590963996277, 27.059177428849601 ], [ 88.465095875217116, 27.058745153412659 ], [ 88.465806065006419, 27.059085284717842 ], [ 88.4661631280362, 27.059406527000458 ], [ 88.466789222307227, 27.059869391166259 ], [ 88.4669897965763, 27.060174208869661 ], [ 88.467800990300034, 27.060526815732246 ], [ 88.466668644118755, 27.061838484703923 ], [ 88.466116234175757, 27.062390363949831 ], [ 88.466329006793515, 27.06285753835374 ], [ 88.467001613650126, 27.063793820074338 ], [ 88.46746671327692, 27.063892775584574 ], [ 88.467775950627598, 27.067121129778769 ], [ 88.468422003154188, 27.069885600324074 ], [ 88.468697152003827, 27.071268333224676 ], [ 88.470887836985838, 27.073781949421413 ], [ 88.474690020381459, 27.075755082383097 ], [ 88.47725362844939, 27.076314905071754 ], [ 88.47972136270748, 27.076099391954493 ], [ 88.480233852762396, 27.075579474234662 ], [ 88.480757487924436, 27.075140677025573 ], [ 88.478104648689197, 27.073927417616467 ], [ 88.476639942647012, 27.07334704546599 ], [ 88.476342352986237, 27.072952993228036 ], [ 88.476175715868706, 27.072548540017525 ], [ 88.47626126816975, 27.071766829000449 ], [ 88.476211775823813, 27.071067777318209 ], [ 88.477836265357254, 27.069994583775188 ], [ 88.477772044230548, 27.069710916966216 ], [ 88.475947589291636, 27.067834463608978 ], [ 88.473890372597381, 27.065888211233787 ], [ 88.472272920524986, 27.064411226850549 ], [ 88.471927235473174, 27.063805540050407 ], [ 88.472768033742, 27.063720009904237 ], [ 88.474994576942223, 27.063200202746998 ], [ 88.477420228408747, 27.062872346338551 ], [ 88.47864126287476, 27.062566144131381 ], [ 88.478893423487023, 27.062188883182024 ], [ 88.478507827096905, 27.060464316424238 ] ] ] } },
{ "type": "Feature", "properties": { "District": "Kalimpong", "Dist_LGD": "327N001", "Sub_dist": "Kalimpong - I", "Subdis_LGD": "2156", "Subdis_Typ": "Cd_Block", "Vill_name": "Yokprimtam Khasmahal", "Vill_Cat": "Forest_Village", "Vill_LGD": "306237", "arr_project": "asha2" }, "geometry": { "type": "Polygon", "coordinates": [ [ [ 88.500224602332025, 27.038037673563153 ], [ 88.499308904197704, 27.038918511602947 ], [ 88.498548095411877, 27.040077523311393 ], [ 88.498123012274974, 27.041088528665675 ], [ 88.498163490521023, 27.042239003598244 ], [ 88.497840196426992, 27.044083897028116 ], [ 88.497072623798104, 27.045116598339941 ], [ 88.496288839640727, 27.046068227959825 ], [ 88.496377859026111, 27.046699152405395 ], [ 88.496505500973484, 27.047961533988637 ], [ 88.495759381409513, 27.048714173086328 ], [ 88.494967949883971, 27.049471802620612 ], [ 88.494409786935321, 27.05033527141418 ], [ 88.493737147096269, 27.05092915234852 ], [ 88.494782451370682, 27.051829746621916 ], [ 88.496122675628882, 27.052921271030552 ], [ 88.496383856641401, 27.053229914734217 ], [ 88.496728506924271, 27.053370674769575 ], [ 88.497857633277462, 27.053367683049149 ], [ 88.499064222117781, 27.053124648741935 ], [ 88.499803089144379, 27.052963318980691 ], [ 88.50152293129544, 27.053030726145519 ], [ 88.502122051451806, 27.052974682141283 ], [ 88.502600376285685, 27.05255434579291 ], [ 88.502927793903226, 27.052158186735948 ], [ 88.502941351085425, 27.052040694854522 ], [ 88.503892551417849, 27.051926721741825 ], [ 88.504448512727748, 27.051659003205373 ], [ 88.504580020706285, 27.051314583332257 ], [ 88.504609185469747, 27.05010018060657 ], [ 88.504550597787812, 27.049486991781354 ], [ 88.504906415534833, 27.048576003393425 ], [ 88.505226908261577, 27.048040000403024 ], [ 88.505451136882286, 27.047089798339812 ], [ 88.505514307616238, 27.045780251113861 ], [ 88.505673374565006, 27.044857825954715 ], [ 88.505985943352599, 27.044484385817025 ], [ 88.506637799524611, 27.04422917274772 ], [ 88.508176981989337, 27.044366137339836 ], [ 88.508933008594255, 27.044362544106335 ], [ 88.509618808490629, 27.044007660291403 ], [ 88.510626687440407, 27.043238601397768 ], [ 88.511644610224678, 27.04284403362071 ], [ 88.51325023065553, 27.04229871380387 ], [ 88.514803974542502, 27.042020221825936 ], [ 88.515908469009517, 27.040943179357409 ], [ 88.516560529251024, 27.040331366121752 ], [ 88.517414890352455, 27.040146135111748 ], [ 88.519118503487022, 27.039771199990071 ], [ 88.520638246826906, 27.039217697791077 ], [ 88.52203469338194, 27.039613314180215 ], [ 88.52263707681881, 27.039805382858209 ], [ 88.523484511963446, 27.039854884074867 ], [ 88.525063877253288, 27.039612109557684 ], [ 88.525567707275471, 27.039597621542981 ], [ 88.525517201915122, 27.03884444266351 ], [ 88.525750419256795, 27.037081717015603 ], [ 88.525573063476145, 27.035147421763657 ], [ 88.525366139024655, 27.034007792331955 ], [ 88.524841320157961, 27.032840012731548 ], [ 88.52371317840722, 27.031033357737016 ], [ 88.522376952336813, 27.030984631317889 ], [ 88.520189480399992, 27.031346774646988 ], [ 88.518753377768661, 27.03174140019939 ], [ 88.517109388885885, 27.031668863731287 ], [ 88.515505168843632, 27.03155525972798 ], [ 88.514226001029201, 27.031627701593202 ], [ 88.512432792505649, 27.031326534781506 ], [ 88.510214222465748, 27.031251064532576 ], [ 88.509006232579765, 27.031746949894703 ], [ 88.508529377780022, 27.03189197614153 ], [ 88.507261843791056, 27.032081576915804 ], [ 88.505820160416079, 27.032440024265561 ], [ 88.504644283805462, 27.032700834822343 ], [ 88.503604123994478, 27.03369134998163 ], [ 88.501896117937093, 27.035248643300378 ], [ 88.50059926059987, 27.037027201248442 ], [ 88.500224602332025, 27.038037673563153 ] ] ] } },
{ "type": "Feature", "properties": { "District": "Kalimpong", "Dist_LGD": "327N001", "Sub_dist": "Kalimpong - I", "Subdis_LGD": "2156", "Subdis_Typ": "Cd_Block", "Vill_name": "Bong Khasmahal", "Vill_Cat": "Forest_Village", "Vill_LGD": "306236", "arr_project": "asha2" }, "geometry": { "type": "Polygon", "coordinates": [ [ [ 88.475603029040201, 27.040351601015733 ], [ 88.47582367494681, 27.042962538341779 ], [ 88.475398201052428, 27.045887160354127 ], [ 88.475498048481754, 27.050051965928915 ], [ 88.476501983467969, 27.052424496611998 ], [ 88.476978772260225, 27.054188736155933 ], [ 88.478117486196055, 27.057223303350657 ], [ 88.478507827096905, 27.060464316424238 ], [ 88.478893423487023, 27.062188883182024 ], [ 88.480769734667874, 27.060341225477636 ], [ 88.483205228914571, 27.057702322427804 ], [ 88.484062670446363, 27.056587502749366 ], [ 88.485342780870269, 27.055797691739137 ], [ 88.488815618468465, 27.054619094518262 ], [ 88.492094283090012, 27.053248400118314 ], [ 88.494038762900132, 27.05238827691473 ], [ 88.494782451370682, 27.051829746621916 ], [ 88.493737147096269, 27.05092915234852 ], [ 88.492845092959428, 27.050180376201851 ], [ 88.49248147942258, 27.049367315926723 ], [ 88.492263278853557, 27.048114915607556 ], [ 88.491530980404477, 27.04648433064601 ], [ 88.491214891962102, 27.045070484611486 ], [ 88.491568691484147, 27.04438070261487 ], [ 88.49194338921447, 27.043365735755202 ], [ 88.491672665132043, 27.041951408947252 ], [ 88.491810880509547, 27.041349666246614 ], [ 88.492209325287803, 27.039463367170828 ], [ 88.492218402715011, 27.037481902227743 ], [ 88.491403283976794, 27.037206201082746 ], [ 88.489799721390455, 27.036383699020938 ], [ 88.488829324837354, 27.035798202813641 ], [ 88.487760547319141, 27.035777912565884 ], [ 88.486481241524544, 27.035845592437393 ], [ 88.482305076393033, 27.036390627125467 ], [ 88.479176798177363, 27.03651832294268 ], [ 88.478298167019176, 27.036008515631419 ], [ 88.476801856535445, 27.034900393368275 ], [ 88.475850312952161, 27.03459443700644 ], [ 88.475470090641139, 27.03481055324546 ], [ 88.475669555399747, 27.035417769777606 ], [ 88.475603029040201, 27.040351601015733 ] ] ] } },
{ "type": "Feature", "properties": { "District": "Kalimpong", "Dist_LGD": "327N001", "Sub_dist": "Lava", "Subdis_LGD": "2157", "Subdis_Typ": "Cd_Block", "Vill_name": "Git Beong Khasmahal", "Vill_Cat": "Forest_Village", "Vill_LGD": "306305", "arr_project": "asha2" }, "geometry": { "type": "Polygon", "coordinates": [ [ [ 88.618788118927782, 27.042545761946187 ], [ 88.618819425979254, 27.043673703029803 ], [ 88.61917682570747, 27.045046118168333 ], [ 88.619291803199289, 27.046033185553686 ], [ 88.619803872769054, 27.048347077077896 ], [ 88.619890759885237, 27.050887009246566 ], [ 88.619184271732308, 27.05223556299353 ], [ 88.619326224198574, 27.053696204922385 ], [ 88.61886054362499, 27.055317291002556 ], [ 88.618904468855177, 27.056621099929167 ], [ 88.618431556591403, 27.058792876855314 ], [ 88.618212702069428, 27.060754122800418 ], [ 88.617970027648454, 27.061758844416406 ], [ 88.617839110149433, 27.061769376921713 ], [ 88.618189752929865, 27.062315951770231 ], [ 88.618734323724041, 27.064430885814875 ], [ 88.619417406473616, 27.065307607378191 ], [ 88.619633079146624, 27.065932456985351 ], [ 88.619807678710671, 27.06580407644358 ], [ 88.621345656072378, 27.06758260078459 ], [ 88.622270167937003, 27.068767931719293 ], [ 88.623175151737485, 27.070346128909897 ], [ 88.623623375216468, 27.071712960709487 ], [ 88.625442871032021, 27.070978855273442 ], [ 88.626527489289145, 27.07067746836622 ], [ 88.627213564489509, 27.070358120084826 ], [ 88.627872692486719, 27.069569711421654 ], [ 88.628381357181553, 27.06918471408348 ], [ 88.630677842642967, 27.069018190297893 ], [ 88.632368609251117, 27.068452478221037 ], [ 88.634340645073934, 27.067468263660171 ], [ 88.634927569081526, 27.066919861194314 ], [ 88.635888851514309, 27.066114362997418 ], [ 88.636502530762542, 27.065326444205532 ], [ 88.637346791070073, 27.063407545836725 ], [ 88.63777943693475, 27.061958293302521 ], [ 88.63771805477019, 27.059815251670134 ], [ 88.638040433806054, 27.057369872171392 ], [ 88.638348478210872, 27.055326329572278 ], [ 88.638531667882603, 27.054751023229663 ], [ 88.638009663567658, 27.054211008672624 ], [ 88.637731144526455, 27.05342896014221 ], [ 88.637648987337812, 27.052631084791702 ], [ 88.637780730605655, 27.051984167373895 ], [ 88.638143252812426, 27.051262350555675 ], [ 88.638257127552819, 27.05077360157491 ], [ 88.638431937977245, 27.050315734638509 ], [ 88.638618718389992, 27.049641095556154 ], [ 88.638574524230265, 27.049027819346641 ], [ 88.638304333360608, 27.048471332238417 ], [ 88.63762455946538, 27.047824836295842 ], [ 88.637378268708161, 27.047525319963164 ], [ 88.637378526347121, 27.047195855002801 ], [ 88.637598493833181, 27.046723923998261 ], [ 88.637678920405065, 27.046014418786299 ], [ 88.637690430117019, 27.045418545014613 ], [ 88.637796910185031, 27.045114922163261 ], [ 88.637923546572821, 27.044811065101115 ], [ 88.638110919163736, 27.044524553146548 ], [ 88.638217133998126, 27.044202881134659 ], [ 88.638253780324831, 27.043949715936456 ], [ 88.638146437620009, 27.043499647904117 ], [ 88.637901789497192, 27.042965428185894 ], [ 88.637782344486425, 27.04272310573452 ], [ 88.637542344923332, 27.042161752337886 ], [ 88.637535663716633, 27.041701484618425 ], [ 88.63750326257744, 27.041205411988592 ], [ 88.637308294595385, 27.040620967660821 ], [ 88.637125765440558, 27.040198852153946 ], [ 88.636961627387365, 27.040002182370557 ], [ 88.636847948407848, 27.039809437341869 ], [ 88.636540160392556, 27.039438422843727 ], [ 88.63648950509409, 27.039073443615163 ], [ 88.636545982559284, 27.038797482565361 ], [ 88.636814369328619, 27.038189595283601 ], [ 88.636990410876024, 27.03781746564016 ], [ 88.637009518889343, 27.037397517327186 ], [ 88.637013768894249, 27.036648279003447 ], [ 88.636868876113496, 27.036040684700232 ], [ 88.636837397222109, 27.035607785248768 ], [ 88.637125473730819, 27.035315589647876 ], [ 88.637627149940172, 27.034808789075104 ], [ 88.637979092981297, 27.034403019870833 ], [ 88.63813235479418, 27.034198142332354 ], [ 88.638206951543523, 27.033782060920398 ], [ 88.638181162560485, 27.033394226871252 ], [ 88.638262175505204, 27.03307284832842 ], [ 88.638538918606713, 27.032695031996443 ], [ 88.638808465635577, 27.032515878645025 ], [ 88.639222764781735, 27.032240263117288 ], [ 88.639668672195654, 27.032059053958228 ], [ 88.640265285099929, 27.031844495076992 ], [ 88.64077956881242, 27.031513551066897 ], [ 88.641018022916185, 27.031276086032417 ], [ 88.641269558600257, 27.030898558476203 ], [ 88.641224917839978, 27.030601209285457 ], [ 88.641085379167365, 27.030016121795473 ], [ 88.640902525561216, 27.029571449238514 ], [ 88.640751547219082, 27.029239232738206 ], [ 88.640619937618155, 27.028852632838436 ], [ 88.640448543027375, 27.028502603130448 ], [ 88.640277806210236, 27.028197696390464 ], [ 88.640183108809836, 27.02792349463585 ], [ 88.640226874108677, 27.027467153035875 ], [ 88.640244724084269, 27.026961467855941 ], [ 88.640193476441581, 27.026555879086271 ], [ 88.640037465188371, 27.026223720556331 ], [ 88.639691691010626, 27.026011116090956 ], [ 88.639332899428908, 27.02594308393693 ], [ 88.638767589481915, 27.025881968683645 ], [ 88.638239841590831, 27.025978376414127 ], [ 88.637309918352116, 27.026142644677584 ], [ 88.636531086081106, 27.026300636829387 ], [ 88.63574086647894, 27.026368493712663 ], [ 88.634753549179308, 27.026398017414362 ], [ 88.634182219810384, 27.026269255986673 ], [ 88.633703360968369, 27.02591375944726 ], [ 88.633288832670374, 27.025476275990773 ], [ 88.633111056582806, 27.025031532421835 ], [ 88.632966529520317, 27.024446493402003 ], [ 88.632814354871826, 27.02368101524867 ], [ 88.632693131539824, 27.022964821636826 ], [ 88.632449210034054, 27.022475712079494 ], [ 88.632157661078196, 27.02182919186691 ], [ 88.631944627323051, 27.021384855075635 ], [ 88.63205071218006, 27.021054160875259 ], [ 88.632177080303947, 27.020732258647016 ], [ 88.632577363971336, 27.020186033378465 ], [ 88.632696929651004, 27.019742352615598 ], [ 88.632715467130296, 27.019281791297992 ], [ 88.632865326968471, 27.018842272592508 ], [ 88.63275712200759, 27.018329023386823 ], [ 88.632518250468266, 27.017839853681622 ], [ 88.632258900445066, 27.017328356191548 ], [ 88.632176168591656, 27.016485345911956 ], [ 88.632093831254522, 27.015669410412102 ], [ 88.631967455435415, 27.01494424932525 ], [ 88.631897953427782, 27.013970202779156 ], [ 88.631746130271139, 27.013227282714134 ], [ 88.631570271697015, 27.012913396088987 ], [ 88.631229657533012, 27.012705221601269 ], [ 88.630853041360496, 27.012795336230489 ], [ 88.630062104912227, 27.013156524781415 ], [ 88.629409470842987, 27.01367407087719 ], [ 88.629071304494417, 27.013984882060207 ], [ 88.628537560310463, 27.014361139910616 ], [ 88.628280649555009, 27.014716141804492 ], [ 88.628066646048339, 27.015251174641666 ], [ 88.62780979846687, 27.015610688592698 ], [ 88.627095704607811, 27.016061237637974 ], [ 88.626310096880303, 27.016444911223886 ], [ 88.625756763036406, 27.016862004001371 ], [ 88.625336471131888, 27.017069951379614 ], [ 88.624928954558854, 27.017115274048049 ], [ 88.624526152238175, 27.017137974833041 ], [ 88.623861488145437, 27.017172721911727 ], [ 88.62324552004425, 27.017089560602393 ], [ 88.622604750490254, 27.017033762030227 ], [ 88.62224599532037, 27.016965684637274 ], [ 88.621778341718979, 27.01703425788887 ], [ 88.621138544871343, 27.017046138905087 ], [ 88.620698531021588, 27.016933861644386 ], [ 88.620398488346666, 27.016743247361049 ], [ 88.620412254520218, 27.017000341992045 ], [ 88.620750506030248, 27.018097673998536 ], [ 88.621126379855156, 27.019709077831184 ], [ 88.621305262397001, 27.021638674322652 ], [ 88.621727443693871, 27.022613178987385 ], [ 88.621478725248807, 27.023541252900987 ], [ 88.620947855331138, 27.024824605580793 ], [ 88.62029748382048, 27.028316295292427 ], [ 88.620732707650419, 27.030197805989019 ], [ 88.621180552514616, 27.030851577040298 ], [ 88.621635293313645, 27.032335696523667 ], [ 88.621784379414223, 27.033241134285877 ], [ 88.621521709895987, 27.034602636282788 ], [ 88.620906976172179, 27.035313778701564 ], [ 88.619906322227791, 27.036877845194919 ], [ 88.618950043632807, 27.039077756203476 ], [ 88.618647663818862, 27.040484842138266 ], [ 88.618692585881973, 27.041156793453261 ], [ 88.618788118927782, 27.042545761946187 ] ] ] } },
{ "type": "Feature", "properties": { "District": "Kalimpong", "Dist_LGD": "327N001", "Sub_dist": "Lava", "Subdis_LGD": "2157", "Subdis_Typ": "Cd_Block", "Vill_name": "Git Dubling Khasmahal", "Vill_Cat": "Forest_Village", "Vill_LGD": "306306", "arr_project": "asha2" }, "geometry": { "type": "Polygon", "coordinates": [ [ [ 88.595631230002255, 27.035643259238441 ], [ 88.595285441782721, 27.036495669155848 ], [ 88.594826615277881, 27.037552453923986 ], [ 88.594295119627688, 27.039530762759366 ], [ 88.593771912283884, 27.040312967881992 ], [ 88.592799296310446, 27.041037072826462 ], [ 88.591485956646224, 27.04190493726594 ], [ 88.591093132590075, 27.041927431699644 ], [ 88.590233023201861, 27.042411045760634 ], [ 88.589539701386229, 27.043285423567042 ], [ 88.589238056593658, 27.044056082771153 ], [ 88.589326985055465, 27.045359405172849 ], [ 88.589663291396775, 27.047048072234603 ], [ 88.589954850389105, 27.048064768677779 ], [ 88.589549667708553, 27.048642528901738 ], [ 88.592081180802481, 27.050866007582432 ], [ 88.593570483214279, 27.052455855579144 ], [ 88.594554356658264, 27.053234522321024 ], [ 88.59516719643193, 27.053796241293568 ], [ 88.595980434104362, 27.054626476224961 ], [ 88.596798060278076, 27.054341889958767 ], [ 88.597725398625229, 27.053618270333892 ], [ 88.598300121797948, 27.052912190352075 ], [ 88.599227951895017, 27.052224660774062 ], [ 88.602329160916184, 27.054080409320004 ], [ 88.603059023667029, 27.054360938564528 ], [ 88.604383258736362, 27.05496415238661 ], [ 88.605244046031672, 27.055234149674671 ], [ 88.606385766933101, 27.055762700892735 ], [ 88.607140892494783, 27.05639946410302 ], [ 88.608129929590888, 27.057177972403174 ], [ 88.610100120553028, 27.058179930443533 ], [ 88.612028409615277, 27.059069508713922 ], [ 88.613215561676924, 27.05959748093094 ], [ 88.61472129303867, 27.06019399735462 ], [ 88.616679762588547, 27.061074136752705 ], [ 88.617839110149433, 27.061769376921713 ], [ 88.617970027648454, 27.061758844416406 ], [ 88.618212702069428, 27.060754122800418 ], [ 88.618431556591403, 27.058792876855314 ], [ 88.618904468855177, 27.056621099929167 ], [ 88.61886054362499, 27.055317291002556 ], [ 88.619326224198574, 27.053696204922385 ], [ 88.619184271732308, 27.05223556299353 ], [ 88.619890759885237, 27.050887009246566 ], [ 88.619803872769054, 27.048347077077896 ], [ 88.619291803199289, 27.046033185553686 ], [ 88.61917682570747, 27.045046118168333 ], [ 88.618819425979254, 27.043673703029803 ], [ 88.618788118927782, 27.042545761946187 ], [ 88.618692585881973, 27.041156793453261 ], [ 88.618647663818862, 27.040484842138266 ], [ 88.618950043632807, 27.039077756203476 ], [ 88.619906322227791, 27.036877845194919 ], [ 88.620906976172179, 27.035313778701564 ], [ 88.621521709895987, 27.034602636282788 ], [ 88.621784379414223, 27.033241134285877 ], [ 88.621635293313645, 27.032335696523667 ], [ 88.621180552514616, 27.030851577040298 ], [ 88.620732707650419, 27.030197805989019 ], [ 88.62029748382048, 27.028316295292427 ], [ 88.620947855331138, 27.024824605580793 ], [ 88.621478725248807, 27.023541252900987 ], [ 88.621727443693871, 27.022613178987385 ], [ 88.621305262397001, 27.021638674322652 ], [ 88.621126379855156, 27.019709077831184 ], [ 88.620750506030248, 27.018097673998536 ], [ 88.620412254520218, 27.017000341992045 ], [ 88.620398488346666, 27.016743247361049 ], [ 88.62016963030932, 27.016596943774225 ], [ 88.619741497082899, 27.016258866192864 ], [ 88.619340369302819, 27.016046845071969 ], [ 88.619001124757659, 27.015933402571672 ], [ 88.6185855960222, 27.015771191224577 ], [ 88.618396983486278, 27.015619910258916 ], [ 88.618240405331122, 27.015242598856794 ], [ 88.618158043950757, 27.014769656566422 ], [ 88.618095056018859, 27.013890302029555 ], [ 88.61804363312568, 27.013114618583391 ], [ 88.617992407833327, 27.012704503692092 ], [ 88.617916829503542, 27.012001309042727 ], [ 88.617841449570165, 27.011663683393831 ], [ 88.617709747220744, 27.011263519345377 ], [ 88.617589996384055, 27.010994101317472 ], [ 88.617450479703024, 27.010751989674066 ], [ 88.617211497482941, 27.010601284575138 ], [ 88.6169345999418, 27.010618004267776 ], [ 88.616307884150089, 27.010837320914973 ], [ 88.615937522542083, 27.011013074902912 ], [ 88.615485067780597, 27.011085965233772 ], [ 88.615069627238938, 27.010928254086409 ], [ 88.614855449224805, 27.010750181341276 ], [ 88.614569772507593, 27.010505228673971 ], [ 88.614290232437938, 27.01033693095501 ], [ 88.613764345654644, 27.010207561617442 ], [ 88.613149259010697, 27.010183016840308 ], [ 88.613129106639562, 27.010183247770716 ], [ 88.612867555695573, 27.010921900968434 ], [ 88.612637313173977, 27.012088952369371 ], [ 88.612159115716707, 27.012830085073997 ], [ 88.611806222545454, 27.013524649163298 ], [ 88.610950454247046, 27.0146446978749 ], [ 88.610480040567154, 27.015579805740625 ], [ 88.609935911695175, 27.016646639128545 ], [ 88.609316586492085, 27.016680798768192 ], [ 88.608357677853007, 27.016930956914386 ], [ 88.60681187762161, 27.017016306146395 ], [ 88.605207255469921, 27.016863107165548 ], [ 88.603204396025447, 27.017409463560945 ], [ 88.599974645908048, 27.018145758224826 ], [ 88.597704251577227, 27.018663485378401 ], [ 88.595955856759232, 27.019035350062758 ], [ 88.594629399662665, 27.019668695886399 ], [ 88.593971398602463, 27.01982057071103 ], [ 88.59252847390745, 27.020058050764622 ], [ 88.591760906182742, 27.019944873776737 ], [ 88.590475773381712, 27.019936831648572 ], [ 88.589276168177776, 27.019918785727008 ], [ 88.587259220267171, 27.020189770564119 ], [ 88.585746335480962, 27.020112040721223 ], [ 88.585375419565494, 27.019895068947598 ], [ 88.58437783346929, 27.019549751233662 ], [ 88.583523544728976, 27.019360778624101 ], [ 88.581801457661697, 27.019456864319281 ], [ 88.579988674442191, 27.019553946226814 ], [ 88.579973621215416, 27.019558628380828 ], [ 88.580233011189492, 27.020449344166664 ], [ 88.580830999615586, 27.021408470432334 ], [ 88.581495053031901, 27.022046409108654 ], [ 88.582198853616276, 27.02264327797873 ], [ 88.582867941981647, 27.023998761639287 ], [ 88.583297076821836, 27.024413668937232 ], [ 88.583999119155806, 27.02560178562824 ], [ 88.584686722385626, 27.027196254377085 ], [ 88.585106432062773, 27.027656393040708 ], [ 88.586025691359893, 27.028160549558237 ], [ 88.588070788258335, 27.028805452149758 ], [ 88.589884751710613, 27.029498066985067 ], [ 88.59157960856983, 27.029605282565782 ], [ 88.592974552811754, 27.029887376110274 ], [ 88.593653274072949, 27.03012792099716 ], [ 88.594272106673628, 27.030053214400834 ], [ 88.595153409585919, 27.030007122902131 ], [ 88.595941777641812, 27.02980411601888 ], [ 88.597234793751952, 27.029292991585127 ], [ 88.598226295988766, 27.02884395233762 ], [ 88.59870464943512, 27.028102861068952 ], [ 88.599872940940642, 27.027683395335696 ], [ 88.601012177729274, 27.028058579637193 ], [ 88.601084338653052, 27.02852713643821 ], [ 88.600972989062072, 27.028848841635416 ], [ 88.600717351420087, 27.02894652780904 ], [ 88.599726497771428, 27.029440709881026 ], [ 88.59895551726369, 27.030514594917801 ], [ 88.598432379671351, 27.031296813723095 ], [ 88.598476024950571, 27.031887553170208 ], [ 88.598565682028791, 27.03323599314685 ], [ 88.598114731346257, 27.03377818993939 ], [ 88.597681640447448, 27.034514251926954 ], [ 88.596782450590894, 27.035079586151941 ], [ 88.595631230002255, 27.035643259238441 ] ] ] } },
{ "type": "Feature", "properties": { "District": "Kalimpong", "Dist_LGD": "327N001", "Sub_dist": "Lava", "Subdis_LGD": "2157", "Subdis_Typ": "Cd_Block", "Vill_name": "Pagang Khasmahal", "Vill_Cat": "Forest_Village", "Vill_LGD": "306307", "arr_project": "asha2" }, "geometry": { "type": "Polygon", "coordinates": [ [ [ 88.582086912690897, 27.030118499790589 ], [ 88.581379509908473, 27.031426269880775 ], [ 88.580986538211448, 27.032874927893776 ], [ 88.580644010495931, 27.034327532218267 ], [ 88.580928578328752, 27.035213448214666 ], [ 88.582060481961122, 27.036861606651641 ], [ 88.582488447139639, 27.037908382608098 ], [ 88.583176620110819, 27.039538954084961 ], [ 88.583703712976245, 27.040823812739248 ], [ 88.584762912823095, 27.042671347337365 ], [ 88.585801907296045, 27.045588738603772 ], [ 88.58680183141071, 27.047874706173545 ], [ 88.588087369875467, 27.048604885670716 ], [ 88.588589867816282, 27.048851954120995 ], [ 88.589099156504247, 27.048507708710765 ], [ 88.589549667708553, 27.048642528901738 ], [ 88.589954850389105, 27.048064768677779 ], [ 88.589663291396775, 27.047048072234603 ], [ 88.589326985055465, 27.045359405172849 ], [ 88.589238056593658, 27.044056082771153 ], [ 88.589539701386229, 27.043285423567042 ], [ 88.590233023201861, 27.042411045760634 ], [ 88.591093132590075, 27.041927431699644 ], [ 88.591485956646224, 27.04190493726594 ], [ 88.592799296310446, 27.041037072826462 ], [ 88.593771912283884, 27.040312967881992 ], [ 88.594295119627688, 27.039530762759366 ], [ 88.594826615277881, 27.037552453923986 ], [ 88.595285441782721, 27.036495669155848 ], [ 88.595631230002255, 27.035643259238441 ], [ 88.596782450590894, 27.035079586151941 ], [ 88.597681640447448, 27.034514251926954 ], [ 88.598114731346257, 27.03377818993939 ], [ 88.598565682028791, 27.03323599314685 ], [ 88.598476024950571, 27.031887553170208 ], [ 88.598432379671351, 27.031296813723095 ], [ 88.59895551726369, 27.030514594917801 ], [ 88.599726497771428, 27.029440709881026 ], [ 88.600717351420087, 27.02894652780904 ], [ 88.600972989062072, 27.028848841635416 ], [ 88.601084338653052, 27.02852713643821 ], [ 88.601012177729274, 27.028058579637193 ], [ 88.599872940940642, 27.027683395335696 ], [ 88.59870464943512, 27.028102861068952 ], [ 88.598226295988766, 27.02884395233762 ], [ 88.597234793751952, 27.029292991585127 ], [ 88.595941777641812, 27.02980411601888 ], [ 88.595153409585919, 27.030007122902131 ], [ 88.594272106673628, 27.030053214400834 ], [ 88.593653274072949, 27.03012792099716 ], [ 88.592974552811754, 27.029887376110274 ], [ 88.59157960856983, 27.029605282565782 ], [ 88.589884751710613, 27.029498066985067 ], [ 88.588070788258335, 27.028805452149758 ], [ 88.586025691359893, 27.028160549558237 ], [ 88.585106432062773, 27.027656393040708 ], [ 88.584686722385626, 27.027196254377085 ], [ 88.584239088909584, 27.027259965396517 ], [ 88.583591093109277, 27.028129290070577 ], [ 88.582086912690897, 27.030118499790589 ] ] ] } },
{ "type": "Feature", "properties": { "District": "Kalimpong", "Dist_LGD": "327N001", "Sub_dist": "Lava", "Subdis_LGD": "2157", "Subdis_Typ": "Cd_Block", "Vill_name": "Dalapchand Khasmahal", "Vill_Cat": "Forest_Village", "Vill_LGD": "306300", "arr_project": "asha2" }, "geometry": { "type": "Polygon", "coordinates": [ [ [ 88.549362367997787, 27.093478961079164 ], [ 88.550090182354822, 27.091769433094623 ], [ 88.55107323684966, 27.089921688200594 ], [ 88.551168636100741, 27.08733002016417 ], [ 88.551792820168586, 27.085423044999558 ], [ 88.552485628103099, 27.084472121346497 ], [ 88.553035460998117, 27.083391888816333 ], [ 88.553783387332473, 27.08132106130903 ], [ 88.5540960065956, 27.080590969264513 ], [ 88.554157242069124, 27.079547727446396 ], [ 88.5545712363365, 27.078491558423597 ], [ 88.554828507524505, 27.077039953759677 ], [ 88.555227867944041, 27.076385625545807 ], [ 88.555514456072132, 27.075962721307278 ], [ 88.55588020427912, 27.07543062215295 ], [ 88.553830670919581, 27.074148954211754 ], [ 88.552501969270068, 27.073585933815263 ], [ 88.549693796101764, 27.072858684038604 ], [ 88.548860692925459, 27.073046805706014 ], [ 88.548611784394879, 27.073437835718106 ], [ 88.548333302130274, 27.073868178716715 ], [ 88.547675117510195, 27.074613779737547 ], [ 88.547217747817783, 27.075302307057477 ], [ 88.546599173020553, 27.076191686505698 ], [ 88.546100411879621, 27.077124371329152 ], [ 88.545737830355932, 27.077741225396164 ], [ 88.545183722614567, 27.078558707206646 ], [ 88.544962515228193, 27.079075235659591 ], [ 88.544716018453599, 27.080137319315948 ], [ 88.544053429388015, 27.080681444254051 ], [ 88.543237145732846, 27.081283134399836 ], [ 88.542889733952336, 27.082261145438682 ], [ 88.542681493498364, 27.082851688041654 ], [ 88.542075820947275, 27.083528468034121 ], [ 88.541481878153945, 27.083946015404074 ], [ 88.540845020296018, 27.084305999226437 ], [ 88.54046016170004, 27.084797003937336 ], [ 88.540160679343529, 27.085418852862375 ], [ 88.539645047094069, 27.085780238571513 ], [ 88.538942275768221, 27.086620175532833 ], [ 88.538522997181488, 27.087577464810245 ], [ 88.537806283086155, 27.088645979593455 ], [ 88.537714527722557, 27.088782772990477 ], [ 88.536698912598297, 27.08945897138571 ], [ 88.536806979013718, 27.09021381673659 ], [ 88.536426469292493, 27.091152227015932 ], [ 88.536000023282114, 27.092050517908127 ], [ 88.535417215815656, 27.093316092947827 ], [ 88.534910890972213, 27.095014106180756 ], [ 88.534278555660563, 27.095607738396385 ], [ 88.534169354293113, 27.09573530280629 ], [ 88.537152135756401, 27.097765272887838 ], [ 88.540492772177672, 27.099773198912938 ], [ 88.541286521116319, 27.100288033732802 ], [ 88.54285708935241, 27.098609912924303 ], [ 88.543738092955024, 27.097765281169103 ], [ 88.54603748892302, 27.096286726571901 ], [ 88.548818925374675, 27.094662914238352 ], [ 88.549362367997787, 27.093478961079164 ] ], [ [ 88.535835339371019, 27.092924582562691 ], [ 88.535812727748208, 27.092635686512509 ], [ 88.53599545447257, 27.092646615543945 ], [ 88.536127110850373, 27.092858924316452 ], [ 88.536351611961564, 27.09309140120704 ], [ 88.536466379186379, 27.093329218750299 ], [ 88.536237128502492, 27.093435997429395 ], [ 88.535877103538098, 27.093532448590619 ], [ 88.535766483677804, 27.093335806786715 ], [ 88.535784861444213, 27.093131845002727 ], [ 88.535835339371019, 27.092924582562691 ] ] ] } },
{ "type": "Feature", "properties": { "District": "Kalimpong", "Dist_LGD": "327N001", "Sub_dist": "Kalimpong - I", "Subdis_LGD": "2156", "Subdis_Typ": "Cd_Block", "Vill_name": "Lolaygaon Khasmahal", "Vill_Cat": "Forest_Village", "Vill_LGD": "306240", "arr_project": "asha2" }, "geometry": { "type": "Polygon", "coordinates": [ [ [ 88.53343935175424, 26.992740410196621 ], [ 88.532065580777285, 26.993233770958735 ], [ 88.530941472457869, 26.993561925858856 ], [ 88.528399254016676, 26.994460606283969 ], [ 88.52658203375664, 26.995324307191307 ], [ 88.525872385791999, 26.99612634476108 ], [ 88.525065064457209, 26.996785010658094 ], [ 88.523832062470632, 26.998757150408366 ], [ 88.523012393686287, 26.999623551727957 ], [ 88.522189499433736, 27.000625384914592 ], [ 88.521443422695427, 27.000971947283404 ], [ 88.520549005127521, 27.002276939122449 ], [ 88.51973316967721, 27.003432135978777 ], [ 88.519639148367119, 27.003559525123233 ], [ 88.519808860079394, 27.003814954986879 ], [ 88.520230712532907, 27.004460324793531 ], [ 88.521324862643127, 27.00451621079711 ], [ 88.523104939001016, 27.005742656375713 ], [ 88.525106545457859, 27.006953138558369 ], [ 88.526438101631115, 27.007796248309219 ], [ 88.526963429834495, 27.008264453864555 ], [ 88.527878775374134, 27.00888188091708 ], [ 88.528740021108831, 27.009969275797268 ], [ 88.530049320918366, 27.011024717417119 ], [ 88.530975431442684, 27.012061745602654 ], [ 88.531555524953163, 27.012849784563258 ], [ 88.53171813827646, 27.01332191598587 ], [ 88.532066987073932, 27.013778480664183 ], [ 88.532672429746768, 27.01420517200425 ], [ 88.533362533872406, 27.014928817822753 ], [ 88.533856652187751, 27.015320610235243 ], [ 88.533884873802307, 27.014801268712962 ], [ 88.534905490763251, 27.013517388365205 ], [ 88.535644423694919, 27.012642771007954 ], [ 88.536460879382304, 27.012281825009349 ], [ 88.537981640536913, 27.011836457427499 ], [ 88.53943160287939, 27.011003701050427 ], [ 88.539923618742719, 27.010501855248258 ], [ 88.540694498593226, 27.00938765784867 ], [ 88.542873778989474, 27.008831225743393 ], [ 88.545548679527485, 27.008409234596574 ], [ 88.54715978408008, 27.008680397435121 ], [ 88.54850239033567, 27.008846172050724 ], [ 88.549757890242404, 27.00853899636121 ], [ 88.551746690901339, 27.008426828799337 ], [ 88.555250210179892, 27.007805963125737 ], [ 88.556842604282195, 27.00708429222848 ], [ 88.558684510047399, 27.006188336561006 ], [ 88.557954182300719, 27.004016490982302 ], [ 88.557504692901276, 27.003209066982706 ], [ 88.556740078592568, 27.001105290920897 ], [ 88.55638471645797, 26.999813898098257 ], [ 88.555773685046262, 26.998615593856346 ], [ 88.555482580648928, 26.997598798800212 ], [ 88.555056915575264, 26.995956139341715 ], [ 88.554525117236381, 26.993921988987442 ], [ 88.554189259571402, 26.992946305081372 ], [ 88.553799039407423, 26.992413523822808 ], [ 88.553763468414303, 26.992391350154961 ], [ 88.553723975289614, 26.992450458972776 ], [ 88.55325968550224, 26.993493642148163 ], [ 88.552844569447899, 26.994816107789916 ], [ 88.551814180564165, 26.994994455092883 ], [ 88.549761215113463, 26.995554139739593 ], [ 88.545037018434982, 26.99678401163797 ], [ 88.54375271372507, 26.996080473125968 ], [ 88.543679092509223, 26.995485521130508 ], [ 88.543855741506533, 26.994770477974654 ], [ 88.544407160658096, 26.993460081929584 ], [ 88.54523519268399, 26.991009289856894 ], [ 88.545360592348786, 26.990231621735937 ], [ 88.545450729002056, 26.989454339788157 ], [ 88.544784536914463, 26.989736959242762 ], [ 88.543902908894779, 26.99010768914642 ], [ 88.542712118851838, 26.989236119663538 ], [ 88.541354252436378, 26.987933087150381 ], [ 88.538330372830359, 26.984888034019807 ], [ 88.537333787498781, 26.984212881816465 ], [ 88.536557410373447, 26.984171703073379 ], [ 88.535955614144797, 26.984002244298491 ], [ 88.534913715928568, 26.98332756813349 ], [ 88.533943308150796, 26.983094414379295 ], [ 88.534078614822505, 26.983413388826197 ], [ 88.534335730401864, 26.983798737018873 ], [ 88.534561457349696, 26.985583564561118 ], [ 88.534432741559996, 26.986122054895244 ], [ 88.534403756122956, 26.987327434683866 ], [ 88.534395543974981, 26.989692517603281 ], [ 88.534286651275025, 26.990578318785211 ], [ 88.534057488938828, 26.991140469742191 ], [ 88.533811052780877, 26.991914935149616 ], [ 88.53343935175424, 26.992740410196621 ] ] ] } },
{ "type": "Feature", "properties": { "District": "Kalimpong", "Dist_LGD": "327N001", "Sub_dist": "Kalimpong - I", "Subdis_LGD": "2156", "Subdis_Typ": "Cd_Block", "Vill_name": "Pudung Khasmahal", "Vill_Cat": "Forest_Village", "Vill_LGD": "306227", "arr_project": "asha2" }, "geometry": { "type": "Polygon", "coordinates": [ [ [ 88.513814624982217, 27.078349350646999 ], [ 88.514948384039798, 27.075651992078701 ], [ 88.51610159771856, 27.073676267467388 ], [ 88.518964428519098, 27.07061693225597 ], [ 88.520547104465464, 27.069092377793517 ], [ 88.522501210662512, 27.067076348303996 ], [ 88.523788766827323, 27.065730973633965 ], [ 88.524888812527237, 27.06431540922005 ], [ 88.525156766471326, 27.063626480131227 ], [ 88.52594801849348, 27.062864172944067 ], [ 88.526359174900122, 27.062327140710778 ], [ 88.526598425972011, 27.060636564566821 ], [ 88.526718474271689, 27.059078169092807 ], [ 88.527145495953761, 27.058225029993036 ], [ 88.527799630842637, 27.057391988930579 ], [ 88.529292441173851, 27.057068861429357 ], [ 88.530600718857727, 27.055407271998458 ], [ 88.531561037155001, 27.054480615945469 ], [ 88.532051615041851, 27.053856950608456 ], [ 88.532151449298581, 27.053413558566376 ], [ 88.53166169775308, 27.053355705821922 ], [ 88.529985417629078, 27.053527400576893 ], [ 88.529073297950887, 27.053176253848147 ], [ 88.528644300085148, 27.052765691742554 ], [ 88.528308757130645, 27.05106781695816 ], [ 88.528463065929557, 27.050551622732087 ], [ 88.528489966804216, 27.049933005994575 ], [ 88.528478750122872, 27.049477283286034 ], [ 88.528128144518718, 27.048898873796677 ], [ 88.527882737144338, 27.047899582294072 ], [ 88.527890521451155, 27.047357898945343 ], [ 88.528262947430775, 27.046943142332335 ], [ 88.529177714071793, 27.046378064260185 ], [ 88.529737460671797, 27.046024454165583 ], [ 88.529895979469075, 27.045819630659391 ], [ 88.529760376884994, 27.045112513583017 ], [ 88.529357793092018, 27.04441732694189 ], [ 88.528936401500715, 27.043821635429882 ], [ 88.528702825615426, 27.043323193604795 ], [ 88.528861638166703, 27.042396237894472 ], [ 88.528305246463248, 27.040763945942054 ], [ 88.527711645100752, 27.040477025897943 ], [ 88.526474116126082, 27.039908237538839 ], [ 88.525567707275471, 27.039597621542981 ], [ 88.525063877253288, 27.039612109557684 ], [ 88.523484511963446, 27.039854884074867 ], [ 88.52263707681881, 27.039805382858209 ], [ 88.522317374887464, 27.040765669344438 ], [ 88.521897898290561, 27.041429152921491 ], [ 88.521485768485988, 27.042264061929639 ], [ 88.520797625168797, 27.043936920685265 ], [ 88.52041505625084, 27.045096468306514 ], [ 88.520046825064696, 27.046946399233025 ], [ 88.519651802888603, 27.0486792708884 ], [ 88.519159665739679, 27.049939292356935 ], [ 88.518435185274356, 27.050416500085866 ], [ 88.517559374069208, 27.051260915756384 ], [ 88.517237354884287, 27.05205422326139 ], [ 88.51670692311211, 27.053093495369186 ], [ 88.516127657976995, 27.054250639425813 ], [ 88.515171810478037, 27.055894763943083 ], [ 88.514381012736308, 27.056693113276641 ], [ 88.513903070021044, 27.057515170609005 ], [ 88.513886703600576, 27.058548899562158 ], [ 88.514188898269808, 27.060405139102492 ], [ 88.514468714484181, 27.061345410630295 ], [ 88.515308441478794, 27.063809668887401 ], [ 88.51533119292543, 27.065501920165438 ], [ 88.514929132410316, 27.066720335858115 ], [ 88.51355684159526, 27.070774539416579 ], [ 88.512456050403486, 27.0755298873352 ], [ 88.511868932529978, 27.077991449342765 ], [ 88.511042736657757, 27.08292887821062 ], [ 88.510885283886424, 27.083219423133205 ], [ 88.511599724380844, 27.083103421797944 ], [ 88.51264578894228, 27.083651820042842 ], [ 88.513492438563162, 27.079115849394572 ], [ 88.513814624982217, 27.078349350646999 ] ] ] } },
{ "type": "Feature", "properties": { "District": "Kalimpong", "Dist_LGD": "327N001", "Sub_dist": "Kalimpong - I", "Subdis_LGD": "2156", "Subdis_Typ": "Cd_Block", "Vill_name": "Seokbir Khasmahal", "Vill_Cat": "Forest_Village", "Vill_LGD": "306238", "arr_project": "asha2" }, "geometry": { "type": "Polygon", "coordinates": [ [ [ 88.507077266750471, 27.023918891019129 ], [ 88.506177940774649, 27.023747981726515 ], [ 88.50536241240107, 27.023436256666368 ], [ 88.504357876956348, 27.023311594275764 ], [ 88.503589216683764, 27.023491313707147 ], [ 88.50279170305447, 27.0237751446288 ], [ 88.501997061739758, 27.023896459600518 ], [ 88.501819740554325, 27.02382613778035 ], [ 88.501630482225934, 27.023616028700541 ], [ 88.501474455320377, 27.023252111225489 ], [ 88.501189518778205, 27.02304753544967 ], [ 88.500953054332726, 27.023077136043188 ], [ 88.50069223323041, 27.023170183982124 ], [ 88.500495536806653, 27.02353786399939 ], [ 88.500141912332893, 27.024232177795152 ], [ 88.49922800854489, 27.024481122565064 ], [ 88.497759889159411, 27.024361350079886 ], [ 88.49656584669674, 27.024387588898747 ], [ 88.495330379544811, 27.025091263908163 ], [ 88.494188748439839, 27.025270381921068 ], [ 88.493060942712617, 27.024970924667738 ], [ 88.491971426574409, 27.024517599097962 ], [ 88.491267407533783, 27.024633380385552 ], [ 88.491533693138777, 27.025334646182795 ], [ 88.491355116880143, 27.026695065427162 ], [ 88.49141143745814, 27.027524928769747 ], [ 88.492887301400259, 27.02898966974973 ], [ 88.49335419553168, 27.029995713395962 ], [ 88.493143635291162, 27.030841947734036 ], [ 88.492246214335836, 27.031961755079749 ], [ 88.491578646869002, 27.033313816080252 ], [ 88.491756488429928, 27.034566648551937 ], [ 88.492043764198002, 27.034947239769192 ], [ 88.492868359357061, 27.035940462898502 ], [ 88.492683783832661, 27.036465971589315 ], [ 88.492218402715011, 27.037481902227743 ], [ 88.492209325287803, 27.039463367170828 ], [ 88.491810880509547, 27.041349666246614 ], [ 88.491672665132043, 27.041951408947252 ], [ 88.49194338921447, 27.043365735755202 ], [ 88.491568691484147, 27.04438070261487 ], [ 88.491214891962102, 27.045070484611486 ], [ 88.491530980404477, 27.04648433064601 ], [ 88.492263278853557, 27.048114915607556 ], [ 88.49248147942258, 27.049367315926723 ], [ 88.492845092959428, 27.050180376201851 ], [ 88.493737147096269, 27.05092915234852 ], [ 88.494409786935321, 27.05033527141418 ], [ 88.494967949883971, 27.049471802620612 ], [ 88.495759381409513, 27.048714173086328 ], [ 88.496505500973484, 27.047961533988637 ], [ 88.496377859026111, 27.046699152405395 ], [ 88.496288839640727, 27.046068227959825 ], [ 88.497072623798104, 27.045116598339941 ], [ 88.497840196426992, 27.044083897028116 ], [ 88.498163490521023, 27.042239003598244 ], [ 88.498123012274974, 27.041088528665675 ], [ 88.498548095411877, 27.040077523311393 ], [ 88.499308904197704, 27.038918511602947 ], [ 88.500224602332025, 27.038037673563153 ], [ 88.50059926059987, 27.037027201248442 ], [ 88.501896117937093, 27.035248643300378 ], [ 88.503604123994478, 27.03369134998163 ], [ 88.504644283805462, 27.032700834822343 ], [ 88.505820160416079, 27.032440024265561 ], [ 88.507261843791056, 27.032081576915804 ], [ 88.508529377780022, 27.03189197614153 ], [ 88.509006232579765, 27.031746949894703 ], [ 88.510214222465748, 27.031251064532576 ], [ 88.512432792505649, 27.031326534781506 ], [ 88.514226001029201, 27.031627701593202 ], [ 88.515505168843632, 27.03155525972798 ], [ 88.517109388885885, 27.031668863731287 ], [ 88.518753377768661, 27.03174140019939 ], [ 88.520189480399992, 27.031346774646988 ], [ 88.522376952336813, 27.030984631317889 ], [ 88.52371317840722, 27.031033357737016 ], [ 88.524159838773571, 27.029773814886411 ], [ 88.526207168766405, 27.027995943923358 ], [ 88.527920429537232, 27.027232656577308 ], [ 88.529802667524535, 27.026296007227273 ], [ 88.532191759138257, 27.025574969034917 ], [ 88.534776404670424, 27.025154153252831 ], [ 88.532779378303275, 27.023199074785008 ], [ 88.530649885025682, 27.021132574306268 ], [ 88.529367266450208, 27.019824107231983 ], [ 88.528313796389583, 27.018689158545989 ], [ 88.528231590036057, 27.018572704665527 ], [ 88.527852105929242, 27.019204177277096 ], [ 88.527359991244694, 27.020450685353605 ], [ 88.527166167773672, 27.020651374116017 ], [ 88.52645900901426, 27.020902764066651 ], [ 88.525437009069776, 27.020977028228362 ], [ 88.524729539200777, 27.021205845868796 ], [ 88.524006401928332, 27.021394208974222 ], [ 88.522890301569959, 27.021591333592223 ], [ 88.522263066007071, 27.021417584358446 ], [ 88.520786410484106, 27.021036369767288 ], [ 88.520107400704646, 27.021133970107332 ], [ 88.519207777594573, 27.02131518814754 ], [ 88.518232513246232, 27.021118094572728 ], [ 88.517176934873618, 27.020944427737735 ], [ 88.516232262835814, 27.021148679145313 ], [ 88.515286665589485, 27.021659841949745 ], [ 88.514408455889992, 27.021935579976368 ], [ 88.513043011636782, 27.02195477466184 ], [ 88.512401011462273, 27.022182827774561 ], [ 88.511548467283433, 27.022494378549581 ], [ 88.510915751706136, 27.022663651925324 ], [ 88.510228241971589, 27.02250403455313 ], [ 88.50954329922881, 27.02215934007733 ], [ 88.509180505544137, 27.022163228713037 ], [ 88.508913202980622, 27.022901772164101 ], [ 88.508760523188215, 27.023544305370478 ], [ 88.508316587060122, 27.023887564206337 ], [ 88.507491238324519, 27.023973131967349 ], [ 88.507077266750471, 27.023918891019129 ] ] ] } },
{ "type": "Feature", "properties": { "District": "Kalimpong", "Dist_LGD": "327N001", "Sub_dist": "Kalimpong - I", "Subdis_LGD": "2156", "Subdis_Typ": "Cd_Block", "Vill_name": "Kameshi Forest", "Vill_Cat": "Others", "Vill_LGD": "306251", "arr_project": "asha2" }, "geometry": { "type": "Polygon", "coordinates": [ [ [ 88.492868359357061, 27.035940462898502 ], [ 88.492043764198002, 27.034947239769192 ], [ 88.491756488429928, 27.034566648551937 ], [ 88.491578646869002, 27.033313816080252 ], [ 88.492246214335836, 27.031961755079749 ], [ 88.493143635291162, 27.030841947734036 ], [ 88.49335419553168, 27.029995713395962 ], [ 88.492887301400259, 27.02898966974973 ], [ 88.49141143745814, 27.027524928769747 ], [ 88.491355116880143, 27.026695065427162 ], [ 88.491533693138777, 27.025334646182795 ], [ 88.491267407533783, 27.024633380385552 ], [ 88.489394211354451, 27.024368869146837 ], [ 88.488487007473481, 27.023981286719238 ], [ 88.488018491179673, 27.023611628838655 ], [ 88.487344530522947, 27.022183495687582 ], [ 88.486199201107027, 27.020931843974896 ], [ 88.485919633507393, 27.020749745990663 ], [ 88.484940626913357, 27.0206472407232 ], [ 88.482143100141812, 27.020599992979314 ], [ 88.481810485979054, 27.020215341606072 ], [ 88.481091337333098, 27.018792163785491 ], [ 88.480453878353401, 27.017833001959566 ], [ 88.479899756483007, 27.017464215742393 ], [ 88.479170468604238, 27.017187535918872 ], [ 88.477610814799817, 27.016996296215932 ], [ 88.476875435325141, 27.016638425812666 ], [ 88.476434032252413, 27.016024719377835 ], [ 88.475694614774923, 27.014200030080367 ], [ 88.474739512276699, 27.01322160081514 ], [ 88.473325303705394, 27.012586473675753 ], [ 88.471690010129052, 27.011998777824584 ], [ 88.470145409970627, 27.01102196165311 ], [ 88.469562905678984, 27.01156513821519 ], [ 88.468070326592255, 27.013038539015845 ], [ 88.466494632872411, 27.014711381128247 ], [ 88.464947949169357, 27.016681789832081 ], [ 88.463585606956329, 27.018104144181628 ], [ 88.462511362974297, 27.019983861274323 ], [ 88.462317160487672, 27.020942721744309 ], [ 88.461698769070708, 27.023002748217031 ], [ 88.460757607601209, 27.025436220707515 ], [ 88.460369609160296, 27.028947168749678 ], [ 88.460205941975858, 27.02915196980161 ], [ 88.460484608775573, 27.031992528376069 ], [ 88.461091049193541, 27.03445506923067 ], [ 88.463498737432303, 27.033951630597524 ], [ 88.467500724962107, 27.033575965685099 ], [ 88.469582343712062, 27.033581326236966 ], [ 88.472378952805869, 27.034305832707769 ], [ 88.473494607499688, 27.034443099006882 ], [ 88.474707544885689, 27.034696684289383 ], [ 88.475470090641139, 27.03481055324546 ], [ 88.475850312952161, 27.03459443700644 ], [ 88.476801856535445, 27.034900393368275 ], [ 88.478298167019176, 27.036008515631419 ], [ 88.479176798177363, 27.03651832294268 ], [ 88.482305076393033, 27.036390627125467 ], [ 88.486481241524544, 27.035845592437393 ], [ 88.487760547319141, 27.035777912565884 ], [ 88.488829324837354, 27.035798202813641 ], [ 88.489799721390455, 27.036383699020938 ], [ 88.491403283976794, 27.037206201082746 ], [ 88.492218402715011, 27.037481902227743 ], [ 88.492683783832661, 27.036465971589315 ], [ 88.492868359357061, 27.035940462898502 ] ], [ [ 88.472943512492776, 27.023235276324531 ], [ 88.473401373406801, 27.023145699533963 ], [ 88.473546588546967, 27.023587359827122 ], [ 88.473691802593109, 27.024029018970189 ], [ 88.474032592479148, 27.024297338245528 ], [ 88.474299039895556, 27.024888284363801 ], [ 88.474565744124234, 27.025871504171899 ], [ 88.474781479847152, 27.026494616655675 ], [ 88.474784381362738, 27.026502995853701 ], [ 88.475397849585491, 27.027712308825834 ], [ 88.476348515670992, 27.028792049027139 ], [ 88.475566939497782, 27.029276119199931 ], [ 88.474998875832668, 27.029690812394318 ], [ 88.473693594999673, 27.030644476946456 ], [ 88.472745130319637, 27.03060230973254 ], [ 88.471204229188416, 27.029975148250976 ], [ 88.470237612029905, 27.029489014240554 ], [ 88.469852222597055, 27.029057619153591 ], [ 88.470221625987946, 27.028549112477183 ], [ 88.471060087129572, 27.027907093027455 ], [ 88.471542945357399, 27.027444057451731 ], [ 88.472235613932867, 27.026588679891695 ], [ 88.472390761761204, 27.026116330275361 ], [ 88.472601590851056, 27.025110465165362 ], [ 88.472802458457949, 27.023848839950173 ], [ 88.472943512492776, 27.023235276324531 ] ] ] } },
{ "type": "Feature", "properties": { "District": "Kalimpong", "Dist_LGD": "327N001", "Sub_dist": "Kalimpong - I", "Subdis_LGD": "2156", "Subdis_Typ": "Cd_Block", "Vill_name": "Tunang Forest", "Vill_Cat": "Others", "Vill_LGD": "306250", "arr_project": "asha2" }, "geometry": { "type": "Polygon", "coordinates": [ [ [ 88.466137369798005, 27.002713923711681 ], [ 88.465751544633662, 27.003268576837044 ], [ 88.465085581053572, 27.003591446263904 ], [ 88.464368638693429, 27.004257860646661 ], [ 88.464309400432484, 27.00474141417174 ], [ 88.46439813854677, 27.005367857433605 ], [ 88.464863578287193, 27.005511959424908 ], [ 88.465618061884726, 27.006185636378987 ], [ 88.466490834683327, 27.006654972865132 ], [ 88.468329896316604, 27.00703299193162 ], [ 88.468981650026734, 27.007554265395814 ], [ 88.469317828797031, 27.00860689684162 ], [ 88.469582079519043, 27.009940110188261 ], [ 88.470145409970627, 27.01102196165311 ], [ 88.471690010129052, 27.011998777824584 ], [ 88.473325303705394, 27.012586473675753 ], [ 88.474739512276699, 27.01322160081514 ], [ 88.475694614774923, 27.014200030080367 ], [ 88.476434032252413, 27.016024719377835 ], [ 88.476875435325141, 27.016638425812666 ], [ 88.477610814799817, 27.016996296215932 ], [ 88.479170468604238, 27.017187535918872 ], [ 88.479899756483007, 27.017464215742393 ], [ 88.480453878353401, 27.017833001959566 ], [ 88.481091337333098, 27.018792163785491 ], [ 88.481810485979054, 27.020215341606072 ], [ 88.482143100141812, 27.020599992979314 ], [ 88.484940626913357, 27.0206472407232 ], [ 88.485919633507393, 27.020749745990663 ], [ 88.486199201107027, 27.020931843974896 ], [ 88.487344530522947, 27.022183495687582 ], [ 88.488018491179673, 27.023611628838655 ], [ 88.488487007473481, 27.023981286719238 ], [ 88.489394211354451, 27.024368869146837 ], [ 88.491267407533783, 27.024633380385552 ], [ 88.491971426574409, 27.024517599097962 ], [ 88.493060942712617, 27.024970924667738 ], [ 88.494188748439839, 27.025270381921068 ], [ 88.495330379544811, 27.025091263908163 ], [ 88.49656584669674, 27.024387588898747 ], [ 88.497759889159411, 27.024361350079886 ], [ 88.49922800854489, 27.024481122565064 ], [ 88.500141912332893, 27.024232177795152 ], [ 88.500495536806653, 27.02353786399939 ], [ 88.50069223323041, 27.023170183982124 ], [ 88.500953054332726, 27.023077136043188 ], [ 88.501189518778205, 27.02304753544967 ], [ 88.501474455320377, 27.023252111225489 ], [ 88.501630482225934, 27.023616028700541 ], [ 88.501819740554325, 27.02382613778035 ], [ 88.501997061739758, 27.023896459600518 ], [ 88.50279170305447, 27.0237751446288 ], [ 88.503589216683764, 27.023491313707147 ], [ 88.504357876956348, 27.023311594275764 ], [ 88.50536241240107, 27.023436256666368 ], [ 88.506177940774649, 27.023747981726515 ], [ 88.507077266750471, 27.023918891019129 ], [ 88.507491238324519, 27.023973131967349 ], [ 88.507113341420848, 27.023223448256864 ], [ 88.506204749809328, 27.022357580341733 ], [ 88.505223659460981, 27.021722662649335 ], [ 88.504551264943515, 27.021183733571689 ], [ 88.503226719236196, 27.020489284878238 ], [ 88.500229767207998, 27.01908600119701 ], [ 88.497028963949759, 27.017125160810473 ], [ 88.49389314895275, 27.015497544080993 ], [ 88.494039648465971, 27.015143945957931 ], [ 88.493915191143316, 27.011448806885859 ], [ 88.493715816748022, 27.009708756387006 ], [ 88.493652548453767, 27.00873453589189 ], [ 88.493587110498709, 27.008739743001779 ], [ 88.492729599471218, 27.008672108071146 ], [ 88.490233566573252, 27.005864135321996 ], [ 88.49111531937163, 27.004333789831506 ], [ 88.491552824376825, 27.001977679779049 ], [ 88.492026131515217, 27.000808213406231 ], [ 88.493268696359223, 26.998371354289358 ], [ 88.493548662057904, 26.997443140598712 ], [ 88.493226908524662, 26.995207909214734 ], [ 88.492685271923435, 26.99348953270357 ], [ 88.492414673522731, 26.993600721410466 ], [ 88.491436697399337, 26.993940555649708 ], [ 88.490263182471907, 26.9939710282035 ], [ 88.489525616448546, 26.993820859563758 ], [ 88.486965995988726, 26.993807278624931 ], [ 88.485277340019621, 26.993360211778928 ], [ 88.484867046020639, 26.993576667110073 ], [ 88.483373194078453, 26.994152066137158 ], [ 88.482428603450586, 26.994735211757863 ], [ 88.481975909413507, 26.99556141458724 ], [ 88.481036396118355, 26.996149011680597 ], [ 88.478336230571671, 26.996565526697744 ], [ 88.476208902190905, 26.997251307922962 ], [ 88.475275794860963, 26.997947121687076 ], [ 88.471980394458384, 26.998315588967657 ], [ 88.471880225412022, 26.998361770007676 ], [ 88.471685689808325, 26.998512745424303 ], [ 88.471420859366987, 26.99868250754686 ], [ 88.47024511915393, 26.998933996063311 ], [ 88.469415584929521, 26.999461695299573 ], [ 88.46885780051268, 27.000352143232906 ], [ 88.468282721995848, 27.000687617964019 ], [ 88.467144386173217, 27.001493841702448 ], [ 88.466137369798005, 27.002713923711681 ] ] ] } },
{ "type": "Feature", "properties": { "District": "Kalimpong", "Dist_LGD": "327N001", "Sub_dist": "Kalimpong - I", "Subdis_LGD": "2156", "Subdis_Typ": "Cd_Block", "Vill_name": "Ringking Pong Forest", "Vill_Cat": "Others", "Vill_LGD": "306252", "arr_project": "asha2" }, "geometry": { "type": "Polygon", "coordinates": [ [ [ 88.440453214589141, 27.011265629960722 ], [ 88.43919281719468, 27.011612511870968 ], [ 88.43821211304919, 27.012159631653603 ], [ 88.43701131155224, 27.01283536787858 ], [ 88.436495395990306, 27.013477029368936 ], [ 88.436253739342945, 27.014287401265012 ], [ 88.43632178946163, 27.015279665579097 ], [ 88.436261013572832, 27.016444755799679 ], [ 88.436695146104782, 27.016503514984926 ], [ 88.437589005370327, 27.016652361541411 ], [ 88.439151676703162, 27.017480411765341 ], [ 88.440121613240962, 27.018061755602385 ], [ 88.441138463452489, 27.018764475332578 ], [ 88.442304332567815, 27.019691331800871 ], [ 88.44311021423772, 27.020445844832725 ], [ 88.44413914257477, 27.021301873573027 ], [ 88.44590978242212, 27.022619676402066 ], [ 88.447574463179478, 27.024317671994115 ], [ 88.44879083354499, 27.025243952074142 ], [ 88.450031502513809, 27.02727575966966 ], [ 88.450798684095403, 27.028147971861575 ], [ 88.451891289340224, 27.0292424948145 ], [ 88.453940501963885, 27.031432917588464 ], [ 88.455601744726707, 27.032453832895342 ], [ 88.456891763060412, 27.033216793268103 ], [ 88.457882516303769, 27.033441230724637 ], [ 88.458847643582459, 27.034022487205785 ], [ 88.459674731771699, 27.03445171240239 ], [ 88.461091049193541, 27.03445506923067 ], [ 88.460484608775573, 27.031992528376069 ], [ 88.460205941975858, 27.02915196980161 ], [ 88.460369609160296, 27.028947168749678 ], [ 88.460757607601209, 27.025436220707515 ], [ 88.461698769070708, 27.023002748217031 ], [ 88.462317160487672, 27.020942721744309 ], [ 88.462511362974297, 27.019983861274323 ], [ 88.463585606956329, 27.018104144181628 ], [ 88.464947949169357, 27.016681789832081 ], [ 88.466494632872411, 27.014711381128247 ], [ 88.468070326592255, 27.013038539015845 ], [ 88.469562905678984, 27.01156513821519 ], [ 88.470145409970627, 27.01102196165311 ], [ 88.469582079519043, 27.009940110188261 ], [ 88.469317828797031, 27.00860689684162 ], [ 88.468981650026734, 27.007554265395814 ], [ 88.468329896316604, 27.00703299193162 ], [ 88.466490834683327, 27.006654972865132 ], [ 88.465618061884726, 27.006185636378987 ], [ 88.464863578287193, 27.005511959424908 ], [ 88.46439813854677, 27.005367857433605 ], [ 88.463455539835707, 27.005341547369458 ], [ 88.462603627060872, 27.005314288826231 ], [ 88.4612309573875, 27.005540668141172 ], [ 88.460664992279774, 27.005415649583782 ], [ 88.460039936044325, 27.005006895874875 ], [ 88.459142909981949, 27.004217315231784 ], [ 88.458927551367239, 27.003538018427967 ], [ 88.458900841080307, 27.0018592985998 ], [ 88.458584088690472, 27.000350580313668 ], [ 88.457676511800031, 26.999520476923994 ], [ 88.456176303800902, 26.999229079691048 ], [ 88.453843228781778, 26.998819889019892 ], [ 88.452776053681447, 26.998113263132446 ], [ 88.451357687018984, 26.996737742720018 ], [ 88.450103516714563, 26.995198034186775 ], [ 88.448666270400395, 26.994702802330611 ], [ 88.44751007324291, 26.995301435303162 ], [ 88.44587033881173, 26.996306719317573 ], [ 88.444535423281167, 26.99672211077818 ], [ 88.443314810432966, 26.997014455691801 ], [ 88.44165129493183, 26.996950248303783 ], [ 88.440049881154124, 26.996619091900758 ], [ 88.438044490413901, 26.996612497006144 ], [ 88.436908010504808, 26.996786577576927 ], [ 88.437172386793122, 26.996973445741499 ], [ 88.43779749204451, 26.997395845685293 ], [ 88.438513456437732, 26.997830856037424 ], [ 88.439633337578655, 26.998726619208306 ], [ 88.440778599029855, 26.999635655139315 ], [ 88.442197253594372, 27.000645689861852 ], [ 88.442657558132041, 27.001575260602834 ], [ 88.443282222768985, 27.002354201773777 ], [ 88.443670741999497, 27.003185208213132 ], [ 88.444155720463357, 27.004466567571264 ], [ 88.444680746233701, 27.005332278672505 ], [ 88.445123609720795, 27.006076967095311 ], [ 88.445595308081934, 27.007105704629442 ], [ 88.445482571809933, 27.008140439705102 ], [ 88.444852692474356, 27.008927729783768 ], [ 88.444086132474737, 27.009666770432574 ], [ 88.443197083246162, 27.010285199231273 ], [ 88.441434130152857, 27.010736545612769 ], [ 88.440453214589141, 27.011265629960722 ] ] ] } },
{ "type": "Feature", "properties": { "District": "Kalimpong", "Dist_LGD": "327N001", "Sub_dist": "Kalimpong - I", "Subdis_LGD": "2156", "Subdis_Typ": "Cd_Block", "Vill_name": "Turzam Forest", "Vill_Cat": "Others", "Vill_LGD": "306254", "arr_project": "asha2" }, "geometry": { "type": "Polygon", "coordinates": [ [ [ 88.40494184200162, 26.989733956321427 ], [ 88.403650990563392, 26.989647525265354 ], [ 88.402809660353313, 26.989651390364141 ], [ 88.402164796533341, 26.989247080339116 ], [ 88.401352974968219, 26.98837953683071 ], [ 88.400064336863494, 26.987656644655381 ], [ 88.398158714262891, 26.987558216203514 ], [ 88.397056117097065, 26.987618800995641 ], [ 88.39570891517937, 26.988679287005798 ], [ 88.394864416287859, 26.989242811086438 ], [ 88.393514338060527, 26.99024392224306 ], [ 88.393602176827855, 26.990357050313364 ], [ 88.394388118111664, 26.991115036544269 ], [ 88.395204170356678, 26.991633865382504 ], [ 88.395768432742898, 26.992039908023298 ], [ 88.39717393441326, 26.992856463353093 ], [ 88.398438472008081, 26.993623399412577 ], [ 88.39969287945388, 26.994539279749986 ], [ 88.400196762799951, 26.995112272316362 ], [ 88.40026647351327, 26.995206091106031 ], [ 88.401058399257664, 26.996271890027579 ], [ 88.401451417936059, 26.996858435578982 ], [ 88.402564984792107, 26.997918678297015 ], [ 88.403859894640291, 26.998884124434529 ], [ 88.404983810987659, 26.999947312630294 ], [ 88.405094765868, 27.000052272086126 ], [ 88.405636829140974, 27.001381503254557 ], [ 88.406077308493423, 27.002280166000087 ], [ 88.407054896151095, 27.003435154810013 ], [ 88.407956929363834, 27.004323874133874 ], [ 88.409393113411227, 27.00494187314959 ], [ 88.41051038557714, 27.003570842146235 ], [ 88.412182084760985, 27.001459833806976 ], [ 88.41274519982197, 27.000556004094957 ], [ 88.41196594411511, 26.999485093974059 ], [ 88.410540187574583, 26.998691464068372 ], [ 88.409615342854266, 26.998064319323408 ], [ 88.408832342528882, 26.996284810405395 ], [ 88.408516318422258, 26.995588378792945 ], [ 88.407656699500876, 26.993317656104811 ], [ 88.407157425138791, 26.992469592699358 ], [ 88.406958281647405, 26.991447018109465 ], [ 88.406440034625817, 26.990287709692808 ], [ 88.405926580965129, 26.989918213883467 ], [ 88.40494184200162, 26.989733956321427 ] ] ] } },
{ "type": "Feature", "properties": { "District": "Kalimpong", "Dist_LGD": "327N001", "Sub_dist": "Kalimpong - I", "Subdis_LGD": "2156", "Subdis_Typ": "Cd_Block", "Vill_name": "Nazok Forest", "Vill_Cat": "Others", "Vill_LGD": "306258", "arr_project": "asha2" }, "geometry": { "type": "Polygon", "coordinates": [ [ [ 88.4612309573875, 27.005540668141172 ], [ 88.462603627060872, 27.005314288826231 ], [ 88.463455539835707, 27.005341547369458 ], [ 88.46439813854677, 27.005367857433605 ], [ 88.464309400432484, 27.00474141417174 ], [ 88.464368638693429, 27.004257860646661 ], [ 88.465085581053572, 27.003591446263904 ], [ 88.465751544633662, 27.003268576837044 ], [ 88.466137369798005, 27.002713923711681 ], [ 88.467144386173217, 27.001493841702448 ], [ 88.468282721995848, 27.000687617964019 ], [ 88.46885780051268, 27.000352143232906 ], [ 88.469415584929521, 26.999461695299573 ], [ 88.47024511915393, 26.998933996063311 ], [ 88.471420859366987, 26.99868250754686 ], [ 88.471685689808325, 26.998512745424303 ], [ 88.471880225412022, 26.998361770007676 ], [ 88.470500184196979, 26.997238800939368 ], [ 88.468512768840654, 26.995512838806935 ], [ 88.467802452857612, 26.99513208761477 ], [ 88.466483300993531, 26.993259213610958 ], [ 88.465107512791292, 26.990511309996027 ], [ 88.464463204584789, 26.989777805249883 ], [ 88.463635281994598, 26.988870181943341 ], [ 88.463263026987576, 26.987745690236483 ], [ 88.462897803184248, 26.986774580099837 ], [ 88.462237175979112, 26.985165628316036 ], [ 88.46167287185267, 26.984381631165739 ], [ 88.46143301980355, 26.983364081419946 ], [ 88.460978533130174, 26.982890370424407 ], [ 88.459998092567645, 26.982259622213689 ], [ 88.459136399094461, 26.98146064093196 ], [ 88.458315072927761, 26.980665750041673 ], [ 88.457443693901652, 26.979113112183672 ], [ 88.456400619663242, 26.977526134929324 ], [ 88.456874149728307, 26.976352258358592 ], [ 88.457346740413342, 26.975106174298205 ], [ 88.457851889388593, 26.974432959265432 ], [ 88.457966934652134, 26.97358775468609 ], [ 88.458337792882801, 26.971485164397556 ], [ 88.458791808444744, 26.969972974537544 ], [ 88.459000410091036, 26.969352473420152 ], [ 88.459050958179546, 26.968584663257548 ], [ 88.459019433733289, 26.968093023885711 ], [ 88.458944278792075, 26.966951898143392 ], [ 88.458377151996828, 26.966330395662467 ], [ 88.458361810924842, 26.966312501246883 ], [ 88.456924383054172, 26.965776721634196 ], [ 88.454808508314116, 26.965360766767624 ], [ 88.452356772587322, 26.965070102765388 ], [ 88.44926669345314, 26.965277926566305 ], [ 88.445246303828668, 26.96560806072015 ], [ 88.442084033963027, 26.966082762724216 ], [ 88.439640571177463, 26.966441733020229 ], [ 88.438740374646585, 26.96695191775596 ], [ 88.436738665232099, 26.967590678783477 ], [ 88.433429142061897, 26.968378119650453 ], [ 88.429951783641556, 26.968643622717575 ], [ 88.427106683899041, 26.968717589130939 ], [ 88.427013748125532, 26.969336878170886 ], [ 88.428961710744105, 26.970418434601797 ], [ 88.432801730308626, 26.971738014042259 ], [ 88.434917260215087, 26.972122707563539 ], [ 88.437383032048857, 26.97271593107752 ], [ 88.439315878537371, 26.974181139908723 ], [ 88.44031833371416, 26.975764154365159 ], [ 88.441178469803674, 26.978431847214235 ], [ 88.441158640189286, 26.980038843323349 ], [ 88.441393265638567, 26.98105648661711 ], [ 88.442049772309318, 26.983157556797924 ], [ 88.442546580540082, 26.984190567934217 ], [ 88.442714680135637, 26.985520318381038 ], [ 88.442195113012872, 26.986654002084503 ], [ 88.441651072080901, 26.987449424431528 ], [ 88.440724350880103, 26.988262298609193 ], [ 88.439432581758624, 26.989291029755154 ], [ 88.436862603362158, 26.991628154616613 ], [ 88.43564112974228, 26.993834150325544 ], [ 88.43548240328613, 26.9952214013252 ], [ 88.43601361590207, 26.996186381317887 ], [ 88.436908010504808, 26.996786577576927 ], [ 88.438044490413901, 26.996612497006144 ], [ 88.440049881154124, 26.996619091900758 ], [ 88.44165129493183, 26.996950248303783 ], [ 88.443314810432966, 26.997014455691801 ], [ 88.444535423281167, 26.99672211077818 ], [ 88.44587033881173, 26.996306719317573 ], [ 88.44751007324291, 26.995301435303162 ], [ 88.448666270400395, 26.994702802330611 ], [ 88.450103516714563, 26.995198034186775 ], [ 88.451357687018984, 26.996737742720018 ], [ 88.452776053681447, 26.998113263132446 ], [ 88.453843228781778, 26.998819889019892 ], [ 88.456176303800902, 26.999229079691048 ], [ 88.457676511800031, 26.999520476923994 ], [ 88.458584088690472, 27.000350580313668 ], [ 88.458900841080307, 27.0018592985998 ], [ 88.458927551367239, 27.003538018427967 ], [ 88.459142909981949, 27.004217315231784 ], [ 88.460039936044325, 27.005006895874875 ], [ 88.460664992279774, 27.005415649583782 ], [ 88.4612309573875, 27.005540668141172 ] ], [ [ 88.447561755536611, 26.992665318131444 ], [ 88.447819281482566, 26.992334729565982 ], [ 88.448343860356232, 26.99239540210284 ], [ 88.448347952243068, 26.992396673749102 ], [ 88.448643500521527, 26.992488506906913 ], [ 88.448943142091608, 26.992581610158354 ], [ 88.449387515429336, 26.992878708760873 ], [ 88.449555648580699, 26.993318088105674 ], [ 88.449400797595928, 26.993638215729522 ], [ 88.448103466868773, 26.99394162419561 ], [ 88.447283972195891, 26.994044156979992 ], [ 88.44673505148964, 26.993738681779096 ], [ 88.446766652990746, 26.993221877446 ], [ 88.446973119367001, 26.992868514081117 ], [ 88.446979372428075, 26.992857813228994 ], [ 88.447561755536611, 26.992665318131444 ] ] ] } },
{ "type": "Feature", "properties": { "District": "Kalimpong", "Dist_LGD": "327N001", "Sub_dist": "Kalimpong - I", "Subdis_LGD": "2156", "Subdis_Typ": "Cd_Block", "Vill_name": "Samthar Khasmahal", "Vill_Cat": "Forest_Village", "Vill_LGD": "306248", "arr_project": "asha2" }, "geometry": { "type": "Polygon", "coordinates": [ [ [ 88.495633880533489, 26.993963759849191 ], [ 88.496603800412203, 26.993777436834879 ], [ 88.497903724874405, 26.993781675083351 ], [ 88.498894805193771, 26.993671839895256 ], [ 88.500109636848819, 26.993338458933238 ], [ 88.501463115009642, 26.992823054674606 ], [ 88.502743717053747, 26.992511516902482 ], [ 88.50350437185962, 26.992124277770557 ], [ 88.504427420892014, 26.991825568260317 ], [ 88.505298417900633, 26.991780157014372 ], [ 88.506223983172745, 26.991670969652517 ], [ 88.506977132003527, 26.991477867778453 ], [ 88.507697526044623, 26.991095549735636 ], [ 88.508530643936055, 26.990477326222472 ], [ 88.509362352529408, 26.99050903939667 ], [ 88.510569419061767, 26.990730798258216 ], [ 88.511341434983393, 26.990442689443618 ], [ 88.512015988229948, 26.990024735301333 ], [ 88.512476854945518, 26.989451102605177 ], [ 88.51304426091852, 26.989309610435608 ], [ 88.514298550221667, 26.98929613360044 ], [ 88.515730491992457, 26.989005421119888 ], [ 88.516966348165624, 26.988369276113826 ], [ 88.517278367412686, 26.987968739595789 ], [ 88.517471863044776, 26.987370892065101 ], [ 88.517731942033905, 26.986478957363687 ], [ 88.51805773191677, 26.985978977303052 ], [ 88.518987786452442, 26.98583355307575 ], [ 88.520129822397109, 26.985717428572634 ], [ 88.520641970593559, 26.985590041950779 ], [ 88.521130329125327, 26.985566717741669 ], [ 88.521611891589373, 26.985787186846434 ], [ 88.522813969458838, 26.987137236227969 ], [ 88.523335838753553, 26.987357262788805 ], [ 88.524627016691866, 26.987839766758142 ], [ 88.526499496553384, 26.988464902726783 ], [ 88.527796469356829, 26.989001473953962 ], [ 88.529261697317438, 26.989685147629704 ], [ 88.530593223252296, 26.990167158122453 ], [ 88.531074088513165, 26.99033343972107 ], [ 88.531754493094354, 26.990353125036222 ], [ 88.533072656760396, 26.990591535402583 ], [ 88.533534988596003, 26.990505262885662 ], [ 88.534286651275025, 26.990578318785211 ], [ 88.534395543974981, 26.989692517603281 ], [ 88.534403756122956, 26.987327434683866 ], [ 88.534432741559996, 26.986122054895244 ], [ 88.534561457349696, 26.985583564561118 ], [ 88.534335730401864, 26.983798737018873 ], [ 88.534078614822505, 26.983413388826197 ], [ 88.533943308150796, 26.983094414379295 ], [ 88.533506781107747, 26.981366037786124 ], [ 88.533722244819245, 26.98053774975347 ], [ 88.534098474800203, 26.979306022992045 ], [ 88.534591872136318, 26.978542408295969 ], [ 88.534735751546421, 26.978008266138321 ], [ 88.533734150397564, 26.977328625870012 ], [ 88.533444364559898, 26.977133192130257 ], [ 88.532974161125011, 26.976262715982742 ], [ 88.530413678478482, 26.971312307154694 ], [ 88.528665983594522, 26.968718032861027 ], [ 88.527019878070277, 26.967300622778925 ], [ 88.525822078408027, 26.967002170055522 ], [ 88.523667936638645, 26.966754667160881 ], [ 88.521944132835941, 26.967418700405137 ], [ 88.520700218585105, 26.967811248216947 ], [ 88.519574321144518, 26.967990384239613 ], [ 88.518654980668231, 26.96779718821767 ], [ 88.517062288246592, 26.967724070352805 ], [ 88.514869773470366, 26.966867537945099 ], [ 88.512613235547391, 26.966494589742553 ], [ 88.51093608771464, 26.966508061938132 ], [ 88.508326455522905, 26.966851943872875 ], [ 88.505361086332911, 26.967339492936706 ], [ 88.504578711721706, 26.967216956784572 ], [ 88.503051081976622, 26.966732266013288 ], [ 88.502164275452373, 26.966330999194547 ], [ 88.500782789418054, 26.965470112106775 ], [ 88.499619571116767, 26.964354139556111 ], [ 88.497535286938046, 26.964430455016721 ], [ 88.496791081322527, 26.964144986619964 ], [ 88.497509987425417, 26.964421697274801 ], [ 88.497491252928725, 26.964909344317881 ], [ 88.497718321504337, 26.965701291156496 ], [ 88.497938863126919, 26.966380471733537 ], [ 88.498391839025629, 26.967494982758318 ], [ 88.498309847226196, 26.968150298342707 ], [ 88.497046977825818, 26.969021261076914 ], [ 88.496028193185865, 26.969686521077328 ], [ 88.495634730042838, 26.970787453100691 ], [ 88.49506817149323, 26.97251307074372 ], [ 88.494515963034985, 26.973800734140752 ], [ 88.493393975290374, 26.977337594635852 ], [ 88.492221080934826, 26.978929709935244 ], [ 88.491752935132467, 26.980866402624404 ], [ 88.491181078739359, 26.981815755795232 ], [ 88.490093679609032, 26.983402436703699 ], [ 88.490152001899844, 26.983622976993239 ], [ 88.490076478338665, 26.984391053590908 ], [ 88.490078599847166, 26.986846322743567 ], [ 88.490153525267075, 26.989855968935323 ], [ 88.490289986708632, 26.99065339661588 ], [ 88.490445963674389, 26.992931012750958 ], [ 88.490263182471907, 26.9939710282035 ], [ 88.491436697399337, 26.993940555649708 ], [ 88.492414673522731, 26.993600721410466 ], [ 88.492685271923435, 26.99348953270357 ], [ 88.494010653632799, 26.99389522896206 ], [ 88.494709236908022, 26.994145082272354 ], [ 88.495633880533489, 26.993963759849191 ] ] ] } },
{ "type": "Feature", "properties": { "District": "Kalimpong", "Dist_LGD": "327N001", "Sub_dist": "Kalimpong - I", "Subdis_LGD": "2156", "Subdis_Typ": "Cd_Block", "Vill_name": "Suruk Khasmahal", "Vill_Cat": "Forest_Village", "Vill_LGD": "306259", "arr_project": "asha2" }, "geometry": { "type": "Polygon", "coordinates": [ [ [ 88.458337792882801, 26.971485164397556 ], [ 88.457966934652134, 26.97358775468609 ], [ 88.457851889388593, 26.974432959265432 ], [ 88.457346740413342, 26.975106174298205 ], [ 88.456874149728307, 26.976352258358592 ], [ 88.456400619663242, 26.977526134929324 ], [ 88.457443693901652, 26.979113112183672 ], [ 88.458315072927761, 26.980665750041673 ], [ 88.459136399094461, 26.98146064093196 ], [ 88.459998092567645, 26.982259622213689 ], [ 88.460978533130174, 26.982890370424407 ], [ 88.46143301980355, 26.983364081419946 ], [ 88.46167287185267, 26.984381631165739 ], [ 88.462237175979112, 26.985165628316036 ], [ 88.462897803184248, 26.986774580099837 ], [ 88.463263026987576, 26.987745690236483 ], [ 88.463635281994598, 26.988870181943341 ], [ 88.464463204584789, 26.989777805249883 ], [ 88.465107512791292, 26.990511309996027 ], [ 88.466483300993531, 26.993259213610958 ], [ 88.467802452857612, 26.99513208761477 ], [ 88.468512768840654, 26.995512838806935 ], [ 88.470500184196979, 26.997238800939368 ], [ 88.471880225412022, 26.998361770007676 ], [ 88.471980394458384, 26.998315588967657 ], [ 88.475275794860963, 26.997947121687076 ], [ 88.476208902190905, 26.997251307922962 ], [ 88.478336230571671, 26.996565526697744 ], [ 88.481036396118355, 26.996149011680597 ], [ 88.481975909413507, 26.99556141458724 ], [ 88.482428603450586, 26.994735211757863 ], [ 88.483373194078453, 26.994152066137158 ], [ 88.484867046020639, 26.993576667110073 ], [ 88.485277340019621, 26.993360211778928 ], [ 88.486965995988726, 26.993807278624931 ], [ 88.489525616448546, 26.993820859563758 ], [ 88.490263182471907, 26.9939710282035 ], [ 88.490445963674389, 26.992931012750958 ], [ 88.490289986708632, 26.99065339661588 ], [ 88.490153525267075, 26.989855968935323 ], [ 88.490078599847166, 26.986846322743567 ], [ 88.490076478338665, 26.984391053590908 ], [ 88.490152001899844, 26.983622976993239 ], [ 88.490093679609032, 26.983402436703699 ], [ 88.491181078739359, 26.981815755795232 ], [ 88.491752935132467, 26.980866402624404 ], [ 88.492221080934826, 26.978929709935244 ], [ 88.493393975290374, 26.977337594635852 ], [ 88.494515963034985, 26.973800734140752 ], [ 88.49506817149323, 26.97251307074372 ], [ 88.495634730042838, 26.970787453100691 ], [ 88.496028193185865, 26.969686521077328 ], [ 88.495422145860402, 26.969566576152221 ], [ 88.494049484139182, 26.969373514334411 ], [ 88.492500194119259, 26.969155228789781 ], [ 88.490751470695713, 26.969092490632708 ], [ 88.49000048966694, 26.968676170312712 ], [ 88.489605331367414, 26.968504322534308 ], [ 88.48897107580693, 26.967770823894288 ], [ 88.488431994069174, 26.967379335947349 ], [ 88.487699107429449, 26.967188482083312 ], [ 88.486985897448804, 26.967344949036427 ], [ 88.485763770824775, 26.967488724249883 ], [ 88.484888448253656, 26.967191034061688 ], [ 88.483087971576396, 26.967020423684893 ], [ 88.480870719804201, 26.966948949914727 ], [ 88.479704541379064, 26.966749065176877 ], [ 88.478417964463304, 26.966586539389443 ], [ 88.475982802292592, 26.966413464785642 ], [ 88.472487026422087, 26.966409400021362 ], [ 88.471234248254703, 26.966133618551318 ], [ 88.469536460861818, 26.966110705927214 ], [ 88.468958156290057, 26.965796279432414 ], [ 88.4674236537562, 26.965157809588561 ], [ 88.466495105370669, 26.964634885685062 ], [ 88.4659872546803, 26.964703355641664 ], [ 88.463744442796184, 26.966157422007797 ], [ 88.462903091096919, 26.966924413580553 ], [ 88.461407369967404, 26.968117937140864 ], [ 88.460301060954066, 26.969433787820783 ], [ 88.459767566889511, 26.969078237298273 ], [ 88.459050958179546, 26.968584663257548 ], [ 88.459000410091036, 26.969352473420152 ], [ 88.458791808444744, 26.969972974537544 ], [ 88.458337792882801, 26.971485164397556 ] ] ] } },
{ "type": "Feature", "properties": { "District": "Kalimpong", "Dist_LGD": "327N001", "Sub_dist": "Kalimpong - I", "Subdis_LGD": "2156", "Subdis_Typ": "Cd_Block", "Vill_name": "Yang Makum Khasmahal", "Vill_Cat": "Forest_Village", "Vill_LGD": "306261", "arr_project": "asha2" }, "geometry": { "type": "Polygon", "coordinates": [ [ [ 88.532042361028346, 26.946868272652903 ], [ 88.531779303556917, 26.946036156374443 ], [ 88.531851390485514, 26.94466330691991 ], [ 88.531622062521151, 26.943717989213578 ], [ 88.531616276998633, 26.941799865954405 ], [ 88.531899875782671, 26.939309915320209 ], [ 88.531689547615173, 26.93753392832906 ], [ 88.531724046648378, 26.935615366157645 ], [ 88.531247668749231, 26.934645647029988 ], [ 88.531474803817147, 26.933194386293838 ], [ 88.531390808071748, 26.932567937436261 ], [ 88.530901452457485, 26.931381713786148 ], [ 88.531865620425066, 26.930441493306756 ], [ 88.532828307632442, 26.929392959981616 ], [ 88.534065136355622, 26.928883046912482 ], [ 88.534300716327394, 26.928059049977637 ], [ 88.535369071174841, 26.926264644095443 ], [ 88.53612546439868, 26.925231875425794 ], [ 88.536660862666281, 26.924612227261743 ], [ 88.536740863319409, 26.924570734904268 ], [ 88.536520898719871, 26.924315867007223 ], [ 88.535111204435793, 26.923581986600702 ], [ 88.5308179330287, 26.920347386064865 ], [ 88.528472168748522, 26.918517803738389 ], [ 88.527481154542158, 26.917833468657516 ], [ 88.526630992456489, 26.917513189331238 ], [ 88.526247236066993, 26.916682359551771 ], [ 88.525031417645593, 26.915752199609958 ], [ 88.524655018810932, 26.91621663273758 ], [ 88.523395658263738, 26.9165416547376 ], [ 88.522908142602105, 26.916605589806903 ], [ 88.520298160360625, 26.917586054064515 ], [ 88.519578568568036, 26.917990981712528 ], [ 88.518131177494652, 26.917812481116499 ], [ 88.517964688612352, 26.917787190984505 ], [ 88.517962954845572, 26.918410060317434 ], [ 88.517150550734186, 26.919781843750528 ], [ 88.516260829540997, 26.920644439428212 ], [ 88.515018483706058, 26.921118148153614 ], [ 88.513798830289005, 26.92140655285549 ], [ 88.513299774174342, 26.919475650727943 ], [ 88.512668466146266, 26.91744235544035 ], [ 88.51182613796513, 26.914684653827351 ], [ 88.510442791886021, 26.912505941405797 ], [ 88.509229886766278, 26.911024970239456 ], [ 88.508591123134636, 26.910693290052915 ], [ 88.507147429612218, 26.910027183322249 ], [ 88.505867168443174, 26.909914468412136 ], [ 88.504796046374821, 26.910007130840885 ], [ 88.504221533755967, 26.909963605605324 ], [ 88.504133548602994, 26.91054226247595 ], [ 88.503247784657418, 26.910186108943162 ], [ 88.502637690941, 26.909736746684601 ], [ 88.501375938681917, 26.909881060391452 ], [ 88.500622479173344, 26.910010933747259 ], [ 88.499594400034283, 26.910694359864937 ], [ 88.49901786686587, 26.911260148626326 ], [ 88.498150165225638, 26.91150857210221 ], [ 88.496985609636766, 26.91139003626418 ], [ 88.49582438897383, 26.91152420690123 ], [ 88.495314759488267, 26.912202108929339 ], [ 88.494659852768436, 26.912935708441008 ], [ 88.494198927811638, 26.913107585376601 ], [ 88.493269501099959, 26.913640979328722 ], [ 88.492143726393138, 26.91379280010085 ], [ 88.491020617430991, 26.914147688380947 ], [ 88.490185447578398, 26.914576258031552 ], [ 88.488992144151297, 26.914954439341869 ], [ 88.487943813322588, 26.915254353967743 ], [ 88.486921298534469, 26.915603637413025 ], [ 88.485923186566339, 26.915510338121194 ], [ 88.485938467254755, 26.915523716934644 ], [ 88.485784419712829, 26.915678795857435 ], [ 88.484797106402027, 26.916794979983461 ], [ 88.483269859695753, 26.919361136642319 ], [ 88.48155725478739, 26.922389596204603 ], [ 88.480127346742321, 26.925094616365012 ], [ 88.479304448570403, 26.926858976744342 ], [ 88.478586638626481, 26.928188940729193 ], [ 88.478152732867301, 26.929281229238011 ], [ 88.477585903495694, 26.930993249120451 ], [ 88.477703021502649, 26.931479476026794 ], [ 88.477531134372441, 26.93335887114721 ], [ 88.477508383504784, 26.934704116825156 ], [ 88.477413344920407, 26.936298359124415 ], [ 88.477312433375189, 26.936669518241423 ], [ 88.477217143077837, 26.937085753366237 ], [ 88.475651177253425, 26.937097627557996 ], [ 88.473820369483818, 26.938042022921394 ], [ 88.472750654149294, 26.938653482941142 ], [ 88.471013299733315, 26.939818025803643 ], [ 88.469966795165945, 26.941056593593572 ], [ 88.469510278991166, 26.941968554119178 ], [ 88.469372680488661, 26.943008082377439 ], [ 88.469189586688287, 26.943646385712725 ], [ 88.468995421417702, 26.944984390259098 ], [ 88.468651067230866, 26.946003502851454 ], [ 88.468485642537345, 26.947228371311109 ], [ 88.468414959832046, 26.94799188018737 ], [ 88.468305869371534, 26.948512062636265 ], [ 88.467952434897938, 26.948831682823805 ], [ 88.467595542263055, 26.949273202042693 ], [ 88.46687314814362, 26.94988100571101 ], [ 88.466197644004552, 26.950610183106477 ], [ 88.465137342515973, 26.951961697127516 ], [ 88.464762063132397, 26.953319631418335 ], [ 88.464291769571304, 26.95395188531241 ], [ 88.463346991848425, 26.95450330742969 ], [ 88.461983874765096, 26.955031978743431 ], [ 88.460092697454158, 26.956012938758327 ], [ 88.459132621190761, 26.956943622428938 ], [ 88.458309664514147, 26.957963149058656 ], [ 88.458132184125191, 26.959043700657315 ], [ 88.457927603195927, 26.961149087051766 ], [ 88.458153094149452, 26.962622654848523 ], [ 88.45829039959429, 26.964679369776078 ], [ 88.458402101548174, 26.966312084579496 ], [ 88.458377151996828, 26.966330395662467 ], [ 88.458944278792075, 26.966951898143392 ], [ 88.459019433733289, 26.968093023885711 ], [ 88.459050958179546, 26.968584663257548 ], [ 88.459767566889511, 26.969078237298273 ], [ 88.460301060954066, 26.969433787820783 ], [ 88.461407369967404, 26.968117937140864 ], [ 88.462903091096919, 26.966924413580553 ], [ 88.463744442796184, 26.966157422007797 ], [ 88.4659872546803, 26.964703355641664 ], [ 88.466495105370669, 26.964634885685062 ], [ 88.4674236537562, 26.965157809588561 ], [ 88.468958156290057, 26.965796279432414 ], [ 88.469536460861818, 26.966110705927214 ], [ 88.471234248254703, 26.966133618551318 ], [ 88.472487026422087, 26.966409400021362 ], [ 88.475982802292592, 26.966413464785642 ], [ 88.478417964463304, 26.966586539389443 ], [ 88.479704541379064, 26.966749065176877 ], [ 88.480870719804201, 26.966948949914727 ], [ 88.483087971576396, 26.967020423684893 ], [ 88.484888448253656, 26.967191034061688 ], [ 88.485763770824775, 26.967488724249883 ], [ 88.486985897448804, 26.967344949036427 ], [ 88.487699107429449, 26.967188482083312 ], [ 88.488431994069174, 26.967379335947349 ], [ 88.48897107580693, 26.967770823894288 ], [ 88.489605331367414, 26.968504322534308 ], [ 88.49000048966694, 26.968676170312712 ], [ 88.490751470695713, 26.969092490632708 ], [ 88.492500194119259, 26.969155228789781 ], [ 88.494049484139182, 26.969373514334411 ], [ 88.495422145860402, 26.969566576152221 ], [ 88.496028193185865, 26.969686521077328 ], [ 88.493665558173205, 26.968740770326523 ], [ 88.49328979619365, 26.968110804799874 ], [ 88.492510496328208, 26.967263965172037 ], [ 88.492483343398746, 26.964569985093764 ], [ 88.492565998037321, 26.963328882108424 ], [ 88.493104090864279, 26.961761479591875 ], [ 88.493341453584264, 26.961070067772535 ], [ 88.494045625852863, 26.960133179091343 ], [ 88.494257101703909, 26.959851813069484 ], [ 88.49521140835202, 26.958014638295822 ], [ 88.495202943523253, 26.957647191048743 ], [ 88.495154158275199, 26.955529162738983 ], [ 88.494887009540349, 26.952829844519705 ], [ 88.495154661135018, 26.95201733512604 ], [ 88.495629519271304, 26.950575797438578 ], [ 88.49839276924385, 26.950038903524131 ], [ 88.50306997538901, 26.949556720942514 ], [ 88.504646867423503, 26.949482167432851 ], [ 88.512225129240477, 26.949123617262394 ], [ 88.512305805703605, 26.94911979819339 ], [ 88.514166550039477, 26.949031703762095 ], [ 88.514362847103627, 26.948967937428275 ], [ 88.517636874792657, 26.947904328540101 ], [ 88.518750691879873, 26.947330006184771 ], [ 88.52094744814714, 26.947000487892957 ], [ 88.526580482929873, 26.946451753298913 ], [ 88.530648638712137, 26.946239257758066 ], [ 88.532042361028346, 26.946868272652903 ] ] ] } },
{ "type": "Feature", "properties": { "District": "Kalimpong", "Dist_LGD": "327N001", "Sub_dist": "Gorubathan", "Subdis_LGD": "2158", "Subdis_Typ": "Cd_Block", "Vill_name": "Pagrang Bong Khasmahal", "Vill_Cat": "Forest_Village", "Vill_LGD": "306332", "arr_project": "asha2" }, "geometry": { "type": "Polygon", "coordinates": [ [ [ 88.605578788200177, 26.988041788361627 ], [ 88.605679834654552, 26.988771783939217 ], [ 88.605918359673666, 26.989604016930901 ], [ 88.606158720266464, 26.990210565731534 ], [ 88.605919462993199, 26.990745858103089 ], [ 88.605500123148389, 26.991016918696502 ], [ 88.604960081479334, 26.99130289366477 ], [ 88.604061882946198, 26.991556839679181 ], [ 88.603484526023792, 26.991698810258992 ], [ 88.603322009612427, 26.99196242793132 ], [ 88.603416985922848, 26.992620283203863 ], [ 88.603461653758899, 26.993283223220317 ], [ 88.603549354574781, 26.993783196176999 ], [ 88.603574624867591, 26.994143968673672 ], [ 88.60339323748812, 26.994498066766084 ], [ 88.603160194104589, 26.994762487745824 ], [ 88.603047983373955, 26.99502102095699 ], [ 88.603223605247649, 26.995325923133738 ], [ 88.60362590901039, 26.995628244729954 ], [ 88.60387773496538, 26.995977411850408 ], [ 88.603877562778052, 26.996320421176897 ], [ 88.603520310787331, 26.996708115284456 ], [ 88.602981068580604, 26.997052747075703 ], [ 88.602441310894207, 26.997361275737241 ], [ 88.601712108945307, 26.997811867671718 ], [ 88.601387244520907, 26.998352639355012 ], [ 88.601272480929353, 26.998787216720139 ], [ 88.60123276869605, 26.999184835474718 ], [ 88.601239559270539, 27.0000197089396 ], [ 88.601260744940532, 27.000448227709665 ], [ 88.601318204636797, 27.000591998657811 ], [ 88.601682126617931, 27.000673612217565 ], [ 88.60200536460998, 27.000728609467973 ], [ 88.602257053267323, 27.000712205828059 ], [ 88.6027691606904, 27.00058452168069 ], [ 88.60323623045322, 27.000123367938336 ], [ 88.603652663042809, 26.999644735922594 ], [ 88.604092894098244, 26.999423087429172 ], [ 88.604509536047644, 26.999314537269793 ], [ 88.605100017298341, 26.999384534429204 ], [ 88.605446735581552, 26.99967394370702 ], [ 88.60581030145525, 27.00008501836037 ], [ 88.60591133576925, 27.000458465859225 ], [ 88.605874306151847, 27.000689063752549 ], [ 88.60570068165616, 27.000880600283892 ], [ 88.605435484106835, 27.001009994328925 ], [ 88.605022849392398, 27.001046288827478 ], [ 88.604520176606712, 27.00112874183425 ], [ 88.604295213850335, 27.001253161935246 ], [ 88.604176295520844, 27.001394426790171 ], [ 88.604128545717487, 27.001580013618455 ], [ 88.604164024299038, 27.001949696996501 ], [ 88.604180249129371, 27.002382784417719 ], [ 88.604318105784259, 27.003220677838961 ], [ 88.604289824937595, 27.003712943820368 ], [ 88.604001863961273, 27.004014097848049 ], [ 88.603706174069572, 27.004125784143728 ], [ 88.603521825826206, 27.004272307185577 ], [ 88.603075833633639, 27.004444374416956 ], [ 88.602799544484753, 27.004858223944623 ], [ 88.602647211971501, 27.005130753256413 ], [ 88.602687405298539, 27.005477816035125 ], [ 88.602694510018182, 27.005978704718913 ], [ 88.602719205761147, 27.006298864894891 ], [ 88.602957968699315, 27.006436058439085 ], [ 88.603417119191633, 27.00648047693776 ], [ 88.603806635227954, 27.006588872801057 ], [ 88.604302652003071, 27.006745700003322 ], [ 88.604834320441995, 27.006929198721426 ], [ 88.605620768833205, 27.007312885963792 ], [ 88.606268121217155, 27.007481520585092 ], [ 88.606635822680957, 27.007472813224481 ], [ 88.606821455342086, 27.007416536227428 ], [ 88.607125492594193, 27.007182891343842 ], [ 88.607607682577481, 27.006721550064245 ], [ 88.607993957410741, 27.006247762532535 ], [ 88.608628585433124, 27.005522910198735 ], [ 88.608914224117612, 27.005059297179066 ], [ 88.608926896314941, 27.004887648729966 ], [ 88.608909597883013, 27.004734395831097 ], [ 88.608724961941448, 27.004506330286603 ], [ 88.608621380038443, 27.004308929859548 ], [ 88.608599109067725, 27.004160247918836 ], [ 88.608702910147997, 27.004019151833074 ], [ 88.608996859572997, 27.003785618154495 ], [ 88.609403180140447, 27.003659117913376 ], [ 88.609838954496965, 27.003478121823385 ], [ 88.610199997634268, 27.003356649788952 ], [ 88.610635254964251, 27.003139551444669 ], [ 88.610743382734938, 27.002948757909476 ], [ 88.610729963058589, 27.002714223076996 ], [ 88.610764218256691, 27.002289587216776 ], [ 88.610779481080414, 27.00194640569476 ], [ 88.610949022922597, 27.001822608663939 ], [ 88.611376449708885, 27.001763561145413 ], [ 88.611644942935357, 27.001512260987962 ], [ 88.611762112538401, 27.001249152340886 ], [ 88.61196369944345, 27.00089932609934 ], [ 88.611984444853775, 27.000587674772902 ], [ 88.612069264703152, 27.000175999307988 ], [ 88.612064888299585, 26.999869148711962 ], [ 88.612152538220514, 26.999656023268898 ], [ 88.612366706219291, 26.999482069366262 ], [ 88.612517251587633, 26.999439726238204 ], [ 88.613097854842934, 26.999523342822364 ], [ 88.613453703045906, 26.999744928673259 ], [ 88.613910689506497, 26.999992434958845 ], [ 88.614226433094558, 27.000228018157046 ], [ 88.614336346382331, 27.000515605725717 ], [ 88.614362105202403, 27.000907962226137 ], [ 88.614346789434165, 27.001246630150483 ], [ 88.614115241532943, 27.001614855840227 ], [ 88.614013060666593, 27.00186876923858 ], [ 88.613621532405048, 27.002324578172676 ], [ 88.613508822833083, 27.002547017570137 ], [ 88.613522313386113, 27.002786064521491 ], [ 88.613543096405891, 27.003182992427554 ], [ 88.613420890144312, 27.003446159873029 ], [ 88.613251927808037, 27.003610571740229 ], [ 88.612868662455114, 27.003939913610949 ], [ 88.61259538575321, 27.00420932545903 ], [ 88.612619207613207, 27.004466305709787 ], [ 88.612672548030361, 27.004673304839553 ], [ 88.612880112325755, 27.005095171556786 ], [ 88.61293990814913, 27.005401386573013 ], [ 88.612933697166596, 27.005672252197879 ], [ 88.61282666601123, 27.005939758792252 ], [ 88.612817284889715, 27.006341543661129 ], [ 88.612929456641709, 27.006787070444048 ], [ 88.613084251934737, 27.00739458388264 ], [ 88.613128548970877, 27.00767389685867 ], [ 88.612952145447281, 27.008023435916741 ], [ 88.612601860909891, 27.008546470438993 ], [ 88.61224621429632, 27.009046998157757 ], [ 88.611965231895908, 27.009483484979555 ], [ 88.612030323174011, 27.009807693155626 ], [ 88.612483341441987, 27.010127458916848 ], [ 88.612842327888174, 27.010213613166872 ], [ 88.613129106639562, 27.010183247770716 ], [ 88.613149259010697, 27.010183016840308 ], [ 88.613764345654644, 27.010207561617442 ], [ 88.614290232437938, 27.01033693095501 ], [ 88.614569772507593, 27.010505228673971 ], [ 88.614855449224805, 27.010750181341276 ], [ 88.615069627238938, 27.010928254086409 ], [ 88.615485067780597, 27.011085965233772 ], [ 88.615937522542083, 27.011013074902912 ], [ 88.616307884150089, 27.010837320914973 ], [ 88.6169345999418, 27.010618004267776 ], [ 88.617211497482941, 27.010601284575138 ], [ 88.617450479703024, 27.010751989674066 ], [ 88.617589996384055, 27.010994101317472 ], [ 88.617709747220744, 27.011263519345377 ], [ 88.617841449570165, 27.011663683393831 ], [ 88.617916829503542, 27.012001309042727 ], [ 88.617992407833327, 27.012704503692092 ], [ 88.61804363312568, 27.013114618583391 ], [ 88.618095056018859, 27.013890302029555 ], [ 88.618158043950757, 27.014769656566422 ], [ 88.618240405331122, 27.015242598856794 ], [ 88.618396983486278, 27.015619910258916 ], [ 88.6185855960222, 27.015771191224577 ], [ 88.619001124757659, 27.015933402571672 ], [ 88.619340369302819, 27.016046845071969 ], [ 88.619741497082899, 27.016258866192864 ], [ 88.62016963030932, 27.016596943774225 ], [ 88.620398488346666, 27.016743247361049 ], [ 88.620698531021588, 27.016933861644386 ], [ 88.621138544871343, 27.017046138905087 ], [ 88.621778341718979, 27.01703425788887 ], [ 88.62224599532037, 27.016965684637274 ], [ 88.622604750490254, 27.017033762030227 ], [ 88.62324552004425, 27.017089560602393 ], [ 88.623861488145437, 27.017172721911727 ], [ 88.624526152238175, 27.017137974833041 ], [ 88.624928954558854, 27.017115274048049 ], [ 88.625336471131888, 27.017069951379614 ], [ 88.625756763036406, 27.016862004001371 ], [ 88.626310096880303, 27.016444911223886 ], [ 88.627095704607811, 27.016061237637974 ], [ 88.62780979846687, 27.015610688592698 ], [ 88.628066646048339, 27.015251174641666 ], [ 88.628280649555009, 27.014716141804492 ], [ 88.628537560310463, 27.014361139910616 ], [ 88.629071304494417, 27.013984882060207 ], [ 88.629409470842987, 27.01367407087719 ], [ 88.630062104912227, 27.013156524781415 ], [ 88.630853041360496, 27.012795336230489 ], [ 88.631229657533012, 27.012705221601269 ], [ 88.631570271697015, 27.012913396088987 ], [ 88.631746130271139, 27.013227282714134 ], [ 88.631897953427782, 27.013970202779156 ], [ 88.631967455435415, 27.01494424932525 ], [ 88.632093831254522, 27.015669410412102 ], [ 88.632176168591656, 27.016485345911956 ], [ 88.632258900445066, 27.017328356191548 ], [ 88.632518250468266, 27.017839853681622 ], [ 88.63275712200759, 27.018329023386823 ], [ 88.632865326968471, 27.018842272592508 ], [ 88.632715467130296, 27.019281791297992 ], [ 88.632696929651004, 27.019742352615598 ], [ 88.632577363971336, 27.020186033378465 ], [ 88.632177080303947, 27.020732258647016 ], [ 88.63205071218006, 27.021054160875259 ], [ 88.631944627323051, 27.021384855075635 ], [ 88.632157661078196, 27.02182919186691 ], [ 88.632449210034054, 27.022475712079494 ], [ 88.632693131539824, 27.022964821636826 ], [ 88.632814354871826, 27.02368101524867 ], [ 88.632966529520317, 27.024446493402003 ], [ 88.633111056582806, 27.025031532421835 ], [ 88.633288832670374, 27.025476275990773 ], [ 88.633703360968369, 27.02591375944726 ], [ 88.634182219810384, 27.026269255986673 ], [ 88.634753549179308, 27.026398017414362 ], [ 88.63574086647894, 27.026368493712663 ], [ 88.636531086081106, 27.026300636829387 ], [ 88.637309918352116, 27.026142644677584 ], [ 88.638239841590831, 27.025978376414127 ], [ 88.638767589481915, 27.025881968683645 ], [ 88.639332899428908, 27.02594308393693 ], [ 88.639691691010626, 27.026011116090956 ], [ 88.640037465188371, 27.026223720556331 ], [ 88.640193476441581, 27.026555879086271 ], [ 88.640244724084269, 27.026961467855941 ], [ 88.640226874108677, 27.027467153035875 ], [ 88.640183108809836, 27.02792349463585 ], [ 88.640277806210236, 27.028197696390464 ], [ 88.640448543027375, 27.028502603130448 ], [ 88.64122515325127, 27.028191165617145 ], [ 88.641793085800998, 27.028085251743668 ], [ 88.642461398481103, 27.027951086253662 ], [ 88.643029590984966, 27.027863216895671 ], [ 88.643531753501136, 27.027740010913647 ], [ 88.644004669294446, 27.02768484335985 ], [ 88.644685724485214, 27.027388042593341 ], [ 88.645373170985934, 27.026838426757333 ], [ 88.646456556847411, 27.026139756040099 ], [ 88.647314772899549, 27.025552027076834 ], [ 88.648050670129678, 27.024870949989563 ], [ 88.648913737626131, 27.023926615044907 ], [ 88.649359821508156, 27.023415912968179 ], [ 88.649822786598079, 27.022336350902197 ], [ 88.649964472064212, 27.021341792121287 ], [ 88.649949147855807, 27.020637915615819 ], [ 88.650001366348505, 27.020073156851023 ], [ 88.649808656076786, 27.019989665140955 ], [ 88.648015664942406, 27.018674763583942 ], [ 88.647194101099274, 27.017971295781184 ], [ 88.646089813900957, 27.01723050998045 ], [ 88.645412825638942, 27.016764539335838 ], [ 88.644532541567258, 27.016179083689188 ], [ 88.643879181569275, 27.015604512051993 ], [ 88.642883612298746, 27.014713495077881 ], [ 88.641838594561435, 27.013886231157979 ], [ 88.641078489375957, 27.013592707774137 ], [ 88.640053850633649, 27.013126248051435 ], [ 88.638598304108086, 27.01247975472856 ], [ 88.637801835568197, 27.012109912410533 ], [ 88.636890941024433, 27.011493170413079 ], [ 88.636072104713833, 27.011317645402656 ], [ 88.635245424699534, 27.010948138964519 ], [ 88.634345684379667, 27.010055942797397 ], [ 88.633373195300749, 27.009358653947537 ], [ 88.632679691497842, 27.008789005891238 ], [ 88.631996597295341, 27.008241798954423 ], [ 88.631872271731694, 27.007309006120146 ], [ 88.631963708052055, 27.006662557434751 ], [ 88.632214898645756, 27.006262482604029 ], [ 88.633095628494857, 27.005494054381199 ], [ 88.633738254905083, 27.004985634401248 ], [ 88.634342869922676, 27.004288098117136 ], [ 88.634936554007666, 27.003532014601703 ], [ 88.635258003024546, 27.002765550877424 ], [ 88.635555893060598, 27.00211219044121 ], [ 88.635716777667028, 27.001740239388372 ], [ 88.636263005437854, 27.001187796379952 ], [ 88.636956359856867, 27.00070585219904 ], [ 88.637657364903987, 27.000056828128741 ], [ 88.638191470932881, 26.999364610197432 ], [ 88.63860807581591, 26.998560927251454 ], [ 88.639034161512015, 26.998064030202695 ], [ 88.639116000182696, 26.997453795256998 ], [ 88.639450686900943, 26.996908314583532 ], [ 88.639352423167097, 26.996385927187895 ], [ 88.639054173276364, 26.995622152082991 ], [ 88.638129803613637, 26.994761855733113 ], [ 88.637358787485709, 26.994053218871603 ], [ 88.63669558557126, 26.993483235385931 ], [ 88.634737434475483, 26.991506618251712 ], [ 88.63384446176255, 26.990722650239231 ], [ 88.632975301251548, 26.990191141138936 ], [ 88.632341846462808, 26.989584683757972 ], [ 88.631519098250806, 26.988777321350703 ], [ 88.630973304542138, 26.988309751801882 ], [ 88.630175631442683, 26.987493063572106 ], [ 88.629304948261392, 26.986153681140177 ], [ 88.628534176920908, 26.984754464699048 ], [ 88.628146510291941, 26.983720902275582 ], [ 88.628051631656291, 26.982729087683602 ], [ 88.628111203775461, 26.981618146357718 ], [ 88.62851658018279, 26.980733382331149 ], [ 88.628999352022774, 26.979626573790508 ], [ 88.629543658718461, 26.978595777806937 ], [ 88.630092666671203, 26.977542358818383 ], [ 88.63045404609538, 26.976053326259752 ], [ 88.630643073239412, 26.974489561780249 ], [ 88.630656512522521, 26.973324993466068 ], [ 88.630555189061596, 26.971886443970867 ], [ 88.630700185963704, 26.970413453318262 ], [ 88.630784457767078, 26.969270629827847 ], [ 88.631135567528304, 26.967420654886929 ], [ 88.631117063046943, 26.965787078339989 ], [ 88.631306014565936, 26.964918351100632 ], [ 88.631404318751635, 26.964050671752926 ], [ 88.631273239792137, 26.962644058593526 ], [ 88.631195277728992, 26.960379316038075 ], [ 88.631101183056828, 26.959441651436354 ], [ 88.631026553875785, 26.958806147327174 ], [ 88.630657422385113, 26.958354580222281 ], [ 88.630163701130456, 26.957994716181155 ], [ 88.627602500565871, 26.957108114950863 ], [ 88.623829244408327, 26.955987200518692 ], [ 88.62231036407664, 26.955431501004824 ], [ 88.620637917387057, 26.955053565616751 ], [ 88.618469096566173, 26.954478212254436 ], [ 88.616865828914754, 26.953652624148614 ], [ 88.615772886541208, 26.953295063792709 ], [ 88.614850706304267, 26.952903947257958 ], [ 88.614044217723375, 26.95250247296056 ], [ 88.613753854928746, 26.952271105683913 ], [ 88.6132842753983, 26.952186212782266 ], [ 88.612748849918589, 26.952074993094548 ], [ 88.612285142315457, 26.952048701666094 ], [ 88.611688972972928, 26.951915604633506 ], [ 88.611129108135628, 26.951502267958599 ], [ 88.61085645639038, 26.951099188734524 ], [ 88.610956130168262, 26.950317254227915 ], [ 88.610672162250808, 26.95018058556283 ], [ 88.610327225605104, 26.950360542659883 ], [ 88.609768688020054, 26.950393999040312 ], [ 88.609506656571099, 26.95038345013878 ], [ 88.609014318428024, 26.950113758025569 ], [ 88.608513256655542, 26.949938942773709 ], [ 88.608148599390674, 26.949794164324828 ], [ 88.607684323897374, 26.949727244547773 ], [ 88.607244265577805, 26.949592349435676 ], [ 88.606874149359143, 26.949772584153642 ], [ 88.60662265958463, 26.950150051235866 ], [ 88.606505033462184, 26.950733603849432 ], [ 88.606462253262379, 26.951623207423328 ], [ 88.606350384736345, 26.952612888067975 ], [ 88.606375539711891, 26.953321186466052 ], [ 88.606325503545037, 26.954409454947417 ], [ 88.606307004612972, 26.955235595089626 ], [ 88.606552255421761, 26.95583758026612 ], [ 88.606848994076216, 26.95616366810799 ], [ 88.60708618006727, 26.95619707136245 ], [ 88.607632115453129, 26.955983237089193 ], [ 88.608434577747317, 26.955391874060741 ], [ 88.609200980252496, 26.955098793954544 ], [ 88.609714926855432, 26.955115494401756 ], [ 88.610105681290648, 26.955323156549753 ], [ 88.610695646816922, 26.955727127258914 ], [ 88.61143040322284, 26.956395721600167 ], [ 88.611770332686518, 26.956924402430353 ], [ 88.61187766186147, 26.95738804224202 ], [ 88.611726888192081, 26.957764366260609 ], [ 88.611407431172282, 26.957966600610447 ], [ 88.61071042369835, 26.958182175393517 ], [ 88.60985621749829, 26.958322814840681 ], [ 88.609153591972557, 26.958497827068999 ], [ 88.609115935657741, 26.958683299985598 ], [ 88.609229864364735, 26.958903150099321 ], [ 88.609544516947125, 26.959071063006448 ], [ 88.610065828267182, 26.959250155159022 ], [ 88.610373300313611, 26.959621245311496 ], [ 88.610404575540528, 26.960049648287757 ], [ 88.610473636002823, 26.960301602357831 ], [ 88.610642898386544, 26.960516304721057 ], [ 88.610756033331185, 26.961034037672821 ], [ 88.610794467233504, 26.961611297386309 ], [ 88.610613084457853, 26.961960890405788 ], [ 88.610180420472574, 26.962349460099254 ], [ 88.609741433027708, 26.962647834677512 ], [ 88.609013697522087, 26.963184193736225 ], [ 88.608404893962387, 26.9635837957075 ], [ 88.608246757183139, 26.963797722626662 ], [ 88.608316391858651, 26.964090290811011 ], [ 88.608631152172364, 26.964619264795161 ], [ 88.608869478363843, 26.965085925285845 ], [ 88.608939500284336, 26.965405568216145 ], [ 88.608770328486528, 26.965551923211997 ], [ 88.608481251979015, 26.965767344690693 ], [ 88.608286641842383, 26.96589593694674 ], [ 88.608011776342721, 26.966048009867183 ], [ 88.607866527961633, 26.9664603742076 ], [ 88.607867324993506, 26.966871071862997 ], [ 88.6079801351231, 26.96736624413915 ], [ 88.608320085109924, 26.967894930632013 ], [ 88.608796911992741, 26.96848524118742 ], [ 88.609074316866426, 26.968865702094128 ], [ 88.609243751999827, 26.969445979420321 ], [ 88.609225757657867, 26.969951668698322 ], [ 88.609094013636678, 26.970251048975577 ], [ 88.608811631621151, 26.970583740204678 ], [ 88.608465765953454, 26.971057065551477 ], [ 88.607913921181336, 26.971568847611611 ], [ 88.607558039337832, 26.972046799584838 ], [ 88.607451149525147, 26.972323328150203 ], [ 88.607570190615121, 26.97254763277974 ], [ 88.607947177469569, 26.972845721901944 ], [ 88.60861838998548, 26.973289388766474 ], [ 88.608833317941404, 26.973526138812833 ], [ 88.608971546437246, 26.973682524672327 ], [ 88.608977641858971, 26.974111215084665 ], [ 88.609061529983293, 26.97469698103831 ], [ 88.609205694925379, 26.974916484958623 ], [ 88.609752261628088, 26.975095287423688 ], [ 88.610505455503159, 26.975280752418019 ], [ 88.611271829716642, 26.97533066463129 ], [ 88.612257860792639, 26.975594697248304 ], [ 88.612495732177251, 26.975673214776041 ], [ 88.61259657007804, 26.976033121089195 ], [ 88.612534439607501, 26.976268521455555 ], [ 88.612409408216152, 26.976685170735689 ], [ 88.61211384123969, 26.977153416572552 ], [ 88.611806011843441, 26.977468353064655 ], [ 88.611374323593353, 26.977929128295735 ], [ 88.611349310551049, 26.978294987900501 ], [ 88.611412963919193, 26.978519922149324 ], [ 88.611537956233505, 26.978807341223483 ], [ 88.611820948899819, 26.979223836779035 ], [ 88.612041318495855, 26.979487598806354 ], [ 88.611878195275835, 26.979706100826764 ], [ 88.611476977092352, 26.980184581433591 ], [ 88.611219377012404, 26.98048991361728 ], [ 88.611050098423505, 26.980983794347409 ], [ 88.610860156926094, 26.981441804408483 ], [ 88.610690595445547, 26.982269667167024 ], [ 88.61044672387635, 26.982832098045268 ], [ 88.61022867673816, 26.983439365580303 ], [ 88.609845017345009, 26.983737111361279 ], [ 88.609374443588067, 26.983945583337331 ], [ 88.608440255525508, 26.984497840310151 ], [ 88.607517095108236, 26.985117663936755 ], [ 88.607215230729366, 26.985500221058647 ], [ 88.607171659452106, 26.985979122708759 ], [ 88.607185610152825, 26.986606305772753 ], [ 88.607197830423459, 26.98711165084638 ], [ 88.606933627142809, 26.98730873527229 ], [ 88.606437848491439, 26.987517484700525 ], [ 88.605842098253092, 26.987781530931368 ], [ 88.605578788200177, 26.988041788361627 ] ] ] } },
{ "type": "Feature", "properties": { "District": "Kalimpong", "Dist_LGD": "327N001", "Sub_dist": "Kalimpong - I", "Subdis_LGD": "2156", "Subdis_Typ": "Cd_Block", "Vill_name": "Pemling Khasmahal", "Vill_Cat": "Forest_Village", "Vill_LGD": "306243", "arr_project": "asha2" }, "geometry": { "type": "Polygon", "coordinates": [ [ [ 88.581801457661697, 27.019456864319281 ], [ 88.583523544728976, 27.019360778624101 ], [ 88.58437783346929, 27.019549751233662 ], [ 88.585375419565494, 27.019895068947598 ], [ 88.585746335480962, 27.020112040721223 ], [ 88.587259220267171, 27.020189770564119 ], [ 88.589276168177776, 27.019918785727008 ], [ 88.590475773381712, 27.019936831648572 ], [ 88.591760906182742, 27.019944873776737 ], [ 88.59252847390745, 27.020058050764622 ], [ 88.593971398602463, 27.01982057071103 ], [ 88.594629399662665, 27.019668695886399 ], [ 88.595955856759232, 27.019035350062758 ], [ 88.597704251577227, 27.018663485378401 ], [ 88.599974645908048, 27.018145758224826 ], [ 88.603204396025447, 27.017409463560945 ], [ 88.605207255469921, 27.016863107165548 ], [ 88.60681187762161, 27.017016306146395 ], [ 88.608357677853007, 27.016930956914386 ], [ 88.609316586492085, 27.016680798768192 ], [ 88.609935911695175, 27.016646639128545 ], [ 88.610480040567154, 27.015579805740625 ], [ 88.610950454247046, 27.0146446978749 ], [ 88.611806222545454, 27.013524649163298 ], [ 88.612159115716707, 27.012830085073997 ], [ 88.612637313173977, 27.012088952369371 ], [ 88.612867555695573, 27.010921900968434 ], [ 88.613129106639562, 27.010183247770716 ], [ 88.612842327888174, 27.010213613166872 ], [ 88.612483341441987, 27.010127458916848 ], [ 88.612030323174011, 27.009807693155626 ], [ 88.611965231895908, 27.009483484979555 ], [ 88.61224621429632, 27.009046998157757 ], [ 88.612601860909891, 27.008546470438993 ], [ 88.612952145447281, 27.008023435916741 ], [ 88.613128548970877, 27.00767389685867 ], [ 88.613084251934737, 27.00739458388264 ], [ 88.612929456641709, 27.006787070444048 ], [ 88.612817284889715, 27.006341543661129 ], [ 88.61282666601123, 27.005939758792252 ], [ 88.612933697166596, 27.005672252197879 ], [ 88.61293990814913, 27.005401386573013 ], [ 88.612880112325755, 27.005095171556786 ], [ 88.612672548030361, 27.004673304839553 ], [ 88.612619207613207, 27.004466305709787 ], [ 88.61259538575321, 27.00420932545903 ], [ 88.612868662455114, 27.003939913610949 ], [ 88.613251927808037, 27.003610571740229 ], [ 88.613420890144312, 27.003446159873029 ], [ 88.613543096405891, 27.003182992427554 ], [ 88.613522313386113, 27.002786064521491 ], [ 88.613508822833083, 27.002547017570137 ], [ 88.613621532405048, 27.002324578172676 ], [ 88.614013060666593, 27.00186876923858 ], [ 88.614115241532943, 27.001614855840227 ], [ 88.614346789434165, 27.001246630150483 ], [ 88.614362105202403, 27.000907962226137 ], [ 88.614336346382331, 27.000515605725717 ], [ 88.614226433094558, 27.000228018157046 ], [ 88.613910689506497, 26.999992434958845 ], [ 88.613453703045906, 26.999744928673259 ], [ 88.613097854842934, 26.999523342822364 ], [ 88.612517251587633, 26.999439726238204 ], [ 88.612366706219291, 26.999482069366262 ], [ 88.612152538220514, 26.999656023268898 ], [ 88.612064888299585, 26.999869148711962 ], [ 88.612069264703152, 27.000175999307988 ], [ 88.611984444853775, 27.000587674772902 ], [ 88.61196369944345, 27.00089932609934 ], [ 88.611762112538401, 27.001249152340886 ], [ 88.611644942935357, 27.001512260987962 ], [ 88.611376449708885, 27.001763561145413 ], [ 88.610949022922597, 27.001822608663939 ], [ 88.610779481080414, 27.00194640569476 ], [ 88.610764218256691, 27.002289587216776 ], [ 88.610729963058589, 27.002714223076996 ], [ 88.610743382734938, 27.002948757909476 ], [ 88.610635254964251, 27.003139551444669 ], [ 88.610199997634268, 27.003356649788952 ], [ 88.609838954496965, 27.003478121823385 ], [ 88.609403180140447, 27.003659117913376 ], [ 88.608996859572997, 27.003785618154495 ], [ 88.608702910147997, 27.004019151833074 ], [ 88.608599109067725, 27.004160247918836 ], [ 88.608621380038443, 27.004308929859548 ], [ 88.608724961941448, 27.004506330286603 ], [ 88.608909597883013, 27.004734395831097 ], [ 88.608926896314941, 27.004887648729966 ], [ 88.608914224117612, 27.005059297179066 ], [ 88.608628585433124, 27.005522910198735 ], [ 88.607993957410741, 27.006247762532535 ], [ 88.607607682577481, 27.006721550064245 ], [ 88.607125492594193, 27.007182891343842 ], [ 88.606821455342086, 27.007416536227428 ], [ 88.606635822680957, 27.007472813224481 ], [ 88.606268121217155, 27.007481520585092 ], [ 88.605620768833205, 27.007312885963792 ], [ 88.604834320441995, 27.006929198721426 ], [ 88.604302652003071, 27.006745700003322 ], [ 88.603806635227954, 27.006588872801057 ], [ 88.603417119191633, 27.00648047693776 ], [ 88.602957968699315, 27.006436058439085 ], [ 88.602719205761147, 27.006298864894891 ], [ 88.602694510018182, 27.005978704718913 ], [ 88.602687405298539, 27.005477816035125 ], [ 88.602647211971501, 27.005130753256413 ], [ 88.602799544484753, 27.004858223944623 ], [ 88.603075833633639, 27.004444374416956 ], [ 88.603521825826206, 27.004272307185577 ], [ 88.603706174069572, 27.004125784143728 ], [ 88.604001863961273, 27.004014097848049 ], [ 88.604289824937595, 27.003712943820368 ], [ 88.604318105784259, 27.003220677838961 ], [ 88.604180249129371, 27.002382784417719 ], [ 88.604164024299038, 27.001949696996501 ], [ 88.604128545717487, 27.001580013618455 ], [ 88.604176295520844, 27.001394426790171 ], [ 88.604295213850335, 27.001253161935246 ], [ 88.604520176606712, 27.00112874183425 ], [ 88.605022849392398, 27.001046288827478 ], [ 88.605435484106835, 27.001009994328925 ], [ 88.60570068165616, 27.000880600283892 ], [ 88.605874306151847, 27.000689063752549 ], [ 88.60591133576925, 27.000458465859225 ], [ 88.60581030145525, 27.00008501836037 ], [ 88.605446735581552, 26.99967394370702 ], [ 88.605100017298341, 26.999384534429204 ], [ 88.604509536047644, 26.999314537269793 ], [ 88.604092894098244, 26.999423087429172 ], [ 88.603652663042809, 26.999644735922594 ], [ 88.60323623045322, 27.000123367938336 ], [ 88.6027691606904, 27.00058452168069 ], [ 88.602257053267323, 27.000712205828059 ], [ 88.60200536460998, 27.000728609467973 ], [ 88.601682126617931, 27.000673612217565 ], [ 88.601318204636797, 27.000591998657811 ], [ 88.601260744940532, 27.000448227709665 ], [ 88.601239559270539, 27.0000197089396 ], [ 88.60123276869605, 26.999184835474718 ], [ 88.601272480929353, 26.998787216720139 ], [ 88.601387244520907, 26.998352639355012 ], [ 88.601712108945307, 26.997811867671718 ], [ 88.602441310894207, 26.997361275737241 ], [ 88.602981068580604, 26.997052747075703 ], [ 88.603520310787331, 26.996708115284456 ], [ 88.603877562778052, 26.996320421176897 ], [ 88.60387773496538, 26.995977411850408 ], [ 88.60362590901039, 26.995628244729954 ], [ 88.603223605247649, 26.995325923133738 ], [ 88.603047983373955, 26.99502102095699 ], [ 88.603160194104589, 26.994762487745824 ], [ 88.60339323748812, 26.994498066766084 ], [ 88.603574624867591, 26.994143968673672 ], [ 88.603549354574781, 26.993783196176999 ], [ 88.603461653758899, 26.993283223220317 ], [ 88.603416985922848, 26.992620283203863 ], [ 88.603322009612427, 26.99196242793132 ], [ 88.602212734658721, 26.991898322582134 ], [ 88.600482926759668, 26.991773561073515 ], [ 88.598863301756595, 26.991602393913062 ], [ 88.596650058384569, 26.991135548919882 ], [ 88.595870896181808, 26.990544113385045 ], [ 88.595406408083321, 26.989759550747966 ], [ 88.594973351168449, 26.98941693257569 ], [ 88.594200900556075, 26.988942756167063 ], [ 88.593236999430431, 26.988109676820439 ], [ 88.592093830488736, 26.987066493677695 ], [ 88.591152985740464, 26.987153847442816 ], [ 88.590180736675606, 26.986799247748273 ], [ 88.589141997037657, 26.986373179229673 ], [ 88.587624817044173, 26.985239395617985 ], [ 88.586359123020486, 26.984793297146918 ], [ 88.584724857744646, 26.984288144974162 ], [ 88.582918750816091, 26.984461897112563 ], [ 88.580755710486713, 26.984689278092073 ], [ 88.579552262703487, 26.985090916608499 ], [ 88.57789491232225, 26.986179135888776 ], [ 88.57715201122241, 26.986733562024288 ], [ 88.575862899192671, 26.987136128982936 ], [ 88.574100993254248, 26.987232550391749 ], [ 88.572820822531071, 26.987192685757115 ], [ 88.572340588673384, 26.987437250926376 ], [ 88.572456802389055, 26.987824097628398 ], [ 88.572697813436719, 26.988128312171078 ], [ 88.572762651954392, 26.988443518903349 ], [ 88.572616965409111, 26.989559930115089 ], [ 88.572692852201783, 26.990669353690997 ], [ 88.572774185584535, 26.992532437082932 ], [ 88.573167934268056, 26.993674418379008 ], [ 88.573840753485726, 26.997128597964636 ], [ 88.574059282533298, 26.998349257882971 ], [ 88.574901827068842, 27.000962060980161 ], [ 88.576268201611697, 27.006087406751739 ], [ 88.576418518795251, 27.006749176976161 ], [ 88.576859654307157, 27.008030523991739 ], [ 88.577008402495153, 27.008940541018273 ], [ 88.577455160528288, 27.010262441391824 ], [ 88.577783911876438, 27.011793272246777 ], [ 88.578362253167214, 27.013154314121309 ], [ 88.578872926347358, 27.015441331594861 ], [ 88.579423110314508, 27.017669230735716 ], [ 88.580233011189492, 27.020449344166664 ], [ 88.579973621215416, 27.019558628380828 ], [ 88.579988674442191, 27.019553946226814 ], [ 88.581801457661697, 27.019456864319281 ] ] ] } },
{ "type": "Feature", "properties": { "District": "Kalimpong", "Dist_LGD": "327N001", "Sub_dist": "Lava", "Subdis_LGD": "2157", "Subdis_Typ": "Cd_Block", "Vill_name": "Lava Forest", "Vill_Cat": "Others", "Vill_LGD": "306287", "arr_project": "asha2" }, "geometry": { "type": "Polygon", "coordinates": [ [ [ 88.654093402571405, 27.070613120248282 ], [ 88.65279116183946, 27.069820581245168 ], [ 88.651929833756071, 27.069528322727077 ], [ 88.651157042257609, 27.06942908441226 ], [ 88.650721240588695, 27.069276241458898 ], [ 88.649972749504698, 27.068770528014859 ], [ 88.649819220723685, 27.068614369164909 ], [ 88.649563430396967, 27.068360120571839 ], [ 88.649293135037524, 27.067803661100427 ], [ 88.649122549662493, 27.066826308159236 ], [ 88.648792943958568, 27.06566126730025 ], [ 88.64859540344429, 27.065252886144016 ], [ 88.648212055205789, 27.064548814141745 ], [ 88.647865510717281, 27.063948112795295 ], [ 88.647495749092172, 27.063483076564058 ], [ 88.647084877380451, 27.062964364074411 ], [ 88.646436852819207, 27.062430373851971 ], [ 88.64565149668968, 27.061812237098902 ], [ 88.644662962208514, 27.061088155969546 ], [ 88.644039134567137, 27.060829173947571 ], [ 88.643461592481273, 27.060632831733823 ], [ 88.643178308440255, 27.059873417023478 ], [ 88.643207027823877, 27.058731250834906 ], [ 88.643168475603034, 27.057815529390133 ], [ 88.643212299240432, 27.05736370124886 ], [ 88.64296524858311, 27.057014560256412 ], [ 88.641682351607784, 27.056149473176262 ], [ 88.640726759051887, 27.055605502581987 ], [ 88.640090922269664, 27.055211246534817 ], [ 88.63936961964707, 27.055179037091712 ], [ 88.638802851452056, 27.055027680713444 ], [ 88.638534119895738, 27.05475099527397 ], [ 88.638531667882603, 27.054751023229663 ], [ 88.638348478210872, 27.055326329572278 ], [ 88.638040433806054, 27.057369872171392 ], [ 88.63771805477019, 27.059815251670134 ], [ 88.63777943693475, 27.061958293302521 ], [ 88.637346791070073, 27.063407545836725 ], [ 88.636502530762542, 27.065326444205532 ], [ 88.635888851514309, 27.066114362997418 ], [ 88.634927569081526, 27.066919861194314 ], [ 88.634340645073934, 27.067468263660171 ], [ 88.632368609251117, 27.068452478221037 ], [ 88.630677842642967, 27.069018190297893 ], [ 88.628381357181553, 27.06918471408348 ], [ 88.627872692486719, 27.069569711421654 ], [ 88.627213564489509, 27.070358120084826 ], [ 88.626527489289145, 27.07067746836622 ], [ 88.625442871032021, 27.070978855273442 ], [ 88.623623375216468, 27.071712960709487 ], [ 88.623175151737485, 27.070346128909897 ], [ 88.622270167937003, 27.068767931719293 ], [ 88.621345656072378, 27.06758260078459 ], [ 88.619807678710671, 27.06580407644358 ], [ 88.619633079146624, 27.065932456985351 ], [ 88.619365838068916, 27.066630566152362 ], [ 88.618935044233012, 27.067524624967803 ], [ 88.617829037480419, 27.069496081338304 ], [ 88.617373330195718, 27.070060958598287 ], [ 88.618795882377185, 27.071172884863053 ], [ 88.619835622516689, 27.072307260073998 ], [ 88.62064188620765, 27.073331488184735 ], [ 88.621127450238831, 27.073790748015497 ], [ 88.622211539736242, 27.074500352958559 ], [ 88.622941187405104, 27.07545323900839 ], [ 88.624499550900467, 27.07758351287556 ], [ 88.625301336880682, 27.078291841220842 ], [ 88.62665276143936, 27.078655315829696 ], [ 88.6287364960601, 27.07945258522042 ], [ 88.631119063784482, 27.079993617602369 ], [ 88.6330247778684, 27.080680057966894 ], [ 88.637958844997073, 27.082969491852584 ], [ 88.640362498324933, 27.083911788047374 ], [ 88.642273369769455, 27.084598037726288 ], [ 88.646372174043279, 27.086982669755916 ], [ 88.649217695842509, 27.089165259371072 ], [ 88.651033108951083, 27.086427034804942 ], [ 88.653250387221959, 27.084622794364247 ], [ 88.654554872719459, 27.084183209180956 ], [ 88.654084798130043, 27.082731000238489 ], [ 88.653969281911969, 27.080358448949777 ], [ 88.65425564687888, 27.078572389927192 ], [ 88.654424080955138, 27.076309326062098 ], [ 88.654695962012994, 27.075597562723342 ], [ 88.657455533440185, 27.075032504618012 ], [ 88.658756427955822, 27.074015244810436 ], [ 88.659577192217256, 27.073603889944302 ], [ 88.659036695495047, 27.073190547930054 ], [ 88.657363636006366, 27.072212877585667 ], [ 88.655332257044392, 27.071207814166339 ], [ 88.654093402571405, 27.070613120248282 ] ], [ [ 88.641369919234606, 27.07079549353772 ], [ 88.641170432123062, 27.070516691767153 ], [ 88.640678006083022, 27.070111364074773 ], [ 88.640784311852016, 27.069472912840546 ], [ 88.640905322782871, 27.069132399230188 ], [ 88.641461780592294, 27.068789573327219 ], [ 88.641700289558699, 27.068993034671568 ], [ 88.642125010759798, 27.069191468817603 ], [ 88.64234507177693, 27.06928988917096 ], [ 88.6425651319868, 27.069388307427754 ], [ 88.642516817329465, 27.069678510640237 ], [ 88.642353917164655, 27.07006614252704 ], [ 88.642295938420759, 27.070414388626222 ], [ 88.6426035908177, 27.070838845833116 ], [ 88.642473983229323, 27.071094689484092 ], [ 88.642096194209984, 27.071205118216788 ], [ 88.641713729045378, 27.071116388337238 ], [ 88.641369919234606, 27.07079549353772 ] ] ] } },
{ "type": "Feature", "properties": { "District": "Kalimpong", "Dist_LGD": "327N001", "Sub_dist": "Kalimpong - I", "Subdis_LGD": "2156", "Subdis_Typ": "Cd_Block", "Vill_name": "Bhalukhop Khasmahal", "Vill_Cat": "Forest_Village", "Vill_LGD": "306229", "arr_project": "asha2" }, "geometry": { "type": "Polygon", "coordinates": [ [ [ 88.460741125845644, 27.072425399103579 ], [ 88.461176680532191, 27.074131445776747 ], [ 88.461477728166855, 27.075184448638559 ], [ 88.46173505006864, 27.076364279961268 ], [ 88.462494463382214, 27.077380918961996 ], [ 88.46317152891973, 27.077879373270946 ], [ 88.465164072598427, 27.079501488985979 ], [ 88.467790964397182, 27.08104473983645 ], [ 88.469855366257804, 27.082368153141005 ], [ 88.47277733823158, 27.084102294089647 ], [ 88.474772646461005, 27.085146526568714 ], [ 88.476986610198807, 27.086711980624081 ], [ 88.479006437069643, 27.088080854887071 ], [ 88.479224061664084, 27.088525385902546 ], [ 88.47958588373065, 27.089198580893019 ], [ 88.479874395755019, 27.090048567141302 ], [ 88.480183969840155, 27.090582396110232 ], [ 88.480239730331363, 27.091371644658242 ], [ 88.479973636999702, 27.092611105328455 ], [ 88.479991138318027, 27.093558724613274 ], [ 88.479780796004036, 27.094436529542868 ], [ 88.479185709443527, 27.09520103813276 ], [ 88.479770654766384, 27.095966661893197 ], [ 88.480902178541768, 27.09649634296364 ], [ 88.482647267247401, 27.097281315702489 ], [ 88.48406717527341, 27.097880140941953 ], [ 88.48638179432011, 27.097873728855632 ], [ 88.48717852397067, 27.0978698120724 ], [ 88.489996309799167, 27.097397652653687 ], [ 88.492327465262136, 27.096357414386652 ], [ 88.493013628979483, 27.0960025981157 ], [ 88.494063657887224, 27.095707098220792 ], [ 88.49542713139715, 27.095471441292638 ], [ 88.496296899127756, 27.094514382363379 ], [ 88.497716110166195, 27.09316331789093 ], [ 88.499992145849248, 27.090647685108792 ], [ 88.501301208970489, 27.088228104270204 ], [ 88.503138265084033, 27.08570357180221 ], [ 88.502022618186174, 27.085607179422205 ], [ 88.501089952502127, 27.084863417000491 ], [ 88.499978012470478, 27.083530314628522 ], [ 88.498889454338652, 27.083194399652619 ], [ 88.494287533446666, 27.081799128888697 ], [ 88.490517078082689, 27.080358782821804 ], [ 88.485070238879416, 27.07719841096835 ], [ 88.480757487924436, 27.075140677025573 ], [ 88.480233852762396, 27.075579474234662 ], [ 88.47972136270748, 27.076099391954493 ], [ 88.47725362844939, 27.076314905071754 ], [ 88.474690020381459, 27.075755082383097 ], [ 88.470887836985838, 27.073781949421413 ], [ 88.468697152003827, 27.071268333224676 ], [ 88.468422003154188, 27.069885600324074 ], [ 88.467775950627598, 27.067121129778769 ], [ 88.46746671327692, 27.063892775584574 ], [ 88.467001613650126, 27.063793820074338 ], [ 88.465573276203017, 27.064445099676092 ], [ 88.463722019608497, 27.065529539829797 ], [ 88.462291580051286, 27.066799144212723 ], [ 88.462179550516353, 27.067879007851634 ], [ 88.461873855675137, 27.068798404199168 ], [ 88.461354202485623, 27.069936665584095 ], [ 88.461009220255875, 27.070937709152567 ], [ 88.460763251338989, 27.071409656631563 ], [ 88.460760666538931, 27.071599246306015 ], [ 88.460741125845644, 27.072425399103579 ] ] ] } },
{ "type": "Feature", "properties": { "District": "Kalimpong", "Dist_LGD": "327N001", "Sub_dist": "Kalimpong - I", "Subdis_LGD": "2156", "Subdis_Typ": "Cd_Block", "Vill_name": "Kalimpong Damsang Forest", "Vill_Cat": "Others", "Vill_LGD": "306230", "arr_project": "asha2" }, "geometry": { "type": "Polygon", "coordinates": [ [ [ 88.474918918328697, 27.091693875878693 ], [ 88.476494569030251, 27.091487770262631 ], [ 88.477671662247388, 27.091267783428997 ], [ 88.478912334559439, 27.091281813318233 ], [ 88.479940654462567, 27.090869299399564 ], [ 88.480183969840155, 27.090582396110232 ], [ 88.479874395755019, 27.090048567141302 ], [ 88.47958588373065, 27.089198580893019 ], [ 88.479224061664084, 27.088525385902546 ], [ 88.479006437069643, 27.088080854887071 ], [ 88.476986610198807, 27.086711980624081 ], [ 88.474772646461005, 27.085146526568714 ], [ 88.47277733823158, 27.084102294089647 ], [ 88.469855366257804, 27.082368153141005 ], [ 88.467790964397182, 27.08104473983645 ], [ 88.465164072598427, 27.079501488985979 ], [ 88.46317152891973, 27.077879373270946 ], [ 88.462494463382214, 27.077380918961996 ], [ 88.46173505006864, 27.076364279961268 ], [ 88.461477728166855, 27.075184448638559 ], [ 88.461176680532191, 27.074131445776747 ], [ 88.460741125845644, 27.072425399103579 ], [ 88.460760666538931, 27.071599246306015 ], [ 88.459895045789182, 27.072109222182608 ], [ 88.457960654224337, 27.073406582902717 ], [ 88.45684851148188, 27.073959717613683 ], [ 88.455697656335246, 27.073858803804331 ], [ 88.453285055505759, 27.072877275643446 ], [ 88.451459343482114, 27.071659464092754 ], [ 88.450310639295182, 27.070940147089164 ], [ 88.449342747572373, 27.070950127127702 ], [ 88.448688050513397, 27.071399187396747 ], [ 88.446860325525108, 27.07355284639161 ], [ 88.445462678533289, 27.074650438778441 ], [ 88.444634217888179, 27.075313396848539 ], [ 88.442555234540123, 27.075181288370793 ], [ 88.441740656511001, 27.074566793974196 ], [ 88.44102612312507, 27.073495415364306 ], [ 88.440410604330353, 27.071885920571532 ], [ 88.439785177219377, 27.068710371916588 ], [ 88.439706204076245, 27.066869708106957 ], [ 88.43885874944435, 27.064463704383019 ], [ 88.43777107999, 27.064565097119182 ], [ 88.43615685979016, 27.064491322655059 ], [ 88.434128890585001, 27.064390156121249 ], [ 88.432324906027418, 27.064855370283556 ], [ 88.429527739007597, 27.064924451605552 ], [ 88.427508111916637, 27.065542030369521 ], [ 88.42720873953931, 27.065728830126833 ], [ 88.426883624190182, 27.066123979667136 ], [ 88.427043015141948, 27.066292232147582 ], [ 88.427889866619623, 27.06718616175656 ], [ 88.428434572121972, 27.067998191939612 ], [ 88.429009767683795, 27.069265946253893 ], [ 88.42922193351346, 27.070141288726276 ], [ 88.429787280754297, 27.071815257228018 ], [ 88.430095128178877, 27.072442381258245 ], [ 88.430125644491881, 27.0731146610505 ], [ 88.430610084131629, 27.074084720597021 ], [ 88.430923365952125, 27.075654911263747 ], [ 88.431079998220284, 27.076530273725798 ], [ 88.431241460895151, 27.076706188183479 ], [ 88.431498669072255, 27.077044513377221 ], [ 88.431806449493237, 27.077513663011946 ], [ 88.432085996841579, 27.077915920569897 ], [ 88.432154467485574, 27.078014446859932 ], [ 88.432395773209592, 27.07830781485584 ], [ 88.432603400789716, 27.078560239065698 ], [ 88.432890938188038, 27.079006934812206 ], [ 88.432946590001251, 27.079259570144373 ], [ 88.432946711161946, 27.079259597711832 ], [ 88.433985188177488, 27.079498300312498 ], [ 88.435729862246035, 27.080485809674105 ], [ 88.437187188925961, 27.081270332837295 ], [ 88.438594243701843, 27.082199333310037 ], [ 88.439264792691802, 27.082406584212279 ], [ 88.439973102661952, 27.082532476268632 ], [ 88.440404319811947, 27.082609118234959 ], [ 88.442360368199118, 27.082793246916225 ], [ 88.443837541398111, 27.082846686029388 ], [ 88.445561612727133, 27.082886467220348 ], [ 88.446470998617315, 27.083018917407077 ], [ 88.447074211422205, 27.083106773014588 ], [ 88.448521147446968, 27.083286578111899 ], [ 88.449327919898721, 27.08349824361234 ], [ 88.450527941672505, 27.083885662250466 ], [ 88.45195550144814, 27.085134851643566 ], [ 88.452332891609458, 27.085631603616374 ], [ 88.452873887709629, 27.086343706339328 ], [ 88.453842447974424, 27.087250178567668 ], [ 88.454452889612384, 27.08785903768317 ], [ 88.455537264501544, 27.088485642863187 ], [ 88.456636615297171, 27.088990404290822 ], [ 88.458290771138195, 27.089729511017055 ], [ 88.458699855971005, 27.089999089249275 ], [ 88.459577031991515, 27.090577129748951 ], [ 88.460142418962718, 27.091184697166945 ], [ 88.461269033900948, 27.090965390429794 ], [ 88.462902806521029, 27.090961932921619 ], [ 88.464692768570927, 27.091335951877348 ], [ 88.465730428291494, 27.091636556349254 ], [ 88.466957116480813, 27.092124741293112 ], [ 88.46888661426037, 27.091982724646378 ], [ 88.470383733459954, 27.091939989087425 ], [ 88.471877492341605, 27.092411793911737 ], [ 88.473055609469625, 27.092268562672093 ], [ 88.474918918328697, 27.091693875878693 ] ], [ [ 88.460236332823399, 27.090648624598582 ], [ 88.460162300688324, 27.090553352199041 ], [ 88.459867372124933, 27.090577321110885 ], [ 88.45985644125345, 27.090396380858078 ], [ 88.459683247557209, 27.089801283398533 ], [ 88.459665694395738, 27.08974097164678 ], [ 88.459553267176133, 27.089354664638325 ], [ 88.459440433022024, 27.088966959572051 ], [ 88.459365258673813, 27.088708643022322 ], [ 88.459339281722791, 27.088643041897242 ], [ 88.459701628876459, 27.088605994974589 ], [ 88.459791710165007, 27.088673168398746 ], [ 88.460598959869372, 27.0892751226583 ], [ 88.460840477316765, 27.089776475623573 ], [ 88.460927971703839, 27.089958100163905 ], [ 88.461018156936262, 27.090145307608164 ], [ 88.460918206094647, 27.090491915949503 ], [ 88.460848599752254, 27.090733300440302 ], [ 88.460486502779375, 27.090970568868457 ], [ 88.460238009433311, 27.090650781850243 ], [ 88.460236332823399, 27.090648624598582 ] ] ] } },
{ "type": "Feature", "properties": { "District": "Kalimpong", "Dist_LGD": "327N001", "Sub_dist": "Pedong", "Subdis_LGD": "02157N001", "Subdis_Typ": "Cd_Block", "Vill_name": "Lingsaykha Khasmahal", "Vill_Cat": "Forest_Village", "Vill_LGD": "306281", "arr_project": "asha2" }, "geometry": { "type": "Polygon", "coordinates": [ [ [ 88.664337924568542, 27.154472069276775 ], [ 88.666530196204548, 27.154310653756141 ], [ 88.670340527822077, 27.154391708765299 ], [ 88.673816993357335, 27.154074981041685 ], [ 88.675739725810729, 27.153433740359119 ], [ 88.677964158118783, 27.153064161863266 ], [ 88.679903802697353, 27.152544514699606 ], [ 88.682128096995186, 27.150820956687987 ], [ 88.683614261174952, 27.149670356211264 ], [ 88.685334520489292, 27.149329277623018 ], [ 88.687518292104372, 27.149618945736982 ], [ 88.6896837102761, 27.150364619208304 ], [ 88.690310516239052, 27.150781296040947 ], [ 88.691320112080561, 27.150150843274346 ], [ 88.691862856495788, 27.149340977570034 ], [ 88.69193493961636, 27.148432986189192 ], [ 88.692503970293657, 27.148028976059965 ], [ 88.694366095292182, 27.14706327768485 ], [ 88.694831233706097, 27.146461940157501 ], [ 88.695012891221523, 27.145796327679008 ], [ 88.693967132648524, 27.144694233419997 ], [ 88.69183237999448, 27.142964409072484 ], [ 88.690008554318041, 27.142449330550438 ], [ 88.688767323023328, 27.142432680829764 ], [ 88.686609007406943, 27.1418132682827 ], [ 88.685542617705636, 27.141009214874529 ], [ 88.683294559347218, 27.137764224646403 ], [ 88.68222782053671, 27.134911217040607 ], [ 88.682182271041427, 27.133553330083437 ], [ 88.682448144158428, 27.131433515072736 ], [ 88.68254042427202, 27.128837394301726 ], [ 88.682184212633146, 27.126269211890641 ], [ 88.681996998391455, 27.124881428322663 ], [ 88.681926429085166, 27.12319889676639 ], [ 88.681997123282954, 27.122530114742553 ], [ 88.681253727553539, 27.121049702927245 ], [ 88.681300489646162, 27.119117545700792 ], [ 88.681352600496098, 27.117880339183071 ], [ 88.681390676795161, 27.115704579109106 ], [ 88.681688402276578, 27.114703623780635 ], [ 88.682425038372173, 27.114049430557447 ], [ 88.683608213648199, 27.113240950895275 ], [ 88.684191192439684, 27.112430634259173 ], [ 88.683810465654261, 27.11159125289943 ], [ 88.682613631618594, 27.110811293754917 ], [ 88.679622505400204, 27.106049684409065 ], [ 88.678917965777416, 27.10378351033663 ], [ 88.678888425465772, 27.099437756080036 ], [ 88.677864654189122, 27.098416488389528 ], [ 88.677381112102111, 27.098115370776135 ], [ 88.676675198144878, 27.097780801452128 ], [ 88.674419062054113, 27.096963757238875 ], [ 88.672118734059652, 27.097582368415349 ], [ 88.671599768802523, 27.097611108756858 ], [ 88.671211587718687, 27.098297204789187 ], [ 88.670526672289242, 27.099036472535875 ], [ 88.670299015147876, 27.09966650077936 ], [ 88.669582097748332, 27.101308766262381 ], [ 88.668797963697486, 27.102500516257606 ], [ 88.668404484031271, 27.103511611993017 ], [ 88.668855812552565, 27.104020745032166 ], [ 88.668331615960867, 27.104378992688225 ], [ 88.668345379735015, 27.104627051186817 ], [ 88.669463161177134, 27.104848451541152 ], [ 88.67032945900948, 27.106133414256121 ], [ 88.670212731391118, 27.107782084163524 ], [ 88.669985659637732, 27.108452722423607 ], [ 88.669305720136535, 27.10919192626012 ], [ 88.669397245503745, 27.109921961204918 ], [ 88.669047548749148, 27.111505701185646 ], [ 88.668736619281006, 27.112303701425166 ], [ 88.668963018259078, 27.112946383684225 ], [ 88.669504780714306, 27.11410883675833 ], [ 88.670533837647596, 27.114462161038968 ], [ 88.671269281191243, 27.115080732030052 ], [ 88.671766970783821, 27.116329447631855 ], [ 88.671023402321183, 27.116861816159886 ], [ 88.670015848802535, 27.117618462177017 ], [ 88.669846040308144, 27.118410272167921 ], [ 88.670150297378115, 27.119539440576858 ], [ 88.669645821225032, 27.119531900036908 ], [ 88.668695086029587, 27.119701159357462 ], [ 88.668455825041562, 27.120232035017168 ], [ 88.668319049573967, 27.121551483202087 ], [ 88.668067781360065, 27.122633096795042 ], [ 88.667446833456552, 27.123615300933317 ], [ 88.667244996719432, 27.125310107686193 ], [ 88.667698287484072, 27.125945582568747 ], [ 88.668531287914362, 27.126675833870713 ], [ 88.668324797202246, 27.127716297556322 ], [ 88.667146623498226, 27.12921961285452 ], [ 88.666099578978887, 27.129362923047278 ], [ 88.664832139319785, 27.129951121313823 ], [ 88.664605534351409, 27.130657851175467 ], [ 88.664326096026372, 27.132565689096058 ], [ 88.664791294802995, 27.133322885659172 ], [ 88.665225152262252, 27.135028200704909 ], [ 88.664707326477071, 27.136167128999979 ], [ 88.663872083576152, 27.138013860408126 ], [ 88.662849066729763, 27.139104612104763 ], [ 88.661187458795752, 27.141701263439323 ], [ 88.660720789711448, 27.143575206193017 ], [ 88.660559799302874, 27.144628660948896 ], [ 88.660694302957438, 27.1451957183193 ], [ 88.660409131518975, 27.147062999033182 ], [ 88.659541924523509, 27.148463289287161 ], [ 88.659541571916208, 27.149122204249476 ], [ 88.659955772831452, 27.149839398975313 ], [ 88.659327703674009, 27.150695287653434 ], [ 88.657949523337862, 27.152002323104231 ], [ 88.658144376579656, 27.152898124593563 ], [ 88.65801346588475, 27.15359920118096 ], [ 88.657186367991429, 27.154303988045115 ], [ 88.656247729535082, 27.155998453985848 ], [ 88.655626215415623, 27.15627657504599 ], [ 88.654784803308715, 27.156697193171148 ], [ 88.653925559221662, 27.158304960053332 ], [ 88.653120651653069, 27.159835358992783 ], [ 88.653360617235307, 27.161935044351743 ], [ 88.653908492477001, 27.161988383836952 ], [ 88.654372665799272, 27.162096640630097 ], [ 88.654649766174032, 27.162138265086533 ], [ 88.655786445843063, 27.159614369567592 ], [ 88.657999577425699, 27.15778299732483 ], [ 88.659779843686366, 27.156367403437542 ], [ 88.661417153603935, 27.154840654475187 ], [ 88.662594323839528, 27.154610080713802 ], [ 88.664337924568542, 27.154472069276775 ] ] ] } },
{ "type": "Feature", "properties": { "District": "Kalimpong", "Dist_LGD": "327N001", "Sub_dist": "Pedong", "Subdis_LGD": "02157N001", "Subdis_Typ": "Cd_Block", "Vill_name": "Sakyong Khasmahal", "Vill_Cat": "Forest_Village", "Vill_LGD": "306292", "arr_project": "asha2" }, "geometry": { "type": "Polygon", "coordinates": [ [ [ 88.617389539215708, 27.145552558077018 ], [ 88.619024956432042, 27.144563373864244 ], [ 88.620765263828275, 27.144552311817364 ], [ 88.621845410363846, 27.143542428804682 ], [ 88.6240493916888, 27.14280386587021 ], [ 88.626002861975749, 27.141838001792966 ], [ 88.627851759060121, 27.140620588025243 ], [ 88.628687543730109, 27.139464555780322 ], [ 88.629096681421927, 27.139152914399236 ], [ 88.627938284914862, 27.138236647637161 ], [ 88.626439121669776, 27.136778231420955 ], [ 88.625683851057772, 27.136177706130237 ], [ 88.625062414997871, 27.135413154596634 ], [ 88.62403741687784, 27.133949219067794 ], [ 88.623564961874891, 27.133020462679006 ], [ 88.623178319127263, 27.132095226273712 ], [ 88.622752834016538, 27.131274237969176 ], [ 88.622049225727707, 27.130754330700338 ], [ 88.621500469465587, 27.130128828685589 ], [ 88.620976254101592, 27.129105884093221 ], [ 88.620377666373514, 27.128521571346329 ], [ 88.619962657011257, 27.128075044588716 ], [ 88.619821547195585, 27.127733672888592 ], [ 88.619383185297437, 27.127066270423672 ], [ 88.618704898864451, 27.12655056645923 ], [ 88.618227307924784, 27.125960334266356 ], [ 88.618091267266152, 27.12491936227525 ], [ 88.618195348967276, 27.123740229370089 ], [ 88.618183829004423, 27.122589505606225 ], [ 88.61819090381654, 27.122029791836699 ], [ 88.618007516358603, 27.121553511028939 ], [ 88.617453182933232, 27.120535408729868 ], [ 88.617013307510021, 27.11975969801194 ], [ 88.616446134534314, 27.118899700401226 ], [ 88.615785685061724, 27.11821678659485 ], [ 88.615405385465806, 27.117724714090294 ], [ 88.61512173207575, 27.116938172210098 ], [ 88.61505154973446, 27.115914489624458 ], [ 88.614877028659251, 27.115000323931934 ], [ 88.614155778105271, 27.1142955336272 ], [ 88.61275959606769, 27.113300622537878 ], [ 88.611810547742479, 27.112535251595062 ], [ 88.61096397862535, 27.111881526862039 ], [ 88.61051998182306, 27.111164511107319 ], [ 88.610131716106849, 27.110464906990384 ], [ 88.609911276581954, 27.109862668018998 ], [ 88.609841915483301, 27.109597185098075 ], [ 88.609647860090817, 27.108723852411636 ], [ 88.609365182521898, 27.107648440751785 ], [ 88.609145925083467, 27.106775395597815 ], [ 88.608673846496785, 27.105855601397373 ], [ 88.608300415389778, 27.10513325375085 ], [ 88.607467631533993, 27.104380057598124 ], [ 88.606918768487262, 27.103731925631021 ], [ 88.606403322819972, 27.103304554753436 ], [ 88.605589169468217, 27.102794845239863 ], [ 88.604912120995806, 27.102271923467473 ], [ 88.604900706275529, 27.102273794855698 ], [ 88.604103059047233, 27.102404537446354 ], [ 88.604049840324436, 27.102413260509476 ], [ 88.603889933757472, 27.102469784212701 ], [ 88.603574341819169, 27.10229113964856 ], [ 88.603804537001764, 27.102181776460508 ], [ 88.603835009884278, 27.102021749090078 ], [ 88.603802812590658, 27.102010834760247 ], [ 88.600818284801562, 27.103133619964467 ], [ 88.598826096502123, 27.104893886763413 ], [ 88.597791338790472, 27.105894049945444 ], [ 88.597254192759621, 27.107488803742047 ], [ 88.596648430114826, 27.110645900686318 ], [ 88.595644315603693, 27.113455492000522 ], [ 88.594893445405859, 27.114565239576251 ], [ 88.59356111675082, 27.1159298092619 ], [ 88.59046203380386, 27.118975243371764 ], [ 88.589257328493616, 27.120812213832064 ], [ 88.588997689130863, 27.12242636428817 ], [ 88.588464616217152, 27.124679968323441 ], [ 88.588396334848085, 27.126986983896522 ], [ 88.588939789546487, 27.127608168176025 ], [ 88.589252080723597, 27.129003723564903 ], [ 88.589388184425871, 27.129710755322499 ], [ 88.589831747136671, 27.130400763648357 ], [ 88.592064037954074, 27.132018268077324 ], [ 88.595000347193931, 27.13418737075461 ], [ 88.59652047596326, 27.135731650602278 ], [ 88.597643939229798, 27.136693714869903 ], [ 88.598503405667017, 27.138245490315132 ], [ 88.598763352774768, 27.140205760201606 ], [ 88.600471855859027, 27.142569242656474 ], [ 88.601167091982063, 27.144980371824289 ], [ 88.601576576483126, 27.145747450804485 ], [ 88.602939971169334, 27.149017468665875 ], [ 88.603366154312525, 27.148832074034612 ], [ 88.607161640008968, 27.147181970083668 ], [ 88.608933750562429, 27.146922467219021 ], [ 88.612670657790133, 27.146473389247081 ], [ 88.615856882317487, 27.145971882629645 ], [ 88.617389539215708, 27.145552558077018 ] ] ] } },
{ "type": "Feature", "properties": { "District": "Kalimpong", "Dist_LGD": "327N001", "Sub_dist": "Pedong", "Subdis_LGD": "02157N001", "Subdis_Typ": "Cd_Block", "Vill_name": "Pedong Khasmahal", "Vill_Cat": "Forest_Village", "Vill_LGD": "306277", "arr_project": "asha2" }, "geometry": { "type": "Polygon", "coordinates": [ [ [ 88.634589050704108, 27.159867472733094 ], [ 88.634918333527921, 27.158572884775158 ], [ 88.634777517651159, 27.156525570655855 ], [ 88.634092900338445, 27.154552287080769 ], [ 88.633388993324701, 27.152985403820026 ], [ 88.633209280548797, 27.152423355741345 ], [ 88.633133194004571, 27.151354631760881 ], [ 88.632376598811689, 27.15032541682265 ], [ 88.631964994756501, 27.149775089725072 ], [ 88.63225466575517, 27.149225632995588 ], [ 88.632281770916137, 27.148313665893781 ], [ 88.63175867595622, 27.147381019615938 ], [ 88.631513078307776, 27.146449658287203 ], [ 88.631481230719231, 27.145299179980924 ], [ 88.630875685609865, 27.144593143974515 ], [ 88.630178179571246, 27.143806936564967 ], [ 88.629480093649633, 27.142980113875204 ], [ 88.628930645617899, 27.142314036334319 ], [ 88.628879630332207, 27.141578986843012 ], [ 88.629501072983629, 27.141296472192565 ], [ 88.629960915930582, 27.140654781408522 ], [ 88.629430676379158, 27.139573272438213 ], [ 88.629096681421927, 27.139152914399236 ], [ 88.628687543730109, 27.139464555780322 ], [ 88.627851759060121, 27.140620588025243 ], [ 88.626002861975749, 27.141838001792966 ], [ 88.6240493916888, 27.14280386587021 ], [ 88.621845410363846, 27.143542428804682 ], [ 88.620765263828275, 27.144552311817364 ], [ 88.619024956432042, 27.144563373864244 ], [ 88.617389539215708, 27.145552558077018 ], [ 88.615856882317487, 27.145971882629645 ], [ 88.612670657790133, 27.146473389247081 ], [ 88.608933750562429, 27.146922467219021 ], [ 88.607161640008968, 27.147181970083668 ], [ 88.603366154312525, 27.148832074034612 ], [ 88.602939971169334, 27.149017468665875 ], [ 88.603706073837159, 27.151084769737434 ], [ 88.603299461567573, 27.151581352358647 ], [ 88.601629815004685, 27.153017553149152 ], [ 88.599909158656516, 27.153709644713494 ], [ 88.599364202254861, 27.154767425800209 ], [ 88.599314593172991, 27.154826661627297 ], [ 88.600428988256667, 27.155490930107046 ], [ 88.60153298548579, 27.1561327398991 ], [ 88.602876964459355, 27.156266326684012 ], [ 88.603962819381493, 27.15669620618548 ], [ 88.605830703157054, 27.157830207086732 ], [ 88.606890448478993, 27.158549203722849 ], [ 88.607860115463879, 27.159318869149086 ], [ 88.609028155927916, 27.160199080865709 ], [ 88.610263400862863, 27.160135262646815 ], [ 88.611666942506417, 27.160547895217316 ], [ 88.614761606221137, 27.161369804074731 ], [ 88.61743149895085, 27.162823867600672 ], [ 88.619228692907186, 27.163588420123496 ], [ 88.622290542976458, 27.16527254459421 ], [ 88.622937663224249, 27.165359835295011 ], [ 88.625092300269841, 27.165366480191402 ], [ 88.627069826514457, 27.166034062666821 ], [ 88.630288888803648, 27.166023764461212 ], [ 88.632231740156058, 27.167079802616684 ], [ 88.632873381842245, 27.167483028225302 ], [ 88.634875470670124, 27.16821562864213 ], [ 88.634965664250615, 27.167938218291834 ], [ 88.635227998795983, 27.167387718782837 ], [ 88.635488326755521, 27.166727228370753 ], [ 88.633895970458511, 27.164939263252684 ], [ 88.633818153524189, 27.163753220372417 ], [ 88.634174190063362, 27.162562124304088 ], [ 88.633913740368229, 27.162001018081753 ], [ 88.634589050704108, 27.159867472733094 ] ], [ [ 88.614427484513527, 27.157433676207141 ], [ 88.61570497562812, 27.157152694757457 ], [ 88.616814635723728, 27.157830421464823 ], [ 88.617347558365552, 27.158749472030916 ], [ 88.61682182053876, 27.159730371392246 ], [ 88.616080275402908, 27.160090939575948 ], [ 88.614825424469601, 27.159843627736656 ], [ 88.614439672998472, 27.159333569327607 ], [ 88.614168621090101, 27.158027876606837 ], [ 88.614427484513527, 27.157433676207141 ] ] ] } },
{ "type": "Feature", "properties": { "District": "Kalimpong", "Dist_LGD": "327N001", "Sub_dist": "Lava", "Subdis_LGD": "2157", "Subdis_Typ": "Cd_Block", "Vill_name": "Bakhim Khasmahal", "Vill_Cat": "Forest_Village", "Vill_LGD": "306308", "arr_project": "asha2" }, "geometry": { "type": "Polygon", "coordinates": [ [ [ 88.582086912690897, 27.030118499790589 ], [ 88.583591093109277, 27.028129290070577 ], [ 88.584239088909584, 27.027259965396517 ], [ 88.584686722385626, 27.027196254377085 ], [ 88.583999119155806, 27.02560178562824 ], [ 88.583297076821836, 27.024413668937232 ], [ 88.582867941981647, 27.023998761639287 ], [ 88.582198853616276, 27.02264327797873 ], [ 88.581495053031901, 27.022046409108654 ], [ 88.580830999615586, 27.021408470432334 ], [ 88.580233011189492, 27.020449344166664 ], [ 88.579423110314508, 27.017669230735716 ], [ 88.578872926347358, 27.015441331594861 ], [ 88.578362253167214, 27.013154314121309 ], [ 88.577783911876438, 27.011793272246777 ], [ 88.577455160528288, 27.010262441391824 ], [ 88.577008402495153, 27.008940541018273 ], [ 88.576859654307157, 27.008030523991739 ], [ 88.576418518795251, 27.006749176976161 ], [ 88.576268201611697, 27.006087406751739 ], [ 88.575081583353722, 27.006267675227846 ], [ 88.573788148221453, 27.006737977193694 ], [ 88.572601517044262, 27.006918224251006 ], [ 88.57173888087668, 27.007207679076679 ], [ 88.570434779348503, 27.007637450377544 ], [ 88.569378492635721, 27.007771084195969 ], [ 88.568497407328167, 27.007821520359645 ], [ 88.565981162302933, 27.007321466991169 ], [ 88.562294927865011, 27.007840819396712 ], [ 88.561282685939801, 27.008610280353128 ], [ 88.560445027650331, 27.009617004192897 ], [ 88.561297443368133, 27.010771987343222 ], [ 88.562778894613345, 27.012958041896741 ], [ 88.564684840025265, 27.015590692388766 ], [ 88.566137540897941, 27.016784102244984 ], [ 88.567812341010239, 27.018002103021725 ], [ 88.568241486961881, 27.018291103910279 ], [ 88.569994604332834, 27.019471682117139 ], [ 88.572228941663496, 27.02105798778036 ], [ 88.574162848255426, 27.022778501399699 ], [ 88.574760233900662, 27.023697041335151 ], [ 88.574864149227182, 27.024643665660228 ], [ 88.574893114416611, 27.025636262095961 ], [ 88.575042318880676, 27.026577866895693 ], [ 88.575515588832843, 27.027628675772409 ], [ 88.576118374090072, 27.030013960159661 ], [ 88.576583620298123, 27.032292463047082 ], [ 88.577205600264989, 27.034244251223853 ], [ 88.57841444818105, 27.037074053660856 ], [ 88.580194633350885, 27.041106981268694 ], [ 88.582312315542552, 27.045474577775988 ], [ 88.582707892497353, 27.046724812349321 ], [ 88.582864882245559, 27.046777204663499 ], [ 88.583077373416089, 27.046833485575505 ], [ 88.584579554869876, 27.047200201455805 ], [ 88.586214808615239, 27.047709822685391 ], [ 88.58680183141071, 27.047874706173545 ], [ 88.585801907296045, 27.045588738603772 ], [ 88.584762912823095, 27.042671347337365 ], [ 88.583703712976245, 27.040823812739248 ], [ 88.583176620110819, 27.039538954084961 ], [ 88.582488447139639, 27.037908382608098 ], [ 88.582060481961122, 27.036861606651641 ], [ 88.580928578328752, 27.035213448214666 ], [ 88.580644010495931, 27.034327532218267 ], [ 88.580986538211448, 27.032874927893776 ], [ 88.581379509908473, 27.031426269880775 ], [ 88.582086912690897, 27.030118499790589 ] ] ] } },
{ "type": "Feature", "properties": { "District": "Kalimpong", "Dist_LGD": "327N001", "Sub_dist": "Pedong", "Subdis_LGD": "02157N001", "Subdis_Typ": "Cd_Block", "Vill_name": "Kashyong Khasmahal", "Vill_Cat": "Forest_Village", "Vill_LGD": "306275", "arr_project": "asha2" }, "geometry": { "type": "Polygon", "coordinates": [ [ [ 88.594609481286398, 27.187812122869765 ], [ 88.595235177564447, 27.187776120039775 ], [ 88.595578280248006, 27.187848397256623 ], [ 88.59615344709033, 27.188205067798009 ], [ 88.596530430643853, 27.188648944614219 ], [ 88.596839512868243, 27.189012870568472 ], [ 88.597338906428774, 27.189640196397331 ], [ 88.59765679087252, 27.189798233775154 ], [ 88.597949403399497, 27.189811867927986 ], [ 88.597969653291713, 27.189766687221706 ], [ 88.599009331908263, 27.189017834642677 ], [ 88.599059810741949, 27.189004351321408 ], [ 88.599468564843491, 27.188810406694596 ], [ 88.59973608361652, 27.188544148242283 ], [ 88.600245908791123, 27.187610246415421 ], [ 88.600548807096416, 27.187100414307807 ], [ 88.600710363605913, 27.186793571384523 ], [ 88.600887017190104, 27.186342314617089 ], [ 88.60114445628389, 27.185936261391731 ], [ 88.601366558784335, 27.185755816155332 ], [ 88.601618818331531, 27.185665650561749 ], [ 88.601886294300414, 27.185665664257709 ], [ 88.602183989314923, 27.185710822533672 ], [ 88.602759089071569, 27.18607640268193 ], [ 88.603092111025362, 27.186234437085282 ], [ 88.603394846688076, 27.186293166355561 ], [ 88.603707712920794, 27.186234526771393 ], [ 88.604015517922647, 27.186090196108122 ], [ 88.604494930948533, 27.185742794740516 ], [ 88.60478771428302, 27.18562101911693 ], [ 88.605181228892931, 27.185499262074885 ], [ 88.605655630493033, 27.185422612798934 ], [ 88.605923080491877, 27.185350407710626 ], [ 88.606245962540669, 27.185188027356062 ], [ 88.606735537172838, 27.184881300618347 ], [ 88.607351166239539, 27.184412098802451 ], [ 88.608002193328815, 27.183983468181793 ], [ 88.608198919848078, 27.183906744988022 ], [ 88.608643018561679, 27.18385724121481 ], [ 88.609036591039143, 27.183852723855324 ], [ 88.609606789693956, 27.183798700882484 ], [ 88.610015472790039, 27.183721979441234 ], [ 88.610267792067148, 27.183622771450519 ], [ 88.610721933994895, 27.183288907550626 ], [ 88.610949084309524, 27.183004587897685 ], [ 88.611448672914534, 27.182490307930511 ], [ 88.611948153227914, 27.182228580681752 ], [ 88.612800939182932, 27.181935350218414 ], [ 88.613401418866459, 27.181854245397648 ], [ 88.613916106426259, 27.181773042671836 ], [ 88.61404266661701, 27.181747912329346 ], [ 88.61432481511433, 27.181691885005304 ], [ 88.614794061512114, 27.181714462627315 ], [ 88.614809529341542, 27.18171857826475 ], [ 88.615167421086284, 27.181813783698114 ], [ 88.615354071215066, 27.181822825844318 ], [ 88.615515517503226, 27.181904007926175 ], [ 88.61569719646667, 27.182030358384957 ], [ 88.616040250068679, 27.182183822307788 ], [ 88.616413675892105, 27.182287651912905 ], [ 88.616630635478614, 27.182305731215248 ], [ 88.617210859358735, 27.182499783214482 ], [ 88.617614492899264, 27.18275246467762 ], [ 88.618078712188989, 27.183027825174154 ], [ 88.6184268148331, 27.183257948188167 ], [ 88.618709384853119, 27.183339172455959 ], [ 88.618941521585413, 27.183352739232646 ], [ 88.619178683052468, 27.183266958311648 ], [ 88.619365323628813, 27.183086535038182 ], [ 88.619496590343189, 27.182824791601863 ], [ 88.619577301991384, 27.182536012891635 ], [ 88.619698444854137, 27.182265269689751 ], [ 88.619890225763697, 27.182021601826026 ], [ 88.620061743961401, 27.181940370056875 ], [ 88.620324170288995, 27.181926867147595 ], [ 88.620500749525746, 27.181958494349399 ], [ 88.620773160328227, 27.18203522800296 ], [ 88.621262639211153, 27.182256307749402 ], [ 88.621772252979156, 27.182445831968085 ], [ 88.62207496252546, 27.182481956367649 ], [ 88.622276835751848, 27.182454888402596 ], [ 88.622508899583536, 27.182324030294762 ], [ 88.622756180166647, 27.182093887904795 ], [ 88.622973151923176, 27.181854798739643 ], [ 88.623018558018245, 27.181651724755458 ], [ 88.623028602804268, 27.181529844171127 ], [ 88.622942860727619, 27.181191450331479 ], [ 88.622801570556945, 27.181010936316799 ], [ 88.622438280418763, 27.180812411067091 ], [ 88.622337387205178, 27.180577722932505 ], [ 88.622322237932536, 27.180374718076926 ], [ 88.622342459092877, 27.18021670523941 ], [ 88.622539266117244, 27.179923421647846 ], [ 88.622655365404285, 27.179548932648057 ], [ 88.622766361527638, 27.179449623657991 ], [ 88.622887380511827, 27.179359404924256 ], [ 88.623008499572677, 27.179345817942732 ], [ 88.623639206430909, 27.179562457081712 ], [ 88.624068099203683, 27.179761031900949 ], [ 88.62547586019609, 27.180374749744665 ], [ 88.625813823031805, 27.180406304820842 ], [ 88.625970278811891, 27.180365677664696 ], [ 88.626056083955689, 27.180248424806475 ], [ 88.626101502980632, 27.180081455288523 ], [ 88.626212440789033, 27.179463225156731 ], [ 88.626313383291233, 27.179102269139474 ], [ 88.626399164176973, 27.178872097984215 ], [ 88.626479917239635, 27.178267396657194 ], [ 88.626540456609206, 27.177897430864942 ], [ 88.626611062213854, 27.177671769387128 ], [ 88.626712002491743, 27.177554429796299 ], [ 88.626893667646328, 27.177477766145955 ], [ 88.627130728475507, 27.177428078637153 ], [ 88.627882570263154, 27.177319792750268 ], [ 88.628341705546887, 27.17717545917305 ], [ 88.628588900751254, 27.177017517193601 ], [ 88.62882600375471, 27.176769250081026 ], [ 88.628982482372436, 27.176570751154578 ], [ 88.629194364115975, 27.176205254118013 ], [ 88.629502108827324, 27.175699821255908 ], [ 88.629920862091211, 27.175298251159067 ], [ 88.630274067895229, 27.174928221858593 ], [ 88.630632240133039, 27.174580699910983 ], [ 88.63102067866015, 27.174260355659953 ], [ 88.63155548213544, 27.173948958426376 ], [ 88.632246722170464, 27.173610463881438 ], [ 88.632811799905809, 27.173479594575404 ], [ 88.633235549554286, 27.173353258330529 ], [ 88.633639229246995, 27.173186264720965 ], [ 88.63394689161872, 27.172933557161599 ], [ 88.634239514079979, 27.172590580904142 ], [ 88.634395883211297, 27.172274735597284 ], [ 88.634547222482425, 27.171904702775915 ], [ 88.634754048152331, 27.171588812073036 ], [ 88.634900363855976, 27.171241312234031 ], [ 88.634996173282019, 27.170835187821453 ], [ 88.635046580255391, 27.170492235862817 ], [ 88.63500119221149, 27.170217013928454 ], [ 88.634986041746927, 27.169856051746127 ], [ 88.634905250618388, 27.169422833268769 ], [ 88.634789187086241, 27.169048334033178 ], [ 88.634769048218544, 27.168718930769725 ], [ 88.634804264211326, 27.168434645962783 ], [ 88.634875470670124, 27.16821562864213 ], [ 88.632873381842245, 27.167483028225302 ], [ 88.632231740156058, 27.167079802616684 ], [ 88.630288888803648, 27.166023764461212 ], [ 88.627069826514457, 27.166034062666821 ], [ 88.625092300269841, 27.165366480191402 ], [ 88.622937663224249, 27.165359835295011 ], [ 88.622290542976458, 27.16527254459421 ], [ 88.619228692907186, 27.163588420123496 ], [ 88.61743149895085, 27.162823867600672 ], [ 88.614761606221137, 27.161369804074731 ], [ 88.611666942506417, 27.160547895217316 ], [ 88.610263400862863, 27.160135262646815 ], [ 88.609028155927916, 27.160199080865709 ], [ 88.607860115463879, 27.159318869149086 ], [ 88.606890448478993, 27.158549203722849 ], [ 88.605830703157054, 27.157830207086732 ], [ 88.603962819381493, 27.15669620618548 ], [ 88.602876964459355, 27.156266326684012 ], [ 88.60153298548579, 27.1561327398991 ], [ 88.600428988256667, 27.155490930107046 ], [ 88.599314593172991, 27.154826661627297 ], [ 88.598952513269055, 27.155264052886483 ], [ 88.597672116597053, 27.157115497822655 ], [ 88.596964695068806, 27.158459448878983 ], [ 88.596258471779919, 27.161662807695592 ], [ 88.595497203432828, 27.163481247378112 ], [ 88.594450911669654, 27.165483450398892 ], [ 88.591940636126964, 27.168152164819084 ], [ 88.589668311156075, 27.169816217905414 ], [ 88.58860831067598, 27.170505204325643 ], [ 88.585152676646828, 27.171641004225044 ], [ 88.582634339319881, 27.172332882217052 ], [ 88.580839809138368, 27.173183546722552 ], [ 88.579916964154918, 27.173943134101869 ], [ 88.577705611980747, 27.173864225851826 ], [ 88.576842239759287, 27.174189859295979 ], [ 88.576461760149954, 27.175123852402049 ], [ 88.575398113329456, 27.176999750108006 ], [ 88.574375384607407, 27.17819820294649 ], [ 88.574593663530294, 27.180086776015937 ], [ 88.574194008995818, 27.18469019454291 ], [ 88.573655825576239, 27.186257795987135 ], [ 88.573502727569974, 27.186739770786133 ], [ 88.573941662902399, 27.186817742374984 ], [ 88.574768995952496, 27.187102349413699 ], [ 88.575520846344659, 27.187251502430804 ], [ 88.576206931887967, 27.187468365893036 ], [ 88.57715046004428, 27.187703271201329 ], [ 88.578578276177325, 27.188159548767157 ], [ 88.579138281941169, 27.18831770244028 ], [ 88.581035378364163, 27.188810189108146 ], [ 88.581343270880808, 27.188769617551944 ], [ 88.581620858676416, 27.188634341321748 ], [ 88.58228204137589, 27.188165272860967 ], [ 88.582392287141886, 27.188075305609654 ], [ 88.5826302987156, 27.187881074816435 ], [ 88.582807009679698, 27.187664524446159 ], [ 88.58303407209543, 27.18759696974697 ], [ 88.583326788262283, 27.187597003818961 ], [ 88.583659693728507, 27.187791191866268 ], [ 88.58392242045953, 27.188119531370781 ], [ 88.583977502619405, 27.188188369887591 ], [ 88.584385870149816, 27.189172229205006 ], [ 88.5846782859401, 27.18965056815955 ], [ 88.585036531812634, 27.189980130926863 ], [ 88.585505688777715, 27.190250941114204 ], [ 88.58593958819344, 27.190390994885224 ], [ 88.586524939470564, 27.19034149653541 ], [ 88.586918572943432, 27.190246867911544 ], [ 88.587186114040122, 27.190043906139671 ], [ 88.587251793207997, 27.189863449406541 ], [ 88.587352798294077, 27.189461807430398 ], [ 88.587186476724298, 27.188893227449629 ], [ 88.586984889964256, 27.188243356932499 ], [ 88.586985023119226, 27.187846288094057 ], [ 88.587009590384767, 27.187632475879141 ], [ 88.587025462311445, 27.187494344679717 ], [ 88.587151783842572, 27.187205607305682 ], [ 88.587404154803792, 27.186943965466565 ], [ 88.587878605472639, 27.186605610896361 ], [ 88.588474095674314, 27.186375643708207 ], [ 88.588791990283354, 27.186357689896482 ], [ 88.589074548645698, 27.186438974368972 ], [ 88.589442804820578, 27.186655674195077 ], [ 88.58963448506438, 27.186791151988739 ], [ 88.589861358535373, 27.187337197639167 ], [ 88.589977280281587, 27.187874213344923 ], [ 88.589977085378592, 27.188452373137913 ], [ 88.589976876519586, 27.189069934187632 ], [ 88.590037267105501, 27.18958438014473 ], [ 88.590254010228037, 27.19033354273288 ], [ 88.590622288747227, 27.190771292968343 ], [ 88.591389075435643, 27.191173105955563 ], [ 88.592226743187268, 27.191263515241083 ], [ 88.592862629016707, 27.191218560907199 ], [ 88.593271366464677, 27.190979502674434 ], [ 88.59348853746512, 27.190329758382152 ], [ 88.593695696587545, 27.189508536808368 ], [ 88.593724994504655, 27.189339086108088 ], [ 88.593822075520194, 27.188777593694585 ], [ 88.594125017402504, 27.18810530137884 ], [ 88.594357183752635, 27.187893249577726 ], [ 88.594609481286398, 27.187812122869765 ] ] ] } },
{ "type": "Feature", "properties": { "District": "Kalimpong", "Dist_LGD": "327N001", "Sub_dist": "Lava", "Subdis_LGD": "2157", "Subdis_Typ": "Cd_Block", "Vill_name": "Pakthang Forest", "Vill_Cat": "Others", "Vill_LGD": "306290", "arr_project": "asha2" }, "geometry": { "type": "Polygon", "coordinates": [ [ [ 88.623193383232916, 27.105187619207811 ], [ 88.620555128482849, 27.107587490897657 ], [ 88.618873222407117, 27.109163926901701 ], [ 88.617372604275772, 27.110724716832216 ], [ 88.618869977432283, 27.113844116247698 ], [ 88.619004859543722, 27.115155892003063 ], [ 88.61912039611552, 27.116174535420736 ], [ 88.619978586770472, 27.117279388906802 ], [ 88.621896892571897, 27.1184487208508 ], [ 88.624073181606079, 27.120016712574461 ], [ 88.625959930229811, 27.121439087723871 ], [ 88.627104510164415, 27.120717264864258 ], [ 88.627958888042883, 27.119809247067824 ], [ 88.628618140635851, 27.119359313745413 ], [ 88.6296658091116, 27.11926140996988 ], [ 88.630680538210015, 27.118631328675828 ], [ 88.631978699859161, 27.118765182730744 ], [ 88.633078948872196, 27.11881557622635 ], [ 88.634482167802332, 27.11923702594164 ], [ 88.635877949497385, 27.120186584955302 ], [ 88.636434699992563, 27.120320004545896 ], [ 88.63764840456453, 27.120540539252769 ], [ 88.64076980832921, 27.120495074524936 ], [ 88.64289746788198, 27.120786117740067 ], [ 88.644259805520676, 27.121167327332444 ], [ 88.645112490798013, 27.121531930442565 ], [ 88.646631856364976, 27.121613410134081 ], [ 88.648467470453369, 27.121591872616992 ], [ 88.648972023255467, 27.121604000853708 ], [ 88.649712258246026, 27.121866093309478 ], [ 88.649884001793808, 27.121196134125281 ], [ 88.65005318199475, 27.119664199397508 ], [ 88.650585386254576, 27.117437490084903 ], [ 88.651413500534971, 27.114755986727285 ], [ 88.651174726078466, 27.11395094588331 ], [ 88.649165177628177, 27.11138853690176 ], [ 88.647427042989861, 27.109445723765862 ], [ 88.646058970284187, 27.107629430842326 ], [ 88.64545740792552, 27.106842167982734 ], [ 88.644993116207559, 27.106130017144395 ], [ 88.644951722295261, 27.106058292181274 ], [ 88.644758921810961, 27.105288803752444 ], [ 88.643886916029771, 27.103593044814659 ], [ 88.641714654321135, 27.104024629575232 ], [ 88.640357246642665, 27.103620763935407 ], [ 88.639351191707647, 27.103794980712472 ], [ 88.636833557950879, 27.104406534297258 ], [ 88.635808360772174, 27.104305646968079 ], [ 88.634835015636199, 27.103608412694967 ], [ 88.633706168217302, 27.10331465055782 ], [ 88.632492198103719, 27.103062486957171 ], [ 88.631434346937496, 27.102447446779003 ], [ 88.629514195035981, 27.101485864273723 ], [ 88.627459115499661, 27.10060705259961 ], [ 88.62604922203046, 27.100054718851023 ], [ 88.625259260054563, 27.100176689244208 ], [ 88.624061843369844, 27.100718575961366 ], [ 88.622891477960223, 27.101038995352777 ], [ 88.623421939597932, 27.101804618305948 ], [ 88.623790345086832, 27.102522465998351 ], [ 88.62355556795174, 27.104425222434692 ], [ 88.623193383232916, 27.105187619207811 ] ] ] } },
{ "type": "Feature", "properties": { "District": "Kalimpong", "Dist_LGD": "327N001", "Sub_dist": "Lava", "Subdis_LGD": "2157", "Subdis_Typ": "Cd_Block", "Vill_name": "Paiyong Khasmahal", "Vill_Cat": "Forest_Village", "Vill_LGD": "306301", "arr_project": "asha2" }, "geometry": { "type": "Polygon", "coordinates": [ [ [ 88.587228922163291, 27.102886135139581 ], [ 88.586411643135122, 27.10000239677759 ], [ 88.584915033838783, 27.100082472177796 ], [ 88.583463801717755, 27.100162021003811 ], [ 88.581713719142755, 27.099071481825103 ], [ 88.580134399942722, 27.097929354380373 ], [ 88.57819013140616, 27.096651395858295 ], [ 88.576617882021438, 27.09564905701745 ], [ 88.576325122135657, 27.095268716766988 ], [ 88.575564508816058, 27.093887171777993 ], [ 88.575054687168574, 27.092769092589759 ], [ 88.573678712223966, 27.092093984007033 ], [ 88.572672753350147, 27.091554629673851 ], [ 88.571308527514191, 27.090996709237022 ], [ 88.56968411407982, 27.089859472626561 ], [ 88.568092194989987, 27.088518757753647 ], [ 88.566540709571058, 27.087182087445704 ], [ 88.565817865315253, 27.086328110585963 ], [ 88.56463023772119, 27.085046034985407 ], [ 88.563614484015076, 27.083793628223489 ], [ 88.562387767445458, 27.082597715932991 ], [ 88.561834387329881, 27.081597409730865 ], [ 88.561549204368418, 27.080666333777209 ], [ 88.560455968961364, 27.079274850691583 ], [ 88.56007206590138, 27.07885937859988 ], [ 88.559249894588916, 27.078471334289901 ], [ 88.55846687174521, 27.077997097626248 ], [ 88.557729787984925, 27.077562967662697 ], [ 88.556852295933908, 27.076818973162922 ], [ 88.556663717444593, 27.076672123324435 ], [ 88.556159160787146, 27.076280542308179 ], [ 88.555514456072132, 27.075962721307278 ], [ 88.555227867944041, 27.076385625545807 ], [ 88.554828507524505, 27.077039953759677 ], [ 88.5545712363365, 27.078491558423597 ], [ 88.554157242069124, 27.079547727446396 ], [ 88.5540960065956, 27.080590969264513 ], [ 88.553783387332473, 27.08132106130903 ], [ 88.553035460998117, 27.083391888816333 ], [ 88.552485628103099, 27.084472121346497 ], [ 88.551792820168586, 27.085423044999558 ], [ 88.551168636100741, 27.08733002016417 ], [ 88.55107323684966, 27.089921688200594 ], [ 88.550090182354822, 27.091769433094623 ], [ 88.549362367997787, 27.093478961079164 ], [ 88.548818925374675, 27.094662914238352 ], [ 88.54603748892302, 27.096286726571901 ], [ 88.543738092955024, 27.097765281169103 ], [ 88.54285708935241, 27.098609912924303 ], [ 88.541286521116319, 27.100288033732802 ], [ 88.542014727783894, 27.100803582910594 ], [ 88.542678506040218, 27.101401074145112 ], [ 88.543515214602877, 27.102104980637279 ], [ 88.544870895273462, 27.10314167099267 ], [ 88.546006698532182, 27.103589529429481 ], [ 88.546882232157799, 27.104180155771022 ], [ 88.547888469472895, 27.104006595327387 ], [ 88.549066576785151, 27.10386272513286 ], [ 88.550045848292996, 27.103928648686601 ], [ 88.55225358297433, 27.103845601297536 ], [ 88.553279856058992, 27.104028326921611 ], [ 88.55457424774103, 27.104271265066846 ], [ 88.555730505461241, 27.104371296746979 ], [ 88.558800376623978, 27.104635142429476 ], [ 88.561321548880969, 27.10533377700834 ], [ 88.562510051206388, 27.105938876773202 ], [ 88.564156022116236, 27.106800640537912 ], [ 88.566075191554447, 27.107722524364544 ], [ 88.567991926971445, 27.108829450593795 ], [ 88.570524710196167, 27.110349193403298 ], [ 88.571469753936213, 27.111209676275916 ], [ 88.572267259450811, 27.112699142205557 ], [ 88.572433794047186, 27.112706303911597 ], [ 88.575394794325177, 27.112740821793352 ], [ 88.576702346684314, 27.112473408729475 ], [ 88.577931425798667, 27.112364828911062 ], [ 88.578781520486558, 27.111845283335239 ], [ 88.580948741032088, 27.109947922114117 ], [ 88.582139787957161, 27.109289120846256 ], [ 88.584369529173472, 27.108257543105164 ], [ 88.585840478747102, 27.107780597359373 ], [ 88.58741221161219, 27.106941440125354 ], [ 88.587786338292119, 27.105935278920612 ], [ 88.587806008634018, 27.105542408310587 ], [ 88.587228922163291, 27.102886135139581 ] ], [ [ 88.54917425476566, 27.10271371031309 ], [ 88.549283477963883, 27.102591063504413 ], [ 88.549830943842423, 27.102667828729537 ], [ 88.550227345744034, 27.102893271763527 ], [ 88.550152577785965, 27.102971052685664 ], [ 88.549957092424293, 27.103174414167057 ], [ 88.549720108267394, 27.103420944775134 ], [ 88.548971335349293, 27.103463509562513 ], [ 88.548966495385187, 27.10294700357867 ], [ 88.54917425476566, 27.10271371031309 ] ], [ [ 88.549782084224631, 27.101360613868323 ], [ 88.550047267995708, 27.101314296248198 ], [ 88.550282756735101, 27.101385142232012 ], [ 88.55041569428694, 27.101571146461819 ], [ 88.550548634094255, 27.101757147677926 ], [ 88.550012913255472, 27.102002481565805 ], [ 88.549637061418053, 27.101774922486378 ], [ 88.549782084224631, 27.101360613868323 ] ] ] } },
{ "type": "Feature", "properties": { "District": "Kalimpong", "Dist_LGD": "327N001", "Sub_dist": "Lava", "Subdis_LGD": "2157", "Subdis_Typ": "Cd_Block", "Vill_name": "Kolbong Forest", "Vill_Cat": "Others", "Vill_LGD": "306285", "arr_project": "asha2" }, "geometry": { "type": "Polygon", "coordinates": [ [ [ 88.647739212437358, 27.104590446969066 ], [ 88.648567280169416, 27.103971459615369 ], [ 88.650033603693103, 27.103891061011492 ], [ 88.650996643847634, 27.103879745907786 ], [ 88.652458805837242, 27.102486050773837 ], [ 88.653792293604127, 27.101260841609122 ], [ 88.656338522981159, 27.099520372723635 ], [ 88.658330629355149, 27.098508500113084 ], [ 88.65988815476517, 27.098463029037763 ], [ 88.660903360436393, 27.098572886167759 ], [ 88.662571730759893, 27.097497085139427 ], [ 88.663593448850165, 27.097024654071532 ], [ 88.665215722543465, 27.097267197042836 ], [ 88.665854558631878, 27.097841814841971 ], [ 88.666883521115494, 27.098199686776066 ], [ 88.670838932029753, 27.09765174990736 ], [ 88.671599768802523, 27.097611108756858 ], [ 88.672118734059652, 27.097582368415349 ], [ 88.674419062054113, 27.096963757238875 ], [ 88.676675198144878, 27.097780801452128 ], [ 88.677381112102111, 27.098115370776135 ], [ 88.677864654189122, 27.098416488389528 ], [ 88.679927238828526, 27.097074018317606 ], [ 88.68186051242121, 27.095854921154487 ], [ 88.682721955946292, 27.094450062300773 ], [ 88.683373582257801, 27.091829178330794 ], [ 88.684273332915907, 27.088943557595083 ], [ 88.684468914348628, 27.08651317055222 ], [ 88.684824275539171, 27.084315547655248 ], [ 88.685284388554251, 27.083727842637391 ], [ 88.685208498192154, 27.081688835331303 ], [ 88.683845363874994, 27.080892814169768 ], [ 88.682184009067456, 27.079707708616457 ], [ 88.680649663358253, 27.078922730376284 ], [ 88.677133604526134, 27.078116260419037 ], [ 88.67480103883895, 27.077557366061097 ], [ 88.672676545287828, 27.077767699405562 ], [ 88.671331724032726, 27.077517421158166 ], [ 88.670527750775989, 27.077359992356396 ], [ 88.670094170701915, 27.077360631050869 ], [ 88.669284064134303, 27.077469541419152 ], [ 88.668611089407207, 27.07730603326079 ], [ 88.667868145106596, 27.07718396887239 ], [ 88.667438803652757, 27.077130392245508 ], [ 88.667361993287599, 27.077731548172487 ], [ 88.667266157757169, 27.07909113395829 ], [ 88.665144592040576, 27.081548854323696 ], [ 88.663734395562301, 27.083018777722014 ], [ 88.662228698085585, 27.08314490782999 ], [ 88.661207029280078, 27.083612812814899 ], [ 88.658357575947292, 27.083565225190885 ], [ 88.654554872719459, 27.084183209180956 ], [ 88.653250387221959, 27.084622794364247 ], [ 88.651033108951083, 27.086427034804942 ], [ 88.649217695842509, 27.089165259371072 ], [ 88.648825087505514, 27.089900994111648 ], [ 88.647973476131327, 27.090971571155691 ], [ 88.646365430169354, 27.092727978538633 ], [ 88.646408274227014, 27.09462299620936 ], [ 88.646825029926148, 27.096224788818898 ], [ 88.646579997524952, 27.097744074635866 ], [ 88.645951024307067, 27.099561211787698 ], [ 88.644813142052001, 27.100373363130338 ], [ 88.644275410580434, 27.102225530925868 ], [ 88.643886916029771, 27.103593044814659 ], [ 88.644758921810961, 27.105288803752444 ], [ 88.644951722295261, 27.106058292181274 ], [ 88.646445954490233, 27.105815129748777 ], [ 88.647739212437358, 27.104590446969066 ] ], [ [ 88.673490558952494, 27.096149771872284 ], [ 88.673133769929152, 27.096008591086793 ], [ 88.672787919495619, 27.096037566712134 ], [ 88.672778856375189, 27.096038325390225 ], [ 88.672254040855094, 27.096157001855307 ], [ 88.671930931166344, 27.096040837814659 ], [ 88.671407046946882, 27.095482099318964 ], [ 88.670801638703878, 27.094810619304006 ], [ 88.670418232411649, 27.094408396288259 ], [ 88.670388012535852, 27.09411208859126 ], [ 88.670355496688146, 27.093488056817037 ], [ 88.670416874145744, 27.092833164671035 ], [ 88.670493376870553, 27.092016916001139 ], [ 88.670539442454739, 27.091451266584343 ], [ 88.67084861276652, 27.090998513709124 ], [ 88.670863712880333, 27.090984701321634 ], [ 88.671346815368054, 27.090542769380864 ], [ 88.671715668323273, 27.090153926898555 ], [ 88.672237183884889, 27.090117593368035 ], [ 88.672766071641547, 27.090217142884086 ], [ 88.672832334504548, 27.089913195796086 ], [ 88.673050369100068, 27.08963507452804 ], [ 88.673327222991219, 27.089742972344965 ], [ 88.673506828864802, 27.089896452666068 ], [ 88.673531798553753, 27.089917790368293 ], [ 88.674000661493793, 27.090255280453473 ], [ 88.674389294256372, 27.090696160797105 ], [ 88.674703754728895, 27.09110909708572 ], [ 88.675024815462521, 27.09158670003626 ], [ 88.675425872849701, 27.092085698036112 ], [ 88.675805887278486, 27.092569057044315 ], [ 88.675854275681644, 27.092614847631896 ], [ 88.67628676577236, 27.093024110635373 ], [ 88.676818431790906, 27.093277823479141 ], [ 88.677135177975657, 27.093458802376023 ], [ 88.677274435514505, 27.093806751511778 ], [ 88.677121826690097, 27.093899843430005 ], [ 88.676865568476885, 27.094049637341087 ], [ 88.676503772186507, 27.094261118974977 ], [ 88.676300978538563, 27.094561428014167 ], [ 88.675899457595364, 27.094947736873955 ], [ 88.675670160728657, 27.095369625220382 ], [ 88.674996872801415, 27.096015875445865 ], [ 88.674872648307186, 27.096120276850193 ], [ 88.674655298716857, 27.096202350676649 ], [ 88.674325676406653, 27.09632681859388 ], [ 88.674094911485554, 27.096325557571667 ], [ 88.673804028252391, 27.096323968308813 ], [ 88.673490558952494, 27.096149771872284 ] ], [ [ 88.666584126575714, 27.084703596382564 ], [ 88.666269684881655, 27.084672064307181 ], [ 88.666091464797987, 27.084526578494341 ], [ 88.665858121076752, 27.084450980537877 ], [ 88.665730014945069, 27.084720943592874 ], [ 88.665580133754148, 27.084700850050837 ], [ 88.665361565480907, 27.084388439488908 ], [ 88.665167325396084, 27.084009335393283 ], [ 88.665041869150571, 27.083694389595344 ], [ 88.665373241206879, 27.083510278452174 ], [ 88.665585529697353, 27.083302877246606 ], [ 88.665599353417164, 27.083011628784455 ], [ 88.66584266976416, 27.082848411528833 ], [ 88.666178142358035, 27.082628226235443 ], [ 88.666346994986171, 27.082147275387641 ], [ 88.666547379319027, 27.08220490514373 ], [ 88.666625410162325, 27.082588936988035 ], [ 88.666826932514212, 27.082810430210323 ], [ 88.667019827787172, 27.082947261047558 ], [ 88.667212724566582, 27.083084092488814 ], [ 88.66725184590166, 27.083315310230574 ], [ 88.667163167446674, 27.083666736194569 ], [ 88.66686136791462, 27.083911949804186 ], [ 88.666883145109736, 27.08420200445515 ], [ 88.666888293490828, 27.084557951407422 ], [ 88.666584126575714, 27.084703596382564 ] ], [ [ 88.667601586613344, 27.079773615605827 ], [ 88.667996524110364, 27.079322674979501 ], [ 88.668284806673057, 27.079352168541746 ], [ 88.668539386365936, 27.079432689481106 ], [ 88.668469074234977, 27.079538018767511 ], [ 88.668398762049634, 27.079643348927696 ], [ 88.668358991169214, 27.079825715909863 ], [ 88.668435902195398, 27.080007856025048 ], [ 88.668581339467138, 27.0802898268701 ], [ 88.668374412574394, 27.080358835656551 ], [ 88.668079286039244, 27.08038946715898 ], [ 88.667925828116097, 27.080601458724519 ], [ 88.667776564714558, 27.080854604531297 ], [ 88.667525922275047, 27.080940030680832 ], [ 88.667281774157161, 27.080834660460724 ], [ 88.666907937875067, 27.080665511811048 ], [ 88.666737772177115, 27.080422651562461 ], [ 88.666896005701631, 27.080318941945539 ], [ 88.667376654534053, 27.080003908525082 ], [ 88.667601586613344, 27.079773615605827 ] ] ] } },
{ "type": "Feature", "properties": { "District": "Kalimpong", "Dist_LGD": "327N001", "Sub_dist": "Pedong", "Subdis_LGD": "02157N001", "Subdis_Typ": "Cd_Block", "Vill_name": "Reset Forest", "Vill_Cat": "Others", "Vill_LGD": "306284", "arr_project": "asha2" }, "geometry": { "type": "Polygon", "coordinates": [ [ [ 88.678888425465772, 27.099437756080036 ], [ 88.678917965777416, 27.10378351033663 ], [ 88.679622505400204, 27.106049684409065 ], [ 88.682613631618594, 27.110811293754917 ], [ 88.683810465654261, 27.11159125289943 ], [ 88.684191192439684, 27.112430634259173 ], [ 88.683608213648199, 27.113240950895275 ], [ 88.682425038372173, 27.114049430557447 ], [ 88.681688402276578, 27.114703623780635 ], [ 88.681390676795161, 27.115704579109106 ], [ 88.681352600496098, 27.117880339183071 ], [ 88.681300489646162, 27.119117545700792 ], [ 88.681253727553539, 27.121049702927245 ], [ 88.681997123282954, 27.122530114742553 ], [ 88.687227893289887, 27.121212727041691 ], [ 88.690949878814266, 27.119854653927042 ], [ 88.695295033228021, 27.117685638746497 ], [ 88.698482150398632, 27.115990835644155 ], [ 88.699374807544089, 27.115655097452795 ], [ 88.700551599299601, 27.114765319783871 ], [ 88.701947278883679, 27.113010888310022 ], [ 88.703505172560384, 27.11164711192383 ], [ 88.704966816534409, 27.110257409407669 ], [ 88.705605565350055, 27.109477922755207 ], [ 88.706134632367565, 27.109114965650154 ], [ 88.706578818494251, 27.107146393698891 ], [ 88.706588284654032, 27.105110893210959 ], [ 88.70673534547845, 27.103502460144373 ], [ 88.707128015863404, 27.101796267866881 ], [ 88.707602756686825, 27.099849886046506 ], [ 88.707776950715939, 27.098701453876547 ], [ 88.707806371610772, 27.097649555333899 ], [ 88.70730222588422, 27.096992263316295 ], [ 88.704684920484681, 27.095313592889539 ], [ 88.702796211490337, 27.094460959629277 ], [ 88.700924626002035, 27.093071038618373 ], [ 88.698708431737103, 27.091229437099813 ], [ 88.697051557614913, 27.089358479049434 ], [ 88.694750509544022, 27.086895028983129 ], [ 88.692755081695182, 27.084630945140955 ], [ 88.69128644171218, 27.082522962838965 ], [ 88.690807220968779, 27.081499744700455 ], [ 88.689092033767622, 27.081773098684078 ], [ 88.686765994777403, 27.081995095409074 ], [ 88.685320414438664, 27.081755189347842 ], [ 88.685208498192154, 27.081688835331303 ], [ 88.685284388554251, 27.083727842637391 ], [ 88.684824275539171, 27.084315547655248 ], [ 88.684468914348628, 27.08651317055222 ], [ 88.684273332915907, 27.088943557595083 ], [ 88.683373582257801, 27.091829178330794 ], [ 88.682721955946292, 27.094450062300773 ], [ 88.68186051242121, 27.095854921154487 ], [ 88.679927238828526, 27.097074018317606 ], [ 88.677864654189122, 27.098416488389528 ], [ 88.678888425465772, 27.099437756080036 ] ] ] } },
{ "type": "Feature", "properties": { "District": "Kalimpong", "Dist_LGD": "327N001", "Sub_dist": "Lava", "Subdis_LGD": "2157", "Subdis_Typ": "Cd_Block", "Vill_name": "Lava Bazar D.I.F.", "Vill_Cat": "Rural", "Vill_LGD": "306286", "arr_project": "asha2" }, "geometry": { "type": "Polygon", "coordinates": [ [ [ 88.654554872719459, 27.084183209180956 ], [ 88.658357575947292, 27.083565225190885 ], [ 88.661207029280078, 27.083612812814899 ], [ 88.662228698085585, 27.08314490782999 ], [ 88.663734395562301, 27.083018777722014 ], [ 88.665144592040576, 27.081548854323696 ], [ 88.667266157757169, 27.07909113395829 ], [ 88.667361993287599, 27.077731548172487 ], [ 88.667438803652757, 27.077130392245508 ], [ 88.66703226418349, 27.076914069869154 ], [ 88.666321907928847, 27.076268089065152 ], [ 88.665572568284873, 27.075712828821839 ], [ 88.664862282496159, 27.075752833852 ], [ 88.663825545138295, 27.075877936938891 ], [ 88.663039711881254, 27.075923339556834 ], [ 88.662503900775505, 27.075487391023835 ], [ 88.661780853328409, 27.075004009091579 ], [ 88.660968074599765, 27.074589380100047 ], [ 88.660219503144972, 27.074083725181637 ], [ 88.659577192217256, 27.073603889944302 ], [ 88.658756427955822, 27.074015244810436 ], [ 88.657455533440185, 27.075032504618012 ], [ 88.654695962012994, 27.075597562723342 ], [ 88.654424080955138, 27.076309326062098 ], [ 88.65425564687888, 27.078572389927192 ], [ 88.653969281911969, 27.080358448949777 ], [ 88.654084798130043, 27.082731000238489 ], [ 88.654554872719459, 27.084183209180956 ] ], [ [ 88.655178938943308, 27.079341663386618 ], [ 88.655564501200246, 27.079307625509998 ], [ 88.655887265425207, 27.079357338699051 ], [ 88.656123463288964, 27.079320962038345 ], [ 88.656335292686805, 27.07910886883219 ], [ 88.656533159292451, 27.079141822883727 ], [ 88.656752833241939, 27.079261639837238 ], [ 88.656945216402121, 27.079431817310589 ], [ 88.657254884429548, 27.079607656208783 ], [ 88.657381477927458, 27.079832186139914 ], [ 88.657440323416168, 27.080028095369531 ], [ 88.657443649560946, 27.080188170043808 ], [ 88.657232254662901, 27.080340805379137 ], [ 88.657061834074412, 27.080501075255455 ], [ 88.657212525209147, 27.080656562143538 ], [ 88.657326942265911, 27.080863344539448 ], [ 88.657511304429704, 27.081043856961461 ], [ 88.657421094505509, 27.081176795527245 ], [ 88.657014293631832, 27.081257010537449 ], [ 88.65665100423044, 27.081560865470109 ], [ 88.656428626656947, 27.081618388436883 ], [ 88.656147176481994, 27.081528745052779 ], [ 88.655957016469657, 27.081316745887761 ], [ 88.655893219542477, 27.08100846167839 ], [ 88.655860206468247, 27.080875229741999 ], [ 88.65563351361719, 27.080750198695998 ], [ 88.655440697034635, 27.080639479760936 ], [ 88.6552980128549, 27.080511679168708 ], [ 88.655423178187533, 27.080403635650018 ], [ 88.655492059676931, 27.080188539741886 ], [ 88.655477100853517, 27.080041553081628 ], [ 88.655420818423408, 27.079934500692975 ], [ 88.655225444359175, 27.079734922839275 ], [ 88.655077210584636, 27.079488866556634 ], [ 88.655178938943308, 27.079341663386618 ] ] ] } },
{ "type": "Feature", "properties": { "District": "Kalimpong", "Dist_LGD": "327N001", "Sub_dist": "Lava", "Subdis_LGD": "2157", "Subdis_Typ": "Cd_Block", "Vill_name": "Khampong Forest", "Vill_Cat": "Others", "Vill_LGD": "306288", "arr_project": "asha2" }, "geometry": { "type": "Polygon", "coordinates": [ [ [ 88.609335421840413, 27.074526482319495 ], [ 88.609711237901863, 27.076128877896963 ], [ 88.610758458486842, 27.079199395728821 ], [ 88.611699354620555, 27.082587046230461 ], [ 88.613020934576653, 27.085090245762196 ], [ 88.613427477523743, 27.08566326737909 ], [ 88.61348629259389, 27.085545249268176 ], [ 88.613769186379173, 27.084878563072074 ], [ 88.614029523901834, 27.084749203676683 ], [ 88.61425250257706, 27.084475851837443 ], [ 88.614527893882652, 27.083989778140612 ], [ 88.614776329045526, 27.083382157445506 ], [ 88.615240053899228, 27.083020287077215 ], [ 88.615547892776036, 27.08303931465203 ], [ 88.615959666262256, 27.083273780386616 ], [ 88.616519504963094, 27.083285395319272 ], [ 88.617225993077014, 27.083326912791453 ], [ 88.617677192759544, 27.083497734991312 ], [ 88.618472514918238, 27.084106886067929 ], [ 88.61919809038892, 27.084423478345016 ], [ 88.620470080158341, 27.084869163043685 ], [ 88.620907074682364, 27.085103321611424 ], [ 88.62099752007218, 27.085431740541903 ], [ 88.620990801077937, 27.086366046192524 ], [ 88.62124579448728, 27.086566197998696 ], [ 88.621852971415819, 27.086712640622636 ], [ 88.622714819825063, 27.087036666802963 ], [ 88.6239218694176, 27.087871202107305 ], [ 88.624803154979261, 27.088492859672947 ], [ 88.625303837342145, 27.089294928394356 ], [ 88.625754176961877, 27.09010208862809 ], [ 88.627597152859053, 27.091321877064154 ], [ 88.628637212594569, 27.093155710881536 ], [ 88.629605820098817, 27.094579666780746 ], [ 88.631479086412355, 27.09648956193945 ], [ 88.63327416920761, 27.098567324081493 ], [ 88.634237767943077, 27.099291762784155 ], [ 88.636926790687085, 27.100415825217901 ], [ 88.638885196963443, 27.100884927445758 ], [ 88.640745563870624, 27.101892209385973 ], [ 88.642020529254822, 27.102522693091839 ], [ 88.642851444871013, 27.102788280463713 ], [ 88.643886916029771, 27.103593044814659 ], [ 88.644275410580434, 27.102225530925868 ], [ 88.644813142052001, 27.100373363130338 ], [ 88.645951024307067, 27.099561211787698 ], [ 88.646579997524952, 27.097744074635866 ], [ 88.646825029926148, 27.096224788818898 ], [ 88.646408274227014, 27.09462299620936 ], [ 88.646365430169354, 27.092727978538633 ], [ 88.647973476131327, 27.090971571155691 ], [ 88.648825087505514, 27.089900994111648 ], [ 88.649217695842509, 27.089165259371072 ], [ 88.646372174043279, 27.086982669755916 ], [ 88.642273369769455, 27.084598037726288 ], [ 88.640362498324933, 27.083911788047374 ], [ 88.637958844997073, 27.082969491852584 ], [ 88.6330247778684, 27.080680057966894 ], [ 88.631119063784482, 27.079993617602369 ], [ 88.6287364960601, 27.07945258522042 ], [ 88.62665276143936, 27.078655315829696 ], [ 88.625301336880682, 27.078291841220842 ], [ 88.624499550900467, 27.07758351287556 ], [ 88.622941187405104, 27.07545323900839 ], [ 88.622211539736242, 27.074500352958559 ], [ 88.621127450238831, 27.073790748015497 ], [ 88.62064188620765, 27.073331488184735 ], [ 88.619835622516689, 27.072307260073998 ], [ 88.618795882377185, 27.071172884863053 ], [ 88.617373330195718, 27.070060958598287 ], [ 88.617090998810923, 27.070411721901383 ], [ 88.616144006247794, 27.070819772032944 ], [ 88.613645497876107, 27.071317841319459 ], [ 88.611656216323127, 27.071467028081276 ], [ 88.610474609102297, 27.071688173807061 ], [ 88.609787999295591, 27.072679915300508 ], [ 88.608957047932776, 27.074156217049204 ], [ 88.609335421840413, 27.074526482319495 ] ] ] } },
{ "type": "Feature", "properties": { "District": "Kalimpong", "Dist_LGD": "327N001", "Sub_dist": "Lava", "Subdis_LGD": "2157", "Subdis_Typ": "Cd_Block", "Vill_name": "Saihur Forest", "Vill_Cat": "Others", "Vill_LGD": "306303", "arr_project": "asha2" }, "geometry": { "type": "Polygon", "coordinates": [ [ [ 88.56351450471675, 27.059513399466084 ], [ 88.562923402083811, 27.060147313962005 ], [ 88.562010633946812, 27.061579134040954 ], [ 88.561696284029139, 27.062905011636694 ], [ 88.561719496245672, 27.06385254114095 ], [ 88.562155746886376, 27.065138490456306 ], [ 88.562973623177399, 27.066677450854353 ], [ 88.563776588172217, 27.067503478061258 ], [ 88.564726747694579, 27.068400073265515 ], [ 88.56487357137398, 27.069896840975805 ], [ 88.565296192753408, 27.070560099747375 ], [ 88.565380632783459, 27.070468894015104 ], [ 88.566284151536721, 27.070183523914114 ], [ 88.56701552705367, 27.069845907045142 ], [ 88.568775459780539, 27.06806611207946 ], [ 88.569912896149418, 27.067927045566943 ], [ 88.571089206788301, 27.067683732469867 ], [ 88.571741592701571, 27.06782989164115 ], [ 88.572768060666206, 27.068048590061903 ], [ 88.573817216603302, 27.068447556640212 ], [ 88.574599288684709, 27.069215079874514 ], [ 88.575701164395312, 27.070859098427142 ], [ 88.576170408564167, 27.071246489976943 ], [ 88.576795660126365, 27.071253018884139 ], [ 88.577065590143732, 27.071087514637327 ], [ 88.577674741139859, 27.070304403583549 ], [ 88.578015934116848, 27.07018774378993 ], [ 88.578236922202493, 27.070487651226209 ], [ 88.578411232373583, 27.071054361987283 ], [ 88.578691843567285, 27.071651472578917 ], [ 88.579538679546374, 27.07235956664622 ], [ 88.580550276500574, 27.073670577109826 ], [ 88.580919935212648, 27.074144824287345 ], [ 88.581991020550348, 27.074304278742268 ], [ 88.582303904880916, 27.07468438227113 ], [ 88.582427517406245, 27.075229091672341 ], [ 88.582686063354643, 27.076047591058927 ], [ 88.583131290022635, 27.0765164665765 ], [ 88.584047587528886, 27.076781451594016 ], [ 88.585550303834452, 27.077157163132295 ], [ 88.585941831670013, 27.07739194680796 ], [ 88.586559218328432, 27.078269573378844 ], [ 88.586937327236413, 27.078982908850438 ], [ 88.587433521484655, 27.079130756251416 ], [ 88.588119561000113, 27.079154598695109 ], [ 88.588563499554695, 27.079172149084926 ], [ 88.589028633866818, 27.078905125385031 ], [ 88.58948430856843, 27.079039884281428 ], [ 88.589876097841127, 27.079649250985728 ], [ 88.590258947289797, 27.080696501210511 ], [ 88.590616667785469, 27.081392003026728 ], [ 88.590863816094966, 27.081398231574592 ], [ 88.591002675966891, 27.08123418484865 ], [ 88.591480130264614, 27.080768431247506 ], [ 88.59190506078113, 27.080510879093367 ], [ 88.592309504422474, 27.080587537072311 ], [ 88.59269990951951, 27.081097620416578 ], [ 88.593188911399508, 27.081805167109035 ], [ 88.593600956105305, 27.082062262845504 ], [ 88.594351911117997, 27.082040206909515 ], [ 88.594705943510135, 27.081760885181051 ], [ 88.595077389100624, 27.081287295686614 ], [ 88.595577017965326, 27.080252613322354 ], [ 88.595968247439927, 27.080108262425242 ], [ 88.59626351299606, 27.080308004304232 ], [ 88.596743614381779, 27.081453419713 ], [ 88.597187013896203, 27.082143417167096 ], [ 88.597585161480467, 27.082486410045153 ], [ 88.598314881774698, 27.082744393189486 ], [ 88.600150699087834, 27.083134207917777 ], [ 88.60150882296557, 27.083615191576097 ], [ 88.602976680022479, 27.084365704040412 ], [ 88.603923109988756, 27.084968702390228 ], [ 88.604393306144729, 27.085058113203466 ], [ 88.604726165414689, 27.085063339158623 ], [ 88.604889636030222, 27.08485837913441 ], [ 88.60526261603394, 27.084141034012667 ], [ 88.605833766697046, 27.083177712302756 ], [ 88.606238292428117, 27.08325883977345 ], [ 88.606147335311903, 27.083598369267882 ], [ 88.606281521118603, 27.084522042362643 ], [ 88.606946893629456, 27.084861952215658 ], [ 88.607162964217025, 27.0848098359175 ], [ 88.60733340398302, 27.08474018877379 ], [ 88.607236797863848, 27.084330592583783 ], [ 88.607020702349729, 27.083674137210032 ], [ 88.607381099340515, 27.083489488192214 ], [ 88.607930599663774, 27.083483203044096 ], [ 88.608504390248427, 27.083765483062141 ], [ 88.60903288751183, 27.083700762238575 ], [ 88.609497783134103, 27.083772164156748 ], [ 88.609529761545687, 27.084245682820832 ], [ 88.609756224082687, 27.084568039161766 ], [ 88.610402289361531, 27.084614796104649 ], [ 88.610796035297369, 27.08429436111933 ], [ 88.611841980913695, 27.084097329265106 ], [ 88.611971372238727, 27.084330530638709 ], [ 88.612080917066905, 27.085290584141934 ], [ 88.612825034131689, 27.085846196433963 ], [ 88.613368532731599, 27.085772259684589 ], [ 88.613427477523743, 27.08566326737909 ], [ 88.613020934576653, 27.085090245762196 ], [ 88.611699354620555, 27.082587046230461 ], [ 88.610758458486842, 27.079199395728821 ], [ 88.609711237901863, 27.076128877896963 ], [ 88.609335421840413, 27.074526482319495 ], [ 88.608957047932776, 27.074156217049204 ], [ 88.60790689007591, 27.073698858695142 ], [ 88.605854733376347, 27.072977634836079 ], [ 88.603232734312087, 27.072244827373805 ], [ 88.601765770325244, 27.071900490722665 ], [ 88.599424904246945, 27.071435199170271 ], [ 88.597249095455695, 27.070164641387734 ], [ 88.595126465278938, 27.067661333780134 ], [ 88.593453938795548, 27.065965271590549 ], [ 88.592092059659478, 27.064130274219568 ], [ 88.591156748440795, 27.062155039132907 ], [ 88.589824114899429, 27.060242959798085 ], [ 88.587872485177144, 27.056970344783824 ], [ 88.58609555745187, 27.055000055954398 ], [ 88.583591055714422, 27.054698807933516 ], [ 88.581675405175645, 27.053971163072578 ], [ 88.580999427873678, 27.053216024442452 ], [ 88.580666473738333, 27.052118532270754 ], [ 88.581773626249714, 27.050192469602326 ], [ 88.582848332823033, 27.047034645696684 ], [ 88.583077373416089, 27.046833485575505 ], [ 88.582864882245559, 27.046777204663499 ], [ 88.582707892497353, 27.046724812349321 ], [ 88.58123332394932, 27.0465292698076 ], [ 88.581055983578949, 27.047542231658507 ], [ 88.58075427088572, 27.048312875064315 ], [ 88.580027865352577, 27.048632450407602 ], [ 88.578160178866668, 27.050603139752411 ], [ 88.576541573994277, 27.051645799013187 ], [ 88.575769837010995, 27.051970374401229 ], [ 88.57437282374795, 27.052279378322236 ], [ 88.57312132864854, 27.052902669014458 ], [ 88.571247422482998, 27.054079007956151 ], [ 88.568498613287275, 27.055779593873226 ], [ 88.566186249610595, 27.057696420197065 ], [ 88.56351450471675, 27.059513399466084 ] ] ] } },
{ "type": "Feature", "properties": { "District": "Kalimpong", "Dist_LGD": "327N001", "Sub_dist": "Lava", "Subdis_LGD": "2157", "Subdis_Typ": "Cd_Block", "Vill_name": "Mangchu Forest", "Vill_Cat": "Others", "Vill_LGD": "306273", "arr_project": "asha2" }, "geometry": { "type": "Polygon", "coordinates": [ [ [ 88.546527187960137, 27.138868405891525 ], [ 88.546600900368063, 27.141291205279412 ], [ 88.546936705177487, 27.142230771060991 ], [ 88.547000817808552, 27.143222976799997 ], [ 88.546894148950827, 27.147565887363434 ], [ 88.546244296035127, 27.149834180341575 ], [ 88.545619504241444, 27.152458739565542 ], [ 88.544900792446668, 27.154493097155601 ], [ 88.54424414360011, 27.156639599302657 ], [ 88.543995572773468, 27.159476645108175 ], [ 88.544430842428511, 27.161408030290847 ], [ 88.545562041558853, 27.162943610173173 ], [ 88.546805267046921, 27.164184583911595 ], [ 88.548258795909078, 27.165305881027468 ], [ 88.549534650764883, 27.166347886351033 ], [ 88.550166924012331, 27.167189386234988 ], [ 88.55041862749809, 27.167511555278697 ], [ 88.551251832425905, 27.167556502269697 ], [ 88.552761156784399, 27.167598473206272 ], [ 88.552970744136175, 27.167429162817832 ], [ 88.553353086554623, 27.166617064255146 ], [ 88.55395005225499, 27.165635596822977 ], [ 88.554245553542614, 27.164747733369278 ], [ 88.555583889139172, 27.163013361824923 ], [ 88.556657083966968, 27.159991141585525 ], [ 88.557573813351837, 27.159150536432048 ], [ 88.558116807381481, 27.158648051942659 ], [ 88.558675525099957, 27.157824954242379 ], [ 88.560556679939793, 27.155588053661472 ], [ 88.561809621485352, 27.153895197618596 ], [ 88.564484228559294, 27.151040130734941 ], [ 88.566367504726699, 27.148248010430731 ], [ 88.567735030199501, 27.146824616530246 ], [ 88.572104742914178, 27.142912429410924 ], [ 88.572436628574721, 27.142475443450323 ], [ 88.570837784201743, 27.141058146180615 ], [ 88.569388467754223, 27.13986933239795 ], [ 88.56768332997207, 27.138782649611979 ], [ 88.566403090809146, 27.138138012653652 ], [ 88.565731783108092, 27.137387282216267 ], [ 88.562903003109014, 27.136750849957917 ], [ 88.560792159298245, 27.136228235922282 ], [ 88.55829496651728, 27.13585430342911 ], [ 88.555924259049632, 27.135506002357182 ], [ 88.554682845924489, 27.134743480218578 ], [ 88.55264770041066, 27.132757613599487 ], [ 88.55141549038072, 27.131561688814131 ], [ 88.550045575393938, 27.13025444064484 ], [ 88.548916901510893, 27.129246905408618 ], [ 88.548394072949023, 27.128643383927439 ], [ 88.548083874444217, 27.128461761021537 ], [ 88.54805915411697, 27.128498139535179 ], [ 88.547446688851736, 27.129443646997142 ], [ 88.547058516247105, 27.131659414764243 ], [ 88.546469460774247, 27.135407384967891 ], [ 88.546527187960137, 27.138868405891525 ] ] ] } },
{ "type": "Feature", "properties": { "District": "Kalimpong", "Dist_LGD": "327N001", "Sub_dist": "Kalimpong - I", "Subdis_LGD": "2156", "Subdis_Typ": "Cd_Block", "Vill_name": "Bhalukhop Forest", "Vill_Cat": "Others", "Vill_LGD": "306221", "arr_project": "asha2" }, "geometry": { "type": "Polygon", "coordinates": [ [ [ 88.505930994083357, 27.124081963131307 ], [ 88.505458447548889, 27.122317815700942 ], [ 88.505540096573228, 27.120881710865838 ], [ 88.505065882895011, 27.119744927899653 ], [ 88.504879346993135, 27.118997718597196 ], [ 88.50474584311894, 27.117690290289534 ], [ 88.504689828104375, 27.116896549101615 ], [ 88.504028153470173, 27.114940346969338 ], [ 88.503913534712993, 27.113912539649682 ], [ 88.504362217461335, 27.11201214497094 ], [ 88.505486369675438, 27.110840180768243 ], [ 88.506427398026716, 27.110306547694712 ], [ 88.507140104080165, 27.109671552899094 ], [ 88.507544775849851, 27.109008268261231 ], [ 88.507437477218147, 27.108151891122649 ], [ 88.5068487225154, 27.107873868635508 ], [ 88.505995369362552, 27.107043543814065 ], [ 88.505594256985148, 27.105711903571745 ], [ 88.50506823636303, 27.105221075589395 ], [ 88.503853933362223, 27.10492717485284 ], [ 88.502857968678143, 27.104743759653658 ], [ 88.501794605384191, 27.104800265374724 ], [ 88.499304032079849, 27.104858459722681 ], [ 88.497033583480444, 27.104783379634025 ], [ 88.493603957512306, 27.104765724215028 ], [ 88.489216486766225, 27.104776194824243 ], [ 88.486660616497417, 27.104473792299771 ], [ 88.479827041867793, 27.10409009233884 ], [ 88.479009326789907, 27.102500978948878 ], [ 88.479158823766554, 27.100062197740744 ], [ 88.478504159338769, 27.098981371353961 ], [ 88.478780852487375, 27.095859735226679 ], [ 88.479185709443527, 27.09520103813276 ], [ 88.479780796004036, 27.094436529542868 ], [ 88.479991138318027, 27.093558724613274 ], [ 88.479973636999702, 27.092611105328455 ], [ 88.480239730331363, 27.091371644658242 ], [ 88.480183969840155, 27.090582396110232 ], [ 88.479940654462567, 27.090869299399564 ], [ 88.478912334559439, 27.091281813318233 ], [ 88.477671662247388, 27.091267783428997 ], [ 88.476494569030251, 27.091487770262631 ], [ 88.474918918328697, 27.091693875878693 ], [ 88.473055609469625, 27.092268562672093 ], [ 88.471877492341605, 27.092411793911737 ], [ 88.470383733459954, 27.091939989087425 ], [ 88.46888661426037, 27.091982724646378 ], [ 88.466957116480813, 27.092124741293112 ], [ 88.465730428291494, 27.091636556349254 ], [ 88.464692768570927, 27.091335951877348 ], [ 88.462902806521029, 27.090961932921619 ], [ 88.461269033900948, 27.090965390429794 ], [ 88.460142418962718, 27.091184697166945 ], [ 88.460475139465004, 27.091542237649293 ], [ 88.460975250553972, 27.09279184837682 ], [ 88.461208695367787, 27.094840386631379 ], [ 88.461497604381293, 27.096879863536646 ], [ 88.46197188791443, 27.09837501269832 ], [ 88.461972737661625, 27.098377692267029 ], [ 88.461985234671616, 27.098389034978432 ], [ 88.462628597396588, 27.098972949974137 ], [ 88.463914900350318, 27.099712203115622 ], [ 88.465181352014, 27.100807935603882 ], [ 88.466074647635395, 27.10193544307452 ], [ 88.466448418727509, 27.102738440615052 ], [ 88.466722429588359, 27.10491778969546 ], [ 88.466512059822719, 27.106592006351232 ], [ 88.466796271660286, 27.108879657309149 ], [ 88.46721647897435, 27.1110363543166 ], [ 88.467424339072153, 27.112394507748864 ], [ 88.467808254095189, 27.113737335720884 ], [ 88.467869323145578, 27.113950936611626 ], [ 88.468384391021061, 27.114816991258341 ], [ 88.468803363218115, 27.115322167144168 ], [ 88.470241626874866, 27.116548559674392 ], [ 88.471548898471426, 27.118045846532706 ], [ 88.472507831078033, 27.118916078853378 ], [ 88.473345659765101, 27.119804453865971 ], [ 88.474304572147375, 27.120570865316218 ], [ 88.475409887163977, 27.121707269630836 ], [ 88.476242596750836, 27.12230231289103 ], [ 88.476994283788386, 27.122626680182336 ], [ 88.47777607200014, 27.122815598092789 ], [ 88.479853569863863, 27.12252075283044 ], [ 88.481814761938764, 27.12188309897628 ], [ 88.48330679382596, 27.121196033705989 ], [ 88.48442923983707, 27.120832134950273 ], [ 88.484506663812013, 27.120807034309664 ], [ 88.485086690171585, 27.12091942055994 ], [ 88.485712341516617, 27.121194164010237 ], [ 88.486060969165877, 27.1218572740671 ], [ 88.48596541142517, 27.123806128891125 ], [ 88.485952107210721, 27.124077446596399 ], [ 88.486225295818173, 27.124893995351972 ], [ 88.486533501597705, 27.125466812865923 ], [ 88.487482015263168, 27.125917307862547 ], [ 88.488732808522926, 27.125965974338772 ], [ 88.489993418355795, 27.125834082671226 ], [ 88.491878673821176, 27.124948140409348 ], [ 88.494348944740977, 27.124057121298925 ], [ 88.49579070893644, 27.123523461310121 ], [ 88.4964360500162, 27.123410070846006 ], [ 88.497310854275469, 27.123702687416873 ], [ 88.497744437196658, 27.123815859991094 ], [ 88.497930834670214, 27.123964977066489 ], [ 88.498010144825798, 27.124021008409123 ], [ 88.498429650622811, 27.124317379631453 ], [ 88.498671425083671, 27.124579280212544 ], [ 88.498847512178656, 27.125021689803585 ], [ 88.499008262058354, 27.1255092170293 ], [ 88.49879407313432, 27.127656949358116 ], [ 88.498777314296547, 27.129055712148222 ], [ 88.498852413061897, 27.129588293398729 ], [ 88.499224668673207, 27.130396351905734 ], [ 88.499667976553127, 27.130911188896285 ], [ 88.499943829649794, 27.131175317023718 ], [ 88.500186815962394, 27.131407975680141 ], [ 88.500720938414702, 27.131855222815609 ], [ 88.50144667162742, 27.132356743885214 ], [ 88.501936127000448, 27.132723575915154 ], [ 88.502299872433298, 27.131676128079146 ], [ 88.50262473221936, 27.13107238173458 ], [ 88.504592937512854, 27.129255010134919 ], [ 88.505046822995126, 27.128117307238799 ], [ 88.504931029344704, 27.12700376262422 ], [ 88.505859504819242, 27.126276194191234 ], [ 88.506741004937126, 27.12543177655396 ], [ 88.506938386302593, 27.125104701058078 ], [ 88.506515188097822, 27.124766232200802 ], [ 88.505930994083357, 27.124081963131307 ] ], [ [ 88.473555290184137, 27.110581926286372 ], [ 88.473542315692612, 27.110452481504602 ], [ 88.47343529551938, 27.11029105521007 ], [ 88.473257623756538, 27.110136864416624 ], [ 88.473220138980594, 27.110021817884562 ], [ 88.473284830179651, 27.10989036565817 ], [ 88.47356913991382, 27.109813703324161 ], [ 88.473749504462376, 27.109735793467095 ], [ 88.473923908474688, 27.109533664842349 ], [ 88.474104207646974, 27.109390377104845 ], [ 88.474145230074853, 27.109540725066147 ], [ 88.474175241615256, 27.109775420814227 ], [ 88.474400885473159, 27.110019807394899 ], [ 88.474700590942831, 27.110161500324978 ], [ 88.475120036572108, 27.110332541868189 ], [ 88.475471188915648, 27.11053435199479 ], [ 88.475763359543606, 27.110730311963529 ], [ 88.475890306463356, 27.110961023709269 ], [ 88.475354522903842, 27.111247715707833 ], [ 88.475314476958545, 27.111495529037306 ], [ 88.475357863384744, 27.111669412897427 ], [ 88.475127884099848, 27.111770238022604 ], [ 88.474636206480071, 27.111784921071184 ], [ 88.474435392299213, 27.111853037164746 ], [ 88.474163925024115, 27.111928388074578 ], [ 88.474087310531488, 27.111811404938376 ], [ 88.474092885715152, 27.111543344574823 ], [ 88.47405592515436, 27.111368801130233 ], [ 88.4738385345712, 27.111206789392064 ], [ 88.473565171026152, 27.111133727937897 ], [ 88.473418496341807, 27.111029860043882 ], [ 88.473411882628426, 27.11083437872685 ], [ 88.47347250926309, 27.110727119700737 ], [ 88.473555290184137, 27.110581926286372 ] ], [ [ 88.475623891339922, 27.109390743412025 ], [ 88.47528886251267, 27.109310922273817 ], [ 88.475082502284508, 27.108961134807547 ], [ 88.474974138371621, 27.108501448781141 ], [ 88.474875683652371, 27.10814061203633 ], [ 88.474736494929957, 27.107684082922844 ], [ 88.4749505745107, 27.107334042670743 ], [ 88.475438018327623, 27.107070141852084 ], [ 88.475707136726214, 27.107113915556177 ], [ 88.476212023749824, 27.107490197161361 ], [ 88.476681683760205, 27.107670359056076 ], [ 88.477341820772025, 27.107731150314343 ], [ 88.47737068155746, 27.107863721912111 ], [ 88.477399544392028, 27.107996292457415 ], [ 88.477341189277709, 27.108501578984452 ], [ 88.477092358165294, 27.109126234977275 ], [ 88.476673337417182, 27.109140615561106 ], [ 88.476311726306548, 27.109106315550633 ], [ 88.475623891339922, 27.109390743412025 ] ], [ [ 88.468954811257717, 27.109400608512313 ], [ 88.468888381233384, 27.110810260659463 ], [ 88.468483179651571, 27.110232963549677 ], [ 88.468444353992922, 27.109797851763783 ], [ 88.468354339125042, 27.108788982113126 ], [ 88.468096116794996, 27.107824088086659 ], [ 88.46811637828462, 27.106989812898675 ], [ 88.468501268953474, 27.106427326325949 ], [ 88.468620048044826, 27.106243138002956 ], [ 88.468928107816083, 27.105765437415958 ], [ 88.469168754922975, 27.105835917391481 ], [ 88.469409400248651, 27.105906397104139 ], [ 88.46945493391955, 27.106199010120601 ], [ 88.469555079509689, 27.106842571577957 ], [ 88.469244910563319, 27.107373636181304 ], [ 88.469077584440399, 27.108294293343146 ], [ 88.468954811257717, 27.109400608512313 ] ], [ [ 88.462265012984489, 27.093270532610365 ], [ 88.4624234272666, 27.09277878607412 ], [ 88.464277059598459, 27.093748028651365 ], [ 88.464614147268307, 27.093924283344407 ], [ 88.463986668979643, 27.094292814836226 ], [ 88.462265012984489, 27.093270532610365 ] ] ] } },
{ "type": "Feature", "properties": { "District": "Kalimpong", "Dist_LGD": "327N001", "Sub_dist": "Lava", "Subdis_LGD": "2157", "Subdis_Typ": "Cd_Block", "Vill_name": "Paiyong Forest", "Vill_Cat": "Others", "Vill_LGD": "306293", "arr_project": "asha2" }, "geometry": { "type": "Polygon", "coordinates": [ [ [ 88.602939971169334, 27.149017468665875 ], [ 88.601576576483126, 27.145747450804485 ], [ 88.601167091982063, 27.144980371824289 ], [ 88.600471855859027, 27.142569242656474 ], [ 88.598763352774768, 27.140205760201606 ], [ 88.598503405667017, 27.138245490315132 ], [ 88.597643939229798, 27.136693714869903 ], [ 88.59652047596326, 27.135731650602278 ], [ 88.595000347193931, 27.13418737075461 ], [ 88.592064037954074, 27.132018268077324 ], [ 88.589831747136671, 27.130400763648357 ], [ 88.589388184425871, 27.129710755322499 ], [ 88.589252080723597, 27.129003723564903 ], [ 88.588292251857055, 27.128545213390115 ], [ 88.586791477248923, 27.12728494895573 ], [ 88.586360260567119, 27.126752750647615 ], [ 88.586181200178501, 27.124787018977656 ], [ 88.586825951265212, 27.12115112097344 ], [ 88.587264715347061, 27.120433076700404 ], [ 88.58733170647605, 27.119461981111897 ], [ 88.587187573304362, 27.119256002808061 ], [ 88.587814955192641, 27.118680246741757 ], [ 88.589208862323417, 27.117026187885724 ], [ 88.591083639971188, 27.114071380803257 ], [ 88.593331912418748, 27.110787364990252 ], [ 88.595598419260298, 27.107020195773128 ], [ 88.597557501402932, 27.103987627149156 ], [ 88.597899841908657, 27.102525970964972 ], [ 88.59920484845253, 27.100317707865088 ], [ 88.600574221780533, 27.098384006405791 ], [ 88.601287459527796, 27.097121211329338 ], [ 88.604337844678327, 27.093904612681882 ], [ 88.602946095520409, 27.094258984603908 ], [ 88.601345476461319, 27.094110246855173 ], [ 88.599437438355821, 27.093974015831705 ], [ 88.598222798212007, 27.093662884816531 ], [ 88.597053283915514, 27.093333179400908 ], [ 88.596094762466265, 27.092946907067574 ], [ 88.595258387522563, 27.09228393631896 ], [ 88.594353095887016, 27.091382542333236 ], [ 88.593558729238424, 27.090123339621393 ], [ 88.592774913952411, 27.089608693146577 ], [ 88.591350694850235, 27.08944881341969 ], [ 88.590238855208312, 27.089984930693742 ], [ 88.589551384811713, 27.090935970920572 ], [ 88.589135291256866, 27.093251442753871 ], [ 88.587821091835949, 27.09731916601967 ], [ 88.587427446530143, 27.098727223360896 ], [ 88.587464890695628, 27.099236792973233 ], [ 88.586784071859284, 27.099592001834459 ], [ 88.586411643135122, 27.10000239677759 ], [ 88.587228922163291, 27.102886135139581 ], [ 88.587806008634018, 27.105542408310587 ], [ 88.587786338292119, 27.105935278920612 ], [ 88.58741221161219, 27.106941440125354 ], [ 88.585840478747102, 27.107780597359373 ], [ 88.584369529173472, 27.108257543105164 ], [ 88.582139787957161, 27.109289120846256 ], [ 88.580948741032088, 27.109947922114117 ], [ 88.578781520486558, 27.111845283335239 ], [ 88.577931425798667, 27.112364828911062 ], [ 88.576702346684314, 27.112473408729475 ], [ 88.575394794325177, 27.112740821793352 ], [ 88.572433794047186, 27.112706303911597 ], [ 88.572267259450811, 27.112699142205557 ], [ 88.57227242802179, 27.112708110190891 ], [ 88.572667538577463, 27.113913230641174 ], [ 88.573333764323749, 27.114668503967692 ], [ 88.574656772645866, 27.115863220199493 ], [ 88.576296137203187, 27.117316139176552 ], [ 88.577778934172358, 27.116491644255763 ], [ 88.578129106141986, 27.116296931391474 ], [ 88.578047602743425, 27.116323188546556 ], [ 88.577946501508606, 27.116198890470379 ], [ 88.577808530487388, 27.116029264651992 ], [ 88.576845475971027, 27.115991073195918 ], [ 88.575810150563257, 27.115696869221171 ], [ 88.575787985298831, 27.11568898477281 ], [ 88.575096767026935, 27.115443111085938 ], [ 88.57475377480533, 27.115397172511038 ], [ 88.574612541057945, 27.115378255907864 ], [ 88.57458498115534, 27.115346178456125 ], [ 88.574524763456239, 27.115219048742876 ], [ 88.574473990168258, 27.115102869971082 ], [ 88.574354968713678, 27.114830531960695 ], [ 88.574355683536737, 27.114822352750227 ], [ 88.574342571359779, 27.114792350060586 ], [ 88.574402200633315, 27.114109921520498 ], [ 88.574725838253613, 27.113559003534753 ], [ 88.574993668318498, 27.113411557790073 ], [ 88.575565210360438, 27.113096906440063 ], [ 88.575828740884191, 27.113012011042237 ], [ 88.576457092654891, 27.112809588925181 ], [ 88.577044302502998, 27.11270232187989 ], [ 88.577303818289366, 27.112654914419323 ], [ 88.578200770937642, 27.112588150546134 ], [ 88.578872463115118, 27.112678102673289 ], [ 88.579215443289513, 27.112724032749021 ], [ 88.579928805316143, 27.11297777284809 ], [ 88.58096409942894, 27.113271949792971 ], [ 88.581927117183369, 27.113310119874928 ], [ 88.582295045276709, 27.113762453351235 ], [ 88.582386612374378, 27.114521475652911 ], [ 88.58236976158426, 27.114582905436418 ], [ 88.582176031827146, 27.11528912028918 ], [ 88.582124716065138, 27.115434635414005 ], [ 88.582100058992054, 27.115504557708597 ], [ 88.5820110201267, 27.115757040440556 ], [ 88.581985159163324, 27.115830376191948 ], [ 88.583028631961668, 27.116184320305972 ], [ 88.584573766846788, 27.116311317786629 ], [ 88.586153264041101, 27.116013669016301 ], [ 88.585504999569935, 27.11689655079196 ], [ 88.58520373041064, 27.117707815747483 ], [ 88.584754641213209, 27.118051374065313 ], [ 88.584476118263041, 27.118329822568111 ], [ 88.584088936832302, 27.118771971664525 ], [ 88.583709529784741, 27.119408100241859 ], [ 88.583011418084041, 27.119619064644798 ], [ 88.581115773095775, 27.12039412742115 ], [ 88.580087854503077, 27.120825425901852 ], [ 88.579816797942584, 27.120918739646733 ], [ 88.579959521654629, 27.121743051318223 ], [ 88.581014896359662, 27.123622206645912 ], [ 88.581783006755984, 27.125874672266381 ], [ 88.58249564859338, 27.128484299664635 ], [ 88.582313979924365, 27.130986660684627 ], [ 88.581585173355364, 27.132606086815681 ], [ 88.580681717859633, 27.133645272104641 ], [ 88.579260016377532, 27.135498147247176 ], [ 88.578186370889057, 27.135916410208647 ], [ 88.57740099383328, 27.136746640901517 ], [ 88.576044812246352, 27.138242206426092 ], [ 88.574518872745088, 27.139866032430394 ], [ 88.573339092124797, 27.141355080963606 ], [ 88.572436628574721, 27.142475443450323 ], [ 88.572104742914178, 27.142912429410924 ], [ 88.573064131721182, 27.143334946628958 ], [ 88.574575783354575, 27.143566222189076 ], [ 88.575817065177162, 27.143583882118055 ], [ 88.577202115035561, 27.143780443909797 ], [ 88.578509380131791, 27.144185474847099 ], [ 88.579968451697866, 27.144263832790944 ], [ 88.582570177922165, 27.144162307732017 ], [ 88.587107602417603, 27.143953107519021 ], [ 88.588258091128438, 27.143971684625988 ], [ 88.589176937072423, 27.144733037638378 ], [ 88.590679057710702, 27.145356891890874 ], [ 88.593956852145013, 27.147391248913866 ], [ 88.596536833632001, 27.148950558453325 ], [ 88.597060601094128, 27.148885926963818 ], [ 88.597261166203012, 27.149863002381117 ], [ 88.598570902405868, 27.152912528161014 ], [ 88.599177616080098, 27.153356932304749 ], [ 88.599909158656516, 27.153709644713494 ], [ 88.601629815004685, 27.153017553149152 ], [ 88.603299461567573, 27.151581352358647 ], [ 88.603706073837159, 27.151084769737434 ], [ 88.602939971169334, 27.149017468665875 ] ], [ [ 88.587021638464037, 27.112349615662151 ], [ 88.586088438368861, 27.112162852144095 ], [ 88.585893378790658, 27.11212381352815 ], [ 88.584488095982337, 27.112083487205613 ], [ 88.583379529836563, 27.111898415217627 ], [ 88.582313526353573, 27.111979927624983 ], [ 88.581148234732382, 27.112157253931688 ], [ 88.580567635554317, 27.11257374133157 ], [ 88.580325808519461, 27.112411427498518 ], [ 88.579849357661345, 27.112091630929235 ], [ 88.579645267370609, 27.111613503183001 ], [ 88.579961385066326, 27.111352678603634 ], [ 88.580201579615121, 27.110957063143569 ], [ 88.580305457805807, 27.111060444259692 ], [ 88.580776631656775, 27.111182567856755 ], [ 88.58132871650777, 27.11132566237557 ], [ 88.582248590730657, 27.111031042628785 ], [ 88.583219281337705, 27.11093084852315 ], [ 88.583742201198405, 27.110406208691835 ], [ 88.58454196815282, 27.110309386237944 ], [ 88.585361426434304, 27.110253314045778 ], [ 88.586194542480911, 27.110024678680322 ], [ 88.586806659781899, 27.109922951553425 ], [ 88.587327539747605, 27.109836386077461 ], [ 88.587634895630728, 27.110104158969651 ], [ 88.587770550011854, 27.110674905911189 ], [ 88.587756424349209, 27.111303905191839 ], [ 88.587894944111369, 27.111902880547511 ], [ 88.58799121216272, 27.112392120276205 ], [ 88.587021638464037, 27.112349615662151 ] ], [ [ 88.591174810925395, 27.103764510266885 ], [ 88.591341813176783, 27.103568988916198 ], [ 88.591189257299405, 27.103292370795103 ], [ 88.590772342041447, 27.103556483964486 ], [ 88.590518298066229, 27.103661157177754 ], [ 88.590466120590492, 27.103145980042346 ], [ 88.590619940892225, 27.102666579496589 ], [ 88.590701574904458, 27.102166109137382 ], [ 88.590947114793636, 27.10167010692486 ], [ 88.591294061600379, 27.101099456650051 ], [ 88.591760891013124, 27.100585359520327 ], [ 88.592111707111613, 27.100314367700637 ], [ 88.592357629919235, 27.100124403944566 ], [ 88.592734135534286, 27.099743235457641 ], [ 88.593018845544066, 27.099685310035248 ], [ 88.59330355541745, 27.099627385928994 ], [ 88.593531096604224, 27.099927157523801 ], [ 88.593289275385459, 27.100408513670136 ], [ 88.593246406385688, 27.100907354543281 ], [ 88.593254208530169, 27.101152983327008 ], [ 88.593265373893487, 27.101504398274972 ], [ 88.593323301997586, 27.101973814048961 ], [ 88.593210447483116, 27.102498899269655 ], [ 88.592839656915373, 27.102936528891128 ], [ 88.592628644674491, 27.103414705776572 ], [ 88.592501489123137, 27.103798648482893 ], [ 88.59231058605549, 27.104065572378943 ], [ 88.592309323471767, 27.104360451406414 ], [ 88.592657268483137, 27.104619265434881 ], [ 88.592461660454717, 27.105095850669045 ], [ 88.592266860913725, 27.105170641489778 ], [ 88.591912032844235, 27.1049719625065 ], [ 88.591499549897563, 27.104665138653175 ], [ 88.591127013396431, 27.104368451801736 ], [ 88.590903537214146, 27.10400645329155 ], [ 88.591174810925395, 27.103764510266885 ] ] ] } },
{ "type": "Feature", "properties": { "District": "Kalimpong", "Dist_LGD": "327N001", "Sub_dist": "Lava", "Subdis_LGD": "2157", "Subdis_Typ": "Cd_Block", "Vill_name": "Sangser Forest", "Vill_Cat": "Others", "Vill_LGD": "306296", "arr_project": "asha2" }, "geometry": { "type": "Polygon", "coordinates": [ [ [ 88.529843134659274, 27.148037139705423 ], [ 88.530210151506537, 27.146832612200139 ], [ 88.530234092782862, 27.145257224436875 ], [ 88.530163414715844, 27.144883394407543 ], [ 88.529888879824853, 27.144358336298623 ], [ 88.529011885367737, 27.143307276804361 ], [ 88.528941459270158, 27.142951495954549 ], [ 88.528896883281377, 27.141900392236188 ], [ 88.52865817013668, 27.141040958927608 ], [ 88.528856263998037, 27.140027831380959 ], [ 88.529318470318017, 27.139887396756507 ], [ 88.529958383486104, 27.139830777983605 ], [ 88.530656730083791, 27.139990155062321 ], [ 88.530704283805548, 27.139037338326201 ], [ 88.531161809978215, 27.138553942168386 ], [ 88.531697818689537, 27.137907211173363 ], [ 88.532175511919903, 27.137423591803845 ], [ 88.532801939327953, 27.1374889645279 ], [ 88.533590509673473, 27.137606722997788 ], [ 88.534588471303323, 27.137911744751083 ], [ 88.53561663873765, 27.138211915319513 ], [ 88.535976807265016, 27.138726997878241 ], [ 88.535967166405982, 27.139128783906674 ], [ 88.535699740563658, 27.139862857442381 ], [ 88.53584300937807, 27.14001022742189 ], [ 88.536401226478219, 27.139882259899764 ], [ 88.53941736132353, 27.13836435326126 ], [ 88.539750788395295, 27.13803122913837 ], [ 88.540896123522032, 27.136574420308609 ], [ 88.541779835859529, 27.135170122587336 ], [ 88.54444053763261, 27.132396819877812 ], [ 88.546794760869872, 27.129721624562531 ], [ 88.547446688851736, 27.129443646997142 ], [ 88.54805915411697, 27.128498139535179 ], [ 88.548624182527121, 27.126673070328593 ], [ 88.550803297498362, 27.122654797176892 ], [ 88.55200984174104, 27.119441575795307 ], [ 88.552403753277432, 27.118746694654295 ], [ 88.552868255065093, 27.117685460091362 ], [ 88.554144943370574, 27.115541085716352 ], [ 88.554713518255994, 27.114713382055047 ], [ 88.554551764098136, 27.114322520320986 ], [ 88.554096710624762, 27.113510658354144 ], [ 88.553119216358908, 27.112848997167653 ], [ 88.5525459583735, 27.112241533087957 ], [ 88.550612118214147, 27.111351218401044 ], [ 88.54973258556808, 27.11084190068172 ], [ 88.549218056654823, 27.110468463406878 ], [ 88.548769840884219, 27.109782877650872 ], [ 88.546784252513291, 27.108058125837474 ], [ 88.543632607809869, 27.10551571984896 ], [ 88.540814726536823, 27.103398339187745 ], [ 88.539850135928731, 27.102930507577714 ], [ 88.537116935563361, 27.100726368378954 ], [ 88.535026595413825, 27.098691166198961 ], [ 88.534357214479371, 27.098048564598354 ], [ 88.533686796639984, 27.097329246099711 ], [ 88.533464084532625, 27.09689840106536 ], [ 88.533409850957057, 27.096989259353052 ], [ 88.532401912723088, 27.098516718415294 ], [ 88.532334817121637, 27.099514886111237 ], [ 88.532511764901614, 27.102139685793222 ], [ 88.533136268907498, 27.105409512614472 ], [ 88.533790325724908, 27.107884675798463 ], [ 88.534033736448734, 27.10946166380106 ], [ 88.534188962449704, 27.1104889954138 ], [ 88.534135036041306, 27.110972504607556 ], [ 88.53370376289827, 27.111153231605119 ], [ 88.532692393367611, 27.111326749693088 ], [ 88.530222573774651, 27.111064827930726 ], [ 88.528708472971317, 27.110986535640954 ], [ 88.527758649251084, 27.111236073977814 ], [ 88.525844608713257, 27.112534138885767 ], [ 88.524239416515513, 27.113178914386285 ], [ 88.521184305693069, 27.11401991375925 ], [ 88.520132564955674, 27.11344908726128 ], [ 88.517663121175957, 27.112469327696733 ], [ 88.514816421022218, 27.111186687940609 ], [ 88.513631195052895, 27.110811322428564 ], [ 88.512228775202715, 27.110411203413818 ], [ 88.51092375065916, 27.110127368689263 ], [ 88.50928990276968, 27.109016608454194 ], [ 88.507437477218147, 27.108151891122649 ], [ 88.507544775849851, 27.109008268261231 ], [ 88.507140104080165, 27.109671552899094 ], [ 88.506427398026716, 27.110306547694712 ], [ 88.505486369675438, 27.110840180768243 ], [ 88.504362217461335, 27.11201214497094 ], [ 88.503913534712993, 27.113912539649682 ], [ 88.504028153470173, 27.114940346969338 ], [ 88.504689828104375, 27.116896549101615 ], [ 88.50474584311894, 27.117690290289534 ], [ 88.504879346993135, 27.118997718597196 ], [ 88.505065882895011, 27.119744927899653 ], [ 88.505540096573228, 27.120881710865838 ], [ 88.505458447548889, 27.122317815700942 ], [ 88.505930994083357, 27.124081963131307 ], [ 88.506515188097822, 27.124766232200802 ], [ 88.506938386302593, 27.125104701058078 ], [ 88.506741004937126, 27.12543177655396 ], [ 88.505859504819242, 27.126276194191234 ], [ 88.504931029344704, 27.12700376262422 ], [ 88.505046822995126, 27.128117307238799 ], [ 88.504592937512854, 27.129255010134919 ], [ 88.50262473221936, 27.13107238173458 ], [ 88.502299872433298, 27.131676128079146 ], [ 88.501936127000448, 27.132723575915154 ], [ 88.502399124047514, 27.133070577959945 ], [ 88.503265831020499, 27.133739107386152 ], [ 88.503759640358396, 27.134195347736238 ], [ 88.504142470993528, 27.134628855842386 ], [ 88.504812087878022, 27.135676346636171 ], [ 88.505346186722861, 27.136164104110868 ], [ 88.505930798093416, 27.136611329309137 ], [ 88.506732296730377, 27.137040698237989 ], [ 88.507050013946298, 27.137108687733896 ], [ 88.50772077928292, 27.137140840150078 ], [ 88.509541716760808, 27.137006993622375 ], [ 88.51014802300206, 27.137007507896417 ], [ 88.510560545843191, 27.137007858159901 ], [ 88.510772302073761, 27.136998990405232 ], [ 88.51119574211279, 27.137238511408246 ], [ 88.511513150919399, 27.137635873236885 ], [ 88.511875865145043, 27.138577224953782 ], [ 88.511980988750992, 27.138850052557228 ], [ 88.512489387435124, 27.139816105018372 ], [ 88.51304853369021, 27.140534100137511 ], [ 88.513240027626892, 27.140750839093059 ], [ 88.513683665611694, 27.140967748354011 ], [ 88.514529302222911, 27.141255704538377 ], [ 88.515463482323156, 27.141573812178986 ], [ 88.51624999331888, 27.141949036334559 ], [ 88.516925444445576, 27.142378172417185 ], [ 88.517091760291351, 27.142545261257741 ], [ 88.517686280081293, 27.143227108129675 ], [ 88.517937825193215, 27.143877096609547 ], [ 88.517926970048819, 27.144716413297342 ], [ 88.517960161010009, 27.145121995606726 ], [ 88.517979848337717, 27.145121092492595 ], [ 88.518102242102842, 27.145124478131777 ], [ 88.51836899990775, 27.145131855628332 ], [ 88.518433644044919, 27.145167687485277 ], [ 88.519342431516861, 27.145671429231129 ], [ 88.51953836104272, 27.145780030689622 ], [ 88.519784208777324, 27.145916300704098 ], [ 88.519952223008758, 27.146115746590567 ], [ 88.520694889728702, 27.146997330415374 ], [ 88.520612007498613, 27.147106125848538 ], [ 88.520411700571245, 27.147369062133681 ], [ 88.519725434787247, 27.147155708914571 ], [ 88.519362445078301, 27.146954022374103 ], [ 88.519003823765104, 27.146754760132527 ], [ 88.518935345205378, 27.146716711098147 ], [ 88.518550657256, 27.1465029648393 ], [ 88.518429626782719, 27.146435714325868 ], [ 88.518331350574471, 27.146381108061455 ], [ 88.518243063747505, 27.146431377105458 ], [ 88.518676931723235, 27.146888788430275 ], [ 88.51927107568423, 27.147515171359849 ], [ 88.520329603418446, 27.148287571971181 ], [ 88.520974877070771, 27.14871222894697 ], [ 88.521968407060612, 27.148916017078204 ], [ 88.523189006569254, 27.149047829618542 ], [ 88.524444775720056, 27.149265272810595 ], [ 88.525362831704939, 27.149297540983333 ], [ 88.526366605133532, 27.149266677888107 ], [ 88.526814351634215, 27.149191295022064 ], [ 88.526810303232423, 27.149177884672554 ], [ 88.526809764292835, 27.149177950712925 ], [ 88.526617601383748, 27.148688210163996 ], [ 88.526688115659525, 27.148229245244391 ], [ 88.526856867873391, 27.147843383517266 ], [ 88.527086927578267, 27.14780782757434 ], [ 88.527212029932073, 27.147788491632376 ], [ 88.527316985102487, 27.147772271405177 ], [ 88.527814666603703, 27.147816163561448 ], [ 88.528283305387518, 27.147958139504897 ], [ 88.528609867056758, 27.148364360376075 ], [ 88.528733039574917, 27.14868452349172 ], [ 88.528591182418509, 27.148940846189632 ], [ 88.528138359315008, 27.149001565834769 ], [ 88.529182964491739, 27.149122035576788 ], [ 88.529843134659274, 27.148037139705423 ] ], [ [ 88.511450655415345, 27.136969343226831 ], [ 88.511498927715138, 27.136453604906066 ], [ 88.51185844471479, 27.136285903974596 ], [ 88.511896851177198, 27.136164897238633 ], [ 88.511952048349542, 27.135990986739195 ], [ 88.511798514602418, 27.135626360362892 ], [ 88.511589134798939, 27.13541606405499 ], [ 88.511246620260764, 27.135262265547269 ], [ 88.511266566122032, 27.135035517443615 ], [ 88.511775172858407, 27.134904807180291 ], [ 88.512059166726473, 27.135018279957052 ], [ 88.512359398492421, 27.135215673752917 ], [ 88.512623318014121, 27.135503576060639 ], [ 88.512821225627903, 27.135857699044376 ], [ 88.512904702298499, 27.136235464872154 ], [ 88.512906856697086, 27.136514599262544 ], [ 88.513015339594602, 27.136818472065162 ], [ 88.513293296168186, 27.137194087903815 ], [ 88.513447181133259, 27.137308644305605 ], [ 88.513580946446851, 27.137408222599326 ], [ 88.513807996247394, 27.137526509029282 ], [ 88.514238473353075, 27.137750771160775 ], [ 88.514326438492361, 27.137907086075867 ], [ 88.514412380431068, 27.138059806510864 ], [ 88.514341619678845, 27.138194869158596 ], [ 88.514270858712933, 27.138329930836921 ], [ 88.514128686676543, 27.13836573335152 ], [ 88.513872114115074, 27.138430345631615 ], [ 88.513560142213493, 27.138361360768997 ], [ 88.513185026739066, 27.138245369480789 ], [ 88.513016712295283, 27.138300681107246 ], [ 88.51299028766762, 27.138309363526002 ], [ 88.512968032096083, 27.138668277615945 ], [ 88.512858219527104, 27.139059961489274 ], [ 88.512603712782408, 27.13917233825946 ], [ 88.512559969740067, 27.139191652681756 ], [ 88.512274873312094, 27.139131791339722 ], [ 88.512025475388256, 27.138717578656937 ], [ 88.51194268305504, 27.138411064389313 ], [ 88.511961549067138, 27.13826278857087 ], [ 88.511982530012233, 27.13809789401056 ], [ 88.511999456188619, 27.137686035072704 ], [ 88.511787015154624, 27.137380954297747 ], [ 88.511599608764868, 27.137312924517861 ], [ 88.511503176356385, 27.137277917879448 ], [ 88.511470284017534, 27.137084663572828 ], [ 88.511450655415345, 27.136969343226831 ] ], [ [ 88.503483553731343, 27.132751138163773 ], [ 88.50347268855613, 27.132488347265419 ], [ 88.50373617914056, 27.132475559113196 ], [ 88.503897439511562, 27.132530329370976 ], [ 88.504175844124347, 27.132665794930489 ], [ 88.504323321884058, 27.132893161523072 ], [ 88.504431655584227, 27.13319587067252 ], [ 88.504511290696286, 27.133522926785549 ], [ 88.504411602022088, 27.133654415580551 ], [ 88.504311912238521, 27.13378590618337 ], [ 88.503942958569169, 27.134066297463619 ], [ 88.503640272298426, 27.133963691749123 ], [ 88.503487125337486, 27.133770985893438 ], [ 88.503360357970919, 27.133384322749471 ], [ 88.503505886879637, 27.133205331822111 ], [ 88.503586913676997, 27.133004432592458 ], [ 88.503483553731343, 27.132751138163773 ] ], [ [ 88.512853357897839, 27.115585254637583 ], [ 88.512499959844106, 27.115400442197945 ], [ 88.512017080105423, 27.115321648070335 ], [ 88.511660768719494, 27.115572210895113 ], [ 88.511327967751285, 27.115592120834727 ], [ 88.51096676031267, 27.115329648665774 ], [ 88.510719020105782, 27.115034126290428 ], [ 88.510500479548725, 27.114564427575608 ], [ 88.510278704969664, 27.114294767922743 ], [ 88.509710951957686, 27.114146218902572 ], [ 88.5092776593265, 27.113941068809066 ], [ 88.509004070825867, 27.113698122850028 ], [ 88.509024647453629, 27.113360783756757 ], [ 88.509192459246762, 27.113093918744372 ], [ 88.509432069683101, 27.113076450942991 ], [ 88.509856943686586, 27.113275334102092 ], [ 88.510373897186497, 27.113692999421701 ], [ 88.510912344243664, 27.113937275910065 ], [ 88.511383646748968, 27.113746233047987 ], [ 88.511752237681904, 27.113772576568252 ], [ 88.511866020572953, 27.113974865511434 ], [ 88.512028066144779, 27.114115138538235 ], [ 88.51262472383182, 27.114396222983565 ], [ 88.513032133087151, 27.114111881621994 ], [ 88.513252989525554, 27.114217583576121 ], [ 88.513815766708049, 27.114316699461302 ], [ 88.51420978278, 27.113976671505906 ], [ 88.514570559254494, 27.113925353183674 ], [ 88.51508343752225, 27.113915469818462 ], [ 88.515479407219672, 27.113981783803339 ], [ 88.515587619352317, 27.114206036404433 ], [ 88.515349048676342, 27.114465909713402 ], [ 88.514896829582497, 27.114769125541677 ], [ 88.514825665492523, 27.114990405176282 ], [ 88.514725914213244, 27.115314476888685 ], [ 88.514420112599225, 27.115602651529269 ], [ 88.514098077870145, 27.115806905777294 ], [ 88.513738112450824, 27.115943730316818 ], [ 88.513230584337762, 27.115774750865306 ], [ 88.512853357897839, 27.115585254637583 ] ] ] } },
{ "type": "Feature", "properties": { "District": "Kalimpong", "Dist_LGD": "327N001", "Sub_dist": "Lava", "Subdis_LGD": "2157", "Subdis_Typ": "Cd_Block", "Vill_name": "Rangpo Forest", "Vill_Cat": "Others", "Vill_LGD": "306272", "arr_project": "asha2" }, "geometry": { "type": "Polygon", "coordinates": [ [ [ 88.561502339998128, 27.184024261109261 ], [ 88.562588637840051, 27.181579545989528 ], [ 88.565427024687452, 27.178122370763965 ], [ 88.565584516814567, 27.177836281992352 ], [ 88.565218145634944, 27.177619224580759 ], [ 88.561998360431005, 27.176156745393165 ], [ 88.557504649676261, 27.174888870725045 ], [ 88.554244083497267, 27.174112667675757 ], [ 88.549913602118281, 27.172594507902886 ], [ 88.548505180616345, 27.172190336652999 ], [ 88.547253305469695, 27.171427878886579 ], [ 88.546765470141651, 27.170814949290559 ], [ 88.546492289383039, 27.170032661329437 ], [ 88.547984156301496, 27.168441088966787 ], [ 88.55041862749809, 27.167511555278697 ], [ 88.550166924012331, 27.167189386234988 ], [ 88.549534650764883, 27.166347886351033 ], [ 88.548258795909078, 27.165305881027468 ], [ 88.546805267046921, 27.164184583911595 ], [ 88.545562041558853, 27.162943610173173 ], [ 88.544430842428511, 27.161408030290847 ], [ 88.543995572773468, 27.159476645108175 ], [ 88.54424414360011, 27.156639599302657 ], [ 88.544900792446668, 27.154493097155601 ], [ 88.545619504241444, 27.152458739565542 ], [ 88.546244296035127, 27.149834180341575 ], [ 88.546894148950827, 27.147565887363434 ], [ 88.547000817808552, 27.143222976799997 ], [ 88.546936705177487, 27.142230771060991 ], [ 88.546600900368063, 27.141291205279412 ], [ 88.546527187960137, 27.138868405891525 ], [ 88.546469460774247, 27.135407384967891 ], [ 88.547058516247105, 27.131659414764243 ], [ 88.547446688851736, 27.129443646997142 ], [ 88.546794760869872, 27.129721624562531 ], [ 88.54444053763261, 27.132396819877812 ], [ 88.541779835859529, 27.135170122587336 ], [ 88.540896123522032, 27.136574420308609 ], [ 88.539750788395295, 27.13803122913837 ], [ 88.53941736132353, 27.13836435326126 ], [ 88.536401226478219, 27.139882259899764 ], [ 88.53584300937807, 27.14001022742189 ], [ 88.535699740563658, 27.139862857442381 ], [ 88.535967166405982, 27.139128783906674 ], [ 88.535976807265016, 27.138726997878241 ], [ 88.53561663873765, 27.138211915319513 ], [ 88.534588471303323, 27.137911744751083 ], [ 88.533590509673473, 27.137606722997788 ], [ 88.532801939327953, 27.1374889645279 ], [ 88.532175511919903, 27.137423591803845 ], [ 88.531697818689537, 27.137907211173363 ], [ 88.531161809978215, 27.138553942168386 ], [ 88.530704283805548, 27.139037338326201 ], [ 88.530656730083791, 27.139990155062321 ], [ 88.529958383486104, 27.139830777983605 ], [ 88.529318470318017, 27.139887396756507 ], [ 88.528856263998037, 27.140027831380959 ], [ 88.52865817013668, 27.141040958927608 ], [ 88.528896883281377, 27.141900392236188 ], [ 88.528941459270158, 27.142951495954549 ], [ 88.529011885367737, 27.143307276804361 ], [ 88.529888879824853, 27.144358336298623 ], [ 88.530163414715844, 27.144883394407543 ], [ 88.530234092782862, 27.145257224436875 ], [ 88.530210151506537, 27.146832612200139 ], [ 88.529843134659274, 27.148037139705423 ], [ 88.529182964491739, 27.149122035576788 ], [ 88.529635427309017, 27.149174216641587 ], [ 88.530342545585484, 27.149354203371647 ], [ 88.531057549908681, 27.149536197300318 ], [ 88.53203586366746, 27.149821136818748 ], [ 88.532353546710439, 27.150060482462976 ], [ 88.532534897343425, 27.150335885938471 ], [ 88.532711065429552, 27.150800812230589 ], [ 88.532977548628693, 27.151798218005524 ], [ 88.533394345949091, 27.154041171564394 ], [ 88.533520063300898, 27.154564688879269 ], [ 88.533459188574369, 27.154961707822729 ], [ 88.533050187539075, 27.155403691709456 ], [ 88.532464703048163, 27.155809420418503 ], [ 88.531904493102445, 27.156093283030881 ], [ 88.530643068428688, 27.156444461011105 ], [ 88.529855983142639, 27.156637908240388 ], [ 88.528544350371391, 27.156682172180542 ], [ 88.527999262933875, 27.156966036091347 ], [ 88.52764076598595, 27.157398970235079 ], [ 88.527615141492234, 27.157859240082448 ], [ 88.52770541682041, 27.158486501791167 ], [ 88.528103509535882, 27.159419840361469 ], [ 88.52812320551152, 27.159466020703587 ], [ 88.528924246916503, 27.160702951444122 ], [ 88.530028043649594, 27.161894961262618 ], [ 88.530980537021009, 27.163023803372948 ], [ 88.531398743937686, 27.163682865595341 ], [ 88.531579873880673, 27.164228976961844 ], [ 88.531589690643941, 27.164526833561499 ], [ 88.531541734244541, 27.16469312723952 ], [ 88.531498633174181, 27.164842581854256 ], [ 88.531362219274101, 27.165140321153665 ], [ 88.531155013802305, 27.165501204599867 ], [ 88.530852166530067, 27.165731076384169 ], [ 88.530342402374842, 27.165906787994253 ], [ 88.528879183030583, 27.166158424579862 ], [ 88.527582312205837, 27.166509513948224 ], [ 88.527365180997791, 27.16675757959689 ], [ 88.527147993776481, 27.166942369645422 ], [ 88.526208732739789, 27.167965997826915 ], [ 88.525481724482489, 27.168583736844276 ], [ 88.525293281768356, 27.168764430564835 ], [ 88.524592987348626, 27.169435933611677 ], [ 88.523305515740063, 27.17046829266123 ], [ 88.522043395444868, 27.171369843279706 ], [ 88.521245465360479, 27.172231144243526 ], [ 88.520765512639116, 27.172889597475887 ], [ 88.521062616537264, 27.173453870899671 ], [ 88.521612268298796, 27.173774668435161 ], [ 88.522641443151457, 27.173933376650879 ], [ 88.524629289961112, 27.173889664969437 ], [ 88.525113745419574, 27.173808846047525 ], [ 88.526385248492829, 27.173760079677471 ], [ 88.527162288348947, 27.173679409190367 ], [ 88.528005091877517, 27.173418299015331 ], [ 88.528630918663978, 27.173143482662141 ], [ 88.529024675462566, 27.17287300002948 ], [ 88.529903064145032, 27.172372740004096 ], [ 88.530311837785177, 27.172219614637619 ], [ 88.530639833742867, 27.172174694368348 ], [ 88.530836543928388, 27.172174856947922 ], [ 88.530962694344467, 27.172174960768267 ], [ 88.531497328404086, 27.172414463581834 ], [ 88.532742373475628, 27.173791571169133 ], [ 88.533351934506697, 27.174874944950279 ], [ 88.533719565980121, 27.175727988216462 ], [ 88.534051933491256, 27.176400615623866 ], [ 88.534135027602161, 27.176662376852818 ], [ 88.534444504603442, 27.177637280009918 ], [ 88.53485259862255, 27.178377587437236 ], [ 88.535069170447628, 27.178892072366725 ], [ 88.535477592635218, 27.179176627950007 ], [ 88.535805460471849, 27.179334790715522 ], [ 88.536123299751779, 27.1793575767778 ], [ 88.536421126138379, 27.179208807450085 ], [ 88.537042066634555, 27.178753478125127 ], [ 88.537466183994368, 27.1783566276528 ], [ 88.538026658202909, 27.177901235150411 ], [ 88.538088267410515, 27.177855028099991 ], [ 88.538405283637488, 27.177617261745198 ], [ 88.53874354443613, 27.177297082557409 ], [ 88.539051446429681, 27.177184483960897 ], [ 88.539278418966916, 27.177198150007133 ], [ 88.539626478305905, 27.177378829782501 ], [ 88.539777700731847, 27.177609059391692 ], [ 88.539918382029782, 27.178277006202343 ], [ 88.54009390825901, 27.179666867362247 ], [ 88.540552158744092, 27.180822363734617 ], [ 88.540960462424749, 27.181427252234645 ], [ 88.541165457088312, 27.181721327081075 ], [ 88.541580399584106, 27.182316583254813 ], [ 88.542220841891677, 27.182795253459069 ], [ 88.542982482250963, 27.183183856207346 ], [ 88.544041943693756, 27.183342341110077 ], [ 88.54497041813633, 27.183275246670956 ], [ 88.546040310616178, 27.183077328574633 ], [ 88.547135401475884, 27.182847801754704 ], [ 88.548321213804385, 27.182690560563533 ], [ 88.549834846650725, 27.182817719115018 ], [ 88.55098013106101, 27.182985311763328 ], [ 88.551974075125784, 27.18309860685682 ], [ 88.552942644303229, 27.183442078846717 ], [ 88.553870741384173, 27.184011112411472 ], [ 88.555514809220924, 27.185266416850595 ], [ 88.556700546903599, 27.185452017657735 ], [ 88.558279765382395, 27.185610669321143 ], [ 88.559642185905858, 27.185624855291163 ], [ 88.561008262660309, 27.185653438678465 ], [ 88.561502339998128, 27.184024261109261 ] ], [ [ 88.525857979011832, 27.173411627451458 ], [ 88.52549244310805, 27.173648964411182 ], [ 88.525192774833087, 27.17345870626642 ], [ 88.524871981773757, 27.173213559971874 ], [ 88.524512507553453, 27.172893938525956 ], [ 88.524247826557755, 27.172664411692768 ], [ 88.524114087109893, 27.172342951912412 ], [ 88.523964589391554, 27.172029103283485 ], [ 88.523926243652923, 27.17194860128728 ], [ 88.523645170181254, 27.171556713903041 ], [ 88.523399084474818, 27.17112556102628 ], [ 88.523338531860702, 27.170740915939614 ], [ 88.523333893346489, 27.17071145477091 ], [ 88.523507394671114, 27.170501021423274 ], [ 88.523578504729713, 27.170493703786089 ], [ 88.524116477142258, 27.170438336702439 ], [ 88.524340330052922, 27.170572210821916 ], [ 88.524659684775571, 27.170803243537961 ], [ 88.524703134568938, 27.170813794297921 ], [ 88.524907247615559, 27.170863352370819 ], [ 88.525415866310553, 27.170811001150788 ], [ 88.525670525556734, 27.170784788002415 ], [ 88.526530463259348, 27.170660607027351 ], [ 88.527539024549867, 27.17054251850082 ], [ 88.527930082347169, 27.170480863739755 ], [ 88.528210892452165, 27.170715852332158 ], [ 88.528357207748314, 27.171007481740016 ], [ 88.528355744983273, 27.17137851654843 ], [ 88.528283469311347, 27.171742577252648 ], [ 88.528092691338628, 27.172090309460167 ], [ 88.527848655583966, 27.172450656428403 ], [ 88.527595212698373, 27.172640794812427 ], [ 88.527256960810362, 27.172839663710363 ], [ 88.526758933626752, 27.17307637814265 ], [ 88.525988202202001, 27.173312634131936 ], [ 88.525857979011832, 27.173411627451458 ] ], [ [ 88.531992400950713, 27.16649198795157 ], [ 88.531984999752396, 27.166053758423793 ], [ 88.532798142026209, 27.166071332916342 ], [ 88.532809912556374, 27.166114319483118 ], [ 88.532915049078625, 27.166498285500172 ], [ 88.532239627604952, 27.167080679677216 ], [ 88.531992400950713, 27.16649198795157 ] ], [ [ 88.53042877756863, 27.145974585004719 ], [ 88.53049285118631, 27.145612316379001 ], [ 88.530809807296237, 27.145859044668285 ], [ 88.531218204079167, 27.146304383654822 ], [ 88.531761952983189, 27.146496067024177 ], [ 88.53206973860334, 27.146844774803778 ], [ 88.532531564638731, 27.147119559786066 ], [ 88.532545715194686, 27.147127977927479 ], [ 88.532580699864099, 27.147148793636067 ], [ 88.53273724800691, 27.147380851833383 ], [ 88.532794406439265, 27.147465576634332 ], [ 88.532796992500565, 27.147491187976872 ], [ 88.532839544486208, 27.147912638855765 ], [ 88.532740370803481, 27.148076299132235 ], [ 88.532678211550802, 27.148178873868527 ], [ 88.532514238839084, 27.148611799275283 ], [ 88.532497928252539, 27.148628137694242 ], [ 88.532243111213333, 27.148883393219229 ], [ 88.531754288766649, 27.149248716187962 ], [ 88.531736083171452, 27.149255091436338 ], [ 88.531497902715373, 27.149338504207499 ], [ 88.531241517262089, 27.149428290827746 ], [ 88.530961093732373, 27.149389626715692 ], [ 88.530747874754155, 27.149360227482322 ], [ 88.530558712783488, 27.149244887634364 ], [ 88.530478306936075, 27.148809141302973 ], [ 88.530452038018851, 27.148666785211717 ], [ 88.530417966207295, 27.148482135202194 ], [ 88.530417453024896, 27.148472845696809 ], [ 88.530411538733276, 27.148365563169037 ], [ 88.530408458245375, 27.148309668766817 ], [ 88.530405965038597, 27.14826443075118 ], [ 88.530400795438482, 27.148170643734439 ], [ 88.530399949503973, 27.148155289301194 ], [ 88.530399387775361, 27.148145101074007 ], [ 88.530398705390169, 27.148132737364904 ], [ 88.530397778428096, 27.148115928959129 ], [ 88.530393111575677, 27.148031246945227 ], [ 88.530391423378475, 27.148000622577868 ], [ 88.530390946502621, 27.147991990309773 ], [ 88.530390842691787, 27.147990093802608 ], [ 88.530391211636072, 27.147988734197792 ], [ 88.530392928653427, 27.147982420934738 ], [ 88.530454288790324, 27.147756684322982 ], [ 88.530517734591783, 27.147523273839944 ], [ 88.530623756505634, 27.14713323624721 ], [ 88.530633896803479, 27.147095932526625 ], [ 88.53052632122585, 27.146507839452493 ], [ 88.53042877756863, 27.145974585004719 ] ] ] } },
{ "type": "Feature", "properties": { "District": "Kalimpong", "Dist_LGD": "327N001", "Sub_dist": "Kalimpong - I", "Subdis_LGD": "2156", "Subdis_Typ": "Cd_Block", "Vill_name": "Echhey Khasmahal", "Vill_Cat": "Forest_Village", "Vill_LGD": "306226", "arr_project": "asha2" }, "geometry": { "type": "Polygon", "coordinates": [ [ [ 88.513814624982217, 27.078349350646999 ], [ 88.513907513673274, 27.078387797893662 ], [ 88.514476749672653, 27.078490401932843 ], [ 88.515001550401351, 27.07858505691517 ], [ 88.515882549221161, 27.078966892669836 ], [ 88.516021976364726, 27.079027473576399 ], [ 88.516439228160024, 27.079193091936531 ], [ 88.517073600773415, 27.079398800336964 ], [ 88.517640603261981, 27.079706066169852 ], [ 88.518147444622841, 27.079928607505995 ], [ 88.518716521656017, 27.080136394442004 ], [ 88.519351521101541, 27.080229032368109 ], [ 88.520077329214828, 27.080364121738995 ], [ 88.520803318619002, 27.080471041458122 ], [ 88.521660641012389, 27.080749704877533 ], [ 88.522468574008329, 27.081058583578777 ], [ 88.52316251589049, 27.081470306919307 ], [ 88.523566206332589, 27.081784321228046 ], [ 88.524194583625686, 27.08224166661638 ], [ 88.524649074782076, 27.082426392425376 ], [ 88.525581654772182, 27.082941200977153 ], [ 88.525923888259129, 27.083214304651179 ], [ 88.526463281441025, 27.083544531702721 ], [ 88.527036031096728, 27.083802585926453 ], [ 88.527412537050935, 27.083974798177486 ], [ 88.527774803419632, 27.084118219445113 ], [ 88.528482851688054, 27.084420031117837 ], [ 88.528935952210361, 27.08457796665893 ], [ 88.529563485601543, 27.084953368035205 ], [ 88.529783504023015, 27.085174124660455 ], [ 88.530831953967976, 27.084426602321848 ], [ 88.531070642254051, 27.083845493856234 ], [ 88.531619119782022, 27.083177159748374 ], [ 88.532224480439751, 27.082610850756232 ], [ 88.532718460012262, 27.08214674938738 ], [ 88.533213735516767, 27.081654181482929 ], [ 88.533893603768902, 27.081133054743237 ], [ 88.534634277984651, 27.080612573476888 ], [ 88.535289959153076, 27.079948822677196 ], [ 88.535613446272833, 27.079544919909353 ], [ 88.536200313446088, 27.079039939278378 ], [ 88.536670986869794, 27.078736926700724 ], [ 88.536859438519286, 27.078593968707263 ], [ 88.537035646133546, 27.077781726440449 ], [ 88.537410207664976, 27.076780193168204 ], [ 88.538228789117554, 27.075065215145568 ], [ 88.539195745520686, 27.071665150750885 ], [ 88.539717813012274, 27.070761290014168 ], [ 88.539826214427649, 27.06983939154264 ], [ 88.540166367164062, 27.068905927965449 ], [ 88.539314875645204, 27.068206665144569 ], [ 88.53843273003622, 27.06784623038325 ], [ 88.537382891279677, 27.06738832875671 ], [ 88.536452313968283, 27.066802744567418 ], [ 88.535007906167323, 27.065505150143455 ], [ 88.533811195807147, 27.064254482614714 ], [ 88.53219689389924, 27.062692423717493 ], [ 88.531033934976605, 27.061324018179548 ], [ 88.530449273396272, 27.060590198849823 ], [ 88.530106006295043, 27.059813131741215 ], [ 88.529689343916388, 27.05919934145323 ], [ 88.529208507858158, 27.058685538702896 ], [ 88.529085111882566, 27.058136255591645 ], [ 88.529183858662151, 27.057611639261204 ], [ 88.529292441173851, 27.057068861429357 ], [ 88.527799630842637, 27.057391988930579 ], [ 88.527145495953761, 27.058225029993036 ], [ 88.526718474271689, 27.059078169092807 ], [ 88.526598425972011, 27.060636564566821 ], [ 88.526359174900122, 27.062327140710778 ], [ 88.52594801849348, 27.062864172944067 ], [ 88.525156766471326, 27.063626480131227 ], [ 88.524888812527237, 27.06431540922005 ], [ 88.523788766827323, 27.065730973633965 ], [ 88.522501210662512, 27.067076348303996 ], [ 88.520547104465464, 27.069092377793517 ], [ 88.518964428519098, 27.07061693225597 ], [ 88.51610159771856, 27.073676267467388 ], [ 88.514948384039798, 27.075651992078701 ], [ 88.513814624982217, 27.078349350646999 ] ] ] } },
{ "type": "Feature", "properties": { "District": "Kalimpong", "Dist_LGD": "327N001", "Sub_dist": "Pedong", "Subdis_LGD": "02157N001", "Subdis_Typ": "Cd_Block", "Vill_name": "Lingsay Khasmahal", "Vill_Cat": "Forest_Village", "Vill_LGD": "306282", "arr_project": "asha2" }, "geometry": { "type": "Polygon", "coordinates": [ [ [ 88.685387523857315, 27.179762090999045 ], [ 88.686729298258328, 27.1792425723708 ], [ 88.687546775465464, 27.179355039158924 ], [ 88.688051364676539, 27.179332266779021 ], [ 88.688641508929308, 27.179106368606863 ], [ 88.68960510884547, 27.178902866834655 ], [ 88.691532248445284, 27.178392134828059 ], [ 88.692177897486545, 27.178039819674961 ], [ 88.693186752290913, 27.177592675764874 ], [ 88.694039156431245, 27.177091362759384 ], [ 88.695461481849733, 27.176364183865125 ], [ 88.696606321668142, 27.175641612181568 ], [ 88.697917844238987, 27.175103942008882 ], [ 88.698679509045803, 27.174877912348769 ], [ 88.700243335557829, 27.174434916799303 ], [ 88.701337899174987, 27.174100404839944 ], [ 88.701731326475709, 27.173870069962046 ], [ 88.702063812117757, 27.173188541065198 ], [ 88.702597856453153, 27.171983401343642 ], [ 88.702940517949202, 27.171401123099326 ], [ 88.703701760500408, 27.170511748769112 ], [ 88.704488277421206, 27.169699055548325 ], [ 88.705163866776161, 27.169085015817402 ], [ 88.705441216397602, 27.16885472956114 ], [ 88.706409589202934, 27.168488679068091 ], [ 88.708583722315325, 27.168045207630396 ], [ 88.708951663567035, 27.167548626911888 ], [ 88.710121524700199, 27.166843967082201 ], [ 88.710832161309312, 27.165864372161899 ], [ 88.711557661718913, 27.164623017719713 ], [ 88.711870055998631, 27.164058780785552 ], [ 88.712202088875998, 27.162817621558233 ], [ 88.712479270575429, 27.162479102147792 ], [ 88.713094447030372, 27.162104140870941 ], [ 88.714097955734928, 27.161566568135907 ], [ 88.7150256814801, 27.160871056852674 ], [ 88.715620544629004, 27.160369790078743 ], [ 88.715988525460233, 27.160031146264497 ], [ 88.716139686094522, 27.159773860780785 ], [ 88.716078287874822, 27.158681832415652 ], [ 88.716254311506987, 27.158090640970315 ], [ 88.716914134406977, 27.156804122646477 ], [ 88.717054707833441, 27.155973815323588 ], [ 88.717003665356188, 27.155229252288226 ], [ 88.716911255508066, 27.153270925041156 ], [ 88.717001023112701, 27.151962226862999 ], [ 88.717000645215634, 27.151501994732353 ], [ 88.717392649570286, 27.149714830125962 ], [ 88.717558153333826, 27.148496367437307 ], [ 88.717557735772075, 27.147941361727874 ], [ 88.717707677081293, 27.146240016975554 ], [ 88.717846944930386, 27.14390707059658 ], [ 88.717799056767802, 27.143346454955843 ], [ 88.717805885143065, 27.143310391306443 ], [ 88.71644740004794, 27.141460540977405 ], [ 88.715061441028396, 27.141545179144359 ], [ 88.713865622401698, 27.141528195535237 ], [ 88.711021638186821, 27.141603514892786 ], [ 88.706727272784534, 27.141840838074771 ], [ 88.704653077650704, 27.14244822742328 ], [ 88.698063803223235, 27.145384862021757 ], [ 88.695012891221523, 27.145796327679008 ], [ 88.694831233706097, 27.146461940157501 ], [ 88.694366095292182, 27.14706327768485 ], [ 88.692503970293657, 27.148028976059965 ], [ 88.69193493961636, 27.148432986189192 ], [ 88.691862856495788, 27.149340977570034 ], [ 88.691320112080561, 27.150150843274346 ], [ 88.690310516239052, 27.150781296040947 ], [ 88.6896837102761, 27.150364619208304 ], [ 88.687518292104372, 27.149618945736982 ], [ 88.685334520489292, 27.149329277623018 ], [ 88.683614261174952, 27.149670356211264 ], [ 88.682128096995186, 27.150820956687987 ], [ 88.679903802697353, 27.152544514699606 ], [ 88.677964158118783, 27.153064161863266 ], [ 88.675739725810729, 27.153433740359119 ], [ 88.673816993357335, 27.154074981041685 ], [ 88.670340527822077, 27.154391708765299 ], [ 88.666530196204548, 27.154310653756141 ], [ 88.664337924568542, 27.154472069276775 ], [ 88.662594323839528, 27.154610080713802 ], [ 88.661417153603935, 27.154840654475187 ], [ 88.659779843686366, 27.156367403437542 ], [ 88.657999577425699, 27.15778299732483 ], [ 88.655786445843063, 27.159614369567592 ], [ 88.654649766174032, 27.162138265086533 ], [ 88.654912526992732, 27.162177736245859 ], [ 88.655406857759402, 27.162182194455259 ], [ 88.656325026070903, 27.16210528374506 ], [ 88.657318853852971, 27.16195165396212 ], [ 88.658151160589952, 27.161739361160226 ], [ 88.659220519465151, 27.161405204946618 ], [ 88.659411005330114, 27.161305027749545 ], [ 88.659709864480519, 27.161147857422094 ], [ 88.660259488623552, 27.160552035122304 ], [ 88.660400830307523, 27.16055659014458 ], [ 88.661798313087047, 27.160998391238014 ], [ 88.6623331413236, 27.161291632406265 ], [ 88.662842799592738, 27.161684005600545 ], [ 88.663180942011465, 27.162166777757051 ], [ 88.663468720394647, 27.162784906784264 ], [ 88.663806918456487, 27.163461647592928 ], [ 88.663988785292815, 27.164007649155284 ], [ 88.664246267383845, 27.164589669006467 ], [ 88.664498683019886, 27.165054408556738 ], [ 88.664766202546232, 27.165523572105506 ], [ 88.665190137505476, 27.166074009137262 ], [ 88.665861461412305, 27.167007914991132 ], [ 88.666154288794047, 27.16744094106058 ], [ 88.666330970572886, 27.167820015786649 ], [ 88.666835714264849, 27.168510204113375 ], [ 88.667214169211903, 27.168803387992533 ], [ 88.667577557151944, 27.169101172297509 ], [ 88.668051955859184, 27.169371731295833 ], [ 88.668319343629577, 27.169565681235387 ], [ 88.668627298609465, 27.169867913074192 ], [ 88.668960413722473, 27.170260376794911 ], [ 88.669167417085617, 27.170702540402008 ], [ 88.669419869455268, 27.171126652013832 ], [ 88.669727759827978, 27.171573299583333 ], [ 88.670171862767887, 27.171916058687085 ], [ 88.670747261232322, 27.172516030933348 ], [ 88.670843198483254, 27.172764190318208 ], [ 88.67101993949494, 27.17300335172019 ], [ 88.671272238657323, 27.173206322467955 ], [ 88.671983792320688, 27.173657269174857 ], [ 88.672357334472267, 27.173964035901484 ], [ 88.672973122331314, 27.174496271945753 ], [ 88.673659462620819, 27.175055644280597 ], [ 88.674043140076762, 27.175493163370195 ], [ 88.674482192318266, 27.175813401903785 ], [ 88.674793645054677, 27.176018561857042 ], [ 88.675461293497506, 27.176458356158992 ], [ 88.676031658010075, 27.176886779054261 ], [ 88.676183048813115, 27.177035704651885 ], [ 88.676682701822102, 27.177405487657108 ], [ 88.677444874744097, 27.178018902278364 ], [ 88.678010172470536, 27.178384194368576 ], [ 88.678565266391857, 27.178519349637771 ], [ 88.678812573790623, 27.178663694833499 ], [ 88.67936266718165, 27.178943235105322 ], [ 88.680336629719591, 27.179403179818653 ], [ 88.68097756020957, 27.179642090078129 ], [ 88.681461976522002, 27.179727625731395 ], [ 88.681774813503324, 27.179731996804321 ], [ 88.682783865255004, 27.179663928902091 ], [ 88.683419627253159, 27.179645555953115 ], [ 88.684065528657882, 27.179744579082701 ], [ 88.684509652134366, 27.179888805941481 ], [ 88.685059562627544, 27.179879580671233 ], [ 88.685387523857315, 27.179762090999045 ] ] ] } },
{ "type": "Feature", "properties": { "District": "Kalimpong", "Dist_LGD": "327N001", "Sub_dist": "Kalimpong - I", "Subdis_LGD": "2156", "Subdis_Typ": "Cd_Block", "Vill_name": "Samalbong Khasmahal", "Vill_Cat": "Forest_Village", "Vill_LGD": "306239", "arr_project": "asha2" }, "geometry": { "type": "Polygon", "coordinates": [ [ [ 88.506680731313423, 27.007038639405032 ], [ 88.504453789664367, 27.008190788611753 ], [ 88.502457358073514, 27.008871056216499 ], [ 88.501047923136724, 27.008222620168421 ], [ 88.500499600153887, 27.008291649655938 ], [ 88.498929063008518, 27.008412183182646 ], [ 88.497541332261591, 27.008639076263375 ], [ 88.495620877597645, 27.008591784198785 ], [ 88.493652548453767, 27.00873453589189 ], [ 88.493715816748022, 27.009708756387006 ], [ 88.493915191143316, 27.011448806885859 ], [ 88.494039648465971, 27.015143945957931 ], [ 88.49389314895275, 27.015497544080993 ], [ 88.497028963949759, 27.017125160810473 ], [ 88.500229767207998, 27.01908600119701 ], [ 88.503226719236196, 27.020489284878238 ], [ 88.504551264943515, 27.021183733571689 ], [ 88.505223659460981, 27.021722662649335 ], [ 88.506204749809328, 27.022357580341733 ], [ 88.507113341420848, 27.023223448256864 ], [ 88.507491238324519, 27.023973131967349 ], [ 88.508316587060122, 27.023887564206337 ], [ 88.508760523188215, 27.023544305370478 ], [ 88.508913202980622, 27.022901772164101 ], [ 88.509180505544137, 27.022163228713037 ], [ 88.50954329922881, 27.02215934007733 ], [ 88.510228241971589, 27.02250403455313 ], [ 88.510915751706136, 27.022663651925324 ], [ 88.511548467283433, 27.022494378549581 ], [ 88.512401011462273, 27.022182827774561 ], [ 88.513043011636782, 27.02195477466184 ], [ 88.514408455889992, 27.021935579976368 ], [ 88.515286665589485, 27.021659841949745 ], [ 88.516232262835814, 27.021148679145313 ], [ 88.517176934873618, 27.020944427737735 ], [ 88.518232513246232, 27.021118094572728 ], [ 88.519207777594573, 27.02131518814754 ], [ 88.520107400704646, 27.021133970107332 ], [ 88.520786410484106, 27.021036369767288 ], [ 88.522263066007071, 27.021417584358446 ], [ 88.522890301569959, 27.021591333592223 ], [ 88.524006401928332, 27.021394208974222 ], [ 88.524729539200777, 27.021205845868796 ], [ 88.525437009069776, 27.020977028228362 ], [ 88.52645900901426, 27.020902764066651 ], [ 88.527166167773672, 27.020651374116017 ], [ 88.527359991244694, 27.020450685353605 ], [ 88.527852105929242, 27.019204177277096 ], [ 88.528231590036057, 27.018572704665527 ], [ 88.528295686662901, 27.018468202121046 ], [ 88.528622522036429, 27.01767030734862 ], [ 88.529653919654521, 27.017176178030688 ], [ 88.530513266731347, 27.016629753105647 ], [ 88.531681910013347, 27.016224383937587 ], [ 88.53272562369159, 27.015897092902861 ], [ 88.533723617657145, 27.015543212087408 ], [ 88.533856652187751, 27.015320610235243 ], [ 88.533362533872406, 27.014928817822753 ], [ 88.532672429746768, 27.01420517200425 ], [ 88.532066987073932, 27.013778480664183 ], [ 88.53171813827646, 27.01332191598587 ], [ 88.531555524953163, 27.012849784563258 ], [ 88.530975431442684, 27.012061745602654 ], [ 88.530049320918366, 27.011024717417119 ], [ 88.528740021108831, 27.009969275797268 ], [ 88.527878775374134, 27.00888188091708 ], [ 88.526963429834495, 27.008264453864555 ], [ 88.526438101631115, 27.007796248309219 ], [ 88.525106545457859, 27.006953138558369 ], [ 88.523104939001016, 27.005742656375713 ], [ 88.521324862643127, 27.00451621079711 ], [ 88.520230712532907, 27.004460324793531 ], [ 88.519808860079394, 27.003814954986879 ], [ 88.519639148367119, 27.003559525123233 ], [ 88.518062056906047, 27.005810644213867 ], [ 88.516652579390623, 27.005162365947299 ], [ 88.516131968568544, 27.005041597427017 ], [ 88.515103247881925, 27.004980453940128 ], [ 88.513397940578557, 27.005567473292221 ], [ 88.512717201628178, 27.005529651590145 ], [ 88.511297353171742, 27.005987206362146 ], [ 88.509323121551517, 27.00643714715801 ], [ 88.506680731313423, 27.007038639405032 ] ] ] } },
{ "type": "Feature", "properties": { "District": "Kalimpong", "Dist_LGD": "327N001", "Sub_dist": "Kalimpong - I", "Subdis_LGD": "2156", "Subdis_Typ": "Cd_Block", "Vill_name": "Ramthi Forest", "Vill_Cat": "Others", "Vill_LGD": "306269", "arr_project": "asha2" }, "geometry": { "type": "Polygon", "coordinates": [ [ [ 88.610672162250808, 26.95018058556283 ], [ 88.610878704488073, 26.949830706151392 ], [ 88.610967764910498, 26.949364821327951 ], [ 88.611172956821846, 26.948920177426338 ], [ 88.611405314297002, 26.948615133020123 ], [ 88.611569037588822, 26.948441758374553 ], [ 88.611925384669206, 26.948356447257105 ], [ 88.612428589134097, 26.948328128358455 ], [ 88.612992536026098, 26.948321679598561 ], [ 88.613470563229995, 26.948293645261888 ], [ 88.613852983841568, 26.948271217168642 ], [ 88.614305255594047, 26.948202855347233 ], [ 88.614398545919158, 26.948034795607938 ], [ 88.61452528106102, 26.947739982948445 ], [ 88.614473790279845, 26.94730729913271 ], [ 88.614373041383359, 26.946951903702445 ], [ 88.613895254128451, 26.946289408137922 ], [ 88.613600666374182, 26.945760213261323 ], [ 88.613425294477338, 26.945468855970695 ], [ 88.613455334174674, 26.945102938113433 ], [ 88.613723972796606, 26.94451765288321 ], [ 88.613994538203301, 26.944067743293395 ], [ 88.614296018266714, 26.94366712460279 ], [ 88.614477684461022, 26.943340090537472 ], [ 88.614508942753176, 26.943059909745202 ], [ 88.614451134104513, 26.942537031825672 ], [ 88.614206195658596, 26.941957623971309 ], [ 88.614143353690409, 26.941434803321943 ], [ 88.61424970784168, 26.940770135233176 ], [ 88.614436297211199, 26.940081982783969 ], [ 88.614524437317911, 26.939552920856396 ], [ 88.614347529711011, 26.939153264417531 ], [ 88.613731502708816, 26.938681905593089 ], [ 88.61343104394517, 26.938446139135632 ], [ 88.613318246319409, 26.937950968195253 ], [ 88.613255090988304, 26.937405584120658 ], [ 88.613122156414263, 26.93691064426833 ], [ 88.612863804825324, 26.936448731288838 ], [ 88.612556327919052, 26.936073130169049 ], [ 88.612512840039102, 26.935847962542617 ], [ 88.612494141035967, 26.935595432608579 ], [ 88.612812571678589, 26.935325510056874 ], [ 88.613232683406807, 26.934770087117997 ], [ 88.613471092659253, 26.934185148316516 ], [ 88.613502570341296, 26.933566469320571 ], [ 88.613502080379448, 26.933178332731686 ], [ 88.613589579372842, 26.932604145640706 ], [ 88.613763498418933, 26.932087642981756 ], [ 88.613870017881283, 26.9317885486752 ], [ 88.613813184353518, 26.931333357940403 ], [ 88.613649726838887, 26.930816200371549 ], [ 88.613442246660242, 26.930389811262046 ], [ 88.613033647689619, 26.92998377375481 ], [ 88.611399828200859, 26.928752262542979 ], [ 88.610622259421845, 26.928246626082966 ], [ 88.609779800449729, 26.927425794957724 ], [ 88.609496954044346, 26.927009285614915 ], [ 88.609452617722539, 26.92636890528771 ], [ 88.609440153580849, 26.925845505708271 ], [ 88.609878692604298, 26.92481598697076 ], [ 88.610365480463116, 26.923993528122885 ], [ 88.610504227983611, 26.92348194298204 ], [ 88.610697645519181, 26.922920087743051 ], [ 88.610609409524926, 26.922379501300551 ], [ 88.610696340843077, 26.921764702420628 ], [ 88.610879431202378, 26.921184911417498 ], [ 88.611272794250681, 26.920521480937712 ], [ 88.611824931121348, 26.919693758012251 ], [ 88.612118951792453, 26.919126239074728 ], [ 88.612268620181013, 26.918321163534067 ], [ 88.612374649919389, 26.917633932951571 ], [ 88.612230396190327, 26.917048852572687 ], [ 88.612356176023482, 26.91633431718401 ], [ 88.612354407478534, 26.915147341636647 ], [ 88.612303746552186, 26.914416767659482 ], [ 88.612113297861001, 26.913769028671421 ], [ 88.611616951048859, 26.913206021935949 ], [ 88.610813526143886, 26.912289966696537 ], [ 88.610562046235344, 26.911597789424412 ], [ 88.610605847660025, 26.911136933307354 ], [ 88.611126621591254, 26.910584881761221 ], [ 88.611678553613757, 26.910100173399925 ], [ 88.612480779795291, 26.909869860594075 ], [ 88.613546926722279, 26.909789979864421 ], [ 88.6144879407301, 26.90976116886765 ], [ 88.615391792481589, 26.909597376861853 ], [ 88.615661417270687, 26.909440839840645 ], [ 88.616012606939563, 26.909355581067327 ], [ 88.616635686960564, 26.908919684625008 ], [ 88.617230636903628, 26.908276498001523 ], [ 88.617725168848281, 26.907652511711454 ], [ 88.618000670946998, 26.907202539409717 ], [ 88.618426785641233, 26.906723760051403 ], [ 88.618890783509755, 26.906077554389395 ], [ 88.619391681814704, 26.905548267877052 ], [ 88.620287751890459, 26.905194978413533 ], [ 88.621123516108597, 26.905578037988455 ], [ 88.620932724143273, 26.905159822674332 ], [ 88.62058027918944, 26.904387262740837 ], [ 88.620580028449837, 26.904387096003624 ], [ 88.620097062869291, 26.904066858711527 ], [ 88.619559462786697, 26.903925876856949 ], [ 88.619236336435563, 26.903841138762338 ], [ 88.618843832419245, 26.903534313352932 ], [ 88.619199999853492, 26.903209223745773 ], [ 88.620233054146738, 26.902266303169458 ], [ 88.619951201443342, 26.901620977139245 ], [ 88.619689503620918, 26.901061442943018 ], [ 88.619342230146373, 26.900614638778841 ], [ 88.619266828757077, 26.899612921079729 ], [ 88.617983416525419, 26.89885919965079 ], [ 88.616483594959178, 26.898326657053154 ], [ 88.615924974709259, 26.898060356853943 ], [ 88.615331118825736, 26.897482678870222 ], [ 88.614656889889318, 26.896349969607495 ], [ 88.614262855382776, 26.895591981655379 ], [ 88.613977697872869, 26.895043431178877 ], [ 88.612956116383543, 26.893078216033942 ], [ 88.612629053475445, 26.892243289433889 ], [ 88.612457984494455, 26.891936441785482 ], [ 88.612176150272049, 26.891769507743408 ], [ 88.611548671061229, 26.891694403223468 ], [ 88.61134581441442, 26.891670121927763 ], [ 88.610215297013497, 26.891637978675917 ], [ 88.610212260041237, 26.891637892026921 ], [ 88.608316105984812, 26.891583968706762 ], [ 88.607958753159011, 26.891543355575582 ], [ 88.607973913264175, 26.891177876310262 ], [ 88.60805442873658, 26.890970249020803 ], [ 88.608393297873548, 26.890429110598841 ], [ 88.608393383900022, 26.890428971418423 ], [ 88.60849240488028, 26.890270844780076 ], [ 88.608457268313671, 26.89008583806023 ], [ 88.60845721123205, 26.889882740373292 ], [ 88.608064815458377, 26.889251011601477 ], [ 88.60776792906411, 26.888844763137133 ], [ 88.607536775427548, 26.888705078673272 ], [ 88.606809562163988, 26.889106851115613 ], [ 88.606795163441632, 26.889114805934572 ], [ 88.605330885268273, 26.8905712031405 ], [ 88.605148636453791, 26.891209650581875 ], [ 88.604617604309922, 26.892456845964947 ], [ 88.604231550105936, 26.892921589786077 ], [ 88.603649594108987, 26.893415636635915 ], [ 88.602868548879727, 26.89371335478965 ], [ 88.602586518287723, 26.894059567611567 ], [ 88.602380804468226, 26.894820138993978 ], [ 88.602312378663058, 26.895321893274293 ], [ 88.602025564487306, 26.89568621192716 ], [ 88.601389050205285, 26.896239542029186 ], [ 88.600594788895819, 26.896672797998917 ], [ 88.599861363158595, 26.897136953668802 ], [ 88.599458446811724, 26.897836569183958 ], [ 88.599028316395675, 26.898748616834204 ], [ 88.598778938240471, 26.899270471923952 ], [ 88.59810801669046, 26.90060046845926 ], [ 88.59773712146864, 26.901430602350938 ], [ 88.596988726054818, 26.902265005019437 ], [ 88.595774466552925, 26.902906085269024 ], [ 88.595044849640516, 26.903645485779656 ], [ 88.594561983440514, 26.904391125173436 ], [ 88.594139601418561, 26.904784039790098 ], [ 88.593432051155176, 26.904945480447005 ], [ 88.592303594920907, 26.905247063056823 ], [ 88.591487928327297, 26.905955823523364 ], [ 88.590678297438672, 26.906736727005441 ], [ 88.589602892257531, 26.907592830436826 ], [ 88.589401259176739, 26.907933600091571 ], [ 88.589105526666344, 26.908744814299578 ], [ 88.588822385891746, 26.90973641785828 ], [ 88.588484185701319, 26.910751209176428 ], [ 88.588002006361094, 26.911550978279401 ], [ 88.587294105186842, 26.912050891633509 ], [ 88.586551199888007, 26.91220818280069 ], [ 88.58522992011838, 26.912408073057605 ], [ 88.584684143707221, 26.912621813928972 ], [ 88.584268557415115, 26.913145510718707 ], [ 88.583612982618234, 26.913789245629527 ], [ 88.582837219536444, 26.914479460193053 ], [ 88.582202393884145, 26.914807022691566 ], [ 88.581189018736197, 26.915066611689507 ], [ 88.58092039769366, 26.915299800013905 ], [ 88.580705510516651, 26.915776106074436 ], [ 88.580430969747013, 26.916307239988189 ], [ 88.580123457373759, 26.916640155640078 ], [ 88.57944808697458, 26.916950108442457 ], [ 88.578832869566668, 26.91724133125793 ], [ 88.578459656869313, 26.917556924627263 ], [ 88.578330082454016, 26.918014220865231 ], [ 88.57813097166229, 26.918539993600501 ], [ 88.577914549809591, 26.919269060450297 ], [ 88.578255849078019, 26.919554096546982 ], [ 88.578774214258786, 26.9202614061094 ], [ 88.578830766120177, 26.921068659411254 ], [ 88.579190128699494, 26.921565617695421 ], [ 88.579586746403265, 26.922206586315706 ], [ 88.580331104212519, 26.922870739105644 ], [ 88.581182764196171, 26.92328545222172 ], [ 88.582021527724677, 26.923497205306766 ], [ 88.582948265419802, 26.92351840576924 ], [ 88.583901867023911, 26.923300093748381 ], [ 88.585023978435188, 26.92289032410098 ], [ 88.585950457398241, 26.922893454912391 ], [ 88.586350745904483, 26.923074002323055 ], [ 88.58683996362555, 26.92349275398028 ], [ 88.587332470287691, 26.924146159543227 ], [ 88.587744602809067, 26.924452943185287 ], [ 88.588216390841481, 26.924704892924819 ], [ 88.58884810043854, 26.925230353280412 ], [ 88.588795126075723, 26.925402455724925 ], [ 88.587098463440014, 26.925773586173939 ], [ 88.585045359380459, 26.926220913777076 ], [ 88.584777225922437, 26.926490210980099 ], [ 88.584321569986486, 26.927032412440127 ], [ 88.584166343828642, 26.927814959351789 ], [ 88.583891289272856, 26.928309998692548 ], [ 88.583156338809999, 26.929044891018869 ], [ 88.58192479337464, 26.930277300244729 ], [ 88.581360301689983, 26.931321690934102 ], [ 88.581015435856926, 26.932589285213076 ], [ 88.580437833559799, 26.934139312075622 ], [ 88.580046694303149, 26.9353397234031 ], [ 88.58000314302457, 26.935466583688324 ], [ 88.580427068890529, 26.935534048098077 ], [ 88.581371151800539, 26.936069581031376 ], [ 88.582542622961341, 26.936300164234193 ], [ 88.584335396683798, 26.936668188417997 ], [ 88.585919986242999, 26.936912155637771 ], [ 88.587133837212946, 26.937291163088471 ], [ 88.589391101318128, 26.938461776830287 ], [ 88.591155428955275, 26.938951891160709 ], [ 88.592705655074028, 26.939972457240351 ], [ 88.593523576116354, 26.940482249157348 ], [ 88.595087821754447, 26.941064838107064 ], [ 88.595555516805931, 26.940662378795903 ], [ 88.597074193623357, 26.939440143670936 ], [ 88.599198996045587, 26.937994385096605 ], [ 88.600465985698065, 26.937853643973494 ], [ 88.602830033669605, 26.93695122704279 ], [ 88.603507812131653, 26.936808126013354 ], [ 88.603578185246789, 26.939646183692943 ], [ 88.604056144827183, 26.942461553013242 ], [ 88.604233097497925, 26.943222285735647 ], [ 88.604436329126543, 26.944415993833072 ], [ 88.604486963254871, 26.945146570161906 ], [ 88.604919935185308, 26.945493680077409 ], [ 88.605346276067579, 26.945728032375516 ], [ 88.606666316578313, 26.945771673590983 ], [ 88.60790521945988, 26.945775609565771 ], [ 88.609160031136028, 26.945481475871944 ], [ 88.609767358320781, 26.945339148340391 ], [ 88.610748563748373, 26.94528281308801 ], [ 88.611071813619887, 26.946411952630946 ], [ 88.611108191877079, 26.947553394613706 ], [ 88.610824110786766, 26.948824869641847 ], [ 88.609906759114153, 26.949832776650855 ], [ 88.609506656571099, 26.95038345013878 ], [ 88.609768688020054, 26.950393999040312 ], [ 88.610327225605104, 26.950360542659883 ], [ 88.610672162250808, 26.95018058556283 ] ] ] } },
{ "type": "Feature", "properties": { "District": "Kalimpong", "Dist_LGD": "327N001", "Sub_dist": "Kalimpong - I", "Subdis_LGD": "2156", "Subdis_Typ": "Cd_Block", "Vill_name": "Gulling Forest", "Vill_Cat": "Others", "Vill_LGD": "306262", "arr_project": "asha2" }, "geometry": { "type": "Polygon", "coordinates": [ [ [ 88.44926669345314, 26.965277926566305 ], [ 88.452356772587322, 26.965070102765388 ], [ 88.454808508314116, 26.965360766767624 ], [ 88.456924383054172, 26.965776721634196 ], [ 88.458361810924842, 26.966312501246883 ], [ 88.458377151996828, 26.966330395662467 ], [ 88.458402101548174, 26.966312084579496 ], [ 88.45829039959429, 26.964679369776078 ], [ 88.458153094149452, 26.962622654848523 ], [ 88.457927603195927, 26.961149087051766 ], [ 88.458132184125191, 26.959043700657315 ], [ 88.458309664514147, 26.957963149058656 ], [ 88.459132621190761, 26.956943622428938 ], [ 88.460092697454158, 26.956012938758327 ], [ 88.461983874765096, 26.955031978743431 ], [ 88.463346991848425, 26.95450330742969 ], [ 88.464291769571304, 26.95395188531241 ], [ 88.464762063132397, 26.953319631418335 ], [ 88.465137342515973, 26.951961697127516 ], [ 88.466197644004552, 26.950610183106477 ], [ 88.46687314814362, 26.94988100571101 ], [ 88.467595542263055, 26.949273202042693 ], [ 88.467952434897938, 26.948831682823805 ], [ 88.467100197867566, 26.948357610591209 ], [ 88.466337381194734, 26.947787821941358 ], [ 88.464919192879492, 26.947166161062299 ], [ 88.463930475939492, 26.947041023086019 ], [ 88.463085226701494, 26.946715796657656 ], [ 88.461746561244269, 26.946400193766529 ], [ 88.460820347195224, 26.94604419973545 ], [ 88.459831619699457, 26.945526360799953 ], [ 88.458972041731798, 26.945259933025859 ], [ 88.457591857142674, 26.945238094576524 ], [ 88.456144645256103, 26.945095070992007 ], [ 88.455896515039043, 26.944989309392962 ], [ 88.455411826326497, 26.944502342876092 ], [ 88.455088848072364, 26.943666168695383 ], [ 88.45462528954171, 26.94286303940757 ], [ 88.454753080476209, 26.94261799379569 ], [ 88.455156766333516, 26.941896188176727 ], [ 88.455024740333343, 26.941419121788339 ], [ 88.454428136178677, 26.940843037101537 ], [ 88.453412221999173, 26.94016294573607 ], [ 88.452467854886905, 26.939563352844651 ], [ 88.45176714697044, 26.939507377191521 ], [ 88.451220964988238, 26.939720615949177 ], [ 88.450905816264054, 26.940279015933587 ], [ 88.450634125137427, 26.941085208144788 ], [ 88.450500134845285, 26.941240044279297 ], [ 88.449951736760582, 26.941674462069908 ], [ 88.448983956184264, 26.942000350374609 ], [ 88.447957090331002, 26.942037974595547 ], [ 88.446890768905362, 26.941746512599458 ], [ 88.445886803325322, 26.941210675259335 ], [ 88.44459539957171, 26.941038852891364 ], [ 88.443895433320293, 26.941041504895004 ], [ 88.442931166960776, 26.941503757205933 ], [ 88.444428978273493, 26.943627775632159 ], [ 88.444897919956915, 26.944755676257319 ], [ 88.4450039647149, 26.945346758865679 ], [ 88.444898638196008, 26.94593350662123 ], [ 88.444707622266947, 26.946475094801741 ], [ 88.44432027912589, 26.947039366106583 ], [ 88.443691233873707, 26.947725535613504 ], [ 88.442926330628779, 26.948461477937521 ], [ 88.44197028798348, 26.949517842324397 ], [ 88.441698588224796, 26.949973773434884 ], [ 88.441472265909198, 26.950759332845461 ], [ 88.441402146037532, 26.951002716666402 ], [ 88.440909589403645, 26.952650025596103 ], [ 88.440799413250687, 26.953697014574143 ], [ 88.440634879945847, 26.956544534884532 ], [ 88.440499922354022, 26.958336050366764 ], [ 88.439846082891421, 26.959780361359613 ], [ 88.438612973502387, 26.960985769948454 ], [ 88.438276320291919, 26.961172871188008 ], [ 88.437329167412912, 26.961699264535859 ], [ 88.436669558484638, 26.961844010185033 ], [ 88.435904092278335, 26.961672802085459 ], [ 88.435629298938821, 26.961565531901872 ], [ 88.435501173132366, 26.961762841562727 ], [ 88.434846913547872, 26.962202795761108 ], [ 88.433021057102636, 26.963597977733603 ], [ 88.431631796228785, 26.964469653648464 ], [ 88.430499770466355, 26.965370300996494 ], [ 88.429783586799346, 26.966095209895311 ], [ 88.42833918544585, 26.967391682142296 ], [ 88.427247850477102, 26.968327999686839 ], [ 88.427106683899041, 26.968717589130939 ], [ 88.429951783641556, 26.968643622717575 ], [ 88.433429142061897, 26.968378119650453 ], [ 88.436738665232099, 26.967590678783477 ], [ 88.438740374646585, 26.96695191775596 ], [ 88.439640571177463, 26.966441733020229 ], [ 88.442084033963027, 26.966082762724216 ], [ 88.445246303828668, 26.96560806072015 ], [ 88.44926669345314, 26.965277926566305 ] ] ] } },
{ "type": "Feature", "properties": { "District": "Kalimpong", "Dist_LGD": "327N001", "Sub_dist": "Kalimpong - I", "Subdis_LGD": "2156", "Subdis_Typ": "Cd_Block", "Vill_name": "Pabringtar Khasmahal", "Vill_Cat": "Forest_Village", "Vill_LGD": "306246", "arr_project": "asha2" }, "geometry": { "type": "Polygon", "coordinates": [ [ [ 88.531320123047195, 26.947945490195178 ], [ 88.531296637337064, 26.948829281997089 ], [ 88.531286317802056, 26.949075665255222 ], [ 88.527644058655795, 26.950815771232115 ], [ 88.527641070149485, 26.95081877536629 ], [ 88.526611587240396, 26.95185378968608 ], [ 88.525732510349968, 26.952737576329952 ], [ 88.524929390221402, 26.954314404704498 ], [ 88.524816721391275, 26.955535439694884 ], [ 88.524458546814884, 26.957163796690537 ], [ 88.523063658158435, 26.958553356620598 ], [ 88.521747174464437, 26.959126555585048 ], [ 88.520396936392387, 26.960114102968937 ], [ 88.519486456095279, 26.960911099698968 ], [ 88.518334172392997, 26.962114084359492 ], [ 88.517848830735176, 26.962924458271299 ], [ 88.517106871972686, 26.964345852573317 ], [ 88.517062288246592, 26.967724070352805 ], [ 88.518654980668231, 26.96779718821767 ], [ 88.519574321144518, 26.967990384239613 ], [ 88.520700218585105, 26.967811248216947 ], [ 88.521944132835941, 26.967418700405137 ], [ 88.523667936638645, 26.966754667160881 ], [ 88.525822078408027, 26.967002170055522 ], [ 88.527019878070277, 26.967300622778925 ], [ 88.528665983594522, 26.968718032861027 ], [ 88.530413678478482, 26.971312307154694 ], [ 88.532974161125011, 26.976262715982742 ], [ 88.533444364559898, 26.977133192130257 ], [ 88.533734150397564, 26.977328625870012 ], [ 88.534484823814864, 26.976963900290929 ], [ 88.536202402303886, 26.976949702691748 ], [ 88.537560963375398, 26.97683559418277 ], [ 88.538203703286911, 26.97631405893155 ], [ 88.539420735148568, 26.976165371096425 ], [ 88.540392808738432, 26.975784655058479 ], [ 88.542951658638643, 26.975404624583433 ], [ 88.544492002229234, 26.975324566802751 ], [ 88.547432084486971, 26.97519753794224 ], [ 88.549161429910527, 26.975309427416004 ], [ 88.550416444327837, 26.975728907265843 ], [ 88.551910848549397, 26.976339812827408 ], [ 88.552758161472923, 26.976781813791654 ], [ 88.554183239996419, 26.976377959850634 ], [ 88.554758767826257, 26.976836484787523 ], [ 88.555983047201607, 26.976850054003904 ], [ 88.557045724868829, 26.976468224656461 ], [ 88.557998207802925, 26.976498318886097 ], [ 88.559051299380471, 26.976518266077417 ], [ 88.560574284728091, 26.976275745332721 ], [ 88.561351667895295, 26.97639350785138 ], [ 88.561420523507621, 26.977367622336303 ], [ 88.561243273935744, 26.978759687633289 ], [ 88.560924494172866, 26.980117215334698 ], [ 88.560403864700803, 26.981815474893722 ], [ 88.561058836245948, 26.981456181683679 ], [ 88.56283408512202, 26.980872340722353 ], [ 88.563302713668548, 26.979788460619822 ], [ 88.563173386333617, 26.978449440228378 ], [ 88.563110734887687, 26.977561011564056 ], [ 88.563361173689103, 26.975269982309875 ], [ 88.563250978487389, 26.974950758984402 ], [ 88.562988043114601, 26.973784725721909 ], [ 88.56367534723681, 26.973217451154476 ], [ 88.564660713195806, 26.97234898494246 ], [ 88.566534708893755, 26.970540897101792 ], [ 88.567370216304212, 26.970129923899041 ], [ 88.567678234717675, 26.968366306064496 ], [ 88.567243867530465, 26.964643135343994 ], [ 88.567264436868626, 26.963582277063605 ], [ 88.569319358641124, 26.961031960319382 ], [ 88.57256744592901, 26.958089193931173 ], [ 88.573017885484035, 26.956071231268645 ], [ 88.570569855777975, 26.956775515551971 ], [ 88.568374546772048, 26.957910228215258 ], [ 88.566826170612032, 26.958482581265862 ], [ 88.564099044521612, 26.959772077194653 ], [ 88.562605907371832, 26.958511361050387 ], [ 88.560262747489062, 26.954042028692367 ], [ 88.559219337578355, 26.951417780859451 ], [ 88.556935083796191, 26.951212837665231 ], [ 88.55292892624945, 26.950309206005016 ], [ 88.550871235544861, 26.950097154436929 ], [ 88.54916182689054, 26.950310015677132 ], [ 88.546823845876489, 26.95206880515229 ], [ 88.545874725376734, 26.954114735350633 ], [ 88.544388652431181, 26.956306453644206 ], [ 88.543350991231151, 26.957035438336121 ], [ 88.542367104403851, 26.956906288624705 ], [ 88.541611916104245, 26.956557993451039 ], [ 88.539780365579148, 26.956316230107966 ], [ 88.538829224117634, 26.95600165075901 ], [ 88.53789203020871, 26.955601159230724 ], [ 88.537323026658555, 26.954497075791323 ], [ 88.536946153265689, 26.952704864549741 ], [ 88.536596428660673, 26.952541682322579 ], [ 88.535509977352504, 26.952273686549511 ], [ 88.534894348526805, 26.952185607931398 ], [ 88.53448035009221, 26.951738777014114 ], [ 88.534017086156382, 26.950629013688861 ], [ 88.533508783077295, 26.949167696799311 ], [ 88.533038095290166, 26.9482520863058 ], [ 88.532722718499841, 26.947276111893235 ], [ 88.531426970202062, 26.947913032709913 ], [ 88.531320123047195, 26.947945490195178 ] ] ] } },
{ "type": "Feature", "properties": { "District": "Kalimpong", "Dist_LGD": "327N001", "Sub_dist": "Lava", "Subdis_LGD": "2157", "Subdis_Typ": "Cd_Block", "Vill_name": "Mansong Cinchona Plantation", "Vill_Cat": "Rural", "Vill_LGD": "306274", "arr_project": "asha2" }, "geometry": { "type": "Polygon", "coordinates": [ [ [ 88.574194008995818, 27.18469019454291 ], [ 88.574593663530294, 27.180086776015937 ], [ 88.574375384607407, 27.17819820294649 ], [ 88.575398113329456, 27.176999750108006 ], [ 88.576461760149954, 27.175123852402049 ], [ 88.576842239759287, 27.174189859295979 ], [ 88.577705611980747, 27.173864225851826 ], [ 88.579916964154918, 27.173943134101869 ], [ 88.580839809138368, 27.173183546722552 ], [ 88.582634339319881, 27.172332882217052 ], [ 88.585152676646828, 27.171641004225044 ], [ 88.58860831067598, 27.170505204325643 ], [ 88.589668311156075, 27.169816217905414 ], [ 88.591940636126964, 27.168152164819084 ], [ 88.594450911669654, 27.165483450398892 ], [ 88.595497203432828, 27.163481247378112 ], [ 88.596258471779919, 27.161662807695592 ], [ 88.596964695068806, 27.158459448878983 ], [ 88.597672116597053, 27.157115497822655 ], [ 88.598952513269055, 27.155264052886483 ], [ 88.599314593172991, 27.154826661627297 ], [ 88.599364202254861, 27.154767425800209 ], [ 88.599909158656516, 27.153709644713494 ], [ 88.599177616080098, 27.153356932304749 ], [ 88.598570902405868, 27.152912528161014 ], [ 88.597261166203012, 27.149863002381117 ], [ 88.597060601094128, 27.148885926963818 ], [ 88.596536833632001, 27.148950558453325 ], [ 88.593956852145013, 27.147391248913866 ], [ 88.590679057710702, 27.145356891890874 ], [ 88.589176937072423, 27.144733037638378 ], [ 88.588258091128438, 27.143971684625988 ], [ 88.587107602417603, 27.143953107519021 ], [ 88.582570177922165, 27.144162307732017 ], [ 88.579968451697866, 27.144263832790944 ], [ 88.578509380131791, 27.144185474847099 ], [ 88.577202115035561, 27.143780443909797 ], [ 88.575817065177162, 27.143583882118055 ], [ 88.574575783354575, 27.143566222189076 ], [ 88.573064131721182, 27.143334946628958 ], [ 88.572104742914178, 27.142912429410924 ], [ 88.567735030199501, 27.146824616530246 ], [ 88.566367504726699, 27.148248010430731 ], [ 88.564484228559294, 27.151040130734941 ], [ 88.561809621485352, 27.153895197618596 ], [ 88.560556679939793, 27.155588053661472 ], [ 88.558675525099957, 27.157824954242379 ], [ 88.558116807381481, 27.158648051942659 ], [ 88.557573813351837, 27.159150536432048 ], [ 88.556657083966968, 27.159991141585525 ], [ 88.555583889139172, 27.163013361824923 ], [ 88.554245553542614, 27.164747733369278 ], [ 88.55395005225499, 27.165635596822977 ], [ 88.553353086554623, 27.166617064255146 ], [ 88.552970744136175, 27.167429162817832 ], [ 88.552761156784399, 27.167598473206272 ], [ 88.551251832425905, 27.167556502269697 ], [ 88.55041862749809, 27.167511555278697 ], [ 88.547984156301496, 27.168441088966787 ], [ 88.546492289383039, 27.170032661329437 ], [ 88.546765470141651, 27.170814949290559 ], [ 88.547253305469695, 27.171427878886579 ], [ 88.548505180616345, 27.172190336652999 ], [ 88.549913602118281, 27.172594507902886 ], [ 88.554244083497267, 27.174112667675757 ], [ 88.557504649676261, 27.174888870725045 ], [ 88.561998360431005, 27.176156745393165 ], [ 88.565218145634944, 27.177619224580759 ], [ 88.565584516814567, 27.177836281992352 ], [ 88.565427024687452, 27.178122370763965 ], [ 88.562588637840051, 27.181579545989528 ], [ 88.561502339998128, 27.184024261109261 ], [ 88.561008262660309, 27.185653438678465 ], [ 88.561630182982427, 27.185666451687499 ], [ 88.562467785431821, 27.185698371363703 ], [ 88.563164171637169, 27.185599440642029 ], [ 88.564133139692686, 27.185302047004704 ], [ 88.565068067416036, 27.18509081407306 ], [ 88.566106348062249, 27.184856230072601 ], [ 88.566631160069804, 27.184766151212624 ], [ 88.567206388300804, 27.184766401892194 ], [ 88.567791647880526, 27.184906536639303 ], [ 88.56856850964347, 27.185236246323939 ], [ 88.569940714104064, 27.185805434919885 ], [ 88.570325075685133, 27.18595822782197 ], [ 88.571292702968108, 27.186342883113682 ], [ 88.571903272329891, 27.186487500955131 ], [ 88.572846704997858, 27.18662323708811 ], [ 88.573502727569974, 27.186739770786133 ], [ 88.573655825576239, 27.186257795987135 ], [ 88.574194008995818, 27.18469019454291 ] ] ] } },
{ "type": "Feature", "properties": { "District": "Kalimpong", "Dist_LGD": "327N001", "Sub_dist": "Lava", "Subdis_LGD": "2157", "Subdis_Typ": "Cd_Block", "Vill_name": "Rissium Forest", "Vill_Cat": "Others", "Vill_LGD": "306289", "arr_project": "asha2" }, "geometry": { "type": "Polygon", "coordinates": [ [ [ 88.639351191707647, 27.103794980712472 ], [ 88.640357246642665, 27.103620763935407 ], [ 88.641714654321135, 27.104024629575232 ], [ 88.643886916029771, 27.103593044814659 ], [ 88.642851444871013, 27.102788280463713 ], [ 88.642020529254822, 27.102522693091839 ], [ 88.640745563870624, 27.101892209385973 ], [ 88.638885196963443, 27.100884927445758 ], [ 88.636926790687085, 27.100415825217901 ], [ 88.634237767943077, 27.099291762784155 ], [ 88.63327416920761, 27.098567324081493 ], [ 88.631479086412355, 27.09648956193945 ], [ 88.629605820098817, 27.094579666780746 ], [ 88.628637212594569, 27.093155710881536 ], [ 88.627597152859053, 27.091321877064154 ], [ 88.625754176961877, 27.09010208862809 ], [ 88.625054705482555, 27.090200442950355 ], [ 88.623624338297958, 27.090316266099265 ], [ 88.622774331864278, 27.090465991761892 ], [ 88.621245206342223, 27.090727353012259 ], [ 88.618692108314804, 27.090964389816151 ], [ 88.616448933777193, 27.091364803943808 ], [ 88.614378263337969, 27.092191953924079 ], [ 88.613358814722375, 27.092483478604375 ], [ 88.613051467218185, 27.092500547226617 ], [ 88.611233939347926, 27.092697413339096 ], [ 88.610397012429303, 27.093059034876973 ], [ 88.609227786888582, 27.093104021679419 ], [ 88.608914813486663, 27.093080527191859 ], [ 88.608143108482579, 27.093066793848315 ], [ 88.606262014334703, 27.09340423165861 ], [ 88.60568039065123, 27.093636538986896 ], [ 88.605127277910313, 27.093746662632736 ], [ 88.605734371420795, 27.094592718599969 ], [ 88.608356065682301, 27.097383479116843 ], [ 88.609250271973252, 27.098203665852882 ], [ 88.610635443648263, 27.098445045600826 ], [ 88.611745124855588, 27.098463912980627 ], [ 88.613520028396167, 27.099156623580111 ], [ 88.614826296478554, 27.099520722632697 ], [ 88.616198558089323, 27.099563616056106 ], [ 88.616466237053785, 27.099592128629535 ], [ 88.617112989065802, 27.100031489662332 ], [ 88.619338635082357, 27.100854332214148 ], [ 88.620866723887133, 27.101211304128284 ], [ 88.622801047181937, 27.101062604824932 ], [ 88.622891477960223, 27.101038995352777 ], [ 88.624061843369844, 27.100718575961366 ], [ 88.625259260054563, 27.100176689244208 ], [ 88.62604922203046, 27.100054718851023 ], [ 88.627459115499661, 27.10060705259961 ], [ 88.629514195035981, 27.101485864273723 ], [ 88.631434346937496, 27.102447446779003 ], [ 88.632492198103719, 27.103062486957171 ], [ 88.633706168217302, 27.10331465055782 ], [ 88.634835015636199, 27.103608412694967 ], [ 88.635808360772174, 27.104305646968079 ], [ 88.636833557950879, 27.104406534297258 ], [ 88.639351191707647, 27.103794980712472 ] ], [ [ 88.628435835579879, 27.100212709935551 ], [ 88.628985083102734, 27.100001349764334 ], [ 88.629517644237026, 27.100136348267203 ], [ 88.63004724498137, 27.100497445120716 ], [ 88.63005743228112, 27.100852907638544 ], [ 88.629827890734191, 27.10101928546333 ], [ 88.629401911182327, 27.101039627165417 ], [ 88.628751429011643, 27.100893070816884 ], [ 88.62847288469851, 27.100577277094146 ], [ 88.628435835579879, 27.100212709935551 ] ] ] } },
{ "type": "Feature", "properties": { "District": "Kalimpong", "Dist_LGD": "327N001", "Sub_dist": "Gorubathan", "Subdis_LGD": "2158", "Subdis_Typ": "Cd_Block", "Vill_name": "Westnar Forest", "Vill_Cat": "Others", "Vill_LGD": "306327", "arr_project": "asha2" }, "geometry": { "type": "Polygon", "coordinates": [ [ [ 88.69582092348189, 27.072259734860094 ], [ 88.694390198971334, 27.072665110755263 ], [ 88.693591934056428, 27.072886843847307 ], [ 88.692834194523115, 27.073121624690025 ], [ 88.691972428181501, 27.07347950575274 ], [ 88.691538731036147, 27.073471185729169 ], [ 88.690931823938982, 27.073343093692415 ], [ 88.690408066548571, 27.072708534072184 ], [ 88.689747882073149, 27.072053045337043 ], [ 88.689274102360059, 27.071724770296321 ], [ 88.688274223039841, 27.07060399265238 ], [ 88.687134217671144, 27.06921410381899 ], [ 88.686524679806567, 27.068571529701369 ], [ 88.685618440254274, 27.067977641784335 ], [ 88.684650308948605, 27.06728971426897 ], [ 88.683679844822052, 27.066782329643885 ], [ 88.682829011498498, 27.066183246165025 ], [ 88.682070054794821, 27.065659781111904 ], [ 88.680537582536488, 27.064649114582391 ], [ 88.679107554864231, 27.063745523102678 ], [ 88.677392613795789, 27.062664789693166 ], [ 88.67644567743595, 27.062039732177208 ], [ 88.674698667844453, 27.060832979460663 ], [ 88.673780282120887, 27.061110186074178 ], [ 88.672839503116379, 27.061577205881957 ], [ 88.672340844199141, 27.061944186183432 ], [ 88.671612855557342, 27.062823873841079 ], [ 88.670946522829695, 27.063102580880997 ], [ 88.67038790369368, 27.063506373155864 ], [ 88.669915565945999, 27.063949756415255 ], [ 88.669379907289724, 27.064542821562174 ], [ 88.668837799162674, 27.065041186867319 ], [ 88.668659821671966, 27.065277982110832 ], [ 88.66788144410377, 27.065481280587889 ], [ 88.666903018575454, 27.065452265102881 ], [ 88.66525709676425, 27.065625212984962 ], [ 88.664306071630762, 27.065744786931184 ], [ 88.663783206684712, 27.065841238333824 ], [ 88.662437498275409, 27.065861666635186 ], [ 88.660926386821544, 27.065947220988544 ], [ 88.659277064649473, 27.066232967991205 ], [ 88.657985132779501, 27.066139892460217 ], [ 88.657053723025271, 27.066223080551918 ], [ 88.656248056234062, 27.066286731420622 ], [ 88.654714379009178, 27.066553010248715 ], [ 88.653487630060837, 27.06677955886499 ], [ 88.652304109841367, 27.067204167787505 ], [ 88.651446674669771, 27.067864134365784 ], [ 88.6508205148222, 27.068137761563058 ], [ 88.650274736258794, 27.068392391586585 ], [ 88.649819220723685, 27.068614369164909 ], [ 88.649972749504698, 27.068770528014859 ], [ 88.650721240588695, 27.069276241458898 ], [ 88.651157042257609, 27.06942908441226 ], [ 88.651929833756071, 27.069528322727077 ], [ 88.65279116183946, 27.069820581245168 ], [ 88.654093402571405, 27.070613120248282 ], [ 88.655332257044392, 27.071207814166339 ], [ 88.657363636006366, 27.072212877585667 ], [ 88.659036695495047, 27.073190547930054 ], [ 88.659577192217256, 27.073603889944302 ], [ 88.660219503144972, 27.074083725181637 ], [ 88.660968074599765, 27.074589380100047 ], [ 88.661780853328409, 27.075004009091579 ], [ 88.662503900775505, 27.075487391023835 ], [ 88.663039711881254, 27.075923339556834 ], [ 88.663825545138295, 27.075877936938891 ], [ 88.664862282496159, 27.075752833852 ], [ 88.665572568284873, 27.075712828821839 ], [ 88.666321907928847, 27.076268089065152 ], [ 88.66703226418349, 27.076914069869154 ], [ 88.667438803652757, 27.077130392245508 ], [ 88.667868145106596, 27.07718396887239 ], [ 88.668611089407207, 27.07730603326079 ], [ 88.669284064134303, 27.077469541419152 ], [ 88.670094170701915, 27.077360631050869 ], [ 88.670527750775989, 27.077359992356396 ], [ 88.671331724032726, 27.077517421158166 ], [ 88.672676545287828, 27.077767699405562 ], [ 88.67480103883895, 27.077557366061097 ], [ 88.677133604526134, 27.078116260419037 ], [ 88.680649663358253, 27.078922730376284 ], [ 88.682184009067456, 27.079707708616457 ], [ 88.683845363874994, 27.080892814169768 ], [ 88.685208498192154, 27.081688835331303 ], [ 88.685320414438664, 27.081755189347842 ], [ 88.686765994777403, 27.081995095409074 ], [ 88.689092033767622, 27.081773098684078 ], [ 88.690807220968779, 27.081499744700455 ], [ 88.69128644171218, 27.082522962838965 ], [ 88.692755081695182, 27.084630945140955 ], [ 88.694750509544022, 27.086895028983129 ], [ 88.697051557614913, 27.089358479049434 ], [ 88.698708431737103, 27.091229437099813 ], [ 88.700924626002035, 27.093071038618373 ], [ 88.702796211490337, 27.094460959629277 ], [ 88.704684920484681, 27.095313592889539 ], [ 88.70730222588422, 27.096992263316295 ], [ 88.707806371610772, 27.097649555333899 ], [ 88.70818323723114, 27.097229771890476 ], [ 88.708760230028716, 27.096374302315176 ], [ 88.709134621302539, 27.095792078120443 ], [ 88.70968018634953, 27.094860264726112 ], [ 88.710272486292197, 27.094018141777482 ], [ 88.710863028147102, 27.093392665099334 ], [ 88.7111123231644, 27.09287514168431 ], [ 88.711672812115765, 27.092263566210981 ], [ 88.712076836643703, 27.091310904084722 ], [ 88.71236045202906, 27.090729776762021 ], [ 88.712427972907335, 27.090196414230263 ], [ 88.711761174385543, 27.088457986743631 ], [ 88.711339390395153, 27.087578564900497 ], [ 88.7109108579359, 27.086586397183762 ], [ 88.71055986995448, 27.085719649889295 ], [ 88.710414408349124, 27.084773677779314 ], [ 88.70989711482747, 27.083579498680056 ], [ 88.709915166119586, 27.082775955066573 ], [ 88.7098215607528, 27.081924124779295 ], [ 88.709930114573751, 27.080771974107169 ], [ 88.709982698839696, 27.079918366467524 ], [ 88.710444480318245, 27.079118449100079 ], [ 88.710651885249234, 27.078168181619102 ], [ 88.711560190579888, 27.076893468895783 ], [ 88.712382513160875, 27.076265164724862 ], [ 88.713532164595023, 27.075944267911627 ], [ 88.714725087907226, 27.075816896250828 ], [ 88.715802623492237, 27.07572702724724 ], [ 88.716441617762896, 27.075642503940429 ], [ 88.717174477514618, 27.075101014305361 ], [ 88.717813347591843, 27.074678007897354 ], [ 88.719185330594797, 27.073731547729668 ], [ 88.719994462277967, 27.073234241438609 ], [ 88.720976970556123, 27.072536233831457 ], [ 88.721978111599384, 27.0717387040525 ], [ 88.722768853262437, 27.071029494903097 ], [ 88.724085165113792, 27.070074644792342 ], [ 88.725124582005137, 27.069145747110468 ], [ 88.725751855633476, 27.06862807483304 ], [ 88.72581647681902, 27.068239160149723 ], [ 88.725764615477303, 27.067486118408205 ], [ 88.725717999950064, 27.066746549661815 ], [ 88.725647905888053, 27.065461191892382 ], [ 88.725265597194408, 27.063209358798883 ], [ 88.725209320173249, 27.06183808185488 ], [ 88.725063844604136, 27.060237733811881 ], [ 88.724916303720093, 27.058502018001988 ], [ 88.725116654515247, 27.057429968213061 ], [ 88.725396739984376, 27.056627721120872 ], [ 88.725576854737298, 27.055551404611577 ], [ 88.725455414862481, 27.054862398344511 ], [ 88.723642043253321, 27.052966582375671 ], [ 88.721904886861523, 27.05077645867263 ], [ 88.721258553825294, 27.049710261209398 ], [ 88.720259418712146, 27.048314405677328 ], [ 88.719077585990803, 27.046835028443137 ], [ 88.717853958268805, 27.045256862052316 ], [ 88.716540852696056, 27.043427042605973 ], [ 88.715742686266083, 27.042313023294728 ], [ 88.715014843712979, 27.041514056399272 ], [ 88.714763400337517, 27.041219257997064 ], [ 88.714530261582652, 27.040802383176583 ], [ 88.714252185698555, 27.040413133085185 ], [ 88.713552445090698, 27.039139941817979 ], [ 88.713040876261175, 27.037977283035215 ], [ 88.712040323531696, 27.039131270035345 ], [ 88.711566159365475, 27.039768870359687 ], [ 88.710913841606242, 27.040291295075313 ], [ 88.710554540105861, 27.040859799111839 ], [ 88.71041795984965, 27.041159322719388 ], [ 88.710576522623597, 27.041644808091178 ], [ 88.710961078947648, 27.042741323811832 ], [ 88.711480087219527, 27.04406185814101 ], [ 88.711591265861898, 27.045409916035354 ], [ 88.711858023536763, 27.04638149504693 ], [ 88.711890725214701, 27.046543567793528 ], [ 88.71181427257801, 27.046819795915354 ], [ 88.711862190460067, 27.04732016493687 ], [ 88.712522824223413, 27.048007138227348 ], [ 88.713149116814805, 27.048423741256332 ], [ 88.713943946106923, 27.049316673652498 ], [ 88.71451300069738, 27.049946082973548 ], [ 88.715024608129411, 27.050774765078977 ], [ 88.715621442697298, 27.051241358900828 ], [ 88.715927155527908, 27.051788225375738 ], [ 88.716218601225975, 27.052059966029756 ], [ 88.716350702984769, 27.052460017379531 ], [ 88.71621556913891, 27.052854302934318 ], [ 88.715821145499078, 27.053102820948116 ], [ 88.715134349719136, 27.053350389892209 ], [ 88.713450176212774, 27.053641699543821 ], [ 88.712209796944322, 27.053616186627931 ], [ 88.710906845704443, 27.053785487191988 ], [ 88.710106859672806, 27.054214930896382 ], [ 88.709810111100609, 27.05492257891957 ], [ 88.70952882085632, 27.055652603002436 ], [ 88.709082649831686, 27.05647940518643 ], [ 88.708447350540553, 27.057466461327913 ], [ 88.70775774631332, 27.058196928696759 ], [ 88.706625163904718, 27.058968874402535 ], [ 88.705891873002329, 27.059478721767984 ], [ 88.70435089686184, 27.060580544747943 ], [ 88.703730033694967, 27.061192820634108 ], [ 88.703233318537599, 27.061347768770418 ], [ 88.702157208050281, 27.062525173691036 ], [ 88.701988231441746, 27.063019145298334 ], [ 88.701933818311232, 27.064089403620251 ], [ 88.701577330898346, 27.065185884169569 ], [ 88.700966440353483, 27.066461450808834 ], [ 88.700342050055653, 27.067511525442839 ], [ 88.69998533371195, 27.068594464218926 ], [ 88.699101679714786, 27.069837216659806 ], [ 88.698228503914279, 27.070772947604322 ], [ 88.697051182403897, 27.071599518739077 ], [ 88.69582092348189, 27.072259734860094 ] ] ] } },
{ "type": "Feature", "properties": { "District": "Kalimpong", "Dist_LGD": "327N001", "Sub_dist": "Lava", "Subdis_LGD": "2157", "Subdis_Typ": "Cd_Block", "Vill_name": "Chumang Forest", "Vill_Cat": "Others", "Vill_LGD": "306304", "arr_project": "asha2" }, "geometry": { "type": "Polygon", "coordinates": [ [ [ 88.603059023667029, 27.054360938564528 ], [ 88.602329160916184, 27.054080409320004 ], [ 88.599227951895017, 27.052224660774062 ], [ 88.598300121797948, 27.052912190352075 ], [ 88.597725398625229, 27.053618270333892 ], [ 88.596798060278076, 27.054341889958767 ], [ 88.595980434104362, 27.054626476224961 ], [ 88.59516719643193, 27.053796241293568 ], [ 88.594554356658264, 27.053234522321024 ], [ 88.593570483214279, 27.052455855579144 ], [ 88.592081180802481, 27.050866007582432 ], [ 88.589549667708553, 27.048642528901738 ], [ 88.589099156504247, 27.048507708710765 ], [ 88.588589867816282, 27.048851954120995 ], [ 88.588087369875467, 27.048604885670716 ], [ 88.58680183141071, 27.047874706173545 ], [ 88.586214808615239, 27.047709822685391 ], [ 88.584579554869876, 27.047200201455805 ], [ 88.583077373416089, 27.046833485575505 ], [ 88.582848332823033, 27.047034645696684 ], [ 88.581773626249714, 27.050192469602326 ], [ 88.580666473738333, 27.052118532270754 ], [ 88.580999427873678, 27.053216024442452 ], [ 88.581675405175645, 27.053971163072578 ], [ 88.583591055714422, 27.054698807933516 ], [ 88.58609555745187, 27.055000055954398 ], [ 88.587872485177144, 27.056970344783824 ], [ 88.589824114899429, 27.060242959798085 ], [ 88.591156748440795, 27.062155039132907 ], [ 88.592092059659478, 27.064130274219568 ], [ 88.593453938795548, 27.065965271590549 ], [ 88.595126465278938, 27.067661333780134 ], [ 88.597249095455695, 27.070164641387734 ], [ 88.599424904246945, 27.071435199170271 ], [ 88.601765770325244, 27.071900490722665 ], [ 88.603232734312087, 27.072244827373805 ], [ 88.605854733376347, 27.072977634836079 ], [ 88.60790689007591, 27.073698858695142 ], [ 88.608957047932776, 27.074156217049204 ], [ 88.609787999295591, 27.072679915300508 ], [ 88.610474609102297, 27.071688173807061 ], [ 88.611656216323127, 27.071467028081276 ], [ 88.613645497876107, 27.071317841319459 ], [ 88.616144006247794, 27.070819772032944 ], [ 88.617090998810923, 27.070411721901383 ], [ 88.617373330195718, 27.070060958598287 ], [ 88.617829037480419, 27.069496081338304 ], [ 88.618935044233012, 27.067524624967803 ], [ 88.619365838068916, 27.066630566152362 ], [ 88.619633079146624, 27.065932456985351 ], [ 88.619417406473616, 27.065307607378191 ], [ 88.618734323724041, 27.064430885814875 ], [ 88.618189752929865, 27.062315951770231 ], [ 88.617839110149433, 27.061769376921713 ], [ 88.616679762588547, 27.061074136752705 ], [ 88.61472129303867, 27.06019399735462 ], [ 88.613215561676924, 27.05959748093094 ], [ 88.612028409615277, 27.059069508713922 ], [ 88.610100120553028, 27.058179930443533 ], [ 88.608129929590888, 27.057177972403174 ], [ 88.607140892494783, 27.05639946410302 ], [ 88.606385766933101, 27.055762700892735 ], [ 88.605244046031672, 27.055234149674671 ], [ 88.604383258736362, 27.05496415238661 ], [ 88.603059023667029, 27.054360938564528 ] ], [ [ 88.584970729150612, 27.052254450889549 ], [ 88.58507556502434, 27.052201567259345 ], [ 88.585688973380485, 27.052266685804504 ], [ 88.586008646995708, 27.052504703284104 ], [ 88.586269013354425, 27.052463597404568 ], [ 88.586750953172569, 27.052613575946395 ], [ 88.58707490704505, 27.052893934544983 ], [ 88.587362641519803, 27.053277858201064 ], [ 88.587497808669468, 27.053691774690868 ], [ 88.587624706600849, 27.054177853978985 ], [ 88.588189357329767, 27.054376340837408 ], [ 88.588275859298221, 27.05471921173438 ], [ 88.587891912162547, 27.054820604956412 ], [ 88.587210047153064, 27.054848129835985 ], [ 88.586243573971927, 27.054676807035907 ], [ 88.585515226444045, 27.054552235522429 ], [ 88.585156472421488, 27.054389554872799 ], [ 88.585138807784219, 27.053906471575871 ], [ 88.585163346458131, 27.05353313339009 ], [ 88.585172486467215, 27.05316138294933 ], [ 88.584918686530543, 27.052959356626992 ], [ 88.584689984314636, 27.052697696120642 ], [ 88.584720227257122, 27.052380816316337 ], [ 88.584970729150612, 27.052254450889549 ] ] ] } },
{ "type": "Feature", "properties": { "District": "Kalimpong", "Dist_LGD": "327N001", "Sub_dist": "Gorubathan", "Subdis_LGD": "2158", "Subdis_Typ": "Rd_Block", "Vill_name": "Darjeeling Hilldoars Tea Garden", "Vill_Cat": "Others", "Vill_LGD": "306347", "arr_project": "asha2" }, "geometry": { "type": "Polygon", "coordinates": [ [ [ 88.717551318681714, 26.950088335469033 ], [ 88.717276745130647, 26.950579096310523 ], [ 88.717183637065773, 26.951081186871313 ], [ 88.716729984014648, 26.951718548433533 ], [ 88.716400878574618, 26.951934671361748 ], [ 88.715603731886205, 26.952503998654898 ], [ 88.715155099324079, 26.953141295436694 ], [ 88.715187041145711, 26.953587706326072 ], [ 88.715455388747614, 26.95434716020365 ], [ 88.715889856481311, 26.954436648905951 ], [ 88.716600263718846, 26.954789053391419 ], [ 88.717901827028996, 26.954935673824274 ], [ 88.719195480222467, 26.954892828727676 ], [ 88.720463131847993, 26.954796132091129 ], [ 88.721605381468407, 26.954732545520276 ], [ 88.722345948812304, 26.955080038354371 ], [ 88.722617280044801, 26.955370075710974 ], [ 88.723235522146425, 26.95628319808252 ], [ 88.723478823282804, 26.957047452777662 ], [ 88.723544424680867, 26.958048563042322 ], [ 88.724093744249856, 26.958402896345888 ], [ 88.724870898109316, 26.958835675064389 ], [ 88.725129217600127, 26.958931803156879 ], [ 88.725572901070421, 26.958633021937626 ], [ 88.726034988522002, 26.958550643368795 ], [ 88.726463136887091, 26.95855442680157 ], [ 88.726958808988016, 26.958692776180929 ], [ 88.72701508326378, 26.959080213701636 ], [ 88.727084386662938, 26.959661556371231 ], [ 88.727115898396605, 26.960076375531067 ], [ 88.726794303912897, 26.960454902737538 ], [ 88.726505824090793, 26.960693117413044 ], [ 88.726302533380007, 26.960903209948047 ], [ 88.726219956700703, 26.961102797996379 ], [ 88.726394812039118, 26.961339850791333 ], [ 88.727027694989886, 26.961557755118971 ], [ 88.728345759674255, 26.961789824247568 ], [ 88.729558498606195, 26.961720793966101 ], [ 88.730242437159148, 26.961324274960138 ], [ 88.731332931732425, 26.960507555773621 ], [ 88.731769842719032, 26.96009601107043 ], [ 88.732146324997231, 26.959685206883922 ], [ 88.733170155883258, 26.958792569917279 ], [ 88.733590779936804, 26.958633954226823 ], [ 88.734172811668913, 26.958491403199595 ], [ 88.734718696366841, 26.95829062454003 ], [ 88.735121664495225, 26.958294691841278 ], [ 88.735411932206972, 26.958503234999085 ], [ 88.73533704989039, 26.959203686777144 ], [ 88.735354064495723, 26.960313698747207 ], [ 88.735159299334242, 26.961078809369354 ], [ 88.735056774070515, 26.962276040917423 ], [ 88.735038192701282, 26.963363926091084 ], [ 88.735106712257533, 26.963891114099621 ], [ 88.735995489095203, 26.964372099923381 ], [ 88.73686523921846, 26.964925523247953 ], [ 88.736950667516794, 26.964256533365546 ], [ 88.737473196681719, 26.964173371437809 ], [ 88.738312182905631, 26.963707206200674 ], [ 88.738895066351418, 26.963618781859363 ], [ 88.739427912319002, 26.963224082801947 ], [ 88.739881961310815, 26.962618238974198 ], [ 88.740198062748249, 26.962212673276685 ], [ 88.741073737732805, 26.961186416941818 ], [ 88.7410894764772, 26.960572442605248 ], [ 88.741296910393615, 26.959978666567757 ], [ 88.741710269148101, 26.95967569662302 ], [ 88.742858064044782, 26.958334665701091 ], [ 88.743472474705285, 26.957352243247339 ], [ 88.743845809380289, 26.956413418385221 ], [ 88.743940183286085, 26.955347161887879 ], [ 88.743280671349311, 26.954380490875462 ], [ 88.742519389024338, 26.953672319014057 ], [ 88.742097098366813, 26.95339321275031 ], [ 88.742667771177011, 26.953169532701292 ], [ 88.743443041375784, 26.95315092421194 ], [ 88.74451093355492, 26.952839853365784 ], [ 88.74498551492151, 26.952590273826903 ], [ 88.745300668245704, 26.95212603891251 ], [ 88.745422846312536, 26.951230936339496 ], [ 88.745457492880504, 26.95086494713016 ], [ 88.745254759277628, 26.950127310148709 ], [ 88.744500887055537, 26.948918104074625 ], [ 88.743828458777301, 26.94809149811439 ], [ 88.743267744559049, 26.947651634342286 ], [ 88.742103400028938, 26.947909729399171 ], [ 88.74102704222129, 26.947995230002132 ], [ 88.739754042887526, 26.948065097051135 ], [ 88.738864734548812, 26.948197918381389 ], [ 88.737865951844327, 26.948088374728396 ], [ 88.736382034554055, 26.948196914985974 ], [ 88.734569876701443, 26.948246294018954 ], [ 88.733228928389963, 26.94815446582172 ], [ 88.731910534470487, 26.947890849739494 ], [ 88.73083375130777, 26.947619743028188 ], [ 88.729751933494398, 26.947678146603955 ], [ 88.728446169366464, 26.94758132782945 ], [ 88.727887636656632, 26.947610736653914 ], [ 88.727431936624924, 26.947778792401081 ], [ 88.726506542385749, 26.947857819724522 ], [ 88.725641564257032, 26.947936103287535 ], [ 88.724875016402322, 26.94786424406367 ], [ 88.724696575676361, 26.94805146499937 ], [ 88.724719257223128, 26.948218173435269 ], [ 88.724588603859374, 26.94856727963996 ], [ 88.724220549465883, 26.948869645805207 ], [ 88.723271064865926, 26.94902115828927 ], [ 88.722437889253044, 26.94887337799431 ], [ 88.721842594442961, 26.948803924177724 ], [ 88.721036516332774, 26.948782170549958 ], [ 88.720402723698157, 26.948830522162794 ], [ 88.719597398640076, 26.948858396811278 ], [ 88.718434482965662, 26.949215569112891 ], [ 88.717717075542865, 26.949395807695399 ], [ 88.717551318681714, 26.950088335469033 ] ] ] } },
{ "type": "Feature", "properties": { "District": "Kalimpong", "Dist_LGD": "327N001", "Sub_dist": "Gorubathan", "Subdis_LGD": "2158", "Subdis_Typ": "Cd_Block", "Vill_name": "Mal Khasmahal", "Vill_Cat": "Forest_Village", "Vill_LGD": "306344", "arr_project": "asha2" }, "geometry": { "type": "Polygon", "coordinates": [ [ [ 88.683618493412453, 26.95143174960619 ], [ 88.683657357983648, 26.952013485894689 ], [ 88.683726486897257, 26.953953324393709 ], [ 88.683807180368092, 26.954638362062653 ], [ 88.683622209877882, 26.955069322215241 ], [ 88.683154922395644, 26.955481085760905 ], [ 88.682866759741202, 26.955746290451895 ], [ 88.682031268959733, 26.956460312980468 ], [ 88.681144464603435, 26.957450248209053 ], [ 88.680517348958006, 26.958292659889182 ], [ 88.681313563491031, 26.95832378742459 ], [ 88.681997596958041, 26.957922982064531 ], [ 88.683329591879428, 26.957406124884319 ], [ 88.684927312800752, 26.957147842577026 ], [ 88.686393833942091, 26.956873061344801 ], [ 88.68814803966022, 26.956639951016289 ], [ 88.689909292251244, 26.956542129401132 ], [ 88.69127341805364, 26.956494181675765 ], [ 88.692223222411499, 26.956356417545447 ], [ 88.693286702638389, 26.956411347659316 ], [ 88.694206763157325, 26.956305519800367 ], [ 88.695170856523831, 26.956113405595993 ], [ 88.695540740388111, 26.955589945672745 ], [ 88.696150153257392, 26.95491918422676 ], [ 88.696562439234569, 26.954201144652071 ], [ 88.696700790688624, 26.95402346834743 ], [ 88.697128613400352, 26.952998346563227 ], [ 88.697262867606995, 26.952211443203897 ], [ 88.697390868750119, 26.951343375923461 ], [ 88.697618022495618, 26.951042774416425 ], [ 88.697116093932209, 26.9508186436518 ], [ 88.6963024963311, 26.950295881291499 ], [ 88.69568365439504, 26.949662455159043 ], [ 88.695286593608927, 26.949378385969052 ], [ 88.693865916045425, 26.949679785954217 ], [ 88.692747178794775, 26.94963003519706 ], [ 88.69215175571712, 26.949551430353303 ], [ 88.691718245577647, 26.949186552263114 ], [ 88.690416753508245, 26.948701196051807 ], [ 88.689344260339823, 26.948037071945866 ], [ 88.688558976306311, 26.94738304079695 ], [ 88.687940072972197, 26.947417529391196 ], [ 88.68735802721757, 26.947559887690787 ], [ 88.686698846643196, 26.947933340438247 ], [ 88.685882365762424, 26.948227431772693 ], [ 88.684460394496767, 26.948781490594293 ], [ 88.683410335749997, 26.949285965129796 ], [ 88.682612628646595, 26.949828038751363 ], [ 88.682500364725342, 26.950407064931738 ], [ 88.683062614562388, 26.950964503358126 ], [ 88.683618493412453, 26.95143174960619 ] ] ] } },
{ "type": "Feature", "properties": { "District": "Kalimpong", "Dist_LGD": "327N001", "Sub_dist": "Gorubathan", "Subdis_LGD": "2158", "Subdis_Typ": "Cd_Block", "Vill_name": "Lower Fagu Tea Garden", "Vill_Cat": "Others", "Vill_LGD": "306346", "arr_project": "asha2" }, "geometry": { "type": "Polygon", "coordinates": [ [ [ 88.698158768593402, 26.943106649707865 ], [ 88.696025770059421, 26.943249655745095 ], [ 88.694554417610206, 26.943524590861351 ], [ 88.693142597604449, 26.943740124048997 ], [ 88.691796630305248, 26.943981933412587 ], [ 88.691258641997976, 26.944038029916541 ], [ 88.691772235186264, 26.944708845275677 ], [ 88.692565337921081, 26.94588629240522 ], [ 88.69372540383948, 26.947018708716755 ], [ 88.694626373121892, 26.948334754645302 ], [ 88.695286593608927, 26.949378385969052 ], [ 88.69568365439504, 26.949662455159043 ], [ 88.6963024963311, 26.950295881291499 ], [ 88.697116093932209, 26.9508186436518 ], [ 88.697618022495618, 26.951042774416425 ], [ 88.697823477937533, 26.950638630255277 ], [ 88.698438468652682, 26.950342383022662 ], [ 88.699364549069756, 26.949970173554526 ], [ 88.701042292899274, 26.949349698809151 ], [ 88.70238992695333, 26.949216095427261 ], [ 88.703508659794764, 26.949265771394213 ], [ 88.704611743994732, 26.949279521346075 ], [ 88.705746125690652, 26.94936509404695 ], [ 88.706481855749942, 26.949396812169038 ], [ 88.706927525041763, 26.949562918281185 ], [ 88.707343664409251, 26.949774511027712 ], [ 88.707676182293611, 26.950451969158202 ], [ 88.707691285663344, 26.9511197312946 ], [ 88.707589835513829, 26.951405287186972 ], [ 88.707368626599575, 26.951764502617753 ], [ 88.707162522241219, 26.952457509363356 ], [ 88.706732891087483, 26.953356311070294 ], [ 88.7067773181424, 26.953965046875933 ], [ 88.707110052196029, 26.954322071445873 ], [ 88.707538797620103, 26.954700496159017 ], [ 88.707987347296765, 26.954722142680552 ], [ 88.708354648130467, 26.954365667995358 ], [ 88.708536664394984, 26.954079135661985 ], [ 88.708742902426636, 26.95372912493433 ], [ 88.708892186171127, 26.953276002248181 ], [ 88.709062829870859, 26.952569885126223 ], [ 88.70928742983898, 26.951768338464575 ], [ 88.709607547032121, 26.950288661220604 ], [ 88.709787645752513, 26.949875782291194 ], [ 88.710292304425678, 26.949612413974222 ], [ 88.710799073238192, 26.949488925806218 ], [ 88.711312511045151, 26.949473669616559 ], [ 88.712499962693414, 26.949405097682138 ], [ 88.713359383588482, 26.949290857764428 ], [ 88.714293558901645, 26.948792086834743 ], [ 88.715203870364533, 26.948713322024307 ], [ 88.716278171327048, 26.948822106251018 ], [ 88.716984712772771, 26.948921820575059 ], [ 88.717345960748972, 26.949165645212418 ], [ 88.717717075542865, 26.949395807695399 ], [ 88.718434482965662, 26.949215569112891 ], [ 88.719597398640076, 26.948858396811278 ], [ 88.720402723698157, 26.948830522162794 ], [ 88.721036516332774, 26.948782170549958 ], [ 88.721842594442961, 26.948803924177724 ], [ 88.722437889253044, 26.94887337799431 ], [ 88.723271064865926, 26.94902115828927 ], [ 88.724220549465883, 26.948869645805207 ], [ 88.724588603859374, 26.94856727963996 ], [ 88.724719257223128, 26.948218173435269 ], [ 88.724696575676361, 26.94805146499937 ], [ 88.724875016402322, 26.94786424406367 ], [ 88.724772758031719, 26.94280177622942 ], [ 88.724923583465298, 26.941793504611887 ], [ 88.723679609104721, 26.941781633957845 ], [ 88.722452795216427, 26.94190493475141 ], [ 88.72121206964988, 26.941775659955017 ], [ 88.719811675241601, 26.941743097067501 ], [ 88.718547969648753, 26.941758498833199 ], [ 88.717280461263385, 26.941855173214662 ], [ 88.716132481552322, 26.941864631103964 ], [ 88.715224323726488, 26.941749309716723 ], [ 88.713060018760046, 26.941816229099846 ], [ 88.710863729523155, 26.941766161652808 ], [ 88.709728270264037, 26.941937890293122 ], [ 88.708219283206319, 26.942050947943152 ], [ 88.706711109257611, 26.942218138862621 ], [ 88.705727017609348, 26.942410568361762 ], [ 88.704375181700058, 26.942593895829528 ], [ 88.702638934485776, 26.942664508590596 ], [ 88.700869474005884, 26.942870896858025 ], [ 88.699697182922563, 26.942939186343189 ], [ 88.698158768593402, 26.943106649707865 ] ] ] } },
{ "type": "Feature", "properties": { "District": "Kalimpong", "Dist_LGD": "327N001", "Sub_dist": "Gorubathan", "Subdis_LGD": "2158", "Subdis_Typ": "Cd_Block", "Vill_name": "Mal Forest", "Vill_Cat": "Others", "Vill_LGD": "306345", "arr_project": "asha2" }, "geometry": { "type": "Polygon", "coordinates": [ [ [ 88.75716181637145, 26.954849729606927 ], [ 88.75706366757224, 26.951013082172967 ], [ 88.757485521938079, 26.947277051436956 ], [ 88.757748476315911, 26.944722298745948 ], [ 88.757755348293642, 26.94470078633498 ], [ 88.75775464265314, 26.944662391401899 ], [ 88.758018756657592, 26.942096327236634 ], [ 88.758253676419656, 26.939813866008237 ], [ 88.758715367584074, 26.936416354756712 ], [ 88.75929354007468, 26.931815007761998 ], [ 88.759471685708405, 26.930397221006086 ], [ 88.759602140466527, 26.925988572346778 ], [ 88.759350557162193, 26.925875542367013 ], [ 88.759212085363131, 26.925875867720489 ], [ 88.753691996165713, 26.925888753964799 ], [ 88.752795841531366, 26.925878947037852 ], [ 88.749996299756418, 26.92590755651041 ], [ 88.747263207751843, 26.925896564661794 ], [ 88.746144051626828, 26.925856893293385 ], [ 88.744711940494653, 26.925889428138973 ], [ 88.744286433024882, 26.925899092801835 ], [ 88.743194064378045, 26.925931637368294 ], [ 88.741743091831694, 26.926028209729541 ], [ 88.74168383772664, 26.926032153127153 ], [ 88.741575557106458, 26.92603603964146 ], [ 88.739755735470482, 26.926101340613634 ], [ 88.738975427079311, 26.926074944380094 ], [ 88.735909530743498, 26.926104389631043 ], [ 88.730724254519885, 26.926108329092003 ], [ 88.729913740852396, 26.926095431078242 ], [ 88.728660263812898, 26.926182099991699 ], [ 88.726631419928211, 26.926183561671877 ], [ 88.722191395027281, 26.926240708720524 ], [ 88.716598268255325, 26.926411398948574 ], [ 88.716039522443765, 26.92638019380324 ], [ 88.713527404905065, 26.926481036271387 ], [ 88.709087317540863, 26.926596533491754 ], [ 88.708631037626546, 26.926605355953718 ], [ 88.707164221709434, 26.926633713110427 ], [ 88.705996221998376, 26.92663439020626 ], [ 88.703509278435092, 26.926662899777064 ], [ 88.702774329717315, 26.926780628151505 ], [ 88.700040846149136, 26.926921902695682 ], [ 88.699633080311784, 26.926899555940278 ], [ 88.698711637886746, 26.926769209085663 ], [ 88.695842195824724, 26.926842807405414 ], [ 88.694392261087458, 26.926784854811714 ], [ 88.694115341991392, 26.926825638627477 ], [ 88.693309883580994, 26.926821496298182 ], [ 88.692751104025774, 26.926808252268309 ], [ 88.692358378181979, 26.926821989407483 ], [ 88.688728640521148, 26.926746868943059 ], [ 88.686276950270852, 26.926797580242368 ], [ 88.685994992445018, 26.926797699709589 ], [ 88.684978128536869, 26.926865810270137 ], [ 88.682853635191904, 26.926965990704158 ], [ 88.681776382134629, 26.927002482725559 ], [ 88.679948940947156, 26.927170207767194 ], [ 88.678715569489725, 26.927143545339639 ], [ 88.67823230599403, 26.927184315740551 ], [ 88.676042438642341, 26.927311529521791 ], [ 88.668390288800254, 26.927489948983663 ], [ 88.665656686456728, 26.927567466073729 ], [ 88.664171554543202, 26.927540849339898 ], [ 88.664096484161817, 26.927535254256362 ], [ 88.66362777776996, 26.927500324266717 ], [ 88.663925323838697, 26.928966859371325 ], [ 88.664172617469916, 26.930830517258268 ], [ 88.664268467993836, 26.931439663127822 ], [ 88.664359518208059, 26.932743718881639 ], [ 88.664510883908036, 26.933587527817082 ], [ 88.664626717136414, 26.933835742285776 ], [ 88.665890985534844, 26.935329042723872 ], [ 88.66634427875357, 26.936055461072652 ], [ 88.666737383520456, 26.937187963834376 ], [ 88.667407665044763, 26.938861933567622 ], [ 88.667777099577194, 26.939694803894284 ], [ 88.668390114208549, 26.940203374904982 ], [ 88.66972739890511, 26.940738162279235 ], [ 88.671942678703985, 26.941393414913087 ], [ 88.672786914460772, 26.941956581085648 ], [ 88.674101196776078, 26.942636020175964 ], [ 88.67509676452147, 26.943215428749575 ], [ 88.676054762097422, 26.943637313593701 ], [ 88.677742134282823, 26.944343876898685 ], [ 88.6785768179206, 26.944938711967435 ], [ 88.679584571165321, 26.945657850764661 ], [ 88.680105951272552, 26.946518172287512 ], [ 88.68094674247169, 26.947862106675334 ], [ 88.681776213159694, 26.949120420729869 ], [ 88.682500364725342, 26.950407064931738 ], [ 88.682612628646595, 26.949828038751363 ], [ 88.683410335749997, 26.949285965129796 ], [ 88.684460394496767, 26.948781490594293 ], [ 88.685882365762424, 26.948227431772693 ], [ 88.686698846643196, 26.947933340438247 ], [ 88.68735802721757, 26.947559887690787 ], [ 88.687940072972197, 26.947417529391196 ], [ 88.688558976306311, 26.94738304079695 ], [ 88.689344260339823, 26.948037071945866 ], [ 88.690416753508245, 26.948701196051807 ], [ 88.691718245577647, 26.949186552263114 ], [ 88.69215175571712, 26.949551430353303 ], [ 88.692747178794775, 26.94963003519706 ], [ 88.693865916045425, 26.949679785954217 ], [ 88.695286593608927, 26.949378385969052 ], [ 88.694626373121892, 26.948334754645302 ], [ 88.69372540383948, 26.947018708716755 ], [ 88.692565337921081, 26.94588629240522 ], [ 88.691772235186264, 26.944708845275677 ], [ 88.691258641997976, 26.944038029916541 ], [ 88.691796630305248, 26.943981933412587 ], [ 88.693142597604449, 26.943740124048997 ], [ 88.694554417610206, 26.943524590861351 ], [ 88.696025770059421, 26.943249655745095 ], [ 88.698158768593402, 26.943106649707865 ], [ 88.699697182922563, 26.942939186343189 ], [ 88.700869474005884, 26.942870896858025 ], [ 88.702638934485776, 26.942664508590596 ], [ 88.704375181700058, 26.942593895829528 ], [ 88.705727017609348, 26.942410568361762 ], [ 88.706711109257611, 26.942218138862621 ], [ 88.708219283206319, 26.942050947943152 ], [ 88.709728270264037, 26.941937890293122 ], [ 88.710863729523155, 26.941766161652808 ], [ 88.713060018760046, 26.941816229099846 ], [ 88.715224323726488, 26.941749309716723 ], [ 88.716132481552322, 26.941864631103964 ], [ 88.717280461263385, 26.941855173214662 ], [ 88.718547969648753, 26.941758498833199 ], [ 88.719811675241601, 26.941743097067501 ], [ 88.72121206964988, 26.941775659955017 ], [ 88.722452795216427, 26.94190493475141 ], [ 88.723679609104721, 26.941781633957845 ], [ 88.724923583465298, 26.941793504611887 ], [ 88.724772758031719, 26.94280177622942 ], [ 88.724875016402322, 26.94786424406367 ], [ 88.725641564257032, 26.947936103287535 ], [ 88.726506542385749, 26.947857819724522 ], [ 88.727431936624924, 26.947778792401081 ], [ 88.727887636656632, 26.947610736653914 ], [ 88.728446169366464, 26.94758132782945 ], [ 88.729751933494398, 26.947678146603955 ], [ 88.73083375130777, 26.947619743028188 ], [ 88.731910534470487, 26.947890849739494 ], [ 88.733228928389963, 26.94815446582172 ], [ 88.734569876701443, 26.948246294018954 ], [ 88.736382034554055, 26.948196914985974 ], [ 88.737865951844327, 26.948088374728396 ], [ 88.738864734548812, 26.948197918381389 ], [ 88.739754042887526, 26.948065097051135 ], [ 88.74102704222129, 26.947995230002132 ], [ 88.742103400028938, 26.947909729399171 ], [ 88.743267744559049, 26.947651634342286 ], [ 88.743828458777301, 26.94809149811439 ], [ 88.744500887055537, 26.948918104074625 ], [ 88.745254759277628, 26.950127310148709 ], [ 88.745457492880504, 26.95086494713016 ], [ 88.745422846312536, 26.951230936339496 ], [ 88.745300668245704, 26.95212603891251 ], [ 88.74498551492151, 26.952590273826903 ], [ 88.74451093355492, 26.952839853365784 ], [ 88.743443041375784, 26.95315092421194 ], [ 88.742667771177011, 26.953169532701292 ], [ 88.742097098366813, 26.95339321275031 ], [ 88.742519389024338, 26.953672319014057 ], [ 88.743280671349311, 26.954380490875462 ], [ 88.743940183286085, 26.955347161887879 ], [ 88.743845809380289, 26.956413418385221 ], [ 88.743472474705285, 26.957352243247339 ], [ 88.742858064044782, 26.958334665701091 ], [ 88.741710269148101, 26.95967569662302 ], [ 88.741296910393615, 26.959978666567757 ], [ 88.7410894764772, 26.960572442605248 ], [ 88.741073737732805, 26.961186416941818 ], [ 88.740198062748249, 26.962212673276685 ], [ 88.739881961310815, 26.962618238974198 ], [ 88.739427912319002, 26.963224082801947 ], [ 88.738895066351418, 26.963618781859363 ], [ 88.738312182905631, 26.963707206200674 ], [ 88.737473196681719, 26.964173371437809 ], [ 88.736950667516794, 26.964256533365546 ], [ 88.73686523921846, 26.964925523247953 ], [ 88.737767315355839, 26.964959535618558 ], [ 88.738878626819059, 26.96517148735898 ], [ 88.739890061060237, 26.965438819086113 ], [ 88.742558692063795, 26.966042200757521 ], [ 88.744182967929078, 26.96620263588499 ], [ 88.745775615664527, 26.966598123650066 ], [ 88.749706303357442, 26.967384306965382 ], [ 88.751218349621141, 26.967451279161992 ], [ 88.752674162949091, 26.967789717916201 ], [ 88.754142642501506, 26.967970025989221 ], [ 88.755721491752908, 26.968121866052183 ], [ 88.756363133736713, 26.968249264346397 ], [ 88.756581850386809, 26.968711383963932 ], [ 88.758151517016771, 26.967947159152597 ], [ 88.759117018949567, 26.967199484744427 ], [ 88.759831935910199, 26.966549728614549 ], [ 88.759812169367606, 26.966524952282299 ], [ 88.757557604699215, 26.964970801412338 ], [ 88.756787943711529, 26.964193949198972 ], [ 88.756476244164659, 26.963665742617874 ], [ 88.756164822324791, 26.962934444300956 ], [ 88.755974548099573, 26.961882833003227 ], [ 88.755980354384604, 26.96123757344267 ], [ 88.756248770928124, 26.959762157965471 ], [ 88.75657201635255, 26.958873479858937 ], [ 88.757127917585848, 26.957010329117001 ], [ 88.757198707778144, 26.956717000495633 ], [ 88.757199084384482, 26.956306396619222 ], [ 88.75716181637145, 26.954849729606927 ] ], [ [ 88.747475423295285, 26.935129250817859 ], [ 88.747174467531664, 26.934818430789914 ], [ 88.747157972460357, 26.934249939259651 ], [ 88.747188219561565, 26.933733606686662 ], [ 88.747222301088357, 26.933254889657377 ], [ 88.747577826644616, 26.93308486189801 ], [ 88.748072242295564, 26.933261517018106 ], [ 88.748464761462515, 26.933657845480965 ], [ 88.748932191379822, 26.93417942625743 ], [ 88.74960400412111, 26.934470667338427 ], [ 88.750050356068627, 26.93478536063936 ], [ 88.750145609654595, 26.935516713505191 ], [ 88.749391649117157, 26.935842243099426 ], [ 88.748692093222516, 26.936295154727407 ], [ 88.748112424363612, 26.936298436710274 ], [ 88.747921028777299, 26.935843174235544 ], [ 88.747723886876713, 26.935331487915462 ], [ 88.747475423295285, 26.935129250817859 ] ], [ [ 88.753337711324818, 26.93292459473729 ], [ 88.753141328438929, 26.931581262182018 ], [ 88.753018591524338, 26.929793860392888 ], [ 88.752855679976818, 26.927028727937504 ], [ 88.752869283192737, 26.926499576685533 ], [ 88.755250225224287, 26.926324580277036 ], [ 88.756937691747382, 26.926167093579444 ], [ 88.757931494488886, 26.926265137046773 ], [ 88.757931567039918, 26.926264657764897 ], [ 88.758524685530688, 26.926379993805956 ], [ 88.759102809883416, 26.926492410298231 ], [ 88.758643593675998, 26.928990283896969 ], [ 88.758563952307313, 26.930436761138505 ], [ 88.758450844240244, 26.932491252634101 ], [ 88.758435173344424, 26.932775924699879 ], [ 88.757756805484846, 26.933119288152156 ], [ 88.755600585388365, 26.932961860261582 ], [ 88.753690012264329, 26.933007974784282 ], [ 88.753337711324818, 26.93292459473729 ] ], [ [ 88.701670159586854, 26.930640545237551 ], [ 88.701594444949066, 26.931410806037047 ], [ 88.700271297134194, 26.931182041711818 ], [ 88.699357330039405, 26.930953622769149 ], [ 88.699065694694212, 26.9292017302128 ], [ 88.699430385103881, 26.928712462085247 ], [ 88.700299869201373, 26.928859955279474 ], [ 88.701903554519419, 26.929097661787463 ], [ 88.701876090948318, 26.92918348611995 ], [ 88.701785587515431, 26.929466313607801 ], [ 88.701670159586854, 26.930640545237551 ] ], [ [ 88.697979420972445, 26.932023143901098 ], [ 88.698658237722981, 26.932332974693249 ], [ 88.699219627772536, 26.932251022550659 ], [ 88.699325130966528, 26.932525225931442 ], [ 88.699390152515022, 26.93342142935489 ], [ 88.700056436139747, 26.933352360530833 ], [ 88.700082899054152, 26.933437064273498 ], [ 88.700171485963835, 26.933720619211023 ], [ 88.700364590804952, 26.93507646587577 ], [ 88.700441621924455, 26.935617304014297 ], [ 88.700459661848825, 26.937326269393765 ], [ 88.699495373048478, 26.937521285727026 ], [ 88.698008371155979, 26.93741405581121 ], [ 88.697696612691644, 26.936638471162475 ], [ 88.697389633146145, 26.935909913104297 ], [ 88.696902605965832, 26.933916877714612 ], [ 88.697160038324427, 26.933391200332199 ], [ 88.698015867335855, 26.933658923801495 ], [ 88.697949080170858, 26.933000518802057 ], [ 88.697979420972445, 26.932023143901098 ] ] ] } },
{ "type": "Feature", "properties": { "District": "Kalimpong", "Dist_LGD": "327N001", "Sub_dist": "Gorubathan", "Subdis_LGD": "2158", "Subdis_Typ": "Cd_Block", "Vill_name": "Gorubathan Khasmahal", "Vill_Cat": "Forest_Village", "Vill_LGD": "306343", "arr_project": "asha2" }, "geometry": { "type": "Polygon", "coordinates": [ [ [ 88.694854082131727, 26.966912671711817 ], [ 88.694458945377221, 26.967770407009905 ], [ 88.694508888768311, 26.969087646394993 ], [ 88.694491982542388, 26.969976939277789 ], [ 88.694513407233003, 26.970734890132672 ], [ 88.694710144444798, 26.972100007532745 ], [ 88.695068856091169, 26.972844876049059 ], [ 88.695445993854605, 26.973810666265148 ], [ 88.695947962485249, 26.974702742013367 ], [ 88.69620147081973, 26.975484977958622 ], [ 88.696312952764984, 26.97620122471087 ], [ 88.696243062299402, 26.976915142915249 ], [ 88.69660277713723, 26.977389206058099 ], [ 88.697554480603316, 26.977702690616411 ], [ 88.698170423809373, 26.978467017400575 ], [ 88.700028435954309, 26.978417536223759 ], [ 88.700713178464525, 26.97839573514198 ], [ 88.702014674570052, 26.978185956651046 ], [ 88.703691573721031, 26.978152155173785 ], [ 88.705227928776225, 26.978151626198919 ], [ 88.707073134302078, 26.97825565410788 ], [ 88.708031196224908, 26.978320767696054 ], [ 88.708645771779274, 26.978656315294931 ], [ 88.708904405714776, 26.979104490835336 ], [ 88.709300067151332, 26.980286643281797 ], [ 88.709705058891416, 26.981419036308438 ], [ 88.710239835605208, 26.982139159109984 ], [ 88.71076958372079, 26.982859339589496 ], [ 88.711122565588482, 26.983216103415895 ], [ 88.711577630740109, 26.983327918332353 ], [ 88.712174930667857, 26.983185267146485 ], [ 88.713270483345397, 26.982680022250989 ], [ 88.713923771106138, 26.982243330596493 ], [ 88.714715612122063, 26.981642480077213 ], [ 88.715806305458671, 26.981150813580467 ], [ 88.716947144309898, 26.981308416345456 ], [ 88.717810158076389, 26.981415238627047 ], [ 88.718266317312512, 26.981599227745335 ], [ 88.718534140891791, 26.981654632353738 ], [ 88.718945209975331, 26.981523250642752 ], [ 88.719551602425952, 26.981317275692838 ], [ 88.720555277676041, 26.980736374426915 ], [ 88.720773790871505, 26.980530616285087 ], [ 88.72131287069746, 26.979874144904024 ], [ 88.720816842049942, 26.978724847685942 ], [ 88.720401886432526, 26.97760615059239 ], [ 88.7201485224642, 26.977175986425021 ], [ 88.720037712404917, 26.976513912116374 ], [ 88.720123287254609, 26.976178896699146 ], [ 88.720409760262811, 26.975805325780716 ], [ 88.721253324783845, 26.975298583686385 ], [ 88.722139597194897, 26.974619817216386 ], [ 88.722847533480902, 26.97380783178582 ], [ 88.723345458673407, 26.973097700173327 ], [ 88.724185260115192, 26.972676736581608 ], [ 88.724675078264497, 26.972427037385085 ], [ 88.725134692335615, 26.971848248167106 ], [ 88.725725306144952, 26.971272366909403 ], [ 88.726261423325269, 26.97042636529784 ], [ 88.726753036804197, 26.969635063122922 ], [ 88.727160815436207, 26.969291584219548 ], [ 88.727475940865133, 26.969147817076827 ], [ 88.728223461127911, 26.968953616395666 ], [ 88.729054864618121, 26.968645555888468 ], [ 88.730367426610556, 26.968182652049883 ], [ 88.732081938912856, 26.967326672985504 ], [ 88.733138408397167, 26.966916535377873 ], [ 88.734111751293582, 26.966669883411125 ], [ 88.734978992275046, 26.96640196625351 ], [ 88.73597555035073, 26.965699194437867 ], [ 88.736616155031768, 26.9651046023248 ], [ 88.73686523921846, 26.964925523247953 ], [ 88.735995489095203, 26.964372099923381 ], [ 88.735106712257533, 26.963891114099621 ], [ 88.735038192701282, 26.963363926091084 ], [ 88.735056774070515, 26.962276040917423 ], [ 88.735159299334242, 26.961078809369354 ], [ 88.735354064495723, 26.960313698747207 ], [ 88.73533704989039, 26.959203686777144 ], [ 88.735411932206972, 26.958503234999085 ], [ 88.735121664495225, 26.958294691841278 ], [ 88.734718696366841, 26.95829062454003 ], [ 88.734172811668913, 26.958491403199595 ], [ 88.733590779936804, 26.958633954226823 ], [ 88.733170155883258, 26.958792569917279 ], [ 88.732146324997231, 26.959685206883922 ], [ 88.731769842719032, 26.96009601107043 ], [ 88.731332931732425, 26.960507555773621 ], [ 88.730242437159148, 26.961324274960138 ], [ 88.729558498606195, 26.961720793966101 ], [ 88.728345759674255, 26.961789824247568 ], [ 88.727027694989886, 26.961557755118971 ], [ 88.726394812039118, 26.961339850791333 ], [ 88.726219956700703, 26.961102797996379 ], [ 88.726302533380007, 26.960903209948047 ], [ 88.726505824090793, 26.960693117413044 ], [ 88.726794303912897, 26.960454902737538 ], [ 88.727115898396605, 26.960076375531067 ], [ 88.727084386662938, 26.959661556371231 ], [ 88.72701508326378, 26.959080213701636 ], [ 88.726958808988016, 26.958692776180929 ], [ 88.726463136887091, 26.95855442680157 ], [ 88.726034988522002, 26.958550643368795 ], [ 88.725572901070421, 26.958633021937626 ], [ 88.725129217600127, 26.958931803156879 ], [ 88.724870898109316, 26.958835675064389 ], [ 88.724093744249856, 26.958402896345888 ], [ 88.723544424680867, 26.958048563042322 ], [ 88.723478823282804, 26.957047452777662 ], [ 88.723235522146425, 26.95628319808252 ], [ 88.722617280044801, 26.955370075710974 ], [ 88.722345948812304, 26.955080038354371 ], [ 88.721605381468407, 26.954732545520276 ], [ 88.720463131847993, 26.954796132091129 ], [ 88.719195480222467, 26.954892828727676 ], [ 88.717901827028996, 26.954935673824274 ], [ 88.716600263718846, 26.954789053391419 ], [ 88.715889856481311, 26.954436648905951 ], [ 88.715455388747614, 26.95434716020365 ], [ 88.715187041145711, 26.953587706326072 ], [ 88.715155099324079, 26.953141295436694 ], [ 88.715603731886205, 26.952503998654898 ], [ 88.716400878574618, 26.951934671361748 ], [ 88.716729984014648, 26.951718548433533 ], [ 88.717183637065773, 26.951081186871313 ], [ 88.717276745130647, 26.950579096310523 ], [ 88.717551318681714, 26.950088335469033 ], [ 88.717717075542865, 26.949395807695399 ], [ 88.717345960748972, 26.949165645212418 ], [ 88.716984712772771, 26.948921820575059 ], [ 88.716278171327048, 26.948822106251018 ], [ 88.715203870364533, 26.948713322024307 ], [ 88.714293558901645, 26.948792086834743 ], [ 88.713359383588482, 26.949290857764428 ], [ 88.712499962693414, 26.949405097682138 ], [ 88.711312511045151, 26.949473669616559 ], [ 88.710799073238192, 26.949488925806218 ], [ 88.710292304425678, 26.949612413974222 ], [ 88.709787645752513, 26.949875782291194 ], [ 88.709607547032121, 26.950288661220604 ], [ 88.70928742983898, 26.951768338464575 ], [ 88.709062829870859, 26.952569885126223 ], [ 88.708892186171127, 26.953276002248181 ], [ 88.708742902426636, 26.95372912493433 ], [ 88.708536664394984, 26.954079135661985 ], [ 88.708354648130467, 26.954365667995358 ], [ 88.707987347296765, 26.954722142680552 ], [ 88.707538797620103, 26.954700496159017 ], [ 88.707110052196029, 26.954322071445873 ], [ 88.7067773181424, 26.953965046875933 ], [ 88.706732891087483, 26.953356311070294 ], [ 88.707162522241219, 26.952457509363356 ], [ 88.707368626599575, 26.951764502617753 ], [ 88.707589835513829, 26.951405287186972 ], [ 88.707691285663344, 26.9511197312946 ], [ 88.707676182293611, 26.950451969158202 ], [ 88.707343664409251, 26.949774511027712 ], [ 88.706927525041763, 26.949562918281185 ], [ 88.706481855749942, 26.949396812169038 ], [ 88.705746125690652, 26.94936509404695 ], [ 88.704611743994732, 26.949279521346075 ], [ 88.703508659794764, 26.949265771394213 ], [ 88.70238992695333, 26.949216095427261 ], [ 88.701042292899274, 26.949349698809151 ], [ 88.699364549069756, 26.949970173554526 ], [ 88.698438468652682, 26.950342383022662 ], [ 88.697823477937533, 26.950638630255277 ], [ 88.697618022495618, 26.951042774416425 ], [ 88.697390868750119, 26.951343375923461 ], [ 88.697262867606995, 26.952211443203897 ], [ 88.697128613400352, 26.952998346563227 ], [ 88.696700790688624, 26.95402346834743 ], [ 88.696562439234569, 26.954201144652071 ], [ 88.696150153257392, 26.95491918422676 ], [ 88.695540740388111, 26.955589945672745 ], [ 88.695170856523831, 26.956113405595993 ], [ 88.694206763157325, 26.956305519800367 ], [ 88.693286702638389, 26.956411347659316 ], [ 88.692223222411499, 26.956356417545447 ], [ 88.69127341805364, 26.956494181675765 ], [ 88.689909292251244, 26.956542129401132 ], [ 88.69017711201414, 26.956602104004954 ], [ 88.690305708715044, 26.957119574786034 ], [ 88.690455121501785, 26.957681929121254 ], [ 88.690733910255801, 26.958138928694808 ], [ 88.690976306501767, 26.958519639971666 ], [ 88.691426528686833, 26.959326607721803 ], [ 88.691611626175344, 26.960254098211632 ], [ 88.69151189981163, 26.960995451875686 ], [ 88.691681962388387, 26.961927635373868 ], [ 88.692541824861181, 26.962508537839252 ], [ 88.693230955310241, 26.96312307828023 ], [ 88.694237141097702, 26.963720265117367 ], [ 88.694874983633838, 26.964272227586111 ], [ 88.695233636035539, 26.964678612808367 ], [ 88.695469910540311, 26.965321151349993 ], [ 88.695285377288471, 26.965779198730917 ], [ 88.695125480023876, 26.966200843737383 ], [ 88.694854082131727, 26.966912671711817 ] ] ] } },
{ "type": "Feature", "properties": { "District": "Kalimpong", "Dist_LGD": "327N001", "Sub_dist": "Gorubathan", "Subdis_LGD": "2158", "Subdis_Typ": "Cd_Block", "Vill_name": "Upper Fagu Tea Garden", "Vill_Cat": "Others", "Vill_LGD": "306338", "arr_project": "asha2" }, "geometry": { "type": "Polygon", "coordinates": [ [ [ 88.68121543652363, 26.969350628420379 ], [ 88.681400866706042, 26.970643693895834 ], [ 88.68171879614826, 26.97508988027317 ], [ 88.681880740470547, 26.976496053221759 ], [ 88.682025098090065, 26.977735448650428 ], [ 88.682072626090843, 26.978899277095728 ], [ 88.682149503741471, 26.980004083 ], [ 88.682182868961235, 26.980892776851249 ], [ 88.682112146519444, 26.981895542272941 ], [ 88.682319982469096, 26.982660298407271 ], [ 88.682794559221463, 26.983746813672806 ], [ 88.683025840668222, 26.984393946005959 ], [ 88.683278078969977, 26.985433471606751 ], [ 88.683253905947737, 26.986855403322977 ], [ 88.683298970280944, 26.987513784768783 ], [ 88.683177617607015, 26.988160615749102 ], [ 88.683111873008812, 26.989497293647894 ], [ 88.683302070038593, 26.990429244443238 ], [ 88.683577497298231, 26.99133309619279 ], [ 88.683647686470138, 26.992325149684685 ], [ 88.683626133288911, 26.992907602793682 ], [ 88.683660326752516, 26.99385044339628 ], [ 88.683824142869966, 26.994701469062459 ], [ 88.684219004292402, 26.995843088241564 ], [ 88.684800311315399, 26.99664850337723 ], [ 88.685434286714283, 26.997606730661534 ], [ 88.685775281546526, 26.997837333837559 ], [ 88.686119634494318, 26.997955066745849 ], [ 88.68658131159232, 26.997832197615764 ], [ 88.687127463318262, 26.997293106643312 ], [ 88.687633175687438, 26.996745472440999 ], [ 88.68780804829612, 26.996310114787317 ], [ 88.688226841168046, 26.995677769690289 ], [ 88.688752641680466, 26.995463862829432 ], [ 88.68935024184934, 26.995334842923221 ], [ 88.690028164890762, 26.995186802890661 ], [ 88.690353059056932, 26.994677434219433 ], [ 88.690641138004779, 26.994064702947526 ], [ 88.691079381033234, 26.993386985138553 ], [ 88.691308156652823, 26.99285168763625 ], [ 88.691462994982118, 26.992425593623754 ], [ 88.691442524498612, 26.9917308169385 ], [ 88.691564320037514, 26.990443109740781 ], [ 88.691764122031586, 26.989655425255133 ], [ 88.692101876278912, 26.988996963967441 ], [ 88.692142695422305, 26.988021634966387 ], [ 88.692201501346744, 26.986901670386008 ], [ 88.691919606528202, 26.985569166427233 ], [ 88.691741041882963, 26.984745405207786 ], [ 88.691803269059008, 26.983517082582711 ], [ 88.692018980028379, 26.982783364315257 ], [ 88.692486475484003, 26.982380592688816 ], [ 88.693034485983702, 26.981972339923324 ], [ 88.693597669395714, 26.98156841598805 ], [ 88.693887322763032, 26.9810639762919 ], [ 88.6940176667445, 26.980349333102129 ], [ 88.694011216412093, 26.979582176081003 ], [ 88.694600816544281, 26.978925194640915 ], [ 88.695315575560556, 26.978217062029206 ], [ 88.695785170274007, 26.977620189910585 ], [ 88.696243062299402, 26.976915142915249 ], [ 88.696312952764984, 26.97620122471087 ], [ 88.69620147081973, 26.975484977958622 ], [ 88.695947962485249, 26.974702742013367 ], [ 88.695445993854605, 26.973810666265148 ], [ 88.695068856091169, 26.972844876049059 ], [ 88.694710144444798, 26.972100007532745 ], [ 88.694513407233003, 26.970734890132672 ], [ 88.694491982542388, 26.969976939277789 ], [ 88.694508888768311, 26.969087646394993 ], [ 88.694458945377221, 26.967770407009905 ], [ 88.694854082131727, 26.966912671711817 ], [ 88.695125480023876, 26.966200843737383 ], [ 88.695285377288471, 26.965779198730917 ], [ 88.695469910540311, 26.965321151349993 ], [ 88.695233636035539, 26.964678612808367 ], [ 88.694874983633838, 26.964272227586111 ], [ 88.694237141097702, 26.963720265117367 ], [ 88.693230955310241, 26.96312307828023 ], [ 88.692541824861181, 26.962508537839252 ], [ 88.691681962388387, 26.961927635373868 ], [ 88.69151189981163, 26.960995451875686 ], [ 88.691611626175344, 26.960254098211632 ], [ 88.691426528686833, 26.959326607721803 ], [ 88.690976306501767, 26.958519639971666 ], [ 88.690733910255801, 26.958138928694808 ], [ 88.690455121501785, 26.957681929121254 ], [ 88.690305708715044, 26.957119574786034 ], [ 88.69017711201414, 26.956602104004954 ], [ 88.689909292251244, 26.956542129401132 ], [ 88.68814803966022, 26.956639951016289 ], [ 88.686393833942091, 26.956873061344801 ], [ 88.684927312800752, 26.957147842577026 ], [ 88.683329591879428, 26.957406124884319 ], [ 88.681997596958041, 26.957922982064531 ], [ 88.681313563491031, 26.95832378742459 ], [ 88.680517348958006, 26.958292659889182 ], [ 88.680321674466796, 26.959021612597351 ], [ 88.680229991041486, 26.959970472317533 ], [ 88.680216251540088, 26.961080875918043 ], [ 88.680286847745407, 26.962104524744397 ], [ 88.680673624428849, 26.963052192979514 ], [ 88.680703057624228, 26.964356148159574 ], [ 88.68070074808405, 26.965218191028693 ], [ 88.680848576302836, 26.966015259174313 ], [ 88.680966191060577, 26.966812687195493 ], [ 88.68106063864218, 26.967745786776693 ], [ 88.68121543652363, 26.969350628420379 ] ] ] } },
{ "type": "Feature", "properties": { "District": "Kalimpong", "Dist_LGD": "327N001", "Sub_dist": "Kalimpong - I", "Subdis_LGD": "2156", "Subdis_Typ": "Cd_Block", "Vill_name": "Mangwa Forest", "Vill_Cat": "Others", "Vill_LGD": "306233", "arr_project": "asha2" }, "geometry": { "type": "Polygon", "coordinates": [ [ [ 88.425018677525188, 27.046821682653707 ], [ 88.424045101918182, 27.04317113558432 ], [ 88.425300177359745, 27.042770272120357 ], [ 88.428613954885975, 27.042939770949168 ], [ 88.429023015501798, 27.041807256977073 ], [ 88.428612308151372, 27.040421286643141 ], [ 88.427944472259298, 27.039028898089189 ], [ 88.427395035382148, 27.037432199198665 ], [ 88.427475702263706, 27.036637015069498 ], [ 88.427720560829499, 27.03567316660741 ], [ 88.428114474668703, 27.034937990923332 ], [ 88.428626305146409, 27.033962406020077 ], [ 88.42900108943391, 27.032911480827547 ], [ 88.428905480682786, 27.030136682264803 ], [ 88.428548126740225, 27.027387105239356 ], [ 88.427604844001067, 27.02692276164888 ], [ 88.426893483166992, 27.02646508864931 ], [ 88.426669878168468, 27.026318412321633 ], [ 88.426179357517285, 27.025389096820167 ], [ 88.425024283648881, 27.024114460184467 ], [ 88.423531794427376, 27.022856764900947 ], [ 88.422626968523176, 27.022640238265854 ], [ 88.420912231057059, 27.022540206060537 ], [ 88.419249757436717, 27.022588569952937 ], [ 88.417672435033523, 27.02259543464444 ], [ 88.416708397721862, 27.022880462239566 ], [ 88.415241535742425, 27.023482086755735 ], [ 88.414976326997419, 27.024389311904798 ], [ 88.414976736936836, 27.024390323970092 ], [ 88.41537470055097, 27.025372943781942 ], [ 88.415939252473336, 27.025959343014744 ], [ 88.416357833719488, 27.026857283958023 ], [ 88.417663467637382, 27.02857613675674 ], [ 88.418026519841462, 27.029320540991876 ], [ 88.41810318664885, 27.029500412105527 ], [ 88.418480391683332, 27.030385386890647 ], [ 88.41906535087692, 27.031405038577514 ], [ 88.419241856575553, 27.031910392338037 ], [ 88.419433541458815, 27.03234806974244 ], [ 88.4193934153204, 27.032916627574611 ], [ 88.419237640636638, 27.033859796993632 ], [ 88.418940631900398, 27.034690198857287 ], [ 88.418598251404873, 27.035552200217609 ], [ 88.418482523078922, 27.035944774161436 ], [ 88.418341510638157, 27.03631485378807 ], [ 88.418170320222146, 27.036585671868711 ], [ 88.417888291892382, 27.03710918578621 ], [ 88.417899741711722, 27.037583675404861 ], [ 88.417903645343273, 27.037745429434828 ], [ 88.418029999665436, 27.038535093406534 ], [ 88.418216620210586, 27.039058489240272 ], [ 88.418443749267865, 27.040037604908374 ], [ 88.418390750868909, 27.040313177431759 ], [ 88.418247592601574, 27.041057546826938 ], [ 88.418076484207944, 27.041824663392603 ], [ 88.417678581978805, 27.042434017202172 ], [ 88.416212635616702, 27.043882974776302 ], [ 88.415582930034674, 27.044442661179225 ], [ 88.415326035800589, 27.044754145966937 ], [ 88.415368811630643, 27.044973726390968 ], [ 88.415722915534289, 27.046791438895852 ], [ 88.416131926140622, 27.048890806592524 ], [ 88.41691258425989, 27.052897765821918 ], [ 88.41707803300136, 27.053746983544443 ], [ 88.417148898159198, 27.054676581712712 ], [ 88.416958793951864, 27.056449924039459 ], [ 88.41695298032468, 27.056504155347373 ], [ 88.416938303095307, 27.057582656358161 ], [ 88.416600804890606, 27.05834991059206 ], [ 88.416591179204218, 27.059437386569623 ], [ 88.416928987821322, 27.059938135939472 ], [ 88.417115706993741, 27.060506664202673 ], [ 88.417080601445107, 27.060962423972239 ], [ 88.417368061276292, 27.061323400842934 ], [ 88.418174813599066, 27.062207576468019 ], [ 88.419188234534587, 27.063024035408031 ], [ 88.41956647601188, 27.063578981408789 ], [ 88.421240446508506, 27.064986333633389 ], [ 88.421507755729209, 27.065306614182155 ], [ 88.421734842739497, 27.065947302719284 ], [ 88.42160913447205, 27.066700963145411 ], [ 88.421362322216495, 27.067278649780715 ], [ 88.421120152031861, 27.067765367035463 ], [ 88.421009771504913, 27.067987211933669 ], [ 88.420707487933697, 27.068244463138754 ], [ 88.420300481781112, 27.068793700073972 ], [ 88.420299397775892, 27.068795162240249 ], [ 88.420455767420435, 27.069025211918355 ], [ 88.421116069719062, 27.069124334581264 ], [ 88.422018351117771, 27.069101492612422 ], [ 88.422245182959202, 27.069105878733161 ], [ 88.42307669579219, 27.068749119304933 ], [ 88.424754840641668, 27.067837021560678 ], [ 88.425307208950343, 27.067433794049755 ], [ 88.425968886593083, 27.065088180578897 ], [ 88.426776202602426, 27.062226283083554 ], [ 88.425089699252894, 27.061616015360716 ], [ 88.423632204740983, 27.060376040657296 ], [ 88.421777760100952, 27.056039330105101 ], [ 88.422539625555672, 27.053693665237056 ], [ 88.425289663004435, 27.049517975680924 ], [ 88.426175044067236, 27.0489764180073 ], [ 88.426144706566021, 27.048570516407583 ], [ 88.425018677525188, 27.046821682653707 ] ], [ [ 88.419882402750019, 27.042676752028406 ], [ 88.421238396411937, 27.042538684486182 ], [ 88.421283324138543, 27.042990668451097 ], [ 88.421462710504855, 27.043333843716752 ], [ 88.421509747542842, 27.043423827144881 ], [ 88.421642096822453, 27.04367701870591 ], [ 88.421789805345213, 27.044327791796736 ], [ 88.420798044676332, 27.044580968290099 ], [ 88.420299423021049, 27.044993184333979 ], [ 88.419755871513104, 27.044953411897851 ], [ 88.419522334215785, 27.044691840833167 ], [ 88.419649220723926, 27.044089196908189 ], [ 88.419462350260446, 27.043670686784072 ], [ 88.419425831756499, 27.042901529980671 ], [ 88.419882402750019, 27.042676752028406 ] ] ] } },
{ "type": "Feature", "properties": { "District": "Kalimpong", "Dist_LGD": "327N001", "Sub_dist": "Kalimpong - I", "Subdis_LGD": "2156", "Subdis_Typ": "Cd_Block", "Vill_name": "Kaffer Khasmahal", "Vill_Cat": "Forest_Village", "Vill_LGD": "306224", "arr_project": "asha2" }, "geometry": { "type": "Polygon", "coordinates": [ [ [ 88.565558870075805, 27.026516591255955 ], [ 88.566714440521622, 27.025054683163241 ], [ 88.567327986512609, 27.023635515625539 ], [ 88.567494848745568, 27.022874253820838 ], [ 88.567723486022004, 27.021831157177438 ], [ 88.567714644842482, 27.021513428947067 ], [ 88.567712477557038, 27.021435555790891 ], [ 88.56769094500055, 27.020661728847543 ], [ 88.567910676951001, 27.019787774786654 ], [ 88.568061322522951, 27.019123340810918 ], [ 88.568211940076836, 27.018428663893872 ], [ 88.568241486961881, 27.018291103910279 ], [ 88.567812341010239, 27.018002103021725 ], [ 88.566137540897941, 27.016784102244984 ], [ 88.564684840025265, 27.015590692388766 ], [ 88.562778894613345, 27.012958041896741 ], [ 88.561297443368133, 27.010771987343222 ], [ 88.560445027650331, 27.009617004192897 ], [ 88.560327781054255, 27.00951901030065 ], [ 88.559956386439325, 27.009261354132587 ], [ 88.559527269114653, 27.008837342628102 ], [ 88.559396341388563, 27.008843306324238 ], [ 88.558846884764066, 27.009192400454065 ], [ 88.558082349191338, 27.010387859770447 ], [ 88.556761915994244, 27.011833181862571 ], [ 88.555569638091143, 27.01380513263355 ], [ 88.554812450385285, 27.014440845104346 ], [ 88.554123714697027, 27.016023593164491 ], [ 88.553867233851548, 27.016793684753921 ], [ 88.553245163667881, 27.018095868115015 ], [ 88.551715442323513, 27.019723986887247 ], [ 88.549947556001911, 27.02236117878391 ], [ 88.548247649438949, 27.024081402604232 ], [ 88.546746463559614, 27.024124985329951 ], [ 88.544711411773307, 27.024192464648184 ], [ 88.542292220327951, 27.023808278932218 ], [ 88.540075200593165, 27.023096880106653 ], [ 88.53864068877526, 27.02285530787427 ], [ 88.537779432730588, 27.023261891081678 ], [ 88.536930398496253, 27.023826301876685 ], [ 88.535870829112611, 27.024474244989928 ], [ 88.535812383850185, 27.024993914261241 ], [ 88.535771453533229, 27.025319320362733 ], [ 88.53630575778331, 27.025327029585579 ], [ 88.537525345688252, 27.025697345817047 ], [ 88.538990993427802, 27.026371866618359 ], [ 88.539701309009743, 27.02709074340747 ], [ 88.540633101532691, 27.02778913819305 ], [ 88.541693269783579, 27.028292048271993 ], [ 88.5427238742204, 27.028474828338513 ], [ 88.545407488974774, 27.028287422701055 ], [ 88.548448414379038, 27.02732877493008 ], [ 88.54987203311363, 27.026771510252498 ], [ 88.551927913565805, 27.026383281078939 ], [ 88.55378172109107, 27.026326724092723 ], [ 88.555279377610546, 27.026756999936126 ], [ 88.556748056000245, 27.026912270452332 ], [ 88.558089594416941, 27.027714333001789 ], [ 88.558877854499755, 27.028229147047277 ], [ 88.560788715931039, 27.029381425621711 ], [ 88.561582539035996, 27.029932267929201 ], [ 88.563413745207882, 27.030787517077712 ], [ 88.563850739351579, 27.030980083797637 ], [ 88.563878681585138, 27.03099239624731 ], [ 88.56399501703055, 27.030720590069837 ], [ 88.564070950314218, 27.030473036452516 ], [ 88.564111696724353, 27.030340015488481 ], [ 88.564559847709376, 27.028870150447336 ], [ 88.564873326996775, 27.027832700177431 ], [ 88.565062420429655, 27.027202829178822 ], [ 88.565124245432003, 27.026996498265003 ], [ 88.565558870075805, 27.026516591255955 ] ], [ [ 88.566889371498718, 27.018091905315618 ], [ 88.567428502460601, 27.017795993347175 ], [ 88.567498926222783, 27.018102107727689 ], [ 88.567521195958875, 27.018198908463834 ], [ 88.567569350264279, 27.01840822105893 ], [ 88.567050711509523, 27.018728991545178 ], [ 88.566677167028217, 27.018559428308969 ], [ 88.566889371498718, 27.018091905315618 ] ], [ [ 88.567029443721225, 27.017565048165263 ], [ 88.566451679677328, 27.017928939573448 ], [ 88.566153648612797, 27.017543615155262 ], [ 88.566630386317797, 27.017334100079218 ], [ 88.567029443721225, 27.017565048165263 ] ] ] } },
{ "type": "Feature", "properties": { "District": "Kalimpong", "Dist_LGD": "327N001", "Sub_dist": "Pedong", "Subdis_LGD": "02157N001", "Subdis_Typ": "Cd_Block", "Vill_name": "Ladam Khasmahal", "Vill_Cat": "Forest_Village", "Vill_LGD": "306280", "arr_project": "asha2" }, "geometry": { "type": "Polygon", "coordinates": [ [ [ 88.639783420277169, 27.16484230821942 ], [ 88.640338317018404, 27.164833293097338 ], [ 88.641291830972804, 27.164914386574885 ], [ 88.642099063776541, 27.16496396984358 ], [ 88.643153445304222, 27.16510371356307 ], [ 88.643668096471373, 27.165275139572554 ], [ 88.644500516171732, 27.165500605636186 ], [ 88.645161411843901, 27.165748748370923 ], [ 88.645388475222845, 27.165866042698106 ], [ 88.645610464392078, 27.165960741352368 ], [ 88.646417710441042, 27.166127550416633 ], [ 88.646811203802542, 27.166163638130151 ], [ 88.647250176760068, 27.16604619771833 ], [ 88.647618348755842, 27.165897273866371 ], [ 88.648400237253369, 27.165436868191417 ], [ 88.648571793227305, 27.165278970276542 ], [ 88.649101454284803, 27.165138975366542 ], [ 88.649722002631137, 27.165161374194984 ], [ 88.650473712133618, 27.165161286859778 ], [ 88.651134529155641, 27.164998711147465 ], [ 88.651447357018299, 27.164854309868968 ], [ 88.651845750803304, 27.164565384083065 ], [ 88.652022319403059, 27.164371317646467 ], [ 88.652153384217115, 27.16412308882278 ], [ 88.652188645182093, 27.163721549730109 ], [ 88.652284331645291, 27.163058172407705 ], [ 88.652496100507179, 27.162575304198782 ], [ 88.652945038114936, 27.162114914904087 ], [ 88.653353593235224, 27.161934359907441 ], [ 88.653360617235307, 27.161935044351743 ], [ 88.653120651653069, 27.159835358992783 ], [ 88.653925559221662, 27.158304960053332 ], [ 88.654784803308715, 27.156697193171148 ], [ 88.655626215415623, 27.15627657504599 ], [ 88.656247729535082, 27.155998453985848 ], [ 88.657186367991429, 27.154303988045115 ], [ 88.65801346588475, 27.15359920118096 ], [ 88.658144376579656, 27.152898124593563 ], [ 88.657949523337862, 27.152002323104231 ], [ 88.659327703674009, 27.150695287653434 ], [ 88.659955772831452, 27.149839398975313 ], [ 88.659541571916208, 27.149122204249476 ], [ 88.659541924523509, 27.148463289287161 ], [ 88.660409131518975, 27.147062999033182 ], [ 88.660694302957438, 27.1451957183193 ], [ 88.660559799302874, 27.144628660948896 ], [ 88.660720789711448, 27.143575206193017 ], [ 88.661187458795752, 27.141701263439323 ], [ 88.662849066729763, 27.139104612104763 ], [ 88.663872083576152, 27.138013860408126 ], [ 88.664707326477071, 27.136167128999979 ], [ 88.665225152262252, 27.135028200704909 ], [ 88.664791294802995, 27.133322885659172 ], [ 88.664326096026372, 27.132565689096058 ], [ 88.664605534351409, 27.130657851175467 ], [ 88.664832139319785, 27.129951121313823 ], [ 88.666099578978887, 27.129362923047278 ], [ 88.667146623498226, 27.12921961285452 ], [ 88.668324797202246, 27.127716297556322 ], [ 88.668531287914362, 27.126675833870713 ], [ 88.667698287484072, 27.125945582568747 ], [ 88.667244996719432, 27.125310107686193 ], [ 88.667446833456552, 27.123615300933317 ], [ 88.668067781360065, 27.122633096795042 ], [ 88.668319049573967, 27.121551483202087 ], [ 88.668455825041562, 27.120232035017168 ], [ 88.668695086029587, 27.119701159357462 ], [ 88.669645821225032, 27.119531900036908 ], [ 88.670150297378115, 27.119539440576858 ], [ 88.669846040308144, 27.118410272167921 ], [ 88.670015848802535, 27.117618462177017 ], [ 88.671023402321183, 27.116861816159886 ], [ 88.671766970783821, 27.116329447631855 ], [ 88.671269281191243, 27.115080732030052 ], [ 88.670533837647596, 27.114462161038968 ], [ 88.669504780714306, 27.11410883675833 ], [ 88.668963018259078, 27.112946383684225 ], [ 88.668736619281006, 27.112303701425166 ], [ 88.669047548749148, 27.111505701185646 ], [ 88.669397245503745, 27.109921961204918 ], [ 88.669305720136535, 27.10919192626012 ], [ 88.669985659637732, 27.108452722423607 ], [ 88.670212731391118, 27.107782084163524 ], [ 88.67032945900948, 27.106133414256121 ], [ 88.669463161177134, 27.104848451541152 ], [ 88.668345379735015, 27.104627051186817 ], [ 88.668331615960867, 27.104378992688225 ], [ 88.668855812552565, 27.104020745032166 ], [ 88.668404484031271, 27.103511611993017 ], [ 88.668797963697486, 27.102500516257606 ], [ 88.669582097748332, 27.101308766262381 ], [ 88.670299015147876, 27.09966650077936 ], [ 88.670526672289242, 27.099036472535875 ], [ 88.671211587718687, 27.098297204789187 ], [ 88.671599768802523, 27.097611108756858 ], [ 88.670838932029753, 27.09765174990736 ], [ 88.666883521115494, 27.098199686776066 ], [ 88.665854558631878, 27.097841814841971 ], [ 88.665215722543465, 27.097267197042836 ], [ 88.663593448850165, 27.097024654071532 ], [ 88.662571730759893, 27.097497085139427 ], [ 88.660903360436393, 27.098572886167759 ], [ 88.65988815476517, 27.098463029037763 ], [ 88.658330629355149, 27.098508500113084 ], [ 88.656338522981159, 27.099520372723635 ], [ 88.653792293604127, 27.101260841609122 ], [ 88.652458805837242, 27.102486050773837 ], [ 88.650996643847634, 27.103879745907786 ], [ 88.650033603693103, 27.103891061011492 ], [ 88.648567280169416, 27.103971459615369 ], [ 88.647739212437358, 27.104590446969066 ], [ 88.646445954490233, 27.105815129748777 ], [ 88.644951722295261, 27.106058292181274 ], [ 88.644993116207559, 27.106130017144395 ], [ 88.64545740792552, 27.106842167982734 ], [ 88.646058970284187, 27.107629430842326 ], [ 88.647427042989861, 27.109445723765862 ], [ 88.649165177628177, 27.11138853690176 ], [ 88.651174726078466, 27.11395094588331 ], [ 88.651413500534971, 27.114755986727285 ], [ 88.650585386254576, 27.117437490084903 ], [ 88.65005318199475, 27.119664199397508 ], [ 88.649884001793808, 27.121196134125281 ], [ 88.649712258246026, 27.121866093309478 ], [ 88.649702702524536, 27.12190231030338 ], [ 88.649715766767144, 27.1221052472381 ], [ 88.649559646814879, 27.123840119374194 ], [ 88.648847925001192, 27.125522845016793 ], [ 88.648361377217029, 27.127771577333576 ], [ 88.648095324817191, 27.129922944352849 ], [ 88.647143401424373, 27.132772866402703 ], [ 88.646910440506602, 27.134774908843578 ], [ 88.646701022619467, 27.137006844048454 ], [ 88.647041725635376, 27.139945395843657 ], [ 88.647448895251912, 27.142598839442481 ], [ 88.647629175016689, 27.145259457448162 ], [ 88.647498270157698, 27.145965037902712 ], [ 88.646714867964732, 27.147242416062117 ], [ 88.644961880257753, 27.149144942768718 ], [ 88.644249705733102, 27.151500106373884 ], [ 88.643505479365572, 27.153390790880618 ], [ 88.642948188103233, 27.154611344119541 ], [ 88.642392590660904, 27.155258711023809 ], [ 88.641769994233385, 27.156155080219246 ], [ 88.639578342539423, 27.157746759205022 ], [ 88.638049555552442, 27.159127577366263 ], [ 88.636400143082412, 27.159850872016982 ], [ 88.634452277665162, 27.161908995083113 ], [ 88.634174190063362, 27.162562124304088 ], [ 88.633818153524189, 27.163753220372417 ], [ 88.633895970458511, 27.164939263252684 ], [ 88.635488326755521, 27.166727228370753 ], [ 88.635505451585558, 27.166683779306538 ], [ 88.636655662427003, 27.166467092126929 ], [ 88.637447709140417, 27.166277503364554 ], [ 88.637972352326841, 27.16600672897231 ], [ 88.638527248125087, 27.165582515114448 ], [ 88.638976231767515, 27.165203403325958 ], [ 88.639490745428489, 27.164923626049042 ], [ 88.639783420277169, 27.16484230821942 ] ] ] } },
{ "type": "Feature", "properties": { "District": "Kalimpong", "Dist_LGD": "327N001", "Sub_dist": "Pedong", "Subdis_LGD": "02157N001", "Subdis_Typ": "Cd_Block", "Vill_name": "Kagey Khasmahal", "Vill_Cat": "Forest_Village", "Vill_LGD": "306278", "arr_project": "asha2" }, "geometry": { "type": "Polygon", "coordinates": [ [ [ 88.607163983190404, 27.103246210334071 ], [ 88.605246892692605, 27.10221705012426 ], [ 88.604912120995806, 27.102271923467473 ], [ 88.605589169468217, 27.102794845239863 ], [ 88.606403322819972, 27.103304554753436 ], [ 88.606918768487262, 27.103731925631021 ], [ 88.607467631533993, 27.104380057598124 ], [ 88.608300415389778, 27.10513325375085 ], [ 88.608673846496785, 27.105855601397373 ], [ 88.609145925083467, 27.106775395597815 ], [ 88.609365182521898, 27.107648440751785 ], [ 88.609647860090817, 27.108723852411636 ], [ 88.609841915483301, 27.109597185098075 ], [ 88.609911276581954, 27.109862668018998 ], [ 88.610131716106849, 27.110464906990384 ], [ 88.61051998182306, 27.111164511107319 ], [ 88.61096397862535, 27.111881526862039 ], [ 88.611810547742479, 27.112535251595062 ], [ 88.61275959606769, 27.113300622537878 ], [ 88.614155778105271, 27.1142955336272 ], [ 88.614877028659251, 27.115000323931934 ], [ 88.61505154973446, 27.115914489624458 ], [ 88.61512173207575, 27.116938172210098 ], [ 88.615405385465806, 27.117724714090294 ], [ 88.615785685061724, 27.11821678659485 ], [ 88.616446134534314, 27.118899700401226 ], [ 88.617013307510021, 27.11975969801194 ], [ 88.617453182933232, 27.120535408729868 ], [ 88.618007516358603, 27.121553511028939 ], [ 88.61819090381654, 27.122029791836699 ], [ 88.618183829004423, 27.122589505606225 ], [ 88.618195348967276, 27.123740229370089 ], [ 88.618091267266152, 27.12491936227525 ], [ 88.618227307924784, 27.125960334266356 ], [ 88.618704898864451, 27.12655056645923 ], [ 88.619383185297437, 27.127066270423672 ], [ 88.619821547195585, 27.127733672888592 ], [ 88.619962657011257, 27.128075044588716 ], [ 88.620377666373514, 27.128521571346329 ], [ 88.620976254101592, 27.129105884093221 ], [ 88.621500469465587, 27.130128828685589 ], [ 88.622049225727707, 27.130754330700338 ], [ 88.622752834016538, 27.131274237969176 ], [ 88.623178319127263, 27.132095226273712 ], [ 88.623564961874891, 27.133020462679006 ], [ 88.62403741687784, 27.133949219067794 ], [ 88.625062414997871, 27.135413154596634 ], [ 88.625683851057772, 27.136177706130237 ], [ 88.626439121669776, 27.136778231420955 ], [ 88.627938284914862, 27.138236647637161 ], [ 88.629096681421927, 27.139152914399236 ], [ 88.629430676379158, 27.139573272438213 ], [ 88.629960915930582, 27.140654781408522 ], [ 88.629501072983629, 27.141296472192565 ], [ 88.628879630332207, 27.141578986843012 ], [ 88.628930645617899, 27.142314036334319 ], [ 88.629480093649633, 27.142980113875204 ], [ 88.630178179571246, 27.143806936564967 ], [ 88.630875685609865, 27.144593143974515 ], [ 88.631481230719231, 27.145299179980924 ], [ 88.631513078307776, 27.146449658287203 ], [ 88.63175867595622, 27.147381019615938 ], [ 88.632281770916137, 27.148313665893781 ], [ 88.63225466575517, 27.149225632995588 ], [ 88.631964994756501, 27.149775089725072 ], [ 88.632376598811689, 27.15032541682265 ], [ 88.633133194004571, 27.151354631760881 ], [ 88.633209280548797, 27.152423355741345 ], [ 88.633388993324701, 27.152985403820026 ], [ 88.634092900338445, 27.154552287080769 ], [ 88.634777517651159, 27.156525570655855 ], [ 88.634918333527921, 27.158572884775158 ], [ 88.634589050704108, 27.159867472733094 ], [ 88.633913740368229, 27.162001018081753 ], [ 88.634174190063362, 27.162562124304088 ], [ 88.634452277665162, 27.161908995083113 ], [ 88.636400143082412, 27.159850872016982 ], [ 88.638049555552442, 27.159127577366263 ], [ 88.639578342539423, 27.157746759205022 ], [ 88.641769994233385, 27.156155080219246 ], [ 88.642392590660904, 27.155258711023809 ], [ 88.642948188103233, 27.154611344119541 ], [ 88.643505479365572, 27.153390790880618 ], [ 88.644249705733102, 27.151500106373884 ], [ 88.644961880257753, 27.149144942768718 ], [ 88.646714867964732, 27.147242416062117 ], [ 88.64620087244235, 27.146594045799024 ], [ 88.645281399575822, 27.145472038705758 ], [ 88.642869226508083, 27.14335205570432 ], [ 88.640855469508253, 27.141908851166999 ], [ 88.639430762925912, 27.140382012943711 ], [ 88.639107215578662, 27.138260111652194 ], [ 88.638950039256116, 27.136822260797366 ], [ 88.639137512921295, 27.135150216153615 ], [ 88.639508851927587, 27.13363398163089 ], [ 88.639141197696034, 27.132636362095656 ], [ 88.637169920375882, 27.130975968181446 ], [ 88.635770244816229, 27.1297692247188 ], [ 88.63481369352634, 27.128855174729559 ], [ 88.6346407588305, 27.128062876209452 ], [ 88.634362690408395, 27.12663093729725 ], [ 88.633791233377721, 27.126181760996634 ], [ 88.633586079083102, 27.124906930350555 ], [ 88.632547057486192, 27.12282491813524 ], [ 88.631636764537703, 27.122659485927297 ], [ 88.629112133360309, 27.122472168232445 ], [ 88.626870974440308, 27.122006218792073 ], [ 88.625959930229811, 27.121439087723871 ], [ 88.624073181606079, 27.120016712574461 ], [ 88.621896892571897, 27.1184487208508 ], [ 88.619978586770472, 27.117279388906802 ], [ 88.61912039611552, 27.116174535420736 ], [ 88.619004859543722, 27.115155892003063 ], [ 88.618869977432283, 27.113844116247698 ], [ 88.617372604275772, 27.110724716832216 ], [ 88.617087418034473, 27.110181906899435 ], [ 88.616590322295139, 27.109632508556917 ], [ 88.615718667181184, 27.108988128715495 ], [ 88.613652029400427, 27.107657933383535 ], [ 88.611606836628312, 27.106413209919499 ], [ 88.610057250465189, 27.105262065407683 ], [ 88.607163983190404, 27.103246210334071 ] ] ] } },
{ "type": "Feature", "properties": { "District": "Kalimpong", "Dist_LGD": "327N001", "Sub_dist": "Pedong", "Subdis_LGD": "02157N001", "Subdis_Typ": "Cd_Block", "Vill_name": "Mairung Forest", "Vill_Cat": "Others", "Vill_LGD": "306291", "arr_project": "asha2" }, "geometry": { "type": "Polygon", "coordinates": [ [ [ 88.596648430114826, 27.110645900686318 ], [ 88.597254192759621, 27.107488803742047 ], [ 88.597791338790472, 27.105894049945444 ], [ 88.598826096502123, 27.104893886763413 ], [ 88.600818284801562, 27.103133619964467 ], [ 88.603802812590658, 27.102010834760247 ], [ 88.603641560822297, 27.101956173485302 ], [ 88.603670602391645, 27.101782029969961 ], [ 88.603922133908981, 27.101499322945479 ], [ 88.604307259808508, 27.101459517446781 ], [ 88.604723914211007, 27.101423581997896 ], [ 88.604761825601841, 27.101420070910294 ], [ 88.605387044322512, 27.101362166990434 ], [ 88.605963129122202, 27.1012099170031 ], [ 88.606638081365617, 27.10111162027086 ], [ 88.606894494004436, 27.101145724131115 ], [ 88.607150906907407, 27.101179829407105 ], [ 88.607936896327757, 27.101255446193591 ], [ 88.608126730765463, 27.101333066597004 ], [ 88.608127765946662, 27.101333490563249 ], [ 88.608326655307877, 27.1014148118485 ], [ 88.608563797169623, 27.101604216295794 ], [ 88.608801287164894, 27.101950459875454 ], [ 88.608948495900648, 27.102327430215926 ], [ 88.608952066060482, 27.102338342834042 ], [ 88.609061316696511, 27.102672304199142 ], [ 88.609078177908728, 27.102739540498508 ], [ 88.609192037907178, 27.103193592968868 ], [ 88.609200606412728, 27.103584898086471 ], [ 88.609029892589845, 27.103666727353311 ], [ 88.608696416485557, 27.103590505814882 ], [ 88.608404925587664, 27.103428133986153 ], [ 88.608249765976382, 27.103341703438108 ], [ 88.607809929175531, 27.103138296978873 ], [ 88.607551444390097, 27.103018756197002 ], [ 88.607551406110176, 27.10301873803574 ], [ 88.607370093480242, 27.102934884658801 ], [ 88.607109660557256, 27.102818966204058 ], [ 88.606921448246595, 27.102735190760114 ], [ 88.606643227372103, 27.102611352512508 ], [ 88.606368001621036, 27.10248884792901 ], [ 88.605916362818533, 27.102287815173046 ], [ 88.605711469327773, 27.10223433007268 ], [ 88.605593454837106, 27.102203523959055 ], [ 88.605491606880904, 27.102176937681588 ], [ 88.605246892692605, 27.10221705012426 ], [ 88.607163983190404, 27.103246210334071 ], [ 88.610057250465189, 27.105262065407683 ], [ 88.611606836628312, 27.106413209919499 ], [ 88.613652029400427, 27.107657933383535 ], [ 88.615718667181184, 27.108988128715495 ], [ 88.616590322295139, 27.109632508556917 ], [ 88.617087418034473, 27.110181906899435 ], [ 88.617372604275772, 27.110724716832216 ], [ 88.618873222407117, 27.109163926901701 ], [ 88.620555128482849, 27.107587490897657 ], [ 88.623193383232916, 27.105187619207811 ], [ 88.62355556795174, 27.104425222434692 ], [ 88.623790345086832, 27.102522465998351 ], [ 88.623421939597932, 27.101804618305948 ], [ 88.622891477960223, 27.101038995352777 ], [ 88.622801047181937, 27.101062604824932 ], [ 88.620866723887133, 27.101211304128284 ], [ 88.619338635082357, 27.100854332214148 ], [ 88.617112989065802, 27.100031489662332 ], [ 88.616466237053785, 27.099592128629535 ], [ 88.616198558089323, 27.099563616056106 ], [ 88.614826296478554, 27.099520722632697 ], [ 88.613520028396167, 27.099156623580111 ], [ 88.611745124855588, 27.098463912980627 ], [ 88.610635443648263, 27.098445045600826 ], [ 88.609250271973252, 27.098203665852882 ], [ 88.608356065682301, 27.097383479116843 ], [ 88.605734371420795, 27.094592718599969 ], [ 88.605127277910313, 27.093746662632736 ], [ 88.604337844678327, 27.093904612681882 ], [ 88.601287459527796, 27.097121211329338 ], [ 88.600574221780533, 27.098384006405791 ], [ 88.59920484845253, 27.100317707865088 ], [ 88.597899841908657, 27.102525970964972 ], [ 88.597557501402932, 27.103987627149156 ], [ 88.595598419260298, 27.107020195773128 ], [ 88.593331912418748, 27.110787364990252 ], [ 88.591083639971188, 27.114071380803257 ], [ 88.589208862323417, 27.117026187885724 ], [ 88.587814955192641, 27.118680246741757 ], [ 88.587187573304362, 27.119256002808061 ], [ 88.58733170647605, 27.119461981111897 ], [ 88.587264715347061, 27.120433076700404 ], [ 88.586825951265212, 27.12115112097344 ], [ 88.586181200178501, 27.124787018977656 ], [ 88.586360260567119, 27.126752750647615 ], [ 88.586791477248923, 27.12728494895573 ], [ 88.588292251857055, 27.128545213390115 ], [ 88.589252080723597, 27.129003723564903 ], [ 88.588939789546487, 27.127608168176025 ], [ 88.588396334848085, 27.126986983896522 ], [ 88.588464616217152, 27.124679968323441 ], [ 88.588997689130863, 27.12242636428817 ], [ 88.589257328493616, 27.120812213832064 ], [ 88.59046203380386, 27.118975243371764 ], [ 88.59356111675082, 27.1159298092619 ], [ 88.594893445405859, 27.114565239576251 ], [ 88.595644315603693, 27.113455492000522 ], [ 88.596648430114826, 27.110645900686318 ] ], [ [ 88.59636348223637, 27.108862258353543 ], [ 88.596557092118701, 27.108775700005051 ], [ 88.596696705314187, 27.10877078271195 ], [ 88.596753066553973, 27.108814876159034 ], [ 88.59680943084571, 27.108858968498339 ], [ 88.596717020740556, 27.108953165942562 ], [ 88.59665892337388, 27.109012385511413 ], [ 88.596486078153958, 27.109201386871142 ], [ 88.596369390253031, 27.109227705764617 ], [ 88.596237075509222, 27.109151049395042 ], [ 88.596199618011894, 27.109047777845312 ], [ 88.596193863738279, 27.109031911125985 ], [ 88.59636348223637, 27.108862258353543 ] ], [ [ 88.598364319294546, 27.104182034039898 ], [ 88.598542512258746, 27.10409706671679 ], [ 88.598553548756598, 27.104151524487317 ], [ 88.598563273978556, 27.104199510138105 ], [ 88.598584036631792, 27.104301951654477 ], [ 88.598591888493658, 27.104481789953304 ], [ 88.598353464733705, 27.104791664115474 ], [ 88.598204175296502, 27.104854627312996 ], [ 88.597999999945259, 27.104805711523408 ], [ 88.598047240212281, 27.104615219480468 ], [ 88.598220017509632, 27.104396609916051 ], [ 88.598364319294546, 27.104182034039898 ] ], [ [ 88.599552892983652, 27.100752457239345 ], [ 88.59980368722114, 27.100667119137874 ], [ 88.599998637438659, 27.100670746664861 ], [ 88.600065943575729, 27.100758871698108 ], [ 88.600133251731549, 27.100846994747254 ], [ 88.600078877089899, 27.10107842438487 ], [ 88.599794337231003, 27.101214788199425 ], [ 88.599607180187746, 27.101032084449294 ], [ 88.599552892983652, 27.100752457239345 ] ], [ [ 88.606766251772228, 27.097225740115647 ], [ 88.607280456621666, 27.097172587376537 ], [ 88.607291968779876, 27.097226642487843 ], [ 88.607370636732426, 27.097596045145636 ], [ 88.606898832619208, 27.097601539369041 ], [ 88.606766251772228, 27.097225740115647 ] ] ] } },
{ "type": "Feature", "properties": { "District": "Kalimpong", "Dist_LGD": "327N001", "Sub_dist": "Gorubathan", "Subdis_LGD": "2158", "Subdis_Typ": "Cd_Block", "Vill_name": "Dalingkot Forest", "Vill_Cat": "Others", "Vill_LGD": "306341", "arr_project": "asha2" }, "geometry": { "type": "Polygon", "coordinates": [ [ [ 88.717523920852258, 27.018936103921206 ], [ 88.718099486273999, 27.018346893189825 ], [ 88.718875695825744, 27.018359984249873 ], [ 88.719465221268436, 27.018357298195362 ], [ 88.719951441511938, 27.018188887257111 ], [ 88.720389431157159, 27.017831514927909 ], [ 88.72140015558648, 27.017692794413826 ], [ 88.722592577715361, 27.017903863151595 ], [ 88.723211433813148, 27.017842131568514 ], [ 88.723847420011452, 27.017252158910068 ], [ 88.724230328085255, 27.016588560729339 ], [ 88.724689146367353, 27.015946596854103 ], [ 88.725444236918435, 27.014908363044022 ], [ 88.725790347126392, 27.014145924266053 ], [ 88.726232798556211, 27.012764011575541 ], [ 88.726354265546163, 27.012139718319318 ], [ 88.726623070808373, 27.011265397848053 ], [ 88.726614725230917, 27.010719417674153 ], [ 88.72685371588112, 27.009543086312998 ], [ 88.726775883449676, 27.008406745275625 ], [ 88.727091465106085, 27.007626625202526 ], [ 88.727434372868018, 27.005997710996184 ], [ 88.727425614812958, 27.004765746949385 ], [ 88.72771661716132, 27.004026545036073 ], [ 88.728024728887462, 27.002759102020431 ], [ 88.727745536203585, 27.002293167327419 ], [ 88.727410245204737, 27.0017827891477 ], [ 88.727200200153121, 27.001225743252032 ], [ 88.726681365649114, 27.000573194271723 ], [ 88.726263841052742, 26.999626050763407 ], [ 88.726142685384914, 26.998950573230825 ], [ 88.725730683374252, 26.998364406921972 ], [ 88.725689704300322, 26.997990323191914 ], [ 88.726025272351464, 26.997530389750075 ], [ 88.726284177809788, 26.996999186068741 ], [ 88.726675078624808, 26.996534060350271 ], [ 88.726952685217668, 26.99557839483705 ], [ 88.72724029229731, 26.994618095104826 ], [ 88.727265906645741, 26.993327037717492 ], [ 88.727161522953551, 26.992430213462512 ], [ 88.72717015925933, 26.99167642156171 ], [ 88.726523997246062, 26.991260112290941 ], [ 88.725849272589357, 26.990952462642337 ], [ 88.725292061771313, 26.990422229726484 ], [ 88.725028023680522, 26.989956101885941 ], [ 88.724808355458805, 26.989426246397425 ], [ 88.72510452698819, 26.98836655601492 ], [ 88.725312441637243, 26.987465905154998 ], [ 88.725141080465434, 26.986800065221612 ], [ 88.72495915229274, 26.986432219007785 ], [ 88.724688782469016, 26.985880418148803 ], [ 88.72421785831483, 26.985060284920067 ], [ 88.72388175998276, 26.984161777577452 ], [ 88.723304585105595, 26.983640806054048 ], [ 88.722456404531997, 26.98318632765374 ], [ 88.721809988627427, 26.982417975181711 ], [ 88.721449467736079, 26.981898859672313 ], [ 88.721222027357996, 26.981518024256825 ], [ 88.720298521269854, 26.98207087375301 ], [ 88.719631894175635, 26.98229112674602 ], [ 88.718716420213696, 26.982379019381472 ], [ 88.717442769912012, 26.982101196004663 ], [ 88.716769183373486, 26.982195154090775 ], [ 88.716141880560187, 26.982351728447984 ], [ 88.715575317610259, 26.982859581580552 ], [ 88.715036095024743, 26.983177551120072 ], [ 88.714126376562177, 26.98397841491585 ], [ 88.713438759384346, 26.984144737110476 ], [ 88.71254994898905, 26.984331553868255 ], [ 88.711637642275491, 26.984297508253157 ], [ 88.711021728994083, 26.983876243360641 ], [ 88.710162701253623, 26.983367662585991 ], [ 88.709006098214203, 26.982167667379489 ], [ 88.708409458200421, 26.981353514146925 ], [ 88.707883133922465, 26.980524965958132 ], [ 88.706733322586544, 26.979437694607633 ], [ 88.705975822647815, 26.978977501790332 ], [ 88.704985565847622, 26.978781882937401 ], [ 88.70400871409521, 26.978807237710228 ], [ 88.703319819217171, 26.978887775613359 ], [ 88.702469418289709, 26.978947696868257 ], [ 88.70187655082205, 26.979049632709948 ], [ 88.701373237488113, 26.979412247672641 ], [ 88.701332728204619, 26.979733169732391 ], [ 88.701684369362241, 26.980338197313529 ], [ 88.702001844101801, 26.981015844570504 ], [ 88.702442373374453, 26.981836425521898 ], [ 88.702943152049826, 26.982308767121975 ], [ 88.703419560994107, 26.983169529296209 ], [ 88.703856845914459, 26.983773513664353 ], [ 88.704660642421629, 26.985298253965624 ], [ 88.705092427822677, 26.986204680097391 ], [ 88.705390748293311, 26.986945734970444 ], [ 88.706060429756391, 26.987592030453943 ], [ 88.706541580374704, 26.988096185078792 ], [ 88.706807852322157, 26.988381798591668 ], [ 88.707101011046646, 26.988779914901897 ], [ 88.707513358673353, 26.98939772806418 ], [ 88.708099616450241, 26.989855472646347 ], [ 88.708382292773393, 26.989892663295347 ], [ 88.708915060225067, 26.990477420433713 ], [ 88.70919856812155, 26.99090272629989 ], [ 88.709444387910054, 26.991833957830668 ], [ 88.709761480968808, 26.992813968645191 ], [ 88.709923387511978, 26.993859045152952 ], [ 88.710551779805797, 26.995101548378003 ], [ 88.710683474713548, 26.996146989692956 ], [ 88.710893258406941, 26.99735846769104 ], [ 88.711005682429672, 26.998128843675616 ], [ 88.711160455152239, 26.999034097754794 ], [ 88.711213373789235, 26.999534410285293 ], [ 88.711421861652923, 27.001657549582141 ], [ 88.71140924924083, 27.002488113649623 ], [ 88.711580027376826, 27.004449239351409 ], [ 88.711596014270199, 27.006502506434824 ], [ 88.711684567157477, 27.007358918823943 ], [ 88.711232723814646, 27.008131638401743 ], [ 88.711001586816778, 27.010169855030799 ], [ 88.710358397671001, 27.011617348167686 ], [ 88.710343797805223, 27.012317056454574 ], [ 88.710030359750164, 27.013580018324543 ], [ 88.709967035806301, 27.014722601341301 ], [ 88.710383161701799, 27.016247486777576 ], [ 88.711036457968319, 27.01712862882572 ], [ 88.711631427473364, 27.018150381970681 ], [ 88.712453440582976, 27.018857967972746 ], [ 88.714275205629207, 27.02036122016473 ], [ 88.715280068008042, 27.020497912173457 ], [ 88.715918685109997, 27.020408893759758 ], [ 88.716554350852505, 27.020125845897503 ], [ 88.717016725475389, 27.019714028681324 ], [ 88.717523920852258, 27.018936103921206 ] ], [ [ 88.705907096426756, 26.980678004884794 ], [ 88.706810439498426, 26.980593723949791 ], [ 88.707023906243151, 26.980856937662114 ], [ 88.707210532700785, 26.981087057457668 ], [ 88.707414755092117, 26.981338870024562 ], [ 88.70821446167092, 26.982272822592847 ], [ 88.708806975314957, 26.982938229965459 ], [ 88.709165092484682, 26.983340395445122 ], [ 88.709527852613078, 26.98365914338973 ], [ 88.710557786557828, 26.984805588848484 ], [ 88.710838120428576, 26.985195238763072 ], [ 88.711091492778351, 26.985547409153323 ], [ 88.711328328729479, 26.985876591904081 ], [ 88.711590596744159, 26.986315070238405 ], [ 88.711668701379011, 26.98653632767325 ], [ 88.711852750224693, 26.987057705497843 ], [ 88.712014504683438, 26.987613538859794 ], [ 88.712107804848586, 26.987934137909381 ], [ 88.712360275697378, 26.988886873415378 ], [ 88.712738639982689, 26.99035700003861 ], [ 88.713840599143523, 26.99059417588148 ], [ 88.715857833872718, 26.990660195567209 ], [ 88.716996021145377, 26.990846055620896 ], [ 88.717018533825282, 26.991575555005184 ], [ 88.717241833352162, 26.992699055082539 ], [ 88.717339887578717, 26.993177326184348 ], [ 88.717653956893997, 26.994709172186173 ], [ 88.71783376808861, 26.995659932408504 ], [ 88.718190692913041, 26.995907964260905 ], [ 88.719751227286224, 26.996373028659928 ], [ 88.721256737450801, 26.996501635378081 ], [ 88.72235720620111, 26.996520273310729 ], [ 88.722503219146205, 26.996657968361454 ], [ 88.722792932772833, 26.996931172191687 ], [ 88.722552817802423, 26.997144354893372 ], [ 88.721704475011805, 26.997897540066287 ], [ 88.721386406468895, 26.998179926051353 ], [ 88.720002275232176, 26.999445353851097 ], [ 88.717486563508459, 27.001607781579132 ], [ 88.716991164034567, 27.001795669440973 ], [ 88.71628330893283, 27.001460557891718 ], [ 88.715475866824789, 27.000860163785379 ], [ 88.714168584776701, 26.999931531133221 ], [ 88.713068639006735, 26.999104891380565 ], [ 88.712599727206197, 26.998843943863932 ], [ 88.712046818040207, 26.998536248451444 ], [ 88.711370152741537, 26.997998263814278 ], [ 88.712057780396421, 26.997423075134495 ], [ 88.71290526704847, 26.996992851216739 ], [ 88.713949802394325, 26.996665703769565 ], [ 88.714660791098197, 26.99611659473975 ], [ 88.714490189289592, 26.995643845155016 ], [ 88.71438640108137, 26.995356236392396 ], [ 88.713770253846079, 26.994089632906967 ], [ 88.713677518808709, 26.993986196051367 ], [ 88.71332627918369, 26.993594419520701 ], [ 88.713279172926164, 26.993541876282006 ], [ 88.712479685648233, 26.992927971047617 ], [ 88.712199828374594, 26.992713072469254 ], [ 88.711719973250254, 26.992173644105584 ], [ 88.710955970739548, 26.991388100235216 ], [ 88.709756317709392, 26.990191579328826 ], [ 88.708847413265616, 26.989611159584669 ], [ 88.707942069823687, 26.988963827061351 ], [ 88.707712757542666, 26.988645475113536 ], [ 88.708422801038083, 26.988087000688616 ], [ 88.70920477085771, 26.987929750820488 ], [ 88.709149792491971, 26.98759329565603 ], [ 88.708967654966983, 26.98723822956558 ], [ 88.70877485073045, 26.986862365362999 ], [ 88.708360535216826, 26.986049980861548 ], [ 88.707493099331529, 26.984552790717039 ], [ 88.707099318517535, 26.983738265085027 ], [ 88.706555009249882, 26.98276828366831 ], [ 88.706506997854788, 26.98266602176605 ], [ 88.705708293032757, 26.980964773613028 ], [ 88.705907096426756, 26.980678004884794 ] ] ] } },
{ "type": "Feature", "properties": { "District": "Kalimpong", "Dist_LGD": "327N001", "Sub_dist": "Gorubathan", "Subdis_LGD": "2158", "Subdis_Typ": "Cd_Block", "Vill_name": "Nim Khasmahal", "Vill_Cat": "Forest_Village", "Vill_LGD": "306331", "arr_project": "asha2" }, "geometry": { "type": "Polygon", "coordinates": [ [ [ 88.66288030054254, 27.015196338203953 ], [ 88.660092248557788, 27.016122846477742 ], [ 88.658670430259946, 27.016410393641493 ], [ 88.657717417823292, 27.016710460922571 ], [ 88.656467742314703, 27.017054630723894 ], [ 88.655419256732529, 27.017373858734196 ], [ 88.654815332177947, 27.017426091009572 ], [ 88.654055089556266, 27.017471130024589 ], [ 88.653046851025721, 27.017442352599666 ], [ 88.651851141801032, 27.017343557843329 ], [ 88.650870469156715, 27.01747691665128 ], [ 88.650584939379868, 27.017593094045051 ], [ 88.650388157787518, 27.017920350341466 ], [ 88.650314864768859, 27.01842217242163 ], [ 88.650189844177177, 27.019177337969996 ], [ 88.650032612062645, 27.019797485726073 ], [ 88.650001366348505, 27.020073156851023 ], [ 88.649949147855807, 27.020637915615819 ], [ 88.649964472064212, 27.021341792121287 ], [ 88.649822786598079, 27.022336350902197 ], [ 88.649359821508156, 27.023415912968179 ], [ 88.648913737626131, 27.023926615044907 ], [ 88.648050670129678, 27.024870949989563 ], [ 88.647314772899549, 27.025552027076834 ], [ 88.646456556847411, 27.026139756040099 ], [ 88.645373170985934, 27.026838426757333 ], [ 88.644685724485214, 27.027388042593341 ], [ 88.644004669294446, 27.02768484335985 ], [ 88.643531753501136, 27.027740010913647 ], [ 88.643029590984966, 27.027863216895671 ], [ 88.642461398481103, 27.027951086253662 ], [ 88.641793085800998, 27.028085251743668 ], [ 88.64122515325127, 27.028191165617145 ], [ 88.640448543027375, 27.028502603130448 ], [ 88.640619937618155, 27.028852632838436 ], [ 88.640751547219082, 27.029239232738206 ], [ 88.640902525561216, 27.029571449238514 ], [ 88.641085379167365, 27.030016121795473 ], [ 88.641224917839978, 27.030601209285457 ], [ 88.641269558600257, 27.030898558476203 ], [ 88.642248361162743, 27.031320406146865 ], [ 88.642983332016385, 27.03160969791784 ], [ 88.643799147693102, 27.032259096316849 ], [ 88.64459420093992, 27.032520597772503 ], [ 88.645435410217999, 27.032145197656899 ], [ 88.646023944679172, 27.031723102891167 ], [ 88.646608065986783, 27.030998674684252 ], [ 88.647462890338431, 27.030866815539031 ], [ 88.648502831763807, 27.030642520059736 ], [ 88.650359698323612, 27.029763255234293 ], [ 88.652547552710047, 27.02911927926489 ], [ 88.654707134402912, 27.028610998002172 ], [ 88.65574783066171, 27.028440797629216 ], [ 88.656024084784349, 27.02906487812135 ], [ 88.656226348964907, 27.029798143946756 ], [ 88.656541726499398, 27.030340525187246 ], [ 88.656652171531277, 27.030998146261087 ], [ 88.656992286244432, 27.031508642613801 ], [ 88.657254494829203, 27.032548096265892 ], [ 88.65742183055518, 27.033647336006425 ], [ 88.657521609610029, 27.03460746425413 ], [ 88.657820101330188, 27.035371185147252 ], [ 88.658196104887935, 27.036950873089051 ], [ 88.659137816237248, 27.036899155355389 ], [ 88.660947555871317, 27.036241450722578 ], [ 88.662161353788065, 27.035843500803622 ], [ 88.662805549764528, 27.035781732840718 ], [ 88.663861182710733, 27.036279240999665 ], [ 88.664433921844747, 27.036498124841746 ], [ 88.66535655485464, 27.036861801035101 ], [ 88.665797084540529, 27.037001007116732 ], [ 88.666531881065382, 27.03727212244991 ], [ 88.667894661182572, 27.037747908413692 ], [ 88.668877317020872, 27.038079256093727 ], [ 88.66961956894464, 27.038512738877913 ], [ 88.670837109716587, 27.03904888995152 ], [ 88.671728886126473, 27.038347787236276 ], [ 88.672101068585746, 27.037955234982558 ], [ 88.673132851967793, 27.037180251177752 ], [ 88.673645917907109, 27.03677247981636 ], [ 88.673921858869434, 27.036687961650276 ], [ 88.674291467417092, 27.036462420540531 ], [ 88.674468250634405, 27.036148911196737 ], [ 88.674487017953126, 27.035715427388279 ], [ 88.674712048077652, 27.035256921857123 ], [ 88.674797324400075, 27.034890343215459 ], [ 88.675147720581535, 27.034389727819029 ], [ 88.67544409384378, 27.033984531405366 ], [ 88.675644726271926, 27.033580472554728 ], [ 88.675744982079095, 27.033204689358971 ], [ 88.675827454353438, 27.032310105640764 ], [ 88.675894606763165, 27.031402166218644 ], [ 88.675891673026953, 27.030865138197019 ], [ 88.675972105275292, 27.030512154693973 ], [ 88.676102120492175, 27.030104424788735 ], [ 88.676353802321515, 27.029744889409251 ], [ 88.676587403940772, 27.029525475806594 ], [ 88.676851774127471, 27.029341801334223 ], [ 88.6778616656417, 27.029135701170791 ], [ 88.67837722753103, 27.028899383620317 ], [ 88.678530272661206, 27.028685440738894 ], [ 88.678906025270152, 27.028536539291235 ], [ 88.679043684246366, 27.028304727162283 ], [ 88.678901460763726, 27.028229701247536 ], [ 88.678633004448898, 27.028138126668292 ], [ 88.678388600232225, 27.02796954189597 ], [ 88.678056193068642, 27.027644046785195 ], [ 88.678000240473679, 27.027270124377019 ], [ 88.678176330392546, 27.026911487392756 ], [ 88.678629472576958, 27.02654503164495 ], [ 88.678931992899791, 27.026216477819858 ], [ 88.679384732423074, 27.025484463385663 ], [ 88.679581640323519, 27.025170707133732 ], [ 88.679921371401377, 27.024972587879542 ], [ 88.680370804575006, 27.024696434910144 ], [ 88.680530088907631, 27.024563652908846 ], [ 88.680886206742542, 27.024112600361963 ], [ 88.681039173720379, 27.023894142675118 ], [ 88.681424780187029, 27.023393093126682 ], [ 88.682415654416502, 27.022252971123461 ], [ 88.683272362728317, 27.021579299034467 ], [ 88.684073852492702, 27.021258307253497 ], [ 88.684742533115752, 27.021155529731779 ], [ 88.685739969116185, 27.02079607806294 ], [ 88.686065892902747, 27.020349887862491 ], [ 88.68637058251808, 27.019831741937754 ], [ 88.686597135712603, 27.019143032087442 ], [ 88.687192920731675, 27.017872217091057 ], [ 88.687378910038234, 27.017504424860313 ], [ 88.687809741966689, 27.016998303149006 ], [ 88.688126920416892, 27.016642476667194 ], [ 88.688365152948478, 27.016061939445855 ], [ 88.688386882388244, 27.015493025362176 ], [ 88.688328588111844, 27.014627203305874 ], [ 88.687886581601717, 27.013373338829428 ], [ 88.687729656803029, 27.011976150277217 ], [ 88.688028837536848, 27.010754017990834 ], [ 88.688291980074268, 27.010155129892325 ], [ 88.688406816719251, 27.009747571454753 ], [ 88.688396452185074, 27.009391157945181 ], [ 88.688321047544207, 27.008728630887546 ], [ 88.688008401399173, 27.008037357174345 ], [ 88.687835011376606, 27.007561043378669 ], [ 88.687778229831892, 27.007132975993041 ], [ 88.687813138836972, 27.006771506994763 ], [ 88.687982108969891, 27.006277550388049 ], [ 88.688151886292815, 27.005837741234469 ], [ 88.688570508428512, 27.005191857200636 ], [ 88.688800261274949, 27.004719736151365 ], [ 88.689125251905125, 27.004214881093823 ], [ 88.689271790945, 27.003906230208027 ], [ 88.689499941933221, 27.003664296846271 ], [ 88.689838173483793, 27.003371397731641 ], [ 88.690364116572084, 27.002828024365495 ], [ 88.690380529992709, 27.002241120256535 ], [ 88.690301071587669, 27.001307854900546 ], [ 88.690258565395922, 27.000486974220863 ], [ 88.689921419952697, 26.999841128270933 ], [ 88.689582547383509, 26.99941644586945 ], [ 88.68906312186455, 26.99870960029191 ], [ 88.688696373070229, 26.998104723855228 ], [ 88.688651606199755, 26.997468908075291 ], [ 88.688612551934739, 26.996878155104138 ], [ 88.688979891959903, 26.996174214107036 ], [ 88.689560609415949, 26.995589567525553 ], [ 88.690028164890762, 26.995186802890661 ], [ 88.68935024184934, 26.995334842923221 ], [ 88.688752641680466, 26.995463862829432 ], [ 88.688226841168046, 26.995677769690289 ], [ 88.68780804829612, 26.996310114787317 ], [ 88.687633175687438, 26.996745472440999 ], [ 88.687127463318262, 26.997293106643312 ], [ 88.68658131159232, 26.997832197615764 ], [ 88.686119634494318, 26.997955066745849 ], [ 88.685775281546526, 26.997837333837559 ], [ 88.685434286714283, 26.997606730661534 ], [ 88.684927490143451, 26.998420647016825 ], [ 88.684517936470002, 26.998998714715135 ], [ 88.68373951253146, 26.999842953572912 ], [ 88.683473746369501, 27.000265852570742 ], [ 88.683031536642829, 27.001020320266363 ], [ 88.68262592648999, 27.001526124727569 ], [ 88.682523500336913, 27.002091491733395 ], [ 88.682233678820793, 27.002591400190624 ], [ 88.681886830830024, 27.002983673335187 ], [ 88.681485239293224, 27.003421729542616 ], [ 88.680735440535855, 27.00450029603892 ], [ 88.680011891438355, 27.005650755398641 ], [ 88.679420522076512, 27.006542384823277 ], [ 88.678418932870855, 27.007632967646384 ], [ 88.677619117280997, 27.008400707019362 ], [ 88.677151395378004, 27.008798922908934 ], [ 88.676453925074895, 27.00967375190136 ], [ 88.675123213472475, 27.01065991602761 ], [ 88.674351841616883, 27.011309958019666 ], [ 88.673647113795681, 27.011697441137557 ], [ 88.67294695160237, 27.012053274050956 ], [ 88.67189836474023, 27.012359083191374 ], [ 88.670892546283966, 27.012831363748859 ], [ 88.669923485839419, 27.013064005083006 ], [ 88.669009172939383, 27.013250859350098 ], [ 88.668281195945625, 27.013430986559815 ], [ 88.667150774623423, 27.013656494302658 ], [ 88.665272095348925, 27.014396318902513 ], [ 88.664418484512538, 27.014600478305116 ], [ 88.663531398568196, 27.014926882864046 ], [ 88.66288030054254, 27.015196338203953 ] ] ] } },
{ "type": "Feature", "properties": { "District": "Kalimpong", "Dist_LGD": "327N001", "Sub_dist": "Kalimpong - I", "Subdis_LGD": "2156", "Subdis_Typ": "Cd_Block", "Vill_name": "Nimbong Khasmahal", "Vill_Cat": "Forest_Village", "Vill_LGD": "306244", "arr_project": "asha2" }, "geometry": { "type": "Polygon", "coordinates": [ [ [ 88.575002520314612, 26.954279857798735 ], [ 88.573779332756502, 26.955051751974569 ], [ 88.573017885484035, 26.956071231268645 ], [ 88.57256744592901, 26.958089193931173 ], [ 88.569319358641124, 26.961031960319382 ], [ 88.567264436868626, 26.963582277063605 ], [ 88.567243867530465, 26.964643135343994 ], [ 88.567678234717675, 26.968366306064496 ], [ 88.567370216304212, 26.970129923899041 ], [ 88.567305395003629, 26.970541357111486 ], [ 88.566927430517225, 26.971619727723287 ], [ 88.567282067011661, 26.972130302704375 ], [ 88.567073975162074, 26.972380848532971 ], [ 88.56718366690977, 26.973390612197555 ], [ 88.567432749927889, 26.975008121710935 ], [ 88.567776201245067, 26.975437579833081 ], [ 88.567885152784612, 26.976393190035918 ], [ 88.567747090593699, 26.977699072383079 ], [ 88.567445808015989, 26.979950052450477 ], [ 88.567236131914157, 26.980814425646077 ], [ 88.567066810046356, 26.981682864896545 ], [ 88.566605946823231, 26.982234099346762 ], [ 88.569055193225211, 26.984481554784853 ], [ 88.571282739342053, 26.986356832718133 ], [ 88.572340588673384, 26.987437250926376 ], [ 88.572820822531071, 26.987192685757115 ], [ 88.574100993254248, 26.987232550391749 ], [ 88.575862899192671, 26.987136128982936 ], [ 88.57715201122241, 26.986733562024288 ], [ 88.57789491232225, 26.986179135888776 ], [ 88.579552262703487, 26.985090916608499 ], [ 88.580755710486713, 26.984689278092073 ], [ 88.582918750816091, 26.984461897112563 ], [ 88.584724857744646, 26.984288144974162 ], [ 88.586359123020486, 26.984793297146918 ], [ 88.587624817044173, 26.985239395617985 ], [ 88.589141997037657, 26.986373179229673 ], [ 88.590180736675606, 26.986799247748273 ], [ 88.591152985740464, 26.987153847442816 ], [ 88.592093830488736, 26.987066493677695 ], [ 88.593236999430431, 26.988109676820439 ], [ 88.594200900556075, 26.988942756167063 ], [ 88.594973351168449, 26.98941693257569 ], [ 88.595406408083321, 26.989759550747966 ], [ 88.595870896181808, 26.990544113385045 ], [ 88.596650058384569, 26.991135548919882 ], [ 88.598863301756595, 26.991602393913062 ], [ 88.600482926759668, 26.991773561073515 ], [ 88.602212734658721, 26.991898322582134 ], [ 88.603322009612427, 26.99196242793132 ], [ 88.603484526023792, 26.991698810258992 ], [ 88.604061882946198, 26.991556839679181 ], [ 88.604960081479334, 26.99130289366477 ], [ 88.605500123148389, 26.991016918696502 ], [ 88.605919462993199, 26.990745858103089 ], [ 88.606158720266464, 26.990210565731534 ], [ 88.605918359673666, 26.989604016930901 ], [ 88.605679834654552, 26.988771783939217 ], [ 88.605578788200177, 26.988041788361627 ], [ 88.605842098253092, 26.987781530931368 ], [ 88.606437848491439, 26.987517484700525 ], [ 88.606933627142809, 26.98730873527229 ], [ 88.607197830423459, 26.98711165084638 ], [ 88.607185610152825, 26.986606305772753 ], [ 88.607171659452106, 26.985979122708759 ], [ 88.607215230729366, 26.985500221058647 ], [ 88.607517095108236, 26.985117663936755 ], [ 88.608440255525508, 26.984497840310151 ], [ 88.609374443588067, 26.983945583337331 ], [ 88.609845017345009, 26.983737111361279 ], [ 88.61022867673816, 26.983439365580303 ], [ 88.61044672387635, 26.982832098045268 ], [ 88.610690595445547, 26.982269667167024 ], [ 88.610860156926094, 26.981441804408483 ], [ 88.611050098423505, 26.980983794347409 ], [ 88.611219377012404, 26.98048991361728 ], [ 88.611476977092352, 26.980184581433591 ], [ 88.611878195275835, 26.979706100826764 ], [ 88.612041318495855, 26.979487598806354 ], [ 88.611820948899819, 26.979223836779035 ], [ 88.611537956233505, 26.978807341223483 ], [ 88.611412963919193, 26.978519922149324 ], [ 88.611349310551049, 26.978294987900501 ], [ 88.611374323593353, 26.977929128295735 ], [ 88.611806011843441, 26.977468353064655 ], [ 88.61211384123969, 26.977153416572552 ], [ 88.612409408216152, 26.976685170735689 ], [ 88.612534439607501, 26.976268521455555 ], [ 88.61259657007804, 26.976033121089195 ], [ 88.612495732177251, 26.975673214776041 ], [ 88.612257860792639, 26.975594697248304 ], [ 88.611271829716642, 26.97533066463129 ], [ 88.610505455503159, 26.975280752418019 ], [ 88.609752261628088, 26.975095287423688 ], [ 88.609205694925379, 26.974916484958623 ], [ 88.609061529983293, 26.97469698103831 ], [ 88.608977641858971, 26.974111215084665 ], [ 88.608971546437246, 26.973682524672327 ], [ 88.608833317941404, 26.973526138812833 ], [ 88.60861838998548, 26.973289388766474 ], [ 88.607947177469569, 26.972845721901944 ], [ 88.607570190615121, 26.97254763277974 ], [ 88.607451149525147, 26.972323328150203 ], [ 88.607558039337832, 26.972046799584838 ], [ 88.607913921181336, 26.971568847611611 ], [ 88.608465765953454, 26.971057065551477 ], [ 88.608811631621151, 26.970583740204678 ], [ 88.609094013636678, 26.970251048975577 ], [ 88.609225757657867, 26.969951668698322 ], [ 88.609243751999827, 26.969445979420321 ], [ 88.609074316866426, 26.968865702094128 ], [ 88.608796911992741, 26.96848524118742 ], [ 88.608320085109924, 26.967894930632013 ], [ 88.6079801351231, 26.96736624413915 ], [ 88.607867324993506, 26.966871071862997 ], [ 88.607866527961633, 26.9664603742076 ], [ 88.608011776342721, 26.966048009867183 ], [ 88.608286641842383, 26.96589593694674 ], [ 88.608481251979015, 26.965767344690693 ], [ 88.608770328486528, 26.965551923211997 ], [ 88.608939500284336, 26.965405568216145 ], [ 88.608869478363843, 26.965085925285845 ], [ 88.608631152172364, 26.964619264795161 ], [ 88.608316391858651, 26.964090290811011 ], [ 88.608246757183139, 26.963797722626662 ], [ 88.608404893962387, 26.9635837957075 ], [ 88.609013697522087, 26.963184193736225 ], [ 88.609741433027708, 26.962647834677512 ], [ 88.610180420472574, 26.962349460099254 ], [ 88.610613084457853, 26.961960890405788 ], [ 88.610794467233504, 26.961611297386309 ], [ 88.610756033331185, 26.961034037672821 ], [ 88.610642898386544, 26.960516304721057 ], [ 88.610473636002823, 26.960301602357831 ], [ 88.610404575540528, 26.960049648287757 ], [ 88.610373300313611, 26.959621245311496 ], [ 88.610065828267182, 26.959250155159022 ], [ 88.609544516947125, 26.959071063006448 ], [ 88.609229864364735, 26.958903150099321 ], [ 88.609115935657741, 26.958683299985598 ], [ 88.609153591972557, 26.958497827068999 ], [ 88.60985621749829, 26.958322814840681 ], [ 88.61071042369835, 26.958182175393517 ], [ 88.611407431172282, 26.957966600610447 ], [ 88.611726888192081, 26.957764366260609 ], [ 88.61187766186147, 26.95738804224202 ], [ 88.611770332686518, 26.956924402430353 ], [ 88.61143040322284, 26.956395721600167 ], [ 88.610695646816922, 26.955727127258914 ], [ 88.610105681290648, 26.955323156549753 ], [ 88.609714926855432, 26.955115494401756 ], [ 88.609200980252496, 26.955098793954544 ], [ 88.608434577747317, 26.955391874060741 ], [ 88.607632115453129, 26.955983237089193 ], [ 88.60708618006727, 26.95619707136245 ], [ 88.606848994076216, 26.95616366810799 ], [ 88.606552255421761, 26.95583758026612 ], [ 88.606307004612972, 26.955235595089626 ], [ 88.606325503545037, 26.954409454947417 ], [ 88.606375539711891, 26.953321186466052 ], [ 88.606350384736345, 26.952612888067975 ], [ 88.606462253262379, 26.951623207423328 ], [ 88.606505033462184, 26.950733603849432 ], [ 88.60662265958463, 26.950150051235866 ], [ 88.606874149359143, 26.949772584153642 ], [ 88.607244265577805, 26.949592349435676 ], [ 88.607684323897374, 26.949727244547773 ], [ 88.608148599390674, 26.949794164324828 ], [ 88.608513256655542, 26.949938942773709 ], [ 88.609014318428024, 26.950113758025569 ], [ 88.609506656571099, 26.95038345013878 ], [ 88.609906759114153, 26.949832776650855 ], [ 88.610824110786766, 26.948824869641847 ], [ 88.611108191877079, 26.947553394613706 ], [ 88.611071813619887, 26.946411952630946 ], [ 88.610748563748373, 26.94528281308801 ], [ 88.609767358320781, 26.945339148340391 ], [ 88.609160031136028, 26.945481475871944 ], [ 88.60790521945988, 26.945775609565771 ], [ 88.606666316578313, 26.945771673590983 ], [ 88.605346276067579, 26.945728032375516 ], [ 88.604919935185308, 26.945493680077409 ], [ 88.604486963254871, 26.945146570161906 ], [ 88.604436329126543, 26.944415993833072 ], [ 88.604233097497925, 26.943222285735647 ], [ 88.604056144827183, 26.942461553013242 ], [ 88.603578185246789, 26.939646183692943 ], [ 88.603507812131653, 26.936808126013354 ], [ 88.602830033669605, 26.93695122704279 ], [ 88.600465985698065, 26.937853643973494 ], [ 88.599198996045587, 26.937994385096605 ], [ 88.597074193623357, 26.939440143670936 ], [ 88.595555516805931, 26.940662378795903 ], [ 88.595087821754447, 26.941064838107064 ], [ 88.593523576116354, 26.940482249157348 ], [ 88.592705655074028, 26.939972457240351 ], [ 88.591155428955275, 26.938951891160709 ], [ 88.589391101318128, 26.938461776830287 ], [ 88.587133837212946, 26.937291163088471 ], [ 88.585919986242999, 26.936912155637771 ], [ 88.584335396683798, 26.936668188417997 ], [ 88.58465785211331, 26.937761300659488 ], [ 88.584731359861848, 26.939416860728734 ], [ 88.58468143070192, 26.940527695836721 ], [ 88.584930396806115, 26.941766060329023 ], [ 88.585138457955694, 26.942959749400586 ], [ 88.585100623269156, 26.944214874255604 ], [ 88.58488553002374, 26.946478458111798 ], [ 88.58494315840197, 26.947357904737835 ], [ 88.584784537747481, 26.948618899824108 ], [ 88.584236486172884, 26.949762410185716 ], [ 88.583865420479015, 26.950958091427207 ], [ 88.583341757920479, 26.951686099881055 ], [ 88.582432552985495, 26.95221533626713 ], [ 88.581023059325517, 26.952623801965508 ], [ 88.5790695278166, 26.953024808091612 ], [ 88.577659507048153, 26.953397142328264 ], [ 88.575002520314612, 26.954279857798735 ] ] ] } },
{ "type": "Feature", "properties": { "District": "Kalimpong", "Dist_LGD": "327N001", "Sub_dist": "Pedong", "Subdis_LGD": "02157N001", "Subdis_Typ": "Cd_Block", "Vill_name": "Rhenok Forest", "Vill_Cat": "Others", "Vill_LGD": "306283", "arr_project": "asha2" }, "geometry": { "type": "Polygon", "coordinates": [ [ [ 88.711021638186821, 27.141603514892786 ], [ 88.713865622401698, 27.141528195535237 ], [ 88.715061441028396, 27.141545179144359 ], [ 88.71644740004794, 27.141460540977405 ], [ 88.717805885143065, 27.143310391306443 ], [ 88.718991311861146, 27.143184334956409 ], [ 88.719793167110012, 27.142944618961984 ], [ 88.72045354290556, 27.14247935664693 ], [ 88.721315784953475, 27.142144930310835 ], [ 88.722006430898645, 27.141792476026414 ], [ 88.722742235242706, 27.141042862010799 ], [ 88.722868208073905, 27.140875868105297 ], [ 88.723235953335191, 27.140343150908659 ], [ 88.723427242794571, 27.139968478962196 ], [ 88.723568231365178, 27.139616358033368 ], [ 88.723759268043054, 27.138975512321426 ], [ 88.723935496652416, 27.138546687627095 ], [ 88.724111789827219, 27.13833900007948 ], [ 88.724368933878424, 27.138225993914073 ], [ 88.724928662871818, 27.13802253030277 ], [ 88.725866563049621, 27.137782733311898 ], [ 88.726693496049805, 27.137497811337248 ], [ 88.727484927063017, 27.137095711862688 ], [ 88.728346891308306, 27.136530994165028 ], [ 88.728463377084253, 27.136474249756343 ], [ 88.726494278456329, 27.134775399166276 ], [ 88.723785559259554, 27.132804913323433 ], [ 88.720593279762127, 27.130542437603999 ], [ 88.718766932059523, 27.12952681644866 ], [ 88.715026691094494, 27.127040751116212 ], [ 88.714476682230227, 27.126695451897366 ], [ 88.71289285301981, 27.125699351989294 ], [ 88.711525784802191, 27.124362114152106 ], [ 88.71014337940602, 27.122677544217005 ], [ 88.708900841762187, 27.120237579338415 ], [ 88.708153583364478, 27.118856654849758 ], [ 88.707790525205098, 27.118197653004628 ], [ 88.706979771365596, 27.116618919733096 ], [ 88.706637806601876, 27.115354910342589 ], [ 88.706289255001238, 27.113323762135973 ], [ 88.706044029986543, 27.1104564421167 ], [ 88.706111063505134, 27.109223566294474 ], [ 88.706134632367565, 27.109114965650154 ], [ 88.705605565350055, 27.109477922755207 ], [ 88.704966816534409, 27.110257409407669 ], [ 88.703505172560384, 27.11164711192383 ], [ 88.701947278883679, 27.113010888310022 ], [ 88.700551599299601, 27.114765319783871 ], [ 88.699374807544089, 27.115655097452795 ], [ 88.698482150398632, 27.115990835644155 ], [ 88.695295033228021, 27.117685638746497 ], [ 88.690949878814266, 27.119854653927042 ], [ 88.687227893289887, 27.121212727041691 ], [ 88.681997123282954, 27.122530114742553 ], [ 88.681926429085166, 27.12319889676639 ], [ 88.681996998391455, 27.124881428322663 ], [ 88.682184212633146, 27.126269211890641 ], [ 88.68254042427202, 27.128837394301726 ], [ 88.682448144158428, 27.131433515072736 ], [ 88.682182271041427, 27.133553330083437 ], [ 88.68222782053671, 27.134911217040607 ], [ 88.683294559347218, 27.137764224646403 ], [ 88.685542617705636, 27.141009214874529 ], [ 88.686609007406943, 27.1418132682827 ], [ 88.688767323023328, 27.142432680829764 ], [ 88.690008554318041, 27.142449330550438 ], [ 88.69183237999448, 27.142964409072484 ], [ 88.693967132648524, 27.144694233419997 ], [ 88.695012891221523, 27.145796327679008 ], [ 88.698063803223235, 27.145384862021757 ], [ 88.704653077650704, 27.14244822742328 ], [ 88.706727272784534, 27.141840838074771 ], [ 88.711021638186821, 27.141603514892786 ] ] ] } },
{ "type": "Feature", "properties": { "District": "Kalimpong", "Dist_LGD": "327N001", "Sub_dist": "Gorubathan", "Subdis_LGD": "2158", "Subdis_Typ": "Cd_Block", "Vill_name": "Eastnar Forest", "Vill_Cat": "Others", "Vill_LGD": "306321", "arr_project": "asha2" }, "geometry": { "type": "Polygon", "coordinates": [ [ [ 88.767994844493188, 27.064610187576402 ], [ 88.770084053250343, 27.064110039609183 ], [ 88.77152648463489, 27.064155056941708 ], [ 88.772744318422085, 27.064022371643478 ], [ 88.773602532955039, 27.063460965975199 ], [ 88.774293423512077, 27.062518063970344 ], [ 88.774459516476526, 27.061541163817594 ], [ 88.774570169042732, 27.060564964120278 ], [ 88.774451188639077, 27.059411142182658 ], [ 88.774484667717957, 27.056734521075601 ], [ 88.774445261437407, 27.055191577562702 ], [ 88.774656131442185, 27.053857587340211 ], [ 88.774895596957919, 27.05209901370246 ], [ 88.775440412358307, 27.051166975688126 ], [ 88.776159890099279, 27.050124418599157 ], [ 88.776408155457304, 27.049566186915843 ], [ 88.776925679031422, 27.048183190860151 ], [ 88.777227146352843, 27.046843539378624 ], [ 88.778047282609975, 27.045474766678034 ], [ 88.778212343333038, 27.04475511574816 ], [ 88.778784699155779, 27.043655737572301 ], [ 88.779449726265284, 27.042361128039154 ], [ 88.779965294138194, 27.041497138662756 ], [ 88.780116699262123, 27.040552009570799 ], [ 88.780596484191051, 27.039656881299969 ], [ 88.781426500360567, 27.037642610011599 ], [ 88.782203313405944, 27.036409755043238 ], [ 88.782759096488121, 27.035861156252185 ], [ 88.782790209832953, 27.035278586980709 ], [ 88.782677723550421, 27.034219460706879 ], [ 88.782130213264097, 27.033057531647696 ], [ 88.781953376316054, 27.032071428108502 ], [ 88.781211002928472, 27.030695337976415 ], [ 88.780877577352854, 27.030004557945336 ], [ 88.781124727959011, 27.029699060292845 ], [ 88.781541956141837, 27.028994264861883 ], [ 88.78201873220253, 27.028550470008216 ], [ 88.782381576680848, 27.027593633854348 ], [ 88.782931759489756, 27.026693094227138 ], [ 88.783155543050611, 27.025228051040447 ], [ 88.783384048542175, 27.024381227266954 ], [ 88.783529375289106, 27.023372988714424 ], [ 88.783718473736613, 27.02226490955734 ], [ 88.783681498782727, 27.021200312883611 ], [ 88.784353385661902, 27.02003195905705 ], [ 88.784749955362045, 27.018979917957385 ], [ 88.785259278050276, 27.018048297046221 ], [ 88.785940834747507, 27.017493580879798 ], [ 88.786848915465868, 27.016606537797347 ], [ 88.787608886327618, 27.015595006744004 ], [ 88.788812449256, 27.014595889148012 ], [ 88.790554983437147, 27.013269486331303 ], [ 88.791271177122681, 27.012678201428187 ], [ 88.792128917471288, 27.012116702005386 ], [ 88.792707099969505, 27.011084893970164 ], [ 88.793037741755569, 27.010647438052537 ], [ 88.793869647109005, 27.009729732266202 ], [ 88.795037203997808, 27.008374498243803 ], [ 88.796749302023073, 27.006412080603845 ], [ 88.797629736694319, 27.005065001858036 ], [ 88.79882742592784, 27.003709354003263 ], [ 88.79974133870067, 27.002885341648248 ], [ 88.800618972467319, 27.001998605594974 ], [ 88.801380809763813, 27.001117859375476 ], [ 88.802039590614527, 27.000725827882665 ], [ 88.802364625654548, 27.000256833334689 ], [ 88.802666057037783, 26.999887424219477 ], [ 88.803085994751498, 26.998735752721753 ], [ 88.803657036193997, 26.997898054042558 ], [ 88.804319093653234, 26.997081751857358 ], [ 88.804882062339516, 26.996370514939585 ], [ 88.805592100813371, 26.995720573296165 ], [ 88.806241534664821, 26.994746470119196 ], [ 88.80694728920848, 26.993514403398219 ], [ 88.807414585141245, 26.992492989672566 ], [ 88.808113688514325, 26.991161717394615 ], [ 88.808167334561148, 26.991065563727478 ], [ 88.807614852368502, 26.991104576328905 ], [ 88.805076202957423, 26.991031072822128 ], [ 88.804366197772893, 26.990633640047228 ], [ 88.803318488675288, 26.990542889200661 ], [ 88.802950878362466, 26.990511045808699 ], [ 88.801353329103108, 26.990445600395823 ], [ 88.800160314113228, 26.990396720907313 ], [ 88.795782438889148, 26.991287768081325 ], [ 88.793495536593753, 26.991250380910511 ], [ 88.792871107368001, 26.991024375059908 ], [ 88.792861065005553, 26.991007652874913 ], [ 88.792669093975036, 26.990687973165691 ], [ 88.792383171257413, 26.99021183743702 ], [ 88.791658884392916, 26.988744848129432 ], [ 88.790632502760161, 26.987178347323233 ], [ 88.789778043435533, 26.984804264427222 ], [ 88.788736965887466, 26.982750437704329 ], [ 88.78637315535245, 26.978425912511177 ], [ 88.78468146229126, 26.976569333258119 ], [ 88.784501183145437, 26.976371477425452 ], [ 88.782059529839003, 26.975092876399376 ], [ 88.780770284527364, 26.97490247646261 ], [ 88.778016497571656, 26.975046396214644 ], [ 88.777702957925243, 26.975062781440045 ], [ 88.777038166697679, 26.97506231955882 ], [ 88.776343150525875, 26.975016744562666 ], [ 88.775955416705315, 26.974998433845617 ], [ 88.775331041538365, 26.974812962684766 ], [ 88.775166869595125, 26.974608695854172 ], [ 88.77393752039508, 26.973079092210874 ], [ 88.773126974592898, 26.972744586517859 ], [ 88.771803300319718, 26.971800497835147 ], [ 88.770797354094967, 26.97039180330259 ], [ 88.770234433498246, 26.969154990275424 ], [ 88.769816925893068, 26.968635727785927 ], [ 88.769112074880027, 26.968364406591554 ], [ 88.766473463384315, 26.969058486221513 ], [ 88.76647265776522, 26.969058696044904 ], [ 88.765998964540074, 26.969183298491075 ], [ 88.764624034480462, 26.969164233102891 ], [ 88.762020612442683, 26.96893648863826 ], [ 88.761451715185714, 26.968732929789951 ], [ 88.760822778486087, 26.968127734753782 ], [ 88.760456648938231, 26.967503443192026 ], [ 88.760078768300588, 26.966859110301353 ], [ 88.759831935910199, 26.966549728614549 ], [ 88.759117018949567, 26.967199484744427 ], [ 88.758151517016771, 26.967947159152597 ], [ 88.756581850386809, 26.968711383963932 ], [ 88.75701607224056, 26.969753000695516 ], [ 88.757763800060118, 26.971196883114988 ], [ 88.759199412706366, 26.973471604269939 ], [ 88.759697042612672, 26.974377027583362 ], [ 88.759923979709953, 26.975042125823968 ], [ 88.76073217584154, 26.975835354148536 ], [ 88.761427621456434, 26.97650362094776 ], [ 88.761852364652611, 26.976931564563589 ], [ 88.762432153460196, 26.976964931911311 ], [ 88.7636762461985, 26.977283333942673 ], [ 88.764592150560375, 26.977551676832562 ], [ 88.76554239832187, 26.977760914120314 ], [ 88.766228867143369, 26.978496964352438 ], [ 88.766523826416687, 26.97964409220733 ], [ 88.766886135222691, 26.981232652383085 ], [ 88.767041148541793, 26.982449228003958 ], [ 88.766978261240979, 26.983582789136882 ], [ 88.76668689888028, 26.984601875956635 ], [ 88.76623746086635, 26.985176152915866 ], [ 88.765537319797303, 26.986471143891279 ], [ 88.765678733916758, 26.987462239942833 ], [ 88.765882036545918, 26.988867759190345 ], [ 88.765538773940207, 26.99011314567916 ], [ 88.765170848357116, 26.991070006741179 ], [ 88.764629236980397, 26.991550661343933 ], [ 88.763348751247221, 26.992785215399223 ], [ 88.761878513372793, 26.993160140818738 ], [ 88.760841623516171, 26.993218236036373 ], [ 88.75990434573859, 26.993202869728336 ], [ 88.759321986111971, 26.993656935886591 ], [ 88.75898063701824, 26.994383285719742 ], [ 88.759059617085114, 26.995573742112164 ], [ 88.758837062032072, 26.996488156453619 ], [ 88.758697554348686, 26.997559488006942 ], [ 88.758495580030853, 26.998825661322229 ], [ 88.757977102714676, 27.00014994138866 ], [ 88.757891903157599, 27.001798264090581 ], [ 88.757422111409397, 27.003338560199335 ], [ 88.757460827265675, 27.003884154936266 ], [ 88.756827481504857, 27.004627683188495 ], [ 88.755766298582643, 27.005399108314798 ], [ 88.754979428077206, 27.005991097721168 ], [ 88.754565595151249, 27.006271549555994 ], [ 88.754385318874611, 27.007316308891411 ], [ 88.754808136128759, 27.007938352950976 ], [ 88.755608984777624, 27.008569221918627 ], [ 88.756048936058178, 27.008672050161714 ], [ 88.756285573838881, 27.008985011344429 ], [ 88.75609373659637, 27.009285264472602 ], [ 88.755167331602237, 27.009978282667017 ], [ 88.754356352150282, 27.010317840965342 ], [ 88.753903678083148, 27.011018488850326 ], [ 88.753996752163673, 27.011820649957766 ], [ 88.754103337443112, 27.01284378162126 ], [ 88.753786111609799, 27.013506638425724 ], [ 88.753039968609471, 27.014129703075621 ], [ 88.752610011136383, 27.01467210687375 ], [ 88.753049373366551, 27.01603408832765 ], [ 88.753305545676128, 27.016631131663601 ], [ 88.75314428390449, 27.017928382197457 ], [ 88.753370796041779, 27.018561899090425 ], [ 88.752983579565708, 27.019261729364271 ], [ 88.753022283738773, 27.019807324058217 ], [ 88.753138031362596, 27.020446733738208 ], [ 88.753508544962344, 27.020618127297197 ], [ 88.754971124668756, 27.020374249413852 ], [ 88.755819474041118, 27.020165096621167 ], [ 88.756499193325212, 27.020129540352549 ], [ 88.757070548453967, 27.020578224865119 ], [ 88.757383208967653, 27.020917313197256 ], [ 88.757707460784744, 27.022000904148594 ], [ 88.757682187806637, 27.022967006671312 ], [ 88.757816100838838, 27.023800245037389 ], [ 88.757150440920753, 27.024092877307961 ], [ 88.756643420429143, 27.024541481616531 ], [ 88.755828232407467, 27.025264712310261 ], [ 88.755612609508049, 27.026305397948157 ], [ 88.755088391090268, 27.02759363611186 ], [ 88.754410062595952, 27.028694245975235 ], [ 88.753686944433426, 27.030156452517485 ], [ 88.753282493003866, 27.031370984412067 ], [ 88.752977327169759, 27.032164565764965 ], [ 88.753479735342395, 27.032713409164327 ], [ 88.753805021803302, 27.033214815002172 ], [ 88.754059211412653, 27.033681000726041 ], [ 88.754072794657333, 27.033906482813158 ], [ 88.75339244915989, 27.034555812399962 ], [ 88.751986519894757, 27.035539110609754 ], [ 88.751075064533808, 27.035911497590817 ], [ 88.750155556344325, 27.036089918931317 ], [ 88.749678687744748, 27.036538126049468 ], [ 88.74946306334779, 27.037583316674915 ], [ 88.749127549421303, 27.038697694028894 ], [ 88.748277501447959, 27.039457422116904 ], [ 88.747308049451277, 27.039992974893885 ], [ 88.747388519067727, 27.040632826924337 ], [ 88.747832079922816, 27.041286219603787 ], [ 88.748535436270359, 27.042116903569777 ], [ 88.7488324558431, 27.042745036037029 ], [ 88.748852952931827, 27.044067099103305 ], [ 88.749014478827903, 27.045382894632425 ], [ 88.748107900247305, 27.046075629843497 ], [ 88.747263810346269, 27.046898460824963 ], [ 88.746587898737431, 27.047516113119322 ], [ 88.745765421365249, 27.048108502593553 ], [ 88.745115763656187, 27.048143642278898 ], [ 88.744293342638088, 27.048740535863537 ], [ 88.743798683734653, 27.049346902356994 ], [ 88.743933514641782, 27.050243324232046 ], [ 88.744193135671935, 27.051386414902918 ], [ 88.744320393497446, 27.052770336248841 ], [ 88.743876113696047, 27.053376077957978 ], [ 88.743509393912873, 27.053782283843123 ], [ 88.742792617590965, 27.054368834619765 ], [ 88.742027549295969, 27.054766432888535 ], [ 88.741421073876296, 27.05531550744157 ], [ 88.741138945502698, 27.055977902991195 ], [ 88.741078354424459, 27.056624015756686 ], [ 88.740893463138079, 27.057055043356396 ], [ 88.739781877930014, 27.057538152674997 ], [ 88.740330747502767, 27.05815416112927 ], [ 88.741469631567497, 27.058785425780435 ], [ 88.741818038111902, 27.059476118412771 ], [ 88.742635089404203, 27.060156489081908 ], [ 88.74510113242826, 27.062504273317217 ], [ 88.746645659790914, 27.063608838695213 ], [ 88.747439598290129, 27.06442034360812 ], [ 88.748473583065149, 27.065107009356755 ], [ 88.749195723306073, 27.065838162084464 ], [ 88.751342019510872, 27.067381972737273 ], [ 88.752352046835469, 27.068145626787818 ], [ 88.75401860200229, 27.069307254112992 ], [ 88.755672953175917, 27.070654045307659 ], [ 88.756755853548412, 27.071561169722045 ], [ 88.758373156200079, 27.072791051653063 ], [ 88.760371842903837, 27.07422824959562 ], [ 88.760477019217532, 27.073216021559205 ], [ 88.760807494071827, 27.071781264320126 ], [ 88.760986790401162, 27.070673334611381 ], [ 88.76158167425541, 27.069384191639337 ], [ 88.762909406225688, 27.06757137858073 ], [ 88.7637102538622, 27.067204808841044 ], [ 88.76436954943442, 27.066812934262817 ], [ 88.765332540590236, 27.066178053615747 ], [ 88.766872741273573, 27.065062051881121 ], [ 88.767994844493188, 27.064610187576402 ] ], [ [ 88.788409711068454, 26.994106875845642 ], [ 88.789320805052924, 26.993013893996434 ], [ 88.789647015023249, 26.993369338341825 ], [ 88.78966758080314, 26.993391746198775 ], [ 88.789704774085678, 26.993432273340197 ], [ 88.790604045407775, 26.994412109899173 ], [ 88.791733690783857, 26.996206464739437 ], [ 88.791105942779112, 26.999117554771978 ], [ 88.791782588716742, 26.999046832286425 ], [ 88.792325352330195, 26.999085126011604 ], [ 88.79241677371752, 26.999252568207158 ], [ 88.792580580408909, 26.999552586529237 ], [ 88.792835810250367, 27.000020044565474 ], [ 88.793569899955614, 27.000912574416521 ], [ 88.794551990354833, 27.00179817588317 ], [ 88.796291062929939, 27.003122278545558 ], [ 88.796395574826562, 27.003201849708717 ], [ 88.796457374341657, 27.003803552836519 ], [ 88.796209370770683, 27.005385263174976 ], [ 88.796081707458711, 27.006199482213727 ], [ 88.795934070403547, 27.006363065313746 ], [ 88.795021053362163, 27.007374688494789 ], [ 88.792833387883334, 27.010492252169222 ], [ 88.792611483638211, 27.010750645679103 ], [ 88.791756971275632, 27.010376730781548 ], [ 88.791658329815917, 27.010320629857652 ], [ 88.790857221213173, 27.009864997819715 ], [ 88.789449747555139, 27.00895019637435 ], [ 88.789212889074207, 27.008611472729029 ], [ 88.789492251305091, 27.008304315050424 ], [ 88.789469707702935, 27.007734129948648 ], [ 88.789432418554696, 27.007068082809074 ], [ 88.789702746100076, 27.006042036197528 ], [ 88.789856976013425, 27.005146910273925 ], [ 88.790293438243367, 27.002963173851576 ], [ 88.790524163475666, 27.001953495924305 ], [ 88.790079293628622, 27.001945577993858 ], [ 88.78807871352079, 27.002040624000287 ], [ 88.786807987927546, 27.002078384225239 ], [ 88.786391734368578, 27.001960330370615 ], [ 88.78609683476175, 27.000132883161161 ], [ 88.785964959562875, 26.999315626475958 ], [ 88.785825421615968, 26.997702848958191 ], [ 88.785868297547168, 26.996605546883284 ], [ 88.78643685993292, 26.996213549238647 ], [ 88.787134195836785, 26.995309202652248 ], [ 88.788409711068454, 26.994106875845642 ] ], [ [ 88.795040244116564, 26.99311714787785 ], [ 88.79521625645323, 26.992257773434037 ], [ 88.795717710294042, 26.991934093508704 ], [ 88.795470500356359, 26.991509433280434 ], [ 88.798880639334158, 26.99156597336798 ], [ 88.80066145986271, 26.991687160333491 ], [ 88.800313191536802, 26.992173884277463 ], [ 88.800572529629619, 26.992353443456096 ], [ 88.800823325020815, 26.993282210183573 ], [ 88.8003416116983, 26.993888477418061 ], [ 88.799542005593068, 26.993972092335461 ], [ 88.798983189103652, 26.994130301664427 ], [ 88.797999599774727, 26.994389937349244 ], [ 88.796870368105971, 26.994593524925623 ], [ 88.795764097697969, 26.994566640093446 ], [ 88.795116059681135, 26.994007215650111 ], [ 88.795040244116564, 26.99311714787785 ] ] ] } },
{ "type": "Feature", "properties": { "District": "Kalimpong", "Dist_LGD": "327N001", "Sub_dist": "Gorubathan", "Subdis_LGD": "2158", "Subdis_Typ": "Cd_Block", "Vill_name": "Sakham Forest", "Vill_Cat": "Others", "Vill_LGD": "306348", "arr_project": "asha2" }, "geometry": { "type": "Polygon", "coordinates": [ [ [ 88.731084907818868, 27.003213446629349 ], [ 88.731107372850545, 27.002048797308067 ], [ 88.731188220857433, 27.001077491665438 ], [ 88.73147448925323, 27.000031452313834 ], [ 88.731773245986304, 26.999143214685613 ], [ 88.732162055687297, 26.998542707612973 ], [ 88.732971630501552, 26.997783579004665 ], [ 88.734383414121055, 26.996543158833873 ], [ 88.735492015486969, 26.99590218731435 ], [ 88.736419893926723, 26.995304052407906 ], [ 88.737471010052488, 26.994857836006254 ], [ 88.738768788907379, 26.994399541678774 ], [ 88.739709628714451, 26.993990775673108 ], [ 88.74108895231852, 26.99359463732311 ], [ 88.741971836073375, 26.99334904196802 ], [ 88.742960976868901, 26.993133718585881 ], [ 88.744201263098432, 26.992870148667553 ], [ 88.746749611619123, 26.990861852904956 ], [ 88.747658301622536, 26.990006641419384 ], [ 88.748798539167808, 26.988814582793495 ], [ 88.749679580180427, 26.98747680364739 ], [ 88.750300296849346, 26.986570996350586 ], [ 88.750971305722146, 26.985335106279901 ], [ 88.751410903265324, 26.984120143103752 ], [ 88.751595315220811, 26.982691724096963 ], [ 88.751758116049842, 26.980843859429719 ], [ 88.751792476598311, 26.979809940877509 ], [ 88.751573696869841, 26.978693420573418 ], [ 88.751735856888359, 26.977454827372988 ], [ 88.751969651849947, 26.975312728810067 ], [ 88.752287842988451, 26.974717561776593 ], [ 88.752468174435776, 26.973677315327695 ], [ 88.75280195833075, 26.972788603692777 ], [ 88.753215265679444, 26.971506266807481 ], [ 88.753554563703048, 26.970649077214137 ], [ 88.754166492218943, 26.970158564595895 ], [ 88.755451391958516, 26.969217391075592 ], [ 88.75611723332409, 26.968956365056723 ], [ 88.756581850386809, 26.968711383963932 ], [ 88.756363133736713, 26.968249264346397 ], [ 88.755721491752908, 26.968121866052183 ], [ 88.754142642501506, 26.967970025989221 ], [ 88.752674162949091, 26.967789717916201 ], [ 88.751218349621141, 26.967451279161992 ], [ 88.749706303357442, 26.967384306965382 ], [ 88.745775615664527, 26.966598123650066 ], [ 88.744182967929078, 26.96620263588499 ], [ 88.742558692063795, 26.966042200757521 ], [ 88.739890061060237, 26.965438819086113 ], [ 88.738878626819059, 26.96517148735898 ], [ 88.737767315355839, 26.964959535618558 ], [ 88.73686523921846, 26.964925523247953 ], [ 88.736616155031768, 26.9651046023248 ], [ 88.73597555035073, 26.965699194437867 ], [ 88.734978992275046, 26.96640196625351 ], [ 88.734111751293582, 26.966669883411125 ], [ 88.733138408397167, 26.966916535377873 ], [ 88.732081938912856, 26.967326672985504 ], [ 88.730367426610556, 26.968182652049883 ], [ 88.729054864618121, 26.968645555888468 ], [ 88.728223461127911, 26.968953616395666 ], [ 88.727475940865133, 26.969147817076827 ], [ 88.727160815436207, 26.969291584219548 ], [ 88.726753036804197, 26.969635063122922 ], [ 88.726261423325269, 26.97042636529784 ], [ 88.725725306144952, 26.971272366909403 ], [ 88.725134692335615, 26.971848248167106 ], [ 88.724675078264497, 26.972427037385085 ], [ 88.724185260115192, 26.972676736581608 ], [ 88.723345458673407, 26.973097700173327 ], [ 88.722847533480902, 26.97380783178582 ], [ 88.722139597194897, 26.974619817216386 ], [ 88.721253324783845, 26.975298583686385 ], [ 88.720409760262811, 26.975805325780716 ], [ 88.720123287254609, 26.976178896699146 ], [ 88.720037712404917, 26.976513912116374 ], [ 88.7201485224642, 26.977175986425021 ], [ 88.720401886432526, 26.97760615059239 ], [ 88.720816842049942, 26.978724847685942 ], [ 88.72131287069746, 26.979874144904024 ], [ 88.720773790871505, 26.980530616285087 ], [ 88.720555277676041, 26.980736374426915 ], [ 88.719551602425952, 26.981317275692838 ], [ 88.718945209975331, 26.981523250642752 ], [ 88.718534140891791, 26.981654632353738 ], [ 88.718266317312512, 26.981599227745335 ], [ 88.717810158076389, 26.981415238627047 ], [ 88.716947144309898, 26.981308416345456 ], [ 88.715806305458671, 26.981150813580467 ], [ 88.714715612122063, 26.981642480077213 ], [ 88.713923771106138, 26.982243330596493 ], [ 88.713270483345397, 26.982680022250989 ], [ 88.712174930667857, 26.983185267146485 ], [ 88.711577630740109, 26.983327918332353 ], [ 88.711122565588482, 26.983216103415895 ], [ 88.71076958372079, 26.982859339589496 ], [ 88.710239835605208, 26.982139159109984 ], [ 88.709705058891416, 26.981419036308438 ], [ 88.709300067151332, 26.980286643281797 ], [ 88.708904405714776, 26.979104490835336 ], [ 88.708645771779274, 26.978656315294931 ], [ 88.708031196224908, 26.978320767696054 ], [ 88.707073134302078, 26.97825565410788 ], [ 88.705227928776225, 26.978151626198919 ], [ 88.703691573721031, 26.978152155173785 ], [ 88.702014674570052, 26.978185956651046 ], [ 88.700713178464525, 26.97839573514198 ], [ 88.700028435954309, 26.978417536223759 ], [ 88.700044426590452, 26.978476014047409 ], [ 88.700072932362517, 26.978696813888181 ], [ 88.700191106648518, 26.979521291359259 ], [ 88.700036095051175, 26.980267828932472 ], [ 88.700044842605223, 26.980849917013863 ], [ 88.699964088320456, 26.981509809040585 ], [ 88.70009468000724, 26.981819638721756 ], [ 88.700434433092298, 26.981968985870729 ], [ 88.700883836609989, 26.982040286286704 ], [ 88.701172887501727, 26.982167677120426 ], [ 88.701252099895797, 26.982410430455332 ], [ 88.701256850641883, 26.982726292153455 ], [ 88.70131264659264, 26.983086668463631 ], [ 88.701544179933251, 26.983408818257118 ], [ 88.701972820971065, 26.983773718451605 ], [ 88.702374844905293, 26.984378132972878 ], [ 88.702350465970312, 26.984766557420834 ], [ 88.702346506393255, 26.985172786258925 ], [ 88.702209079335944, 26.985413641946984 ], [ 88.702063751679646, 26.985799014377385 ], [ 88.702118872770171, 26.986114266933765 ], [ 88.702339662417344, 26.986391412865345 ], [ 88.702703935780505, 26.986495326245105 ], [ 88.703294591509319, 26.986578449111434 ], [ 88.703573513689506, 26.986701445101279 ], [ 88.703803362442187, 26.986910781904747 ], [ 88.704018100423312, 26.987120301880463 ], [ 88.704077442694597, 26.987715316701301 ], [ 88.704721669550921, 26.988009901908775 ], [ 88.704808041159012, 26.988392473390448 ], [ 88.704803477843768, 26.988758090971519 ], [ 88.704816408878969, 26.988947485192259 ], [ 88.705089145072066, 26.989327799771861 ], [ 88.705505636129331, 26.9895529282871 ], [ 88.706077319205093, 26.989712991845888 ], [ 88.706222913434488, 26.990013606871777 ], [ 88.706556370007334, 26.990411236060332 ], [ 88.707513995742687, 26.990774221389547 ], [ 88.708043756032566, 26.990826469942593 ], [ 88.708315551801519, 26.991143605735381 ], [ 88.708270305154898, 26.991816608263136 ], [ 88.708309680435434, 26.993088829141964 ], [ 88.708518125304053, 26.993880608992637 ], [ 88.708569332661455, 26.994602085759741 ], [ 88.708984258294109, 26.996054788286596 ], [ 88.709352563778253, 26.997422304750373 ], [ 88.709403737075377, 26.998807207721772 ], [ 88.709526636949832, 26.999604537419309 ], [ 88.709576942217581, 26.999599412876044 ], [ 88.711213373789235, 26.999534410285293 ], [ 88.711160455152239, 26.999034097754794 ], [ 88.711005682429672, 26.998128843675616 ], [ 88.710893258406941, 26.99735846769104 ], [ 88.710683474713548, 26.996146989692956 ], [ 88.710551779805797, 26.995101548378003 ], [ 88.709923387511978, 26.993859045152952 ], [ 88.709761480968808, 26.992813968645191 ], [ 88.709444387910054, 26.991833957830668 ], [ 88.70919856812155, 26.99090272629989 ], [ 88.708915060225067, 26.990477420433713 ], [ 88.708382292773393, 26.989892663295347 ], [ 88.708099616450241, 26.989855472646347 ], [ 88.707513358673353, 26.98939772806418 ], [ 88.707101011046646, 26.988779914901897 ], [ 88.706807852322157, 26.988381798591668 ], [ 88.706541580374704, 26.988096185078792 ], [ 88.706060429756391, 26.987592030453943 ], [ 88.705390748293311, 26.986945734970444 ], [ 88.705092427822677, 26.986204680097391 ], [ 88.704660642421629, 26.985298253965624 ], [ 88.703856845914459, 26.983773513664353 ], [ 88.703419560994107, 26.983169529296209 ], [ 88.702943152049826, 26.982308767121975 ], [ 88.702442373374453, 26.981836425521898 ], [ 88.702001844101801, 26.981015844570504 ], [ 88.701684369362241, 26.980338197313529 ], [ 88.701332728204619, 26.979733169732391 ], [ 88.701373237488113, 26.979412247672641 ], [ 88.70187655082205, 26.979049632709948 ], [ 88.702469418289709, 26.978947696868257 ], [ 88.703319819217171, 26.978887775613359 ], [ 88.70400871409521, 26.978807237710228 ], [ 88.704985565847622, 26.978781882937401 ], [ 88.705975822647815, 26.978977501790332 ], [ 88.706733322586544, 26.979437694607633 ], [ 88.707883133922465, 26.980524965958132 ], [ 88.708409458200421, 26.981353514146925 ], [ 88.709006098214203, 26.982167667379489 ], [ 88.710162701253623, 26.983367662585991 ], [ 88.711021728994083, 26.983876243360641 ], [ 88.711637642275491, 26.984297508253157 ], [ 88.71254994898905, 26.984331553868255 ], [ 88.713438759384346, 26.984144737110476 ], [ 88.714126376562177, 26.98397841491585 ], [ 88.715036095024743, 26.983177551120072 ], [ 88.715575317610259, 26.982859581580552 ], [ 88.716141880560187, 26.982351728447984 ], [ 88.716769183373486, 26.982195154090775 ], [ 88.717442769912012, 26.982101196004663 ], [ 88.718716420213696, 26.982379019381472 ], [ 88.719631894175635, 26.98229112674602 ], [ 88.720298521269854, 26.98207087375301 ], [ 88.721222027357996, 26.981518024256825 ], [ 88.721449467736079, 26.981898859672313 ], [ 88.721809988627427, 26.982417975181711 ], [ 88.722456404531997, 26.98318632765374 ], [ 88.723304585105595, 26.983640806054048 ], [ 88.72388175998276, 26.984161777577452 ], [ 88.72421785831483, 26.985060284920067 ], [ 88.724688782469016, 26.985880418148803 ], [ 88.72495915229274, 26.986432219007785 ], [ 88.725141080465434, 26.986800065221612 ], [ 88.725312441637243, 26.987465905154998 ], [ 88.72510452698819, 26.98836655601492 ], [ 88.724808355458805, 26.989426246397425 ], [ 88.725028023680522, 26.989956101885941 ], [ 88.725292061771313, 26.990422229726484 ], [ 88.725849272589357, 26.990952462642337 ], [ 88.726523997246062, 26.991260112290941 ], [ 88.72717015925933, 26.99167642156171 ], [ 88.727161522953551, 26.992430213462512 ], [ 88.727265906645741, 26.993327037717492 ], [ 88.72724029229731, 26.994618095104826 ], [ 88.726952685217668, 26.99557839483705 ], [ 88.726675078624808, 26.996534060350271 ], [ 88.726284177809788, 26.996999186068741 ], [ 88.726025272351464, 26.997530389750075 ], [ 88.725689704300322, 26.997990323191914 ], [ 88.725730683374252, 26.998364406921972 ], [ 88.726142685384914, 26.998950573230825 ], [ 88.726263841052742, 26.999626050763407 ], [ 88.726681365649114, 27.000573194271723 ], [ 88.727200200153121, 27.001225743252032 ], [ 88.727410245204737, 27.0017827891477 ], [ 88.727745536203585, 27.002293167327419 ], [ 88.728024728887462, 27.002759102020431 ], [ 88.72771661716132, 27.004026545036073 ], [ 88.727425614812958, 27.004765746949385 ], [ 88.727434372868018, 27.005997710996184 ], [ 88.727091465106085, 27.007626625202526 ], [ 88.726775883449676, 27.008406745275625 ], [ 88.72685371588112, 27.009543086312998 ], [ 88.726614725230917, 27.010719417674153 ], [ 88.726623070808373, 27.011265397848053 ], [ 88.726354265546163, 27.012139718319318 ], [ 88.72676267373015, 27.011827820171497 ], [ 88.72748576904732, 27.011336052205142 ], [ 88.72809112479095, 27.010723870593381 ], [ 88.72880164507005, 27.01006978026815 ], [ 88.729406987395564, 27.00945759373926 ], [ 88.729775756164074, 27.008532397026322 ], [ 88.730132024505664, 27.007449395673476 ], [ 88.730701437646914, 27.005808666101515 ], [ 88.730825492053754, 27.005026379203652 ], [ 88.731084907818868, 27.003213446629349 ] ], [ [ 88.728462467624325, 26.99991316331722 ], [ 88.728885493435484, 26.999869147841657 ], [ 88.729637393448542, 26.999874073754615 ], [ 88.729843863660477, 26.999850412267165 ], [ 88.729946059414033, 26.999838700882194 ], [ 88.729956244870863, 26.999837534398843 ], [ 88.730764258006303, 26.99974493261222 ], [ 88.730908707139704, 27.000174867059989 ], [ 88.730733326111064, 27.000568653203789 ], [ 88.730723621480365, 27.000579196459018 ], [ 88.730020523012485, 27.001343003909223 ], [ 88.729959913649481, 27.002145292960023 ], [ 88.729701450151538, 27.002659282084284 ], [ 88.729521198046868, 27.002697154502112 ], [ 88.729029228234396, 27.002800516393137 ], [ 88.728587813517791, 27.002537559362267 ], [ 88.728570155192102, 27.002493363405769 ], [ 88.728396408118698, 27.002058501006243 ], [ 88.728227862576418, 27.001422618152667 ], [ 88.727883699536193, 27.000874704414624 ], [ 88.727856617919713, 27.000831585356018 ], [ 88.72793562029176, 27.000336270394165 ], [ 88.728462467624325, 26.99991316331722 ] ], [ [ 88.747674330768163, 26.977243716783299 ], [ 88.748060233464543, 26.977217787761546 ], [ 88.748531452959128, 26.977275419211416 ], [ 88.748532390051238, 26.977275532781544 ], [ 88.748775582086694, 26.976993607136674 ], [ 88.749188653271304, 26.976701116833066 ], [ 88.749389536922394, 26.976637933864247 ], [ 88.749595223660094, 26.976573239762839 ], [ 88.749977988441302, 26.97666880320876 ], [ 88.750085351153402, 26.976725913706979 ], [ 88.750256184553521, 26.976816786127277 ], [ 88.750347770898486, 26.976865505203801 ], [ 88.750681767361712, 26.977128666399409 ], [ 88.750787228709882, 26.977211759071341 ], [ 88.750856247930642, 26.977308824076069 ], [ 88.75090519881158, 26.977377665024946 ], [ 88.750963392271359, 26.9774595039835 ], [ 88.751023168072123, 26.977543569083206 ], [ 88.750976051959412, 26.97791911965945 ], [ 88.750689848935139, 26.978312446101242 ], [ 88.750527390777307, 26.978469100083629 ], [ 88.75048411415969, 26.978510832794722 ], [ 88.75010976331194, 26.978871809459534 ], [ 88.749569338321223, 26.979134802481823 ], [ 88.748738170019024, 26.979214240771501 ], [ 88.748545217403674, 26.97922720841321 ], [ 88.748365464677846, 26.979445506750551 ], [ 88.747987209223439, 26.979926823454381 ], [ 88.747632776104183, 26.97995660661396 ], [ 88.74722790307969, 26.97972078545288 ], [ 88.747070551982034, 26.979245353239843 ], [ 88.747223930870163, 26.978388300485918 ], [ 88.747137714719898, 26.9778484367841 ], [ 88.747224500200474, 26.977404604592703 ], [ 88.747674330768163, 26.977243716783299 ] ], [ [ 88.737308156699569, 26.974437471732593 ], [ 88.736584122928747, 26.974246692950899 ], [ 88.735793415707732, 26.974214910589918 ], [ 88.736125462199055, 26.973610124635858 ], [ 88.736214026993011, 26.972954639668433 ], [ 88.736191565904704, 26.972916167935796 ], [ 88.736088482297632, 26.972739604289853 ], [ 88.735464107387671, 26.972509935093615 ], [ 88.735108215861956, 26.9722713414628 ], [ 88.73487026442821, 26.971868414097965 ], [ 88.734307042090109, 26.971831961468634 ], [ 88.73387968391215, 26.971705341550251 ], [ 88.733914235641038, 26.972539076964658 ], [ 88.733971032893876, 26.973909426309895 ], [ 88.733806466959479, 26.973926545236885 ], [ 88.733800700099636, 26.973927144986344 ], [ 88.733678309328226, 26.973939875696434 ], [ 88.733246413625963, 26.973984800360107 ], [ 88.732920131571703, 26.97401873989023 ], [ 88.73213365644753, 26.974167386835777 ], [ 88.732011583832431, 26.974190459107341 ], [ 88.731212709320886, 26.974312485771886 ], [ 88.730914801276043, 26.974357989088112 ], [ 88.729792145147883, 26.974652943963825 ], [ 88.729431242886349, 26.974373670035497 ], [ 88.729420925231253, 26.974018336577267 ], [ 88.728914741202715, 26.973880889234199 ], [ 88.729027795608147, 26.973465205742375 ], [ 88.729467603157858, 26.973205629377922 ], [ 88.729540540309642, 26.973031722562443 ], [ 88.729735384251782, 26.972274890678523 ], [ 88.729763621377316, 26.971535382848494 ], [ 88.730257914976548, 26.971175099436053 ], [ 88.730874466705146, 26.97099449718209 ], [ 88.731138237784165, 26.970917231690176 ], [ 88.731828349002143, 26.970572221740223 ], [ 88.732380983147166, 26.970657309026592 ], [ 88.733057712835034, 26.970943328559319 ], [ 88.733429202899046, 26.970548722766971 ], [ 88.733006762635611, 26.969952349091081 ], [ 88.733003005222116, 26.969610593809445 ], [ 88.733347746784489, 26.96953672328873 ], [ 88.734092547916902, 26.969829914060984 ], [ 88.734810726251595, 26.970268428239383 ], [ 88.734578461352015, 26.968905002894168 ], [ 88.735013182901852, 26.969002345099376 ], [ 88.735788143576187, 26.96908330101256 ], [ 88.736731040650071, 26.968880670019328 ], [ 88.737362756662051, 26.968856929608069 ], [ 88.737561582456337, 26.968849456369412 ], [ 88.737732203413429, 26.968843042892015 ], [ 88.73779001465472, 26.968907524232154 ], [ 88.737894481466171, 26.969024044832555 ], [ 88.737966018640222, 26.969103835684155 ], [ 88.738053991261921, 26.969474031523045 ], [ 88.738218305616059, 26.970165460331977 ], [ 88.738274586149714, 26.970402281323427 ], [ 88.738631083508523, 26.97142797236922 ], [ 88.738861179706689, 26.972089969188239 ], [ 88.739118601612546, 26.974714778937994 ], [ 88.738864208420679, 26.974760258482583 ], [ 88.738839182792276, 26.974754545925606 ], [ 88.738435593491644, 26.974662412411686 ], [ 88.738206484149941, 26.974610109336801 ], [ 88.737871388011953, 26.974473907261508 ], [ 88.737308156699569, 26.974437471732593 ] ] ] } },
{ "type": "Feature", "properties": { "District": "Kalimpong", "Dist_LGD": "327N001", "Sub_dist": "Gorubathan", "Subdis_LGD": "2158", "Subdis_Typ": "Cd_Block", "Vill_name": "Ambeok Forest", "Vill_Cat": "Others", "Vill_LGD": "306340", "arr_project": "asha2" }, "geometry": { "type": "Polygon", "coordinates": [ [ [ 88.710796223859717, 27.02621640608891 ], [ 88.710903465700895, 27.027307270941165 ], [ 88.71111116286157, 27.028708316993818 ], [ 88.711506503029113, 27.029854348100287 ], [ 88.711666581761875, 27.030773071135712 ], [ 88.711979262845063, 27.0317847116638 ], [ 88.712238837939921, 27.03361386718116 ], [ 88.712339627742793, 27.034610032367624 ], [ 88.712665898951073, 27.035851673163631 ], [ 88.712791450189329, 27.036486489124872 ], [ 88.713014936163077, 27.03726453237131 ], [ 88.713040876261175, 27.037977283035215 ], [ 88.713552445090698, 27.039139941817979 ], [ 88.714252185698555, 27.040413133085185 ], [ 88.714530261582652, 27.040802383176583 ], [ 88.714763400337517, 27.041219257997064 ], [ 88.715014843712979, 27.041514056399272 ], [ 88.715742686266083, 27.042313023294728 ], [ 88.716540852696056, 27.043427042605973 ], [ 88.717853958268805, 27.045256862052316 ], [ 88.719077585990803, 27.046835028443137 ], [ 88.720259418712146, 27.048314405677328 ], [ 88.721258553825294, 27.049710261209398 ], [ 88.721904886861523, 27.05077645867263 ], [ 88.723642043253321, 27.052966582375671 ], [ 88.725455414862481, 27.054862398344511 ], [ 88.726150963690785, 27.054858376186893 ], [ 88.726204945683406, 27.054433486789886 ], [ 88.726728373022851, 27.053723025692399 ], [ 88.727320411981026, 27.052885354793492 ], [ 88.727815177280945, 27.052279041681899 ], [ 88.728318139723456, 27.051221322019888 ], [ 88.728834009142332, 27.050348475849848 ], [ 88.72913897487301, 27.049527865854902 ], [ 88.729390567479427, 27.048513849000454 ], [ 88.729264537203051, 27.04719758659472 ], [ 88.729276381713092, 27.046326421625356 ], [ 88.729057654883107, 27.045209872789744 ], [ 88.728923987344757, 27.044381114030394 ], [ 88.72912943885737, 27.042659114877456 ], [ 88.729064929802348, 27.041409790963154 ], [ 88.72930029473028, 27.040653217642813 ], [ 88.729379457233406, 27.040228016783463 ], [ 88.729277421333933, 27.039818583354851 ], [ 88.729027803185019, 27.039316187818777 ], [ 88.728333099243414, 27.038710947352406 ], [ 88.727554324240742, 27.037881080633078 ], [ 88.726561302463679, 27.03655289006236 ], [ 88.725238916940654, 27.03510687644766 ], [ 88.724397794471372, 27.034151388629418 ], [ 88.724052206939149, 27.033302652637364 ], [ 88.723808998207858, 27.031897554624084 ], [ 88.723979315754974, 27.030180501880057 ], [ 88.724456629280994, 27.028766577338587 ], [ 88.724913974376875, 27.028025341970842 ], [ 88.725443510915085, 27.02706207958229 ], [ 88.725729401649318, 27.02598446403686 ], [ 88.725929080891262, 27.025201255301063 ], [ 88.726260994469058, 27.024827113320551 ], [ 88.72640731775445, 27.023850494752946 ], [ 88.726732254508946, 27.023350071936068 ], [ 88.727084935039755, 27.02268683703393 ], [ 88.727384260394345, 27.021830192597154 ], [ 88.727300539919881, 27.020639770219532 ], [ 88.726880028426763, 27.019503122224059 ], [ 88.726066205788158, 27.018678184216412 ], [ 88.72539932814918, 27.017905595925122 ], [ 88.724473315231762, 27.016991761666407 ], [ 88.724230328085255, 27.016588560729339 ], [ 88.723847420011452, 27.017252158910068 ], [ 88.723211433813148, 27.017842131568514 ], [ 88.722592577715361, 27.017903863151595 ], [ 88.72140015558648, 27.017692794413826 ], [ 88.720389431157159, 27.017831514927909 ], [ 88.719951441511938, 27.018188887257111 ], [ 88.719465221268436, 27.018357298195362 ], [ 88.718875695825744, 27.018359984249873 ], [ 88.718099486273999, 27.018346893189825 ], [ 88.717523920852258, 27.018936103921206 ], [ 88.717016725475389, 27.019714028681324 ], [ 88.716554350852505, 27.020125845897503 ], [ 88.715918685109997, 27.020408893759758 ], [ 88.715280068008042, 27.020497912173457 ], [ 88.714275205629207, 27.02036122016473 ], [ 88.712453440582976, 27.018857967972746 ], [ 88.711631427473364, 27.018150381970681 ], [ 88.711036457968319, 27.01712862882572 ], [ 88.710383161701799, 27.016247486777576 ], [ 88.709967035806301, 27.014722601341301 ], [ 88.710030359750164, 27.013580018324543 ], [ 88.710343797805223, 27.012317056454574 ], [ 88.710358397671001, 27.011617348167686 ], [ 88.711001586816778, 27.010169855030799 ], [ 88.711232723814646, 27.008131638401743 ], [ 88.711684567157477, 27.007358918823943 ], [ 88.711596014270199, 27.006502506434824 ], [ 88.711580027376826, 27.004449239351409 ], [ 88.71140924924083, 27.002488113649623 ], [ 88.711421861652923, 27.001657549582141 ], [ 88.711213373789235, 26.999534410285293 ], [ 88.709576942217581, 26.999599412876044 ], [ 88.709526636949832, 26.999604537419309 ], [ 88.709582402297599, 26.999960396241072 ], [ 88.709786803925965, 27.001149374735842 ], [ 88.710435373517001, 27.002057661115622 ], [ 88.710525499557832, 27.003351827228762 ], [ 88.710409381161227, 27.005000521093617 ], [ 88.7103368742073, 27.006201886886345 ], [ 88.709950462818995, 27.00730326441991 ], [ 88.709559553148793, 27.00844079911203 ], [ 88.709228489476857, 27.0098709589561 ], [ 88.708687208418937, 27.011727900179064 ], [ 88.708644021577229, 27.012870239227365 ], [ 88.708504297282559, 27.013959592230083 ], [ 88.708339404743086, 27.015717189276433 ], [ 88.709089155972137, 27.016646814934191 ], [ 88.709790297973868, 27.01736039739243 ], [ 88.71080070687016, 27.018530553587006 ], [ 88.711068385485561, 27.019235855943194 ], [ 88.710872827770601, 27.019964841801425 ], [ 88.71038279592814, 27.020548472392598 ], [ 88.709764617254649, 27.020989238545926 ], [ 88.709976992836815, 27.021370271668349 ], [ 88.710043826200447, 27.022123146917629 ], [ 88.710264993595828, 27.023749688308971 ], [ 88.710742513868766, 27.025332492665175 ], [ 88.710796223859717, 27.02621640608891 ] ] ] } },
{ "type": "Feature", "properties": { "District": "Kalimpong", "Dist_LGD": "327N001", "Sub_dist": "Gorubathan", "Subdis_LGD": "2158", "Subdis_Typ": "Cd_Block", "Vill_name": "Pogu Forest", "Vill_Cat": "Others", "Vill_LGD": "306337", "arr_project": "asha2" }, "geometry": { "type": "Polygon", "coordinates": [ [ [ 88.655419256732529, 27.017373858734196 ], [ 88.656467742314703, 27.017054630723894 ], [ 88.657717417823292, 27.016710460922571 ], [ 88.658670430259946, 27.016410393641493 ], [ 88.660092248557788, 27.016122846477742 ], [ 88.66288030054254, 27.015196338203953 ], [ 88.663531398568196, 27.014926882864046 ], [ 88.664418484512538, 27.014600478305116 ], [ 88.665272095348925, 27.014396318902513 ], [ 88.667150774623423, 27.013656494302658 ], [ 88.668281195945625, 27.013430986559815 ], [ 88.669009172939383, 27.013250859350098 ], [ 88.669923485839419, 27.013064005083006 ], [ 88.670892546283966, 27.012831363748859 ], [ 88.67189836474023, 27.012359083191374 ], [ 88.67294695160237, 27.012053274050956 ], [ 88.673647113795681, 27.011697441137557 ], [ 88.674351841616883, 27.011309958019666 ], [ 88.675123213472475, 27.01065991602761 ], [ 88.676453925074895, 27.00967375190136 ], [ 88.677151395378004, 27.008798922908934 ], [ 88.677619117280997, 27.008400707019362 ], [ 88.678418932870855, 27.007632967646384 ], [ 88.679420522076512, 27.006542384823277 ], [ 88.680011891438355, 27.005650755398641 ], [ 88.680735440535855, 27.00450029603892 ], [ 88.681485239293224, 27.003421729542616 ], [ 88.681886830830024, 27.002983673335187 ], [ 88.682233678820793, 27.002591400190624 ], [ 88.682523500336913, 27.002091491733395 ], [ 88.68262592648999, 27.001526124727569 ], [ 88.683031536642829, 27.001020320266363 ], [ 88.683473746369501, 27.000265852570742 ], [ 88.68373951253146, 26.999842953572912 ], [ 88.684517936470002, 26.998998714715135 ], [ 88.684927490143451, 26.998420647016825 ], [ 88.685434286714283, 26.997606730661534 ], [ 88.684800311315399, 26.99664850337723 ], [ 88.684219004292402, 26.995843088241564 ], [ 88.683824142869966, 26.994701469062459 ], [ 88.683660326752516, 26.99385044339628 ], [ 88.683626133288911, 26.992907602793682 ], [ 88.683647686470138, 26.992325149684685 ], [ 88.683577497298231, 26.99133309619279 ], [ 88.683302070038593, 26.990429244443238 ], [ 88.683111873008812, 26.989497293647894 ], [ 88.683177617607015, 26.988160615749102 ], [ 88.683298970280944, 26.987513784768783 ], [ 88.683253905947737, 26.986855403322977 ], [ 88.683278078969977, 26.985433471606751 ], [ 88.683025840668222, 26.984393946005959 ], [ 88.682794559221463, 26.983746813672806 ], [ 88.682319982469096, 26.982660298407271 ], [ 88.682112146519444, 26.981895542272941 ], [ 88.682182868961235, 26.980892776851249 ], [ 88.682149503741471, 26.980004083 ], [ 88.682072626090843, 26.978899277095728 ], [ 88.682025098090065, 26.977735448650428 ], [ 88.681880740470547, 26.976496053221759 ], [ 88.68171879614826, 26.97508988027317 ], [ 88.681400866706042, 26.970643693895834 ], [ 88.68121543652363, 26.969350628420379 ], [ 88.68106063864218, 26.967745786776693 ], [ 88.680966191060577, 26.966812687195493 ], [ 88.680848576302836, 26.966015259174313 ], [ 88.68070074808405, 26.965218191028693 ], [ 88.680703057624228, 26.964356148159574 ], [ 88.680673624428849, 26.963052192979514 ], [ 88.680286847745407, 26.962104524744397 ], [ 88.680216251540088, 26.961080875918043 ], [ 88.680229991041486, 26.959970472317533 ], [ 88.680321674466796, 26.959021612597351 ], [ 88.680517348958006, 26.958292659889182 ], [ 88.681144464603435, 26.957450248209053 ], [ 88.682031268959733, 26.956460312980468 ], [ 88.682866759741202, 26.955746290451895 ], [ 88.683154922395644, 26.955481085760905 ], [ 88.683622209877882, 26.955069322215241 ], [ 88.683807180368092, 26.954638362062653 ], [ 88.683726486897257, 26.953953324393709 ], [ 88.683657357983648, 26.952013485894689 ], [ 88.683618493412453, 26.95143174960619 ], [ 88.683062614562388, 26.950964503358126 ], [ 88.682500364725342, 26.950407064931738 ], [ 88.681776213159694, 26.949120420729869 ], [ 88.68094674247169, 26.947862106675334 ], [ 88.680105951272552, 26.946518172287512 ], [ 88.679584571165321, 26.945657850764661 ], [ 88.6785768179206, 26.944938711967435 ], [ 88.677742134282823, 26.944343876898685 ], [ 88.676054762097422, 26.943637313593701 ], [ 88.67509676452147, 26.943215428749575 ], [ 88.674101196776078, 26.942636020175964 ], [ 88.672786914460772, 26.941956581085648 ], [ 88.671942678703985, 26.941393414913087 ], [ 88.66972739890511, 26.940738162279235 ], [ 88.668390114208549, 26.940203374904982 ], [ 88.667777099577194, 26.939694803894284 ], [ 88.667972047071189, 26.940134302506774 ], [ 88.668470847967143, 26.940960006330211 ], [ 88.668657277311951, 26.941329959120051 ], [ 88.669644591890616, 26.942561571279253 ], [ 88.670239092912652, 26.943639866205988 ], [ 88.672224027931165, 26.946364791709332 ], [ 88.672722792579876, 26.947149858798028 ], [ 88.672959637355532, 26.94755594511631 ], [ 88.673020256780219, 26.94797107076317 ], [ 88.672899535166849, 26.948219284353442 ], [ 88.671007273471773, 26.950755925128234 ], [ 88.669618232176987, 26.952656183129481 ], [ 88.668541354729157, 26.95457430906044 ], [ 88.666759767453584, 26.957286865856677 ], [ 88.666135571443945, 26.958027095120027 ], [ 88.663653962324531, 26.96111435881846 ], [ 88.662561794891246, 26.962888110058074 ], [ 88.662199537501508, 26.963853873241842 ], [ 88.661716611086689, 26.965740213894872 ], [ 88.661002007224567, 26.967319859336985 ], [ 88.660750494637497, 26.968317169393501 ], [ 88.660534097655557, 26.968700812662 ], [ 88.660357858071762, 26.968773024011483 ], [ 88.65889236923222, 26.969363715158043 ], [ 88.657971227615803, 26.970117886256585 ], [ 88.658040586582999, 26.970726351331432 ], [ 88.658084500924744, 26.971317063787524 ], [ 88.658138951132173, 26.971939243716168 ], [ 88.657909114770504, 26.972754323169351 ], [ 88.657704204564098, 26.973208051649213 ], [ 88.657482597963522, 26.973553662315577 ], [ 88.657290201816238, 26.974174231802483 ], [ 88.656853867441171, 26.974991736770452 ], [ 88.656633428961328, 26.975761570910446 ], [ 88.656218813861059, 26.976687136092984 ], [ 88.655965079149397, 26.977935760010368 ], [ 88.655775955368625, 26.979124952338232 ], [ 88.655605950549798, 26.979555703115231 ], [ 88.655400161873715, 26.979950767853968 ], [ 88.65514393961962, 26.980341912656218 ], [ 88.655229740612938, 26.980697447134215 ], [ 88.655536822627553, 26.981027816246105 ], [ 88.656653967086356, 26.982323513396363 ], [ 88.657233687022909, 26.983038806297301 ], [ 88.657540440022032, 26.98368961130075 ], [ 88.657988490020685, 26.98435680508538 ], [ 88.658198815784175, 26.985302098842997 ], [ 88.658234057042435, 26.985987689248969 ], [ 88.65815465076814, 26.986412862583499 ], [ 88.657985374689929, 26.986893252931822 ], [ 88.657686064787427, 26.987438357031667 ], [ 88.657565698834603, 26.987818881041385 ], [ 88.65752280480811, 26.988329374663895 ], [ 88.657524316438455, 26.988776163412766 ], [ 88.65755657896284, 26.989258694197957 ], [ 88.657556691562789, 26.989953724139763 ], [ 88.657288785480404, 26.990579694824035 ], [ 88.657237799239169, 26.991225679900534 ], [ 88.65792778267128, 26.992242055299037 ], [ 88.657990007255378, 26.992706180037747 ], [ 88.657865195757893, 26.993127375011504 ], [ 88.657638185578648, 26.99345048340021 ], [ 88.657410249395014, 26.99371041580812 ], [ 88.656566881429271, 26.99494792230395 ], [ 88.655828710308839, 26.995457564184949 ], [ 88.655016295302403, 26.996058338658429 ], [ 88.654147055835395, 26.99690800210616 ], [ 88.653892492263708, 26.997759469640677 ], [ 88.653954307060374, 26.998196522726747 ], [ 88.654232995010602, 26.998649082236962 ], [ 88.654578427005262, 26.999186607402276 ], [ 88.654575534600809, 27.000021580175094 ], [ 88.654614216239921, 27.000598812590397 ], [ 88.654478038237414, 27.001277389660103 ], [ 88.654106680987496, 27.002067045587765 ], [ 88.654084645446375, 27.002626938628961 ], [ 88.654276928974014, 27.004059873254025 ], [ 88.654272137997395, 27.004420983682717 ], [ 88.654178718351758, 27.0049230435447 ], [ 88.653958543805246, 27.005715436868119 ], [ 88.653919198178471, 27.006469599950854 ], [ 88.653747615319602, 27.007139565866503 ], [ 88.653111541784597, 27.008090289280968 ], [ 88.652952139891298, 27.008904533005811 ], [ 88.652511452290099, 27.010123750058661 ], [ 88.652311587032997, 27.01127244419995 ], [ 88.651972524462138, 27.012206136644647 ], [ 88.651597723869429, 27.014142174581586 ], [ 88.651170246470912, 27.015577865969529 ], [ 88.650832019933105, 27.016570218919757 ], [ 88.650584939379868, 27.017593094045051 ], [ 88.650870469156715, 27.01747691665128 ], [ 88.651851141801032, 27.017343557843329 ], [ 88.653046851025721, 27.017442352599666 ], [ 88.654055089556266, 27.017471130024589 ], [ 88.654815332177947, 27.017426091009572 ], [ 88.655419256732529, 27.017373858734196 ] ], [ [ 88.676553830761691, 26.9669372634845 ], [ 88.675903862996364, 26.966505551104625 ], [ 88.675659897419351, 26.966356715067597 ], [ 88.675224568001866, 26.966091129391476 ], [ 88.674083119374146, 26.965410882059739 ], [ 88.673822707612331, 26.965295267815343 ], [ 88.67374482517522, 26.965563597712812 ], [ 88.673707510498062, 26.965692163343217 ], [ 88.673247581525402, 26.966646118358053 ], [ 88.673193793912063, 26.966757679649611 ], [ 88.672657581695205, 26.96652803817015 ], [ 88.671438523848437, 26.965542121607154 ], [ 88.670942397161241, 26.965094449846784 ], [ 88.670744022253402, 26.962206404454221 ], [ 88.670680817908305, 26.961286090087864 ], [ 88.670473918452345, 26.959545024903846 ], [ 88.670469921746331, 26.959511396824791 ], [ 88.670479352202833, 26.958070351005347 ], [ 88.670567749358995, 26.957562168447158 ], [ 88.670975542576116, 26.957291830355654 ], [ 88.671866596395333, 26.956729083586453 ], [ 88.672116053384741, 26.956604252832189 ], [ 88.673123914516509, 26.956099901046482 ], [ 88.673152134360777, 26.95609239590598 ], [ 88.673411575714908, 26.956023396499823 ], [ 88.673562800282696, 26.955983178307573 ], [ 88.673592630004137, 26.956507635188249 ], [ 88.673622460036441, 26.95703209269174 ], [ 88.673595598795288, 26.957533902547905 ], [ 88.67379057871122, 26.957534509833888 ], [ 88.674264117131685, 26.957535982267931 ], [ 88.675097530881246, 26.95747821262249 ], [ 88.676208869734765, 26.957249079397052 ], [ 88.67654187173612, 26.957314403883686 ], [ 88.676816188410925, 26.958027407498264 ], [ 88.677182407996796, 26.959800235349448 ], [ 88.677544015682813, 26.960760838237139 ], [ 88.676855930810888, 26.960925955385779 ], [ 88.67660327366319, 26.960986583777846 ], [ 88.676402244649225, 26.961149980696458 ], [ 88.676426085117271, 26.961328678581566 ], [ 88.676464170369698, 26.961614158579373 ], [ 88.676531708323324, 26.962120370475194 ], [ 88.676714465762288, 26.963769620940123 ], [ 88.676980809540964, 26.966024492538892 ], [ 88.677043899820532, 26.966558572844558 ], [ 88.677044260012394, 26.967328465350349 ], [ 88.676553830761691, 26.9669372634845 ] ], [ [ 88.679571201859673, 26.957199110314043 ], [ 88.67946957006707, 26.956579917356034 ], [ 88.6794600420656, 26.955974948820696 ], [ 88.679491646771169, 26.955520179404701 ], [ 88.679015646634454, 26.955296202481588 ], [ 88.678481524219592, 26.955137648501346 ], [ 88.678278877138354, 26.954160586911154 ], [ 88.67828485439594, 26.953708471177148 ], [ 88.679054156514496, 26.953248599288944 ], [ 88.679503775920111, 26.953035776074891 ], [ 88.679696773826137, 26.952944420752846 ], [ 88.679556398017596, 26.952709448191889 ], [ 88.67949114144561, 26.952193421487799 ], [ 88.679700087926193, 26.951827222199555 ], [ 88.680156705218522, 26.951732409464594 ], [ 88.680279497588444, 26.951921677730255 ], [ 88.680296262741066, 26.951993055821578 ], [ 88.680516530480702, 26.952930892374162 ], [ 88.680530133193741, 26.952988810693871 ], [ 88.68070598775293, 26.953192143793249 ], [ 88.68079420379317, 26.953294142876491 ], [ 88.680998658853923, 26.954033377567463 ], [ 88.681091945384424, 26.954570260767177 ], [ 88.68076556571765, 26.955055558689107 ], [ 88.680397157785194, 26.955509567424912 ], [ 88.68021860811605, 26.956431051504609 ], [ 88.680372402117712, 26.957436926643165 ], [ 88.680092218173925, 26.95773922138833 ], [ 88.679707709330827, 26.957779046890082 ], [ 88.679571201859673, 26.957199110314043 ] ] ] } },
{ "type": "Feature", "properties": { "District": "Kalimpong", "Dist_LGD": "327N001", "Sub_dist": "Gorubathan", "Subdis_LGD": "2158", "Subdis_Typ": "Cd_Block", "Vill_name": "Noam Forest", "Vill_Cat": "Others", "Vill_LGD": "306333", "arr_project": "asha2" }, "geometry": { "type": "Polygon", "coordinates": [ [ [ 88.655775955368625, 26.979124952338232 ], [ 88.655965079149397, 26.977935760010368 ], [ 88.656218813861059, 26.976687136092984 ], [ 88.656633428961328, 26.975761570910446 ], [ 88.656853867441171, 26.974991736770452 ], [ 88.657290201816238, 26.974174231802483 ], [ 88.657482597963522, 26.973553662315577 ], [ 88.657704204564098, 26.973208051649213 ], [ 88.657909114770504, 26.972754323169351 ], [ 88.658138951132173, 26.971939243716168 ], [ 88.658084500924744, 26.971317063787524 ], [ 88.658040586582999, 26.970726351331432 ], [ 88.657971227615803, 26.970117886256585 ], [ 88.65889236923222, 26.969363715158043 ], [ 88.660357858071762, 26.968773024011483 ], [ 88.659254806997652, 26.968493466651022 ], [ 88.65858262644511, 26.968143590608239 ], [ 88.657799126510341, 26.967735768676175 ], [ 88.657375972572012, 26.967415432550464 ], [ 88.656937712695395, 26.966950761162838 ], [ 88.656685909827857, 26.966657474292745 ], [ 88.656313024759029, 26.965958066516016 ], [ 88.655970401178564, 26.965385124248524 ], [ 88.655954887068177, 26.965360283922593 ], [ 88.655733669048516, 26.96500608805292 ], [ 88.655436346405509, 26.964437576424135 ], [ 88.656231951114137, 26.964004171385223 ], [ 88.656724077404647, 26.963540925880281 ], [ 88.656735433783382, 26.963530236050651 ], [ 88.6567547241103, 26.963468437086206 ], [ 88.654510695418182, 26.962183717290817 ], [ 88.654147659060826, 26.962156384357492 ], [ 88.653906733496427, 26.962213369110792 ], [ 88.653736743544926, 26.96264411826969 ], [ 88.653523764742474, 26.962890328894161 ], [ 88.652770701751479, 26.963057121759707 ], [ 88.651726085584386, 26.9632634322247 ], [ 88.650951260736804, 26.963665156736429 ], [ 88.650561163012028, 26.963854766664475 ], [ 88.649819343652482, 26.964102650234384 ], [ 88.649278496075041, 26.96431658577373 ], [ 88.648684419502828, 26.964680078965873 ], [ 88.648316825299403, 26.965031894809997 ], [ 88.648125155411392, 26.965359087218005 ], [ 88.647888687401576, 26.965722908373319 ], [ 88.647480009794748, 26.96602104394011 ], [ 88.647046609970758, 26.966351058555372 ], [ 88.646869452316039, 26.96663746174406 ], [ 88.646868487029934, 26.966917291867844 ], [ 88.646739454756087, 26.967049682807993 ], [ 88.646506487338598, 26.966962140323957 ], [ 88.646209166317689, 26.966952072329594 ], [ 88.645613722302471, 26.966530268585693 ], [ 88.645119671473495, 26.966499929683664 ], [ 88.644374019570876, 26.966486064198747 ], [ 88.643856888104708, 26.966600411849175 ], [ 88.64373465852556, 26.966854578244494 ], [ 88.642984105967216, 26.967197305714532 ], [ 88.641924842080925, 26.967092304001799 ], [ 88.640967410910775, 26.96706283266019 ], [ 88.640287353818906, 26.966709689777009 ], [ 88.639720446196208, 26.96651770381802 ], [ 88.638865900880489, 26.966288440143057 ], [ 88.637804622871357, 26.966043519751942 ], [ 88.636269446086516, 26.965767987877946 ], [ 88.635090899886521, 26.965772635956686 ], [ 88.633706354537438, 26.965463735243251 ], [ 88.632429849803628, 26.965311532790448 ], [ 88.631306014565936, 26.964918351100632 ], [ 88.631117063046943, 26.965787078339989 ], [ 88.631135567528304, 26.967420654886929 ], [ 88.630784457767078, 26.969270629827847 ], [ 88.630700185963704, 26.970413453318262 ], [ 88.630555189061596, 26.971886443970867 ], [ 88.630656512522521, 26.973324993466068 ], [ 88.630643073239412, 26.974489561780249 ], [ 88.63045404609538, 26.976053326259752 ], [ 88.630092666671203, 26.977542358818383 ], [ 88.629543658718461, 26.978595777806937 ], [ 88.628999352022774, 26.979626573790508 ], [ 88.62851658018279, 26.980733382331149 ], [ 88.628111203775461, 26.981618146357718 ], [ 88.628051631656291, 26.982729087683602 ], [ 88.628146510291941, 26.983720902275582 ], [ 88.628534176920908, 26.984754464699048 ], [ 88.629304948261392, 26.986153681140177 ], [ 88.630175631442683, 26.987493063572106 ], [ 88.630973304542138, 26.988309751801882 ], [ 88.631519098250806, 26.988777321350703 ], [ 88.632341846462808, 26.989584683757972 ], [ 88.632975301251548, 26.990191141138936 ], [ 88.63384446176255, 26.990722650239231 ], [ 88.634737434475483, 26.991506618251712 ], [ 88.63669558557126, 26.993483235385931 ], [ 88.637358787485709, 26.994053218871603 ], [ 88.638129803613637, 26.994761855733113 ], [ 88.639054173276364, 26.995622152082991 ], [ 88.639352423167097, 26.996385927187895 ], [ 88.639450686900943, 26.996908314583532 ], [ 88.639116000182696, 26.997453795256998 ], [ 88.639034161512015, 26.998064030202695 ], [ 88.63860807581591, 26.998560927251454 ], [ 88.638191470932881, 26.999364610197432 ], [ 88.637657364903987, 27.000056828128741 ], [ 88.636956359856867, 27.00070585219904 ], [ 88.636263005437854, 27.001187796379952 ], [ 88.635716777667028, 27.001740239388372 ], [ 88.635555893060598, 27.00211219044121 ], [ 88.635258003024546, 27.002765550877424 ], [ 88.634936554007666, 27.003532014601703 ], [ 88.634342869922676, 27.004288098117136 ], [ 88.633738254905083, 27.004985634401248 ], [ 88.633095628494857, 27.005494054381199 ], [ 88.632214898645756, 27.006262482604029 ], [ 88.631963708052055, 27.006662557434751 ], [ 88.631872271731694, 27.007309006120146 ], [ 88.631996597295341, 27.008241798954423 ], [ 88.632679691497842, 27.008789005891238 ], [ 88.633373195300749, 27.009358653947537 ], [ 88.634345684379667, 27.010055942797397 ], [ 88.635245424699534, 27.010948138964519 ], [ 88.636072104713833, 27.011317645402656 ], [ 88.636890941024433, 27.011493170413079 ], [ 88.637801835568197, 27.012109912410533 ], [ 88.638598304108086, 27.01247975472856 ], [ 88.640053850633649, 27.013126248051435 ], [ 88.641078489375957, 27.013592707774137 ], [ 88.641838594561435, 27.013886231157979 ], [ 88.642883612298746, 27.014713495077881 ], [ 88.643879181569275, 27.015604512051993 ], [ 88.644532541567258, 27.016179083689188 ], [ 88.645412825638942, 27.016764539335838 ], [ 88.646089813900957, 27.01723050998045 ], [ 88.647194101099274, 27.017971295781184 ], [ 88.648015664942406, 27.018674763583942 ], [ 88.649808656076786, 27.019989665140955 ], [ 88.650001366348505, 27.020073156851023 ], [ 88.650032612062645, 27.019797485726073 ], [ 88.650189844177177, 27.019177337969996 ], [ 88.650314864768859, 27.01842217242163 ], [ 88.650388157787518, 27.017920350341466 ], [ 88.650584939379868, 27.017593094045051 ], [ 88.650832019933105, 27.016570218919757 ], [ 88.651170246470912, 27.015577865969529 ], [ 88.651597723869429, 27.014142174581586 ], [ 88.651972524462138, 27.012206136644647 ], [ 88.652311587032997, 27.01127244419995 ], [ 88.652511452290099, 27.010123750058661 ], [ 88.652952139891298, 27.008904533005811 ], [ 88.653111541784597, 27.008090289280968 ], [ 88.653747615319602, 27.007139565866503 ], [ 88.653919198178471, 27.006469599950854 ], [ 88.653958543805246, 27.005715436868119 ], [ 88.654178718351758, 27.0049230435447 ], [ 88.654272137997395, 27.004420983682717 ], [ 88.654276928974014, 27.004059873254025 ], [ 88.654084645446375, 27.002626938628961 ], [ 88.654106680987496, 27.002067045587765 ], [ 88.654478038237414, 27.001277389660103 ], [ 88.654614216239921, 27.000598812590397 ], [ 88.654575534600809, 27.000021580175094 ], [ 88.654578427005262, 26.999186607402276 ], [ 88.654232995010602, 26.998649082236962 ], [ 88.653954307060374, 26.998196522726747 ], [ 88.653892492263708, 26.997759469640677 ], [ 88.654147055835395, 26.99690800210616 ], [ 88.655016295302403, 26.996058338658429 ], [ 88.655828710308839, 26.995457564184949 ], [ 88.656566881429271, 26.99494792230395 ], [ 88.657410249395014, 26.99371041580812 ], [ 88.657638185578648, 26.99345048340021 ], [ 88.657865195757893, 26.993127375011504 ], [ 88.657990007255378, 26.992706180037747 ], [ 88.65792778267128, 26.992242055299037 ], [ 88.657237799239169, 26.991225679900534 ], [ 88.657288785480404, 26.990579694824035 ], [ 88.657556691562789, 26.989953724139763 ], [ 88.65755657896284, 26.989258694197957 ], [ 88.657524316438455, 26.988776163412766 ], [ 88.65752280480811, 26.988329374663895 ], [ 88.657565698834603, 26.987818881041385 ], [ 88.657686064787427, 26.987438357031667 ], [ 88.657985374689929, 26.986893252931822 ], [ 88.65815465076814, 26.986412862583499 ], [ 88.658234057042435, 26.985987689248969 ], [ 88.658198815784175, 26.985302098842997 ], [ 88.657988490020685, 26.98435680508538 ], [ 88.657540440022032, 26.98368961130075 ], [ 88.657233687022909, 26.983038806297301 ], [ 88.656653967086356, 26.982323513396363 ], [ 88.655536822627553, 26.981027816246105 ], [ 88.655229740612938, 26.980697447134215 ], [ 88.65514393961962, 26.980341912656218 ], [ 88.655400161873715, 26.979950767853968 ], [ 88.655605950549798, 26.979555703115231 ], [ 88.655775955368625, 26.979124952338232 ] ], [ [ 88.655701906714867, 26.974257007862906 ], [ 88.656095846901465, 26.974002379800705 ], [ 88.656312985489379, 26.974151024076299 ], [ 88.65626926081778, 26.97464034539275 ], [ 88.656016204613948, 26.975365197177116 ], [ 88.655756002741285, 26.976019498638912 ], [ 88.655460744626225, 26.976634647542738 ], [ 88.655257773334142, 26.977193326696838 ], [ 88.654755620575543, 26.978575485385289 ], [ 88.654390241340877, 26.979112336479467 ], [ 88.654095158955627, 26.978902190754791 ], [ 88.653988139463706, 26.978825974214704 ], [ 88.654111884929023, 26.978565298492704 ], [ 88.654116270027558, 26.978556063320646 ], [ 88.654281980236973, 26.978196710690415 ], [ 88.654320631240893, 26.978068964016494 ], [ 88.654433401493506, 26.977696249241536 ], [ 88.654404824231804, 26.977414027628789 ], [ 88.653989874197464, 26.977000662855751 ], [ 88.653602835749453, 26.976555893177242 ], [ 88.653465143788281, 26.976270697905388 ], [ 88.65378898684564, 26.975937769205196 ], [ 88.654126454422382, 26.975432326807958 ], [ 88.654651387449036, 26.974936012642868 ], [ 88.655307964939098, 26.974511634869781 ], [ 88.655701906714867, 26.974257007862906 ] ] ] } },
{ "type": "Feature", "properties": { "District": "Kalimpong", "Dist_LGD": "327N001", "Sub_dist": "Gorubathan", "Subdis_LGD": "2158", "Subdis_Typ": "Cd_Block", "Vill_name": "Lehti Forest", "Vill_Cat": "Others", "Vill_LGD": "306334", "arr_project": "asha2" }, "geometry": { "type": "Polygon", "coordinates": [ [ [ 88.647046609970758, 26.966351058555372 ], [ 88.647480009794748, 26.96602104394011 ], [ 88.647888687401576, 26.965722908373319 ], [ 88.648125155411392, 26.965359087218005 ], [ 88.648316825299403, 26.965031894809997 ], [ 88.648684419502828, 26.964680078965873 ], [ 88.649278496075041, 26.96431658577373 ], [ 88.649819343652482, 26.964102650234384 ], [ 88.650561163012028, 26.963854766664475 ], [ 88.650951260736804, 26.963665156736429 ], [ 88.651726085584386, 26.9632634322247 ], [ 88.652770701751479, 26.963057121759707 ], [ 88.653523764742474, 26.962890328894161 ], [ 88.653736743544926, 26.96264411826969 ], [ 88.653906733496427, 26.962213369110792 ], [ 88.654147659060826, 26.962156384357492 ], [ 88.654510695418182, 26.962183717290817 ], [ 88.6567547241103, 26.963468437086206 ], [ 88.656841084624645, 26.963191768339012 ], [ 88.656901293091337, 26.962356930695719 ], [ 88.656654195827613, 26.961413866693864 ], [ 88.656230958897424, 26.960204607181847 ], [ 88.655842987383608, 26.959387940936892 ], [ 88.655308795480565, 26.958187742880416 ], [ 88.654044355920263, 26.955954281927507 ], [ 88.652946207994589, 26.954510474515001 ], [ 88.652069794075999, 26.953481713075213 ], [ 88.651304124675789, 26.952344685416271 ], [ 88.650553657508041, 26.951171549852873 ], [ 88.650024687694241, 26.950129318911493 ], [ 88.649802944306643, 26.949344176153886 ], [ 88.64969205451807, 26.948798110181752 ], [ 88.649646620577911, 26.948085191888463 ], [ 88.649586066255893, 26.947516602041823 ], [ 88.649238371313984, 26.946298217472929 ], [ 88.648941205272251, 26.945513141345963 ], [ 88.64870934737985, 26.944606166340105 ], [ 88.648507825779788, 26.943644948635871 ], [ 88.648180317755404, 26.942877916883539 ], [ 88.64786302283224, 26.942300320020145 ], [ 88.647394737252228, 26.941894274450032 ], [ 88.64656883843783, 26.941240111547856 ], [ 88.645848785087423, 26.940716766375701 ], [ 88.645133697517466, 26.94012566004254 ], [ 88.644333071850014, 26.939372168663027 ], [ 88.643774110272645, 26.938767591087871 ], [ 88.643320836043529, 26.937887646304535 ], [ 88.642867553799519, 26.937138674415635 ], [ 88.642570486892552, 26.936800210527679 ], [ 88.641991403880496, 26.936285853112071 ], [ 88.641447615191538, 26.935920380703859 ], [ 88.641009508118728, 26.935640692226389 ], [ 88.640103175188401, 26.935108287702938 ], [ 88.639448635922491, 26.934702211691164 ], [ 88.639010648476443, 26.934318711012445 ], [ 88.638386139943819, 26.934489306898261 ], [ 88.637356894882004, 26.932160676633913 ], [ 88.636757337352222, 26.929756994443554 ], [ 88.636807876327907, 26.927793233127808 ], [ 88.636612339460527, 26.926862814311473 ], [ 88.636422363534606, 26.925553875446202 ], [ 88.636334573782747, 26.924396049543532 ], [ 88.636321138902247, 26.92421886949991 ], [ 88.636134427975122, 26.923156163439497 ], [ 88.636001519031012, 26.922692337953379 ], [ 88.635715163783189, 26.921479079421644 ], [ 88.635591757519691, 26.920910821911068 ], [ 88.635646510590277, 26.920104766648663 ], [ 88.636053109059318, 26.919413643347927 ], [ 88.636207605129272, 26.918621919845261 ], [ 88.636359607400905, 26.917651784178403 ], [ 88.63641621104361, 26.917245604354051 ], [ 88.63613970534017, 26.916604064408528 ], [ 88.635985453662997, 26.916058954275019 ], [ 88.635639025387732, 26.915515877115919 ], [ 88.635295794657111, 26.91512834700017 ], [ 88.634876323274156, 26.914684855840324 ], [ 88.634916432728431, 26.914578289225631 ], [ 88.634916824762954, 26.914578283316221 ], [ 88.635433682588783, 26.913604889374405 ], [ 88.635458857828596, 26.911846331683563 ], [ 88.635381041025752, 26.91139263067117 ], [ 88.635233502589017, 26.91053241940925 ], [ 88.63501068022228, 26.909699699953979 ], [ 88.634502423479532, 26.907979800791082 ], [ 88.634372044349774, 26.907603145327176 ], [ 88.63397412816937, 26.906507919139521 ], [ 88.633853235940293, 26.906490026273445 ], [ 88.632886844496596, 26.906138069050314 ], [ 88.631794554779177, 26.905957620061937 ], [ 88.63065199439086, 26.905844900076644 ], [ 88.629635188190647, 26.905795260448048 ], [ 88.628452350513783, 26.905822356902842 ], [ 88.627043089253178, 26.905822357301322 ], [ 88.624093524575599, 26.905614765730384 ], [ 88.623268042317733, 26.905524515299224 ], [ 88.622140570627622, 26.905565095227821 ], [ 88.621531454487453, 26.905650803195467 ], [ 88.621125283885661, 26.905578848038431 ], [ 88.621123763651624, 26.90557857881058 ], [ 88.621123516108597, 26.905578037988455 ], [ 88.620287751890459, 26.905194978413533 ], [ 88.619391681814704, 26.905548267877052 ], [ 88.618890783509755, 26.906077554389395 ], [ 88.618426785641233, 26.906723760051403 ], [ 88.618000670946998, 26.907202539409717 ], [ 88.617725168848281, 26.907652511711454 ], [ 88.617230636903628, 26.908276498001523 ], [ 88.616635686960564, 26.908919684625008 ], [ 88.616012606939563, 26.909355581067327 ], [ 88.615661417270687, 26.909440839840645 ], [ 88.615391792481589, 26.909597376861853 ], [ 88.6144879407301, 26.90976116886765 ], [ 88.613546926722279, 26.909789979864421 ], [ 88.612480779795291, 26.909869860594075 ], [ 88.611678553613757, 26.910100173399925 ], [ 88.611126621591254, 26.910584881761221 ], [ 88.610605847660025, 26.911136933307354 ], [ 88.610562046235344, 26.911597789424412 ], [ 88.610813526143886, 26.912289966696537 ], [ 88.611616951048859, 26.913206021935949 ], [ 88.612113297861001, 26.913769028671421 ], [ 88.612303746552186, 26.914416767659482 ], [ 88.612354407478534, 26.915147341636647 ], [ 88.612356176023482, 26.91633431718401 ], [ 88.612230396190327, 26.917048852572687 ], [ 88.612374649919389, 26.917633932951571 ], [ 88.612268620181013, 26.918321163534067 ], [ 88.612118951792453, 26.919126239074728 ], [ 88.611824931121348, 26.919693758012251 ], [ 88.611272794250681, 26.920521480937712 ], [ 88.610879431202378, 26.921184911417498 ], [ 88.610696340843077, 26.921764702420628 ], [ 88.610609409524926, 26.922379501300551 ], [ 88.610697645519181, 26.922920087743051 ], [ 88.610504227983611, 26.92348194298204 ], [ 88.610365480463116, 26.923993528122885 ], [ 88.609878692604298, 26.92481598697076 ], [ 88.609440153580849, 26.925845505708271 ], [ 88.609452617722539, 26.92636890528771 ], [ 88.609496954044346, 26.927009285614915 ], [ 88.609779800449729, 26.927425794957724 ], [ 88.610622259421845, 26.928246626082966 ], [ 88.611399828200859, 26.928752262542979 ], [ 88.613033647689619, 26.92998377375481 ], [ 88.613442246660242, 26.930389811262046 ], [ 88.613649726838887, 26.930816200371549 ], [ 88.613813184353518, 26.931333357940403 ], [ 88.613870017881283, 26.9317885486752 ], [ 88.613763498418933, 26.932087642981756 ], [ 88.613589579372842, 26.932604145640706 ], [ 88.613502080379448, 26.933178332731686 ], [ 88.613502570341296, 26.933566469320571 ], [ 88.613471092659253, 26.934185148316516 ], [ 88.613232683406807, 26.934770087117997 ], [ 88.612812571678589, 26.935325510056874 ], [ 88.612494141035967, 26.935595432608579 ], [ 88.612512840039102, 26.935847962542617 ], [ 88.612556327919052, 26.936073130169049 ], [ 88.612863804825324, 26.936448731288838 ], [ 88.613122156414263, 26.93691064426833 ], [ 88.613255090988304, 26.937405584120658 ], [ 88.613318246319409, 26.937950968195253 ], [ 88.61343104394517, 26.938446139135632 ], [ 88.613731502708816, 26.938681905593089 ], [ 88.614347529711011, 26.939153264417531 ], [ 88.614524437317911, 26.939552920856396 ], [ 88.614436297211199, 26.940081982783969 ], [ 88.61424970784168, 26.940770135233176 ], [ 88.614143353690409, 26.941434803321943 ], [ 88.614206195658596, 26.941957623971309 ], [ 88.614451134104513, 26.942537031825672 ], [ 88.614508942753176, 26.943059909745202 ], [ 88.614477684461022, 26.943340090537472 ], [ 88.614296018266714, 26.94366712460279 ], [ 88.613994538203301, 26.944067743293395 ], [ 88.613723972796606, 26.94451765288321 ], [ 88.613455334174674, 26.945102938113433 ], [ 88.613425294477338, 26.945468855970695 ], [ 88.613600666374182, 26.945760213261323 ], [ 88.613895254128451, 26.946289408137922 ], [ 88.614373041383359, 26.946951903702445 ], [ 88.614473790279845, 26.94730729913271 ], [ 88.61452528106102, 26.947739982948445 ], [ 88.614398545919158, 26.948034795607938 ], [ 88.614305255594047, 26.948202855347233 ], [ 88.613852983841568, 26.948271217168642 ], [ 88.613470563229995, 26.948293645261888 ], [ 88.612992536026098, 26.948321679598561 ], [ 88.612428589134097, 26.948328128358455 ], [ 88.611925384669206, 26.948356447257105 ], [ 88.611569037588822, 26.948441758374553 ], [ 88.611405314297002, 26.948615133020123 ], [ 88.611172956821846, 26.948920177426338 ], [ 88.610967764910498, 26.949364821327951 ], [ 88.610878704488073, 26.949830706151392 ], [ 88.610672162250808, 26.95018058556283 ], [ 88.610956130168262, 26.950317254227915 ], [ 88.61085645639038, 26.951099188734524 ], [ 88.611129108135628, 26.951502267958599 ], [ 88.611688972972928, 26.951915604633506 ], [ 88.612285142315457, 26.952048701666094 ], [ 88.612748849918589, 26.952074993094548 ], [ 88.6132842753983, 26.952186212782266 ], [ 88.613753854928746, 26.952271105683913 ], [ 88.614044217723375, 26.95250247296056 ], [ 88.614850706304267, 26.952903947257958 ], [ 88.615772886541208, 26.953295063792709 ], [ 88.616865828914754, 26.953652624148614 ], [ 88.618469096566173, 26.954478212254436 ], [ 88.620637917387057, 26.955053565616751 ], [ 88.62231036407664, 26.955431501004824 ], [ 88.623829244408327, 26.955987200518692 ], [ 88.627602500565871, 26.957108114950863 ], [ 88.630163701130456, 26.957994716181155 ], [ 88.630657422385113, 26.958354580222281 ], [ 88.631026553875785, 26.958806147327174 ], [ 88.631101183056828, 26.959441651436354 ], [ 88.631195277728992, 26.960379316038075 ], [ 88.631273239792137, 26.962644058593526 ], [ 88.631404318751635, 26.964050671752926 ], [ 88.631306014565936, 26.964918351100632 ], [ 88.632429849803628, 26.965311532790448 ], [ 88.633706354537438, 26.965463735243251 ], [ 88.635090899886521, 26.965772635956686 ], [ 88.636269446086516, 26.965767987877946 ], [ 88.637804622871357, 26.966043519751942 ], [ 88.638865900880489, 26.966288440143057 ], [ 88.639720446196208, 26.96651770381802 ], [ 88.640287353818906, 26.966709689777009 ], [ 88.640967410910775, 26.96706283266019 ], [ 88.641924842080925, 26.967092304001799 ], [ 88.642984105967216, 26.967197305714532 ], [ 88.64373465852556, 26.966854578244494 ], [ 88.643856888104708, 26.966600411849175 ], [ 88.644374019570876, 26.966486064198747 ], [ 88.645119671473495, 26.966499929683664 ], [ 88.645613722302471, 26.966530268585693 ], [ 88.646209166317689, 26.966952072329594 ], [ 88.646506487338598, 26.966962140323957 ], [ 88.646739454756087, 26.967049682807993 ], [ 88.646868487029934, 26.966917291867844 ], [ 88.646869452316039, 26.96663746174406 ], [ 88.647046609970758, 26.966351058555372 ] ], [ [ 88.628223892913709, 26.909181419947412 ], [ 88.629961398552425, 26.907921028005077 ], [ 88.629346602125693, 26.906701067033055 ], [ 88.629471957985814, 26.906402965537257 ], [ 88.630329095775835, 26.906172036329242 ], [ 88.630447208669722, 26.906445045367477 ], [ 88.630565319964546, 26.906718053434862 ], [ 88.631137246353859, 26.908797970799309 ], [ 88.63141178032447, 26.909957254452227 ], [ 88.631587745566932, 26.910700276716859 ], [ 88.63181994131898, 26.911317125360778 ], [ 88.632259459866589, 26.912484712756427 ], [ 88.632797023385109, 26.913451193915538 ], [ 88.633247775138699, 26.914170321294478 ], [ 88.633700157796881, 26.914892036489174 ], [ 88.63400033675218, 26.915370920758949 ], [ 88.634119218740167, 26.916060886696773 ], [ 88.634200936945561, 26.916535151905546 ], [ 88.63424978401973, 26.916818635588509 ], [ 88.634640572267998, 26.919154846194331 ], [ 88.633191495811261, 26.919423109163631 ], [ 88.631778264974542, 26.919533185547152 ], [ 88.631590054542642, 26.919540691609722 ], [ 88.630462807455658, 26.919585637281223 ], [ 88.630302883429209, 26.919412001989716 ], [ 88.630108711748832, 26.918255635310533 ], [ 88.630107471292447, 26.918244816924588 ], [ 88.629576781485071, 26.913616811084566 ], [ 88.629004007462825, 26.913200544330955 ], [ 88.628853604183249, 26.913040045067909 ], [ 88.628496284261914, 26.912658740092517 ], [ 88.628154394441879, 26.91234937861158 ], [ 88.628013778176765, 26.911852915715642 ], [ 88.627867034656006, 26.911166959473395 ], [ 88.627630595206512, 26.910490245718872 ], [ 88.627686730695459, 26.909890326885513 ], [ 88.628223892913709, 26.909181419947412 ] ] ] } },
{ "type": "Feature", "properties": { "District": "Kalimpong", "Dist_LGD": "327N001", "Sub_dist": "Gorubathan", "Subdis_LGD": "2158", "Subdis_Typ": "Cd_Block", "Vill_name": "Pashiting Khasmahal", "Vill_Cat": "Forest_Village", "Vill_LGD": "306330", "arr_project": "asha2" }, "geometry": { "type": "Polygon", "coordinates": [ [ [ 88.636868876113496, 27.036040684700232 ], [ 88.637013768894249, 27.036648279003447 ], [ 88.637009518889343, 27.037397517327186 ], [ 88.636990410876024, 27.03781746564016 ], [ 88.636814369328619, 27.038189595283601 ], [ 88.636545982559284, 27.038797482565361 ], [ 88.63648950509409, 27.039073443615163 ], [ 88.636540160392556, 27.039438422843727 ], [ 88.636847948407848, 27.039809437341869 ], [ 88.636961627387365, 27.040002182370557 ], [ 88.637125765440558, 27.040198852153946 ], [ 88.637308294595385, 27.040620967660821 ], [ 88.63750326257744, 27.041205411988592 ], [ 88.637535663716633, 27.041701484618425 ], [ 88.637542344923332, 27.042161752337886 ], [ 88.637782344486425, 27.04272310573452 ], [ 88.637901789497192, 27.042965428185894 ], [ 88.638146437620009, 27.043499647904117 ], [ 88.638253780324831, 27.043949715936456 ], [ 88.638217133998126, 27.044202881134659 ], [ 88.638110919163736, 27.044524553146548 ], [ 88.637923546572821, 27.044811065101115 ], [ 88.637796910185031, 27.045114922163261 ], [ 88.637690430117019, 27.045418545014613 ], [ 88.637678920405065, 27.046014418786299 ], [ 88.637598493833181, 27.046723923998261 ], [ 88.637378526347121, 27.047195855002801 ], [ 88.637378268708161, 27.047525319963164 ], [ 88.63762455946538, 27.047824836295842 ], [ 88.638807689050779, 27.047729820694443 ], [ 88.639666904381514, 27.047543796193757 ], [ 88.64036937691462, 27.047671001730578 ], [ 88.641338359298999, 27.047754477022934 ], [ 88.642820266232434, 27.047755231637627 ], [ 88.643693629264931, 27.047848833282526 ], [ 88.644723484038394, 27.047958652419517 ], [ 88.646114282813258, 27.047933359269368 ], [ 88.647214067363507, 27.047654208752441 ], [ 88.648043979035222, 27.04718866000616 ], [ 88.648806060714591, 27.046565939856976 ], [ 88.649368030026167, 27.045701850727202 ], [ 88.649607179411618, 27.045166493979863 ], [ 88.65024094342094, 27.043353795962947 ], [ 88.650687201424674, 27.042161598526697 ], [ 88.651401285788225, 27.041706417450339 ], [ 88.653376087294347, 27.040266091696964 ], [ 88.654348417484769, 27.039550611124817 ], [ 88.656256837279614, 27.038056869936231 ], [ 88.657260422090729, 27.037756211792381 ], [ 88.658196104887935, 27.036950873089051 ], [ 88.657820101330188, 27.035371185147252 ], [ 88.657521609610029, 27.03460746425413 ], [ 88.65742183055518, 27.033647336006425 ], [ 88.657254494829203, 27.032548096265892 ], [ 88.656992286244432, 27.031508642613801 ], [ 88.656652171531277, 27.030998146261087 ], [ 88.656541726499398, 27.030340525187246 ], [ 88.656226348964907, 27.029798143946756 ], [ 88.656024084784349, 27.02906487812135 ], [ 88.65574783066171, 27.028440797629216 ], [ 88.654707134402912, 27.028610998002172 ], [ 88.652547552710047, 27.02911927926489 ], [ 88.650359698323612, 27.029763255234293 ], [ 88.648502831763807, 27.030642520059736 ], [ 88.647462890338431, 27.030866815539031 ], [ 88.646608065986783, 27.030998674684252 ], [ 88.646023944679172, 27.031723102891167 ], [ 88.645435410217999, 27.032145197656899 ], [ 88.64459420093992, 27.032520597772503 ], [ 88.643799147693102, 27.032259096316849 ], [ 88.642983332016385, 27.03160969791784 ], [ 88.642248361162743, 27.031320406146865 ], [ 88.641269558600257, 27.030898558476203 ], [ 88.641018022916185, 27.031276086032417 ], [ 88.64077956881242, 27.031513551066897 ], [ 88.640265285099929, 27.031844495076992 ], [ 88.639668672195654, 27.032059053958228 ], [ 88.639222764781735, 27.032240263117288 ], [ 88.638808465635577, 27.032515878645025 ], [ 88.638538918606713, 27.032695031996443 ], [ 88.638262175505204, 27.03307284832842 ], [ 88.638181162560485, 27.033394226871252 ], [ 88.638206951543523, 27.033782060920398 ], [ 88.63813235479418, 27.034198142332354 ], [ 88.637979092981297, 27.034403019870833 ], [ 88.637627149940172, 27.034808789075104 ], [ 88.637125473730819, 27.035315589647876 ], [ 88.636837397222109, 27.035607785248768 ], [ 88.636868876113496, 27.036040684700232 ] ] ] } },
{ "type": "Feature", "properties": { "District": "Kalimpong", "Dist_LGD": "327N001", "Sub_dist": "Gorubathan", "Subdis_LGD": "2158", "Subdis_Typ": "Cd_Block", "Vill_name": "Samabeong Tea Garden", "Vill_Cat": "Others", "Vill_LGD": "306329", "arr_project": "asha2" }, "geometry": { "type": "Polygon", "coordinates": [ [ [ 88.651171475729427, 27.058714696324515 ], [ 88.65158894242181, 27.058651122969835 ], [ 88.651851289715012, 27.058666093937404 ], [ 88.652255486642588, 27.058729043995367 ], [ 88.653001548866698, 27.058729303418534 ], [ 88.653620228750881, 27.058293281037958 ], [ 88.654358341541496, 27.057752048890404 ], [ 88.655165947717634, 27.057137784660437 ], [ 88.656089464228657, 27.056522152127599 ], [ 88.657171064076465, 27.056031019428527 ], [ 88.658278124111192, 27.055900629175742 ], [ 88.659419396881773, 27.05569761702542 ], [ 88.660451116994224, 27.05558615155007 ], [ 88.661861757866347, 27.055533385907829 ], [ 88.662685572624099, 27.055338610819298 ], [ 88.662878650721098, 27.054758646639844 ], [ 88.66286946751481, 27.054135942250145 ], [ 88.662932052278535, 27.052569141923765 ], [ 88.662967393428332, 27.051205756007199 ], [ 88.663130920745019, 27.049989787342067 ], [ 88.663299855435227, 27.049482318402315 ], [ 88.663931925363087, 27.048251781081561 ], [ 88.664515340064327, 27.047482157594658 ], [ 88.665107292724898, 27.046608630302899 ], [ 88.665346233502021, 27.046064224612877 ], [ 88.665813254659156, 27.045264382887503 ], [ 88.6664438625656, 27.044620562347987 ], [ 88.667109776747012, 27.043637833758822 ], [ 88.667340356498727, 27.043210866990009 ], [ 88.667881408097315, 27.042306339010572 ], [ 88.668586409635537, 27.041241905269718 ], [ 88.669280152788161, 27.040439363007646 ], [ 88.669877711762538, 27.039949366672975 ], [ 88.670837109716587, 27.03904888995152 ], [ 88.66961956894464, 27.038512738877913 ], [ 88.668877317020872, 27.038079256093727 ], [ 88.667894661182572, 27.037747908413692 ], [ 88.666531881065382, 27.03727212244991 ], [ 88.665797084540529, 27.037001007116732 ], [ 88.66535655485464, 27.036861801035101 ], [ 88.664433921844747, 27.036498124841746 ], [ 88.663861182710733, 27.036279240999665 ], [ 88.662805549764528, 27.035781732840718 ], [ 88.662161353788065, 27.035843500803622 ], [ 88.660947555871317, 27.036241450722578 ], [ 88.659137816237248, 27.036899155355389 ], [ 88.658196104887935, 27.036950873089051 ], [ 88.657260422090729, 27.037756211792381 ], [ 88.656256837279614, 27.038056869936231 ], [ 88.654348417484769, 27.039550611124817 ], [ 88.653376087294347, 27.040266091696964 ], [ 88.651401285788225, 27.041706417450339 ], [ 88.650687201424674, 27.042161598526697 ], [ 88.65024094342094, 27.043353795962947 ], [ 88.649607179411618, 27.045166493979863 ], [ 88.649368030026167, 27.045701850727202 ], [ 88.648806060714591, 27.046565939856976 ], [ 88.648043979035222, 27.04718866000616 ], [ 88.647214067363507, 27.047654208752441 ], [ 88.646114282813258, 27.047933359269368 ], [ 88.644723484038394, 27.047958652419517 ], [ 88.643693629264931, 27.047848833282526 ], [ 88.642820266232434, 27.047755231637627 ], [ 88.641338359298999, 27.047754477022934 ], [ 88.64036937691462, 27.047671001730578 ], [ 88.639666904381514, 27.047543796193757 ], [ 88.638807689050779, 27.047729820694443 ], [ 88.63762455946538, 27.047824836295842 ], [ 88.638304333360608, 27.048471332238417 ], [ 88.638574524230265, 27.049027819346641 ], [ 88.638618718389992, 27.049641095556154 ], [ 88.638431937977245, 27.050315734638509 ], [ 88.638257127552819, 27.05077360157491 ], [ 88.638143252812426, 27.051262350555675 ], [ 88.637780730605655, 27.051984167373895 ], [ 88.637648987337812, 27.052631084791702 ], [ 88.637731144526455, 27.05342896014221 ], [ 88.638009663567658, 27.054211008672624 ], [ 88.638531667882603, 27.054751023229663 ], [ 88.638534119895738, 27.05475099527397 ], [ 88.638802851452056, 27.055027680713444 ], [ 88.63936961964707, 27.055179037091712 ], [ 88.640090922269664, 27.055211246534817 ], [ 88.640726759051887, 27.055605502581987 ], [ 88.641682351607784, 27.056149473176262 ], [ 88.64296524858311, 27.057014560256412 ], [ 88.643212299240432, 27.05736370124886 ], [ 88.643168475603034, 27.057815529390133 ], [ 88.643207027823877, 27.058731250834906 ], [ 88.643178308440255, 27.059873417023478 ], [ 88.643461592481273, 27.060632831733823 ], [ 88.644039134567137, 27.060829173947571 ], [ 88.644662962208514, 27.061088155969546 ], [ 88.64565149668968, 27.061812237098902 ], [ 88.646436852819207, 27.062430373851971 ], [ 88.647084877380451, 27.062964364074411 ], [ 88.647495749092172, 27.063483076564058 ], [ 88.647496169907541, 27.063482674035409 ], [ 88.647932961137883, 27.063044691711799 ], [ 88.648448306309035, 27.062433888548153 ], [ 88.648766854787411, 27.062154851698452 ], [ 88.649308383274004, 27.061611437125745 ], [ 88.649665135999271, 27.06118752881229 ], [ 88.649818674046543, 27.061000687741611 ], [ 88.649934024299327, 27.060615717257903 ], [ 88.650134019352819, 27.05981454222762 ], [ 88.650219655394935, 27.059466024407214 ], [ 88.650405365485, 27.059066687679184 ], [ 88.650564534394192, 27.058920398731352 ], [ 88.651171475729427, 27.058714696324515 ] ] ] } },
{ "type": "Feature", "properties": { "District": "Kalimpong", "Dist_LGD": "327N001", "Sub_dist": "Gorubathan", "Subdis_LGD": "2158", "Subdis_Typ": "Cd_Block", "Vill_name": "Pankhasari Khasmahal", "Vill_Cat": "Forest_Village", "Vill_LGD": "306328", "arr_project": "asha2" }, "geometry": { "type": "Polygon", "coordinates": [ [ [ 88.70435089686184, 27.060580544747943 ], [ 88.705891873002329, 27.059478721767984 ], [ 88.706625163904718, 27.058968874402535 ], [ 88.70775774631332, 27.058196928696759 ], [ 88.708447350540553, 27.057466461327913 ], [ 88.709082649831686, 27.05647940518643 ], [ 88.70952882085632, 27.055652603002436 ], [ 88.709810111100609, 27.05492257891957 ], [ 88.710106859672806, 27.054214930896382 ], [ 88.710906845704443, 27.053785487191988 ], [ 88.712209796944322, 27.053616186627931 ], [ 88.713450176212774, 27.053641699543821 ], [ 88.715134349719136, 27.053350389892209 ], [ 88.715821145499078, 27.053102820948116 ], [ 88.71621556913891, 27.052854302934318 ], [ 88.716350702984769, 27.052460017379531 ], [ 88.716218601225975, 27.052059966029756 ], [ 88.715927155527908, 27.051788225375738 ], [ 88.715621442697298, 27.051241358900828 ], [ 88.715024608129411, 27.050774765078977 ], [ 88.71451300069738, 27.049946082973548 ], [ 88.713943946106923, 27.049316673652498 ], [ 88.713149116814805, 27.048423741256332 ], [ 88.712522824223413, 27.048007138227348 ], [ 88.711862190460067, 27.04732016493687 ], [ 88.71181427257801, 27.046819795915354 ], [ 88.711890725214701, 27.046543567793528 ], [ 88.711858023536763, 27.04638149504693 ], [ 88.711591265861898, 27.045409916035354 ], [ 88.711480087219527, 27.04406185814101 ], [ 88.710961078947648, 27.042741323811832 ], [ 88.710576522623597, 27.041644808091178 ], [ 88.71041795984965, 27.041159322719388 ], [ 88.710554540105861, 27.040859799111839 ], [ 88.710913841606242, 27.040291295075313 ], [ 88.711566159365475, 27.039768870359687 ], [ 88.712040323531696, 27.039131270035345 ], [ 88.713040876261175, 27.037977283035215 ], [ 88.713014936163077, 27.03726453237131 ], [ 88.712791450189329, 27.036486489124872 ], [ 88.712665898951073, 27.035851673163631 ], [ 88.712339627742793, 27.034610032367624 ], [ 88.712238837939921, 27.03361386718116 ], [ 88.711979262845063, 27.0317847116638 ], [ 88.711666581761875, 27.030773071135712 ], [ 88.711506503029113, 27.029854348100287 ], [ 88.71111116286157, 27.028708316993818 ], [ 88.710903465700895, 27.027307270941165 ], [ 88.710796223859717, 27.02621640608891 ], [ 88.710742513868766, 27.025332492665175 ], [ 88.710264993595828, 27.023749688308971 ], [ 88.710043826200447, 27.022123146917629 ], [ 88.709976992836815, 27.021370271668349 ], [ 88.709764617254649, 27.020989238545926 ], [ 88.709175554023744, 27.021023471297674 ], [ 88.708248449043907, 27.021030210675086 ], [ 88.707469705570674, 27.02118407834946 ], [ 88.706671488799245, 27.021383308274888 ], [ 88.705770395599032, 27.021777843113508 ], [ 88.704734011908798, 27.022223655666895 ], [ 88.703638657378121, 27.022769462314365 ], [ 88.70301887289385, 27.023106419117138 ], [ 88.702497333522402, 27.023275199340198 ], [ 88.701897770391156, 27.023282448553449 ], [ 88.70153861917143, 27.023192015936328 ], [ 88.701275753826039, 27.022468583178004 ], [ 88.701050676776262, 27.021911678469813 ], [ 88.70090662222708, 27.021380871598389 ], [ 88.700756578947832, 27.020786953705031 ], [ 88.700204927443622, 27.019624722918802 ], [ 88.699957942665748, 27.018950739356047 ], [ 88.699547635745745, 27.018138819879415 ], [ 88.699291736651233, 27.017541664852189 ], [ 88.698855314822424, 27.01633290419397 ], [ 88.698763845991124, 27.015611910157229 ], [ 88.698719282409456, 27.01499415052751 ], [ 88.698648223527087, 27.014624933283478 ], [ 88.698229970568349, 27.013953011058117 ], [ 88.697942234376782, 27.01324792215512 ], [ 88.697561086287237, 27.012697404104756 ], [ 88.697467982615464, 27.012202084034755 ], [ 88.697491585384753, 27.011425543425709 ], [ 88.697278931730182, 27.011021925745144 ], [ 88.697087652334304, 27.010699287159245 ], [ 88.696662714480709, 27.010587065986108 ], [ 88.696164310269253, 27.010615635741555 ], [ 88.69582869865522, 27.010412074577147 ], [ 88.695541909088973, 27.010104123018738 ], [ 88.695404221543441, 27.00965898176938 ], [ 88.695251559113075, 27.009223047336171 ], [ 88.694944718972209, 27.008585876958122 ], [ 88.694679875792332, 27.008061028744848 ], [ 88.694315297468577, 27.00760507812091 ], [ 88.693786642522255, 27.007295518988879 ], [ 88.693484078365572, 27.00694262005009 ], [ 88.693344002972637, 27.006673517131485 ], [ 88.693318847743896, 27.006339847874816 ], [ 88.693322702249205, 27.005924593612221 ], [ 88.693537120090525, 27.005439110758633 ], [ 88.693849176049255, 27.004744849869677 ], [ 88.693364082678045, 27.004651394656218 ], [ 88.692927947146359, 27.00446257400473 ], [ 88.692614133196898, 27.004367057342488 ], [ 88.691831151905149, 27.004232044736241 ], [ 88.69102660514892, 27.004002511935116 ], [ 88.689838173483793, 27.003371397731641 ], [ 88.689499941933221, 27.003664296846271 ], [ 88.689271790945, 27.003906230208027 ], [ 88.689125251905125, 27.004214881093823 ], [ 88.688800261274949, 27.004719736151365 ], [ 88.688570508428512, 27.005191857200636 ], [ 88.688151886292815, 27.005837741234469 ], [ 88.687982108969891, 27.006277550388049 ], [ 88.687813138836972, 27.006771506994763 ], [ 88.687778229831892, 27.007132975993041 ], [ 88.687835011376606, 27.007561043378669 ], [ 88.688008401399173, 27.008037357174345 ], [ 88.688321047544207, 27.008728630887546 ], [ 88.688396452185074, 27.009391157945181 ], [ 88.688406816719251, 27.009747571454753 ], [ 88.688291980074268, 27.010155129892325 ], [ 88.688028837536848, 27.010754017990834 ], [ 88.687729656803029, 27.011976150277217 ], [ 88.687886581601717, 27.013373338829428 ], [ 88.688328588111844, 27.014627203305874 ], [ 88.688386882388244, 27.015493025362176 ], [ 88.688365152948478, 27.016061939445855 ], [ 88.688126920416892, 27.016642476667194 ], [ 88.687809741966689, 27.016998303149006 ], [ 88.687378910038234, 27.017504424860313 ], [ 88.687192920731675, 27.017872217091057 ], [ 88.686597135712603, 27.019143032087442 ], [ 88.68637058251808, 27.019831741937754 ], [ 88.686065892902747, 27.020349887862491 ], [ 88.685739969116185, 27.02079607806294 ], [ 88.684742533115752, 27.021155529731779 ], [ 88.684073852492702, 27.021258307253497 ], [ 88.683272362728317, 27.021579299034467 ], [ 88.682415654416502, 27.022252971123461 ], [ 88.681424780187029, 27.023393093126682 ], [ 88.681039173720379, 27.023894142675118 ], [ 88.680886206742542, 27.024112600361963 ], [ 88.680530088907631, 27.024563652908846 ], [ 88.680370804575006, 27.024696434910144 ], [ 88.679921371401377, 27.024972587879542 ], [ 88.679581640323519, 27.025170707133732 ], [ 88.679384732423074, 27.025484463385663 ], [ 88.678931992899791, 27.026216477819858 ], [ 88.678629472576958, 27.02654503164495 ], [ 88.678176330392546, 27.026911487392756 ], [ 88.678000240473679, 27.027270124377019 ], [ 88.678056193068642, 27.027644046785195 ], [ 88.678388600232225, 27.02796954189597 ], [ 88.678633004448898, 27.028138126668292 ], [ 88.678901460763726, 27.028229701247536 ], [ 88.679043684246366, 27.028304727162283 ], [ 88.678906025270152, 27.028536539291235 ], [ 88.678530272661206, 27.028685440738894 ], [ 88.67837722753103, 27.028899383620317 ], [ 88.6778616656417, 27.029135701170791 ], [ 88.676851774127471, 27.029341801334223 ], [ 88.676587403940772, 27.029525475806594 ], [ 88.676353802321515, 27.029744889409251 ], [ 88.676102120492175, 27.030104424788735 ], [ 88.675972105275292, 27.030512154693973 ], [ 88.675891673026953, 27.030865138197019 ], [ 88.675894606763165, 27.031402166218644 ], [ 88.675827454353438, 27.032310105640764 ], [ 88.675744982079095, 27.033204689358971 ], [ 88.675644726271926, 27.033580472554728 ], [ 88.67544409384378, 27.033984531405366 ], [ 88.675147720581535, 27.034389727819029 ], [ 88.674797324400075, 27.034890343215459 ], [ 88.674712048077652, 27.035256921857123 ], [ 88.674487017953126, 27.035715427388279 ], [ 88.674468250634405, 27.036148911196737 ], [ 88.674291467417092, 27.036462420540531 ], [ 88.673921858869434, 27.036687961650276 ], [ 88.673645917907109, 27.03677247981636 ], [ 88.673132851967793, 27.037180251177752 ], [ 88.672101068585746, 27.037955234982558 ], [ 88.671728886126473, 27.038347787236276 ], [ 88.670837109716587, 27.03904888995152 ], [ 88.669877711762538, 27.039949366672975 ], [ 88.669280152788161, 27.040439363007646 ], [ 88.668586409635537, 27.041241905269718 ], [ 88.667881408097315, 27.042306339010572 ], [ 88.667340356498727, 27.043210866990009 ], [ 88.667109776747012, 27.043637833758822 ], [ 88.6664438625656, 27.044620562347987 ], [ 88.665813254659156, 27.045264382887503 ], [ 88.665346233502021, 27.046064224612877 ], [ 88.665107292724898, 27.046608630302899 ], [ 88.664515340064327, 27.047482157594658 ], [ 88.663931925363087, 27.048251781081561 ], [ 88.663299855435227, 27.049482318402315 ], [ 88.663130920745019, 27.049989787342067 ], [ 88.662967393428332, 27.051205756007199 ], [ 88.662932052278535, 27.052569141923765 ], [ 88.66286946751481, 27.054135942250145 ], [ 88.662878650721098, 27.054758646639844 ], [ 88.662685572624099, 27.055338610819298 ], [ 88.661861757866347, 27.055533385907829 ], [ 88.660451116994224, 27.05558615155007 ], [ 88.659419396881773, 27.05569761702542 ], [ 88.658278124111192, 27.055900629175742 ], [ 88.657171064076465, 27.056031019428527 ], [ 88.656089464228657, 27.056522152127599 ], [ 88.655165947717634, 27.057137784660437 ], [ 88.654358341541496, 27.057752048890404 ], [ 88.653620228750881, 27.058293281037958 ], [ 88.653001548866698, 27.058729303418534 ], [ 88.652255486642588, 27.058729043995367 ], [ 88.651851289715012, 27.058666093937404 ], [ 88.65158894242181, 27.058651122969835 ], [ 88.651171475729427, 27.058714696324515 ], [ 88.650564534394192, 27.058920398731352 ], [ 88.650405365485, 27.059066687679184 ], [ 88.650219655394935, 27.059466024407214 ], [ 88.650134019352819, 27.05981454222762 ], [ 88.649934024299327, 27.060615717257903 ], [ 88.649818674046543, 27.061000687741611 ], [ 88.649665135999271, 27.06118752881229 ], [ 88.649308383274004, 27.061611437125745 ], [ 88.648766854787411, 27.062154851698452 ], [ 88.648448306309035, 27.062433888548153 ], [ 88.647932961137883, 27.063044691711799 ], [ 88.647496169907541, 27.063482674035409 ], [ 88.647495749092172, 27.063483076564058 ], [ 88.647865510717281, 27.063948112795295 ], [ 88.648212055205789, 27.064548814141745 ], [ 88.64859540344429, 27.065252886144016 ], [ 88.648792943958568, 27.06566126730025 ], [ 88.649122549662493, 27.066826308159236 ], [ 88.649293135037524, 27.067803661100427 ], [ 88.649563430396967, 27.068360120571839 ], [ 88.649819220723685, 27.068614369164909 ], [ 88.650274736258794, 27.068392391586585 ], [ 88.6508205148222, 27.068137761563058 ], [ 88.651446674669771, 27.067864134365784 ], [ 88.652304109841367, 27.067204167787505 ], [ 88.653487630060837, 27.06677955886499 ], [ 88.654714379009178, 27.066553010248715 ], [ 88.656248056234062, 27.066286731420622 ], [ 88.657053723025271, 27.066223080551918 ], [ 88.657985132779501, 27.066139892460217 ], [ 88.659277064649473, 27.066232967991205 ], [ 88.660926386821544, 27.065947220988544 ], [ 88.662437498275409, 27.065861666635186 ], [ 88.663783206684712, 27.065841238333824 ], [ 88.664306071630762, 27.065744786931184 ], [ 88.66525709676425, 27.065625212984962 ], [ 88.666903018575454, 27.065452265102881 ], [ 88.66788144410377, 27.065481280587889 ], [ 88.668659821671966, 27.065277982110832 ], [ 88.668837799162674, 27.065041186867319 ], [ 88.669379907289724, 27.064542821562174 ], [ 88.669915565945999, 27.063949756415255 ], [ 88.67038790369368, 27.063506373155864 ], [ 88.670946522829695, 27.063102580880997 ], [ 88.671612855557342, 27.062823873841079 ], [ 88.672340844199141, 27.061944186183432 ], [ 88.672839503116379, 27.061577205881957 ], [ 88.673780282120887, 27.061110186074178 ], [ 88.674698667844453, 27.060832979460663 ], [ 88.67644567743595, 27.062039732177208 ], [ 88.677392613795789, 27.062664789693166 ], [ 88.679107554864231, 27.063745523102678 ], [ 88.680537582536488, 27.064649114582391 ], [ 88.682070054794821, 27.065659781111904 ], [ 88.682829011498498, 27.066183246165025 ], [ 88.683679844822052, 27.066782329643885 ], [ 88.684650308948605, 27.06728971426897 ], [ 88.685618440254274, 27.067977641784335 ], [ 88.686524679806567, 27.068571529701369 ], [ 88.687134217671144, 27.06921410381899 ], [ 88.688274223039841, 27.07060399265238 ], [ 88.689274102360059, 27.071724770296321 ], [ 88.689747882073149, 27.072053045337043 ], [ 88.690408066548571, 27.072708534072184 ], [ 88.690931823938982, 27.073343093692415 ], [ 88.691538731036147, 27.073471185729169 ], [ 88.691972428181501, 27.07347950575274 ], [ 88.692834194523115, 27.073121624690025 ], [ 88.693591934056428, 27.072886843847307 ], [ 88.694390198971334, 27.072665110755263 ], [ 88.69582092348189, 27.072259734860094 ], [ 88.697051182403897, 27.071599518739077 ], [ 88.698228503914279, 27.070772947604322 ], [ 88.699101679714786, 27.069837216659806 ], [ 88.69998533371195, 27.068594464218926 ], [ 88.700342050055653, 27.067511525442839 ], [ 88.700966440353483, 27.066461450808834 ], [ 88.701577330898346, 27.065185884169569 ], [ 88.701933818311232, 27.064089403620251 ], [ 88.701988231441746, 27.063019145298334 ], [ 88.702157208050281, 27.062525173691036 ], [ 88.703233318537599, 27.061347768770418 ], [ 88.703730033694967, 27.061192820634108 ], [ 88.70435089686184, 27.060580544747943 ] ] ] } },
{ "type": "Feature", "properties": { "District": "Kalimpong", "Dist_LGD": "327N001", "Sub_dist": "Gorubathan", "Subdis_LGD": "2158", "Subdis_Typ": "Cd_Block", "Vill_name": "Pankhasari Forest", "Vill_Cat": "Others", "Vill_LGD": "306326", "arr_project": "asha2" }, "geometry": { "type": "Polygon", "coordinates": [ [ [ 88.744293342638088, 27.048740535863537 ], [ 88.745115763656187, 27.048143642278898 ], [ 88.745765421365249, 27.048108502593553 ], [ 88.746587898737431, 27.047516113119322 ], [ 88.747263810346269, 27.046898460824963 ], [ 88.748107900247305, 27.046075629843497 ], [ 88.749014478827903, 27.045382894632425 ], [ 88.748852952931827, 27.044067099103305 ], [ 88.7488324558431, 27.042745036037029 ], [ 88.748535436270359, 27.042116903569777 ], [ 88.747832079922816, 27.041286219603787 ], [ 88.747388519067727, 27.040632826924337 ], [ 88.747308049451277, 27.039992974893885 ], [ 88.748277501447959, 27.039457422116904 ], [ 88.749127549421303, 27.038697694028894 ], [ 88.74946306334779, 27.037583316674915 ], [ 88.749678687744748, 27.036538126049468 ], [ 88.750155556344325, 27.036089918931317 ], [ 88.751075064533808, 27.035911497590817 ], [ 88.751986519894757, 27.035539110609754 ], [ 88.75339244915989, 27.034555812399962 ], [ 88.754072794657333, 27.033906482813158 ], [ 88.754059211412653, 27.033681000726041 ], [ 88.753805021803302, 27.033214815002172 ], [ 88.753479735342395, 27.032713409164327 ], [ 88.752977327169759, 27.032164565764965 ], [ 88.753282493003866, 27.031370984412067 ], [ 88.753686944433426, 27.030156452517485 ], [ 88.754410062595952, 27.028694245975235 ], [ 88.755088391090268, 27.02759363611186 ], [ 88.755612609508049, 27.026305397948157 ], [ 88.755828232407467, 27.025264712310261 ], [ 88.756643420429143, 27.024541481616531 ], [ 88.757150440920753, 27.024092877307961 ], [ 88.757816100838838, 27.023800245037389 ], [ 88.757682187806637, 27.022967006671312 ], [ 88.757707460784744, 27.022000904148594 ], [ 88.757383208967653, 27.020917313197256 ], [ 88.757070548453967, 27.020578224865119 ], [ 88.756499193325212, 27.020129540352549 ], [ 88.755819474041118, 27.020165096621167 ], [ 88.754971124668756, 27.020374249413852 ], [ 88.753508544962344, 27.020618127297197 ], [ 88.753138031362596, 27.020446733738208 ], [ 88.753022283738773, 27.019807324058217 ], [ 88.752983579565708, 27.019261729364271 ], [ 88.753370796041779, 27.018561899090425 ], [ 88.75314428390449, 27.017928382197457 ], [ 88.753305545676128, 27.016631131663601 ], [ 88.753049373366551, 27.01603408832765 ], [ 88.752610011136383, 27.01467210687375 ], [ 88.753039968609471, 27.014129703075621 ], [ 88.753786111609799, 27.013506638425724 ], [ 88.754103337443112, 27.01284378162126 ], [ 88.753996752163673, 27.011820649957766 ], [ 88.753903678083148, 27.011018488850326 ], [ 88.754356352150282, 27.010317840965342 ], [ 88.755167331602237, 27.009978282667017 ], [ 88.75609373659637, 27.009285264472602 ], [ 88.756285573838881, 27.008985011344429 ], [ 88.756048936058178, 27.008672050161714 ], [ 88.755608984777624, 27.008569221918627 ], [ 88.754808136128759, 27.007938352950976 ], [ 88.754385318874611, 27.007316308891411 ], [ 88.754565595151249, 27.006271549555994 ], [ 88.754979428077206, 27.005991097721168 ], [ 88.755766298582643, 27.005399108314798 ], [ 88.756827481504857, 27.004627683188495 ], [ 88.757460827265675, 27.003884154936266 ], [ 88.757422111409397, 27.003338560199335 ], [ 88.757891903157599, 27.001798264090581 ], [ 88.757977102714676, 27.00014994138866 ], [ 88.758495580030853, 26.998825661322229 ], [ 88.758697554348686, 26.997559488006942 ], [ 88.758837062032072, 26.996488156453619 ], [ 88.759059617085114, 26.995573742112164 ], [ 88.75898063701824, 26.994383285719742 ], [ 88.759321986111971, 26.993656935886591 ], [ 88.75990434573859, 26.993202869728336 ], [ 88.760841623516171, 26.993218236036373 ], [ 88.761878513372793, 26.993160140818738 ], [ 88.763348751247221, 26.992785215399223 ], [ 88.764629236980397, 26.991550661343933 ], [ 88.765170848357116, 26.991070006741179 ], [ 88.765538773940207, 26.99011314567916 ], [ 88.765882036545918, 26.988867759190345 ], [ 88.765678733916758, 26.987462239942833 ], [ 88.765537319797303, 26.986471143891279 ], [ 88.76623746086635, 26.985176152915866 ], [ 88.76668689888028, 26.984601875956635 ], [ 88.766978261240979, 26.983582789136882 ], [ 88.767041148541793, 26.982449228003958 ], [ 88.766886135222691, 26.981232652383085 ], [ 88.766523826416687, 26.97964409220733 ], [ 88.766228867143369, 26.978496964352438 ], [ 88.76554239832187, 26.977760914120314 ], [ 88.764592150560375, 26.977551676832562 ], [ 88.7636762461985, 26.977283333942673 ], [ 88.762432153460196, 26.976964931911311 ], [ 88.761852364652611, 26.976931564563589 ], [ 88.761427621456434, 26.97650362094776 ], [ 88.76073217584154, 26.975835354148536 ], [ 88.759923979709953, 26.975042125823968 ], [ 88.759697042612672, 26.974377027583362 ], [ 88.759199412706366, 26.973471604269939 ], [ 88.757763800060118, 26.971196883114988 ], [ 88.75701607224056, 26.969753000695516 ], [ 88.756581850386809, 26.968711383963932 ], [ 88.75611723332409, 26.968956365056723 ], [ 88.755451391958516, 26.969217391075592 ], [ 88.754166492218943, 26.970158564595895 ], [ 88.753554563703048, 26.970649077214137 ], [ 88.753215265679444, 26.971506266807481 ], [ 88.75280195833075, 26.972788603692777 ], [ 88.752468174435776, 26.973677315327695 ], [ 88.752287842988451, 26.974717561776593 ], [ 88.751969651849947, 26.975312728810067 ], [ 88.751735856888359, 26.977454827372988 ], [ 88.751573696869841, 26.978693420573418 ], [ 88.751792476598311, 26.979809940877509 ], [ 88.751758116049842, 26.980843859429719 ], [ 88.751595315220811, 26.982691724096963 ], [ 88.751410903265324, 26.984120143103752 ], [ 88.750971305722146, 26.985335106279901 ], [ 88.750300296849346, 26.986570996350586 ], [ 88.749679580180427, 26.98747680364739 ], [ 88.748798539167808, 26.988814582793495 ], [ 88.747658301622536, 26.990006641419384 ], [ 88.746749611619123, 26.990861852904956 ], [ 88.744201263098432, 26.992870148667553 ], [ 88.742960976868901, 26.993133718585881 ], [ 88.741971836073375, 26.99334904196802 ], [ 88.74108895231852, 26.99359463732311 ], [ 88.739709628714451, 26.993990775673108 ], [ 88.738768788907379, 26.994399541678774 ], [ 88.737471010052488, 26.994857836006254 ], [ 88.736419893926723, 26.995304052407906 ], [ 88.735492015486969, 26.99590218731435 ], [ 88.734383414121055, 26.996543158833873 ], [ 88.732971630501552, 26.997783579004665 ], [ 88.732162055687297, 26.998542707612973 ], [ 88.731773245986304, 26.999143214685613 ], [ 88.73147448925323, 27.000031452313834 ], [ 88.731188220857433, 27.001077491665438 ], [ 88.731107372850545, 27.002048797308067 ], [ 88.731084907818868, 27.003213446629349 ], [ 88.730825492053754, 27.005026379203652 ], [ 88.730701437646914, 27.005808666101515 ], [ 88.730132024505664, 27.007449395673476 ], [ 88.729775756164074, 27.008532397026322 ], [ 88.729406987395564, 27.00945759373926 ], [ 88.72880164507005, 27.01006978026815 ], [ 88.72809112479095, 27.010723870593381 ], [ 88.72748576904732, 27.011336052205142 ], [ 88.72676267373015, 27.011827820171497 ], [ 88.726354265546163, 27.012139718319318 ], [ 88.726232798556211, 27.012764011575541 ], [ 88.725790347126392, 27.014145924266053 ], [ 88.725444236918435, 27.014908363044022 ], [ 88.724689146367353, 27.015946596854103 ], [ 88.724230328085255, 27.016588560729339 ], [ 88.724473315231762, 27.016991761666407 ], [ 88.72539932814918, 27.017905595925122 ], [ 88.726066205788158, 27.018678184216412 ], [ 88.726880028426763, 27.019503122224059 ], [ 88.727300539919881, 27.020639770219532 ], [ 88.727384260394345, 27.021830192597154 ], [ 88.727084935039755, 27.02268683703393 ], [ 88.726732254508946, 27.023350071936068 ], [ 88.72640731775445, 27.023850494752946 ], [ 88.726260994469058, 27.024827113320551 ], [ 88.725929080891262, 27.025201255301063 ], [ 88.725729401649318, 27.02598446403686 ], [ 88.725443510915085, 27.02706207958229 ], [ 88.724913974376875, 27.028025341970842 ], [ 88.724456629280994, 27.028766577338587 ], [ 88.723979315754974, 27.030180501880057 ], [ 88.723808998207858, 27.031897554624084 ], [ 88.724052206939149, 27.033302652637364 ], [ 88.724397794471372, 27.034151388629418 ], [ 88.725238916940654, 27.03510687644766 ], [ 88.726561302463679, 27.03655289006236 ], [ 88.727554324240742, 27.037881080633078 ], [ 88.728333099243414, 27.038710947352406 ], [ 88.729027803185019, 27.039316187818777 ], [ 88.729277421333933, 27.039818583354851 ], [ 88.729379457233406, 27.040228016783463 ], [ 88.72930029473028, 27.040653217642813 ], [ 88.729064929802348, 27.041409790963154 ], [ 88.72912943885737, 27.042659114877456 ], [ 88.728923987344757, 27.044381114030394 ], [ 88.729057654883107, 27.045209872789744 ], [ 88.729276381713092, 27.046326421625356 ], [ 88.729264537203051, 27.04719758659472 ], [ 88.729390567479427, 27.048513849000454 ], [ 88.72913897487301, 27.049527865854902 ], [ 88.728834009142332, 27.050348475849848 ], [ 88.728318139723456, 27.051221322019888 ], [ 88.727815177280945, 27.052279041681899 ], [ 88.727320411981026, 27.052885354793492 ], [ 88.726728373022851, 27.053723025692399 ], [ 88.726204945683406, 27.054433486789886 ], [ 88.726150963690785, 27.054858376186893 ], [ 88.7271863834778, 27.054994595625967 ], [ 88.72801172797773, 27.055237188817607 ], [ 88.729310809154754, 27.055473953404952 ], [ 88.729878858112428, 27.055701645582197 ], [ 88.731365943065157, 27.056035366103337 ], [ 88.732431499055011, 27.056491600833745 ], [ 88.733376778184663, 27.05666498935755 ], [ 88.734061449454799, 27.056936357581229 ], [ 88.735556863725904, 27.057482041896808 ], [ 88.736845070364339, 27.05766471283604 ], [ 88.737662388721972, 27.058038224612897 ], [ 88.738524375768762, 27.05836605026693 ], [ 88.7388276994905, 27.058096030800797 ], [ 88.73937992064036, 27.057949297972112 ], [ 88.739781877930014, 27.057538152674997 ], [ 88.740893463138079, 27.057055043356396 ], [ 88.741078354424459, 27.056624015756686 ], [ 88.741138945502698, 27.055977902991195 ], [ 88.741421073876296, 27.05531550744157 ], [ 88.742027549295969, 27.054766432888535 ], [ 88.742792617590965, 27.054368834619765 ], [ 88.743509393912873, 27.053782283843123 ], [ 88.743876113696047, 27.053376077957978 ], [ 88.744320393497446, 27.052770336248841 ], [ 88.744193135671935, 27.051386414902918 ], [ 88.743933514641782, 27.050243324232046 ], [ 88.743798683734653, 27.049346902356994 ], [ 88.744293342638088, 27.048740535863537 ] ], [ [ 88.755886082710674, 26.978690311728748 ], [ 88.756111964624566, 26.978575540635195 ], [ 88.757508457047336, 26.978857655051456 ], [ 88.75968056278316, 26.979125431564075 ], [ 88.760901295515026, 26.979343837802077 ], [ 88.760934847354747, 26.979349840307378 ], [ 88.761358658475444, 26.979425662753307 ], [ 88.761454548830685, 26.979377911270461 ], [ 88.762058636659347, 26.97907709468064 ], [ 88.763438709034858, 26.978286995644464 ], [ 88.763475121972974, 26.978497324466328 ], [ 88.763590622547184, 26.979164451038748 ], [ 88.763696304180385, 26.979949511713045 ], [ 88.763806354599168, 26.980766996693688 ], [ 88.764030108944837, 26.981435019429739 ], [ 88.764075264832215, 26.981876407472505 ], [ 88.764077263542646, 26.98189594615566 ], [ 88.764077725343654, 26.981900459726759 ], [ 88.764125342157399, 26.982365900697477 ], [ 88.76416276112073, 26.982499331569979 ], [ 88.76437003042119, 26.983238432128715 ], [ 88.764460450304099, 26.983970248455872 ], [ 88.764985215059127, 26.986718951495423 ], [ 88.764327656151423, 26.987001351668887 ], [ 88.764231042841558, 26.987398872595133 ], [ 88.764209169077404, 26.987488868990326 ], [ 88.763282450178636, 26.991089823731301 ], [ 88.761499844169478, 26.991263847373638 ], [ 88.761282346641238, 26.991232834284855 ], [ 88.761104742810488, 26.990205995533845 ], [ 88.760991736178838, 26.989282687931784 ], [ 88.76085208432815, 26.988141623465502 ], [ 88.760800898153008, 26.987756565496031 ], [ 88.760644272979192, 26.986578314421276 ], [ 88.760619469060231, 26.986391711112656 ], [ 88.760357445960722, 26.984420403121614 ], [ 88.759967517569805, 26.984052413405077 ], [ 88.75941579092968, 26.98352072734999 ], [ 88.75754887318395, 26.98188119419984 ], [ 88.756219604798559, 26.980736784169565 ], [ 88.755886082710674, 26.978690311728748 ] ] ] } },
{ "type": "Feature", "properties": { "District": "Kalimpong", "Dist_LGD": "327N001", "Sub_dist": "Pedong", "Subdis_LGD": "02157N001", "Subdis_Typ": "Cd_Block", "Vill_name": "Pedong Bazar D.I.F.", "Vill_Cat": "Forest_Village", "Vill_LGD": "306276", "arr_project": "asha2" }, "geometry": { "type": "Polygon", "coordinates": [ [ [ 88.616814635723728, 27.157830421464823 ], [ 88.61570497562812, 27.157152694757457 ], [ 88.614427484513527, 27.157433676207141 ], [ 88.614168621090101, 27.158027876606837 ], [ 88.614439672998472, 27.159333569327607 ], [ 88.614825424469601, 27.159843627736656 ], [ 88.616080275402908, 27.160090939575948 ], [ 88.61682182053876, 27.159730371392246 ], [ 88.617347558365552, 27.158749472030916 ], [ 88.616814635723728, 27.157830421464823 ] ] ] } },
{ "type": "Feature", "properties": { "District": "Kalimpong", "Dist_LGD": "327N001", "Sub_dist": "Kalimpong - I", "Subdis_LGD": "2156", "Subdis_Typ": "Cd_Block", "Vill_name": "Uttar Fulbari Khasmahal", "Vill_Cat": "Forest_Village", "Vill_LGD": "306268", "arr_project": "asha2" }, "geometry": { "type": "Polygon", "coordinates": [ [ [ 88.601256538968101, 26.883642043217186 ], [ 88.601406824059609, 26.883870890565571 ], [ 88.601901792694562, 26.88516458277569 ], [ 88.602051556012611, 26.885564053375074 ], [ 88.602342522802005, 26.88635151525121 ], [ 88.603499363976724, 26.886303421336095 ], [ 88.603795693945528, 26.887105450052957 ], [ 88.603971517864025, 26.88758094067023 ], [ 88.604676622101834, 26.887551286823243 ], [ 88.604957195208414, 26.888293185511095 ], [ 88.605919203782648, 26.888247703692095 ], [ 88.606197885790294, 26.888908842557608 ], [ 88.606809562163988, 26.889106851115613 ], [ 88.607536775427548, 26.888705078673272 ], [ 88.607536424145053, 26.888704867697268 ], [ 88.607335178745345, 26.888483748617755 ], [ 88.607224563692156, 26.887851970287812 ], [ 88.607023397126596, 26.886967483364323 ], [ 88.606993348763368, 26.88624542383598 ], [ 88.607053845603076, 26.885925012618902 ], [ 88.607693064961651, 26.885099294911541 ], [ 88.60791459266305, 26.884634520289332 ], [ 88.608085797821829, 26.883921634169415 ], [ 88.60814008955559, 26.882648305200135 ], [ 88.608146406505554, 26.882500152784637 ], [ 88.608221957576646, 26.881814261607953 ], [ 88.608050945759132, 26.881701389859369 ], [ 88.607884882090175, 26.881660764370125 ], [ 88.607663414570382, 26.881674297555797 ], [ 88.605650415385853, 26.881926737892943 ], [ 88.604075251004076, 26.882319056582212 ], [ 88.604022529850297, 26.882344699918836 ], [ 88.604022105382882, 26.882344906465917 ], [ 88.603073684272871, 26.882806219493268 ], [ 88.601309078381306, 26.883617877055375 ], [ 88.601256538968101, 26.883642043217186 ] ] ] } },
{ "type": "Feature", "properties": { "District": "Kalimpong", "Dist_LGD": "327N001", "Sub_dist": "Lava", "Subdis_LGD": "2157", "Subdis_Typ": "Cd_Block", "Vill_name": "Dalapchand Slip Reserve Forest", "Vill_Cat": "Others", "Vill_LGD": "306299", "arr_project": "asha2" }, "geometry": { "type": "Polygon", "coordinates": [ [ [ 88.536000023282114, 27.092050517908127 ], [ 88.536426469292493, 27.091152227015932 ], [ 88.536806979013718, 27.09021381673659 ], [ 88.536698912598297, 27.08945897138571 ], [ 88.537714527722557, 27.088782772990477 ], [ 88.537806283086155, 27.088645979593455 ], [ 88.538522997181488, 27.087577464810245 ], [ 88.538942275768221, 27.086620175532833 ], [ 88.539645047094069, 27.085780238571513 ], [ 88.540160679343529, 27.085418852862375 ], [ 88.54046016170004, 27.084797003937336 ], [ 88.540845020296018, 27.084305999226437 ], [ 88.541481878153945, 27.083946015404074 ], [ 88.542075820947275, 27.083528468034121 ], [ 88.542681493498364, 27.082851688041654 ], [ 88.542889733952336, 27.082261145438682 ], [ 88.543237145732846, 27.081283134399836 ], [ 88.544053429388015, 27.080681444254051 ], [ 88.544716018453599, 27.080137319315948 ], [ 88.544962515228193, 27.079075235659591 ], [ 88.545183722614567, 27.078558707206646 ], [ 88.545737830355932, 27.077741225396164 ], [ 88.546100411879621, 27.077124371329152 ], [ 88.546599173020553, 27.076191686505698 ], [ 88.547217747817783, 27.075302307057477 ], [ 88.547675117510195, 27.074613779737547 ], [ 88.548333302130274, 27.073868178716715 ], [ 88.548611784394879, 27.073437835718106 ], [ 88.548860692925459, 27.073046805706014 ], [ 88.549693796101764, 27.072858684038604 ], [ 88.548644426380477, 27.07244148567657 ], [ 88.547523518527868, 27.071587278287861 ], [ 88.546835277162657, 27.070665114718679 ], [ 88.546027304438226, 27.06983453085131 ], [ 88.545156384138039, 27.069559768322971 ], [ 88.543589521226963, 27.070005738942875 ], [ 88.542617750630669, 27.070097644260304 ], [ 88.542129096675325, 27.070125570027415 ], [ 88.541662745939931, 27.069941126081748 ], [ 88.540823849371108, 27.069426780026632 ], [ 88.540425976539581, 27.069088128701711 ], [ 88.540166367164062, 27.068905927965449 ], [ 88.539826214427649, 27.06983939154264 ], [ 88.539717813012274, 27.070761290014168 ], [ 88.539195745520686, 27.071665150750885 ], [ 88.538228789117554, 27.075065215145568 ], [ 88.537410207664976, 27.076780193168204 ], [ 88.537035646133546, 27.077781726440449 ], [ 88.536859438519286, 27.078593968707263 ], [ 88.536670986869794, 27.078736926700724 ], [ 88.536200313446088, 27.079039939278378 ], [ 88.535613446272833, 27.079544919909353 ], [ 88.535289959153076, 27.079948822677196 ], [ 88.534634277984651, 27.080612573476888 ], [ 88.533893603768902, 27.081133054743237 ], [ 88.533213735516767, 27.081654181482929 ], [ 88.532718460012262, 27.08214674938738 ], [ 88.532224480439751, 27.082610850756232 ], [ 88.531619119782022, 27.083177159748374 ], [ 88.531070642254051, 27.083845493856234 ], [ 88.530831953967976, 27.084426602321848 ], [ 88.529783504023015, 27.085174124660455 ], [ 88.530361840369878, 27.086249109469147 ], [ 88.530459586487467, 27.08684347436548 ], [ 88.530555774415603, 27.087481816347459 ], [ 88.530564065918981, 27.088411289266158 ], [ 88.530474090348406, 27.089138196984681 ], [ 88.530453973516501, 27.089647204640514 ], [ 88.530513543066945, 27.090461867142931 ], [ 88.530976360131334, 27.091101543567298 ], [ 88.531099218671699, 27.091194306518272 ], [ 88.531361202008753, 27.091392112444087 ], [ 88.531838724810939, 27.09182697355973 ], [ 88.531931839931474, 27.091561349348289 ], [ 88.531951036099713, 27.092966879551845 ], [ 88.533490282849272, 27.094379702582156 ], [ 88.534278555660563, 27.095607738396385 ], [ 88.534910890972213, 27.095014106180756 ], [ 88.535417215815656, 27.093316092947827 ], [ 88.536000023282114, 27.092050517908127 ] ], [ [ 88.534909417551617, 27.089269560316264 ], [ 88.535127819771745, 27.089171034124675 ], [ 88.535380338736843, 27.089411333773658 ], [ 88.535520186693603, 27.089563367798522 ], [ 88.535660036074688, 27.08971540253566 ], [ 88.535653862033428, 27.089963277729129 ], [ 88.535383153879934, 27.090057674070739 ], [ 88.535169978857041, 27.08989891242733 ], [ 88.535073432791336, 27.089661597638504 ], [ 88.534841610514988, 27.089523771872855 ], [ 88.534909417551617, 27.089269560316264 ] ] ] } },
{ "type": "Feature", "properties": { "District": "Kalimpong", "Dist_LGD": "327N001", "Sub_dist": "Gorubathan", "Subdis_LGD": "02158", "Subdis_Typ": "Cd_Block", "Vill_name": "Mal-4 F V", "Vill_Cat": "Rural", "Vill_LGD": "306345N068", "arr_project": "asha2" }, "geometry": { "type": "Polygon", "coordinates": [ [ [ 88.759102809883416, 26.926492410298231 ], [ 88.758524685530688, 26.926379993805956 ], [ 88.757931567039918, 26.926264657764897 ], [ 88.757931494488886, 26.926265137046773 ], [ 88.756937691747382, 26.926167093579444 ], [ 88.755250225224287, 26.926324580277036 ], [ 88.752869283192737, 26.926499576685533 ], [ 88.752855679976818, 26.927028727937504 ], [ 88.753018591524338, 26.929793860392888 ], [ 88.753141328438929, 26.931581262182018 ], [ 88.753337711324818, 26.93292459473729 ], [ 88.753690012264329, 26.933007974784282 ], [ 88.755600585388365, 26.932961860261582 ], [ 88.757756805484846, 26.933119288152156 ], [ 88.758435173344424, 26.932775924699879 ], [ 88.758450844240244, 26.932491252634101 ], [ 88.758563952307313, 26.930436761138505 ], [ 88.758643593675998, 26.928990283896969 ], [ 88.759102809883416, 26.926492410298231 ] ] ] } },
{ "type": "Feature", "properties": { "District": "Kalimpong", "Dist_LGD": "327N001", "Sub_dist": "Gorubathan", "Subdis_LGD": "02158", "Subdis_Typ": "Cd_Block", "Vill_name": "Buri Khola F V", "Vill_Cat": "Rural", "Vill_LGD": "306345N069", "arr_project": "asha2" }, "geometry": { "type": "Polygon", "coordinates": [ [ [ 88.748072242295564, 26.933261517018106 ], [ 88.747577826644616, 26.93308486189801 ], [ 88.747222301088357, 26.933254889657377 ], [ 88.747188219561565, 26.933733606686662 ], [ 88.747157972460357, 26.934249939259651 ], [ 88.747174467531664, 26.934818430789914 ], [ 88.747475423295285, 26.935129250817859 ], [ 88.747723886876713, 26.935331487915462 ], [ 88.747921028777299, 26.935843174235544 ], [ 88.748112424363612, 26.936298436710274 ], [ 88.748692093222516, 26.936295154727407 ], [ 88.749391649117157, 26.935842243099426 ], [ 88.750145609654595, 26.935516713505191 ], [ 88.750050356068627, 26.93478536063936 ], [ 88.74960400412111, 26.934470667338427 ], [ 88.748932191379822, 26.93417942625743 ], [ 88.748464761462515, 26.933657845480965 ], [ 88.748072242295564, 26.933261517018106 ] ] ] } },
{ "type": "Feature", "properties": { "District": "Kalimpong", "Dist_LGD": "327N001", "Sub_dist": "Gorubathan", "Subdis_LGD": "02158", "Subdis_Typ": "Cd_Block", "Vill_name": "Special Busty F V", "Vill_Cat": "Rural", "Vill_LGD": "306345N070", "arr_project": "asha2" }, "geometry": { "type": "Polygon", "coordinates": [ [ [ 88.700299869201373, 26.928859955279474 ], [ 88.699430385103881, 26.928712462085247 ], [ 88.699065694694212, 26.9292017302128 ], [ 88.699357330039405, 26.930953622769149 ], [ 88.700271297134194, 26.931182041711818 ], [ 88.701594444949066, 26.931410806037047 ], [ 88.701670159586854, 26.930640545237551 ], [ 88.701785587515431, 26.929466313607801 ], [ 88.701876090948318, 26.92918348611995 ], [ 88.701903554519419, 26.929097661787463 ], [ 88.700299869201373, 26.928859955279474 ] ] ] } },
{ "type": "Feature", "properties": { "District": "Kalimpong", "Dist_LGD": "327N001", "Sub_dist": "Gorubathan", "Subdis_LGD": "02158", "Subdis_Typ": "Cd_Block", "Vill_name": "Bhutta Bari Forest Village", "Vill_Cat": "Rural", "Vill_LGD": "306345N071", "arr_project": "asha2" }, "geometry": { "type": "Polygon", "coordinates": [ [ [ 88.700171485963835, 26.933720619211023 ], [ 88.700082899054152, 26.933437064273498 ], [ 88.700056436139747, 26.933352360530833 ], [ 88.699390152515022, 26.93342142935489 ], [ 88.699325130966528, 26.932525225931442 ], [ 88.699219627772536, 26.932251022550659 ], [ 88.698658237722981, 26.932332974693249 ], [ 88.697979420972445, 26.932023143901098 ], [ 88.697949080170858, 26.933000518802057 ], [ 88.698015867335855, 26.933658923801495 ], [ 88.697160038324427, 26.933391200332199 ], [ 88.696902605965832, 26.933916877714612 ], [ 88.697389633146145, 26.935909913104297 ], [ 88.697696612691644, 26.936638471162475 ], [ 88.698008371155979, 26.93741405581121 ], [ 88.699495373048478, 26.937521285727026 ], [ 88.700459661848825, 26.937326269393765 ], [ 88.700441621924455, 26.935617304014297 ], [ 88.700364590804952, 26.93507646587577 ], [ 88.700171485963835, 26.933720619211023 ] ] ] } },
{ "type": "Feature", "properties": { "District": "Kalimpong", "Dist_LGD": "327N001", "Sub_dist": "Gorubathan", "Subdis_LGD": "02158", "Subdis_Typ": "Cd_Block", "Vill_name": "Fagu 2 F V", "Vill_Cat": "Rural", "Vill_LGD": "306337N065", "arr_project": "asha2" }, "geometry": { "type": "Polygon", "coordinates": [ [ [ 88.680279497588444, 26.951921677730255 ], [ 88.680156705218522, 26.951732409464594 ], [ 88.679700087926193, 26.951827222199555 ], [ 88.67949114144561, 26.952193421487799 ], [ 88.679556398017596, 26.952709448191889 ], [ 88.679696773826137, 26.952944420752846 ], [ 88.679503775920111, 26.953035776074891 ], [ 88.679054156514496, 26.953248599288944 ], [ 88.67828485439594, 26.953708471177148 ], [ 88.678278877138354, 26.954160586911154 ], [ 88.678481524219592, 26.955137648501346 ], [ 88.679015646634454, 26.955296202481588 ], [ 88.679491646771169, 26.955520179404701 ], [ 88.6794600420656, 26.955974948820696 ], [ 88.67946957006707, 26.956579917356034 ], [ 88.679571201859673, 26.957199110314043 ], [ 88.679707709330827, 26.957779046890082 ], [ 88.680092218173925, 26.95773922138833 ], [ 88.680372402117712, 26.957436926643165 ], [ 88.68021860811605, 26.956431051504609 ], [ 88.680397157785194, 26.955509567424912 ], [ 88.68076556571765, 26.955055558689107 ], [ 88.681091945384424, 26.954570260767177 ], [ 88.680998658853923, 26.954033377567463 ], [ 88.68079420379317, 26.953294142876491 ], [ 88.68070598775293, 26.953192143793249 ], [ 88.680530133193741, 26.952988810693871 ], [ 88.680516530480702, 26.952930892374162 ], [ 88.680296262741066, 26.951993055821578 ], [ 88.680279497588444, 26.951921677730255 ] ] ] } },
{ "type": "Feature", "properties": { "District": "Kalimpong", "Dist_LGD": "327N001", "Sub_dist": "Gorubathan", "Subdis_LGD": "02158", "Subdis_Typ": "Cd_Block", "Vill_name": "Fagu F V", "Vill_Cat": "Rural", "Vill_LGD": "306337N066", "arr_project": "asha2" }, "geometry": { "type": "Polygon", "coordinates": [ [ [ 88.677043899820532, 26.966558572844558 ], [ 88.676980809540964, 26.966024492538892 ], [ 88.676714465762288, 26.963769620940123 ], [ 88.676531708323324, 26.962120370475194 ], [ 88.676464170369698, 26.961614158579373 ], [ 88.676426085117271, 26.961328678581566 ], [ 88.676402244649225, 26.961149980696458 ], [ 88.67660327366319, 26.960986583777846 ], [ 88.676855930810888, 26.960925955385779 ], [ 88.677544015682813, 26.960760838237139 ], [ 88.677182407996796, 26.959800235349448 ], [ 88.676816188410925, 26.958027407498264 ], [ 88.67654187173612, 26.957314403883686 ], [ 88.676208869734765, 26.957249079397052 ], [ 88.675097530881246, 26.95747821262249 ], [ 88.674264117131685, 26.957535982267931 ], [ 88.67379057871122, 26.957534509833888 ], [ 88.673595598795288, 26.957533902547905 ], [ 88.673622460036441, 26.95703209269174 ], [ 88.673592630004137, 26.956507635188249 ], [ 88.673562800282696, 26.955983178307573 ], [ 88.673411575714908, 26.956023396499823 ], [ 88.673152134360777, 26.95609239590598 ], [ 88.673123914516509, 26.956099901046482 ], [ 88.672116053384741, 26.956604252832189 ], [ 88.671866596395333, 26.956729083586453 ], [ 88.670975542576116, 26.957291830355654 ], [ 88.670567749358995, 26.957562168447158 ], [ 88.670479352202833, 26.958070351005347 ], [ 88.670469921746331, 26.959511396824791 ], [ 88.670473918452345, 26.959545024903846 ], [ 88.670680817908305, 26.961286090087864 ], [ 88.670744022253402, 26.962206404454221 ], [ 88.670942397161241, 26.965094449846784 ], [ 88.671438523848437, 26.965542121607154 ], [ 88.672657581695205, 26.96652803817015 ], [ 88.673193793912063, 26.966757679649611 ], [ 88.673247581525402, 26.966646118358053 ], [ 88.673707510498062, 26.965692163343217 ], [ 88.67374482517522, 26.965563597712812 ], [ 88.673822707612331, 26.965295267815343 ], [ 88.674083119374146, 26.965410882059739 ], [ 88.675224568001866, 26.966091129391476 ], [ 88.675659897419351, 26.966356715067597 ], [ 88.675903862996364, 26.966505551104625 ], [ 88.676553830761691, 26.9669372634845 ], [ 88.677044260012394, 26.967328465350349 ], [ 88.677043899820532, 26.966558572844558 ] ] ] } },
{ "type": "Feature", "properties": { "District": "Kalimpong", "Dist_LGD": "327N001", "Sub_dist": "Gorubathan", "Subdis_LGD": "02158", "Subdis_Typ": "Cd_Block", "Vill_name": "Kharhola F V", "Vill_Cat": "Rural", "Vill_LGD": "306348N072", "arr_project": "asha2" }, "geometry": { "type": "Polygon", "coordinates": [ [ [ 88.738218305616059, 26.970165460331977 ], [ 88.738053991261921, 26.969474031523045 ], [ 88.737966018640222, 26.969103835684155 ], [ 88.737894481466171, 26.969024044832555 ], [ 88.73779001465472, 26.968907524232154 ], [ 88.737732203413429, 26.968843042892015 ], [ 88.737561582456337, 26.968849456369412 ], [ 88.737362756662051, 26.968856929608069 ], [ 88.736731040650071, 26.968880670019328 ], [ 88.735788143576187, 26.96908330101256 ], [ 88.735013182901852, 26.969002345099376 ], [ 88.734578461352015, 26.968905002894168 ], [ 88.734810726251595, 26.970268428239383 ], [ 88.734092547916902, 26.969829914060984 ], [ 88.733347746784489, 26.96953672328873 ], [ 88.733003005222116, 26.969610593809445 ], [ 88.733006762635611, 26.969952349091081 ], [ 88.733429202899046, 26.970548722766971 ], [ 88.733527191628099, 26.970687056796461 ], [ 88.733793460630551, 26.971456258435541 ], [ 88.73387968391215, 26.971705341550251 ], [ 88.734307042090109, 26.971831961468634 ], [ 88.73487026442821, 26.971868414097965 ], [ 88.735108215861956, 26.9722713414628 ], [ 88.735464107387671, 26.972509935093615 ], [ 88.736088482297632, 26.972739604289853 ], [ 88.736191565904704, 26.972916167935796 ], [ 88.736214026993011, 26.972954639668433 ], [ 88.736125462199055, 26.973610124635858 ], [ 88.735793415707732, 26.974214910589918 ], [ 88.736584122928747, 26.974246692950899 ], [ 88.737308156699569, 26.974437471732593 ], [ 88.737871388011953, 26.974473907261508 ], [ 88.738206484149941, 26.974610109336801 ], [ 88.738435593491644, 26.974662412411686 ], [ 88.738839182792276, 26.974754545925606 ], [ 88.738864208420679, 26.974760258482583 ], [ 88.739118601612546, 26.974714778937994 ], [ 88.738861179706689, 26.972089969188239 ], [ 88.738631083508523, 26.97142797236922 ], [ 88.738274586149714, 26.970402281323427 ], [ 88.738218305616059, 26.970165460331977 ] ] ] } },
{ "type": "Feature", "properties": { "District": "Kalimpong", "Dist_LGD": "327N001", "Sub_dist": "Gorubathan", "Subdis_LGD": "02158", "Subdis_Typ": "Cd_Block", "Vill_name": "Kharkhola Milan Tar F V", "Vill_Cat": "Rural", "Vill_LGD": "306348N073", "arr_project": "asha2" }, "geometry": { "type": "Polygon", "coordinates": [ [ [ 88.733793460630551, 26.971456258435541 ], [ 88.733527191628099, 26.970687056796461 ], [ 88.733429202899046, 26.970548722766971 ], [ 88.733057712835034, 26.970943328559319 ], [ 88.732380983147166, 26.970657309026592 ], [ 88.731828349002143, 26.970572221740223 ], [ 88.731138237784165, 26.970917231690176 ], [ 88.730874466705146, 26.97099449718209 ], [ 88.730257914976548, 26.971175099436053 ], [ 88.729763621377316, 26.971535382848494 ], [ 88.729735384251782, 26.972274890678523 ], [ 88.729540540309642, 26.973031722562443 ], [ 88.729467603157858, 26.973205629377922 ], [ 88.729027795608147, 26.973465205742375 ], [ 88.728914741202715, 26.973880889234199 ], [ 88.729420925231253, 26.974018336577267 ], [ 88.729431242886349, 26.974373670035497 ], [ 88.729792145147883, 26.974652943963825 ], [ 88.730914801276043, 26.974357989088112 ], [ 88.731212709320886, 26.974312485771886 ], [ 88.732011583832431, 26.974190459107341 ], [ 88.73213365644753, 26.974167386835777 ], [ 88.732920131571703, 26.97401873989023 ], [ 88.733246413625963, 26.973984800360107 ], [ 88.733678309328226, 26.973939875696434 ], [ 88.733800700099636, 26.973927144986344 ], [ 88.733806466959479, 26.973926545236885 ], [ 88.733971032893876, 26.973909426309895 ], [ 88.733914235641038, 26.972539076964658 ], [ 88.73387968391215, 26.971705341550251 ], [ 88.733793460630551, 26.971456258435541 ] ] ] } },
{ "type": "Feature", "properties": { "District": "Kalimpong", "Dist_LGD": "327N001", "Sub_dist": "Gorubathan", "Subdis_LGD": "02158", "Subdis_Typ": "Cd_Block", "Vill_name": "Sakham F V", "Vill_Cat": "Rural", "Vill_LGD": "306348N074", "arr_project": "asha2" }, "geometry": { "type": "Polygon", "coordinates": [ [ [ 88.748365464677846, 26.979445506750551 ], [ 88.748545217403674, 26.97922720841321 ], [ 88.748738170019024, 26.979214240771501 ], [ 88.749569338321223, 26.979134802481823 ], [ 88.75010976331194, 26.978871809459534 ], [ 88.75048411415969, 26.978510832794722 ], [ 88.750527390777307, 26.978469100083629 ], [ 88.750689848935139, 26.978312446101242 ], [ 88.750976051959412, 26.97791911965945 ], [ 88.751023168072123, 26.977543569083206 ], [ 88.750963392271359, 26.9774595039835 ], [ 88.75090519881158, 26.977377665024946 ], [ 88.750856247930642, 26.977308824076069 ], [ 88.750787228709882, 26.977211759071341 ], [ 88.750681767361712, 26.977128666399409 ], [ 88.750347770898486, 26.976865505203801 ], [ 88.750256184553521, 26.976816786127277 ], [ 88.750085351153402, 26.976725913706979 ], [ 88.749977988441302, 26.97666880320876 ], [ 88.749595223660094, 26.976573239762839 ], [ 88.749389536922394, 26.976637933864247 ], [ 88.749188653271304, 26.976701116833066 ], [ 88.748775582086694, 26.976993607136674 ], [ 88.748532390051238, 26.977275532781544 ], [ 88.748531452959128, 26.977275419211416 ], [ 88.748060233464543, 26.977217787761546 ], [ 88.747674330768163, 26.977243716783299 ], [ 88.747224500200474, 26.977404604592703 ], [ 88.747137714719898, 26.9778484367841 ], [ 88.747223930870163, 26.978388300485918 ], [ 88.747070551982034, 26.979245353239843 ], [ 88.74722790307969, 26.97972078545288 ], [ 88.747632776104183, 26.97995660661396 ], [ 88.747987209223439, 26.979926823454381 ], [ 88.748365464677846, 26.979445506750551 ] ] ] } },
{ "type": "Feature", "properties": { "District": "Kalimpong", "Dist_LGD": "327N001", "Sub_dist": "Gorubathan", "Subdis_LGD": "02158", "Subdis_Typ": "Cd_Block", "Vill_name": "Bhotey Tar F V", "Vill_Cat": "Rural", "Vill_LGD": "306326N062", "arr_project": "asha2" }, "geometry": { "type": "Polygon", "coordinates": [ [ [ 88.763696304180385, 26.979949511713045 ], [ 88.763590622547184, 26.979164451038748 ], [ 88.763475121972974, 26.978497324466328 ], [ 88.763438709034858, 26.978286995644464 ], [ 88.762058636659347, 26.97907709468064 ], [ 88.761454548830685, 26.979377911270461 ], [ 88.761358658475444, 26.979425662753307 ], [ 88.760934847354747, 26.979349840307378 ], [ 88.760901295515026, 26.979343837802077 ], [ 88.75968056278316, 26.979125431564075 ], [ 88.757508457047336, 26.978857655051456 ], [ 88.756111964624566, 26.978575540635195 ], [ 88.755886082710674, 26.978690311728748 ], [ 88.756219604798559, 26.980736784169565 ], [ 88.75754887318395, 26.98188119419984 ], [ 88.75941579092968, 26.98352072734999 ], [ 88.759967517569805, 26.984052413405077 ], [ 88.760357445960722, 26.984420403121614 ], [ 88.760619469060231, 26.986391711112656 ], [ 88.760644272979192, 26.986578314421276 ], [ 88.760800898153008, 26.987756565496031 ], [ 88.76085208432815, 26.988141623465502 ], [ 88.760991736178838, 26.989282687931784 ], [ 88.761104742810488, 26.990205995533845 ], [ 88.761282346641238, 26.991232834284855 ], [ 88.761499844169478, 26.991263847373638 ], [ 88.763282450178636, 26.991089823731301 ], [ 88.764209169077404, 26.987488868990326 ], [ 88.764231042841558, 26.987398872595133 ], [ 88.764327656151423, 26.987001351668887 ], [ 88.764985215059127, 26.986718951495423 ], [ 88.764460450304099, 26.983970248455872 ], [ 88.76437003042119, 26.983238432128715 ], [ 88.76416276112073, 26.982499331569979 ], [ 88.764125342157399, 26.982365900697477 ], [ 88.764077725343654, 26.981900459726759 ], [ 88.764077263542646, 26.98189594615566 ], [ 88.764075264832215, 26.981876407472505 ], [ 88.764030108944837, 26.981435019429739 ], [ 88.763806354599168, 26.980766996693688 ], [ 88.763696304180385, 26.979949511713045 ] ] ] } },
{ "type": "Feature", "properties": { "District": "Kalimpong", "Dist_LGD": "327N001", "Sub_dist": "Gorubathan", "Subdis_LGD": "02158", "Subdis_Typ": "Cd_Block", "Vill_name": "Soureni F V", "Vill_Cat": "Rural", "Vill_LGD": "306348N075", "arr_project": "asha2" }, "geometry": { "type": "Polygon", "coordinates": [ [ [ 88.730733326111064, 27.000568653203789 ], [ 88.730908707139704, 27.000174867059989 ], [ 88.730764258006303, 26.99974493261222 ], [ 88.729956244870863, 26.999837534398843 ], [ 88.729946059414033, 26.999838700882194 ], [ 88.729843863660477, 26.999850412267165 ], [ 88.729637393448542, 26.999874073754615 ], [ 88.728885493435484, 26.999869147841657 ], [ 88.728462467624325, 26.99991316331722 ], [ 88.72793562029176, 27.000336270394165 ], [ 88.727856617919713, 27.000831585356018 ], [ 88.727883699536193, 27.000874704414624 ], [ 88.728227862576418, 27.001422618152667 ], [ 88.728396408118698, 27.002058501006243 ], [ 88.728570155192102, 27.002493363405769 ], [ 88.728587813517791, 27.002537559362267 ], [ 88.729029228234396, 27.002800516393137 ], [ 88.729521198046868, 27.002697154502112 ], [ 88.729701450151538, 27.002659282084284 ], [ 88.729959913649481, 27.002145292960023 ], [ 88.730020523012485, 27.001343003909223 ], [ 88.730723621480365, 27.000579196459018 ], [ 88.730733326111064, 27.000568653203789 ] ] ] } },
{ "type": "Feature", "properties": { "District": "Kalimpong", "Dist_LGD": "327N001", "Sub_dist": "Gorubathan", "Subdis_LGD": "02158", "Subdis_Typ": "Cd_Block", "Vill_name": "Dalim F V", "Vill_Cat": "Rural", "Vill_LGD": "306341N067", "arr_project": "asha2" }, "geometry": { "type": "Polygon", "coordinates": [ [ [ 88.706810439498426, 26.980593723949791 ], [ 88.705907096426756, 26.980678004884794 ], [ 88.705708293032757, 26.980964773613028 ], [ 88.706506997854788, 26.98266602176605 ], [ 88.706555009249882, 26.98276828366831 ], [ 88.707099318517535, 26.983738265085027 ], [ 88.707493099331529, 26.984552790717039 ], [ 88.708360535216826, 26.986049980861548 ], [ 88.70877485073045, 26.986862365362999 ], [ 88.708967654966983, 26.98723822956558 ], [ 88.709149792491971, 26.98759329565603 ], [ 88.70920477085771, 26.987929750820488 ], [ 88.708422801038083, 26.988087000688616 ], [ 88.707712757542666, 26.988645475113536 ], [ 88.707942069823687, 26.988963827061351 ], [ 88.708847413265616, 26.989611159584669 ], [ 88.709756317709392, 26.990191579328826 ], [ 88.710955970739548, 26.991388100235216 ], [ 88.711719973250254, 26.992173644105584 ], [ 88.712199828374594, 26.992713072469254 ], [ 88.712479685648233, 26.992927971047617 ], [ 88.713279172926164, 26.993541876282006 ], [ 88.71332627918369, 26.993594419520701 ], [ 88.713677518808709, 26.993986196051367 ], [ 88.713770253846079, 26.994089632906967 ], [ 88.71438640108137, 26.995356236392396 ], [ 88.714490189289592, 26.995643845155016 ], [ 88.714660791098197, 26.99611659473975 ], [ 88.713949802394325, 26.996665703769565 ], [ 88.71290526704847, 26.996992851216739 ], [ 88.712057780396421, 26.997423075134495 ], [ 88.711370152741537, 26.997998263814278 ], [ 88.712046818040207, 26.998536248451444 ], [ 88.712599727206197, 26.998843943863932 ], [ 88.713068639006735, 26.999104891380565 ], [ 88.714168584776701, 26.999931531133221 ], [ 88.715475866824789, 27.000860163785379 ], [ 88.71628330893283, 27.001460557891718 ], [ 88.716991164034567, 27.001795669440973 ], [ 88.717486563508459, 27.001607781579132 ], [ 88.720002275232176, 26.999445353851097 ], [ 88.721386406468895, 26.998179926051353 ], [ 88.721704475011805, 26.997897540066287 ], [ 88.722552817802423, 26.997144354893372 ], [ 88.722792932772833, 26.996931172191687 ], [ 88.722503219146205, 26.996657968361454 ], [ 88.72235720620111, 26.996520273310729 ], [ 88.721256737450801, 26.996501635378081 ], [ 88.719751227286224, 26.996373028659928 ], [ 88.718190692913041, 26.995907964260905 ], [ 88.71783376808861, 26.995659932408504 ], [ 88.717653956893997, 26.994709172186173 ], [ 88.717339887578717, 26.993177326184348 ], [ 88.717241833352162, 26.992699055082539 ], [ 88.717018533825282, 26.991575555005184 ], [ 88.716996021145377, 26.990846055620896 ], [ 88.715857833872718, 26.990660195567209 ], [ 88.713840599143523, 26.99059417588148 ], [ 88.712738639982689, 26.99035700003861 ], [ 88.712360275697378, 26.988886873415378 ], [ 88.712107804848586, 26.987934137909381 ], [ 88.712014504683438, 26.987613538859794 ], [ 88.711852750224693, 26.987057705497843 ], [ 88.711668701379011, 26.98653632767325 ], [ 88.711590596744159, 26.986315070238405 ], [ 88.711328328729479, 26.985876591904081 ], [ 88.711091492778351, 26.985547409153323 ], [ 88.710838120428576, 26.985195238763072 ], [ 88.710557786557828, 26.984805588848484 ], [ 88.709527852613078, 26.98365914338973 ], [ 88.709165092484682, 26.983340395445122 ], [ 88.708806975314957, 26.982938229965459 ], [ 88.70821446167092, 26.982272822592847 ], [ 88.707414755092117, 26.981338870024562 ], [ 88.707210532700785, 26.981087057457668 ], [ 88.707023906243151, 26.980856937662114 ], [ 88.706810439498426, 26.980593723949791 ] ] ] } },
{ "type": "Feature", "properties": { "District": "Kalimpong", "Dist_LGD": "327N001", "Sub_dist": "Gorubathan", "Subdis_LGD": "02158", "Subdis_Typ": "Cd_Block", "Vill_name": "Chilouney F V", "Vill_Cat": "Rural", "Vill_LGD": "306321N059", "arr_project": "asha2" }, "geometry": { "type": "Polygon", "coordinates": [ [ [ 88.80066145986271, 26.991687160333491 ], [ 88.798880639334158, 26.99156597336798 ], [ 88.795470500356359, 26.991509433280434 ], [ 88.795717710294042, 26.991934093508704 ], [ 88.79521625645323, 26.992257773434037 ], [ 88.795040244116564, 26.99311714787785 ], [ 88.795116059681135, 26.994007215650111 ], [ 88.795764097697969, 26.994566640093446 ], [ 88.796870368105971, 26.994593524925623 ], [ 88.797999599774727, 26.994389937349244 ], [ 88.798983189103652, 26.994130301664427 ], [ 88.799542005593068, 26.993972092335461 ], [ 88.8003416116983, 26.993888477418061 ], [ 88.800823325020815, 26.993282210183573 ], [ 88.800572529629619, 26.992353443456096 ], [ 88.800313191536802, 26.992173884277463 ], [ 88.80066145986271, 26.991687160333491 ] ] ] } },
{ "type": "Feature", "properties": { "District": "Kalimpong", "Dist_LGD": "327N001", "Sub_dist": "Gorubathan", "Subdis_LGD": "02158", "Subdis_Typ": "Cd_Block", "Vill_name": "Samsing Fari F V", "Vill_Cat": "Rural", "Vill_LGD": "306321N060", "arr_project": "asha2" }, "geometry": { "type": "Polygon", "coordinates": [ [ [ 88.792325352330195, 26.999085126011604 ], [ 88.791782588716742, 26.999046832286425 ], [ 88.791105942779112, 26.999117554771978 ], [ 88.791082523403205, 26.999235575178783 ], [ 88.791024231693527, 26.999529342222736 ], [ 88.790710633482902, 27.001109759375431 ], [ 88.790668845055663, 27.001320352236 ], [ 88.790524163475666, 27.001953495924305 ], [ 88.790293438243367, 27.002963173851576 ], [ 88.789856976013425, 27.005146910273925 ], [ 88.789702746100076, 27.006042036197528 ], [ 88.789432418554696, 27.007068082809074 ], [ 88.789469707702935, 27.007734129948648 ], [ 88.789492251305091, 27.008304315050424 ], [ 88.789212889074207, 27.008611472729029 ], [ 88.789449747555139, 27.00895019637435 ], [ 88.790857221213173, 27.009864997819715 ], [ 88.791658329815917, 27.010320629857652 ], [ 88.791756971275632, 27.010376730781548 ], [ 88.792611483638211, 27.010750645679103 ], [ 88.792833387883334, 27.010492252169222 ], [ 88.795021053362163, 27.007374688494789 ], [ 88.795934070403547, 27.006363065313746 ], [ 88.796081707458711, 27.006199482213727 ], [ 88.796209370770683, 27.005385263174976 ], [ 88.796457374341657, 27.003803552836519 ], [ 88.796395574826562, 27.003201849708717 ], [ 88.796291062929939, 27.003122278545558 ], [ 88.794551990354833, 27.00179817588317 ], [ 88.793569899955614, 27.000912574416521 ], [ 88.792835810250367, 27.000020044565474 ], [ 88.792580580408909, 26.999552586529237 ], [ 88.79241677371752, 26.999252568207158 ], [ 88.792325352330195, 26.999085126011604 ] ] ] } },
{ "type": "Feature", "properties": { "District": "Kalimpong", "Dist_LGD": "327N001", "Sub_dist": "Gorubathan", "Subdis_LGD": "02158", "Subdis_Typ": "Cd_Block", "Vill_name": "Samsing Compound F V", "Vill_Cat": "Rural", "Vill_LGD": "306321N061", "arr_project": "asha2" }, "geometry": { "type": "Polygon", "coordinates": [ [ [ 88.789647015023249, 26.993369338341825 ], [ 88.789320805052924, 26.993013893996434 ], [ 88.788409711068454, 26.994106875845642 ], [ 88.787134195836785, 26.995309202652248 ], [ 88.78643685993292, 26.996213549238647 ], [ 88.785868297547168, 26.996605546883284 ], [ 88.785825421615968, 26.997702848958191 ], [ 88.785964959562875, 26.999315626475958 ], [ 88.78609683476175, 27.000132883161161 ], [ 88.786391734368578, 27.001960330370615 ], [ 88.786807987927546, 27.002078384225239 ], [ 88.78807871352079, 27.002040624000287 ], [ 88.790079293628622, 27.001945577993858 ], [ 88.790524163475666, 27.001953495924305 ], [ 88.790668845055663, 27.001320352236 ], [ 88.790710633482902, 27.001109759375431 ], [ 88.791024231693527, 26.999529342222736 ], [ 88.791082523403205, 26.999235575178783 ], [ 88.791105942779112, 26.999117554771978 ], [ 88.791733690783857, 26.996206464739437 ], [ 88.790604045407775, 26.994412109899173 ], [ 88.789704774085678, 26.993432273340197 ], [ 88.78966758080314, 26.993391746198775 ], [ 88.789647015023249, 26.993369338341825 ] ] ] } },
{ "type": "Feature", "properties": { "District": "Kalimpong", "Dist_LGD": "327N001", "Sub_dist": "Gorubathan", "Subdis_LGD": "02158", "Subdis_Typ": "Cd_Block", "Vill_name": "Kumani F V", "Vill_Cat": "Rural", "Vill_LGD": "306318N054", "arr_project": "asha2" }, "geometry": { "type": "Polygon", "coordinates": [ [ [ 88.850598108150905, 27.015573723953917 ], [ 88.850389648926409, 27.015210802044816 ], [ 88.849912150710338, 27.015403466256483 ], [ 88.849532736394153, 27.015642839139268 ], [ 88.849085987598059, 27.015832271956182 ], [ 88.849037406618052, 27.015972234948073 ], [ 88.848942231806248, 27.016246432947472 ], [ 88.848899472583454, 27.016735502508897 ], [ 88.848829111449348, 27.017388793944626 ], [ 88.848828053737222, 27.017398610934748 ], [ 88.849291290081482, 27.017820296378385 ], [ 88.849756158922816, 27.017956761148962 ], [ 88.849843270206307, 27.017917206383203 ], [ 88.850409455545915, 27.017660118753309 ], [ 88.851142542851335, 27.017383598671106 ], [ 88.851778995848818, 27.017074467916661 ], [ 88.851893613862288, 27.016378322705084 ], [ 88.851470686727808, 27.015895405635444 ], [ 88.851106847749648, 27.015731212067756 ], [ 88.850932670922433, 27.015652608454459 ], [ 88.850598108150905, 27.015573723953917 ] ] ] } },
{ "type": "Feature", "properties": { "District": "Kalimpong", "Dist_LGD": "327N001", "Sub_dist": "Gorubathan", "Subdis_LGD": "02158", "Subdis_Typ": "Cd_Block", "Vill_name": "Mourey F V", "Vill_Cat": "Rural", "Vill_LGD": "306318N055", "arr_project": "asha2" }, "geometry": { "type": "Polygon", "coordinates": [ [ [ 88.841213559102812, 27.031235211037419 ], [ 88.841210052577011, 27.031233851053624 ], [ 88.840809363195348, 27.031418442267441 ], [ 88.840258332305197, 27.031953756452676 ], [ 88.839804986691547, 27.032607089044237 ], [ 88.839748159371183, 27.032669580837691 ], [ 88.839532742687169, 27.032906470134961 ], [ 88.839443275049064, 27.032967053531529 ], [ 88.839271190150882, 27.033083581021163 ], [ 88.839024515166088, 27.033480048697282 ], [ 88.839100501917088, 27.033764254949045 ], [ 88.839286428012898, 27.033908645715119 ], [ 88.83972289336856, 27.033919839442778 ], [ 88.839815797759627, 27.033932394996693 ], [ 88.840227432115455, 27.033988022801765 ], [ 88.840495353585965, 27.034173687856157 ], [ 88.840763597686887, 27.034437710569986 ], [ 88.841056368729866, 27.034713407827432 ], [ 88.841300175915052, 27.034816085408 ], [ 88.841828194487945, 27.034810532168613 ], [ 88.842299790048344, 27.034860785932256 ], [ 88.842730430073331, 27.034815568459681 ], [ 88.843101733308359, 27.034797959268797 ], [ 88.843308227130606, 27.034840413799088 ], [ 88.843713525951983, 27.034926129626886 ], [ 88.84389703438076, 27.034821342760022 ], [ 88.843783311528469, 27.034548232233746 ], [ 88.843437436758748, 27.0342852442005 ], [ 88.843030450856844, 27.033957408886845 ], [ 88.84276464401394, 27.03359010136376 ], [ 88.84269494879301, 27.033493790831294 ], [ 88.842624854338325, 27.033288842552526 ], [ 88.842527899584212, 27.033005358798277 ], [ 88.842320537138647, 27.032578170314132 ], [ 88.842109448186093, 27.032265394495155 ], [ 88.841914239681074, 27.031730032430289 ], [ 88.841525153294668, 27.031500078733504 ], [ 88.841412490521606, 27.031312367575676 ], [ 88.841213559102812, 27.031235211037419 ] ] ] } },
{ "type": "Feature", "properties": { "District": "Kalimpong", "Dist_LGD": "327N001", "Sub_dist": "Gorubathan", "Subdis_LGD": "02158", "Subdis_Typ": "Cd_Block", "Vill_name": "Kopish F V", "Vill_Cat": "Rural", "Vill_LGD": "306318N056", "arr_project": "asha2" }, "geometry": { "type": "Polygon", "coordinates": [ [ [ 88.835706126393788, 27.030927862025209 ], [ 88.835496206902377, 27.030814487577906 ], [ 88.835286286763875, 27.030701112894246 ], [ 88.834713178229251, 27.030796882095917 ], [ 88.833987619527917, 27.031072554900184 ], [ 88.833462718394614, 27.03080693705494 ], [ 88.832850216845813, 27.030671656442159 ], [ 88.832512478811196, 27.030863873697974 ], [ 88.832298405757641, 27.031199900646481 ], [ 88.832293315167163, 27.031677911858896 ], [ 88.832412723873347, 27.03215711525322 ], [ 88.83279806745071, 27.032501517563521 ], [ 88.833342410621469, 27.032729465388911 ], [ 88.83388052083447, 27.032972317007598 ], [ 88.834222012836818, 27.033193038648335 ], [ 88.834370936969862, 27.033355573439959 ], [ 88.834613501142158, 27.033672191505897 ], [ 88.835017244168412, 27.033893504868871 ], [ 88.83532308187111, 27.033768764486837 ], [ 88.835782186210182, 27.03332150155822 ], [ 88.835769694016321, 27.032823959944 ], [ 88.835822872938252, 27.032134237544561 ], [ 88.836089623375102, 27.031856817399291 ], [ 88.836125868335884, 27.031304276235879 ], [ 88.835706126393788, 27.030927862025209 ] ] ] } },
{ "type": "Feature", "properties": { "District": "Kalimpong", "Dist_LGD": "327N001", "Sub_dist": "Gorubathan", "Subdis_LGD": "02158", "Subdis_Typ": "Cd_Block", "Vill_name": "Rango Dhap F V", "Vill_Cat": "Rural", "Vill_LGD": "306318N057", "arr_project": "asha2" }, "geometry": { "type": "Polygon", "coordinates": [ [ [ 88.813721422038043, 27.046125753033184 ], [ 88.814310580004033, 27.045807438835794 ], [ 88.814912696735433, 27.04576570507804 ], [ 88.815471808319529, 27.04545766173672 ], [ 88.816127761776855, 27.045410282221148 ], [ 88.816617104959334, 27.045330477188802 ], [ 88.816769521777047, 27.044772868620953 ], [ 88.816664417662636, 27.043828908574316 ], [ 88.816427371091848, 27.043490294775591 ], [ 88.816138853237035, 27.043406512543466 ], [ 88.815731524033481, 27.04337085062069 ], [ 88.815472008497807, 27.043348129928866 ], [ 88.815190999526308, 27.043035502309607 ], [ 88.814737756471814, 27.042862079359537 ], [ 88.814500171671725, 27.042744445009699 ], [ 88.814005324855245, 27.042846195991153 ], [ 88.813724255795464, 27.043060948946938 ], [ 88.813424776023169, 27.043398786945009 ], [ 88.813296262285974, 27.043811353845193 ], [ 88.813288509041001, 27.044339546987153 ], [ 88.813151151640369, 27.044817182091975 ], [ 88.812919013252369, 27.0452049771155 ], [ 88.812611499813656, 27.045516063130652 ], [ 88.812581070872938, 27.045546846119425 ], [ 88.812493191022469, 27.045976535858795 ], [ 88.812562354365426, 27.046496668930814 ], [ 88.812967407321821, 27.046504106093415 ], [ 88.813721422038043, 27.046125753033184 ] ] ] } },
{ "type": "Feature", "properties": { "District": "Kalimpong", "Dist_LGD": "327N001", "Sub_dist": "Gorubathan", "Subdis_LGD": "02158", "Subdis_Typ": "Cd_Block", "Vill_name": "Rango Cfc F V", "Vill_Cat": "Rural", "Vill_LGD": "306318N058", "arr_project": "asha2" }, "geometry": { "type": "Polygon", "coordinates": [ [ [ 88.835573285137784, 27.041098039440708 ], [ 88.835866470534043, 27.040725191577767 ], [ 88.836171080450256, 27.040717915216717 ], [ 88.83643217977658, 27.040711677840484 ], [ 88.836569577206134, 27.040708395853919 ], [ 88.836996903052622, 27.040506177659545 ], [ 88.837034044687172, 27.040488601859209 ], [ 88.83725684113378, 27.040237165026767 ], [ 88.837182498073432, 27.04004209796615 ], [ 88.837086221914532, 27.03978947932978 ], [ 88.836879570672508, 27.039716747421817 ], [ 88.836774292853548, 27.039679695018325 ], [ 88.836126770675293, 27.039833183857734 ], [ 88.835686939578935, 27.039689312135593 ], [ 88.835069330230553, 27.039630612162373 ], [ 88.834673177394734, 27.039909743892981 ], [ 88.834350742570734, 27.04020014157717 ], [ 88.834125573660998, 27.040328297174344 ], [ 88.833713885931232, 27.040457023237394 ], [ 88.833314519120975, 27.040403916887154 ], [ 88.83305997719151, 27.040649178149227 ], [ 88.833149522316859, 27.041114885428872 ], [ 88.83318006389284, 27.041165772236123 ], [ 88.833374863208576, 27.04149032254686 ], [ 88.83346013022225, 27.041591163890043 ], [ 88.833551973565221, 27.041699783757217 ], [ 88.833864630159525, 27.042218089017357 ], [ 88.834277171356987, 27.042298315835062 ], [ 88.834766590980763, 27.042018894458778 ], [ 88.835159289170619, 27.041806638458898 ], [ 88.835368502460739, 27.041423599926318 ], [ 88.83545059206395, 27.041293096030667 ], [ 88.835573285137784, 27.041098039440708 ] ] ] } },
{ "type": "Feature", "properties": { "District": "Kalimpong", "Dist_LGD": "327N001", "Sub_dist": "Gorubathan", "Subdis_LGD": "02158", "Subdis_Typ": "Cd_Block", "Vill_name": "Paren Compound F V", "Vill_Cat": "Rural", "Vill_LGD": "306317N052", "arr_project": "asha2" }, "geometry": { "type": "Polygon", "coordinates": [ [ [ 88.846073212107285, 27.068434809647847 ], [ 88.845478060269542, 27.068319211314844 ], [ 88.845232322276971, 27.068386614340685 ], [ 88.844986583957379, 27.068454016060599 ], [ 88.844442710412039, 27.068333022494489 ], [ 88.84410983487335, 27.068748086847396 ], [ 88.84407176646107, 27.069339167908911 ], [ 88.844055151911647, 27.069597131913785 ], [ 88.844291796202057, 27.070130497181726 ], [ 88.844770818245962, 27.070626505693401 ], [ 88.845052671310683, 27.071095729041691 ], [ 88.845236484545367, 27.071114150217465 ], [ 88.84574675682525, 27.071165292231804 ], [ 88.846256777215331, 27.070458419804709 ], [ 88.846416897602609, 27.070002123496966 ], [ 88.846577114258139, 27.069296393833131 ], [ 88.846500388493197, 27.068805611521864 ], [ 88.846457497961609, 27.068768381066622 ], [ 88.8461418992094, 27.068494432131132 ], [ 88.846073212107285, 27.068434809647847 ] ] ] } },
{ "type": "Feature", "properties": { "District": "Kalimpong", "Dist_LGD": "327N001", "Sub_dist": "Gorubathan", "Subdis_LGD": "02158", "Subdis_Typ": "Cd_Block", "Vill_name": "Dholouley F V", "Vill_Cat": "Rural", "Vill_LGD": "306317N053", "arr_project": "asha2" }, "geometry": { "type": "Polygon", "coordinates": [ [ [ 88.843984749700482, 27.070970436681488 ], [ 88.843390037968163, 27.070633864566101 ], [ 88.843109267382559, 27.070612320845598 ], [ 88.842358341547481, 27.070554698738569 ], [ 88.842057527224895, 27.070531613836422 ], [ 88.841437756067563, 27.070553989826863 ], [ 88.840887352023827, 27.071096435600602 ], [ 88.840595701199277, 27.071283866948729 ], [ 88.840183224699459, 27.071355719057209 ], [ 88.839854832744351, 27.071789314043933 ], [ 88.839954306302872, 27.072149440960548 ], [ 88.840782721146383, 27.072489975438447 ], [ 88.84105143540981, 27.07283231397286 ], [ 88.841608094445206, 27.073101631237527 ], [ 88.842230797468304, 27.073107448215801 ], [ 88.843071809233123, 27.073118822338738 ], [ 88.843580369577964, 27.072923533404442 ], [ 88.843685082787601, 27.072883323227387 ], [ 88.843689827773701, 27.072808269093255 ], [ 88.843720472745986, 27.072323738764169 ], [ 88.844117803325631, 27.071654845177278 ], [ 88.843984749700482, 27.070970436681488 ] ] ] } },
{ "type": "Feature", "properties": { "District": "Kalimpong", "Dist_LGD": "327N001", "Sub_dist": "Gorubathan", "Subdis_LGD": "02158", "Subdis_Typ": "Cd_Block", "Vill_name": "Tangta F V", "Vill_Cat": "Rural", "Vill_LGD": "306313N051", "arr_project": "asha2" }, "geometry": { "type": "Polygon", "coordinates": [ [ [ 88.787464047123606, 27.134759554913352 ], [ 88.787499571048244, 27.134772697940857 ], [ 88.787550194131853, 27.134965751764337 ], [ 88.788046125183982, 27.135101443455898 ], [ 88.788345266383914, 27.135124840148084 ], [ 88.788709721320075, 27.135208709355524 ], [ 88.788710816406493, 27.135208960313207 ], [ 88.788672265636606, 27.13519520216963 ], [ 88.788716235773364, 27.135210208105754 ], [ 88.788796040225307, 27.13522857247461 ], [ 88.789313880203409, 27.135324754512247 ], [ 88.789840866997409, 27.135413661307958 ], [ 88.790458549854904, 27.135430981174288 ], [ 88.791702033156085, 27.13547275836595 ], [ 88.79223684129667, 27.135496539108729 ], [ 88.792262947609615, 27.135501205787243 ], [ 88.792477777040048, 27.135539603513266 ], [ 88.792655179244406, 27.135602263551 ], [ 88.792896028537712, 27.135612683219044 ], [ 88.793133406358777, 27.135713561177273 ], [ 88.793713035533358, 27.135864169975889 ], [ 88.7944377620491, 27.136076240233891 ], [ 88.794547140596279, 27.136083560454217 ], [ 88.79465276871899, 27.13609062991463 ], [ 88.794757458771358, 27.136145101352177 ], [ 88.794796184347305, 27.136165250621183 ], [ 88.794956689601648, 27.136188257506333 ], [ 88.79528589644876, 27.136375245197126 ], [ 88.79546076201764, 27.136457890105433 ], [ 88.795444715951632, 27.13615039445525 ], [ 88.795430512061287, 27.135878207068728 ], [ 88.795167871471293, 27.13503208556979 ], [ 88.794866819159353, 27.134062200926312 ], [ 88.794773086785312, 27.133756280811774 ], [ 88.79463267255268, 27.133298001036746 ], [ 88.794410779713374, 27.132744167876467 ], [ 88.793576749632265, 27.13066241697684 ], [ 88.79337245549354, 27.129954677431417 ], [ 88.793305633289364, 27.129960803165659 ], [ 88.79262318971918, 27.129832798929677 ], [ 88.791735394915818, 27.129826112258208 ], [ 88.791199443021966, 27.129903364427854 ], [ 88.79091458680513, 27.129944423708952 ], [ 88.790646615531045, 27.12998304787563 ], [ 88.789815828250724, 27.130226967141287 ], [ 88.78900917396561, 27.130553886439412 ], [ 88.788507128299813, 27.13141908483875 ], [ 88.788138843016256, 27.132225938070636 ], [ 88.788065990600472, 27.132385544942899 ], [ 88.787830701019189, 27.132901019924144 ], [ 88.787796396833812, 27.132976174748297 ], [ 88.787374864422986, 27.134018256516118 ], [ 88.787464047123606, 27.134759554913352 ] ] ] } },
{ "type": "Feature", "properties": { "District": "Kalimpong", "Dist_LGD": "327N001", "Sub_dist": "Gorubathan", "Subdis_LGD": "02158", "Subdis_Typ": "Cd_Block", "Vill_name": "Noam F V", "Vill_Cat": "Rural", "Vill_LGD": "306333N063", "arr_project": "asha2" }, "geometry": { "type": "Polygon", "coordinates": [ [ [ 88.656312985489379, 26.974151024076299 ], [ 88.656095846901465, 26.974002379800705 ], [ 88.655701906714867, 26.974257007862906 ], [ 88.655307964939098, 26.974511634869781 ], [ 88.654651387449036, 26.974936012642868 ], [ 88.654126454422382, 26.975432326807958 ], [ 88.65378898684564, 26.975937769205196 ], [ 88.653465143788281, 26.976270697905388 ], [ 88.653602835749453, 26.976555893177242 ], [ 88.653989874197464, 26.977000662855751 ], [ 88.654404824231804, 26.977414027628789 ], [ 88.654433401493506, 26.977696249241536 ], [ 88.654320631240893, 26.978068964016494 ], [ 88.654281980236973, 26.978196710690415 ], [ 88.654116270027558, 26.978556063320646 ], [ 88.654111884929023, 26.978565298492704 ], [ 88.653988139463706, 26.978825974214704 ], [ 88.654095158955627, 26.978902190754791 ], [ 88.654390241340877, 26.979112336479467 ], [ 88.654755620575543, 26.978575485385289 ], [ 88.655257773334142, 26.977193326696838 ], [ 88.655460744626225, 26.976634647542738 ], [ 88.655756002741285, 26.976019498638912 ], [ 88.656016204613948, 26.975365197177116 ], [ 88.65626926081778, 26.97464034539275 ], [ 88.656312985489379, 26.974151024076299 ] ] ] } },
{ "type": "Feature", "properties": { "District": "Kalimpong", "Dist_LGD": "327N001", "Sub_dist": "Gorubathan", "Subdis_LGD": "02158", "Subdis_Typ": "Cd_Block", "Vill_name": "Ghish F V (12/15 Gharey)", "Vill_Cat": "Rural", "Vill_LGD": "306334N064", "arr_project": "asha2" }, "geometry": { "type": "Polygon", "coordinates": [ [ [ 88.630447208669722, 26.906445045367477 ], [ 88.630329095775835, 26.906172036329242 ], [ 88.629471957985814, 26.906402965537257 ], [ 88.629346602125693, 26.906701067033055 ], [ 88.629961398552425, 26.907921028005077 ], [ 88.628223892913709, 26.909181419947412 ], [ 88.627686730695459, 26.909890326885513 ], [ 88.627630595206512, 26.910490245718872 ], [ 88.627867034656006, 26.911166959473395 ], [ 88.628013778176765, 26.911852915715642 ], [ 88.628154394441879, 26.91234937861158 ], [ 88.628496284261914, 26.912658740092517 ], [ 88.628853604183249, 26.913040045067909 ], [ 88.629004007462825, 26.913200544330955 ], [ 88.629576781485071, 26.913616811084566 ], [ 88.630107471292447, 26.918244816924588 ], [ 88.630108711748832, 26.918255635310533 ], [ 88.630302883429209, 26.919412001989716 ], [ 88.630462807455658, 26.919585637281223 ], [ 88.631590054542642, 26.919540691609722 ], [ 88.631778264974542, 26.919533185547152 ], [ 88.633191495811261, 26.919423109163631 ], [ 88.634640572267998, 26.919154846194331 ], [ 88.63424978401973, 26.916818635588509 ], [ 88.634200936945561, 26.916535151905546 ], [ 88.634119218740167, 26.916060886696773 ], [ 88.63400033675218, 26.915370920758949 ], [ 88.633700157796881, 26.914892036489174 ], [ 88.633247775138699, 26.914170321294478 ], [ 88.632797023385109, 26.913451193915538 ], [ 88.632259459866589, 26.912484712756427 ], [ 88.63181994131898, 26.911317125360778 ], [ 88.631587745566932, 26.910700276716859 ], [ 88.63141178032447, 26.909957254452227 ], [ 88.631137246353859, 26.908797970799309 ], [ 88.630565319964546, 26.906718053434862 ], [ 88.630447208669722, 26.906445045367477 ] ] ] } },
{ "type": "Feature", "properties": { "District": "Kalimpong", "Dist_LGD": "327N001", "Sub_dist": "Kalimpong-I", "Subdis_LGD": "02156", "Subdis_Typ": "Cd_Block", "Vill_name": "Bhalukhop F V", "Vill_Cat": "Rural", "Vill_LGD": "306221N012", "arr_project": "asha2" }, "geometry": { "type": "MultiPolygon", "coordinates": [ [ [ [ 88.475623891339922, 27.109390743412025 ], [ 88.476311726306548, 27.109106315550633 ], [ 88.476673337417182, 27.109140615561106 ], [ 88.477092358165294, 27.109126234977275 ], [ 88.477341189277709, 27.108501578984452 ], [ 88.477399544392028, 27.107996292457415 ], [ 88.47737068155746, 27.107863721912111 ], [ 88.477341820772025, 27.107731150314343 ], [ 88.476681683760205, 27.107670359056076 ], [ 88.476212023749824, 27.107490197161361 ], [ 88.475707136726214, 27.107113915556177 ], [ 88.475438018327623, 27.107070141852084 ], [ 88.4749505745107, 27.107334042670743 ], [ 88.474736494929957, 27.107684082922844 ], [ 88.474875683652371, 27.10814061203633 ], [ 88.474974138371621, 27.108501448781141 ], [ 88.475082502284508, 27.108961134807547 ], [ 88.47528886251267, 27.109310922273817 ], [ 88.475623891339922, 27.109390743412025 ] ] ], [ [ [ 88.474435392299213, 27.111853037164746 ], [ 88.474636206480071, 27.111784921071184 ], [ 88.475127884099848, 27.111770238022604 ], [ 88.475357863384744, 27.111669412897427 ], [ 88.475314476958545, 27.111495529037306 ], [ 88.475354522903842, 27.111247715707833 ], [ 88.475890306463356, 27.110961023709269 ], [ 88.475763359543606, 27.110730311963529 ], [ 88.475471188915648, 27.11053435199479 ], [ 88.475120036572108, 27.110332541868189 ], [ 88.474700590942831, 27.110161500324978 ], [ 88.474400885473159, 27.110019807394899 ], [ 88.474175241615256, 27.109775420814227 ], [ 88.474145230074853, 27.109540725066147 ], [ 88.474104207646974, 27.109390377104845 ], [ 88.473923908474688, 27.109533664842349 ], [ 88.473749504462376, 27.109735793467095 ], [ 88.47356913991382, 27.109813703324161 ], [ 88.473284830179651, 27.10989036565817 ], [ 88.473220138980594, 27.110021817884562 ], [ 88.473257623756538, 27.110136864416624 ], [ 88.47343529551938, 27.11029105521007 ], [ 88.473542315692612, 27.110452481504602 ], [ 88.473555290184137, 27.110581926286372 ], [ 88.47347250926309, 27.110727119700737 ], [ 88.473411882628426, 27.11083437872685 ], [ 88.473418496341807, 27.111029860043882 ], [ 88.473565171026152, 27.111133727937897 ], [ 88.4738385345712, 27.111206789392064 ], [ 88.47405592515436, 27.111368801130233 ], [ 88.474092885715152, 27.111543344574823 ], [ 88.474087310531488, 27.111811404938376 ], [ 88.474163925024115, 27.111928388074578 ], [ 88.474435392299213, 27.111853037164746 ] ] ] ] } },
{ "type": "Feature", "properties": { "District": "Kalimpong", "Dist_LGD": "327N001", "Sub_dist": "Kalimpong-I", "Subdis_LGD": "02156", "Subdis_Typ": "Cd_Block", "Vill_name": "Kirmay F V", "Vill_Cat": "Rural", "Vill_LGD": "306221N013", "arr_project": "asha2" }, "geometry": { "type": "Polygon", "coordinates": [ [ [ 88.468354339125042, 27.108788982113126 ], [ 88.468444353992922, 27.109797851763783 ], [ 88.468483179651571, 27.110232963549677 ], [ 88.468888381233384, 27.110810260659463 ], [ 88.468954811257717, 27.109400608512313 ], [ 88.469077584440399, 27.108294293343146 ], [ 88.469244910563319, 27.107373636181304 ], [ 88.469555079509689, 27.106842571577957 ], [ 88.46945493391955, 27.106199010120601 ], [ 88.469409400248651, 27.105906397104139 ], [ 88.469168754922975, 27.105835917391481 ], [ 88.468928107816083, 27.105765437415958 ], [ 88.468620048044826, 27.106243138002956 ], [ 88.468501268953474, 27.106427326325949 ], [ 88.46811637828462, 27.106989812898675 ], [ 88.468096116794996, 27.107824088086659 ], [ 88.468354339125042, 27.108788982113126 ] ] ] } },
{ "type": "Feature", "properties": { "District": "Kalimpong", "Dist_LGD": "327N001", "Sub_dist": "Kalimpong-I", "Subdis_LGD": "02156", "Subdis_Typ": "Cd_Block", "Vill_name": "Melli F V", "Vill_Cat": "Rural", "Vill_LGD": "306230N016", "arr_project": "asha2" }, "geometry": { "type": "MultiPolygon", "coordinates": [ [ [ [ 88.459701628876459, 27.088605994974589 ], [ 88.459339281722791, 27.088643041897242 ], [ 88.459365258673813, 27.088708643022322 ], [ 88.459440433022024, 27.088966959572051 ], [ 88.459553267176133, 27.089354664638325 ], [ 88.459665694395738, 27.08974097164678 ], [ 88.459683247557209, 27.089801283398533 ], [ 88.45985644125345, 27.090396380858078 ], [ 88.459867372124933, 27.090577321110885 ], [ 88.460162300688324, 27.090553352199041 ], [ 88.460236332823399, 27.090648624598582 ], [ 88.460238009433311, 27.090650781850243 ], [ 88.460486502779375, 27.090970568868457 ], [ 88.460848599752254, 27.090733300440302 ], [ 88.460918206094647, 27.090491915949503 ], [ 88.461018156936262, 27.090145307608164 ], [ 88.460927971703839, 27.089958100163905 ], [ 88.460840477316765, 27.089776475623573 ], [ 88.460598959869372, 27.0892751226583 ], [ 88.459791710165007, 27.088673168398746 ], [ 88.459701628876459, 27.088605994974589 ] ] ], [ [ [ 88.464277059598459, 27.093748028651365 ], [ 88.4624234272666, 27.09277878607412 ], [ 88.462265012984489, 27.093270532610365 ], [ 88.463986668979643, 27.094292814836226 ], [ 88.464614147268307, 27.093924283344407 ], [ 88.464277059598459, 27.093748028651365 ] ] ] ] } },
{ "type": "Feature", "properties": { "District": "Kalimpong", "Dist_LGD": "327N001", "Sub_dist": "Kalimpong-I", "Subdis_LGD": "02156", "Subdis_Typ": "Cd_Block", "Vill_name": "Chitrey F V", "Vill_Cat": "Rural", "Vill_LGD": "306232N017", "arr_project": "asha2" }, "geometry": { "type": "Polygon", "coordinates": [ [ [ 88.424925817851729, 27.055048312516256 ], [ 88.424649333493591, 27.05498136597086 ], [ 88.424376656329585, 27.055287213105672 ], [ 88.424311805281675, 27.055654669285893 ], [ 88.424825145129489, 27.055705359758132 ], [ 88.425008133341009, 27.05545843764174 ], [ 88.424925817851729, 27.055048312516256 ] ] ] } },
{ "type": "Feature", "properties": { "District": "Kalimpong", "Dist_LGD": "327N001", "Sub_dist": "Kalimpong-I", "Subdis_LGD": "02156", "Subdis_Typ": "Cd_Block", "Vill_name": "Mongwa 3 Block F V", "Vill_Cat": "Rural", "Vill_LGD": "306233N018", "arr_project": "asha2" }, "geometry": { "type": "Polygon", "coordinates": [ [ [ 88.419425831756499, 27.042901529980671 ], [ 88.419462350260446, 27.043670686784072 ], [ 88.419649220723926, 27.044089196908189 ], [ 88.419522334215785, 27.044691840833167 ], [ 88.419755871513104, 27.044953411897851 ], [ 88.420299423021049, 27.044993184333979 ], [ 88.420798044676332, 27.044580968290099 ], [ 88.421789805345213, 27.044327791796736 ], [ 88.421642096822453, 27.04367701870591 ], [ 88.421509747542842, 27.043423827144881 ], [ 88.421462710504855, 27.043333843716752 ], [ 88.421283324138543, 27.042990668451097 ], [ 88.421238396411937, 27.042538684486182 ], [ 88.419882402750019, 27.042676752028406 ], [ 88.419425831756499, 27.042901529980671 ] ] ] } },
{ "type": "Feature", "properties": { "District": "Kalimpong", "Dist_LGD": "327N001", "Sub_dist": "Kalimpong-I", "Subdis_LGD": "02156", "Subdis_Typ": "Cd_Block", "Vill_name": "Nazok F V", "Vill_Cat": "Rural", "Vill_LGD": "306234N019", "arr_project": "asha2" }, "geometry": { "type": "Polygon", "coordinates": [ [ [ 88.438129528593606, 27.042129509622647 ], [ 88.438203056686518, 27.041956773373101 ], [ 88.438236510543888, 27.041878181491974 ], [ 88.438343492129448, 27.041626854138027 ], [ 88.437561196187758, 27.041064604942768 ], [ 88.437269253289486, 27.040737696267723 ], [ 88.436893434822267, 27.040871122556421 ], [ 88.436793250835919, 27.041428230959557 ], [ 88.437166919404547, 27.041794364441593 ], [ 88.437598884330697, 27.041964329819471 ], [ 88.438129528593606, 27.042129509622647 ] ] ] } },
{ "type": "Feature", "properties": { "District": "Kalimpong", "Dist_LGD": "327N001", "Sub_dist": "Kalimpong-I", "Subdis_LGD": "02156", "Subdis_Typ": "Cd_Block", "Vill_name": "Gelikhola F V", "Vill_Cat": "Rural", "Vill_LGD": "306253N022", "arr_project": "asha2" }, "geometry": { "type": "Polygon", "coordinates": [ [ [ 88.431642507040436, 27.030280411785114 ], [ 88.431386170454985, 27.030206655993695 ], [ 88.431023433132594, 27.030314944134261 ], [ 88.43094677735931, 27.030635022771353 ], [ 88.43091715481853, 27.030967786138874 ], [ 88.430910226553124, 27.031210659484952 ], [ 88.430910215492133, 27.031211032067034 ], [ 88.430971926765707, 27.03151862080129 ], [ 88.430982814006995, 27.031516588329481 ], [ 88.431281086799245, 27.0314608820863 ], [ 88.431476137933785, 27.031424454126284 ], [ 88.431528723009578, 27.03094494753697 ], [ 88.431642507040436, 27.030280411785114 ] ] ] } },
{ "type": "Feature", "properties": { "District": "Kalimpong", "Dist_LGD": "327N001", "Sub_dist": "Kalimpong-I", "Subdis_LGD": "02156", "Subdis_Typ": "Cd_Block", "Vill_name": "Tarzam F V", "Vill_Cat": "Rural", "Vill_LGD": "306253N023", "arr_project": "asha2" }, "geometry": { "type": "Polygon", "coordinates": [ [ [ 88.429332006252437, 27.006257720382031 ], [ 88.42937396213604, 27.005896774472845 ], [ 88.429095738408947, 27.005758648353165 ], [ 88.428313452783414, 27.006028506548216 ], [ 88.427428413304668, 27.005890321008742 ], [ 88.427071757142642, 27.005641281708108 ], [ 88.425622863753404, 27.005674606743323 ], [ 88.42466688360993, 27.005657755261399 ], [ 88.423505495730723, 27.005452546225854 ], [ 88.422487877608319, 27.00523269895184 ], [ 88.42175406316926, 27.00494592271631 ], [ 88.42147677684973, 27.004764880815994 ], [ 88.421199492227487, 27.00458383650199 ], [ 88.420874583701078, 27.00423643064801 ], [ 88.419913745196411, 27.004346754544954 ], [ 88.41930803953737, 27.004129463994722 ], [ 88.418844971311785, 27.003853173662716 ], [ 88.417729391615239, 27.005050958587404 ], [ 88.417953476120118, 27.005584593358869 ], [ 88.419020612420709, 27.006303555034005 ], [ 88.419785261020365, 27.006796463347158 ], [ 88.420928025773065, 27.007336501519951 ], [ 88.422079193453314, 27.007804335547629 ], [ 88.423357808269515, 27.008301988614555 ], [ 88.424276944058732, 27.008671913970282 ], [ 88.424300875004107, 27.008681544858312 ], [ 88.424632858634908, 27.008715494566641 ], [ 88.424867331644066, 27.008791697131635 ], [ 88.425077744154905, 27.00886008026999 ], [ 88.42509913170484, 27.008867031670729 ], [ 88.425101802887767, 27.00886789945082 ], [ 88.425102973915955, 27.008869424086289 ], [ 88.425640080460596, 27.009035136751287 ], [ 88.426678747163322, 27.009309874666663 ], [ 88.427192257294564, 27.009519167886928 ], [ 88.429332006252437, 27.006257720382031 ] ] ] } },
{ "type": "Feature", "properties": { "District": "Kalimpong", "Dist_LGD": "327N001", "Sub_dist": "Kalimpong-I", "Subdis_LGD": "02156", "Subdis_Typ": "Cd_Block", "Vill_name": "29 Mile Baluwakhani F V", "Vill_Cat": "Rural", "Vill_LGD": "306253N024", "arr_project": "asha2" }, "geometry": { "type": "Polygon", "coordinates": [ [ [ 88.437880614726268, 27.0209729638268 ], [ 88.438080047582375, 27.020500862853861 ], [ 88.438026011735644, 27.020401187290471 ], [ 88.437921242573651, 27.020207932920236 ], [ 88.437846524747584, 27.020155203302995 ], [ 88.437788754908539, 27.020114432334701 ], [ 88.437656266476822, 27.020020932600712 ], [ 88.437323665207913, 27.020066710602464 ], [ 88.437386791227894, 27.0204407245241 ], [ 88.437418391252208, 27.020758506002331 ], [ 88.437382293480297, 27.021047519498943 ], [ 88.437636777387183, 27.021259367219411 ], [ 88.437755108015054, 27.021120379755612 ], [ 88.437880614726268, 27.0209729638268 ] ] ] } },
{ "type": "Feature", "properties": { "District": "Kalimpong", "Dist_LGD": "327N001", "Sub_dist": "Kalimpong-I", "Subdis_LGD": "02156", "Subdis_Typ": "Cd_Block", "Vill_name": "Kamshi F V", "Vill_Cat": "Rural", "Vill_LGD": "306251N021", "arr_project": "asha2" }, "geometry": { "type": "Polygon", "coordinates": [ [ [ 88.473546588546967, 27.023587359827122 ], [ 88.473401373406801, 27.023145699533963 ], [ 88.472943512492776, 27.023235276324531 ], [ 88.472802458457949, 27.023848839950173 ], [ 88.472601590851056, 27.025110465165362 ], [ 88.472390761761204, 27.026116330275361 ], [ 88.472235613932867, 27.026588679891695 ], [ 88.471542945357399, 27.027444057451731 ], [ 88.471060087129572, 27.027907093027455 ], [ 88.470221625987946, 27.028549112477183 ], [ 88.469852222597055, 27.029057619153591 ], [ 88.470237612029905, 27.029489014240554 ], [ 88.471204229188416, 27.029975148250976 ], [ 88.472745130319637, 27.03060230973254 ], [ 88.473693594999673, 27.030644476946456 ], [ 88.474998875832668, 27.029690812394318 ], [ 88.475566939497782, 27.029276119199931 ], [ 88.476348515670992, 27.028792049027139 ], [ 88.475397849585491, 27.027712308825834 ], [ 88.474784381362738, 27.026502995853701 ], [ 88.474781479847152, 27.026494616655675 ], [ 88.474565744124234, 27.025871504171899 ], [ 88.474299039895556, 27.024888284363801 ], [ 88.474032592479148, 27.024297338245528 ], [ 88.473691802593109, 27.024029018970189 ], [ 88.473546588546967, 27.023587359827122 ] ] ] } },
{ "type": "Feature", "properties": { "District": "Kalimpong", "Dist_LGD": "327N001", "Sub_dist": "Kalimpong-I", "Subdis_LGD": "02156", "Subdis_Typ": "Cd_Block", "Vill_name": "Nazok F V", "Vill_Cat": "Rural", "Vill_LGD": "306258N029", "arr_project": "asha2" }, "geometry": { "type": "Polygon", "coordinates": [ [ [ 88.448343860356232, 26.99239540210284 ], [ 88.447819281482566, 26.992334729565982 ], [ 88.447561755536611, 26.992665318131444 ], [ 88.446979372428075, 26.992857813228994 ], [ 88.446973119367001, 26.992868514081117 ], [ 88.446766652990746, 26.993221877446 ], [ 88.44673505148964, 26.993738681779096 ], [ 88.447283972195891, 26.994044156979992 ], [ 88.448103466868773, 26.99394162419561 ], [ 88.449400797595928, 26.993638215729522 ], [ 88.449555648580699, 26.993318088105674 ], [ 88.449387515429336, 26.992878708760873 ], [ 88.448943142091608, 26.992581610158354 ], [ 88.448643500521527, 26.992488506906913 ], [ 88.448347952243068, 26.992396673749102 ], [ 88.448343860356232, 26.99239540210284 ] ] ] } },
{ "type": "Feature", "properties": { "District": "Kalimpong", "Dist_LGD": "327N001", "Sub_dist": "Kalimpong-I", "Subdis_LGD": "02156", "Subdis_Typ": "Cd_Block", "Vill_name": "Birik Forest Village", "Vill_Cat": "Rural", "Vill_LGD": "306257N028", "arr_project": "asha2" }, "geometry": { "type": "Polygon", "coordinates": [ [ [ 88.435335189125396, 26.977652735289389 ], [ 88.434861059968057, 26.977472722496966 ], [ 88.434829275100597, 26.977963326662913 ], [ 88.435066138180645, 26.978548399544877 ], [ 88.435047872405434, 26.979146669319274 ], [ 88.435388681562969, 26.979345090185205 ], [ 88.435775854689169, 26.979167688934293 ], [ 88.435796302502467, 26.978328640490819 ], [ 88.435335189125396, 26.977652735289389 ] ] ] } },
{ "type": "Feature", "properties": { "District": "Kalimpong", "Dist_LGD": "327N001", "Sub_dist": "Kalimpong-I", "Subdis_LGD": "02156", "Subdis_Typ": "Cd_Block", "Vill_name": "Tangey F V", "Vill_Cat": "Rural", "Vill_LGD": "306253N025", "arr_project": "asha2" }, "geometry": { "type": "Polygon", "coordinates": [ [ [ 88.419105313083307, 26.985748112066933 ], [ 88.418707682144955, 26.985660135110656 ], [ 88.418490659302478, 26.985824870130234 ], [ 88.418641859727671, 26.986251776428674 ], [ 88.418839270509366, 26.986517046829995 ], [ 88.419071691499923, 26.986507683911714 ], [ 88.419295719628238, 26.986099696992145 ], [ 88.419105313083307, 26.985748112066933 ] ] ] } },
{ "type": "Feature", "properties": { "District": "Kalimpong", "Dist_LGD": "327N001", "Sub_dist": "Kalimpong-I", "Subdis_LGD": "02156", "Subdis_Typ": "Cd_Block", "Vill_name": "Saraswati F V", "Vill_Cat": "Rural", "Vill_LGD": "306253N026", "arr_project": "asha2" }, "geometry": { "type": "Polygon", "coordinates": [ [ [ 88.421032890172299, 26.988255661485876 ], [ 88.419798254776396, 26.987407379935071 ], [ 88.41981726198027, 26.987599150488805 ], [ 88.419929715282663, 26.988733689878206 ], [ 88.420498063023558, 26.989353102455713 ], [ 88.421032890172299, 26.988255661485876 ] ] ] } },
{ "type": "Feature", "properties": { "District": "Kalimpong", "Dist_LGD": "327N001", "Sub_dist": "Kalimpong-I", "Subdis_LGD": "02156", "Subdis_Typ": "Cd_Block", "Vill_name": "Shivagram F V", "Vill_Cat": "Rural", "Vill_LGD": "306253N027", "arr_project": "asha2" }, "geometry": { "type": "Polygon", "coordinates": [ [ [ 88.418761217875968, 26.988072977259222 ], [ 88.418247836906943, 26.987798218999416 ], [ 88.417918211795168, 26.988069516427156 ], [ 88.41784527196495, 26.988641669848818 ], [ 88.418230309298508, 26.988929478524486 ], [ 88.41875244942095, 26.988965559886854 ], [ 88.419044154440385, 26.988638671452311 ], [ 88.418761217875968, 26.988072977259222 ] ] ] } },
{ "type": "Feature", "properties": { "District": "Kalimpong", "Dist_LGD": "327N001", "Sub_dist": "Kalimpong-I", "Subdis_LGD": "02156", "Subdis_Typ": "Cd_Block", "Vill_name": "Chunabhati F V Chel Range", "Vill_Cat": "Rural", "Vill_LGD": "306267N032", "arr_project": "asha2" }, "geometry": { "type": "Polygon", "coordinates": [ [ [ 88.580044220595212, 26.897718284429438 ], [ 88.579648713007714, 26.897259758502706 ], [ 88.579141400959344, 26.896848359505739 ], [ 88.57838348785981, 26.897425295630317 ], [ 88.577523508531044, 26.897370962984503 ], [ 88.57710058611606, 26.897414373531642 ], [ 88.577118678028654, 26.897982955380286 ], [ 88.577426685111234, 26.898343516608104 ], [ 88.577525638956658, 26.899331628016554 ], [ 88.577638940540282, 26.899881353381545 ], [ 88.577676754238183, 26.900064817571483 ], [ 88.577817270250009, 26.900692136108095 ], [ 88.578481499037011, 26.900730903643758 ], [ 88.578503301707826, 26.90072095653489 ], [ 88.579187274001882, 26.900408879283141 ], [ 88.580546659331503, 26.900019743480804 ], [ 88.580328361654097, 26.898616068241207 ], [ 88.580044220595212, 26.897718284429438 ] ] ] } },
{ "type": "Feature", "properties": { "District": "Kalimpong", "Dist_LGD": "327N001", "Sub_dist": "Kalimpong-I", "Subdis_LGD": "02156", "Subdis_Typ": "Cd_Block", "Vill_name": "Mongpong F V(Chaa Acre)", "Vill_Cat": "Rural", "Vill_LGD": "306264N030", "arr_project": "asha2" }, "geometry": { "type": "Polygon", "coordinates": [ [ [ 88.517962954845572, 26.918410060317434 ], [ 88.517964688612352, 26.917787190984505 ], [ 88.518131177494652, 26.917812481116499 ], [ 88.519578568568036, 26.917990981712528 ], [ 88.520298160360625, 26.917586054064515 ], [ 88.522908142602105, 26.916605589806903 ], [ 88.522584669676462, 26.914262108750361 ], [ 88.521835101889337, 26.911679497242854 ], [ 88.521179771282064, 26.91049050587916 ], [ 88.520095710829395, 26.908489202467432 ], [ 88.51971515416038, 26.907139275234538 ], [ 88.519778812610468, 26.906253960955098 ], [ 88.519849377592777, 26.905508487590499 ], [ 88.521037266921155, 26.904741956252217 ], [ 88.522241279473533, 26.903677356175951 ], [ 88.524406776578232, 26.902236782745188 ], [ 88.525589506306986, 26.901465756964921 ], [ 88.526673308232247, 26.900452067055959 ], [ 88.527523075790043, 26.899630463732397 ], [ 88.528570242971526, 26.897394022696453 ], [ 88.528914957736745, 26.896451503241938 ], [ 88.529864619174262, 26.894080706192263 ], [ 88.530537828042753, 26.892489205938521 ], [ 88.531032423375137, 26.891838427874323 ], [ 88.531696591528132, 26.890698361971555 ], [ 88.531924877856241, 26.890456676310198 ], [ 88.531731543983341, 26.888811378240835 ], [ 88.532290001321812, 26.884314479133447 ], [ 88.532664212773099, 26.880713230697936 ], [ 88.532595464343729, 26.879721024797806 ], [ 88.532948335481009, 26.877523678190705 ], [ 88.533393949657366, 26.876232520304818 ], [ 88.533732501672418, 26.875213327290421 ], [ 88.534276330881639, 26.874115177313715 ], [ 88.534999138150312, 26.873227211739323 ], [ 88.535025311173541, 26.873187356580488 ], [ 88.533741012657401, 26.872674167873885 ], [ 88.532895946301394, 26.872393846776607 ], [ 88.531899727494149, 26.872235216534651 ], [ 88.53096219788965, 26.871984631208747 ], [ 88.530088647320923, 26.871751140339402 ], [ 88.529137825361957, 26.871457226818251 ], [ 88.528262520707671, 26.871217374696286 ], [ 88.527804145116093, 26.871030728969764 ], [ 88.527296784067829, 26.870824134507526 ], [ 88.526622817378367, 26.87050329133222 ], [ 88.525375198471508, 26.870172929680741 ], [ 88.524545107479867, 26.869978331275835 ], [ 88.524487747783382, 26.869953864765471 ], [ 88.524248291719957, 26.869851727023732 ], [ 88.523594799861087, 26.869627035906028 ], [ 88.522985706639687, 26.869417607399175 ], [ 88.520581227238011, 26.868698330691039 ], [ 88.519434257388141, 26.868395177337469 ], [ 88.518443223849019, 26.868146215885449 ], [ 88.515867665396073, 26.867440249099609 ], [ 88.514821432218724, 26.867119007124142 ], [ 88.512557900464984, 26.866395190963651 ], [ 88.511541753427622, 26.866155205399608 ], [ 88.51018371922207, 26.865666743260139 ], [ 88.509826704161469, 26.865499497723896 ], [ 88.509566792745545, 26.865506370646287 ], [ 88.50932845747073, 26.865512672575861 ], [ 88.508437408213254, 26.866021824497896 ], [ 88.507687190659723, 26.866472418084271 ], [ 88.506655123870601, 26.867058257603901 ], [ 88.503156050563703, 26.868946032917755 ], [ 88.501625456654097, 26.869833672842592 ], [ 88.500548064340265, 26.87033807626911 ], [ 88.499996486888506, 26.870285707988153 ], [ 88.497576426055247, 26.871840570629466 ], [ 88.497351909538338, 26.871984816997305 ], [ 88.496084683637577, 26.873066304799021 ], [ 88.495053515742654, 26.873423672329206 ], [ 88.493695307161218, 26.873858058203943 ], [ 88.492654153184048, 26.874237990355418 ], [ 88.49097397665129, 26.87483047346689 ], [ 88.490078788253911, 26.875250912034122 ], [ 88.488957073163675, 26.875730151873363 ], [ 88.487915810932378, 26.876150581946735 ], [ 88.486774045750749, 26.876629834903479 ], [ 88.485528242993652, 26.87675761682144 ], [ 88.484202878011544, 26.876893552687918 ], [ 88.483090930140492, 26.877052367656379 ], [ 88.482119921490451, 26.877274147957653 ], [ 88.481772847115636, 26.877436933179297 ], [ 88.480978359376152, 26.878042215149442 ], [ 88.480219163390487, 26.878791826231371 ], [ 88.479228136498861, 26.879139993799495 ], [ 88.477925274228383, 26.879583220721937 ], [ 88.476788096962764, 26.879755521076635 ], [ 88.476088703200205, 26.879819157143622 ], [ 88.476013281637833, 26.879820769163999 ], [ 88.475650834400156, 26.879828515796689 ], [ 88.475650587241205, 26.879834652395424 ], [ 88.475648090737295, 26.879896717789627 ], [ 88.4756065489956, 26.880929635708039 ], [ 88.47536144261467, 26.882667088023616 ], [ 88.475252886247233, 26.885144588024708 ], [ 88.474817607029038, 26.887983328425754 ], [ 88.474407345510187, 26.890804022241898 ], [ 88.474193835294415, 26.894202101005401 ], [ 88.474170464401084, 26.896286939020722 ], [ 88.474171531434862, 26.896346350205658 ], [ 88.474196975195085, 26.897762567968584 ], [ 88.474196652132662, 26.897764471435636 ], [ 88.473976547199484, 26.899062312376021 ], [ 88.473730562271086, 26.899766453782028 ], [ 88.473243427945576, 26.90104388507044 ], [ 88.472721285557768, 26.902564955667909 ], [ 88.472721877594537, 26.903277898399846 ], [ 88.472697935046781, 26.904699440037767 ], [ 88.472588377240541, 26.906048757106124 ], [ 88.472453035814169, 26.906676096154033 ], [ 88.472070865077583, 26.907168258995757 ], [ 88.471059845404568, 26.908053417290834 ], [ 88.470838885013436, 26.908640123418827 ], [ 88.47075891643685, 26.909353181562643 ], [ 88.470764787812485, 26.909380747669395 ], [ 88.470895401175795, 26.90999393672157 ], [ 88.471444380656223, 26.910336476400058 ], [ 88.472129196740525, 26.910678949694464 ], [ 88.472869408669695, 26.910944745346587 ], [ 88.473937208418207, 26.911778792961464 ], [ 88.474018314815382, 26.912464624756026 ], [ 88.474013253511529, 26.912485605254822 ], [ 88.47385282687992, 26.913150683771036 ], [ 88.473390250141492, 26.913787307691887 ], [ 88.473172099192666, 26.913848466894688 ], [ 88.473171989290904, 26.913848497691045 ], [ 88.473172007269838, 26.913848520663837 ], [ 88.473172226396088, 26.913848800759659 ], [ 88.473218149946064, 26.91390746012906 ], [ 88.473521810000364, 26.914295324282623 ], [ 88.473967212020412, 26.914475726269313 ], [ 88.474306195631684, 26.914603077448117 ], [ 88.475073077350402, 26.914725955578628 ], [ 88.475455961168521, 26.914744522081087 ], [ 88.476002460390859, 26.914955455076537 ], [ 88.477186705034413, 26.915037849972787 ], [ 88.477653876372955, 26.91495623184483 ], [ 88.478222881171433, 26.914575657000032 ], [ 88.478491720749631, 26.91434265532812 ], [ 88.478867367626449, 26.913806132392953 ], [ 88.479612698984354, 26.913820888933763 ], [ 88.479823272755624, 26.914139138054431 ], [ 88.480641705741647, 26.914739872129015 ], [ 88.481534151082911, 26.914838831738024 ], [ 88.48286764903375, 26.914784208835488 ], [ 88.483792718971642, 26.915067861639926 ], [ 88.484963579097183, 26.915281223154796 ], [ 88.485923186566339, 26.915510338121194 ], [ 88.486921298534469, 26.915603637413025 ], [ 88.487943813322588, 26.915254353967743 ], [ 88.488992144151297, 26.914954439341869 ], [ 88.490185447578398, 26.914576258031552 ], [ 88.491020617430991, 26.914147688380947 ], [ 88.492143726393138, 26.91379280010085 ], [ 88.493269501099959, 26.913640979328722 ], [ 88.494198927811638, 26.913107585376601 ], [ 88.494659852768436, 26.912935708441008 ], [ 88.495314759488267, 26.912202108929339 ], [ 88.49582438897383, 26.91152420690123 ], [ 88.496985609636766, 26.91139003626418 ], [ 88.498150165225638, 26.91150857210221 ], [ 88.49901786686587, 26.911260148626326 ], [ 88.499594400034283, 26.910694359864937 ], [ 88.500622479173344, 26.910010933747259 ], [ 88.501375938681917, 26.909881060391452 ], [ 88.502637690941, 26.909736746684601 ], [ 88.503247784657418, 26.910186108943162 ], [ 88.504133548602994, 26.91054226247595 ], [ 88.504221533755967, 26.909963605605324 ], [ 88.504796046374821, 26.910007130840885 ], [ 88.505867168443174, 26.909914468412136 ], [ 88.507147429612218, 26.910027183322249 ], [ 88.508591123134636, 26.910693290052915 ], [ 88.509229886766278, 26.911024970239456 ], [ 88.510442791886021, 26.912505941405797 ], [ 88.51182613796513, 26.914684653827351 ], [ 88.512668466146266, 26.91744235544035 ], [ 88.513299774174342, 26.919475650727943 ], [ 88.513798830289005, 26.92140655285549 ], [ 88.515018483706058, 26.921118148153614 ], [ 88.516260829540997, 26.920644439428212 ], [ 88.517150550734186, 26.919781843750528 ], [ 88.517962954845572, 26.918410060317434 ] ], [ [ 88.501042628821494, 26.88512891610609 ], [ 88.501464431175563, 26.884943239503819 ], [ 88.501534501040382, 26.88538776772792 ], [ 88.501767752451428, 26.885910734371336 ], [ 88.502553335861066, 26.88625847067631 ], [ 88.502327367916465, 26.886590573956752 ], [ 88.501390741056568, 26.887589513314818 ], [ 88.500572842547442, 26.88821974653024 ], [ 88.500332659613093, 26.887887665800736 ], [ 88.499684351399125, 26.886836501975143 ], [ 88.499644400432246, 26.886433849308638 ], [ 88.501042628821494, 26.88512891610609 ] ], [ [ 88.51135967611232, 26.884467602079358 ], [ 88.509922380495951, 26.884024896492878 ], [ 88.510951647617006, 26.882462997005788 ], [ 88.51162783921221, 26.881616620796922 ], [ 88.511879988142809, 26.881301008535619 ], [ 88.511188821337299, 26.881565744416044 ], [ 88.510428053008127, 26.882034648040424 ], [ 88.509776396755356, 26.882366025835921 ], [ 88.507718338398902, 26.88380726312263 ], [ 88.507451129043915, 26.883678202496899 ], [ 88.506920480309205, 26.882672456717017 ], [ 88.506262150108157, 26.881650944907388 ], [ 88.505699109827106, 26.88050735277859 ], [ 88.506045399936539, 26.880121143026809 ], [ 88.507180473777538, 26.879756797876137 ], [ 88.508315882199028, 26.879265519262145 ], [ 88.509671202533355, 26.878513123580458 ], [ 88.511465760866059, 26.877558135309375 ], [ 88.516845718100839, 26.874383263613637 ], [ 88.522478404030721, 26.871221211179162 ], [ 88.524036587194502, 26.870242166154348 ], [ 88.524041125585143, 26.871144027926288 ], [ 88.524017308172873, 26.87233062633279 ], [ 88.523780457013771, 26.873143241131366 ], [ 88.52330401579178, 26.874054412197559 ], [ 88.522195688341583, 26.874594843520711 ], [ 88.521203082452246, 26.874879608223619 ], [ 88.520658596791662, 26.875402648866068 ], [ 88.520435648338093, 26.875850623440474 ], [ 88.52042436647524, 26.875873291831454 ], [ 88.520304621070494, 26.876113897994554 ], [ 88.519918663564127, 26.876734273280302 ], [ 88.519525943959977, 26.877298913691988 ], [ 88.518825155436403, 26.877743201182053 ], [ 88.517778911822788, 26.878277558240516 ], [ 88.516651586327072, 26.879007799203837 ], [ 88.515625132971579, 26.879878589264269 ], [ 88.514718608816722, 26.880567946560966 ], [ 88.51437751322419, 26.880827327857325 ], [ 88.513641540013026, 26.881500612764476 ], [ 88.512559621123941, 26.883297933299584 ], [ 88.51135967611232, 26.884467602079358 ] ] ] } },
{ "type": "Feature", "properties": { "District": "Kalimpong", "Dist_LGD": "327N001", "Sub_dist": "Kalimpong-I", "Subdis_LGD": "02156", "Subdis_Typ": "Cd_Block", "Vill_name": "Mongpong F V(Check Post)", "Vill_Cat": "Rural", "Vill_LGD": "306264N031", "arr_project": "asha2" }, "geometry": { "type": "Polygon", "coordinates": [ [ [ 88.501534501040382, 26.88538776772792 ], [ 88.501464431175563, 26.884943239503819 ], [ 88.501042628821494, 26.88512891610609 ], [ 88.499644400432246, 26.886433849308638 ], [ 88.499684351399125, 26.886836501975143 ], [ 88.500332659613093, 26.887887665800736 ], [ 88.500572842547442, 26.88821974653024 ], [ 88.501390741056568, 26.887589513314818 ], [ 88.502327367916465, 26.886590573956752 ], [ 88.502553335861066, 26.88625847067631 ], [ 88.501767752451428, 26.885910734371336 ], [ 88.501534501040382, 26.88538776772792 ] ] ] } },
{ "type": "Feature", "properties": { "District": "Kalimpong", "Dist_LGD": "327N001", "Sub_dist": "Kalimpong-I", "Subdis_LGD": "02156", "Subdis_Typ": "Cd_Block", "Vill_name": "Pemling F V", "Vill_Cat": "Rural", "Vill_LGD": "306242N020", "arr_project": "asha2" }, "geometry": { "type": "Polygon", "coordinates": [ [ [ 88.56683561253179, 26.998192724042106 ], [ 88.56654494069808, 26.99800867895128 ], [ 88.56525477577658, 26.99871180633999 ], [ 88.564608719893286, 26.999633954488896 ], [ 88.564690316373586, 27.000445641040688 ], [ 88.565059049731389, 27.001406086506968 ], [ 88.565333081516272, 27.002197986431081 ], [ 88.565659250944748, 27.002734937368224 ], [ 88.566091336156589, 27.003938449403631 ], [ 88.566505134802142, 27.004573351082378 ], [ 88.567212073614115, 27.00464327646014 ], [ 88.56803689842684, 27.003952313175962 ], [ 88.569058248220585, 27.003668996685587 ], [ 88.5697823616091, 27.003523211126687 ], [ 88.571016851911978, 27.003039685171917 ], [ 88.570736244306261, 27.002569378264614 ], [ 88.569839893646858, 27.002162401137728 ], [ 88.568852379688082, 27.001622170523891 ], [ 88.568413745238786, 27.000740245312215 ], [ 88.568094120571018, 26.999881733912339 ], [ 88.567743666256845, 26.999489908691583 ], [ 88.567855020287155, 26.999050597007866 ], [ 88.567126285213234, 26.998376768559726 ], [ 88.566867699963908, 26.998213040516799 ], [ 88.56683561253179, 26.998192724042106 ] ] ] } },
{ "type": "Feature", "properties": { "District": "Kalimpong", "Dist_LGD": "327N001", "Sub_dist": "Kalimpong-I", "Subdis_LGD": "02156", "Subdis_Typ": "Cd_Block", "Vill_name": "Lolay Gaon Forest Village", "Vill_Cat": "Rural", "Vill_LGD": "306224N014", "arr_project": "asha2" }, "geometry": { "type": "Polygon", "coordinates": [ [ [ 88.567029443721225, 27.017565048165263 ], [ 88.566630386317797, 27.017334100079218 ], [ 88.566153648612797, 27.017543615155262 ], [ 88.566451679677328, 27.017928939573448 ], [ 88.567029443721225, 27.017565048165263 ] ] ] } },
{ "type": "Feature", "properties": { "District": "Kalimpong", "Dist_LGD": "327N001", "Sub_dist": "Kalimpong-I", "Subdis_LGD": "02156", "Subdis_Typ": "Cd_Block", "Vill_name": "Kaffer Forest Village", "Vill_Cat": "Rural", "Vill_LGD": "306224N015", "arr_project": "asha2" }, "geometry": { "type": "Polygon", "coordinates": [ [ [ 88.567428502460601, 27.017795993347175 ], [ 88.566889371498718, 27.018091905315618 ], [ 88.566677167028217, 27.018559428308969 ], [ 88.567050711509523, 27.018728991545178 ], [ 88.567569350264279, 27.01840822105893 ], [ 88.567521195958875, 27.018198908463834 ], [ 88.567498926222783, 27.018102107727689 ], [ 88.567428502460601, 27.017795993347175 ] ] ] } },
{ "type": "Feature", "properties": { "District": "Kalimpong", "Dist_LGD": "327N001", "Sub_dist": "Pedong", "Subdis_LGD": "02157N001", "Subdis_Typ": "Cd_Block", "Vill_name": "Mairung Forest Village", "Vill_Cat": "Rural", "Vill_LGD": "306291N039", "arr_project": "asha2" }, "geometry": { "type": "MultiPolygon", "coordinates": [ [ [ [ 88.607291968779876, 27.097226642487843 ], [ 88.607280456621666, 27.097172587376537 ], [ 88.606766251772228, 27.097225740115647 ], [ 88.606898832619208, 27.097601539369041 ], [ 88.607370636732426, 27.097596045145636 ], [ 88.607291968779876, 27.097226642487843 ] ] ], [ [ [ 88.599998637438659, 27.100670746664861 ], [ 88.59980368722114, 27.100667119137874 ], [ 88.599552892983652, 27.100752457239345 ], [ 88.599607180187746, 27.101032084449294 ], [ 88.599794337231003, 27.101214788199425 ], [ 88.600078877089899, 27.10107842438487 ], [ 88.600133251731549, 27.100846994747254 ], [ 88.600065943575729, 27.100758871698108 ], [ 88.599998637438659, 27.100670746664861 ] ] ], [ [ [ 88.608948495900648, 27.102327430215926 ], [ 88.608801287164894, 27.101950459875454 ], [ 88.608563797169623, 27.101604216295794 ], [ 88.608326655307877, 27.1014148118485 ], [ 88.608127765946662, 27.101333490563249 ], [ 88.608126730765463, 27.101333066597004 ], [ 88.607936896327757, 27.101255446193591 ], [ 88.607150906907407, 27.101179829407105 ], [ 88.606894494004436, 27.101145724131115 ], [ 88.606638081365617, 27.10111162027086 ], [ 88.605963129122202, 27.1012099170031 ], [ 88.605387044322512, 27.101362166990434 ], [ 88.604761825601841, 27.101420070910294 ], [ 88.604723914211007, 27.101423581997896 ], [ 88.604307259808508, 27.101459517446781 ], [ 88.603922133908981, 27.101499322945479 ], [ 88.603670602391645, 27.101782029969961 ], [ 88.603641560822297, 27.101956173485302 ], [ 88.603802812590658, 27.102010834760247 ], [ 88.603835009884278, 27.102021749090078 ], [ 88.603804537001764, 27.102181776460508 ], [ 88.603574341819169, 27.10229113964856 ], [ 88.603889933757472, 27.102469784212701 ], [ 88.604049840324436, 27.102413260509476 ], [ 88.604103059047233, 27.102404537446354 ], [ 88.604900706275529, 27.102273794855698 ], [ 88.604912120995806, 27.102271923467473 ], [ 88.605246892692605, 27.10221705012426 ], [ 88.605491606880904, 27.102176937681588 ], [ 88.605593454837106, 27.102203523959055 ], [ 88.605711469327773, 27.10223433007268 ], [ 88.605916362818533, 27.102287815173046 ], [ 88.606368001621036, 27.10248884792901 ], [ 88.606643227372103, 27.102611352512508 ], [ 88.606921448246595, 27.102735190760114 ], [ 88.607109660557256, 27.102818966204058 ], [ 88.607370093480242, 27.102934884658801 ], [ 88.607551406110176, 27.10301873803574 ], [ 88.607551444390097, 27.103018756197002 ], [ 88.607809929175531, 27.103138296978873 ], [ 88.608249765976382, 27.103341703438108 ], [ 88.608404925587664, 27.103428133986153 ], [ 88.608696416485557, 27.103590505814882 ], [ 88.609029892589845, 27.103666727353311 ], [ 88.609200606412728, 27.103584898086471 ], [ 88.609192037907178, 27.103193592968868 ], [ 88.609078177908728, 27.102739540498508 ], [ 88.609061316696511, 27.102672304199142 ], [ 88.608952066060482, 27.102338342834042 ], [ 88.608948495900648, 27.102327430215926 ] ] ], [ [ [ 88.598553548756598, 27.104151524487317 ], [ 88.598542512258746, 27.10409706671679 ], [ 88.598364319294546, 27.104182034039898 ], [ 88.598220017509632, 27.104396609916051 ], [ 88.598047240212281, 27.104615219480468 ], [ 88.597999999945259, 27.104805711523408 ], [ 88.598204175296502, 27.104854627312996 ], [ 88.598353464733705, 27.104791664115474 ], [ 88.598591888493658, 27.104481789953304 ], [ 88.598584036631792, 27.104301951654477 ], [ 88.598563273978556, 27.104199510138105 ], [ 88.598553548756598, 27.104151524487317 ] ] ], [ [ [ 88.596696705314187, 27.10877078271195 ], [ 88.596557092118701, 27.108775700005051 ], [ 88.59636348223637, 27.108862258353543 ], [ 88.596193863738279, 27.109031911125985 ], [ 88.596199618011894, 27.109047777845312 ], [ 88.596237075509222, 27.109151049395042 ], [ 88.596369390253031, 27.109227705764617 ], [ 88.596486078153958, 27.109201386871142 ], [ 88.59665892337388, 27.109012385511413 ], [ 88.596717020740556, 27.108953165942562 ], [ 88.59680943084571, 27.108858968498339 ], [ 88.596753066553973, 27.108814876159034 ], [ 88.596696705314187, 27.10877078271195 ] ] ] ] } },
{ "type": "Feature", "properties": { "District": "Kalimpong", "Dist_LGD": "327N001", "Sub_dist": "Lava", "Subdis_LGD": "02157", "Subdis_Typ": "Cd_Block", "Vill_name": "Rangpo F V", "Vill_Cat": "Rural", "Vill_LGD": "306272N033", "arr_project": "asha2" }, "geometry": { "type": "MultiPolygon", "coordinates": [ [ [ [ 88.532798142026209, 27.166071332916342 ], [ 88.531984999752396, 27.166053758423793 ], [ 88.531992400950713, 27.16649198795157 ], [ 88.532239627604952, 27.167080679677216 ], [ 88.532915049078625, 27.166498285500172 ], [ 88.532809912556374, 27.166114319483118 ], [ 88.532798142026209, 27.166071332916342 ] ] ], [ [ [ 88.528210892452165, 27.170715852332158 ], [ 88.527930082347169, 27.170480863739755 ], [ 88.527539024549867, 27.17054251850082 ], [ 88.526530463259348, 27.170660607027351 ], [ 88.525670525556734, 27.170784788002415 ], [ 88.525415866310553, 27.170811001150788 ], [ 88.524907247615559, 27.170863352370819 ], [ 88.524703134568938, 27.170813794297921 ], [ 88.524659684775571, 27.170803243537961 ], [ 88.524340330052922, 27.170572210821916 ], [ 88.524116477142258, 27.170438336702439 ], [ 88.523578504729713, 27.170493703786089 ], [ 88.523507394671114, 27.170501021423274 ], [ 88.523333893346489, 27.17071145477091 ], [ 88.523338531860702, 27.170740915939614 ], [ 88.523399084474818, 27.17112556102628 ], [ 88.523645170181254, 27.171556713903041 ], [ 88.523926243652923, 27.17194860128728 ], [ 88.523964589391554, 27.172029103283485 ], [ 88.524114087109893, 27.172342951912412 ], [ 88.524247826557755, 27.172664411692768 ], [ 88.524512507553453, 27.172893938525956 ], [ 88.524871981773757, 27.173213559971874 ], [ 88.525192774833087, 27.17345870626642 ], [ 88.52549244310805, 27.173648964411182 ], [ 88.525857979011832, 27.173411627451458 ], [ 88.525988202202001, 27.173312634131936 ], [ 88.526758933626752, 27.17307637814265 ], [ 88.527256960810362, 27.172839663710363 ], [ 88.527595212698373, 27.172640794812427 ], [ 88.527848655583966, 27.172450656428403 ], [ 88.528092691338628, 27.172090309460167 ], [ 88.528283469311347, 27.171742577252648 ], [ 88.528355744983273, 27.17137851654843 ], [ 88.528357207748314, 27.171007481740016 ], [ 88.528210892452165, 27.170715852332158 ] ] ] ] } },
{ "type": "Feature", "properties": { "District": "Kalimpong", "Dist_LGD": "327N001", "Sub_dist": "Lava", "Subdis_LGD": "02157", "Subdis_Typ": "Cd_Block", "Vill_name": "Mangchu 11 Th Mile", "Vill_Cat": "Rural", "Vill_LGD": "306296N044", "arr_project": "asha2" }, "geometry": { "type": "Polygon", "coordinates": [ [ [ 88.526809764292835, 27.149177950712925 ], [ 88.526810303232423, 27.149177884672554 ], [ 88.526814351634215, 27.149191295022064 ], [ 88.527044313888126, 27.149152577460903 ], [ 88.5271701933233, 27.149131383943764 ], [ 88.528021366014912, 27.148988073164407 ], [ 88.528125095464461, 27.149000036600512 ], [ 88.528138359315008, 27.149001565834769 ], [ 88.528591182418509, 27.148940846189632 ], [ 88.528733039574917, 27.14868452349172 ], [ 88.528609867056758, 27.148364360376075 ], [ 88.528283305387518, 27.147958139504897 ], [ 88.527814666603703, 27.147816163561448 ], [ 88.527316985102487, 27.147772271405177 ], [ 88.527212029932073, 27.147788491632376 ], [ 88.527086927578267, 27.14780782757434 ], [ 88.526856867873391, 27.147843383517266 ], [ 88.526688115659525, 27.148229245244391 ], [ 88.526617601383748, 27.148688210163996 ], [ 88.526809764292835, 27.149177950712925 ] ] ] } },
{ "type": "Feature", "properties": { "District": "Kalimpong", "Dist_LGD": "327N001", "Sub_dist": "Lava", "Subdis_LGD": "02157", "Subdis_Typ": "Cd_Block", "Vill_name": "Mangchu 12 Th Mile", "Vill_Cat": "Rural", "Vill_LGD": "306272N034", "arr_project": "asha2" }, "geometry": { "type": "Polygon", "coordinates": [ [ [ 88.53042877756863, 27.145974585004719 ], [ 88.53052632122585, 27.146507839452493 ], [ 88.530633896803479, 27.147095932526625 ], [ 88.530623756505634, 27.14713323624721 ], [ 88.530517734591783, 27.147523273839944 ], [ 88.530454288790324, 27.147756684322982 ], [ 88.530392928653427, 27.147982420934738 ], [ 88.530391211636072, 27.147988734197792 ], [ 88.530390842691787, 27.147990093802608 ], [ 88.530390946502621, 27.147991990309773 ], [ 88.530391423378475, 27.148000622577868 ], [ 88.530393111575677, 27.148031246945227 ], [ 88.530397778428096, 27.148115928959129 ], [ 88.530398705390169, 27.148132737364904 ], [ 88.530399387775361, 27.148145101074007 ], [ 88.530399949503973, 27.148155289301194 ], [ 88.530400795438482, 27.148170643734439 ], [ 88.530405965038597, 27.14826443075118 ], [ 88.530408458245375, 27.148309668766817 ], [ 88.530411538733276, 27.148365563169037 ], [ 88.530417453024896, 27.148472845696809 ], [ 88.530417966207295, 27.148482135202194 ], [ 88.530452038018851, 27.148666785211717 ], [ 88.530478306936075, 27.148809141302973 ], [ 88.530558712783488, 27.149244887634364 ], [ 88.530747874754155, 27.149360227482322 ], [ 88.530961093732373, 27.149389626715692 ], [ 88.531241517262089, 27.149428290827746 ], [ 88.531497902715373, 27.149338504207499 ], [ 88.531736083171452, 27.149255091436338 ], [ 88.531754288766649, 27.149248716187962 ], [ 88.532243111213333, 27.148883393219229 ], [ 88.532497928252539, 27.148628137694242 ], [ 88.532514238839084, 27.148611799275283 ], [ 88.532678211550802, 27.148178873868527 ], [ 88.532740370803481, 27.148076299132235 ], [ 88.532839544486208, 27.147912638855765 ], [ 88.532796992500565, 27.147491187976872 ], [ 88.532794406439265, 27.147465576634332 ], [ 88.53273724800691, 27.147380851833383 ], [ 88.532580699864099, 27.147148793636067 ], [ 88.532545715194686, 27.147127977927479 ], [ 88.532531564638731, 27.147119559786066 ], [ 88.53206973860334, 27.146844774803778 ], [ 88.531761952983189, 27.146496067024177 ], [ 88.531218204079167, 27.146304383654822 ], [ 88.530809807296237, 27.145859044668285 ], [ 88.53049285118631, 27.145612316379001 ], [ 88.53042877756863, 27.145974585004719 ] ] ] } },
{ "type": "Feature", "properties": { "District": "Kalimpong", "Dist_LGD": "327N001", "Sub_dist": "Lava", "Subdis_LGD": "02157", "Subdis_Typ": "Cd_Block", "Vill_name": "Mangchu 10 Th Mile", "Vill_Cat": "Rural", "Vill_LGD": "306296N045", "arr_project": "asha2" }, "geometry": { "type": "Polygon", "coordinates": [ [ [ 88.518331350574471, 27.146381108061455 ], [ 88.518429626782719, 27.146435714325868 ], [ 88.518550657256, 27.1465029648393 ], [ 88.518935345205378, 27.146716711098147 ], [ 88.519003823765104, 27.146754760132527 ], [ 88.519362445078301, 27.146954022374103 ], [ 88.519725434787247, 27.147155708914571 ], [ 88.520411700571245, 27.147369062133681 ], [ 88.520612007498613, 27.147106125848538 ], [ 88.520694889728702, 27.146997330415374 ], [ 88.519952223008758, 27.146115746590567 ], [ 88.519784208777324, 27.145916300704098 ], [ 88.51953836104272, 27.145780030689622 ], [ 88.519342431516861, 27.145671429231129 ], [ 88.518433644044919, 27.145167687485277 ], [ 88.51836899990775, 27.145131855628332 ], [ 88.518102242102842, 27.145124478131777 ], [ 88.517979848337717, 27.145121092492595 ], [ 88.517960161010009, 27.145121995606726 ], [ 88.517997914960688, 27.145583331210741 ], [ 88.518026679624867, 27.145934820566765 ], [ 88.518243063747505, 27.146431377105458 ], [ 88.518331350574471, 27.146381108061455 ] ] ] } },
{ "type": "Feature", "properties": { "District": "Kalimpong", "Dist_LGD": "327N001", "Sub_dist": "Lava", "Subdis_LGD": "02157", "Subdis_Typ": "Cd_Block", "Vill_name": "Tarkhola F V", "Vill_Cat": "Rural", "Vill_LGD": "306296N046", "arr_project": "asha2" }, "geometry": { "type": "Polygon", "coordinates": [ [ [ 88.511246620260764, 27.135262265547269 ], [ 88.511589134798939, 27.13541606405499 ], [ 88.511798514602418, 27.135626360362892 ], [ 88.511952048349542, 27.135990986739195 ], [ 88.511896851177198, 27.136164897238633 ], [ 88.51185844471479, 27.136285903974596 ], [ 88.511498927715138, 27.136453604906066 ], [ 88.511450655415345, 27.136969343226831 ], [ 88.511470284017534, 27.137084663572828 ], [ 88.511503176356385, 27.137277917879448 ], [ 88.511599608764868, 27.137312924517861 ], [ 88.511787015154624, 27.137380954297747 ], [ 88.511999456188619, 27.137686035072704 ], [ 88.511982530012233, 27.13809789401056 ], [ 88.511961549067138, 27.13826278857087 ], [ 88.51194268305504, 27.138411064389313 ], [ 88.512025475388256, 27.138717578656937 ], [ 88.512274873312094, 27.139131791339722 ], [ 88.512559969740067, 27.139191652681756 ], [ 88.512603712782408, 27.13917233825946 ], [ 88.512858219527104, 27.139059961489274 ], [ 88.512968032096083, 27.138668277615945 ], [ 88.51299028766762, 27.138309363526002 ], [ 88.513016712295283, 27.138300681107246 ], [ 88.513185026739066, 27.138245369480789 ], [ 88.513560142213493, 27.138361360768997 ], [ 88.513872114115074, 27.138430345631615 ], [ 88.514128686676543, 27.13836573335152 ], [ 88.514270858712933, 27.138329930836921 ], [ 88.514341619678845, 27.138194869158596 ], [ 88.514412380431068, 27.138059806510864 ], [ 88.514326438492361, 27.137907086075867 ], [ 88.514238473353075, 27.137750771160775 ], [ 88.513807996247394, 27.137526509029282 ], [ 88.513580946446851, 27.137408222599326 ], [ 88.513447181133259, 27.137308644305605 ], [ 88.513293296168186, 27.137194087903815 ], [ 88.513015339594602, 27.136818472065162 ], [ 88.512906856697086, 27.136514599262544 ], [ 88.512904702298499, 27.136235464872154 ], [ 88.512821225627903, 27.135857699044376 ], [ 88.512623318014121, 27.135503576060639 ], [ 88.512359398492421, 27.135215673752917 ], [ 88.512059166726473, 27.135018279957052 ], [ 88.511775172858407, 27.134904807180291 ], [ 88.511266566122032, 27.135035517443615 ], [ 88.511246620260764, 27.135262265547269 ] ] ] } },
{ "type": "Feature", "properties": { "District": "Kalimpong", "Dist_LGD": "327N001", "Sub_dist": "Lava", "Subdis_LGD": "02157", "Subdis_Typ": "Cd_Block", "Vill_name": "Mamkhola", "Vill_Cat": "Rural", "Vill_LGD": "306296N047", "arr_project": "asha2" }, "geometry": { "type": "Polygon", "coordinates": [ [ [ 88.503487125337486, 27.133770985893438 ], [ 88.503640272298426, 27.133963691749123 ], [ 88.503942958569169, 27.134066297463619 ], [ 88.504311912238521, 27.13378590618337 ], [ 88.504411602022088, 27.133654415580551 ], [ 88.504511290696286, 27.133522926785549 ], [ 88.504431655584227, 27.13319587067252 ], [ 88.504323321884058, 27.132893161523072 ], [ 88.504175844124347, 27.132665794930489 ], [ 88.503897439511562, 27.132530329370976 ], [ 88.50373617914056, 27.132475559113196 ], [ 88.50347268855613, 27.132488347265419 ], [ 88.503483553731343, 27.132751138163773 ], [ 88.503586913676997, 27.133004432592458 ], [ 88.503505886879637, 27.133205331822111 ], [ 88.503360357970919, 27.133384322749471 ], [ 88.503487125337486, 27.133770985893438 ] ] ] } },
{ "type": "Feature", "properties": { "District": "Kalimpong", "Dist_LGD": "327N001", "Sub_dist": "Lava", "Subdis_LGD": "02157", "Subdis_Typ": "Cd_Block", "Vill_name": "Kharka F V", "Vill_Cat": "Rural", "Vill_LGD": "306296N048", "arr_project": "asha2" }, "geometry": { "type": "Polygon", "coordinates": [ [ [ 88.514725914213244, 27.115314476888685 ], [ 88.514825665492523, 27.114990405176282 ], [ 88.514896829582497, 27.114769125541677 ], [ 88.515349048676342, 27.114465909713402 ], [ 88.515587619352317, 27.114206036404433 ], [ 88.515479407219672, 27.113981783803339 ], [ 88.51508343752225, 27.113915469818462 ], [ 88.514570559254494, 27.113925353183674 ], [ 88.51420978278, 27.113976671505906 ], [ 88.513815766708049, 27.114316699461302 ], [ 88.513252989525554, 27.114217583576121 ], [ 88.513032133087151, 27.114111881621994 ], [ 88.51262472383182, 27.114396222983565 ], [ 88.512028066144779, 27.114115138538235 ], [ 88.511866020572953, 27.113974865511434 ], [ 88.511752237681904, 27.113772576568252 ], [ 88.511383646748968, 27.113746233047987 ], [ 88.510912344243664, 27.113937275910065 ], [ 88.510373897186497, 27.113692999421701 ], [ 88.509856943686586, 27.113275334102092 ], [ 88.509432069683101, 27.113076450942991 ], [ 88.509192459246762, 27.113093918744372 ], [ 88.509024647453629, 27.113360783756757 ], [ 88.509004070825867, 27.113698122850028 ], [ 88.5092776593265, 27.113941068809066 ], [ 88.509710951957686, 27.114146218902572 ], [ 88.510278704969664, 27.114294767922743 ], [ 88.510500479548725, 27.114564427575608 ], [ 88.510719020105782, 27.115034126290428 ], [ 88.51096676031267, 27.115329648665774 ], [ 88.511327967751285, 27.115592120834727 ], [ 88.511660768719494, 27.115572210895113 ], [ 88.512017080105423, 27.115321648070335 ], [ 88.512499959844106, 27.115400442197945 ], [ 88.512853357897839, 27.115585254637583 ], [ 88.513230584337762, 27.115774750865306 ], [ 88.513738112450824, 27.115943730316818 ], [ 88.514098077870145, 27.115806905777294 ], [ 88.514420112599225, 27.115602651529269 ], [ 88.514725914213244, 27.115314476888685 ] ] ] } },
{ "type": "Feature", "properties": { "District": "Kalimpong", "Dist_LGD": "327N001", "Sub_dist": "Lava", "Subdis_LGD": "02157", "Subdis_Typ": "Cd_Block", "Vill_name": "Dalapchand F V", "Vill_Cat": "Rural", "Vill_LGD": "306300N049", "arr_project": "asha2" }, "geometry": { "type": "MultiPolygon", "coordinates": [ [ [ [ 88.535380338736843, 27.089411333773658 ], [ 88.535127819771745, 27.089171034124675 ], [ 88.534909417551617, 27.089269560316264 ], [ 88.534841610514988, 27.089523771872855 ], [ 88.535073432791336, 27.089661597638504 ], [ 88.535169978857041, 27.08989891242733 ], [ 88.535383153879934, 27.090057674070739 ], [ 88.535653862033428, 27.089963277729129 ], [ 88.535660036074688, 27.08971540253566 ], [ 88.535520186693603, 27.089563367798522 ], [ 88.535380338736843, 27.089411333773658 ] ] ], [ [ [ 88.53599545447257, 27.092646615543945 ], [ 88.535812727748208, 27.092635686512509 ], [ 88.535835339371019, 27.092924582562691 ], [ 88.535784861444213, 27.093131845002727 ], [ 88.535766483677804, 27.093335806786715 ], [ 88.535877103538098, 27.093532448590619 ], [ 88.536237128502492, 27.093435997429395 ], [ 88.536466379186379, 27.093329218750299 ], [ 88.536351611961564, 27.09309140120704 ], [ 88.536127110850373, 27.092858924316452 ], [ 88.53599545447257, 27.092646615543945 ] ] ], [ [ [ 88.534338631033449, 27.096205730094027 ], [ 88.534205181593322, 27.096080939395893 ], [ 88.534049654404527, 27.096313609659965 ], [ 88.534044929013064, 27.096320680532401 ], [ 88.534044668339192, 27.096321069421933 ], [ 88.534043778172233, 27.096322401248216 ], [ 88.53404362499181, 27.096322630539856 ], [ 88.534043313079493, 27.096324009243265 ], [ 88.534041690061983, 27.096329465247027 ], [ 88.534037293929771, 27.09634424969817 ], [ 88.53393643195372, 27.096683432281065 ], [ 88.534029350768677, 27.096987686439935 ], [ 88.534034388164031, 27.096992355555383 ], [ 88.534315555824207, 27.097253049220544 ], [ 88.534911996560908, 27.097610132293052 ], [ 88.535190620700789, 27.097800197257683 ], [ 88.535501054932794, 27.097789681167995 ], [ 88.535604373149482, 27.097786180049464 ], [ 88.535821326128001, 27.097615285834159 ], [ 88.536014169750587, 27.097493654983758 ], [ 88.535612911098681, 27.097216561730175 ], [ 88.535247950955366, 27.096952306212675 ], [ 88.535184647402488, 27.096906471043781 ], [ 88.53511022459557, 27.096852584487809 ], [ 88.534756384725327, 27.096596378225367 ], [ 88.534338631033449, 27.096205730094027 ] ] ] ] } },
{ "type": "Feature", "properties": { "District": "Kalimpong", "Dist_LGD": "327N001", "Sub_dist": "Lava", "Subdis_LGD": "02157", "Subdis_Typ": "Cd_Block", "Vill_name": "Echhey Forest Village", "Vill_Cat": "Rural", "Vill_LGD": "306295N043", "arr_project": "asha2" }, "geometry": { "type": "Polygon", "coordinates": [ [ [ 88.569238373151052, 27.132546573373489 ], [ 88.568220053881205, 27.132537524818414 ], [ 88.567675164726111, 27.13289801357551 ], [ 88.567633378022805, 27.133510882601403 ], [ 88.568163856691072, 27.133905444234543 ], [ 88.568602991059606, 27.134166795825788 ], [ 88.569199256740205, 27.134518908496439 ], [ 88.569811344081714, 27.134719622790378 ], [ 88.570295541967269, 27.134733845496722 ], [ 88.570362724461106, 27.13421820075321 ], [ 88.570623320926728, 27.133715877640554 ], [ 88.570500698226525, 27.133119976328672 ], [ 88.570522330384136, 27.132718380506748 ], [ 88.569238373151052, 27.132546573373489 ] ] ] } },
{ "type": "Feature", "properties": { "District": "Kalimpong", "Dist_LGD": "327N001", "Sub_dist": "Lava", "Subdis_LGD": "02157", "Subdis_Typ": "Cd_Block", "Vill_name": "Dalapchand F V", "Vill_Cat": "Rural", "Vill_LGD": "306293N040", "arr_project": "asha2" }, "geometry": { "type": "MultiPolygon", "coordinates": [ [ [ [ 88.550282756735101, 27.101385142232012 ], [ 88.550047267995708, 27.101314296248198 ], [ 88.549782084224631, 27.101360613868323 ], [ 88.549637061418053, 27.101774922486378 ], [ 88.550012913255472, 27.102002481565805 ], [ 88.550548634094255, 27.101757147677926 ], [ 88.55041569428694, 27.101571146461819 ], [ 88.550282756735101, 27.101385142232012 ] ] ], [ [ [ 88.549830943842423, 27.102667828729537 ], [ 88.549283477963883, 27.102591063504413 ], [ 88.54917425476566, 27.10271371031309 ], [ 88.548966495385187, 27.10294700357867 ], [ 88.548971335349293, 27.103463509562513 ], [ 88.549720108267394, 27.103420944775134 ], [ 88.549957092424293, 27.103174414167057 ], [ 88.550152577785965, 27.102971052685664 ], [ 88.550227345744034, 27.102893271763527 ], [ 88.549830943842423, 27.102667828729537 ] ] ], [ [ [ 88.587894944111369, 27.111902880547511 ], [ 88.587756424349209, 27.111303905191839 ], [ 88.587770550011854, 27.110674905911189 ], [ 88.587634895630728, 27.110104158969651 ], [ 88.587327539747605, 27.109836386077461 ], [ 88.586806659781899, 27.109922951553425 ], [ 88.586194542480911, 27.110024678680322 ], [ 88.585361426434304, 27.110253314045778 ], [ 88.58454196815282, 27.110309386237944 ], [ 88.583742201198405, 27.110406208691835 ], [ 88.583219281337705, 27.11093084852315 ], [ 88.582248590730657, 27.111031042628785 ], [ 88.58132871650777, 27.11132566237557 ], [ 88.580776631656775, 27.111182567856755 ], [ 88.580305457805807, 27.111060444259692 ], [ 88.580201579615121, 27.110957063143569 ], [ 88.579961385066326, 27.111352678603634 ], [ 88.579645267370609, 27.111613503183001 ], [ 88.579849357661345, 27.112091630929235 ], [ 88.580325808519461, 27.112411427498518 ], [ 88.580567635554317, 27.11257374133157 ], [ 88.581148234732382, 27.112157253931688 ], [ 88.582313526353573, 27.111979927624983 ], [ 88.583379529836563, 27.111898415217627 ], [ 88.584488095982337, 27.112083487205613 ], [ 88.585893378790658, 27.11212381352815 ], [ 88.586088438368861, 27.112162852144095 ], [ 88.587021638464037, 27.112349615662151 ], [ 88.58799121216272, 27.112392120276205 ], [ 88.587894944111369, 27.111902880547511 ] ] ] ] } },
{ "type": "Feature", "properties": { "District": "Kalimpong", "Dist_LGD": "327N001", "Sub_dist": "Lava", "Subdis_LGD": "02157", "Subdis_Typ": "Cd_Block", "Vill_name": "Paiyong Parment F V", "Vill_Cat": "Rural", "Vill_LGD": "306293N041", "arr_project": "asha2" }, "geometry": { "type": "Polygon", "coordinates": [ [ [ 88.592628644674491, 27.103414705776572 ], [ 88.592839656915373, 27.102936528891128 ], [ 88.593210447483116, 27.102498899269655 ], [ 88.593323301997586, 27.101973814048961 ], [ 88.593265373893487, 27.101504398274972 ], [ 88.593254208530169, 27.101152983327008 ], [ 88.593246406385688, 27.100907354543281 ], [ 88.593289275385459, 27.100408513670136 ], [ 88.593531096604224, 27.099927157523801 ], [ 88.59330355541745, 27.099627385928994 ], [ 88.593018845544066, 27.099685310035248 ], [ 88.592734135534286, 27.099743235457641 ], [ 88.592357629919235, 27.100124403944566 ], [ 88.592111707111613, 27.100314367700637 ], [ 88.591760891013124, 27.100585359520327 ], [ 88.591294061600379, 27.101099456650051 ], [ 88.590947114793636, 27.10167010692486 ], [ 88.590701574904458, 27.102166109137382 ], [ 88.590619940892225, 27.102666579496589 ], [ 88.590466120590492, 27.103145980042346 ], [ 88.590518298066229, 27.103661157177754 ], [ 88.590772342041447, 27.103556483964486 ], [ 88.591189257299405, 27.103292370795103 ], [ 88.591341813176783, 27.103568988916198 ], [ 88.591174810925395, 27.103764510266885 ], [ 88.590903537214146, 27.10400645329155 ], [ 88.591127013396431, 27.104368451801736 ], [ 88.591499549897563, 27.104665138653175 ], [ 88.591912032844235, 27.1049719625065 ], [ 88.592266860913725, 27.105170641489778 ], [ 88.592461660454717, 27.105095850669045 ], [ 88.592657268483137, 27.104619265434881 ], [ 88.592309323471767, 27.104360451406414 ], [ 88.59231058605549, 27.104065572378943 ], [ 88.592501489123137, 27.103798648482893 ], [ 88.592628644674491, 27.103414705776572 ] ] ] } },
{ "type": "Feature", "properties": { "District": "Kalimpong", "Dist_LGD": "327N001", "Sub_dist": "Lava", "Subdis_LGD": "02157", "Subdis_Typ": "Cd_Block", "Vill_name": "Rissisum F V", "Vill_Cat": "Rural", "Vill_LGD": "306289N038", "arr_project": "asha2" }, "geometry": { "type": "Polygon", "coordinates": [ [ [ 88.629517644237026, 27.100136348267203 ], [ 88.628985083102734, 27.100001349764334 ], [ 88.628435835579879, 27.100212709935551 ], [ 88.62847288469851, 27.100577277094146 ], [ 88.628751429011643, 27.100893070816884 ], [ 88.629401911182327, 27.101039627165417 ], [ 88.629827890734191, 27.10101928546333 ], [ 88.63005743228112, 27.100852907638544 ], [ 88.63004724498137, 27.100497445120716 ], [ 88.629517644237026, 27.100136348267203 ] ] ] } },
{ "type": "Feature", "properties": { "District": "Kalimpong", "Dist_LGD": "327N001", "Sub_dist": "Lava", "Subdis_LGD": "02157", "Subdis_Typ": "Cd_Block", "Vill_name": "Kolbong F V", "Vill_Cat": "Rural", "Vill_LGD": "306285N035", "arr_project": "asha2" }, "geometry": { "type": "Polygon", "coordinates": [ [ [ 88.674996872801415, 27.096015875445865 ], [ 88.675670160728657, 27.095369625220382 ], [ 88.675899457595364, 27.094947736873955 ], [ 88.676300978538563, 27.094561428014167 ], [ 88.676503772186507, 27.094261118974977 ], [ 88.676865568476885, 27.094049637341087 ], [ 88.677121826690097, 27.093899843430005 ], [ 88.677274435514505, 27.093806751511778 ], [ 88.677135177975657, 27.093458802376023 ], [ 88.676818431790906, 27.093277823479141 ], [ 88.67628676577236, 27.093024110635373 ], [ 88.675854275681644, 27.092614847631896 ], [ 88.675805887278486, 27.092569057044315 ], [ 88.675425872849701, 27.092085698036112 ], [ 88.675024815462521, 27.09158670003626 ], [ 88.674703754728895, 27.09110909708572 ], [ 88.674389294256372, 27.090696160797105 ], [ 88.674000661493793, 27.090255280453473 ], [ 88.673531798553753, 27.089917790368293 ], [ 88.673506828864802, 27.089896452666068 ], [ 88.673327222991219, 27.089742972344965 ], [ 88.673050369100068, 27.08963507452804 ], [ 88.672832334504548, 27.089913195796086 ], [ 88.672766071641547, 27.090217142884086 ], [ 88.672237183884889, 27.090117593368035 ], [ 88.671715668323273, 27.090153926898555 ], [ 88.671346815368054, 27.090542769380864 ], [ 88.670863712880333, 27.090984701321634 ], [ 88.67084861276652, 27.090998513709124 ], [ 88.670539442454739, 27.091451266584343 ], [ 88.670493376870553, 27.092016916001139 ], [ 88.670416874145744, 27.092833164671035 ], [ 88.670355496688146, 27.093488056817037 ], [ 88.670388012535852, 27.09411208859126 ], [ 88.670418232411649, 27.094408396288259 ], [ 88.670801638703878, 27.094810619304006 ], [ 88.671407046946882, 27.095482099318964 ], [ 88.671930931166344, 27.096040837814659 ], [ 88.672254040855094, 27.096157001855307 ], [ 88.672778856375189, 27.096038325390225 ], [ 88.672787919495619, 27.096037566712134 ], [ 88.673133769929152, 27.096008591086793 ], [ 88.673490558952494, 27.096149771872284 ], [ 88.673804028252391, 27.096323968308813 ], [ 88.674094911485554, 27.096325557571667 ], [ 88.674325676406653, 27.09632681859388 ], [ 88.674655298716857, 27.096202350676649 ], [ 88.674872648307186, 27.096120276850193 ], [ 88.674996872801415, 27.096015875445865 ] ] ] } },
{ "type": "Feature", "properties": { "District": "Kalimpong", "Dist_LGD": "327N001", "Sub_dist": "Lava", "Subdis_LGD": "02157", "Subdis_Typ": "Cd_Block", "Vill_name": "Lava F V", "Vill_Cat": "Rural", "Vill_LGD": "306286N036", "arr_project": "asha2" }, "geometry": { "type": "MultiPolygon", "coordinates": [ [ [ [ 88.656945216402121, 27.079431817310589 ], [ 88.656752833241939, 27.079261639837238 ], [ 88.656533159292451, 27.079141822883727 ], [ 88.656335292686805, 27.07910886883219 ], [ 88.656123463288964, 27.079320962038345 ], [ 88.655887265425207, 27.079357338699051 ], [ 88.655564501200246, 27.079307625509998 ], [ 88.655178938943308, 27.079341663386618 ], [ 88.655077210584636, 27.079488866556634 ], [ 88.655225444359175, 27.079734922839275 ], [ 88.655420818423408, 27.079934500692975 ], [ 88.655477100853517, 27.080041553081628 ], [ 88.655492059676931, 27.080188539741886 ], [ 88.655423178187533, 27.080403635650018 ], [ 88.6552980128549, 27.080511679168708 ], [ 88.655440697034635, 27.080639479760936 ], [ 88.65563351361719, 27.080750198695998 ], [ 88.655860206468247, 27.080875229741999 ], [ 88.655893219542477, 27.08100846167839 ], [ 88.655957016469657, 27.081316745887761 ], [ 88.656147176481994, 27.081528745052779 ], [ 88.656428626656947, 27.081618388436883 ], [ 88.65665100423044, 27.081560865470109 ], [ 88.657014293631832, 27.081257010537449 ], [ 88.657421094505509, 27.081176795527245 ], [ 88.657511304429704, 27.081043856961461 ], [ 88.657326942265911, 27.080863344539448 ], [ 88.657212525209147, 27.080656562143538 ], [ 88.657061834074412, 27.080501075255455 ], [ 88.657232254662901, 27.080340805379137 ], [ 88.657443649560946, 27.080188170043808 ], [ 88.657440323416168, 27.080028095369531 ], [ 88.657381477927458, 27.079832186139914 ], [ 88.657254884429548, 27.079607656208783 ], [ 88.656945216402121, 27.079431817310589 ] ] ], [ [ [ 88.667925828116097, 27.080601458724519 ], [ 88.668079286039244, 27.08038946715898 ], [ 88.668374412574394, 27.080358835656551 ], [ 88.668581339467138, 27.0802898268701 ], [ 88.668435902195398, 27.080007856025048 ], [ 88.668358991169214, 27.079825715909863 ], [ 88.668398762049634, 27.079643348927696 ], [ 88.668469074234977, 27.079538018767511 ], [ 88.668539386365936, 27.079432689481106 ], [ 88.668284806673057, 27.079352168541746 ], [ 88.667996524110364, 27.079322674979501 ], [ 88.667601586613344, 27.079773615605827 ], [ 88.667376654534053, 27.080003908525082 ], [ 88.666896005701631, 27.080318941945539 ], [ 88.666737772177115, 27.080422651562461 ], [ 88.666907937875067, 27.080665511811048 ], [ 88.667281774157161, 27.080834660460724 ], [ 88.667525922275047, 27.080940030680832 ], [ 88.667776564714558, 27.080854604531297 ], [ 88.667925828116097, 27.080601458724519 ] ] ], [ [ [ 88.666888293490828, 27.084557951407422 ], [ 88.666883145109736, 27.08420200445515 ], [ 88.66686136791462, 27.083911949804186 ], [ 88.667163167446674, 27.083666736194569 ], [ 88.66725184590166, 27.083315310230574 ], [ 88.667212724566582, 27.083084092488814 ], [ 88.667019827787172, 27.082947261047558 ], [ 88.666826932514212, 27.082810430210323 ], [ 88.666625410162325, 27.082588936988035 ], [ 88.666547379319027, 27.08220490514373 ], [ 88.666346994986171, 27.082147275387641 ], [ 88.666178142358035, 27.082628226235443 ], [ 88.66584266976416, 27.082848411528833 ], [ 88.665599353417164, 27.083011628784455 ], [ 88.665585529697353, 27.083302877246606 ], [ 88.665373241206879, 27.083510278452174 ], [ 88.665041869150571, 27.083694389595344 ], [ 88.665167325396084, 27.084009335393283 ], [ 88.665361565480907, 27.084388439488908 ], [ 88.665580133754148, 27.084700850050837 ], [ 88.665730014945069, 27.084720943592874 ], [ 88.665858121076752, 27.084450980537877 ], [ 88.666091464797987, 27.084526578494341 ], [ 88.666269684881655, 27.084672064307181 ], [ 88.666584126575714, 27.084703596382564 ], [ 88.666888293490828, 27.084557951407422 ] ] ] ] } },
{ "type": "Feature", "properties": { "District": "Kalimpong", "Dist_LGD": "327N001", "Sub_dist": "Lava", "Subdis_LGD": "02157", "Subdis_Typ": "Cd_Block", "Vill_name": "Maneydara F V", "Vill_Cat": "Rural", "Vill_LGD": "306287N037", "arr_project": "asha2" }, "geometry": { "type": "Polygon", "coordinates": [ [ [ 88.641700289558699, 27.068993034671568 ], [ 88.641461780592294, 27.068789573327219 ], [ 88.640905322782871, 27.069132399230188 ], [ 88.640784311852016, 27.069472912840546 ], [ 88.640678006083022, 27.070111364074773 ], [ 88.641170432123062, 27.070516691767153 ], [ 88.641369919234606, 27.07079549353772 ], [ 88.641713729045378, 27.071116388337238 ], [ 88.642096194209984, 27.071205118216788 ], [ 88.642473983229323, 27.071094689484092 ], [ 88.6426035908177, 27.070838845833116 ], [ 88.642295938420759, 27.070414388626222 ], [ 88.642353917164655, 27.07006614252704 ], [ 88.642516817329465, 27.069678510640237 ], [ 88.6425651319868, 27.069388307427754 ], [ 88.64234507177693, 27.06928988917096 ], [ 88.642125010759798, 27.069191468817603 ], [ 88.641700289558699, 27.068993034671568 ] ] ] } },
{ "type": "Feature", "properties": { "District": "Kalimpong", "Dist_LGD": "327N001", "Sub_dist": "Lava", "Subdis_LGD": "02157", "Subdis_Typ": "Cd_Block", "Vill_name": "Chumang Forest Village", "Vill_Cat": "Rural", "Vill_LGD": "306304N050", "arr_project": "asha2" }, "geometry": { "type": "Polygon", "coordinates": [ [ [ 88.586750953172569, 27.052613575946395 ], [ 88.586269013354425, 27.052463597404568 ], [ 88.586008646995708, 27.052504703284104 ], [ 88.585688973380485, 27.052266685804504 ], [ 88.58507556502434, 27.052201567259345 ], [ 88.584970729150612, 27.052254450889549 ], [ 88.584720227257122, 27.052380816316337 ], [ 88.584689984314636, 27.052697696120642 ], [ 88.584918686530543, 27.052959356626992 ], [ 88.585172486467215, 27.05316138294933 ], [ 88.585163346458131, 27.05353313339009 ], [ 88.585138807784219, 27.053906471575871 ], [ 88.585156472421488, 27.054389554872799 ], [ 88.585515226444045, 27.054552235522429 ], [ 88.586243573971927, 27.054676807035907 ], [ 88.587210047153064, 27.054848129835985 ], [ 88.587891912162547, 27.054820604956412 ], [ 88.588275859298221, 27.05471921173438 ], [ 88.588189357329767, 27.054376340837408 ], [ 88.587624706600849, 27.054177853978985 ], [ 88.587497808669468, 27.053691774690868 ], [ 88.587362641519803, 27.053277858201064 ], [ 88.58707490704505, 27.052893934544983 ], [ 88.586750953172569, 27.052613575946395 ] ] ] } },
{ "type": "Feature", "properties": { "District": "Kalimpong", "Dist_LGD": "327N001", "Sub_dist": "Lava", "Subdis_LGD": "02157", "Subdis_Typ": "Cd_Block", "Vill_name": "Algarah F V", "Vill_Cat": "Rural", "Vill_LGD": "306293N042", "arr_project": "asha2" }, "geometry": { "type": "Polygon", "coordinates": [ [ [ 88.578129106141986, 27.116296931391474 ], [ 88.578895651439694, 27.115870687915152 ], [ 88.579203805146335, 27.115699334728664 ], [ 88.579369055644449, 27.115686354692198 ], [ 88.581148485206171, 27.115546571120799 ], [ 88.581985159163324, 27.115830376191948 ], [ 88.5820110201267, 27.115757040440556 ], [ 88.582100058992054, 27.115504557708597 ], [ 88.582124716065138, 27.115434635414005 ], [ 88.582176031827146, 27.11528912028918 ], [ 88.58236976158426, 27.114582905436418 ], [ 88.582386612374378, 27.114521475652911 ], [ 88.582295045276709, 27.113762453351235 ], [ 88.581927117183369, 27.113310119874928 ], [ 88.58096409942894, 27.113271949792971 ], [ 88.579928805316143, 27.11297777284809 ], [ 88.579215443289513, 27.112724032749021 ], [ 88.578872463115118, 27.112678102673289 ], [ 88.578200770937642, 27.112588150546134 ], [ 88.577303818289366, 27.112654914419323 ], [ 88.577044302502998, 27.11270232187989 ], [ 88.576457092654891, 27.112809588925181 ], [ 88.575828740884191, 27.113012011042237 ], [ 88.575565210360438, 27.113096906440063 ], [ 88.574993668318498, 27.113411557790073 ], [ 88.574725838253613, 27.113559003534753 ], [ 88.574402200633315, 27.114109921520498 ], [ 88.574342571359779, 27.114792350060586 ], [ 88.574355683536737, 27.114822352750227 ], [ 88.574354968713678, 27.114830531960695 ], [ 88.574473990168258, 27.115102869971082 ], [ 88.574524763456239, 27.115219048742876 ], [ 88.57458498115534, 27.115346178456125 ], [ 88.574612541057945, 27.115378255907864 ], [ 88.57475377480533, 27.115397172511038 ], [ 88.575096767026935, 27.115443111085938 ], [ 88.575787985298831, 27.11568898477281 ], [ 88.575810150563257, 27.115696869221171 ], [ 88.576845475971027, 27.115991073195918 ], [ 88.577808530487388, 27.116029264651992 ], [ 88.577946501508606, 27.116198890470379 ], [ 88.578047602743425, 27.116323188546556 ], [ 88.578129106141986, 27.116296931391474 ] ] ] } },
{ "type": "Feature", "properties": { "District": "Kalimpong", "Dist_LGD": "327N001", "Sub_dist": "Kalimpong-I", "Subdis_LGD": "02156", "Subdis_Typ": "Cd_Block", "Vill_name": "Mongpong F V(Chaa Acre)", "Vill_Cat": "Rural", "Vill_LGD": "306264N030", "arr_project": "asha2" }, "geometry": { "type": "Polygon", "coordinates": [ [ [ 88.513641540013026, 26.881500612764476 ], [ 88.51437751322419, 26.880827327857325 ], [ 88.514718608816722, 26.880567946560966 ], [ 88.515625132971579, 26.879878589264269 ], [ 88.516651586327072, 26.879007799203837 ], [ 88.517778911822788, 26.878277558240516 ], [ 88.518825155436403, 26.877743201182053 ], [ 88.519525943959977, 26.877298913691988 ], [ 88.519918663564127, 26.876734273280302 ], [ 88.520304621070494, 26.876113897994554 ], [ 88.52042436647524, 26.875873291831454 ], [ 88.520435648338093, 26.875850623440474 ], [ 88.520658596791662, 26.875402648866068 ], [ 88.521203082452246, 26.874879608223619 ], [ 88.522195688341583, 26.874594843520711 ], [ 88.52330401579178, 26.874054412197559 ], [ 88.523780457013771, 26.873143241131366 ], [ 88.524017308172873, 26.87233062633279 ], [ 88.524041125585143, 26.871144027926288 ], [ 88.524036587194502, 26.870242166154348 ], [ 88.522478404030721, 26.871221211179162 ], [ 88.516845718100839, 26.874383263613637 ], [ 88.511465760866059, 26.877558135309375 ], [ 88.509671202533355, 26.878513123580458 ], [ 88.508315882199028, 26.879265519262145 ], [ 88.507180473777538, 26.879756797876137 ], [ 88.506045399936539, 26.880121143026809 ], [ 88.505699109827106, 26.88050735277859 ], [ 88.506262150108157, 26.881650944907388 ], [ 88.506920480309205, 26.882672456717017 ], [ 88.507451129043915, 26.883678202496899 ], [ 88.507718338398902, 26.88380726312263 ], [ 88.509776396755356, 26.882366025835921 ], [ 88.510428053008127, 26.882034648040424 ], [ 88.511188821337299, 26.881565744416044 ], [ 88.511879988142809, 26.881301008535619 ], [ 88.51162783921221, 26.881616620796922 ], [ 88.510951647617006, 26.882462997005788 ], [ 88.509922380495951, 26.884024896492878 ], [ 88.51135967611232, 26.884467602079358 ], [ 88.512559621123941, 26.883297933299584 ], [ 88.513641540013026, 26.881500612764476 ] ] ] } }
]
}
