{"type":"FeatureCollection", "features": [
{"type":"Feature","geometry":{"type":"Polygon","coordinates":[[[89.21377,26.51849],[89.22041,26.52249],[89.21797,26.53613],[89.21716,26.53912],[89.22165,26.54328],[89.22323,26.54746],[89.21637,26.54969],[89.21235,26.54735],[89.21467,26.54671],[89.21054,26.5338],[89.21316,26.53021],[89.21199,26.5233],[89.21377,26.51849]]]},"properties":{"District":"Alipurduar","Dist_LGD":"328N002","Sub_dist":"Falakata","Subdis_LGD":"2175","Subdis_Typ":"Cd_Block","Vill_name":"Chuakhola","Vill_Cat":"Partly_Urban","Vill_LGD":"307393","arr_project":"asha1,asha2"}},
{"type":"Feature","geometry":{"type":"Polygon","coordinates":[[[89.19168,26.50684],[89.18142,26.50876],[89.17449,26.50789],[89.17053,26.5093],[89.17019,26.50667],[89.17955,26.50133],[89.18546,26.50176],[89.19168,26.50684]]]},"properties":{"District":"Alipurduar","Dist_LGD":"328N002","Sub_dist":"Falakata","Subdis_LGD":"2175","Subdis_Typ":"Cd_Block","Vill_name":"Baradoba","Vill_Cat":"Fully_Urban","Vill_LGD":"307357","arr_project":"asha1,asha2"}},
{"type":"Feature","geometry":{"type":"Polygon","coordinates":[[[89.30737,26.55823],[89.30133,26.55954],[89.29934,26.55573],[89.30155,26.55248],[89.30798,26.55236],[89.30737,26.55823]]]},"properties":{"District":"Alipurduar","Dist_LGD":"328N002","Sub_dist":"Alipurduar - I","Subdis_LGD":"2173","Subdis_Typ":"Cd_Block","Vill_name":"Salkumar","Vill_Cat":"Rural","Vill_LGD":"307221N091","arr_project":"asha1,asha2"}},
{"type":"Feature","geometry":{"type":"Polygon","coordinates":[[[89.57841,26.79604],[89.57563,26.7959],[89.56861,26.79945],[89.56194,26.80613],[89.55999,26.81289],[89.55087,26.81202],[89.54829,26.80926],[89.54316,26.81231],[89.53822,26.81242],[89.53403,26.81472],[89.52557,26.81274],[89.519,26.81248],[89.51136,26.81417],[89.5015,26.806],[89.4945,26.80321],[89.48777,26.80289],[89.48235,26.80462],[89.48107,26.80177],[89.4788,26.79316],[89.46903,26.78183],[89.47668,26.7784],[89.4787,26.76879],[89.48513,26.76536],[89.48862,26.75974],[89.4965,26.75295],[89.50159,26.75163],[89.50941,26.75264],[89.51223,26.75163],[89.51816,26.7435],[89.51827,26.7389],[89.52108,26.73187],[89.52434,26.7283],[89.53153,26.72438],[89.56283,26.72211],[89.56448,26.73125],[89.57286,26.72908],[89.57095,26.71816],[89.57309,26.71408],[89.57606,26.70958],[89.58609,26.70701],[89.59467,26.7081],[89.60232,26.70579],[89.60077,26.70781],[89.60327,26.71426],[89.6007,26.72122],[89.60491,26.72461],[89.61805,26.72748],[89.62268,26.73919],[89.63326,26.74567],[89.6399,26.74658],[89.64339,26.74858],[89.64558,26.75297],[89.64372,26.76036],[89.64758,26.76177],[89.65226,26.76839],[89.65059,26.77602],[89.63843,26.78229],[89.63136,26.78305],[89.62091,26.77801],[89.61827,26.78242],[89.61373,26.78603],[89.60751,26.7876],[89.5999,26.78731],[89.59621,26.79102],[89.59408,26.7838],[89.58146,26.78138],[89.57263,26.78308],[89.5744,26.78989],[89.57841,26.79604]],[[89.53798,26.78946],[89.53233,26.79046],[89.52942,26.79289],[89.52969,26.79652],[89.53611,26.79794],[89.54651,26.79833],[89.55809,26.79526],[89.54988,26.78785],[89.53798,26.78946]],[[89.54351,26.78505],[89.54444,26.7791],[89.54993,26.77183],[89.54488,26.76673],[89.53953,26.76393],[89.5368,26.76754],[89.53989,26.77374],[89.53943,26.77854],[89.53455,26.78505],[89.54351,26.78505]],[[89.59118,26.76528],[89.58795,26.76752],[89.58808,26.77093],[89.5976,26.77334],[89.60229,26.77142],[89.60216,26.768],[89.59715,26.76369],[89.59118,26.76528]],[[89.54351,26.75918],[89.54078,26.7615],[89.54533,26.76649],[89.55505,26.76484],[89.55346,26.75808],[89.55107,26.752],[89.5565,26.75083],[89.55701,26.74617],[89.55228,26.74229],[89.54326,26.74266],[89.54301,26.7483],[89.54012,26.74992],[89.54029,26.75668],[89.54351,26.75918]],[[89.57895,26.75515],[89.5716,26.75639],[89.57292,26.76216],[89.58598,26.76252],[89.59202,26.75873],[89.58737,26.75381],[89.57895,26.75515]],[[89.56201,26.74863],[89.56346,26.75231],[89.56914,26.75356],[89.57985,26.75263],[89.5811,26.74829],[89.5696,26.74647],[89.56201,26.74863]]]},"properties":{"District":"Alipurduar","Dist_LGD":"328N002","Sub_dist":"Kalchini","Subdis_LGD":"2171","Subdis_Typ":"Cd_Block","Vill_name":"Buxa Hill Forest","Vill_Cat":"Rural","Vill_LGD":"307145","arr_project":"asha1,asha2"}},
{"type":"Feature","geometry":{"type":"Polygon","coordinates":[[[89.43006,26.79524],[89.42699,26.79644],[89.42183,26.7915],[89.41255,26.78652],[89.41432,26.77707],[89.4054,26.7729],[89.40259,26.76527],[89.40046,26.76287],[89.39985,26.75464],[89.40539,26.74661],[89.40378,26.74007],[89.41557,26.74226],[89.42037,26.7459],[89.42122,26.74933],[89.42924,26.7568],[89.4289,26.76832],[89.43119,26.77618],[89.44273,26.78196],[89.4454,26.78596],[89.45031,26.78939],[89.44911,26.79192],[89.44156,26.78471],[89.43745,26.78246],[89.42957,26.7851],[89.43006,26.79524]],[[89.40922,26.75821],[89.41085,26.76454],[89.4193,26.76739],[89.42557,26.76636],[89.4238,26.75925],[89.41513,26.75654],[89.40922,26.75821]]]},"properties":{"District":"Alipurduar","Dist_LGD":"328N002","Sub_dist":"Kalchini","Subdis_LGD":"2171","Subdis_Typ":"Cd_Block","Vill_name":"Bhutri Forest","Vill_Cat":"Rural","Vill_LGD":"307132","arr_project":"asha1,asha2"}},
{"type":"Feature","geometry":{"type":"Polygon","coordinates":[[[89.393,26.6773],[89.39173,26.67446],[89.39629,26.669],[89.40799,26.66938],[89.40799,26.67726],[89.40362,26.68144],[89.40752,26.69209],[89.41606,26.70128],[89.41355,26.70784],[89.40813,26.71407],[89.40827,26.71928],[89.40403,26.72533],[89.40498,26.73509],[89.40378,26.74007],[89.40539,26.74661],[89.39985,26.75464],[89.40046,26.76287],[89.40259,26.76527],[89.40684,26.79318],[89.40134,26.79559],[89.406,26.80597],[89.41774,26.81892],[89.42632,26.82546],[89.43036,26.8265],[89.43418,26.82995],[89.4465,26.83409],[89.43934,26.84037],[89.42283,26.8361],[89.42179,26.83187],[89.41503,26.82732],[89.40564,26.82135],[89.38084,26.80606],[89.37674,26.8012],[89.37764,26.78036],[89.37921,26.75571],[89.37977,26.73206],[89.3851,26.72824],[89.38617,26.72785],[89.39083,26.72481],[89.39171,26.71765],[89.39036,26.71295],[89.3926,26.714],[89.40103,26.70872],[89.39426,26.70275],[89.38814,26.70757],[89.38452,26.70358],[89.38595,26.69952],[89.39135,26.69845],[89.39173,26.69062],[89.38878,26.69029],[89.38847,26.68711],[89.3934,26.68369],[89.40215,26.68271],[89.40378,26.67806],[89.393,26.6773]]]},"properties":{"District":"Alipurduar","Dist_LGD":"328N002","Sub_dist":"Kalchini","Subdis_LGD":"2171","Subdis_Typ":"Cd_Block","Vill_name":"Gabaur Bachhra Forest","Vill_Cat":"Rural","Vill_LGD":"307122","arr_project":"asha1,asha2"}},
{"type":"Feature","geometry":{"type":"Polygon","coordinates":[[[89.35674,26.76279],[89.35659,26.73936],[89.35909,26.73168],[89.36238,26.72957],[89.3851,26.72824],[89.37977,26.73206],[89.37921,26.75571],[89.36755,26.75607],[89.36839,26.76234],[89.35674,26.76279]]]},"properties":{"District":"Alipurduar","Dist_LGD":"328N002","Sub_dist":"Kalchini","Subdis_LGD":"2171","Subdis_Typ":"Cd_Block","Vill_name":"Bharnobari Tea Garden","Vill_Cat":"Rural","Vill_LGD":"307117","arr_project":"asha1,asha2"}},
{"type":"Feature","geometry":{"type":"Polygon","coordinates":[[[89.34396,26.80637],[89.34015,26.79663],[89.34018,26.78733],[89.33564,26.77695],[89.34004,26.77549],[89.33929,26.76339],[89.35674,26.76279],[89.36839,26.76234],[89.36755,26.75607],[89.37921,26.75571],[89.37764,26.78036],[89.37674,26.8012],[89.38084,26.80606],[89.34396,26.80637]]]},"properties":{"District":"Alipurduar","Dist_LGD":"328N002","Sub_dist":"Kalchini","Subdis_LGD":"2171","Subdis_Typ":"Cd_Block","Vill_name":"Dalsingpara Tea Garden","Vill_Cat":"Rural","Vill_LGD":"307118","arr_project":"asha1,asha2"}},
{"type":"Feature","geometry":{"type":"Polygon","coordinates":[[[89.42283,26.8361],[89.41368,26.84037],[89.38975,26.84188],[89.38285,26.8364],[89.38756,26.83077],[89.38301,26.82893],[89.37084,26.83231],[89.36941,26.82831],[89.36593,26.82641],[89.36437,26.81861],[89.34902,26.82007],[89.34396,26.80637],[89.38084,26.80606],[89.40564,26.82135],[89.40363,26.82494],[89.4128,26.82996],[89.41503,26.82732],[89.42179,26.83187],[89.42283,26.8361]]]},"properties":{"District":"Alipurduar","Dist_LGD":"328N002","Sub_dist":"Kalchini","Subdis_LGD":"2171","Subdis_Typ":"Cd_Block","Vill_name":"Torsa Tea Garden","Vill_Cat":"Rural","Vill_LGD":"307119","arr_project":"asha1,asha2"}},
{"type":"Feature","geometry":{"type":"Polygon","coordinates":[[[89.38975,26.84188],[89.3835,26.85911],[89.37884,26.86221],[89.36596,26.85753],[89.36311,26.84726],[89.36252,26.84569],[89.37362,26.84511],[89.37122,26.84084],[89.37236,26.83654],[89.37084,26.83231],[89.38301,26.82893],[89.38756,26.83077],[89.38285,26.8364],[89.38975,26.84188]]]},"properties":{"District":"Alipurduar","Dist_LGD":"328N002","Sub_dist":"Kalchini","Subdis_LGD":"2171","Subdis_Typ":"Cd_Block","Vill_name":"Jaygaon (Ct)","Vill_Cat":"Partly_Urban","Vill_LGD":"307147","arr_project":"asha1,asha2"}},
{"type":"Feature","geometry":{"type":"Polygon","coordinates":[[[89.40564,26.82135],[89.41503,26.82732],[89.4128,26.82996],[89.40363,26.82494],[89.40564,26.82135]]]},"properties":{"District":"Alipurduar","Dist_LGD":"328N002","Sub_dist":"Kalchini","Subdis_LGD":"2171","Subdis_Typ":"Cd_Block","Vill_name":"Chhota Jaygaon","Vill_Cat":"Rural","Vill_LGD":"307121","arr_project":"asha1,asha2"}},
{"type":"Feature","geometry":{"type":"Polygon","coordinates":[[[89.34331,26.70921],[89.33894,26.70046],[89.34381,26.69525],[89.34826,26.69767],[89.35022,26.70475],[89.34331,26.70921]]]},"properties":{"District":"Alipurduar","Dist_LGD":"328N002","Sub_dist":"Kalchini","Subdis_LGD":"2171","Subdis_Typ":"Cd_Block","Vill_name":"Nilpara Forest","Vill_Cat":"Rural","Vill_LGD":"307108","arr_project":"asha1,asha2"}},
{"type":"Feature","geometry":{"type":"Polygon","coordinates":[[[89.34029,26.67699],[89.34279,26.67329],[89.34652,26.67642],[89.35835,26.67553],[89.35871,26.67228],[89.36582,26.67271],[89.36661,26.6755],[89.36345,26.67939],[89.36458,26.68442],[89.36197,26.68709],[89.35947,26.69284],[89.35638,26.69352],[89.35583,26.69825],[89.34826,26.69767],[89.34381,26.69525],[89.33999,26.6906],[89.34029,26.67699]]]},"properties":{"District":"Alipurduar","Dist_LGD":"328N002","Sub_dist":"Kalchini","Subdis_LGD":"2171","Subdis_Typ":"Cd_Block","Vill_name":"Madhya Satali","Vill_Cat":"Rural","Vill_LGD":"307110","arr_project":"asha1,asha2"}},
{"type":"Feature","geometry":{"type":"Polygon","coordinates":[[[89.54463,26.50363],[89.54635,26.51532],[89.5432,26.52021],[89.53712,26.5168],[89.53655,26.51406],[89.52938,26.51569],[89.5327,26.53115],[89.53196,26.53572],[89.52019,26.53576],[89.52366,26.53024],[89.52563,26.52375],[89.52243,26.52011],[89.51918,26.51982],[89.51873,26.51664],[89.52276,26.51272],[89.52286,26.50864],[89.51966,26.50704],[89.51914,26.50168],[89.52405,26.50798],[89.52988,26.50739],[89.53112,26.50517],[89.54212,26.50223],[89.54463,26.50363]]]},"properties":{"District":"Alipurduar","Dist_LGD":"328N002","Sub_dist":"Alipurduar - I","Subdis_LGD":"2173","Subdis_Typ":"Cd_Block","Vill_name":"Alipurduar Rly.Jnc. (Ct)","Vill_Cat":"Partly_Urban","Vill_LGD":"307256","arr_project":"asha1,asha2"}},
{"type":"Feature","geometry":{"type":"Polygon","coordinates":[[[89.56238,26.54111],[89.54527,26.5449],[89.53448,26.54552],[89.52984,26.54463],[89.53196,26.53572],[89.5327,26.53115],[89.53756,26.5334],[89.54024,26.53781],[89.54486,26.53355],[89.55858,26.53233],[89.55954,26.54074],[89.56238,26.54111]]]},"properties":{"District":"Alipurduar","Dist_LGD":"328N002","Sub_dist":"Alipurduar - Ii","Subdis_LGD":"2174","Subdis_Typ":"Cd_Block","Vill_name":"Purbba Majherdabri Tea Garden","Vill_Cat":"Rural","Vill_LGD":"307262","arr_project":"asha1,asha2"}},
{"type":"Feature","geometry":{"type":"Polygon","coordinates":[[[89.5902,26.54915],[89.59021,26.55042],[89.5735,26.55129],[89.5667,26.54631],[89.56238,26.54111],[89.55954,26.54074],[89.55858,26.53233],[89.54486,26.53355],[89.54674,26.52984],[89.5592,26.52789],[89.5681,26.53218],[89.57609,26.5304],[89.58246,26.53087],[89.58051,26.53511],[89.5817,26.54337],[89.583,26.54627],[89.5902,26.54915]]]},"properties":{"District":"Alipurduar","Dist_LGD":"328N002","Sub_dist":"Alipurduar - Ii","Subdis_LGD":"2174","Subdis_Typ":"Cd_Block","Vill_name":"Uttar Panialguri","Vill_Cat":"Rural","Vill_LGD":"307263","arr_project":"asha1,asha2"}},
{"type":"Feature","geometry":{"type":"Polygon","coordinates":[[[89.55287,26.51542],[89.56588,26.5179],[89.57877,26.51748],[89.58155,26.52126],[89.5837,26.52934],[89.58246,26.53087],[89.57609,26.5304],[89.5681,26.53218],[89.5592,26.52789],[89.54674,26.52984],[89.5432,26.52021],[89.54635,26.51532],[89.55287,26.51542]]]},"properties":{"District":"Alipurduar","Dist_LGD":"328N002","Sub_dist":"Alipurduar - Ii","Subdis_LGD":"2174","Subdis_Typ":"Cd_Block","Vill_name":"Dakshin Panialguri","Vill_Cat":"Rural","Vill_LGD":"307264","arr_project":"asha1,asha2"}},
{"type":"Feature","geometry":{"type":"Polygon","coordinates":[[[89.6811,26.52818],[89.68875,26.52956],[89.68725,26.53961],[89.69093,26.54451],[89.69644,26.54571],[89.70101,26.54365],[89.70258,26.54509],[89.70268,26.54731],[89.69012,26.54828],[89.68866,26.55226],[89.68417,26.55389],[89.6824,26.55332],[89.68247,26.54176],[89.68634,26.53917],[89.68106,26.53245],[89.6811,26.52818]]]},"properties":{"District":"Alipurduar","Dist_LGD":"328N002","Sub_dist":"Alipurduar - Ii","Subdis_LGD":"2174","Subdis_Typ":"Cd_Block","Vill_name":"Mahakalguri","Vill_Cat":"Rural","Vill_LGD":"307324","arr_project":"asha1,asha2"}},
{"type":"Feature","geometry":{"type":"Polygon","coordinates":[[[89.6811,26.52818],[89.68106,26.53245],[89.68634,26.53917],[89.68247,26.54176],[89.67543,26.53873],[89.66258,26.54019],[89.6621,26.53577],[89.66134,26.52799],[89.66488,26.52968],[89.6811,26.52818]]]},"properties":{"District":"Alipurduar","Dist_LGD":"328N002","Sub_dist":"Alipurduar - Ii","Subdis_LGD":"2174","Subdis_Typ":"Cd_Block","Vill_name":"Patotola","Vill_Cat":"Rural","Vill_LGD":"307305","arr_project":"asha1,asha2"}},
{"type":"Feature","geometry":{"type":"Polygon","coordinates":[[[89.69169,26.52667],[89.69606,26.53302],[89.6994,26.53269],[89.70101,26.54365],[89.69644,26.54571],[89.69093,26.54451],[89.68725,26.53961],[89.68875,26.52956],[89.6811,26.52818],[89.6755,26.52209],[89.6745,26.51616],[89.68057,26.51216],[89.68487,26.52655],[89.69169,26.52667]]]},"properties":{"District":"Alipurduar","Dist_LGD":"328N002","Sub_dist":"Alipurduar - Ii","Subdis_LGD":"2174","Subdis_Typ":"Cd_Block","Vill_name":"Dakshin Mahakalguri","Vill_Cat":"Rural","Vill_LGD":"307325","arr_project":"asha1,asha2"}},
{"type":"Feature","geometry":{"type":"Polygon","coordinates":[[[89.69628,26.51834],[89.69647,26.52145],[89.71196,26.52086],[89.71669,26.53422],[89.71356,26.53904],[89.70617,26.5403],[89.70694,26.54458],[89.70258,26.54509],[89.70101,26.54365],[89.6994,26.53269],[89.69606,26.53302],[89.69169,26.52667],[89.69064,26.51993],[89.69628,26.51834]]]},"properties":{"District":"Alipurduar","Dist_LGD":"328N002","Sub_dist":"Alipurduar - Ii","Subdis_LGD":"2174","Subdis_Typ":"Cd_Block","Vill_name":"Baro Chakirbas","Vill_Cat":"Rural","Vill_LGD":"307326","arr_project":"asha1,asha2"}},
{"type":"Feature","geometry":{"type":"Polygon","coordinates":[[[89.71669,26.53422],[89.71196,26.52086],[89.71483,26.51609],[89.7186,26.51564],[89.72162,26.51554],[89.72457,26.52142],[89.72963,26.52374],[89.72992,26.52969],[89.7282,26.53241],[89.71826,26.53101],[89.71669,26.53422]]]},"properties":{"District":"Alipurduar","Dist_LGD":"328N002","Sub_dist":"Alipurduar - Ii","Subdis_LGD":"2174","Subdis_Typ":"Cd_Block","Vill_name":"Chhota Chakirbas","Vill_Cat":"Rural","Vill_LGD":"307327","arr_project":"asha1,asha2"}},
{"type":"Feature","geometry":{"type":"Polygon","coordinates":[[[89.63105,26.50303],[89.63827,26.50439],[89.64427,26.51298],[89.65156,26.5116],[89.65163,26.51352],[89.65803,26.51719],[89.66092,26.51658],[89.66275,26.52054],[89.66351,26.52754],[89.66134,26.52799],[89.6511,26.52189],[89.63678,26.51128],[89.63528,26.51438],[89.63173,26.51101],[89.6332,26.5053],[89.63105,26.50303]]]},"properties":{"District":"Alipurduar","Dist_LGD":"328N002","Sub_dist":"Alipurduar - Ii","Subdis_LGD":"2174","Subdis_Typ":"Cd_Block","Vill_name":"Taleswarguri","Vill_Cat":"Rural","Vill_LGD":"307303","arr_project":"asha1,asha2"}},
{"type":"Feature","geometry":{"type":"Polygon","coordinates":[[[89.09571,26.72279],[89.08963,26.7298],[89.08534,26.73185],[89.08584,26.73814],[89.07736,26.73868],[89.07802,26.73295],[89.0748,26.72439],[89.08546,26.71806],[89.08756,26.71288],[89.09304,26.71221],[89.09148,26.71538],[89.0868,26.71666],[89.08827,26.72061],[89.09317,26.7193],[89.09571,26.72279]]]},"properties":{"District":"Alipurduar","Dist_LGD":"328N002","Sub_dist":"Madarihat","Subdis_LGD":"2170","Subdis_Typ":"Cd_Block","Vill_name":"Rahimpur Tea Garden","Vill_Cat":"Rural","Vill_LGD":"307060","arr_project":"asha1,asha2"}},
{"type":"Feature","geometry":{"type":"Polygon","coordinates":[[[89.15098,26.79951],[89.16142,26.79896],[89.17317,26.81833],[89.1576,26.81393],[89.15942,26.81053],[89.15404,26.80608],[89.15109,26.80612],[89.15098,26.79951]]]},"properties":{"District":"Alipurduar","Dist_LGD":"328N002","Sub_dist":"Madarihat","Subdis_LGD":"2170","Subdis_Typ":"Cd_Block","Vill_name":"Makrapara Tea Garden","Vill_Cat":"Rural","Vill_LGD":"307068","arr_project":"asha1,asha2"}},
{"type":"Feature","geometry":{"type":"Polygon","coordinates":[[[89.2031,26.73679],[89.21791,26.73467],[89.23876,26.73128],[89.23877,26.76289],[89.20495,26.76581],[89.20767,26.75773],[89.20682,26.75129],[89.20456,26.7501],[89.20293,26.74289],[89.2031,26.73679]]]},"properties":{"District":"Alipurduar","Dist_LGD":"328N002","Sub_dist":"Madarihat","Subdis_LGD":"2170","Subdis_Typ":"Cd_Block","Vill_name":"Dumchipara Tea Garden","Vill_Cat":"Rural","Vill_LGD":"307083","arr_project":"asha1,asha2"}},
{"type":"Feature","geometry":{"type":"Polygon","coordinates":[[[89.14473,26.74169],[89.14995,26.74122],[89.14959,26.73438],[89.16147,26.7332],[89.16206,26.72631],[89.16781,26.72573],[89.18778,26.72368],[89.18799,26.72504],[89.18793,26.73038],[89.18998,26.73585],[89.18836,26.73854],[89.18589,26.73975],[89.18413,26.75172],[89.18557,26.75483],[89.18661,26.7671],[89.18633,26.76983],[89.17083,26.7713],[89.15114,26.77255],[89.13218,26.77399],[89.13225,26.75612],[89.13251,26.74241],[89.14473,26.74169]]]},"properties":{"District":"Alipurduar","Dist_LGD":"328N002","Sub_dist":"Madarihat","Subdis_LGD":"2170","Subdis_Typ":"Cd_Block","Vill_name":"Dalmore Tea Garden","Vill_Cat":"Rural","Vill_LGD":"307069","arr_project":"asha1,asha2"}},
{"type":"Feature","geometry":{"type":"Polygon","coordinates":[[[89.61905,26.42763],[89.60299,26.42855],[89.60013,26.42374],[89.60263,26.41425],[89.59885,26.41324],[89.60348,26.40802],[89.61328,26.39955],[89.6172,26.40384],[89.61956,26.40975],[89.61762,26.41363],[89.61939,26.42057],[89.61699,26.42263],[89.61905,26.42763]]]},"properties":{"District":"Alipurduar","Dist_LGD":"328N002","Sub_dist":"Alipurduar - Ii","Subdis_LGD":"2174","Subdis_Typ":"Cd_Block","Vill_name":"Boragari","Vill_Cat":"Rural","Vill_LGD":"307271","arr_project":"asha1,asha2"}},
{"type":"Feature","geometry":{"type":"Polygon","coordinates":[[[89.56937,26.44135],[89.56101,26.44464],[89.5484,26.44124],[89.55199,26.43911],[89.55223,26.43156],[89.55883,26.42977],[89.55571,26.41878],[89.54973,26.41879],[89.54965,26.41508],[89.55759,26.41506],[89.55706,26.4102],[89.56453,26.4103],[89.57185,26.41832],[89.56859,26.42231],[89.56586,26.42176],[89.56422,26.42794],[89.56746,26.43394],[89.5729,26.43725],[89.56937,26.44135]]]},"properties":{"District":"Alipurduar","Dist_LGD":"328N002","Sub_dist":"Alipurduar - Ii","Subdis_LGD":"2174","Subdis_Typ":"Cd_Block","Vill_name":"Chalnirpak","Vill_Cat":"Rural","Vill_LGD":"307268","arr_project":"asha1,asha2"}},
{"type":"Feature","geometry":{"type":"Polygon","coordinates":[[[89.1029,26.62216],[89.07695,26.62465],[89.07811,26.61741],[89.07957,26.61271],[89.0898,26.60381],[89.08608,26.60117],[89.08944,26.59424],[89.09404,26.59195],[89.1001,26.5915],[89.10269,26.58838],[89.1051,26.57989],[89.10739,26.5758],[89.11053,26.57578],[89.11217,26.58282],[89.10872,26.58676],[89.11101,26.58878],[89.10454,26.59758],[89.1006,26.60052],[89.10025,26.60624],[89.1064,26.61838],[89.11166,26.61971],[89.11141,26.62169],[89.1029,26.62216]]]},"properties":{"District":"Alipurduar","Dist_LGD":"328N002","Sub_dist":"Falakata","Subdis_LGD":"2175","Subdis_Typ":"Cd_Block","Vill_name":"Sarugaon Tea Garden","Vill_Cat":"Rural","Vill_LGD":"307350","arr_project":"asha1,asha2"}},
{"type":"Feature","geometry":{"type":"Polygon","coordinates":[[[89.25974,26.77557],[89.25298,26.78288],[89.24724,26.79259],[89.2473,26.81036],[89.25167,26.81612],[89.23922,26.81872],[89.22715,26.81819],[89.19631,26.81144],[89.19091,26.80269],[89.19021,26.79703],[89.18403,26.7907],[89.1798,26.78175],[89.17335,26.77538],[89.17083,26.7713],[89.18633,26.76983],[89.18661,26.7671],[89.20342,26.76583],[89.20508,26.76959],[89.20349,26.78352],[89.22,26.78179],[89.22184,26.77653],[89.24725,26.77635],[89.25974,26.77557]],[[89.23797,26.79631],[89.23687,26.79873],[89.24012,26.79923],[89.24037,26.79685],[89.23797,26.79631]]]},"properties":{"District":"Alipurduar","Dist_LGD":"328N002","Sub_dist":"Madarihat","Subdis_LGD":"2170","Subdis_Typ":"Cd_Block","Vill_name":"Lankapara Tea Garden","Vill_Cat":"Rural","Vill_LGD":"307074","arr_project":"asha1,asha2"}},
{"type":"Feature","geometry":{"type":"Polygon","coordinates":[[[89.15801,26.78889],[89.15763,26.79088],[89.16583,26.79866],[89.17107,26.80581],[89.17219,26.81441],[89.17466,26.81877],[89.17317,26.81833],[89.16142,26.79896],[89.15098,26.79951],[89.15058,26.78914],[89.15801,26.78889]]]},"properties":{"District":"Alipurduar","Dist_LGD":"328N002","Sub_dist":"Madarihat","Subdis_LGD":"2170","Subdis_Typ":"Cd_Block","Vill_name":"Garochera Bandapani","Vill_Cat":"Rural","Vill_LGD":"307067","arr_project":"asha1,asha2"}},
{"type":"Feature","geometry":{"type":"Polygon","coordinates":[[[89.69318,26.44344],[89.68863,26.44604],[89.68864,26.44953],[89.68159,26.4513],[89.67804,26.45541],[89.67512,26.45362],[89.66089,26.45183],[89.65562,26.44888],[89.65333,26.4439],[89.65394,26.44185],[89.65301,26.43562],[89.65244,26.43095],[89.65881,26.42923],[89.6655,26.43648],[89.67776,26.43485],[89.67765,26.43312],[89.68076,26.43398],[89.68408,26.4385],[89.68392,26.44377],[89.69318,26.44344]]]},"properties":{"District":"Alipurduar","Dist_LGD":"328N002","Sub_dist":"Alipurduar - Ii","Subdis_LGD":"2174","Subdis_Typ":"Cd_Block","Vill_name":"Purba Chikliguri","Vill_Cat":"Rural","Vill_LGD":"307298","arr_project":"asha1,asha2"}},
{"type":"Feature","geometry":{"type":"Polygon","coordinates":[[[89.65301,26.43562],[89.65394,26.44185],[89.65129,26.44083],[89.65301,26.43562]]]},"properties":{"District":"Alipurduar","Dist_LGD":"328N002","Sub_dist":"Alipurduar - Ii","Subdis_LGD":"2174","Subdis_Typ":"Cd_Block","Vill_name":"Chikliguri","Vill_Cat":"Rural","Vill_LGD":"307297","arr_project":"asha1,asha2"}},
{"type":"Feature","geometry":{"type":"Polygon","coordinates":[[[89.37645,26.54113],[89.36142,26.54116],[89.35536,26.53998],[89.35821,26.5354],[89.35763,26.52748],[89.36542,26.52682],[89.36966,26.52887],[89.37344,26.52729],[89.37568,26.53502],[89.37138,26.53835],[89.37645,26.54113]]]},"properties":{"District":"Alipurduar","Dist_LGD":"328N002","Sub_dist":"Alipurduar - I","Subdis_LGD":"2173","Subdis_Typ":"Cd_Block","Vill_name":"Uttar Simlabari","Vill_Cat":"Rural","Vill_LGD":"307229","arr_project":"asha1,asha2"}},
{"type":"Feature","geometry":{"type":"Polygon","coordinates":[[[89.09409,26.69135],[89.0946,26.68869],[89.07131,26.68938],[89.06664,26.69077],[89.06477,26.68402],[89.06178,26.68079],[89.06178,26.67532],[89.06824,26.67441],[89.07241,26.67722],[89.0793,26.67693],[89.08167,26.67471],[89.09362,26.6739],[89.09324,26.67773],[89.10207,26.6766],[89.10175,26.6813],[89.09409,26.69135]]]},"properties":{"District":"Alipurduar","Dist_LGD":"328N002","Sub_dist":"Falakata","Subdis_LGD":"2175","Subdis_Typ":"Cd_Block","Vill_name":"Narasingpur","Vill_Cat":"Rural","Vill_LGD":"307339","arr_project":"asha1,asha2"}},
{"type":"Feature","geometry":{"type":"Polygon","coordinates":[[[89.13346,26.65493],[89.12747,26.65657],[89.12839,26.66327],[89.12074,26.66252],[89.10852,26.65932],[89.10949,26.64881],[89.11409,26.64358],[89.1161,26.63515],[89.11596,26.6309],[89.13169,26.63227],[89.12543,26.64517],[89.12802,26.6501],[89.13346,26.65493]],[[89.12507,26.63627],[89.12724,26.63639],[89.127,26.63382],[89.125,26.63434],[89.12507,26.63627]],[[89.11948,26.63647],[89.11806,26.63429],[89.11679,26.636],[89.11948,26.63647]]]},"properties":{"District":"Alipurduar","Dist_LGD":"328N002","Sub_dist":"Falakata","Subdis_LGD":"2175","Subdis_Typ":"Cd_Block","Vill_name":"Dalgaon Forest","Vill_Cat":"Rural","Vill_LGD":"307345","arr_project":"asha1,asha2"}},
{"type":"Feature","geometry":{"type":"Polygon","coordinates":[[[89.07642,26.66034],[89.06892,26.66153],[89.06382,26.66072],[89.0591,26.66328],[89.0545,26.65912],[89.04964,26.64844],[89.04715,26.6405],[89.05357,26.64126],[89.0683,26.63838],[89.07626,26.63875],[89.07833,26.64059],[89.07485,26.64273],[89.07211,26.64819],[89.07608,26.65233],[89.07642,26.66034]]]},"properties":{"District":"Alipurduar","Dist_LGD":"328N002","Sub_dist":"Falakata","Subdis_LGD":"2175","Subdis_Typ":"Cd_Block","Vill_name":"Deomali","Vill_Cat":"Rural","Vill_LGD":"307341","arr_project":"asha1,asha2"}},
{"type":"Feature","geometry":{"type":"Polygon","coordinates":[[[89.0683,26.63838],[89.05357,26.64126],[89.04715,26.6405],[89.04499,26.63646],[89.05015,26.62576],[89.05361,26.62132],[89.04969,26.61937],[89.05261,26.61617],[89.05313,26.61134],[89.0562,26.60969],[89.06119,26.61103],[89.06193,26.60453],[89.06687,26.60408],[89.06952,26.60724],[89.06795,26.61218],[89.07016,26.61779],[89.06757,26.6185],[89.06724,26.62547],[89.06931,26.62736],[89.06741,26.63169],[89.0683,26.63838]]]},"properties":{"District":"Alipurduar","Dist_LGD":"328N002","Sub_dist":"Falakata","Subdis_LGD":"2175","Subdis_Typ":"Cd_Block","Vill_name":"Dhanirampur","Vill_Cat":"Rural","Vill_LGD":"307348","arr_project":"asha1,asha2"}},
{"type":"Feature","geometry":{"type":"Polygon","coordinates":[[[89.07811,26.61741],[89.07695,26.62465],[89.1029,26.62216],[89.10094,26.6297],[89.10265,26.63579],[89.09905,26.63788],[89.08562,26.63908],[89.07833,26.64059],[89.07626,26.63875],[89.0683,26.63838],[89.06741,26.63169],[89.06931,26.62736],[89.06724,26.62547],[89.06757,26.6185],[89.07016,26.61779],[89.07811,26.61741]]]},"properties":{"District":"Alipurduar","Dist_LGD":"328N002","Sub_dist":"Falakata","Subdis_LGD":"2175","Subdis_Typ":"Cd_Block","Vill_name":"Khagenhat","Vill_Cat":"Rural","Vill_LGD":"307347","arr_project":"asha1,asha2"}},
{"type":"Feature","geometry":{"type":"Polygon","coordinates":[[[89.08562,26.63908],[89.09905,26.63788],[89.10691,26.63782],[89.10269,26.64728],[89.10342,26.65262],[89.10071,26.65739],[89.10267,26.66489],[89.10082,26.66852],[89.09568,26.67115],[89.0949,26.66492],[89.08557,26.66393],[89.08417,26.65772],[89.09039,26.65393],[89.08776,26.65022],[89.08562,26.63908]]]},"properties":{"District":"Alipurduar","Dist_LGD":"328N002","Sub_dist":"Falakata","Subdis_LGD":"2175","Subdis_Typ":"Cd_Block","Vill_name":"Chengmaritari","Vill_Cat":"Rural","Vill_LGD":"307343","arr_project":"asha1,asha2"}},
{"type":"Feature","geometry":{"type":"Polygon","coordinates":[[[89.19614,26.62905],[89.20287,26.6273],[89.20412,26.62296],[89.20775,26.62644],[89.20661,26.6305],[89.21014,26.63258],[89.21581,26.63953],[89.21772,26.64512],[89.21412,26.64918],[89.21519,26.65452],[89.20893,26.65881],[89.20648,26.65279],[89.20883,26.64419],[89.1982,26.64121],[89.19455,26.63445],[89.19614,26.62905]]]},"properties":{"District":"Alipurduar","Dist_LGD":"328N002","Sub_dist":"Falakata","Subdis_LGD":"2175","Subdis_Typ":"Cd_Block","Vill_name":"Purba Deogaon","Vill_Cat":"Rural","Vill_LGD":"307371","arr_project":"asha1,asha2"}},
{"type":"Feature","geometry":{"type":"Polygon","coordinates":[[[89.1982,26.64121],[89.18832,26.64407],[89.18389,26.63902],[89.18127,26.64393],[89.17721,26.64491],[89.17921,26.63934],[89.17574,26.63783],[89.18028,26.63166],[89.17887,26.62842],[89.183,26.63028],[89.18735,26.62862],[89.19614,26.62905],[89.19455,26.63445],[89.1982,26.64121]]]},"properties":{"District":"Alipurduar","Dist_LGD":"328N002","Sub_dist":"Falakata","Subdis_LGD":"2175","Subdis_Typ":"Cd_Block","Vill_name":"Madhya Deogaon","Vill_Cat":"Rural","Vill_LGD":"307373","arr_project":"asha1,asha2"}},
{"type":"Feature","geometry":{"type":"Polygon","coordinates":[[[89.16886,26.62038],[89.17266,26.61535],[89.18271,26.61202],[89.18229,26.61437],[89.18772,26.61757],[89.18706,26.62464],[89.18453,26.62537],[89.183,26.63028],[89.17887,26.62842],[89.17547,26.62504],[89.17225,26.62657],[89.16849,26.62341],[89.16886,26.62038]]]},"properties":{"District":"Alipurduar","Dist_LGD":"328N002","Sub_dist":"Falakata","Subdis_LGD":"2175","Subdis_Typ":"Cd_Block","Vill_name":"Paschim Deogaon","Vill_Cat":"Rural","Vill_LGD":"307375","arr_project":"asha1,asha2"}},
{"type":"Feature","geometry":{"type":"Polygon","coordinates":[[[89.09362,26.6739],[89.08167,26.67471],[89.0793,26.67693],[89.07241,26.67722],[89.06824,26.67441],[89.06178,26.67532],[89.06418,26.67143],[89.0591,26.66328],[89.06382,26.66072],[89.06892,26.66153],[89.07642,26.66034],[89.07943,26.66444],[89.08557,26.66393],[89.0949,26.66492],[89.09568,26.67115],[89.09362,26.6739]]]},"properties":{"District":"Alipurduar","Dist_LGD":"328N002","Sub_dist":"Falakata","Subdis_LGD":"2175","Subdis_Typ":"Cd_Block","Vill_name":"Mechhua Dhurabala Bathan","Vill_Cat":"Rural","Vill_LGD":"307340","arr_project":"asha1,asha2"}},
{"type":"Feature","geometry":{"type":"Polygon","coordinates":[[[89.07811,26.61741],[89.07016,26.61779],[89.06795,26.61218],[89.06952,26.60724],[89.06687,26.60408],[89.06193,26.60453],[89.0658,26.60157],[89.06658,26.59779],[89.07785,26.59722],[89.0829,26.59235],[89.08546,26.59655],[89.08944,26.59424],[89.08608,26.60117],[89.0898,26.60381],[89.07957,26.61271],[89.07811,26.61741]]]},"properties":{"District":"Alipurduar","Dist_LGD":"328N002","Sub_dist":"Falakata","Subdis_LGD":"2175","Subdis_Typ":"Cd_Block","Vill_name":"Ghatpar Sarugram","Vill_Cat":"Rural","Vill_LGD":"307349","arr_project":"asha1,asha2"}},
{"type":"Feature","geometry":{"type":"Polygon","coordinates":[[[89.11101,26.58878],[89.11837,26.59161],[89.12186,26.59962],[89.11946,26.60646],[89.11845,26.61289],[89.11973,26.61555],[89.11427,26.61937],[89.11166,26.61971],[89.1064,26.61838],[89.10025,26.60624],[89.1006,26.60052],[89.10454,26.59758],[89.11101,26.58878]]]},"properties":{"District":"Alipurduar","Dist_LGD":"328N002","Sub_dist":"Falakata","Subdis_LGD":"2175","Subdis_Typ":"Cd_Block","Vill_name":"Malsagaon","Vill_Cat":"Rural","Vill_LGD":"307351","arr_project":"asha1,asha2"}},
{"type":"Feature","geometry":{"type":"Polygon","coordinates":[[[89.09905,26.63788],[89.10265,26.63579],[89.10094,26.6297],[89.1029,26.62216],[89.11141,26.62169],[89.11166,26.61971],[89.11427,26.61937],[89.11682,26.62341],[89.11517,26.62552],[89.11596,26.6309],[89.1161,26.63515],[89.11409,26.64358],[89.10949,26.64881],[89.10269,26.64728],[89.10691,26.63782],[89.09905,26.63788]]]},"properties":{"District":"Alipurduar","Dist_LGD":"328N002","Sub_dist":"Falakata","Subdis_LGD":"2175","Subdis_Typ":"Cd_Block","Vill_name":"Sishabari Sarugaon","Vill_Cat":"Rural","Vill_LGD":"307346","arr_project":"asha1,asha2"}},
{"type":"Feature","geometry":{"type":"Polygon","coordinates":[[[89.14059,26.62392],[89.14104,26.62543],[89.15135,26.62347],[89.15962,26.62352],[89.16124,26.63326],[89.16006,26.63684],[89.14939,26.6386],[89.14626,26.633],[89.13417,26.63417],[89.13169,26.63227],[89.11596,26.6309],[89.11517,26.62552],[89.12431,26.62532],[89.14059,26.62392]]]},"properties":{"District":"Alipurduar","Dist_LGD":"328N002","Sub_dist":"Falakata","Subdis_LGD":"2175","Subdis_Typ":"Cd_Block","Vill_name":"Bengkandi","Vill_Cat":"Rural","Vill_LGD":"307365","arr_project":"asha1,asha2"}},
{"type":"Feature","geometry":{"type":"Polygon","coordinates":[[[89.11946,26.60646],[89.12606,26.60724],[89.1313,26.6039],[89.13505,26.60336],[89.13959,26.60814],[89.14059,26.62392],[89.12431,26.62532],[89.11517,26.62552],[89.11682,26.62341],[89.11427,26.61937],[89.11973,26.61555],[89.11845,26.61289],[89.11946,26.60646]]]},"properties":{"District":"Alipurduar","Dist_LGD":"328N002","Sub_dist":"Falakata","Subdis_LGD":"2175","Subdis_Typ":"Cd_Block","Vill_name":"Alinagar","Vill_Cat":"Rural","Vill_LGD":"307364","arr_project":"asha1,asha2"}},
{"type":"Feature","geometry":{"type":"Polygon","coordinates":[[[89.13959,26.60814],[89.14308,26.60746],[89.1421,26.60308],[89.15396,26.60255],[89.15651,26.59612],[89.1577,26.59799],[89.16572,26.59763],[89.16901,26.59926],[89.16834,26.60459],[89.1655,26.60768],[89.16363,26.61721],[89.15972,26.6169],[89.15962,26.62352],[89.15135,26.62347],[89.14104,26.62543],[89.14059,26.62392],[89.13959,26.60814]]]},"properties":{"District":"Alipurduar","Dist_LGD":"328N002","Sub_dist":"Falakata","Subdis_LGD":"2175","Subdis_Typ":"Cd_Block","Vill_name":"Hedayet Nagar","Vill_Cat":"Rural","Vill_LGD":"307363","arr_project":"asha1,asha2"}},
{"type":"Feature","geometry":{"type":"Polygon","coordinates":[[[89.18271,26.61202],[89.18278,26.60809],[89.19162,26.60557],[89.19316,26.61057],[89.19646,26.60902],[89.20346,26.61354],[89.20412,26.62296],[89.20287,26.6273],[89.19614,26.62905],[89.18735,26.62862],[89.183,26.63028],[89.18453,26.62537],[89.18706,26.62464],[89.18772,26.61757],[89.18229,26.61437],[89.18271,26.61202]]]},"properties":{"District":"Alipurduar","Dist_LGD":"328N002","Sub_dist":"Falakata","Subdis_LGD":"2175","Subdis_Typ":"Cd_Block","Vill_name":"Dakshin Deogaon","Vill_Cat":"Rural","Vill_LGD":"307372","arr_project":"asha1,asha2"}},
{"type":"Feature","geometry":{"type":"Polygon","coordinates":[[[89.16363,26.61721],[89.1655,26.60768],[89.16834,26.60459],[89.16901,26.59926],[89.16572,26.59763],[89.1577,26.59799],[89.15651,26.59612],[89.15253,26.59237],[89.17108,26.58889],[89.17256,26.59512],[89.1797,26.60259],[89.17901,26.60564],[89.18278,26.60809],[89.18271,26.61202],[89.17266,26.61535],[89.16886,26.62038],[89.16363,26.61721]]]},"properties":{"District":"Alipurduar","Dist_LGD":"328N002","Sub_dist":"Falakata","Subdis_LGD":"2175","Subdis_Typ":"Cd_Block","Vill_name":"Jhar Beltali","Vill_Cat":"Rural","Vill_LGD":"307376","arr_project":"asha1,asha2"}},
{"type":"Feature","geometry":{"type":"Polygon","coordinates":[[[89.17108,26.58889],[89.17692,26.58452],[89.17718,26.58166],[89.18434,26.58231],[89.19062,26.58632],[89.19145,26.58658],[89.19461,26.59012],[89.18754,26.59622],[89.18936,26.60051],[89.19486,26.60071],[89.19162,26.60557],[89.18278,26.60809],[89.17901,26.60564],[89.1797,26.60259],[89.17256,26.59512],[89.17108,26.58889]]]},"properties":{"District":"Alipurduar","Dist_LGD":"328N002","Sub_dist":"Falakata","Subdis_LGD":"2175","Subdis_Typ":"Cd_Block","Vill_name":"Purba Jhar Beltali","Vill_Cat":"Rural","Vill_LGD":"307377","arr_project":"asha1,asha2"}},
{"type":"Feature","geometry":{"type":"Polygon","coordinates":[[[89.1313,26.6039],[89.12919,26.59422],[89.13387,26.58774],[89.13987,26.58751],[89.14881,26.58677],[89.15253,26.59237],[89.15651,26.59612],[89.15396,26.60255],[89.1421,26.60308],[89.14308,26.60746],[89.13959,26.60814],[89.13505,26.60336],[89.1313,26.6039]]]},"properties":{"District":"Alipurduar","Dist_LGD":"328N002","Sub_dist":"Falakata","Subdis_LGD":"2175","Subdis_Typ":"Cd_Block","Vill_name":"Jateshwar","Vill_Cat":"Rural","Vill_LGD":"307400","arr_project":"asha1,asha2"}},
{"type":"Feature","geometry":{"type":"Polygon","coordinates":[[[89.11837,26.59161],[89.11759,26.58958],[89.11939,26.57993],[89.11888,26.5724],[89.12563,26.57226],[89.12306,26.57462],[89.12808,26.58671],[89.13387,26.58774],[89.12919,26.59422],[89.1313,26.6039],[89.12606,26.60724],[89.11946,26.60646],[89.12186,26.59962],[89.11837,26.59161]]]},"properties":{"District":"Alipurduar","Dist_LGD":"328N002","Sub_dist":"Falakata","Subdis_LGD":"2175","Subdis_Typ":"Cd_Block","Vill_name":"Guabar Nagar","Vill_Cat":"Rural","Vill_LGD":"307362","arr_project":"asha1,asha2"}},
{"type":"Feature","geometry":{"type":"Polygon","coordinates":[[[89.12563,26.57226],[89.11888,26.5724],[89.11939,26.57993],[89.11759,26.58958],[89.11837,26.59161],[89.11101,26.58878],[89.10872,26.58676],[89.11217,26.58282],[89.11053,26.57578],[89.10739,26.5758],[89.1051,26.57989],[89.1025,26.57655],[89.10253,26.57121],[89.09884,26.56622],[89.10179,26.56183],[89.10787,26.56408],[89.11079,26.55884],[89.12352,26.55892],[89.12141,26.5657],[89.12273,26.57088],[89.12563,26.57226]]]},"properties":{"District":"Alipurduar","Dist_LGD":"328N002","Sub_dist":"Falakata","Subdis_LGD":"2175","Subdis_Typ":"Cd_Block","Vill_name":"Pramode Nagar","Vill_Cat":"Rural","Vill_LGD":"307352","arr_project":"asha1,asha2"}},
{"type":"Feature","geometry":{"type":"Polygon","coordinates":[[[89.12141,26.5657],[89.1256,26.56491],[89.13499,26.56539],[89.14304,26.56361],[89.14329,26.56984],[89.14741,26.5705],[89.14839,26.57875],[89.14536,26.58322],[89.13987,26.58751],[89.13387,26.58774],[89.12808,26.58671],[89.12306,26.57462],[89.12563,26.57226],[89.12273,26.57088],[89.12141,26.5657]]]},"properties":{"District":"Alipurduar","Dist_LGD":"328N002","Sub_dist":"Falakata","Subdis_LGD":"2175","Subdis_Typ":"Cd_Block","Vill_name":"Kathalbari","Vill_Cat":"Rural","Vill_LGD":"307361","arr_project":"asha1,asha2"}},
{"type":"Feature","geometry":{"type":"Polygon","coordinates":[[[89.14741,26.5705],[89.15442,26.56821],[89.15536,26.56145],[89.15786,26.56162],[89.1656,26.56775],[89.16693,26.57299],[89.17132,26.58063],[89.17718,26.58166],[89.17692,26.58452],[89.17108,26.58889],[89.15253,26.59237],[89.14881,26.58677],[89.13987,26.58751],[89.14536,26.58322],[89.14839,26.57875],[89.14741,26.5705]]]},"properties":{"District":"Alipurduar","Dist_LGD":"328N002","Sub_dist":"Falakata","Subdis_LGD":"2175","Subdis_Typ":"Cd_Block","Vill_name":"Nabanagar","Vill_Cat":"Rural","Vill_LGD":"307379","arr_project":"asha1,asha2"}},
{"type":"Feature","geometry":{"type":"Polygon","coordinates":[[[89.17718,26.58166],[89.17132,26.58063],[89.16693,26.57299],[89.1656,26.56775],[89.17041,26.56552],[89.17585,26.56545],[89.17748,26.57159],[89.18334,26.5735],[89.18916,26.57218],[89.19168,26.57459],[89.19349,26.58038],[89.19062,26.58632],[89.18434,26.58231],[89.17718,26.58166]]]},"properties":{"District":"Alipurduar","Dist_LGD":"328N002","Sub_dist":"Falakata","Subdis_LGD":"2175","Subdis_Typ":"Cd_Block","Vill_name":"Beltali Bhandani","Vill_Cat":"Rural","Vill_LGD":"307378","arr_project":"asha1,asha2"}},
{"type":"Feature","geometry":{"type":"Polygon","coordinates":[[[89.17663,26.56411],[89.18544,26.56214],[89.18687,26.56384],[89.19436,26.56329],[89.19837,26.56631],[89.20563,26.56589],[89.20331,26.57625],[89.208,26.57968],[89.20938,26.58577],[89.20506,26.58642],[89.20519,26.59189],[89.2043,26.59555],[89.19959,26.59418],[89.19734,26.58995],[89.19799,26.5842],[89.19145,26.58658],[89.19062,26.58632],[89.19349,26.58038],[89.19168,26.57459],[89.18916,26.57218],[89.18334,26.5735],[89.17748,26.57159],[89.17585,26.56545],[89.17663,26.56411]]]},"properties":{"District":"Alipurduar","Dist_LGD":"328N002","Sub_dist":"Falakata","Subdis_LGD":"2175","Subdis_Typ":"Cd_Block","Vill_name":"Satpukuria","Vill_Cat":"Rural","Vill_LGD":"307382","arr_project":"asha1,asha2"}},
{"type":"Feature","geometry":{"type":"Polygon","coordinates":[[[89.12352,26.55892],[89.12362,26.55536],[89.12935,26.55467],[89.13704,26.55117],[89.1349,26.5405],[89.14543,26.54001],[89.14372,26.55009],[89.14418,26.55308],[89.15465,26.55857],[89.15536,26.56145],[89.15442,26.56821],[89.14741,26.5705],[89.14329,26.56984],[89.14304,26.56361],[89.13499,26.56539],[89.1256,26.56491],[89.12141,26.5657],[89.12352,26.55892]]]},"properties":{"District":"Alipurduar","Dist_LGD":"328N002","Sub_dist":"Falakata","Subdis_LGD":"2175","Subdis_Typ":"Cd_Block","Vill_name":"Dalimpur","Vill_Cat":"Rural","Vill_LGD":"307360","arr_project":"asha1,asha2"}},
{"type":"Feature","geometry":{"type":"Polygon","coordinates":[[[89.12352,26.55892],[89.11079,26.55884],[89.10561,26.55808],[89.10415,26.55544],[89.11283,26.54872],[89.1128,26.54674],[89.1156,26.54866],[89.12295,26.54402],[89.12546,26.53883],[89.12914,26.53624],[89.13444,26.53539],[89.1349,26.5405],[89.13704,26.55117],[89.12935,26.55467],[89.12362,26.55536],[89.12352,26.55892]]]},"properties":{"District":"Alipurduar","Dist_LGD":"328N002","Sub_dist":"Falakata","Subdis_LGD":"2175","Subdis_Typ":"Cd_Block","Vill_name":"Gokulnagar","Vill_Cat":"Rural","Vill_LGD":"307353","arr_project":"asha1,asha2"}},
{"type":"Feature","geometry":{"type":"Polygon","coordinates":[[[89.12914,26.53624],[89.12546,26.53883],[89.12295,26.54402],[89.1156,26.54866],[89.1128,26.54674],[89.11435,26.5427],[89.10901,26.54033],[89.10979,26.53658],[89.11684,26.53585],[89.12274,26.53122],[89.12328,26.52251],[89.1325,26.51924],[89.14068,26.51831],[89.14155,26.52123],[89.13813,26.52704],[89.1338,26.53065],[89.12639,26.52882],[89.12914,26.53624]]]},"properties":{"District":"Alipurduar","Dist_LGD":"328N002","Sub_dist":"Falakata","Subdis_LGD":"2175","Subdis_Typ":"Cd_Block","Vill_name":"Balasundar","Vill_Cat":"Rural","Vill_LGD":"307354","arr_project":"asha1,asha2"}},
{"type":"Feature","geometry":{"type":"Polygon","coordinates":[[[89.15465,26.55857],[89.14418,26.55308],[89.14372,26.55009],[89.14543,26.54001],[89.1349,26.5405],[89.13444,26.53539],[89.1374,26.5331],[89.14649,26.5371],[89.14992,26.54157],[89.15345,26.54118],[89.16088,26.53886],[89.1619,26.54272],[89.15849,26.54396],[89.15565,26.54917],[89.15635,26.55188],[89.15465,26.55857]]]},"properties":{"District":"Alipurduar","Dist_LGD":"328N002","Sub_dist":"Falakata","Subdis_LGD":"2175","Subdis_Typ":"Cd_Block","Vill_name":"Kshirerkote","Vill_Cat":"Rural","Vill_LGD":"307359","arr_project":"asha1,asha2"}},
{"type":"Feature","geometry":{"type":"Polygon","coordinates":[[[89.15345,26.54118],[89.14992,26.54157],[89.14649,26.5371],[89.1374,26.5331],[89.13444,26.53539],[89.12914,26.53624],[89.12639,26.52882],[89.1338,26.53065],[89.13813,26.52704],[89.14155,26.52123],[89.14068,26.51831],[89.14733,26.51835],[89.15965,26.51197],[89.15754,26.5154],[89.15816,26.52424],[89.1522,26.5258],[89.1551,26.53944],[89.15345,26.54118]]]},"properties":{"District":"Alipurduar","Dist_LGD":"328N002","Sub_dist":"Falakata","Subdis_LGD":"2175","Subdis_Typ":"Cd_Block","Vill_name":"Jaychandpur","Vill_Cat":"Rural","Vill_LGD":"307355","arr_project":"asha1,asha2"}},
{"type":"Feature","geometry":{"type":"Polygon","coordinates":[[[89.15635,26.55188],[89.16292,26.55147],[89.16516,26.54863],[89.17716,26.54728],[89.18489,26.54948],[89.19303,26.55042],[89.19699,26.55231],[89.1948,26.55629],[89.19067,26.5541],[89.1838,26.55885],[89.1781,26.56075],[89.17663,26.56411],[89.17585,26.56545],[89.17041,26.56552],[89.1656,26.56775],[89.15786,26.56162],[89.15536,26.56145],[89.15465,26.55857],[89.15635,26.55188]]]},"properties":{"District":"Alipurduar","Dist_LGD":"328N002","Sub_dist":"Falakata","Subdis_LGD":"2175","Subdis_Typ":"Cd_Block","Vill_name":"Harinathpur","Vill_Cat":"Rural","Vill_LGD":"307380","arr_project":"asha1,asha2"}},
{"type":"Feature","geometry":{"type":"Polygon","coordinates":[[[89.22088,26.56296],[89.21094,26.56387],[89.20563,26.56589],[89.19837,26.56631],[89.19436,26.56329],[89.18687,26.56384],[89.18544,26.56214],[89.17663,26.56411],[89.1781,26.56075],[89.1838,26.55885],[89.19067,26.5541],[89.1948,26.55629],[89.19699,26.55231],[89.19303,26.55042],[89.19958,26.54996],[89.20186,26.55187],[89.21235,26.54735],[89.21637,26.54969],[89.21985,26.55571],[89.22088,26.56296]]]},"properties":{"District":"Alipurduar","Dist_LGD":"328N002","Sub_dist":"Falakata","Subdis_LGD":"2175","Subdis_Typ":"Cd_Block","Vill_name":"Jogendrapur","Vill_Cat":"Rural","Vill_LGD":"307381","arr_project":"asha1,asha2"}},
{"type":"Feature","geometry":{"type":"Polygon","coordinates":[[[89.27323,26.50968],[89.25996,26.50812],[89.25059,26.50537],[89.24457,26.50531],[89.23844,26.49997],[89.23532,26.50204],[89.23861,26.50657],[89.22864,26.50816],[89.22744,26.5027],[89.23137,26.5019],[89.24038,26.49629],[89.24371,26.49171],[89.26284,26.49006],[89.26604,26.49671],[89.27048,26.50377],[89.26939,26.50624],[89.27323,26.50968]]]},"properties":{"District":"Alipurduar","Dist_LGD":"328N002","Sub_dist":"Falakata","Subdis_LGD":"2175","Subdis_Typ":"Cd_Block","Vill_name":"Kalipur","Vill_Cat":"Rural","Vill_LGD":"307398","arr_project":"asha1,asha2"}},
{"type":"Feature","geometry":{"type":"Polygon","coordinates":[[[89.25108,26.53519],[89.25316,26.53082],[89.24862,26.52367],[89.25112,26.51775],[89.25446,26.51977],[89.2592,26.51866],[89.25642,26.51464],[89.2736,26.51574],[89.27395,26.51868],[89.27433,26.52108],[89.27396,26.52628],[89.26635,26.52667],[89.26649,26.53155],[89.25108,26.53519]]]},"properties":{"District":"Alipurduar","Dist_LGD":"328N002","Sub_dist":"Falakata","Subdis_LGD":"2175","Subdis_Typ":"Cd_Block","Vill_name":"Bangshidharpur","Vill_Cat":"Rural","Vill_LGD":"307396","arr_project":"asha1,asha2"}},
{"type":"Feature","geometry":{"type":"Polygon","coordinates":[[[89.21377,26.51849],[89.21579,26.51404],[89.22195,26.51193],[89.22924,26.51434],[89.22687,26.51888],[89.22766,26.52302],[89.23173,26.52722],[89.23011,26.53236],[89.22,26.53663],[89.21797,26.53613],[89.22041,26.52249],[89.21377,26.51849]]]},"properties":{"District":"Alipurduar","Dist_LGD":"328N002","Sub_dist":"Falakata","Subdis_LGD":"2175","Subdis_Typ":"Cd_Block","Vill_name":"Dakshin Parangarpar","Vill_Cat":"Partly_Urban","Vill_LGD":"307394","arr_project":"asha1,asha2"}},
{"type":"Feature","geometry":{"type":"Polygon","coordinates":[[[89.21637,26.54969],[89.22323,26.54746],[89.22165,26.54328],[89.22604,26.54561],[89.2329,26.54349],[89.23556,26.53997],[89.24195,26.54052],[89.24562,26.54373],[89.24935,26.54197],[89.24546,26.54479],[89.24935,26.56098],[89.24682,26.56204],[89.23932,26.56284],[89.23242,26.56156],[89.22088,26.56296],[89.21985,26.55571],[89.21637,26.54969]]]},"properties":{"District":"Alipurduar","Dist_LGD":"328N002","Sub_dist":"Falakata","Subdis_LGD":"2175","Subdis_Typ":"Cd_Block","Vill_name":"Kunjanagar","Vill_Cat":"Rural","Vill_LGD":"307392","arr_project":"asha1,asha2"}},
{"type":"Feature","geometry":{"type":"Polygon","coordinates":[[[89.20563,26.56589],[89.21094,26.56387],[89.22088,26.56296],[89.23242,26.56156],[89.23932,26.56284],[89.23661,26.56743],[89.24304,26.57636],[89.24256,26.57902],[89.23545,26.5829],[89.22951,26.58476],[89.22579,26.58085],[89.21413,26.58492],[89.20938,26.58577],[89.208,26.57968],[89.20331,26.57625],[89.20563,26.56589]]]},"properties":{"District":"Alipurduar","Dist_LGD":"328N002","Sub_dist":"Falakata","Subdis_LGD":"2175","Subdis_Typ":"Cd_Block","Vill_name":"Mairadanga","Vill_Cat":"Rural","Vill_LGD":"307383","arr_project":"asha1,asha2"}},
{"type":"Feature","geometry":{"type":"Polygon","coordinates":[[[89.23545,26.5829],[89.24256,26.57902],[89.24304,26.57636],[89.23661,26.56743],[89.23932,26.56284],[89.24682,26.56204],[89.24815,26.57087],[89.25674,26.57853],[89.25642,26.58191],[89.26102,26.58411],[89.26032,26.58762],[89.25604,26.58777],[89.25117,26.59216],[89.25068,26.59807],[89.24537,26.59746],[89.24798,26.59323],[89.24173,26.5909],[89.23667,26.59097],[89.23893,26.58423],[89.23545,26.5829]]]},"properties":{"District":"Alipurduar","Dist_LGD":"328N002","Sub_dist":"Falakata","Subdis_LGD":"2175","Subdis_Typ":"Cd_Block","Vill_name":"Lachhmandabri","Vill_Cat":"Rural","Vill_LGD":"307391","arr_project":"asha1,asha2"}},
{"type":"Feature","geometry":{"type":"Polygon","coordinates":[[[89.20938,26.58577],[89.21413,26.58492],[89.22579,26.58085],[89.22951,26.58476],[89.23545,26.5829],[89.23893,26.58423],[89.23667,26.59097],[89.24173,26.5909],[89.24798,26.59323],[89.24537,26.59746],[89.23894,26.59939],[89.22933,26.60274],[89.2269,26.60191],[89.22119,26.60509],[89.21227,26.59521],[89.20838,26.59688],[89.20519,26.59189],[89.20506,26.58642],[89.20938,26.58577]]]},"properties":{"District":"Alipurduar","Dist_LGD":"328N002","Sub_dist":"Falakata","Subdis_LGD":"2175","Subdis_Typ":"Cd_Block","Vill_name":"Talukertari","Vill_Cat":"Rural","Vill_LGD":"307384","arr_project":"asha1,asha2"}},
{"type":"Feature","geometry":{"type":"Polygon","coordinates":[[[89.20838,26.59688],[89.21227,26.59521],[89.22119,26.60509],[89.2269,26.60191],[89.22933,26.60274],[89.23894,26.59939],[89.24005,26.60545],[89.237,26.607],[89.23655,26.61203],[89.2399,26.61643],[89.23318,26.61691],[89.2286,26.61499],[89.21709,26.61605],[89.21479,26.60911],[89.21074,26.60753],[89.21246,26.60332],[89.20838,26.59688]]]},"properties":{"District":"Alipurduar","Dist_LGD":"328N002","Sub_dist":"Falakata","Subdis_LGD":"2175","Subdis_Typ":"Cd_Block","Vill_name":"Chhota Salkumar","Vill_Cat":"Rural","Vill_LGD":"307385","arr_project":"asha1,asha2"}},
{"type":"Feature","geometry":{"type":"Polygon","coordinates":[[[89.24537,26.59746],[89.25068,26.59807],[89.25117,26.59216],[89.25604,26.58777],[89.26032,26.58762],[89.26102,26.58411],[89.26605,26.58771],[89.27074,26.5875],[89.26949,26.59901],[89.27291,26.608],[89.26764,26.60561],[89.25602,26.60848],[89.25478,26.61007],[89.24666,26.60532],[89.24005,26.60545],[89.23894,26.59939],[89.24537,26.59746]]]},"properties":{"District":"Alipurduar","Dist_LGD":"328N002","Sub_dist":"Falakata","Subdis_LGD":"2175","Subdis_Typ":"Cd_Block","Vill_name":"Sibnathpur","Vill_Cat":"Rural","Vill_LGD":"307390","arr_project":"asha1,asha2"}},
{"type":"Feature","geometry":{"type":"Polygon","coordinates":[[[89.2399,26.61643],[89.23655,26.61203],[89.237,26.607],[89.24005,26.60545],[89.24666,26.60532],[89.25478,26.61007],[89.2542,26.6143],[89.25923,26.61494],[89.25993,26.61867],[89.25316,26.61991],[89.25393,26.62894],[89.24574,26.62541],[89.23973,26.62784],[89.23642,26.62183],[89.24059,26.62048],[89.2399,26.61643]]]},"properties":{"District":"Alipurduar","Dist_LGD":"328N002","Sub_dist":"Falakata","Subdis_LGD":"2175","Subdis_Typ":"Cd_Block","Vill_name":"Badaitari","Vill_Cat":"Rural","Vill_LGD":"307389","arr_project":"asha1,asha2"}},
{"type":"Feature","geometry":{"type":"Polygon","coordinates":[[[89.25393,26.62894],[89.25316,26.61991],[89.25993,26.61867],[89.25923,26.61494],[89.2542,26.6143],[89.25478,26.61007],[89.25602,26.60848],[89.26764,26.60561],[89.27291,26.608],[89.27609,26.61328],[89.27391,26.62187],[89.27559,26.62526],[89.28364,26.62988],[89.28103,26.63548],[89.2564,26.63603],[89.25393,26.62894]]]},"properties":{"District":"Alipurduar","Dist_LGD":"328N002","Sub_dist":"Falakata","Subdis_LGD":"2175","Subdis_Typ":"Cd_Block","Vill_name":"Khauchandpara","Vill_Cat":"Rural","Vill_LGD":"307388","arr_project":"asha1,asha2"}},
{"type":"Feature","geometry":{"type":"Polygon","coordinates":[[[89.24096,26.64943],[89.23979,26.6442],[89.23731,26.6418],[89.2424,26.63901],[89.23732,26.6337],[89.24085,26.63236],[89.23973,26.62784],[89.24574,26.62541],[89.25393,26.62894],[89.2564,26.63603],[89.28103,26.63548],[89.27849,26.64158],[89.26656,26.64775],[89.26121,26.64672],[89.24928,26.6482],[89.24096,26.64943]]]},"properties":{"District":"Alipurduar","Dist_LGD":"328N002","Sub_dist":"Falakata","Subdis_LGD":"2175","Subdis_Typ":"Cd_Block","Vill_name":"Umacharanpur","Vill_Cat":"Rural","Vill_LGD":"307387","arr_project":"asha1,asha2"}},
{"type":"Feature","geometry":{"type":"Polygon","coordinates":[[[89.21709,26.61605],[89.2286,26.61499],[89.23318,26.61691],[89.2399,26.61643],[89.24059,26.62048],[89.23642,26.62183],[89.23973,26.62784],[89.24085,26.63236],[89.23732,26.6337],[89.2424,26.63901],[89.23731,26.6418],[89.23979,26.6442],[89.24096,26.64943],[89.23421,26.65026],[89.23606,26.64455],[89.23358,26.63658],[89.23108,26.6367],[89.22573,26.62387],[89.22054,26.6242],[89.21709,26.61605]]]},"properties":{"District":"Alipurduar","Dist_LGD":"328N002","Sub_dist":"Falakata","Subdis_LGD":"2175","Subdis_Typ":"Cd_Block","Vill_name":"Paschim Salkumar","Vill_Cat":"Rural","Vill_LGD":"307386","arr_project":"asha1,asha2"}},
{"type":"Feature","geometry":{"type":"Polygon","coordinates":[[[89.69277,26.63753],[89.69017,26.63754],[89.69002,26.646],[89.66129,26.64632],[89.66387,26.6425],[89.66587,26.63571],[89.665,26.62644],[89.66397,26.62201],[89.66384,26.62028],[89.66854,26.62248],[89.67767,26.62215],[89.68853,26.62071],[89.68835,26.62796],[89.68556,26.63532],[89.6928,26.63348],[89.69277,26.63753]]]},"properties":{"District":"Alipurduar","Dist_LGD":"328N002","Sub_dist":"Alipurduar - Ii","Subdis_LGD":"2174","Subdis_Typ":"Cd_Block","Vill_name":"Nurpur","Vill_Cat":"Rural","Vill_LGD":"307316","arr_project":"asha1,asha2"}},
{"type":"Feature","geometry":{"type":"Polygon","coordinates":[[[89.68853,26.62071],[89.6885,26.61664],[89.69957,26.615],[89.70956,26.61821],[89.71181,26.62521],[89.70917,26.62571],[89.7125,26.63788],[89.69277,26.63753],[89.6928,26.63348],[89.68556,26.63532],[89.68835,26.62796],[89.68853,26.62071]]]},"properties":{"District":"Alipurduar","Dist_LGD":"328N002","Sub_dist":"Alipurduar - Ii","Subdis_LGD":"2174","Subdis_Typ":"Cd_Block","Vill_name":"Turturi","Vill_Cat":"Rural","Vill_LGD":"307317","arr_project":"asha1,asha2"}},
{"type":"Feature","geometry":{"type":"Polygon","coordinates":[[[89.72633,26.624],[89.72036,26.62451],[89.72056,26.63808],[89.7125,26.63788],[89.70917,26.62571],[89.71181,26.62521],[89.70956,26.61821],[89.70736,26.60795],[89.71304,26.60513],[89.71376,26.60932],[89.7208,26.60919],[89.72567,26.60931],[89.72633,26.624]]]},"properties":{"District":"Alipurduar","Dist_LGD":"328N002","Sub_dist":"Alipurduar - Ii","Subdis_LGD":"2174","Subdis_Typ":"Cd_Block","Vill_name":"Dhaolajhora","Vill_Cat":"Rural","Vill_LGD":"307318","arr_project":"asha1,asha2"}},
{"type":"Feature","geometry":{"type":"Polygon","coordinates":[[[89.68853,26.62071],[89.67767,26.62215],[89.66854,26.62248],[89.66384,26.62028],[89.66313,26.61088],[89.66404,26.6078],[89.67074,26.60777],[89.67252,26.60498],[89.68282,26.60554],[89.69979,26.60967],[89.70052,26.60665],[89.70736,26.60795],[89.70956,26.61821],[89.69957,26.615],[89.6885,26.61664],[89.68853,26.62071]]]},"properties":{"District":"Alipurduar","Dist_LGD":"328N002","Sub_dist":"Alipurduar - Ii","Subdis_LGD":"2174","Subdis_Typ":"Cd_Block","Vill_name":"Damsibad","Vill_Cat":"Rural","Vill_LGD":"307315","arr_project":"asha1,asha2"}},
{"type":"Feature","geometry":{"type":"Polygon","coordinates":[[[89.68957,26.66027],[89.67204,26.66065],[89.67189,26.67535],[89.64809,26.67543],[89.64772,26.67339],[89.6553,26.66782],[89.66007,26.6617],[89.66129,26.64632],[89.69002,26.646],[89.68957,26.66027]]]},"properties":{"District":"Alipurduar","Dist_LGD":"328N002","Sub_dist":"Kumargram","Subdis_LGD":"2172","Subdis_Typ":"Cd_Block","Vill_name":"Chuniajhora Tea Garden","Vill_Cat":"Rural","Vill_LGD":"307153","arr_project":"asha1,asha2"}},
{"type":"Feature","geometry":{"type":"Polygon","coordinates":[[[89.74497,26.6659],[89.73421,26.66681],[89.72064,26.66678],[89.72119,26.66048],[89.73573,26.66006],[89.73695,26.6457],[89.73663,26.63757],[89.74034,26.63714],[89.75749,26.63742],[89.75137,26.64819],[89.74777,26.65947],[89.74516,26.66134],[89.74497,26.6659]]]},"properties":{"District":"Alipurduar","Dist_LGD":"328N002","Sub_dist":"Kumargram","Subdis_LGD":"2172","Subdis_Typ":"Cd_Block","Vill_name":"Turturi Tea Garden","Vill_Cat":"Rural","Vill_LGD":"307159","arr_project":"asha1,asha2"}},
{"type":"Feature","geometry":{"type":"Polygon","coordinates":[[[89.10175,26.6813],[89.10442,26.68096],[89.10989,26.67475],[89.11464,26.67428],[89.12531,26.67798],[89.12591,26.68581],[89.12415,26.69402],[89.12576,26.70139],[89.12502,26.70765],[89.12276,26.71397],[89.09948,26.71591],[89.09711,26.70957],[89.09778,26.70574],[89.09417,26.70262],[89.09409,26.69135],[89.10175,26.6813]]]},"properties":{"District":"Alipurduar","Dist_LGD":"328N002","Sub_dist":"Madarihat","Subdis_LGD":"2170","Subdis_Typ":"Cd_Block","Vill_name":"Dimdima Tea Garden","Vill_Cat":"Rural","Vill_LGD":"307062","arr_project":"asha1,asha2"}},
{"type":"Feature","geometry":{"type":"Polygon","coordinates":[[[89.11007,26.76876],[89.10997,26.76356],[89.09386,26.76423],[89.09064,26.76088],[89.09321,26.75619],[89.09147,26.75233],[89.09617,26.74989],[89.09394,26.74502],[89.10076,26.74174],[89.09874,26.7386],[89.10345,26.73629],[89.10536,26.74123],[89.1058,26.74795],[89.10824,26.74936],[89.112,26.75823],[89.11454,26.76186],[89.11395,26.76523],[89.11007,26.76876]]]},"properties":{"District":"Alipurduar","Dist_LGD":"328N002","Sub_dist":"Madarihat","Subdis_LGD":"2170","Subdis_Typ":"Cd_Block","Vill_name":"Jaybirpara Tea Garden","Vill_Cat":"Rural","Vill_LGD":"307065","arr_project":"asha1,asha2"}},
{"type":"Feature","geometry":{"type":"Polygon","coordinates":[[[89.54351,26.78505],[89.53455,26.78505],[89.53943,26.77854],[89.53989,26.77374],[89.5368,26.76754],[89.53953,26.76393],[89.54488,26.76673],[89.54993,26.77183],[89.54444,26.7791],[89.54351,26.78505]]]},"properties":{"District":"Alipurduar","Dist_LGD":"328N002","Sub_dist":"Kalchini","Subdis_LGD":"2171","Subdis_Typ":"Cd_Block","Vill_name":"Adma Phulbari","Vill_Cat":"Rural","Vill_LGD":"307145N165","arr_project":"asha1,asha2"}},
{"type":"Feature","geometry":{"type":"Polygon","coordinates":[[[89.35101,26.5391],[89.34883,26.54333],[89.3447,26.5442],[89.33755,26.54291],[89.33528,26.53839],[89.33664,26.53525],[89.33863,26.53292],[89.34479,26.53169],[89.34351,26.53742],[89.35101,26.5391]]]},"properties":{"District":"Alipurduar","Dist_LGD":"328N002","Sub_dist":"Alipurduar - I","Subdis_LGD":"2173","Subdis_Typ":"Cd_Block","Vill_name":"Chilapata Kumari","Vill_Cat":"Rural","Vill_LGD":"307218N187","arr_project":"asha1,asha2"}},
{"type":"Feature","geometry":{"type":"Polygon","coordinates":[[[89.37653,26.54111],[89.36831,26.5472],[89.36335,26.54661],[89.36142,26.54116],[89.37645,26.54113],[89.37653,26.54111]]]},"properties":{"District":"Alipurduar","Dist_LGD":"328N002","Sub_dist":"Alipurduar - I","Subdis_LGD":"2173","Subdis_Typ":"Cd_Block","Vill_name":"Kurmai","Vill_Cat":"Rural","Vill_LGD":"307218N188","arr_project":"asha1,asha2"}},
{"type":"Feature","geometry":{"type":"Polygon","coordinates":[[[89.3958,26.54541],[89.39538,26.55037],[89.38315,26.55169],[89.38086,26.54275],[89.38266,26.54088],[89.38905,26.54313],[89.3958,26.54541]]]},"properties":{"District":"Alipurduar","Dist_LGD":"328N002","Sub_dist":"Alipurduar - I","Subdis_LGD":"2173","Subdis_Typ":"Cd_Block","Vill_name":"Andu Busti","Vill_Cat":"Rural","Vill_LGD":"307218N189","arr_project":"asha1,asha2"}},
{"type":"Feature","geometry":{"type":"Polygon","coordinates":[[[89.4138,26.5509],[89.41203,26.56016],[89.41258,26.56375],[89.40776,26.56663],[89.40762,26.5581],[89.40549,26.55125],[89.41051,26.54868],[89.4138,26.5509]]]},"properties":{"District":"Alipurduar","Dist_LGD":"328N002","Sub_dist":"Alipurduar - I","Subdis_LGD":"2173","Subdis_Typ":"Cd_Block","Vill_name":"Bania","Vill_Cat":"Rural","Vill_LGD":"307218N190","arr_project":"asha1,asha2"}},
{"type":"Feature","geometry":{"type":"Polygon","coordinates":[[[89.40223,26.61132],[89.39076,26.61611],[89.38634,26.61069],[89.38789,26.6071],[89.39415,26.60633],[89.39888,26.60797],[89.40223,26.61132]]]},"properties":{"District":"Alipurduar","Dist_LGD":"328N002","Sub_dist":"Alipurduar - I","Subdis_LGD":"2173","Subdis_Typ":"Cd_Block","Vill_name":"Motharam","Vill_Cat":"Rural","Vill_LGD":"307218N090","arr_project":"asha1,asha2"}},
{"type":"Feature","geometry":{"type":"Polygon","coordinates":[[[89.38857,26.59347],[89.39302,26.59576],[89.3933,26.60128],[89.38398,26.60395],[89.37661,26.60104],[89.37548,26.59624],[89.37993,26.59322],[89.38857,26.59347]]]},"properties":{"District":"Alipurduar","Dist_LGD":"328N002","Sub_dist":"Alipurduar - I","Subdis_LGD":"2173","Subdis_Typ":"Cd_Block","Vill_name":"Kodal Basti","Vill_Cat":"Rural","Vill_LGD":"307218N191","arr_project":"asha1,asha2"}},
{"type":"Feature","geometry":{"type":"Polygon","coordinates":[[[89.38878,26.69029],[89.38791,26.6952],[89.37951,26.69808],[89.37855,26.69218],[89.37308,26.69416],[89.37185,26.69871],[89.36514,26.69935],[89.36193,26.69455],[89.36579,26.6914],[89.36197,26.68709],[89.36458,26.68442],[89.36345,26.67939],[89.36661,26.6755],[89.38488,26.67662],[89.39266,26.67851],[89.3934,26.68369],[89.38847,26.68711],[89.38878,26.69029]]]},"properties":{"District":"Alipurduar","Dist_LGD":"328N002","Sub_dist":"Kalchini","Subdis_LGD":"2171","Subdis_Typ":"Cd_Block","Vill_name":"Satali Mandalpara","Vill_Cat":"Rural","Vill_LGD":"307112","arr_project":"asha1,asha2"}},
{"type":"Feature","geometry":{"type":"Polygon","coordinates":[[[89.36601,26.65949],[89.36672,26.65408],[89.37754,26.65056],[89.38358,26.6459],[89.40006,26.62897],[89.40377,26.63102],[89.40276,26.63703],[89.39755,26.63938],[89.39541,26.65341],[89.39616,26.65689],[89.39214,26.65971],[89.38275,26.65723],[89.36601,26.65949]]]},"properties":{"District":"Alipurduar","Dist_LGD":"328N002","Sub_dist":"Kalchini","Subdis_LGD":"2171","Subdis_Typ":"Cd_Block","Vill_name":"Dakshin Satali","Vill_Cat":"Rural","Vill_LGD":"307123","arr_project":"asha1,asha2"}},
{"type":"Feature","geometry":{"type":"Polygon","coordinates":[[[89.40879,26.62555],[89.41555,26.62186],[89.41551,26.61929],[89.42255,26.61333],[89.42309,26.61611],[89.43268,26.61491],[89.43277,26.61772],[89.42499,26.6274],[89.43098,26.63457],[89.43136,26.63897],[89.42922,26.64957],[89.42052,26.65237],[89.41258,26.65147],[89.41438,26.64644],[89.4184,26.64127],[89.41434,26.63814],[89.41692,26.63379],[89.40879,26.62555]]]},"properties":{"District":"Alipurduar","Dist_LGD":"328N002","Sub_dist":"Kalchini","Subdis_LGD":"2171","Subdis_Typ":"Cd_Block","Vill_name":"Dakshin Latabari","Vill_Cat":"Rural","Vill_LGD":"307129","arr_project":"asha1,asha2"}},
{"type":"Feature","geometry":{"type":"Polygon","coordinates":[[[89.39888,26.60797],[89.40025,26.60115],[89.40659,26.59724],[89.40999,26.601],[89.41672,26.59797],[89.41836,26.60347],[89.42249,26.60705],[89.42255,26.61333],[89.41551,26.61929],[89.41555,26.62186],[89.40879,26.62555],[89.40377,26.63102],[89.40006,26.62897],[89.39981,26.62558],[89.40303,26.62155],[89.4037,26.61661],[89.40223,26.61132],[89.39888,26.60797]]]},"properties":{"District":"Alipurduar","Dist_LGD":"328N002","Sub_dist":"Kalchini","Subdis_LGD":"2171","Subdis_Typ":"Cd_Block","Vill_name":"Uttar Mandabari","Vill_Cat":"Rural","Vill_LGD":"307125","arr_project":"asha1,asha2"}},
{"type":"Feature","geometry":{"type":"Polygon","coordinates":[[[89.42713,26.59115],[89.42798,26.58263],[89.43003,26.58095],[89.44599,26.5804],[89.44672,26.58859],[89.44327,26.5919],[89.43915,26.6024],[89.43283,26.60991],[89.43268,26.61491],[89.42309,26.61611],[89.42255,26.61333],[89.42249,26.60705],[89.41836,26.60347],[89.41672,26.59797],[89.41859,26.59489],[89.42713,26.59115]]]},"properties":{"District":"Alipurduar","Dist_LGD":"328N002","Sub_dist":"Kalchini","Subdis_LGD":"2171","Subdis_Typ":"Cd_Block","Vill_name":"Nimti Domohani","Vill_Cat":"Rural","Vill_LGD":"307128","arr_project":"asha1,asha2"}},
{"type":"Feature","geometry":{"type":"Polygon","coordinates":[[[89.44599,26.5804],[89.43003,26.58095],[89.42798,26.58263],[89.42713,26.59115],[89.41999,26.5867],[89.4208,26.57746],[89.42355,26.57515],[89.41804,26.56941],[89.42164,26.56617],[89.42233,26.56987],[89.4282,26.57036],[89.43312,26.56878],[89.43262,26.56447],[89.43512,26.55983],[89.43868,26.55774],[89.43781,26.55357],[89.4429,26.55287],[89.44323,26.55906],[89.44392,26.56509],[89.44494,26.56609],[89.44599,26.5804]]]},"properties":{"District":"Alipurduar","Dist_LGD":"328N002","Sub_dist":"Kalchini","Subdis_LGD":"2171","Subdis_Typ":"Cd_Block","Vill_name":"Nimtijhora Tea Garden","Vill_Cat":"Rural","Vill_LGD":"307127","arr_project":"asha1,asha2"}},
{"type":"Feature","geometry":{"type":"Polygon","coordinates":[[[89.40378,26.74007],[89.40498,26.73509],[89.40403,26.72533],[89.40827,26.71928],[89.41251,26.72519],[89.4153,26.73133],[89.41436,26.73584],[89.41557,26.74226],[89.40378,26.74007]]]},"properties":{"District":"Alipurduar","Dist_LGD":"328N002","Sub_dist":"Kalchini","Subdis_LGD":"2171","Subdis_Typ":"Cd_Block","Vill_name":"Chuapara","Vill_Cat":"Rural","Vill_LGD":"307135","arr_project":"asha1,asha2"}},
{"type":"Feature","geometry":{"type":"Polygon","coordinates":[[[89.68982,26.59193],[89.69939,26.59153],[89.69764,26.59724],[89.70052,26.60665],[89.69979,26.60967],[89.68282,26.60554],[89.67252,26.60498],[89.67666,26.60122],[89.67246,26.5942],[89.67446,26.59288],[89.67996,26.59374],[89.68982,26.59193]]]},"properties":{"District":"Alipurduar","Dist_LGD":"328N002","Sub_dist":"Alipurduar - Ii","Subdis_LGD":"2174","Subdis_Typ":"Cd_Block","Vill_name":"Simlabari","Vill_Cat":"Rural","Vill_LGD":"307314","arr_project":"asha1,asha2"}},
{"type":"Feature","geometry":{"type":"Polygon","coordinates":[[[89.71304,26.60513],[89.70736,26.60795],[89.70052,26.60665],[89.69764,26.59724],[89.69939,26.59153],[89.68982,26.59193],[89.68767,26.58812],[89.69153,26.58505],[89.69142,26.58142],[89.69503,26.58517],[89.6998,26.58516],[89.71362,26.58395],[89.71203,26.58838],[89.70998,26.59507],[89.71304,26.60513]]]},"properties":{"District":"Alipurduar","Dist_LGD":"328N002","Sub_dist":"Alipurduar - Ii","Subdis_LGD":"2174","Subdis_Typ":"Cd_Block","Vill_name":"Loknathpur","Vill_Cat":"Rural","Vill_LGD":"307320","arr_project":"asha1,asha2"}},
{"type":"Feature","geometry":{"type":"Polygon","coordinates":[[[89.65132,26.58456],[89.65722,26.58439],[89.67574,26.58545],[89.68256,26.5847],[89.68201,26.582],[89.68827,26.57917],[89.69142,26.58142],[89.69153,26.58505],[89.68767,26.58812],[89.68982,26.59193],[89.67996,26.59374],[89.67446,26.59288],[89.66416,26.59337],[89.66,26.59094],[89.6545,26.58972],[89.65132,26.58456]]]},"properties":{"District":"Alipurduar","Dist_LGD":"328N002","Sub_dist":"Alipurduar - Ii","Subdis_LGD":"2174","Subdis_Typ":"Cd_Block","Vill_name":"Dangi","Vill_Cat":"Rural","Vill_LGD":"307312","arr_project":"asha1,asha2"}},
{"type":"Feature","geometry":{"type":"Polygon","coordinates":[[[89.7208,26.60919],[89.7194,26.60214],[89.72214,26.59296],[89.72079,26.58972],[89.72377,26.58505],[89.74413,26.60517],[89.72625,26.60624],[89.72567,26.60931],[89.7208,26.60919]]]},"properties":{"District":"Alipurduar","Dist_LGD":"328N002","Sub_dist":"Alipurduar - Ii","Subdis_LGD":"2174","Subdis_Typ":"Cd_Block","Vill_name":"Uttar Rampur","Vill_Cat":"Rural","Vill_LGD":"307319","arr_project":"asha1,asha2"}},
{"type":"Feature","geometry":{"type":"Polygon","coordinates":[[[89.71203,26.56149],[89.71695,26.58432],[89.71362,26.58395],[89.6998,26.58516],[89.6986,26.58147],[89.6995,26.57319],[89.69819,26.56135],[89.70227,26.56104],[89.70491,26.5516],[89.71153,26.54995],[89.71429,26.54781],[89.7151,26.55669],[89.71427,26.55874],[89.71173,26.55922],[89.71203,26.56149]]]},"properties":{"District":"Alipurduar","Dist_LGD":"328N002","Sub_dist":"Alipurduar - Ii","Subdis_LGD":"2174","Subdis_Typ":"Cd_Block","Vill_name":"Dhaola Jhora Tea Garden","Vill_Cat":"Rural","Vill_LGD":"307321","arr_project":"asha1,asha2"}},
{"type":"Feature","geometry":{"type":"Polygon","coordinates":[[[89.66728,26.55871],[89.67938,26.55818],[89.68198,26.55957],[89.68308,26.5655],[89.68064,26.56849],[89.68595,26.57175],[89.68312,26.57409],[89.68827,26.57917],[89.68201,26.582],[89.68256,26.5847],[89.67574,26.58545],[89.67243,26.5767],[89.6748,26.57209],[89.67012,26.56817],[89.66728,26.55871]]]},"properties":{"District":"Alipurduar","Dist_LGD":"328N002","Sub_dist":"Alipurduar - Ii","Subdis_LGD":"2174","Subdis_Typ":"Cd_Block","Vill_name":"Garokhuta","Vill_Cat":"Rural","Vill_LGD":"307311","arr_project":"asha1,asha2"}},
{"type":"Feature","geometry":{"type":"Polygon","coordinates":[[[89.65566,26.5764],[89.66087,26.57756],[89.67107,26.57573],[89.67243,26.5767],[89.67574,26.58545],[89.65722,26.58439],[89.65132,26.58456],[89.64805,26.58041],[89.65566,26.5764]]]},"properties":{"District":"Alipurduar","Dist_LGD":"328N002","Sub_dist":"Alipurduar - Ii","Subdis_LGD":"2174","Subdis_Typ":"Cd_Block","Vill_name":"Sambalpur","Vill_Cat":"Rural","Vill_LGD":"307310","arr_project":"asha1,asha2"}},
{"type":"Feature","geometry":{"type":"Polygon","coordinates":[[[89.64286,26.56789],[89.65023,26.56728],[89.65566,26.5764],[89.64805,26.58041],[89.64286,26.56789]]]},"properties":{"District":"Alipurduar","Dist_LGD":"328N002","Sub_dist":"Alipurduar - Ii","Subdis_LGD":"2174","Subdis_Typ":"Cd_Block","Vill_name":"Purba Jitpur","Vill_Cat":"Rural","Vill_LGD":"307309","arr_project":"asha1,asha2"}},
{"type":"Feature","geometry":{"type":"Polygon","coordinates":[[[89.64299,26.55274],[89.6522,26.55064],[89.66453,26.55481],[89.66728,26.55871],[89.67012,26.56817],[89.6748,26.57209],[89.67243,26.5767],[89.67107,26.57573],[89.66087,26.57756],[89.65566,26.5764],[89.65023,26.56728],[89.64744,26.56046],[89.64737,26.55587],[89.64299,26.55274]]]},"properties":{"District":"Alipurduar","Dist_LGD":"328N002","Sub_dist":"Alipurduar - Ii","Subdis_LGD":"2174","Subdis_Typ":"Cd_Block","Vill_name":"Baniadabri","Vill_Cat":"Rural","Vill_LGD":"307307","arr_project":"asha1,asha2"}},
{"type":"Feature","geometry":{"type":"Polygon","coordinates":[[[89.64286,26.56789],[89.64805,26.58041],[89.65132,26.58456],[89.64685,26.58761],[89.63534,26.5769],[89.62898,26.57242],[89.62965,26.56353],[89.62526,26.5616],[89.62321,26.55638],[89.61786,26.55645],[89.61882,26.54977],[89.62215,26.55019],[89.62484,26.55573],[89.63286,26.55595],[89.63904,26.5594],[89.64286,26.56789]]]},"properties":{"District":"Alipurduar","Dist_LGD":"328N002","Sub_dist":"Alipurduar - Ii","Subdis_LGD":"2174","Subdis_Typ":"Cd_Block","Vill_name":"Uttar Shibkata","Vill_Cat":"Rural","Vill_LGD":"307284","arr_project":"asha1,asha2"}},
{"type":"Feature","geometry":{"type":"Polygon","coordinates":[[[89.63904,26.5594],[89.63724,26.55597],[89.63805,26.54945],[89.64299,26.55274],[89.64737,26.55587],[89.64744,26.56046],[89.65023,26.56728],[89.64286,26.56789],[89.63904,26.5594]]]},"properties":{"District":"Alipurduar","Dist_LGD":"328N002","Sub_dist":"Alipurduar - Ii","Subdis_LGD":"2174","Subdis_Typ":"Cd_Block","Vill_name":"Jaypur","Vill_Cat":"Rural","Vill_LGD":"307308","arr_project":"asha1,asha2"}},
{"type":"Feature","geometry":{"type":"Polygon","coordinates":[[[89.51017,26.55068],[89.50735,26.55022],[89.50175,26.54934],[89.49756,26.54134],[89.50171,26.53778],[89.50221,26.53099],[89.50527,26.53025],[89.50807,26.52464],[89.50664,26.52108],[89.50298,26.52106],[89.49847,26.5171],[89.49849,26.51389],[89.51681,26.51456],[89.51873,26.51664],[89.51918,26.51982],[89.51847,26.52301],[89.51419,26.52358],[89.51584,26.52898],[89.51366,26.5335],[89.51063,26.54586],[89.51211,26.55078],[89.51017,26.55068]]]},"properties":{"District":"Alipurduar","Dist_LGD":"328N002","Sub_dist":"Alipurduar - I","Subdis_LGD":"2173","Subdis_Typ":"Cd_Block","Vill_name":"Bairiguri","Vill_Cat":"Rural","Vill_LGD":"307252","arr_project":"asha1,asha2"}},
{"type":"Feature","geometry":{"type":"Polygon","coordinates":[[[89.53448,26.54552],[89.53344,26.5516],[89.52976,26.55158],[89.52539,26.55155],[89.52365,26.55154],[89.5144,26.55098],[89.51211,26.55078],[89.51063,26.54586],[89.51366,26.5335],[89.52019,26.53576],[89.53196,26.53572],[89.52984,26.54463],[89.53448,26.54552]]]},"properties":{"District":"Alipurduar","Dist_LGD":"328N002","Sub_dist":"Alipurduar - I","Subdis_LGD":"2173","Subdis_Typ":"Cd_Block","Vill_name":"Paschim Jitpur (Ct)","Vill_Cat":"Partly_Urban","Vill_LGD":"307254","arr_project":"asha1,asha2"}},
{"type":"Feature","geometry":{"type":"Polygon","coordinates":[[[89.51366,26.5335],[89.51584,26.52898],[89.51419,26.52358],[89.51847,26.52301],[89.51918,26.51982],[89.52243,26.52011],[89.52563,26.52375],[89.52366,26.53024],[89.52019,26.53576],[89.51366,26.5335]]]},"properties":{"District":"Alipurduar","Dist_LGD":"328N002","Sub_dist":"Alipurduar - I","Subdis_LGD":"2173","Subdis_Typ":"Cd_Block","Vill_name":"Paschim Majherdabri Tea Garden","Vill_Cat":"Rural","Vill_LGD":"307253","arr_project":"asha1,asha2"}},
{"type":"Feature","geometry":{"type":"Polygon","coordinates":[[[89.66092,26.51658],[89.65952,26.51512],[89.65975,26.50664],[89.66266,26.50466],[89.66649,26.51127],[89.67282,26.51666],[89.6745,26.51616],[89.6755,26.52209],[89.6811,26.52818],[89.66488,26.52968],[89.66134,26.52799],[89.66351,26.52754],[89.66275,26.52054],[89.66092,26.51658]]]},"properties":{"District":"Alipurduar","Dist_LGD":"328N002","Sub_dist":"Alipurduar - Ii","Subdis_LGD":"2174","Subdis_Typ":"Cd_Block","Vill_name":"Kadampur","Vill_Cat":"Rural","Vill_LGD":"307304","arr_project":"asha1,asha2"}},
{"type":"Feature","geometry":{"type":"Polygon","coordinates":[[[89.68057,26.51216],[89.68013,26.50827],[89.68662,26.50731],[89.69279,26.50464],[89.69732,26.49897],[89.70012,26.50543],[89.70047,26.51004],[89.69628,26.51834],[89.69064,26.51993],[89.69169,26.52667],[89.68487,26.52655],[89.68057,26.51216]]]},"properties":{"District":"Alipurduar","Dist_LGD":"328N002","Sub_dist":"Alipurduar - Ii","Subdis_LGD":"2174","Subdis_Typ":"Cd_Block","Vill_name":"Bakla","Vill_Cat":"Rural","Vill_LGD":"307329","arr_project":"asha1,asha2"}},
{"type":"Feature","geometry":{"type":"Polygon","coordinates":[[[89.66374,26.49794],[89.67649,26.50192],[89.67982,26.49488],[89.67969,26.4914],[89.68658,26.48878],[89.69086,26.4896],[89.6939,26.49594],[89.69732,26.49897],[89.69279,26.50464],[89.68662,26.50731],[89.68013,26.50827],[89.68057,26.51216],[89.6745,26.51616],[89.67282,26.51666],[89.66649,26.51127],[89.66266,26.50466],[89.66374,26.49794]]]},"properties":{"District":"Alipurduar","Dist_LGD":"328N002","Sub_dist":"Alipurduar - Ii","Subdis_LGD":"2174","Subdis_Typ":"Cd_Block","Vill_name":"Chepani","Vill_Cat":"Rural","Vill_LGD":"307330","arr_project":"asha1,asha2"}},
{"type":"Feature","geometry":{"type":"Polygon","coordinates":[[[89.71196,26.52086],[89.69647,26.52145],[89.69628,26.51834],[89.70047,26.51004],[89.70012,26.50543],[89.69732,26.49897],[89.69506,26.49332],[89.70008,26.49202],[89.70172,26.49909],[89.70518,26.49739],[89.70922,26.50137],[89.71987,26.49807],[89.72722,26.5022],[89.71391,26.50298],[89.70356,26.50645],[89.70472,26.51183],[89.70751,26.5138],[89.71352,26.51397],[89.71483,26.51609],[89.71196,26.52086]]]},"properties":{"District":"Alipurduar","Dist_LGD":"328N002","Sub_dist":"Alipurduar - Ii","Subdis_LGD":"2174","Subdis_Typ":"Cd_Block","Vill_name":"Chhipra","Vill_Cat":"Rural","Vill_LGD":"307328","arr_project":"asha1,asha2"}},
{"type":"Feature","geometry":{"type":"Polygon","coordinates":[[[89.71987,26.49807],[89.70922,26.50137],[89.70518,26.49739],[89.70172,26.49909],[89.70008,26.49202],[89.69506,26.49332],[89.69732,26.49897],[89.6939,26.49594],[89.69086,26.4896],[89.69529,26.48623],[89.68942,26.48378],[89.69062,26.47864],[89.69946,26.47914],[89.70587,26.48152],[89.70838,26.47982],[89.71736,26.48064],[89.71424,26.4839],[89.71656,26.48748],[89.72186,26.48118],[89.72581,26.48135],[89.72633,26.48924],[89.71932,26.49354],[89.71951,26.49593],[89.71987,26.49807]]]},"properties":{"District":"Alipurduar","Dist_LGD":"328N002","Sub_dist":"Alipurduar - Ii","Subdis_LGD":"2174","Subdis_Typ":"Cd_Block","Vill_name":"Uttar Parokata","Vill_Cat":"Rural","Vill_LGD":"307332","arr_project":"asha1,asha2"}},
{"type":"Feature","geometry":{"type":"Polygon","coordinates":[[[89.68099,26.47766],[89.68578,26.47452],[89.69105,26.47558],[89.69062,26.47864],[89.68942,26.48378],[89.69529,26.48623],[89.69086,26.4896],[89.68658,26.48878],[89.67969,26.4914],[89.67982,26.49488],[89.67649,26.50192],[89.66374,26.49794],[89.65785,26.49268],[89.66393,26.48557],[89.6643,26.47794],[89.67084,26.47946],[89.67728,26.47943],[89.68099,26.47766]]]},"properties":{"District":"Alipurduar","Dist_LGD":"328N002","Sub_dist":"Alipurduar - Ii","Subdis_LGD":"2174","Subdis_Typ":"Cd_Block","Vill_name":"Purba Chepani","Vill_Cat":"Rural","Vill_LGD":"307331","arr_project":"asha1,asha2"}},
{"type":"Feature","geometry":{"type":"Polygon","coordinates":[[[89.62282,26.48722],[89.63118,26.4864],[89.64118,26.48991],[89.64713,26.48911],[89.64449,26.48949],[89.64459,26.50036],[89.64759,26.50567],[89.65106,26.50694],[89.65156,26.5116],[89.64427,26.51298],[89.63827,26.50439],[89.63105,26.50303],[89.61867,26.49971],[89.61792,26.48789],[89.62282,26.48722]]]},"properties":{"District":"Alipurduar","Dist_LGD":"328N002","Sub_dist":"Alipurduar - Ii","Subdis_LGD":"2174","Subdis_Typ":"Cd_Block","Vill_name":"Uttar Majidkhana","Vill_Cat":"Rural","Vill_LGD":"307290","arr_project":"asha1,asha2"}},
{"type":"Feature","geometry":{"type":"Polygon","coordinates":[[[89.62541,26.47329],[89.63004,26.47435],[89.63563,26.47283],[89.63735,26.48051],[89.64395,26.47874],[89.6444,26.48502],[89.64713,26.48911],[89.64118,26.48991],[89.63118,26.4864],[89.62282,26.48722],[89.62332,26.48515],[89.61646,26.48318],[89.61578,26.47666],[89.61776,26.47469],[89.62541,26.47329]]]},"properties":{"District":"Alipurduar","Dist_LGD":"328N002","Sub_dist":"Alipurduar - Ii","Subdis_LGD":"2174","Subdis_Typ":"Cd_Block","Vill_name":"Dakshin Majidkhana","Vill_Cat":"Rural","Vill_LGD":"307291","arr_project":"asha1,asha2"}},
{"type":"Feature","geometry":{"type":"Polygon","coordinates":[[[89.62282,26.48722],[89.61792,26.48789],[89.61867,26.49971],[89.63105,26.50303],[89.6332,26.5053],[89.63173,26.51101],[89.62394,26.50785],[89.6238,26.51077],[89.61256,26.5115],[89.6109,26.50889],[89.60317,26.51029],[89.60577,26.50879],[89.60592,26.49537],[89.60429,26.48923],[89.60282,26.4853],[89.60621,26.48268],[89.61646,26.48318],[89.62332,26.48515],[89.62282,26.48722]]]},"properties":{"District":"Alipurduar","Dist_LGD":"328N002","Sub_dist":"Alipurduar - Ii","Subdis_LGD":"2174","Subdis_Typ":"Cd_Block","Vill_name":"Tatpara","Vill_Cat":"Rural","Vill_LGD":"307289","arr_project":"asha1,asha2"}},
{"type":"Feature","geometry":{"type":"Polygon","coordinates":[[[89.60679,26.46769],[89.61058,26.46845],[89.61099,26.45978],[89.61712,26.45476],[89.61616,26.4594],[89.62308,26.46676],[89.62541,26.47329],[89.61776,26.47469],[89.61578,26.47666],[89.61646,26.48318],[89.60621,26.48268],[89.6048,26.47869],[89.60434,26.47581],[89.60798,26.47269],[89.60679,26.46769]]]},"properties":{"District":"Alipurduar","Dist_LGD":"328N002","Sub_dist":"Alipurduar - Ii","Subdis_LGD":"2174","Subdis_Typ":"Cd_Block","Vill_name":"Saudpara","Vill_Cat":"Rural","Vill_LGD":"307292","arr_project":"asha1,asha2"}},
{"type":"Feature","geometry":{"type":"Polygon","coordinates":[[[89.59302,26.46223],[89.60028,26.46197],[89.60679,26.46769],[89.60798,26.47269],[89.60434,26.47581],[89.6048,26.47869],[89.59956,26.47958],[89.5988,26.47368],[89.58807,26.47144],[89.59209,26.46877],[89.59302,26.46223]]]},"properties":{"District":"Alipurduar","Dist_LGD":"328N002","Sub_dist":"Alipurduar - Ii","Subdis_LGD":"2174","Subdis_Typ":"Cd_Block","Vill_name":"Bindipara","Vill_Cat":"Rural","Vill_LGD":"307274","arr_project":"asha1,asha2"}},
{"type":"Feature","geometry":{"type":"Polygon","coordinates":[[[89.58807,26.47144],[89.5988,26.47368],[89.59956,26.47958],[89.59114,26.48237],[89.58807,26.47144]]]},"properties":{"District":"Alipurduar","Dist_LGD":"328N002","Sub_dist":"Alipurduar - Ii","Subdis_LGD":"2174","Subdis_Typ":"Cd_Block","Vill_name":"Karipara","Vill_Cat":"Rural","Vill_LGD":"307275","arr_project":"asha1,asha2"}},
{"type":"Feature","geometry":{"type":"Polygon","coordinates":[[[89.54621,26.48025],[89.54208,26.48229],[89.53839,26.47806],[89.54124,26.47418],[89.5399,26.46407],[89.53846,26.46232],[89.54165,26.45797],[89.53718,26.45378],[89.54432,26.45168],[89.53826,26.44675],[89.53863,26.44456],[89.54658,26.44613],[89.54781,26.45001],[89.54513,26.45283],[89.54565,26.4578],[89.55,26.46013],[89.55258,26.46961],[89.54972,26.4725],[89.54621,26.48025]]]},"properties":{"District":"Alipurduar","Dist_LGD":"328N002","Sub_dist":"Alipurduar - Ii","Subdis_LGD":"2174","Subdis_Typ":"Cd_Block","Vill_name":"Chengpara","Vill_Cat":"Rural","Vill_LGD":"307259","arr_project":"asha1,asha2"}},
{"type":"Feature","geometry":{"type":"Polygon","coordinates":[[[89.58091,26.46289],[89.58029,26.47015],[89.57216,26.47151],[89.56777,26.47246],[89.56286,26.47103],[89.5632,26.46483],[89.56651,26.4569],[89.56227,26.45215],[89.55601,26.45254],[89.55283,26.45112],[89.54513,26.45283],[89.54781,26.45001],[89.54658,26.44613],[89.5484,26.44124],[89.56101,26.44464],[89.56937,26.44135],[89.56952,26.44337],[89.57593,26.44774],[89.57309,26.45817],[89.57625,26.46317],[89.58091,26.46289]]]},"properties":{"District":"Alipurduar","Dist_LGD":"328N002","Sub_dist":"Alipurduar - Ii","Subdis_LGD":"2174","Subdis_Typ":"Cd_Block","Vill_name":"Chandirjhar","Vill_Cat":"Rural","Vill_LGD":"307267","arr_project":"asha1,asha2"}},
{"type":"Feature","geometry":{"type":"Polygon","coordinates":[[[89.58091,26.46289],[89.57625,26.46317],[89.57309,26.45817],[89.57593,26.44774],[89.56952,26.44337],[89.56937,26.44135],[89.5729,26.43725],[89.56746,26.43394],[89.56422,26.42794],[89.57274,26.4251],[89.58264,26.42901],[89.58371,26.43498],[89.59162,26.43654],[89.59601,26.44326],[89.5874,26.44545],[89.58672,26.45446],[89.58383,26.45686],[89.58091,26.46289]]]},"properties":{"District":"Alipurduar","Dist_LGD":"328N002","Sub_dist":"Alipurduar - Ii","Subdis_LGD":"2174","Subdis_Typ":"Cd_Block","Vill_name":"Paschim Barachouki","Vill_Cat":"Rural","Vill_LGD":"307269","arr_project":"asha1,asha2"}},
{"type":"Feature","geometry":{"type":"Polygon","coordinates":[[[89.59162,26.43654],[89.58371,26.43498],[89.58264,26.42901],[89.58511,26.42827],[89.59364,26.41994],[89.59885,26.41324],[89.60263,26.41425],[89.60013,26.42374],[89.60299,26.42855],[89.59759,26.42981],[89.59895,26.43523],[89.59162,26.43654]]]},"properties":{"District":"Alipurduar","Dist_LGD":"328N002","Sub_dist":"Alipurduar - Ii","Subdis_LGD":"2174","Subdis_Typ":"Cd_Block","Vill_name":"Purba Barachouki","Vill_Cat":"Rural","Vill_LGD":"307270","arr_project":"asha1,asha2"}},
{"type":"Feature","geometry":{"type":"Polygon","coordinates":[[[89.59601,26.44326],[89.6101,26.44717],[89.61524,26.45019],[89.61712,26.45476],[89.61099,26.45978],[89.61058,26.46845],[89.60679,26.46769],[89.60028,26.46197],[89.59302,26.46223],[89.59031,26.4564],[89.58672,26.45446],[89.5874,26.44545],[89.59601,26.44326]]]},"properties":{"District":"Alipurduar","Dist_LGD":"328N002","Sub_dist":"Alipurduar - Ii","Subdis_LGD":"2174","Subdis_Typ":"Cd_Block","Vill_name":"Karjeepara","Vill_Cat":"Rural","Vill_LGD":"307273","arr_project":"asha1,asha2"}},
{"type":"Feature","geometry":{"type":"Polygon","coordinates":[[[89.61507,26.44271],[89.62302,26.44036],[89.62507,26.43746],[89.6329,26.44031],[89.6245,26.44783],[89.62857,26.4503],[89.61905,26.45074],[89.61752,26.44496],[89.61507,26.44271]]]},"properties":{"District":"Alipurduar","Dist_LGD":"328N002","Sub_dist":"Alipurduar - Ii","Subdis_LGD":"2174","Subdis_Typ":"Cd_Block","Vill_name":"Chilurghat","Vill_Cat":"Rural","Vill_LGD":"307294","arr_project":"asha1,asha2"}},
{"type":"Feature","geometry":{"type":"Polygon","coordinates":[[[89.6101,26.44717],[89.61507,26.44271],[89.61752,26.44496],[89.61905,26.45074],[89.62857,26.4503],[89.62806,26.45411],[89.62592,26.45439],[89.62853,26.4627],[89.63084,26.46379],[89.63393,26.47169],[89.63563,26.47283],[89.63004,26.47435],[89.62541,26.47329],[89.62308,26.46676],[89.61616,26.4594],[89.61712,26.45476],[89.61524,26.45019],[89.6101,26.44717]]]},"properties":{"District":"Alipurduar","Dist_LGD":"328N002","Sub_dist":"Alipurduar - Ii","Subdis_LGD":"2174","Subdis_Typ":"Cd_Block","Vill_name":"Uttar Bhatibari","Vill_Cat":"Rural","Vill_LGD":"307293","arr_project":"asha1,asha2"}},
{"type":"Feature","geometry":{"type":"Polygon","coordinates":[[[89.63641,26.44951],[89.63602,26.45195],[89.62806,26.45411],[89.62857,26.4503],[89.6245,26.44783],[89.6329,26.44031],[89.62837,26.43182],[89.62332,26.42792],[89.61905,26.42763],[89.61699,26.42263],[89.61939,26.42057],[89.61762,26.41363],[89.61956,26.40975],[89.6172,26.40384],[89.61328,26.39955],[89.61885,26.39533],[89.61973,26.39988],[89.62472,26.39986],[89.62788,26.40808],[89.62714,26.41117],[89.62279,26.41644],[89.62858,26.41632],[89.63972,26.41904],[89.63987,26.42661],[89.63648,26.42824],[89.63559,26.43238],[89.64109,26.44032],[89.64107,26.44292],[89.63684,26.44652],[89.63641,26.44951]]]},"properties":{"District":"Alipurduar","Dist_LGD":"328N002","Sub_dist":"Alipurduar - Ii","Subdis_LGD":"2174","Subdis_Typ":"Cd_Block","Vill_name":"Kumarijan","Vill_Cat":"Rural","Vill_LGD":"307295","arr_project":"asha1,asha2"}},
{"type":"Feature","geometry":{"type":"Polygon","coordinates":[[[89.63641,26.44951],[89.63861,26.45336],[89.64458,26.45287],[89.64869,26.45626],[89.65,26.46113],[89.64205,26.46434],[89.64628,26.46791],[89.64167,26.47091],[89.64395,26.47874],[89.63735,26.48051],[89.63563,26.47283],[89.63393,26.47169],[89.63084,26.46379],[89.62853,26.4627],[89.62592,26.45439],[89.62806,26.45411],[89.63602,26.45195],[89.63641,26.44951]]]},"properties":{"District":"Alipurduar","Dist_LGD":"328N002","Sub_dist":"Alipurduar - Ii","Subdis_LGD":"2174","Subdis_Typ":"Cd_Block","Vill_name":"Thanupara","Vill_Cat":"Rural","Vill_LGD":"307300","arr_project":"asha1,asha2"}},
{"type":"Feature","geometry":{"type":"Polygon","coordinates":[[[89.64869,26.45626],[89.65785,26.45771],[89.6633,26.46052],[89.66177,26.46538],[89.66226,26.47189],[89.66108,26.47703],[89.65329,26.47659],[89.64395,26.47874],[89.64167,26.47091],[89.64628,26.46791],[89.64205,26.46434],[89.65,26.46113],[89.64869,26.45626]]]},"properties":{"District":"Alipurduar","Dist_LGD":"328N002","Sub_dist":"Alipurduar - Ii","Subdis_LGD":"2174","Subdis_Typ":"Cd_Block","Vill_name":"Paschim Khalishamari","Vill_Cat":"Rural","Vill_LGD":"307301","arr_project":"asha1,asha2"}},
{"type":"Feature","geometry":{"type":"Polygon","coordinates":[[[89.6633,26.46052],[89.66755,26.45711],[89.67459,26.45915],[89.67891,26.45955],[89.67737,26.46542],[89.68346,26.46616],[89.68177,26.46883],[89.67682,26.47025],[89.68154,26.47391],[89.68099,26.47766],[89.67728,26.47943],[89.67084,26.47946],[89.6643,26.47794],[89.66108,26.47703],[89.66226,26.47189],[89.66177,26.46538],[89.6633,26.46052]]]},"properties":{"District":"Alipurduar","Dist_LGD":"328N002","Sub_dist":"Alipurduar - Ii","Subdis_LGD":"2174","Subdis_Typ":"Cd_Block","Vill_name":"Purba Khalishamari","Vill_Cat":"Rural","Vill_LGD":"307334","arr_project":"asha1,asha2"}},
{"type":"Feature","geometry":{"type":"Polygon","coordinates":[[[89.65333,26.4439],[89.65562,26.44888],[89.66089,26.45183],[89.67512,26.45362],[89.67804,26.45541],[89.67459,26.45915],[89.66755,26.45711],[89.6633,26.46052],[89.65785,26.45771],[89.64869,26.45626],[89.64458,26.45287],[89.63861,26.45336],[89.63641,26.44951],[89.63684,26.44652],[89.64107,26.44292],[89.64732,26.44569],[89.65333,26.4439]]]},"properties":{"District":"Alipurduar","Dist_LGD":"328N002","Sub_dist":"Alipurduar - Ii","Subdis_LGD":"2174","Subdis_Typ":"Cd_Block","Vill_name":"Uttar Chikliguri","Vill_Cat":"Rural","Vill_LGD":"307299","arr_project":"asha1,asha2"}},
{"type":"Feature","geometry":{"type":"Polygon","coordinates":[[[89.69318,26.44344],[89.68392,26.44377],[89.68408,26.4385],[89.68076,26.43398],[89.67765,26.43312],[89.67593,26.42958],[89.68203,26.42851],[89.68754,26.42948],[89.69331,26.42679],[89.69251,26.42237],[89.69923,26.42132],[89.70261,26.42405],[89.71087,26.42729],[89.71264,26.43451],[89.70483,26.44073],[89.69422,26.4404],[89.69318,26.44344]]]},"properties":{"District":"Alipurduar","Dist_LGD":"328N002","Sub_dist":"Alipurduar - Ii","Subdis_LGD":"2174","Subdis_Typ":"Cd_Block","Vill_name":"Brajerkuthi","Vill_Cat":"Rural","Vill_LGD":"307336","arr_project":"asha1,asha2"}},
{"type":"Feature","geometry":{"type":"Polygon","coordinates":[[[89.75657,26.71624],[89.74874,26.71371],[89.7406,26.72162],[89.73034,26.70731],[89.74084,26.69879],[89.74071,26.69663],[89.73947,26.6926],[89.74019,26.68678],[89.74305,26.68221],[89.73947,26.67608],[89.74497,26.6659],[89.74516,26.66134],[89.74777,26.65947],[89.75137,26.64819],[89.75749,26.63742],[89.76467,26.62393],[89.76628,26.61851],[89.77764,26.61735],[89.7836,26.61189],[89.78204,26.60818],[89.77757,26.60544],[89.77598,26.60038],[89.771,26.60082],[89.76597,26.60342],[89.74413,26.60517],[89.72377,26.58505],[89.72079,26.58972],[89.72214,26.59296],[89.7194,26.60214],[89.7208,26.60919],[89.71376,26.60932],[89.71555,26.60703],[89.71546,26.59567],[89.71203,26.58838],[89.71362,26.58395],[89.71695,26.58432],[89.71203,26.56149],[89.71427,26.55874],[89.7151,26.55669],[89.71574,26.55067],[89.71845,26.54634],[89.71538,26.5428],[89.71356,26.53904],[89.71669,26.53422],[89.71826,26.53101],[89.7282,26.53241],[89.72992,26.52969],[89.73331,26.53054],[89.74361,26.52684],[89.73578,26.51236],[89.73011,26.50854],[89.72119,26.51183],[89.7186,26.51564],[89.71483,26.51609],[89.71352,26.51397],[89.70751,26.5138],[89.70472,26.51183],[89.70356,26.50645],[89.71391,26.50298],[89.72722,26.5022],[89.74439,26.50201],[89.74473,26.51881],[89.74712,26.51964],[89.75594,26.53053],[89.75779,26.53949],[89.76255,26.54189],[89.76198,26.54619],[89.76441,26.55009],[89.76375,26.55342],[89.76724,26.55916],[89.77083,26.57257],[89.78443,26.5728],[89.78327,26.5894],[89.78504,26.59913],[89.78393,26.60337],[89.7856,26.61147],[89.79109,26.61318],[89.79179,26.61725],[89.78966,26.61988],[89.79086,26.62528],[89.79351,26.62761],[89.79093,26.63962],[89.78779,26.64503],[89.78399,26.64776],[89.777,26.64885],[89.77635,26.65208],[89.77878,26.65753],[89.78195,26.65845],[89.78377,26.66979],[89.78704,26.67053],[89.79106,26.67507],[89.7855,26.67922],[89.7816,26.67721],[89.77461,26.6822],[89.7688,26.68765],[89.76461,26.69765],[89.7684,26.70287],[89.76661,26.70405],[89.76144,26.71428],[89.75657,26.71624]]]},"properties":{"District":"Alipurduar","Dist_LGD":"328N002","Sub_dist":"Kumargram","Subdis_LGD":"2172","Subdis_Typ":"Cd_Block","Vill_name":"Raydak Forest","Vill_Cat":"Rural","Vill_LGD":"307161","arr_project":"asha1,asha2"}},
{"type":"Feature","geometry":{"type":"Polygon","coordinates":[[[89.7151,26.55669],[89.71429,26.54781],[89.71538,26.5428],[89.71845,26.54634],[89.71574,26.55067],[89.7151,26.55669]]]},"properties":{"District":"Alipurduar","Dist_LGD":"328N002","Sub_dist":"Alipurduar - Ii","Subdis_LGD":"2174","Subdis_Typ":"Cd_Block","Vill_name":"Uttar Chakirbas","Vill_Cat":"Rural","Vill_LGD":"307322","arr_project":"asha1,asha2"}},
{"type":"Feature","geometry":{"type":"Polygon","coordinates":[[[89.28994,26.60957],[89.29945,26.60747],[89.30555,26.60854],[89.30581,26.61361],[89.30874,26.61487],[89.3097,26.62171],[89.31753,26.62297],[89.31579,26.63549],[89.30335,26.63123],[89.29664,26.62498],[89.29466,26.61657],[89.28994,26.60957]]]},"properties":{"District":"Alipurduar","Dist_LGD":"328N002","Sub_dist":"Alipurduar - I","Subdis_LGD":"2173","Subdis_Typ":"Cd_Block","Vill_name":"Jaldapara","Vill_Cat":"Rural","Vill_LGD":"307216","arr_project":"asha1,asha2"}},
{"type":"Feature","geometry":{"type":"Polygon","coordinates":[[[89.30061,26.59542],[89.30604,26.59433],[89.31069,26.59731],[89.31597,26.59489],[89.32437,26.59477],[89.32697,26.59769],[89.32594,26.60216],[89.32242,26.60543],[89.32399,26.60812],[89.32479,26.61592],[89.31753,26.62297],[89.3097,26.62171],[89.30874,26.61487],[89.30581,26.61361],[89.30555,26.60854],[89.30065,26.6006],[89.30061,26.59542]]]},"properties":{"District":"Alipurduar","Dist_LGD":"328N002","Sub_dist":"Alipurduar - I","Subdis_LGD":"2173","Subdis_Typ":"Cd_Block","Vill_name":"Nutanpara","Vill_Cat":"Rural","Vill_LGD":"307217","arr_project":"asha1,asha2"}},
{"type":"Feature","geometry":{"type":"Polygon","coordinates":[[[89.28994,26.60957],[89.28499,26.60488],[89.28674,26.59922],[89.28413,26.59621],[89.28538,26.59307],[89.28172,26.58351],[89.28428,26.58279],[89.28307,26.57711],[89.29142,26.57479],[89.29094,26.5822],[89.29735,26.58747],[89.28977,26.58936],[89.29321,26.59758],[89.30061,26.59542],[89.30065,26.6006],[89.30555,26.60854],[89.29945,26.60747],[89.28994,26.60957]]]},"properties":{"District":"Alipurduar","Dist_LGD":"328N002","Sub_dist":"Alipurduar - I","Subdis_LGD":"2173","Subdis_Typ":"Cd_Block","Vill_name":"Prodhanpara","Vill_Cat":"Rural","Vill_LGD":"307215","arr_project":"asha1,asha2"}},
{"type":"Feature","geometry":{"type":"Polygon","coordinates":[[[89.31177,26.57416],[89.3199,26.57348],[89.32373,26.57459],[89.3244,26.58059],[89.32114,26.58251],[89.3206,26.58762],[89.32444,26.58729],[89.32455,26.59179],[89.32437,26.59477],[89.31597,26.59489],[89.31069,26.59731],[89.30604,26.59433],[89.30061,26.59542],[89.29321,26.59758],[89.28977,26.58936],[89.29735,26.58747],[89.29094,26.5822],[89.29142,26.57479],[89.29679,26.57591],[89.31177,26.57416]]]},"properties":{"District":"Alipurduar","Dist_LGD":"328N002","Sub_dist":"Alipurduar - I","Subdis_LGD":"2173","Subdis_Typ":"Cd_Block","Vill_name":"Munshipara","Vill_Cat":"Rural","Vill_LGD":"307214","arr_project":"asha1,asha2"}},
{"type":"Feature","geometry":{"type":"Polygon","coordinates":[[[89.29131,26.55918],[89.29115,26.56085],[89.3004,26.56215],[89.31552,26.56014],[89.31584,26.56922],[89.31177,26.57416],[89.29679,26.57591],[89.29142,26.57479],[89.28307,26.57711],[89.28398,26.57389],[89.28011,26.56761],[89.28404,26.56392],[89.28274,26.56007],[89.29131,26.55918]]]},"properties":{"District":"Alipurduar","Dist_LGD":"328N002","Sub_dist":"Alipurduar - I","Subdis_LGD":"2173","Subdis_Typ":"Cd_Block","Vill_name":"Salkumarhat","Vill_Cat":"Rural","Vill_LGD":"307213","arr_project":"asha1,asha2"}},
{"type":"Feature","geometry":{"type":"Polygon","coordinates":[[[89.31817,26.55921],[89.32141,26.56151],[89.32734,26.56182],[89.33098,26.55883],[89.33399,26.55961],[89.33888,26.57273],[89.33961,26.57806],[89.33842,26.58656],[89.32455,26.59179],[89.32444,26.58729],[89.3206,26.58762],[89.32114,26.58251],[89.3244,26.58059],[89.32373,26.57459],[89.3199,26.57348],[89.31177,26.57416],[89.31584,26.56922],[89.31552,26.56014],[89.31521,26.5591],[89.31817,26.55921]]]},"properties":{"District":"Alipurduar","Dist_LGD":"328N002","Sub_dist":"Alipurduar - I","Subdis_LGD":"2173","Subdis_Typ":"Cd_Block","Vill_name":"Sidhabari","Vill_Cat":"Rural","Vill_LGD":"307219","arr_project":"asha1,asha2"}},
{"type":"Feature","geometry":{"type":"Polygon","coordinates":[[[89.31552,26.56014],[89.3004,26.56215],[89.29115,26.56085],[89.29131,26.55918],[89.29029,26.55464],[89.28489,26.55535],[89.28039,26.55054],[89.28385,26.54975],[89.28331,26.54155],[89.28658,26.54135],[89.29605,26.53418],[89.30212,26.53171],[89.30333,26.5326],[89.30145,26.54583],[89.29691,26.54889],[89.30155,26.55248],[89.29934,26.55573],[89.30133,26.55954],[89.30737,26.55823],[89.31521,26.5591],[89.31552,26.56014]]]},"properties":{"District":"Alipurduar","Dist_LGD":"328N002","Sub_dist":"Alipurduar - I","Subdis_LGD":"2173","Subdis_Typ":"Cd_Block","Vill_name":"Kalabaria","Vill_Cat":"Rural","Vill_LGD":"307212","arr_project":"asha1,asha2"}},
{"type":"Feature","geometry":{"type":"Polygon","coordinates":[[[89.31817,26.55921],[89.31521,26.5591],[89.30737,26.55823],[89.30798,26.55236],[89.30155,26.55248],[89.29691,26.54889],[89.30145,26.54583],[89.30333,26.5326],[89.30758,26.53176],[89.31271,26.53673],[89.32283,26.54916],[89.31817,26.55921]],[[89.31823,26.55003],[89.32044,26.54909],[89.31194,26.53653],[89.31224,26.54127],[89.31471,26.54662],[89.31823,26.55003]],[[89.31019,26.54146],[89.30777,26.5421],[89.30796,26.54288],[89.31089,26.54308],[89.31019,26.54146]]]},"properties":{"District":"Alipurduar","Dist_LGD":"328N002","Sub_dist":"Alipurduar - I","Subdis_LGD":"2173","Subdis_Typ":"Cd_Block","Vill_name":"Salkumar Forest","Vill_Cat":"Rural","Vill_LGD":"307221","arr_project":"asha1,asha2"}},
{"type":"Feature","geometry":{"type":"Polygon","coordinates":[[[89.31271,26.53673],[89.32026,26.5359],[89.32127,26.53412],[89.33162,26.54203],[89.32869,26.54325],[89.33552,26.55109],[89.33399,26.55961],[89.33098,26.55883],[89.32734,26.56182],[89.32141,26.56151],[89.31817,26.55921],[89.32283,26.54916],[89.31271,26.53673]]]},"properties":{"District":"Alipurduar","Dist_LGD":"328N002","Sub_dist":"Alipurduar - I","Subdis_LGD":"2173","Subdis_Typ":"Cd_Block","Vill_name":"Suripara","Vill_Cat":"Rural","Vill_LGD":"307220","arr_project":"asha1,asha2"}},
{"type":"Feature","geometry":{"type":"Polygon","coordinates":[[[89.29439,26.52],[89.30158,26.5211],[89.30212,26.53171],[89.29605,26.53418],[89.28658,26.54135],[89.28331,26.54155],[89.28385,26.54975],[89.28039,26.55054],[89.27744,26.54285],[89.27431,26.54352],[89.27018,26.53667],[89.2767,26.52948],[89.28599,26.52155],[89.29292,26.52162],[89.29439,26.52]]]},"properties":{"District":"Alipurduar","Dist_LGD":"328N002","Sub_dist":"Alipurduar - I","Subdis_LGD":"2173","Subdis_Typ":"Cd_Block","Vill_name":"Jogendranagar","Vill_Cat":"Rural","Vill_LGD":"307211","arr_project":"asha1,asha2"}},
{"type":"Feature","geometry":{"type":"Polygon","coordinates":[[[89.30158,26.5211],[89.30919,26.51867],[89.31376,26.52061],[89.32215,26.51896],[89.32186,26.52281],[89.31827,26.528],[89.32127,26.53412],[89.32026,26.5359],[89.31271,26.53673],[89.30758,26.53176],[89.30333,26.5326],[89.30212,26.53171],[89.30158,26.5211]]]},"properties":{"District":"Alipurduar","Dist_LGD":"328N002","Sub_dist":"Alipurduar - I","Subdis_LGD":"2173","Subdis_Typ":"Cd_Block","Vill_name":"Sirubari","Vill_Cat":"Rural","Vill_LGD":"307222","arr_project":"asha1,asha2"}},
{"type":"Feature","geometry":{"type":"Polygon","coordinates":[[[89.25996,26.50812],[89.27323,26.50968],[89.27588,26.51277],[89.27395,26.51868],[89.2736,26.51574],[89.27386,26.51208],[89.26212,26.51415],[89.25996,26.50812]]]},"properties":{"District":"Alipurduar","Dist_LGD":"328N002","Sub_dist":"Alipurduar - I","Subdis_LGD":"2173","Subdis_Typ":"Cd_Block","Vill_name":"Parpatla Khawa","Vill_Cat":"Rural","Vill_LGD":"307208","arr_project":"asha1,asha2"}},
{"type":"Feature","geometry":{"type":"Polygon","coordinates":[[[89.26604,26.49671],[89.27116,26.49666],[89.27643,26.49414],[89.28987,26.50091],[89.29002,26.50607],[89.29439,26.52],[89.29292,26.52162],[89.28599,26.52155],[89.2767,26.52948],[89.27433,26.52108],[89.27395,26.51868],[89.27588,26.51277],[89.27323,26.50968],[89.26939,26.50624],[89.27048,26.50377],[89.26604,26.49671]]]},"properties":{"District":"Alipurduar","Dist_LGD":"328N002","Sub_dist":"Alipurduar - I","Subdis_LGD":"2173","Subdis_Typ":"Cd_Block","Vill_name":"Mejbil","Vill_Cat":"Rural","Vill_LGD":"307209","arr_project":"asha1,asha2"}},
{"type":"Feature","geometry":{"type":"Polygon","coordinates":[[[89.30979,26.48466],[89.30717,26.4848],[89.3054,26.49215],[89.31029,26.49378],[89.3077,26.49872],[89.29866,26.49783],[89.29955,26.50065],[89.30562,26.50287],[89.30704,26.50672],[89.30339,26.50808],[89.30475,26.51883],[89.30158,26.5211],[89.29439,26.52],[89.29002,26.50607],[89.28987,26.50091],[89.27643,26.49414],[89.27116,26.49666],[89.26604,26.49671],[89.26284,26.49006],[89.28004,26.48613],[89.28434,26.48793],[89.2938,26.48794],[89.29907,26.48642],[89.30476,26.48167],[89.30979,26.48466]]]},"properties":{"District":"Alipurduar","Dist_LGD":"328N002","Sub_dist":"Alipurduar - I","Subdis_LGD":"2173","Subdis_Typ":"Cd_Block","Vill_name":"Paschim Khatalbari","Vill_Cat":"Rural","Vill_LGD":"307210","arr_project":"asha1,asha2"}},
{"type":"Feature","geometry":{"type":"Polygon","coordinates":[[[89.32215,26.51896],[89.31376,26.52061],[89.30919,26.51867],[89.30158,26.5211],[89.30475,26.51883],[89.30339,26.50808],[89.30704,26.50672],[89.30562,26.50287],[89.29955,26.50065],[89.29866,26.49783],[89.3077,26.49872],[89.31029,26.49378],[89.3054,26.49215],[89.30717,26.4848],[89.30979,26.48466],[89.31265,26.48462],[89.31555,26.48889],[89.32119,26.49305],[89.32398,26.49777],[89.32221,26.50296],[89.32443,26.51585],[89.32215,26.51896]]]},"properties":{"District":"Alipurduar","Dist_LGD":"328N002","Sub_dist":"Alipurduar - I","Subdis_LGD":"2173","Subdis_Typ":"Cd_Block","Vill_name":"Purba Kathalbari","Vill_Cat":"Rural","Vill_LGD":"307223","arr_project":"asha1,asha2"}},
{"type":"Feature","geometry":{"type":"Polygon","coordinates":[[[89.35763,26.52748],[89.35821,26.5354],[89.35536,26.53998],[89.35101,26.5391],[89.34351,26.53742],[89.34479,26.53169],[89.33863,26.53292],[89.33664,26.53525],[89.33042,26.53092],[89.33052,26.52459],[89.33664,26.52395],[89.34383,26.52677],[89.34972,26.52489],[89.35089,26.52052],[89.35309,26.52756],[89.35763,26.52748]]]},"properties":{"District":"Alipurduar","Dist_LGD":"328N002","Sub_dist":"Alipurduar - I","Subdis_LGD":"2173","Subdis_Typ":"Cd_Block","Vill_name":"Paschim Simlabari","Vill_Cat":"Rural","Vill_LGD":"307228","arr_project":"asha1,asha2"}},
{"type":"Feature","geometry":{"type":"Polygon","coordinates":[[[89.32398,26.49777],[89.32805,26.49983],[89.33422,26.49879],[89.34412,26.5007],[89.34457,26.5068],[89.34972,26.50659],[89.34895,26.51612],[89.35089,26.52052],[89.34972,26.52489],[89.34383,26.52677],[89.33664,26.52395],[89.33052,26.52459],[89.32986,26.51716],[89.32443,26.51585],[89.32221,26.50296],[89.32398,26.49777]]]},"properties":{"District":"Alipurduar","Dist_LGD":"328N002","Sub_dist":"Alipurduar - I","Subdis_LGD":"2173","Subdis_Typ":"Cd_Block","Vill_name":"Patlakhawa","Vill_Cat":"Rural","Vill_LGD":"307224","arr_project":"asha1,asha2"}},
{"type":"Feature","geometry":{"type":"Polygon","coordinates":[[[89.39649,26.50704],[89.39656,26.51106],[89.38959,26.51196],[89.38597,26.5184],[89.38002,26.51704],[89.3782,26.50929],[89.36751,26.50906],[89.36678,26.51907],[89.35984,26.51134],[89.3595,26.50676],[89.36514,26.49388],[89.36357,26.49176],[89.37112,26.48383],[89.37365,26.4882],[89.37375,26.49299],[89.37799,26.50279],[89.38685,26.50265],[89.38959,26.50756],[89.39649,26.50704]]]},"properties":{"District":"Alipurduar","Dist_LGD":"328N002","Sub_dist":"Alipurduar - I","Subdis_LGD":"2173","Subdis_Typ":"Cd_Block","Vill_name":"Dakshin Chakoakheti","Vill_Cat":"Rural","Vill_LGD":"307226","arr_project":"asha1,asha2"}},
{"type":"Feature","geometry":{"type":"Polygon","coordinates":[[[89.4107,26.54183],[89.40761,26.5468],[89.40373,26.54809],[89.3958,26.54541],[89.38905,26.54313],[89.38764,26.53776],[89.40269,26.53858],[89.40313,26.53376],[89.39704,26.53432],[89.39994,26.52753],[89.40084,26.52508],[89.41014,26.5249],[89.41817,26.52749],[89.41787,26.53268],[89.41098,26.53932],[89.4107,26.54183]]]},"properties":{"District":"Alipurduar","Dist_LGD":"328N002","Sub_dist":"Alipurduar - I","Subdis_LGD":"2173","Subdis_Typ":"Cd_Block","Vill_name":"Uttar Chokowakhati","Vill_Cat":"Rural","Vill_LGD":"307242","arr_project":"asha1,asha2"}},
{"type":"Feature","geometry":{"type":"Polygon","coordinates":[[[89.4142,26.54143],[89.42917,26.54024],[89.43066,26.54197],[89.43051,26.55061],[89.43781,26.55357],[89.43868,26.55774],[89.43512,26.55983],[89.43262,26.56447],[89.43312,26.56878],[89.4282,26.57036],[89.42233,26.56987],[89.42164,26.56617],[89.41894,26.56161],[89.42014,26.5529],[89.41662,26.55015],[89.41645,26.54723],[89.41144,26.54562],[89.4142,26.54143]]]},"properties":{"District":"Alipurduar","Dist_LGD":"328N002","Sub_dist":"Alipurduar - I","Subdis_LGD":"2173","Subdis_Typ":"Cd_Block","Vill_name":"Uttar Patkapara","Vill_Cat":"Rural","Vill_LGD":"307244","arr_project":"asha1,asha2"}},
{"type":"Feature","geometry":{"type":"Polygon","coordinates":[[[89.34902,26.82007],[89.36437,26.81861],[89.36593,26.82641],[89.36941,26.82831],[89.37084,26.83231],[89.37236,26.83654],[89.36637,26.83669],[89.37122,26.84084],[89.37362,26.84511],[89.36252,26.84569],[89.36,26.83844],[89.35634,26.83499],[89.34902,26.82007]]]},"properties":{"District":"Alipurduar","Dist_LGD":"328N002","Sub_dist":"Kalchini","Subdis_LGD":"2171","Subdis_Typ":"Cd_Block","Vill_name":"Mechiabasti (Ct)","Vill_Cat":"Partly_Urban","Vill_LGD":"307148","arr_project":"asha1,asha2"}},
{"type":"Feature","geometry":{"type":"Polygon","coordinates":[[[89.33126,26.75386],[89.33687,26.75002],[89.33349,26.74773],[89.34406,26.73994],[89.352,26.74108],[89.35659,26.73936],[89.35674,26.76279],[89.33929,26.76339],[89.34004,26.77549],[89.33564,26.77695],[89.33327,26.76608],[89.33411,26.75623],[89.33126,26.75386]]]},"properties":{"District":"Alipurduar","Dist_LGD":"328N002","Sub_dist":"Kalchini","Subdis_LGD":"2171","Subdis_Typ":"Cd_Block","Vill_name":"Beech Tea Garden","Vill_Cat":"Rural","Vill_LGD":"307116","arr_project":"asha1,asha2"}},
{"type":"Feature","geometry":{"type":"Polygon","coordinates":[[[89.32837,26.72343],[89.34246,26.72129],[89.34315,26.71654],[89.34631,26.71582],[89.35244,26.71857],[89.35155,26.72998],[89.36238,26.72957],[89.35909,26.73168],[89.35659,26.73936],[89.352,26.74108],[89.34406,26.73994],[89.33349,26.74773],[89.33687,26.75002],[89.33126,26.75386],[89.33129,26.74916],[89.32823,26.74029],[89.32654,26.73196],[89.32792,26.7258],[89.32837,26.72343]]]},"properties":{"District":"Alipurduar","Dist_LGD":"328N002","Sub_dist":"Kalchini","Subdis_LGD":"2171","Subdis_Typ":"Cd_Block","Vill_name":"Malangi Tea Garden","Vill_Cat":"Rural","Vill_LGD":"307115","arr_project":"asha1,asha2"}},
{"type":"Feature","geometry":{"type":"Polygon","coordinates":[[[89.32655,26.72428],[89.32837,26.72343],[89.32792,26.7258],[89.32655,26.72428]]]},"properties":{"District":"Alipurduar","Dist_LGD":"328N002","Sub_dist":"Kalchini","Subdis_LGD":"2171","Subdis_Typ":"Cd_Block","Vill_name":"Parmalangi","Vill_Cat":"Rural","Vill_LGD":"307107","arr_project":"asha1,asha2"}},
{"type":"Feature","geometry":{"type":"Polygon","coordinates":[[[89.35244,26.71857],[89.35697,26.71726],[89.36063,26.7129],[89.37262,26.71276],[89.37331,26.71949],[89.37679,26.72003],[89.38398,26.7179],[89.38617,26.72785],[89.3851,26.72824],[89.36238,26.72957],[89.35155,26.72998],[89.35244,26.71857]]]},"properties":{"District":"Alipurduar","Dist_LGD":"328N002","Sub_dist":"Kalchini","Subdis_LGD":"2171","Subdis_Typ":"Cd_Block","Vill_name":"Satali Tea Garden (Ct)","Vill_Cat":"Partly_Urban","Vill_LGD":"307114","arr_project":"asha1,asha2"}},
{"type":"Feature","geometry":{"type":"Polygon","coordinates":[[[89.34331,26.70921],[89.35022,26.70475],[89.34826,26.69767],[89.35583,26.69825],[89.35638,26.69352],[89.35947,26.69284],[89.36197,26.68709],[89.36579,26.6914],[89.36193,26.69455],[89.36514,26.69935],[89.37185,26.69871],[89.37096,26.70291],[89.37262,26.71276],[89.36063,26.7129],[89.35697,26.71726],[89.35244,26.71857],[89.34631,26.71582],[89.34315,26.71654],[89.34331,26.70921]]]},"properties":{"District":"Alipurduar","Dist_LGD":"328N002","Sub_dist":"Kalchini","Subdis_LGD":"2171","Subdis_Typ":"Cd_Block","Vill_name":"Uttar Satali (Ct)","Vill_Cat":"Partly_Urban","Vill_LGD":"307149","arr_project":"asha1,asha2"}},
{"type":"Feature","geometry":{"type":"Polygon","coordinates":[[[89.37262,26.71276],[89.37096,26.70291],[89.37185,26.69871],[89.37308,26.69416],[89.37855,26.69218],[89.37951,26.69808],[89.38791,26.6952],[89.38878,26.69029],[89.39173,26.69062],[89.39135,26.69845],[89.38595,26.69952],[89.38452,26.70358],[89.38814,26.70757],[89.39036,26.71295],[89.39171,26.71765],[89.39083,26.72481],[89.38617,26.72785],[89.38398,26.7179],[89.37679,26.72003],[89.37331,26.71949],[89.37262,26.71276]]]},"properties":{"District":"Alipurduar","Dist_LGD":"328N002","Sub_dist":"Kalchini","Subdis_LGD":"2171","Subdis_Typ":"Cd_Block","Vill_name":"Madhu Tea Garden","Vill_Cat":"Rural","Vill_LGD":"307113","arr_project":"asha1,asha2"}},
{"type":"Feature","geometry":{"type":"Polygon","coordinates":[[[89.32752,26.71961],[89.32564,26.71562],[89.32629,26.7091],[89.32846,26.70694],[89.32646,26.70163],[89.33051,26.70475],[89.33407,26.7071],[89.33109,26.71146],[89.33131,26.71905],[89.32752,26.71961]]]},"properties":{"District":"Alipurduar","Dist_LGD":"328N002","Sub_dist":"Kalchini","Subdis_LGD":"2171","Subdis_Typ":"Cd_Block","Vill_name":"Parmalangi","Vill_Cat":"Rural","Vill_LGD":"307107","arr_project":"asha1,asha2"}},
{"type":"Feature","geometry":{"type":"Polygon","coordinates":[[[89.32646,26.70163],[89.32237,26.69715],[89.32266,26.692],[89.3283,26.69256],[89.33146,26.69669],[89.33051,26.70475],[89.32646,26.70163]]]},"properties":{"District":"Alipurduar","Dist_LGD":"328N002","Sub_dist":"Kalchini","Subdis_LGD":"2171","Subdis_Typ":"Cd_Block","Vill_name":"Parmalangi","Vill_Cat":"Rural","Vill_LGD":"307107","arr_project":"asha1,asha2"}},
{"type":"Feature","geometry":{"type":"Polygon","coordinates":[[[89.58246,26.53087],[89.58936,26.53092],[89.59249,26.52877],[89.60282,26.52756],[89.60087,26.53243],[89.60333,26.53682],[89.60516,26.54222],[89.5858,26.54235],[89.5817,26.54337],[89.58051,26.53511],[89.58246,26.53087]]]},"properties":{"District":"Alipurduar","Dist_LGD":"328N002","Sub_dist":"Alipurduar - Ii","Subdis_LGD":"2174","Subdis_Typ":"Cd_Block","Vill_name":"Dakshin Dhalkar","Vill_Cat":"Rural","Vill_LGD":"307281","arr_project":"asha1,asha2"}},
{"type":"Feature","geometry":{"type":"Polygon","coordinates":[[[89.615,26.54545],[89.61882,26.54977],[89.61786,26.55645],[89.60974,26.55682],[89.59285,26.54896],[89.5902,26.54915],[89.583,26.54627],[89.5817,26.54337],[89.5858,26.54235],[89.60516,26.54222],[89.60333,26.53682],[89.60662,26.53758],[89.60663,26.54179],[89.61226,26.54634],[89.615,26.54545]]]},"properties":{"District":"Alipurduar","Dist_LGD":"328N002","Sub_dist":"Alipurduar - Ii","Subdis_LGD":"2174","Subdis_Typ":"Cd_Block","Vill_name":"Uttar Dhalkar","Vill_Cat":"Rural","Vill_LGD":"307283","arr_project":"asha1,asha2"}},
{"type":"Feature","geometry":{"type":"Polygon","coordinates":[[[89.61769,26.53666],[89.62526,26.53736],[89.62839,26.5396],[89.62537,26.54477],[89.62273,26.54512],[89.61769,26.53666]]]},"properties":{"District":"Alipurduar","Dist_LGD":"328N002","Sub_dist":"Alipurduar - Ii","Subdis_LGD":"2174","Subdis_Typ":"Cd_Block","Vill_name":"Madhya Shibkata","Vill_Cat":"Rural","Vill_LGD":"307286","arr_project":"asha1,asha2"}},
{"type":"Feature","geometry":{"type":"Polygon","coordinates":[[[89.57837,26.51503],[89.58649,26.51298],[89.58728,26.51565],[89.59875,26.51439],[89.59746,26.51905],[89.60274,26.52298],[89.60282,26.52756],[89.59249,26.52877],[89.58936,26.53092],[89.58246,26.53087],[89.5837,26.52934],[89.58155,26.52126],[89.57877,26.51748],[89.57837,26.51503]]]},"properties":{"District":"Alipurduar","Dist_LGD":"328N002","Sub_dist":"Alipurduar - Ii","Subdis_LGD":"2174","Subdis_Typ":"Cd_Block","Vill_name":"Bhasardabri","Vill_Cat":"Rural","Vill_LGD":"307280","arr_project":"asha1,asha2"}},
{"type":"Feature","geometry":{"type":"Polygon","coordinates":[[[89.61256,26.5115],[89.6238,26.51077],[89.62394,26.50785],[89.63173,26.51101],[89.63528,26.51438],[89.63064,26.52505],[89.62714,26.52718],[89.62395,26.53196],[89.62097,26.52843],[89.6151,26.52668],[89.61368,26.52336],[89.60695,26.51667],[89.61051,26.51528],[89.61256,26.5115]]]},"properties":{"District":"Alipurduar","Dist_LGD":"328N002","Sub_dist":"Alipurduar - Ii","Subdis_LGD":"2174","Subdis_Typ":"Cd_Block","Vill_name":"Jashodanga","Vill_Cat":"Rural","Vill_LGD":"307288","arr_project":"asha1,asha2"}},
{"type":"Feature","geometry":{"type":"Polygon","coordinates":[[[89.63528,26.51438],[89.63678,26.51128],[89.6511,26.52189],[89.66134,26.52799],[89.6621,26.53577],[89.63487,26.53467],[89.62526,26.53736],[89.61769,26.53666],[89.61607,26.53259],[89.6151,26.52668],[89.62097,26.52843],[89.62395,26.53196],[89.62714,26.52718],[89.63064,26.52505],[89.63528,26.51438]]]},"properties":{"District":"Alipurduar","Dist_LGD":"328N002","Sub_dist":"Alipurduar - Ii","Subdis_LGD":"2174","Subdis_Typ":"Cd_Block","Vill_name":"Pukhuria","Vill_Cat":"Rural","Vill_LGD":"307287","arr_project":"asha1,asha2"}},
{"type":"Feature","geometry":{"type":"Polygon","coordinates":[[[89.62526,26.53736],[89.63487,26.53467],[89.6621,26.53577],[89.66258,26.54019],[89.66158,26.54433],[89.66453,26.55481],[89.6522,26.55064],[89.64299,26.55274],[89.63805,26.54945],[89.63019,26.53944],[89.62839,26.5396],[89.62526,26.53736]]]},"properties":{"District":"Alipurduar","Dist_LGD":"328N002","Sub_dist":"Alipurduar - Ii","Subdis_LGD":"2174","Subdis_Typ":"Cd_Block","Vill_name":"Baniagaon","Vill_Cat":"Rural","Vill_LGD":"307306","arr_project":"asha1,asha2"}},
{"type":"Feature","geometry":{"type":"Polygon","coordinates":[[[89.66258,26.54019],[89.67543,26.53873],[89.68247,26.54176],[89.6824,26.55332],[89.68417,26.55389],[89.67986,26.55503],[89.67938,26.55818],[89.66728,26.55871],[89.66453,26.55481],[89.66158,26.54433],[89.66258,26.54019]]]},"properties":{"District":"Alipurduar","Dist_LGD":"328N002","Sub_dist":"Alipurduar - Ii","Subdis_LGD":"2174","Subdis_Typ":"Cd_Block","Vill_name":"Samuktala","Vill_Cat":"Rural","Vill_LGD":"307337","arr_project":"asha1,asha2"}},
{"type":"Feature","geometry":{"type":"Polygon","coordinates":[[[89.68417,26.55389],[89.68866,26.55226],[89.69012,26.54828],[89.70268,26.54731],[89.70258,26.54509],[89.70694,26.54458],[89.70617,26.5403],[89.71356,26.53904],[89.71538,26.5428],[89.71429,26.54781],[89.71153,26.54995],[89.70491,26.5516],[89.70227,26.56104],[89.69819,26.56135],[89.6995,26.57319],[89.6986,26.58147],[89.6998,26.58516],[89.69503,26.58517],[89.69142,26.58142],[89.68827,26.57917],[89.68312,26.57409],[89.68595,26.57175],[89.68064,26.56849],[89.68308,26.5655],[89.68198,26.55957],[89.67938,26.55818],[89.67986,26.55503],[89.68417,26.55389]]]},"properties":{"District":"Alipurduar","Dist_LGD":"328N002","Sub_dist":"Alipurduar - Ii","Subdis_LGD":"2174","Subdis_Typ":"Cd_Block","Vill_name":"Kohinoor Tea Garden","Vill_Cat":"Rural","Vill_LGD":"307323","arr_project":"asha1,asha2"}},
{"type":"Feature","geometry":{"type":"Polygon","coordinates":[[[89.59441,26.49311],[89.60429,26.48923],[89.60592,26.49537],[89.60577,26.50879],[89.60317,26.51029],[89.60146,26.51194],[89.59124,26.50739],[89.58559,26.50199],[89.59092,26.50074],[89.59042,26.4975],[89.59441,26.49311]]]},"properties":{"District":"Alipurduar","Dist_LGD":"328N002","Sub_dist":"Alipurduar - Ii","Subdis_LGD":"2174","Subdis_Typ":"Cd_Block","Vill_name":"Kayakhata","Vill_Cat":"Rural","Vill_LGD":"307278","arr_project":"asha1,asha2"}},
{"type":"Feature","geometry":{"type":"Polygon","coordinates":[[[89.57798,26.49866],[89.58157,26.50193],[89.58559,26.50199],[89.59124,26.50739],[89.60146,26.51194],[89.59875,26.51439],[89.58728,26.51565],[89.58649,26.51298],[89.57837,26.51503],[89.57871,26.51169],[89.5725,26.50799],[89.57428,26.50046],[89.57103,26.49865],[89.57798,26.49866]]]},"properties":{"District":"Alipurduar","Dist_LGD":"328N002","Sub_dist":"Alipurduar - Ii","Subdis_LGD":"2174","Subdis_Typ":"Cd_Block","Vill_name":"Putimari","Vill_Cat":"Rural","Vill_LGD":"307279","arr_project":"asha1,asha2"}},
{"type":"Feature","geometry":{"type":"Polygon","coordinates":[[[89.55527,26.48637],[89.56285,26.48586],[89.56089,26.47838],[89.56358,26.47469],[89.56286,26.47103],[89.56777,26.47246],[89.57216,26.47151],[89.57422,26.47645],[89.57503,26.48715],[89.57407,26.49148],[89.57871,26.49385],[89.57798,26.49866],[89.57103,26.49865],[89.56496,26.49983],[89.56105,26.49739],[89.55527,26.48637]]]},"properties":{"District":"Alipurduar","Dist_LGD":"328N002","Sub_dist":"Alipurduar - Ii","Subdis_LGD":"2174","Subdis_Typ":"Cd_Block","Vill_name":"Bhelukdabri","Vill_Cat":"Rural","Vill_LGD":"307266","arr_project":"asha1,asha2"}},
{"type":"Feature","geometry":{"type":"Polygon","coordinates":[[[89.56105,26.49739],[89.56419,26.50319],[89.55655,26.50427],[89.55284,26.50196],[89.54957,26.50006],[89.54508,26.48773],[89.54208,26.48229],[89.54621,26.48025],[89.54793,26.48515],[89.55527,26.48637],[89.56105,26.49739]]]},"properties":{"District":"Alipurduar","Dist_LGD":"328N002","Sub_dist":"Alipurduar - Ii","Subdis_LGD":"2174","Subdis_Typ":"Cd_Block","Vill_name":"Dakshin Majherdabri","Vill_Cat":"Rural","Vill_LGD":"307261","arr_project":"asha1,asha2"}},
{"type":"Feature","geometry":{"type":"Polygon","coordinates":[[[89.54513,26.45283],[89.55283,26.45112],[89.55601,26.45254],[89.56227,26.45215],[89.56651,26.4569],[89.5632,26.46483],[89.56286,26.47103],[89.56358,26.47469],[89.56089,26.47838],[89.56285,26.48586],[89.55527,26.48637],[89.54793,26.48515],[89.54621,26.48025],[89.54972,26.4725],[89.55258,26.46961],[89.55,26.46013],[89.54565,26.4578],[89.54513,26.45283]]]},"properties":{"District":"Alipurduar","Dist_LGD":"328N002","Sub_dist":"Alipurduar - Ii","Subdis_LGD":"2174","Subdis_Typ":"Cd_Block","Vill_name":"Chaparerpar","Vill_Cat":"Rural","Vill_LGD":"307260","arr_project":"asha1,asha2"}},
{"type":"Feature","geometry":{"type":"Polygon","coordinates":[[[89.56105,26.49739],[89.56496,26.49983],[89.57103,26.49865],[89.57428,26.50046],[89.5725,26.50799],[89.57871,26.51169],[89.57837,26.51503],[89.57877,26.51748],[89.56588,26.5179],[89.55287,26.51542],[89.5527,26.5105],[89.5561,26.50992],[89.55655,26.50427],[89.56419,26.50319],[89.56105,26.49739]]]},"properties":{"District":"Alipurduar","Dist_LGD":"328N002","Sub_dist":"Alipurduar - Ii","Subdis_LGD":"2174","Subdis_Typ":"Cd_Block","Vill_name":"Uttar Majherdabri","Vill_Cat":"Rural","Vill_LGD":"307265","arr_project":"asha1,asha2"}},
{"type":"Feature","geometry":{"type":"Polygon","coordinates":[[[89.53839,26.47806],[89.53359,26.47854],[89.53107,26.4761],[89.53093,26.47077],[89.53613,26.47259],[89.53646,26.46494],[89.53846,26.46232],[89.5399,26.46407],[89.54124,26.47418],[89.53839,26.47806]]]},"properties":{"District":"Alipurduar","Dist_LGD":"328N002","Sub_dist":"Alipurduar - Ii","Subdis_LGD":"2174","Subdis_Typ":"Cd_Block","Vill_name":"Sobhaganj (Ct)","Vill_Cat":"Partly_Urban","Vill_LGD":"307338","arr_project":"asha1,asha2"}},
{"type":"Feature","geometry":{"type":"Polygon","coordinates":[[[89.57895,26.75515],[89.58737,26.75381],[89.59202,26.75873],[89.58598,26.76252],[89.57292,26.76216],[89.5716,26.75639],[89.57895,26.75515]]]},"properties":{"District":"Alipurduar","Dist_LGD":"328N002","Sub_dist":"Kalchini","Subdis_LGD":"2171","Subdis_Typ":"Cd_Block","Vill_name":"Buxa Duar","Vill_Cat":"Rural","Vill_LGD":"307145N157","arr_project":"asha1,asha2"}},
{"type":"Feature","geometry":{"type":"Polygon","coordinates":[[[89.56201,26.74863],[89.5696,26.74647],[89.5811,26.74829],[89.57985,26.75263],[89.56914,26.75356],[89.56346,26.75231],[89.56201,26.74863]]]},"properties":{"District":"Alipurduar","Dist_LGD":"328N002","Sub_dist":"Kalchini","Subdis_LGD":"2171","Subdis_Typ":"Cd_Block","Vill_name":"Dara Gaon Buxa Duar","Vill_Cat":"Rural","Vill_LGD":"307145N158","arr_project":"asha1,asha2"}},
{"type":"Feature","geometry":{"type":"Polygon","coordinates":[[[89.54301,26.7483],[89.54326,26.74266],[89.55228,26.74229],[89.55701,26.74617],[89.5565,26.75083],[89.55107,26.752],[89.54301,26.7483]]]},"properties":{"District":"Alipurduar","Dist_LGD":"328N002","Sub_dist":"Kalchini","Subdis_LGD":"2171","Subdis_Typ":"Cd_Block","Vill_name":"Chuna Bhati","Vill_Cat":"Rural","Vill_LGD":"307145N160","arr_project":"asha1,asha2"}},
{"type":"Feature","geometry":{"type":"Polygon","coordinates":[[[89.54301,26.7483],[89.55107,26.752],[89.55346,26.75808],[89.54351,26.75918],[89.54029,26.75668],[89.54012,26.74992],[89.54301,26.7483]]]},"properties":{"District":"Alipurduar","Dist_LGD":"328N002","Sub_dist":"Kalchini","Subdis_LGD":"2171","Subdis_Typ":"Cd_Block","Vill_name":"Adma Busti","Vill_Cat":"Rural","Vill_LGD":"307145N161","arr_project":"asha1,asha2"}},
{"type":"Feature","geometry":{"type":"Polygon","coordinates":[[[89.55346,26.75808],[89.55505,26.76484],[89.54533,26.76649],[89.54078,26.7615],[89.54351,26.75918],[89.55346,26.75808]]]},"properties":{"District":"Alipurduar","Dist_LGD":"328N002","Sub_dist":"Kalchini","Subdis_LGD":"2171","Subdis_Typ":"Cd_Block","Vill_name":"Lamna","Vill_Cat":"Rural","Vill_LGD":"307145N162","arr_project":"asha1,asha2"}},
{"type":"Feature","geometry":{"type":"Polygon","coordinates":[[[89.87098,26.45847],[89.86632,26.46006],[89.86425,26.46537],[89.85993,26.46458],[89.86431,26.46373],[89.86191,26.45474],[89.8534,26.45562],[89.85078,26.44791],[89.84752,26.44463],[89.84425,26.4462],[89.84497,26.43441],[89.85663,26.43333],[89.85856,26.43957],[89.86266,26.44292],[89.8642,26.44676],[89.87138,26.45073],[89.87098,26.45847]]]},"properties":{"District":"Alipurduar","Dist_LGD":"328N002","Sub_dist":"Kumargram","Subdis_LGD":"2172","Subdis_Typ":"Cd_Block","Vill_name":"Pakriguri","Vill_Cat":"Rural","Vill_LGD":"307201","arr_project":"asha1,asha2"}},
{"type":"Feature","geometry":{"type":"Polygon","coordinates":[[[89.84425,26.4462],[89.83595,26.44686],[89.83188,26.44565],[89.83088,26.43906],[89.82506,26.44062],[89.82281,26.43138],[89.82735,26.43136],[89.82802,26.43443],[89.83853,26.43534],[89.84083,26.4326],[89.84497,26.43441],[89.84425,26.4462]]]},"properties":{"District":"Alipurduar","Dist_LGD":"328N002","Sub_dist":"Kumargram","Subdis_LGD":"2172","Subdis_Typ":"Cd_Block","Vill_name":"Baruipara","Vill_Cat":"Rural","Vill_LGD":"307202","arr_project":"asha1,asha2"}},
{"type":"Feature","geometry":{"type":"Polygon","coordinates":[[[89.85663,26.43333],[89.84497,26.43441],[89.84083,26.4326],[89.83853,26.43534],[89.82802,26.43443],[89.82735,26.43136],[89.83375,26.43131],[89.8302,26.4178],[89.83458,26.41661],[89.83525,26.41202],[89.84352,26.41131],[89.85715,26.4142],[89.84976,26.42046],[89.85666,26.4261],[89.85663,26.43333]]]},"properties":{"District":"Alipurduar","Dist_LGD":"328N002","Sub_dist":"Kumargram","Subdis_LGD":"2172","Subdis_Typ":"Cd_Block","Vill_name":"Majherdabri","Vill_Cat":"Rural","Vill_LGD":"307203","arr_project":"asha1,asha2"}},
{"type":"Feature","geometry":{"type":"Polygon","coordinates":[[[89.41355,26.70784],[89.44142,26.70754],[89.44358,26.72349],[89.43876,26.72136],[89.4353,26.71724],[89.42729,26.72684],[89.41896,26.72657],[89.4233,26.73637],[89.41436,26.73584],[89.4153,26.73133],[89.41251,26.72519],[89.40827,26.71928],[89.40813,26.71407],[89.41355,26.70784]]]},"properties":{"District":"Alipurduar","Dist_LGD":"328N002","Sub_dist":"Kalchini","Subdis_LGD":"2171","Subdis_Typ":"Cd_Block","Vill_name":"Mechpara Tea Garden","Vill_Cat":"Rural","Vill_LGD":"307136","arr_project":"asha1,asha2"}},
{"type":"Feature","geometry":{"type":"Polygon","coordinates":[[[89.44358,26.72349],[89.44142,26.70754],[89.47836,26.70739],[89.47587,26.726],[89.45302,26.72559],[89.44737,26.72097],[89.44358,26.72349]]]},"properties":{"District":"Alipurduar","Dist_LGD":"328N002","Sub_dist":"Kalchini","Subdis_LGD":"2171","Subdis_Typ":"Cd_Block","Vill_name":"Bhatpara Tea Garden","Vill_Cat":"Rural","Vill_LGD":"307137","arr_project":"asha1,asha2"}},
{"type":"Feature","geometry":{"type":"Polygon","coordinates":[[[89.48784,26.64561],[89.47486,26.6598],[89.46808,26.66611],[89.42902,26.66731],[89.43149,26.66422],[89.42992,26.65884],[89.43581,26.65912],[89.43963,26.65917],[89.4482,26.65896],[89.44481,26.64685],[89.48784,26.64561]]]},"properties":{"District":"Alipurduar","Dist_LGD":"328N002","Sub_dist":"Kalchini","Subdis_LGD":"2171","Subdis_Typ":"Cd_Block","Vill_name":"Bhatkhawa Tea Garden","Vill_Cat":"Rural","Vill_LGD":"307141","arr_project":"asha1,asha2"}},
{"type":"Feature","geometry":{"type":"Polygon","coordinates":[[[89.42785,26.52489],[89.42937,26.52691],[89.43677,26.5302],[89.43066,26.54197],[89.42917,26.54024],[89.4142,26.54143],[89.4107,26.54183],[89.41098,26.53932],[89.41787,26.53268],[89.42493,26.53446],[89.42774,26.5295],[89.42785,26.52489]]]},"properties":{"District":"Alipurduar","Dist_LGD":"328N002","Sub_dist":"Alipurduar - I","Subdis_LGD":"2173","Subdis_Typ":"Cd_Block","Vill_name":"Madhya Patkapara","Vill_Cat":"Rural","Vill_LGD":"307243","arr_project":"asha1,asha2"}},
{"type":"Feature","geometry":{"type":"Polygon","coordinates":[[[89.48225,26.5275],[89.48095,26.53752],[89.48464,26.53699],[89.48771,26.54725],[89.48382,26.54676],[89.47182,26.54494],[89.46589,26.54396],[89.45916,26.54308],[89.45937,26.53871],[89.45627,26.538],[89.46043,26.52715],[89.46456,26.5256],[89.46399,26.51995],[89.46885,26.5183],[89.46937,26.5242],[89.4738,26.52275],[89.4824,26.52273],[89.48225,26.5275]]]},"properties":{"District":"Alipurduar","Dist_LGD":"328N002","Sub_dist":"Alipurduar - I","Subdis_LGD":"2173","Subdis_Typ":"Cd_Block","Vill_name":"Foskadanga","Vill_Cat":"Rural","Vill_LGD":"307246","arr_project":"asha1,asha2"}},
{"type":"Feature","geometry":{"type":"Polygon","coordinates":[[[89.4824,26.52273],[89.4812,26.51792],[89.48518,26.51335],[89.48399,26.50922],[89.48889,26.50664],[89.48989,26.50139],[89.49592,26.50085],[89.50016,26.50714],[89.49849,26.51389],[89.49847,26.5171],[89.50298,26.52106],[89.49668,26.52458],[89.48722,26.52497],[89.48225,26.5275],[89.4824,26.52273]]]},"properties":{"District":"Alipurduar","Dist_LGD":"328N002","Sub_dist":"Alipurduar - I","Subdis_LGD":"2173","Subdis_Typ":"Cd_Block","Vill_name":"Banchukamari","Vill_Cat":"Rural","Vill_LGD":"307248","arr_project":"asha1,asha2"}},
{"type":"Feature","geometry":{"type":"Polygon","coordinates":[[[89.46823,26.51191],[89.47194,26.51069],[89.47111,26.50537],[89.47609,26.50346],[89.47677,26.49785],[89.48194,26.4994],[89.4855,26.49708],[89.49345,26.49666],[89.4958,26.49188],[89.50113,26.48779],[89.5047,26.48943],[89.50456,26.49459],[89.50241,26.4986],[89.49592,26.50085],[89.48989,26.50139],[89.48889,26.50664],[89.48399,26.50922],[89.48518,26.51335],[89.4812,26.51792],[89.4824,26.52273],[89.4738,26.52275],[89.46937,26.5242],[89.46885,26.5183],[89.46823,26.51191]]]},"properties":{"District":"Alipurduar","Dist_LGD":"328N002","Sub_dist":"Alipurduar - I","Subdis_LGD":"2173","Subdis_Typ":"Cd_Block","Vill_name":"Chapatali","Vill_Cat":"Rural","Vill_LGD":"307249","arr_project":"asha1,asha2"}},
{"type":"Feature","geometry":{"type":"Polygon","coordinates":[[[89.44379,26.50315],[89.44725,26.50904],[89.45031,26.50971],[89.45755,26.50471],[89.45751,26.50916],[89.4642,26.50949],[89.46823,26.51191],[89.46885,26.5183],[89.46399,26.51995],[89.46456,26.5256],[89.46043,26.52715],[89.45688,26.5286],[89.44738,26.52886],[89.43849,26.52761],[89.43677,26.5302],[89.42937,26.52691],[89.42785,26.52489],[89.43291,26.52326],[89.433,26.51837],[89.43505,26.51469],[89.44081,26.51502],[89.44279,26.50954],[89.441,26.5038],[89.44379,26.50315]]]},"properties":{"District":"Alipurduar","Dist_LGD":"328N002","Sub_dist":"Alipurduar - I","Subdis_LGD":"2173","Subdis_Typ":"Cd_Block","Vill_name":"Dakshin Paitkapara","Vill_Cat":"Rural","Vill_LGD":"307239","arr_project":"asha1,asha2"}},
{"type":"Feature","geometry":{"type":"Polygon","coordinates":[[[89.41562,26.50397],[89.41939,26.50567],[89.42068,26.51077],[89.42687,26.51614],[89.42879,26.5144],[89.43505,26.51469],[89.433,26.51837],[89.43291,26.52326],[89.42785,26.52489],[89.42774,26.5295],[89.42493,26.53446],[89.41787,26.53268],[89.41817,26.52749],[89.41014,26.5249],[89.40084,26.52508],[89.39994,26.52753],[89.40082,26.51569],[89.40511,26.5184],[89.41562,26.50397]]]},"properties":{"District":"Alipurduar","Dist_LGD":"328N002","Sub_dist":"Alipurduar - I","Subdis_LGD":"2173","Subdis_Typ":"Cd_Block","Vill_name":"Nathawatari","Vill_Cat":"Rural","Vill_LGD":"307241","arr_project":"asha1,asha2"}},
{"type":"Feature","geometry":{"type":"Polygon","coordinates":[[[89.3595,26.50676],[89.35282,26.50851],[89.34972,26.50659],[89.34457,26.5068],[89.34412,26.5007],[89.33422,26.49879],[89.32805,26.49983],[89.32398,26.49777],[89.32119,26.49305],[89.31555,26.48889],[89.31265,26.48462],[89.31896,26.48528],[89.32244,26.48853],[89.32576,26.49484],[89.34173,26.48679],[89.34757,26.48919],[89.35522,26.49654],[89.36357,26.49176],[89.36514,26.49388],[89.3595,26.50676]]]},"properties":{"District":"Alipurduar","Dist_LGD":"328N002","Sub_dist":"Alipurduar - I","Subdis_LGD":"2173","Subdis_Typ":"Cd_Block","Vill_name":"Silbarihat","Vill_Cat":"Rural","Vill_LGD":"307225","arr_project":"asha1,asha2"}},
{"type":"Feature","geometry":{"type":"Polygon","coordinates":[[[89.37365,26.4882],[89.38044,26.48491],[89.37952,26.48171],[89.38408,26.47578],[89.39093,26.47623],[89.39457,26.47333],[89.39699,26.48076],[89.40268,26.47946],[89.40463,26.48413],[89.39996,26.48556],[89.39941,26.49278],[89.40031,26.49416],[89.39649,26.50704],[89.38959,26.50756],[89.38685,26.50265],[89.37799,26.50279],[89.37375,26.49299],[89.37365,26.4882]]]},"properties":{"District":"Alipurduar","Dist_LGD":"328N002","Sub_dist":"Alipurduar - I","Subdis_LGD":"2173","Subdis_Typ":"Cd_Block","Vill_name":"Uttar Sonapur","Vill_Cat":"Rural","Vill_LGD":"307232","arr_project":"asha1,asha2"}},
{"type":"Feature","geometry":{"type":"Polygon","coordinates":[[[89.40463,26.48413],[89.41149,26.48487],[89.41233,26.48846],[89.41884,26.4875],[89.4195,26.49186],[89.42629,26.49299],[89.42571,26.49906],[89.41939,26.50567],[89.41562,26.50397],[89.41559,26.50196],[89.40906,26.49737],[89.40941,26.4914],[89.39941,26.49278],[89.39996,26.48556],[89.40463,26.48413]]]},"properties":{"District":"Alipurduar","Dist_LGD":"328N002","Sub_dist":"Alipurduar - I","Subdis_LGD":"2173","Subdis_Typ":"Cd_Block","Vill_name":"Uttar Kamsing Gram","Vill_Cat":"Rural","Vill_LGD":"307236","arr_project":"asha1,asha2"}},
{"type":"Feature","geometry":{"type":"Polygon","coordinates":[[[89.4642,26.50949],[89.45751,26.50916],[89.45755,26.50471],[89.45031,26.50971],[89.44725,26.50904],[89.44379,26.50315],[89.43819,26.50195],[89.43557,26.49822],[89.43716,26.49369],[89.43621,26.49002],[89.44092,26.48672],[89.43618,26.48394],[89.43696,26.47934],[89.44751,26.47841],[89.45035,26.47653],[89.45239,26.47685],[89.45455,26.49053],[89.46698,26.48883],[89.46547,26.49261],[89.46836,26.49701],[89.46472,26.49989],[89.4649,26.50321],[89.46137,26.50491],[89.4642,26.50949]]]},"properties":{"District":"Alipurduar","Dist_LGD":"328N002","Sub_dist":"Alipurduar - I","Subdis_LGD":"2173","Subdis_Typ":"Cd_Block","Vill_name":"Pakuritala","Vill_Cat":"Rural","Vill_LGD":"307238","arr_project":"asha1,asha2"}},
{"type":"Feature","geometry":{"type":"Polygon","coordinates":[[[89.4958,26.49188],[89.49345,26.49666],[89.4855,26.49708],[89.48194,26.4994],[89.47677,26.49785],[89.47609,26.50346],[89.47111,26.50537],[89.47194,26.51069],[89.46823,26.51191],[89.4642,26.50949],[89.46137,26.50491],[89.4649,26.50321],[89.46472,26.49989],[89.46836,26.49701],[89.46547,26.49261],[89.46698,26.48883],[89.47916,26.48625],[89.48222,26.48309],[89.48651,26.48323],[89.48575,26.48675],[89.48715,26.49278],[89.4958,26.49188]]]},"properties":{"District":"Alipurduar","Dist_LGD":"328N002","Sub_dist":"Alipurduar - I","Subdis_LGD":"2173","Subdis_Typ":"Cd_Block","Vill_name":"Pararpar","Vill_Cat":"Rural","Vill_LGD":"307250","arr_project":"asha1,asha2"}},
{"type":"Feature","geometry":{"type":"Polygon","coordinates":[[[89.45035,26.47653],[89.44751,26.47841],[89.43696,26.47934],[89.43618,26.48394],[89.44092,26.48672],[89.43621,26.49002],[89.43716,26.49369],[89.43557,26.49822],[89.43819,26.50195],[89.42969,26.50208],[89.42571,26.49906],[89.42629,26.49299],[89.42794,26.48465],[89.42324,26.481],[89.42711,26.47502],[89.42964,26.47093],[89.42749,26.46875],[89.43912,26.46934],[89.44188,26.47085],[89.44375,26.47593],[89.45035,26.47653]]]},"properties":{"District":"Alipurduar","Dist_LGD":"328N002","Sub_dist":"Alipurduar - I","Subdis_LGD":"2173","Subdis_Typ":"Cd_Block","Vill_name":"Tapshikhata","Vill_Cat":"Rural","Vill_LGD":"307237","arr_project":"asha1,asha2"}},
{"type":"Feature","geometry":{"type":"Polygon","coordinates":[[[89.51398,26.47478],[89.51383,26.48061],[89.51899,26.48592],[89.51389,26.49006],[89.51368,26.49415],[89.51097,26.49129],[89.50776,26.48055],[89.50147,26.48167],[89.50704,26.48565],[89.50787,26.49036],[89.50456,26.49459],[89.5047,26.48943],[89.50113,26.48779],[89.4958,26.49188],[89.48715,26.49278],[89.48575,26.48675],[89.48651,26.48323],[89.48924,26.48332],[89.49542,26.47565],[89.49718,26.47158],[89.50192,26.47349],[89.50431,26.46871],[89.51228,26.47603],[89.51398,26.47478]]]},"properties":{"District":"Alipurduar","Dist_LGD":"328N002","Sub_dist":"Alipurduar - I","Subdis_LGD":"2173","Subdis_Typ":"Cd_Block","Vill_name":"Birpara (Ct)","Vill_Cat":"Partly_Urban","Vill_LGD":"307258","arr_project":"asha1,asha2"}},
{"type":"Feature","geometry":{"type":"Polygon","coordinates":[[[89.40268,26.47946],[89.4039,26.47737],[89.41112,26.47521],[89.42711,26.47502],[89.42324,26.481],[89.42794,26.48465],[89.42629,26.49299],[89.4195,26.49186],[89.41884,26.4875],[89.41233,26.48846],[89.41149,26.48487],[89.40463,26.48413],[89.40268,26.47946]]]},"properties":{"District":"Alipurduar","Dist_LGD":"328N002","Sub_dist":"Alipurduar - I","Subdis_LGD":"2173","Subdis_Typ":"Cd_Block","Vill_name":"Dakshin Kamsing Gram","Vill_Cat":"Rural","Vill_LGD":"307235","arr_project":"asha1,asha2"}},
{"type":"Feature","geometry":{"type":"Polygon","coordinates":[[[89.40268,26.47946],[89.39699,26.48076],[89.39457,26.47333],[89.39992,26.46453],[89.40393,26.46573],[89.41199,26.47157],[89.41965,26.47082],[89.42101,26.46887],[89.42749,26.46875],[89.42964,26.47093],[89.42711,26.47502],[89.41112,26.47521],[89.4039,26.47737],[89.40268,26.47946]]]},"properties":{"District":"Alipurduar","Dist_LGD":"328N002","Sub_dist":"Alipurduar - I","Subdis_LGD":"2173","Subdis_Typ":"Cd_Block","Vill_name":"Panchkal Guri","Vill_Cat":"Rural","Vill_LGD":"307234","arr_project":"asha1,asha2"}},
{"type":"Feature","geometry":{"type":"Polygon","coordinates":[[[89.39457,26.47333],[89.39093,26.47623],[89.38408,26.47578],[89.37952,26.48171],[89.38044,26.48491],[89.37365,26.4882],[89.37112,26.48383],[89.37821,26.47631],[89.38213,26.47368],[89.38817,26.46592],[89.39435,26.46431],[89.39992,26.46453],[89.39457,26.47333]]]},"properties":{"District":"Alipurduar","Dist_LGD":"328N002","Sub_dist":"Alipurduar - I","Subdis_LGD":"2173","Subdis_Typ":"Cd_Block","Vill_name":"Dakshin Sonapur","Vill_Cat":"Rural","Vill_LGD":"307233","arr_project":"asha1,asha2"}},
{"type":"Feature","geometry":{"type":"Polygon","coordinates":[[[89.10638,26.81409],[89.11624,26.82003],[89.11956,26.82311],[89.11523,26.82423],[89.10238,26.84203],[89.10004,26.84188],[89.0979,26.83344],[89.09206,26.8307],[89.09268,26.8194],[89.09871,26.81835],[89.09885,26.81592],[89.10638,26.81409]]]},"properties":{"District":"Alipurduar","Dist_LGD":"328N002","Sub_dist":"Madarihat","Subdis_LGD":"2170","Subdis_Typ":"Cd_Block","Vill_name":"Nepania","Vill_Cat":"Rural","Vill_LGD":"307056","arr_project":"asha1,asha2"}},
{"type":"Feature","geometry":{"type":"Polygon","coordinates":[[[89.10596,26.7252],[89.0978,26.72585],[89.09209,26.73077],[89.09372,26.7411],[89.08458,26.7445],[89.07641,26.74358],[89.07736,26.73868],[89.08584,26.73814],[89.08534,26.73185],[89.08963,26.7298],[89.09571,26.72279],[89.09752,26.72271],[89.10344,26.72149],[89.10596,26.7252]]]},"properties":{"District":"Alipurduar","Dist_LGD":"328N002","Sub_dist":"Madarihat","Subdis_LGD":"2170","Subdis_Typ":"Cd_Block","Vill_name":"Sarugaon","Vill_Cat":"Rural","Vill_LGD":"307059","arr_project":"asha1,asha2"}},
{"type":"Feature","geometry":{"type":"Polygon","coordinates":[[[89.28256,26.75385],[89.28891,26.75156],[89.295,26.76541],[89.29658,26.77344],[89.30445,26.77625],[89.30766,26.78474],[89.31368,26.79595],[89.31328,26.79801],[89.31146,26.79625],[89.30446,26.78972],[89.30058,26.79027],[89.29794,26.79051],[89.29421,26.77783],[89.29085,26.77448],[89.2849,26.76219],[89.28256,26.75385]]]},"properties":{"District":"Alipurduar","Dist_LGD":"328N002","Sub_dist":"Madarihat","Subdis_LGD":"2170","Subdis_Typ":"Cd_Block","Vill_name":"Ballalguri","Vill_Cat":"Rural","Vill_LGD":"307088","arr_project":"asha1,asha2"}},
{"type":"Feature","geometry":{"type":"Polygon","coordinates":[[[89.2779,26.74432],[89.28295,26.74084],[89.28298,26.73557],[89.27369,26.73189],[89.27788,26.72692],[89.28329,26.72752],[89.29517,26.72934],[89.29964,26.7302],[89.3016,26.73652],[89.30699,26.74406],[89.31351,26.74956],[89.31624,26.76344],[89.31441,26.76873],[89.31565,26.77624],[89.31381,26.7804],[89.31796,26.79332],[89.31532,26.79983],[89.31328,26.79801],[89.31368,26.79595],[89.30766,26.78474],[89.30445,26.77625],[89.29658,26.77344],[89.295,26.76541],[89.28891,26.75156],[89.28256,26.75385],[89.2779,26.74432]]]},"properties":{"District":"Alipurduar","Dist_LGD":"328N002","Sub_dist":"Madarihat","Subdis_LGD":"2170","Subdis_Typ":"Cd_Block","Vill_name":"Holapara Forest","Vill_Cat":"Rural","Vill_LGD":"307089","arr_project":"asha1,asha2"}},
{"type":"Feature","geometry":{"type":"Polygon","coordinates":[[[89.26018,26.72115],[89.26532,26.72182],[89.27647,26.71712],[89.28174,26.71739],[89.28666,26.72014],[89.28329,26.72752],[89.27788,26.72692],[89.27369,26.73189],[89.26958,26.73073],[89.2662,26.7268],[89.26018,26.72115]]]},"properties":{"District":"Alipurduar","Dist_LGD":"328N002","Sub_dist":"Madarihat","Subdis_LGD":"2170","Subdis_Typ":"Cd_Block","Vill_name":"Uttar Khairbari","Vill_Cat":"Rural","Vill_LGD":"307091","arr_project":"asha1,asha2"}},
{"type":"Feature","geometry":{"type":"Polygon","coordinates":[[[89.24059,26.70421],[89.25385,26.70565],[89.2592,26.70763],[89.26952,26.70545],[89.27775,26.7092],[89.27647,26.71712],[89.26532,26.72182],[89.26018,26.72115],[89.24697,26.71723],[89.24091,26.71653],[89.23959,26.70714],[89.24059,26.70421]]]},"properties":{"District":"Alipurduar","Dist_LGD":"328N002","Sub_dist":"Madarihat","Subdis_LGD":"2170","Subdis_Typ":"Cd_Block","Vill_name":"Madhya Khairbari","Vill_Cat":"Rural","Vill_LGD":"307092","arr_project":"asha1,asha2"}},
{"type":"Feature","geometry":{"type":"Polygon","coordinates":[[[89.27775,26.7092],[89.28126,26.70973],[89.2818,26.70506],[89.28628,26.70415],[89.29531,26.71997],[89.29517,26.72934],[89.28329,26.72752],[89.28666,26.72014],[89.28174,26.71739],[89.27647,26.71712],[89.27775,26.7092]]]},"properties":{"District":"Alipurduar","Dist_LGD":"328N002","Sub_dist":"Madarihat","Subdis_LGD":"2170","Subdis_Typ":"Cd_Block","Vill_name":"Purba Khairbari","Vill_Cat":"Rural","Vill_LGD":"307090","arr_project":"asha1,asha2"}},
{"type":"Feature","geometry":{"type":"Polygon","coordinates":[[[89.09948,26.71591],[89.09678,26.71914],[89.09752,26.72271],[89.09571,26.72279],[89.09317,26.7193],[89.08827,26.72061],[89.0868,26.71666],[89.09148,26.71538],[89.09304,26.71221],[89.09629,26.70729],[89.09317,26.705],[89.09417,26.70262],[89.09778,26.70574],[89.09711,26.70957],[89.09948,26.71591]]]},"properties":{"District":"Alipurduar","Dist_LGD":"328N002","Sub_dist":"Madarihat","Subdis_LGD":"2170","Subdis_Typ":"Cd_Block","Vill_name":"Dangapara","Vill_Cat":"Rural","Vill_LGD":"307061","arr_project":"asha1,asha2"}},
{"type":"Feature","geometry":{"type":"Polygon","coordinates":[[[89.26597,26.66344],[89.2655,26.65365],[89.26656,26.64775],[89.27849,26.64158],[89.27851,26.64695],[89.2837,26.65809],[89.28388,26.66046],[89.27293,26.66351],[89.27103,26.661],[89.26597,26.66344]]]},"properties":{"District":"Alipurduar","Dist_LGD":"328N002","Sub_dist":"Madarihat","Subdis_LGD":"2170","Subdis_Typ":"Cd_Block","Vill_name":"Purba Madarihat","Vill_Cat":"Rural","Vill_LGD":"307103","arr_project":"asha1,asha2"}},
{"type":"Feature","geometry":{"type":"Polygon","coordinates":[[[89.26376,26.67076],[89.25802,26.66362],[89.25213,26.66149],[89.24877,26.6551],[89.24928,26.6482],[89.26121,26.64672],[89.26656,26.64775],[89.2655,26.65365],[89.26597,26.66344],[89.2668,26.66943],[89.26376,26.67076]]]},"properties":{"District":"Alipurduar","Dist_LGD":"328N002","Sub_dist":"Madarihat","Subdis_LGD":"2170","Subdis_Typ":"Cd_Block","Vill_name":"Dakshin Madarihat","Vill_Cat":"Rural","Vill_LGD":"307102","arr_project":"asha1,asha2"}},
{"type":"Feature","geometry":{"type":"Polygon","coordinates":[[[89.26376,26.67076],[89.2668,26.66943],[89.26597,26.66344],[89.27103,26.661],[89.27293,26.66351],[89.28388,26.66046],[89.28363,26.66515],[89.27899,26.66636],[89.27679,26.67273],[89.28243,26.68051],[89.26962,26.68536],[89.26494,26.6879],[89.26479,26.68604],[89.25745,26.67764],[89.26272,26.67564],[89.26376,26.67076]]]},"properties":{"District":"Alipurduar","Dist_LGD":"328N002","Sub_dist":"Madarihat","Subdis_LGD":"2170","Subdis_Typ":"Cd_Block","Vill_name":"Madhya Madarihat","Vill_Cat":"Rural","Vill_LGD":"307100","arr_project":"asha1,asha2"}},
{"type":"Feature","geometry":{"type":"Polygon","coordinates":[[[89.21623,26.6754],[89.21324,26.66047],[89.21987,26.65884],[89.22014,26.65244],[89.22453,26.65092],[89.22321,26.65403],[89.2294,26.66078],[89.2356,26.67497],[89.23086,26.67397],[89.22196,26.67619],[89.21623,26.6754]]]},"properties":{"District":"Alipurduar","Dist_LGD":"328N002","Sub_dist":"Madarihat","Subdis_LGD":"2170","Subdis_Typ":"Cd_Block","Vill_name":"Islamabad","Vill_Cat":"Rural","Vill_LGD":"307096","arr_project":"asha1,asha2"}},
{"type":"Feature","geometry":{"type":"Polygon","coordinates":[[[89.20893,26.65881],[89.21519,26.65452],[89.21412,26.64918],[89.21772,26.64512],[89.22453,26.65092],[89.22014,26.65244],[89.21987,26.65884],[89.21324,26.66047],[89.21623,26.6754],[89.21474,26.67623],[89.21399,26.67198],[89.20895,26.67316],[89.20574,26.6718],[89.20367,26.6682],[89.20531,26.66274],[89.20893,26.65881]]]},"properties":{"District":"Alipurduar","Dist_LGD":"328N002","Sub_dist":"Madarihat","Subdis_LGD":"2170","Subdis_Typ":"Cd_Block","Vill_name":"Dakshin Khairbari","Vill_Cat":"Rural","Vill_LGD":"307079","arr_project":"asha1,asha2"}},
{"type":"Feature","geometry":{"type":"Polygon","coordinates":[[[89.26494,26.6879],[89.26962,26.68536],[89.28243,26.68051],[89.28709,26.6905],[89.28736,26.69894],[89.28628,26.70415],[89.2818,26.70506],[89.28126,26.70973],[89.27775,26.7092],[89.26952,26.70545],[89.26929,26.69229],[89.26034,26.69481],[89.25919,26.69277],[89.26494,26.6879]]]},"properties":{"District":"Alipurduar","Dist_LGD":"328N002","Sub_dist":"Madarihat","Subdis_LGD":"2170","Subdis_Typ":"Cd_Block","Vill_name":"Uttar Madarihat (Ct)","Vill_Cat":"Partly_Urban","Vill_LGD":"307105","arr_project":"asha1,asha2"}},
{"type":"Feature","geometry":{"type":"Polygon","coordinates":[[[89.23631,26.69644],[89.23542,26.69257],[89.2317,26.68716],[89.2341,26.67877],[89.23683,26.67741],[89.23949,26.684],[89.2485,26.68545],[89.25404,26.6922],[89.25192,26.69604],[89.24091,26.69415],[89.23631,26.69644]]]},"properties":{"District":"Alipurduar","Dist_LGD":"328N002","Sub_dist":"Madarihat","Subdis_LGD":"2170","Subdis_Typ":"Cd_Block","Vill_name":"Madhya Chhekamari","Vill_Cat":"Rural","Vill_LGD":"307098","arr_project":"asha1,asha2"}},
{"type":"Feature","geometry":{"type":"Polygon","coordinates":[[[89.23959,26.70714],[89.22233,26.70811],[89.21935,26.70557],[89.21267,26.69939],[89.2112,26.68977],[89.22049,26.68426],[89.22468,26.69324],[89.23071,26.6944],[89.22932,26.69728],[89.23469,26.6994],[89.24059,26.70421],[89.23959,26.70714]]]},"properties":{"District":"Alipurduar","Dist_LGD":"328N002","Sub_dist":"Madarihat","Subdis_LGD":"2170","Subdis_Typ":"Cd_Block","Vill_name":"Uttar Rangalibazna","Vill_Cat":"Rural","Vill_LGD":"307094","arr_project":"asha1,asha2"}},
{"type":"Feature","geometry":{"type":"Polygon","coordinates":[[[89.18996,26.67294],[89.19515,26.67465],[89.20574,26.6718],[89.20895,26.67316],[89.21399,26.67198],[89.21474,26.67623],[89.22049,26.68426],[89.2112,26.68977],[89.21267,26.69939],[89.20533,26.69597],[89.20432,26.69305],[89.19826,26.68635],[89.19271,26.6882],[89.18935,26.68846],[89.18828,26.6835],[89.19101,26.67614],[89.18996,26.67294]]]},"properties":{"District":"Alipurduar","Dist_LGD":"328N002","Sub_dist":"Madarihat","Subdis_LGD":"2170","Subdis_Typ":"Cd_Block","Vill_name":"Madhya Rangalibazna","Vill_Cat":"Rural","Vill_LGD":"307080","arr_project":"asha1,asha2"}},
{"type":"Feature","geometry":{"type":"Polygon","coordinates":[[[89.16772,26.68413],[89.17746,26.66832],[89.18771,26.66664],[89.18996,26.67294],[89.19101,26.67614],[89.18828,26.6835],[89.18388,26.68531],[89.17676,26.68386],[89.16772,26.68413]]]},"properties":{"District":"Alipurduar","Dist_LGD":"328N002","Sub_dist":"Madarihat","Subdis_LGD":"2170","Subdis_Typ":"Cd_Block","Vill_name":"Dakshin Sisubari","Vill_Cat":"Rural","Vill_LGD":"307077","arr_project":"asha1,asha2"}},
{"type":"Feature","geometry":{"type":"Polygon","coordinates":[[[89.17746,26.66832],[89.18466,26.65989],[89.1894,26.65626],[89.19661,26.66215],[89.20531,26.66274],[89.20367,26.6682],[89.20574,26.6718],[89.19515,26.67465],[89.18996,26.67294],[89.18771,26.66664],[89.17746,26.66832]]]},"properties":{"District":"Alipurduar","Dist_LGD":"328N002","Sub_dist":"Madarihat","Subdis_LGD":"2170","Subdis_Typ":"Cd_Block","Vill_name":"Dakshin Rangalibazna","Vill_Cat":"Rural","Vill_LGD":"307078","arr_project":"asha1,asha2"}},
{"type":"Feature","geometry":{"type":"Polygon","coordinates":[[[89.20451,26.69802],[89.20533,26.69597],[89.21267,26.69939],[89.21935,26.70557],[89.21657,26.71194],[89.21757,26.71866],[89.22375,26.72433],[89.21791,26.73467],[89.2031,26.73679],[89.18836,26.73854],[89.18998,26.73585],[89.18793,26.73038],[89.18799,26.72504],[89.19161,26.71815],[89.1894,26.71289],[89.19591,26.70766],[89.19538,26.70499],[89.19992,26.70435],[89.2034,26.70652],[89.20695,26.70438],[89.20812,26.70033],[89.20451,26.69802]]]},"properties":{"District":"Alipurduar","Dist_LGD":"328N002","Sub_dist":"Madarihat","Subdis_LGD":"2170","Subdis_Typ":"Cd_Block","Vill_name":"Dumchi Forest","Vill_Cat":"Rural","Vill_LGD":"307082","arr_project":"asha1,asha2"}},
{"type":"Feature","geometry":{"type":"Polygon","coordinates":[[[89.23797,26.79631],[89.24037,26.79685],[89.24012,26.79923],[89.23687,26.79873],[89.23797,26.79631]]]},"properties":{"District":"Alipurduar","Dist_LGD":"328N002","Sub_dist":"Madarihat","Subdis_LGD":"2170","Subdis_Typ":"Cd_Block","Vill_name":"Lankapara Hat","Vill_Cat":"Rural","Vill_LGD":"307075","arr_project":"asha1,asha2"}},
{"type":"Feature","geometry":{"type":"Polygon","coordinates":[[[89.64811,26.68584],[89.6486,26.6931],[89.65264,26.69311],[89.65128,26.69678],[89.65582,26.69969],[89.66176,26.69914],[89.66472,26.69645],[89.66499,26.69253],[89.67072,26.69286],[89.67079,26.70162],[89.68077,26.69973],[89.68489,26.70151],[89.70199,26.70209],[89.71491,26.70187],[89.71497,26.69898],[89.71913,26.70006],[89.73067,26.69953],[89.73141,26.69691],[89.74071,26.69663],[89.74084,26.69879],[89.73034,26.70731],[89.7406,26.72162],[89.74874,26.71371],[89.75657,26.71624],[89.75533,26.72285],[89.75852,26.72884],[89.75264,26.73534],[89.74513,26.73029],[89.73943,26.72947],[89.7234,26.72262],[89.71781,26.72981],[89.70619,26.7321],[89.70027,26.73736],[89.68977,26.73317],[89.675,26.74004],[89.66962,26.73878],[89.66934,26.73205],[89.66448,26.72685],[89.65959,26.71952],[89.64991,26.71742],[89.64787,26.72058],[89.63955,26.72241],[89.635,26.72505],[89.63105,26.71897],[89.62371,26.71856],[89.62302,26.72356],[89.61805,26.72748],[89.60491,26.72461],[89.6007,26.72122],[89.60327,26.71426],[89.60077,26.70781],[89.60232,26.70579],[89.60431,26.7036],[89.60841,26.70505],[89.61584,26.70473],[89.62769,26.70028],[89.62619,26.6891],[89.62315,26.6879],[89.6313,26.68186],[89.63976,26.67999],[89.64772,26.67339],[89.64809,26.67543],[89.64815,26.68145],[89.64453,26.68052],[89.63722,26.68473],[89.63905,26.68969],[89.64811,26.68584]]]},"properties":{"District":"Alipurduar","Dist_LGD":"328N002","Sub_dist":"Kumargram","Subdis_LGD":"2172","Subdis_Typ":"Cd_Block","Vill_name":"Sachapho Forest","Vill_Cat":"Rural","Vill_LGD":"307151","arr_project":"asha1,asha2"}},
{"type":"Feature","geometry":{"type":"Polygon","coordinates":[[[89.74497,26.6659],[89.73947,26.67608],[89.74305,26.68221],[89.74019,26.68678],[89.73947,26.6926],[89.74071,26.69663],[89.73141,26.69691],[89.72712,26.69249],[89.71868,26.69184],[89.71539,26.6904],[89.71526,26.68107],[89.73414,26.67946],[89.73578,26.67516],[89.73421,26.66681],[89.74497,26.6659]]]},"properties":{"District":"Alipurduar","Dist_LGD":"328N002","Sub_dist":"Kumargram","Subdis_LGD":"2172","Subdis_Typ":"Cd_Block","Vill_name":"Turturi Khanda","Vill_Cat":"Rural","Vill_LGD":"307157","arr_project":"asha1,asha2"}},
{"type":"Feature","geometry":{"type":"Polygon","coordinates":[[[89.85621,26.7028],[89.84534,26.70497],[89.84299,26.69804],[89.83257,26.69662],[89.82443,26.6977],[89.82589,26.70325],[89.82508,26.70875],[89.81225,26.71073],[89.8065,26.71074],[89.77133,26.70096],[89.7684,26.70287],[89.76461,26.69765],[89.7688,26.68765],[89.77461,26.6822],[89.77754,26.68599],[89.78278,26.68723],[89.79361,26.68792],[89.7948,26.68395],[89.7908,26.67915],[89.81293,26.67807],[89.83277,26.67702],[89.83994,26.67683],[89.84949,26.65839],[89.85461,26.65754],[89.87023,26.6571],[89.87419,26.66672],[89.87235,26.67248],[89.87477,26.68227],[89.87144,26.68876],[89.8678,26.68735],[89.85861,26.68797],[89.85356,26.69591],[89.85621,26.7028]]]},"properties":{"District":"Alipurduar","Dist_LGD":"328N002","Sub_dist":"Kumargram","Subdis_LGD":"2172","Subdis_Typ":"Cd_Block","Vill_name":"Dhumpara Forest","Vill_Cat":"Rural","Vill_LGD":"307181","arr_project":"asha1,asha2"}},
{"type":"Feature","geometry":{"type":"Polygon","coordinates":[[[89.79351,26.62761],[89.79743,26.62747],[89.79708,26.63182],[89.80436,26.6291],[89.81579,26.62871],[89.81778,26.62757],[89.82244,26.62843],[89.82059,26.6355],[89.81744,26.63998],[89.80861,26.64009],[89.79093,26.63962],[89.79351,26.62761]]]},"properties":{"District":"Alipurduar","Dist_LGD":"328N002","Sub_dist":"Kumargram","Subdis_LGD":"2172","Subdis_Typ":"Cd_Block","Vill_name":"Amarpur","Vill_Cat":"Rural","Vill_LGD":"307179","arr_project":"asha1,asha2"}},
{"type":"Feature","geometry":{"type":"Polygon","coordinates":[[[89.83057,26.63881],[89.83059,26.6447],[89.8236,26.64472],[89.82375,26.64002],[89.81744,26.63998],[89.82059,26.6355],[89.82244,26.62843],[89.8227,26.6252],[89.82767,26.6248],[89.8298,26.61538],[89.82555,26.61069],[89.82736,26.60538],[89.83452,26.6053],[89.83506,26.60792],[89.83377,26.61912],[89.83055,26.62418],[89.82871,26.63637],[89.83057,26.63881]]]},"properties":{"District":"Alipurduar","Dist_LGD":"328N002","Sub_dist":"Kumargram","Subdis_LGD":"2172","Subdis_Typ":"Cd_Block","Vill_name":"Pukharigaon","Vill_Cat":"Rural","Vill_LGD":"307185","arr_project":"asha1,asha2"}},
{"type":"Feature","geometry":{"type":"Polygon","coordinates":[[[89.79109,26.61318],[89.79924,26.61444],[89.80165,26.60802],[89.80553,26.60735],[89.81284,26.60653],[89.81594,26.60914],[89.81466,26.62373],[89.81778,26.62757],[89.81579,26.62871],[89.80436,26.6291],[89.79708,26.63182],[89.79743,26.62747],[89.79351,26.62761],[89.79086,26.62528],[89.78966,26.61988],[89.79179,26.61725],[89.79109,26.61318]]]},"properties":{"District":"Alipurduar","Dist_LGD":"328N002","Sub_dist":"Kumargram","Subdis_LGD":"2172","Subdis_Typ":"Cd_Block","Vill_name":"Jaydebpur","Vill_Cat":"Rural","Vill_LGD":"307178","arr_project":"asha1,asha2"}},
{"type":"Feature","geometry":{"type":"Polygon","coordinates":[[[89.80553,26.60735],[89.80165,26.60802],[89.79924,26.61444],[89.79109,26.61318],[89.7856,26.61147],[89.78393,26.60337],[89.78504,26.59913],[89.80046,26.59568],[89.80628,26.59424],[89.80716,26.60128],[89.80446,26.60247],[89.80553,26.60735]]]},"properties":{"District":"Alipurduar","Dist_LGD":"328N002","Sub_dist":"Kumargram","Subdis_LGD":"2172","Subdis_Typ":"Cd_Block","Vill_name":"Dhantali","Vill_Cat":"Rural","Vill_LGD":"307177","arr_project":"asha1,asha2"}},
{"type":"Feature","geometry":{"type":"Polygon","coordinates":[[[89.85828,26.62437],[89.8495,26.62571],[89.8467,26.62409],[89.84069,26.62542],[89.84008,26.62047],[89.83377,26.61912],[89.83506,26.60792],[89.83452,26.6053],[89.82736,26.60538],[89.82422,26.59746],[89.82936,26.59608],[89.83591,26.59886],[89.84652,26.59672],[89.85456,26.60604],[89.85998,26.61349],[89.86415,26.61573],[89.85828,26.62437]]]},"properties":{"District":"Alipurduar","Dist_LGD":"328N002","Sub_dist":"Kumargram","Subdis_LGD":"2172","Subdis_Typ":"Cd_Block","Vill_name":"Madhya Haldibari","Vill_Cat":"Rural","Vill_LGD":"307187","arr_project":"asha1,asha2"}},
{"type":"Feature","geometry":{"type":"Polygon","coordinates":[[[89.82205,26.5951],[89.81985,26.59688],[89.81216,26.59779],[89.80628,26.59424],[89.80046,26.59568],[89.80185,26.58857],[89.80471,26.58448],[89.8116,26.58425],[89.81462,26.58947],[89.82175,26.58771],[89.82603,26.5895],[89.82205,26.5951]]]},"properties":{"District":"Alipurduar","Dist_LGD":"328N002","Sub_dist":"Kumargram","Subdis_LGD":"2172","Subdis_Typ":"Cd_Block","Vill_name":"Paglarhat","Vill_Cat":"Rural","Vill_LGD":"307189","arr_project":"asha1,asha2"}},
{"type":"Feature","geometry":{"type":"Polygon","coordinates":[[[89.78327,26.5894],[89.79939,26.5836],[89.80471,26.58448],[89.80185,26.58857],[89.80046,26.59568],[89.78504,26.59913],[89.78327,26.5894]]]},"properties":{"District":"Alipurduar","Dist_LGD":"328N002","Sub_dist":"Kumargram","Subdis_LGD":"2172","Subdis_Typ":"Cd_Block","Vill_name":"Lalchandpur","Vill_Cat":"Rural","Vill_LGD":"307176","arr_project":"asha1,asha2"}},
{"type":"Feature","geometry":{"type":"Polygon","coordinates":[[[89.80377,26.56961],[89.80301,26.57698],[89.79838,26.57891],[89.79939,26.5836],[89.78327,26.5894],[89.78443,26.5728],[89.78931,26.56885],[89.79187,26.56483],[89.78614,26.56184],[89.78409,26.55295],[89.78906,26.55277],[89.79694,26.55369],[89.80018,26.55909],[89.79858,26.56142],[89.80377,26.56961]]]},"properties":{"District":"Alipurduar","Dist_LGD":"328N002","Sub_dist":"Kumargram","Subdis_LGD":"2172","Subdis_Typ":"Cd_Block","Vill_name":"Paschim Chengmari","Vill_Cat":"Rural","Vill_LGD":"307175","arr_project":"asha1,asha2"}},
{"type":"Feature","geometry":{"type":"Polygon","coordinates":[[[89.82705,26.57792],[89.82785,26.58428],[89.82603,26.5895],[89.82175,26.58771],[89.81462,26.58947],[89.8116,26.58425],[89.80471,26.58448],[89.79939,26.5836],[89.79838,26.57891],[89.80301,26.57698],[89.80377,26.56961],[89.80676,26.56867],[89.81249,26.57077],[89.81133,26.57432],[89.81725,26.5767],[89.82553,26.57536],[89.82705,26.57792]]]},"properties":{"District":"Alipurduar","Dist_LGD":"328N002","Sub_dist":"Kumargram","Subdis_LGD":"2172","Subdis_Typ":"Cd_Block","Vill_name":"Chengmari","Vill_Cat":"Rural","Vill_LGD":"307190","arr_project":"asha1,asha2"}},
{"type":"Feature","geometry":{"type":"Polygon","coordinates":[[[89.84652,26.59672],[89.83591,26.59886],[89.82936,26.59608],[89.82422,26.59746],[89.82205,26.5951],[89.82603,26.5895],[89.82785,26.58428],[89.82705,26.57792],[89.82973,26.57506],[89.83939,26.58711],[89.84652,26.59672]]]},"properties":{"District":"Alipurduar","Dist_LGD":"328N002","Sub_dist":"Kumargram","Subdis_LGD":"2172","Subdis_Typ":"Cd_Block","Vill_name":"Dakshin Haldibari","Vill_Cat":"Rural","Vill_LGD":"307188","arr_project":"asha1,asha2"}},
{"type":"Feature","geometry":{"type":"Polygon","coordinates":[[[89.82973,26.57506],[89.82705,26.57792],[89.82553,26.57536],[89.81725,26.5767],[89.81133,26.57432],[89.81249,26.57077],[89.81179,26.55971],[89.81733,26.54968],[89.81928,26.55065],[89.83736,26.55919],[89.84381,26.56201],[89.8401,26.56654],[89.83536,26.57009],[89.83386,26.57385],[89.82973,26.57506]]]},"properties":{"District":"Alipurduar","Dist_LGD":"328N002","Sub_dist":"Kumargram","Subdis_LGD":"2172","Subdis_Typ":"Cd_Block","Vill_name":"Dakshin Chengmari","Vill_Cat":"Rural","Vill_LGD":"307191","arr_project":"asha1,asha2"}},
{"type":"Feature","geometry":{"type":"Polygon","coordinates":[[[89.85617,26.51542],[89.85728,26.52173],[89.86028,26.52443],[89.86586,26.53511],[89.86318,26.54164],[89.86899,26.55387],[89.86736,26.56948],[89.86449,26.57324],[89.86599,26.57677],[89.87292,26.5783],[89.8826,26.58339],[89.87397,26.59039],[89.87554,26.5981],[89.87822,26.60304],[89.87953,26.6093],[89.87842,26.61553],[89.86835,26.61495],[89.86415,26.61573],[89.85998,26.61349],[89.85456,26.60604],[89.84652,26.59672],[89.83939,26.58711],[89.84451,26.57963],[89.84689,26.57204],[89.8401,26.56654],[89.84381,26.56201],[89.83736,26.55919],[89.83847,26.55538],[89.83609,26.55297],[89.8209,26.54706],[89.81928,26.55065],[89.81733,26.54968],[89.81422,26.54739],[89.81765,26.53688],[89.82247,26.53074],[89.8166,26.52245],[89.81868,26.52254],[89.82031,26.51391],[89.82379,26.50291],[89.82505,26.49837],[89.83605,26.4963],[89.84154,26.50284],[89.84072,26.50508],[89.84678,26.51121],[89.84824,26.51343],[89.85617,26.51542]],[[89.85095,26.56585],[89.85495,26.56578],[89.85672,26.56076],[89.84926,26.55607],[89.8467,26.559],[89.84791,26.56359],[89.85095,26.56585]],[[89.83557,26.54765],[89.84309,26.5481],[89.83792,26.53907],[89.82916,26.53897],[89.82817,26.54431],[89.83557,26.54765]],[[89.84634,26.53348],[89.84983,26.53139],[89.84959,26.52747],[89.84686,26.52359],[89.83457,26.52235],[89.83415,26.53149],[89.84634,26.53348]],[[89.83209,26.51023],[89.83207,26.51554],[89.84362,26.51677],[89.84283,26.5087],[89.83376,26.50548],[89.83209,26.51023]]]},"properties":{"District":"Alipurduar","Dist_LGD":"328N002","Sub_dist":"Kumargram","Subdis_LGD":"2172","Subdis_Typ":"Cd_Block","Vill_name":"Bhalka Forest","Vill_Cat":"Rural","Vill_LGD":"307196","arr_project":"asha1,asha2"}},
{"type":"Feature","geometry":{"type":"Polygon","coordinates":[[[89.78881,26.54865],[89.7952,26.54659],[89.80037,26.54652],[89.81067,26.54581],[89.81422,26.54739],[89.81733,26.54968],[89.81179,26.55971],[89.81249,26.57077],[89.80676,26.56867],[89.80377,26.56961],[89.79858,26.56142],[89.80018,26.55909],[89.79694,26.55369],[89.78906,26.55277],[89.78881,26.54865]]]},"properties":{"District":"Alipurduar","Dist_LGD":"328N002","Sub_dist":"Kumargram","Subdis_LGD":"2172","Subdis_Typ":"Cd_Block","Vill_name":"Hemaguri","Vill_Cat":"Rural","Vill_LGD":"307192","arr_project":"asha1,asha2"}},
{"type":"Feature","geometry":{"type":"Polygon","coordinates":[[[89.80037,26.54652],[89.80367,26.54395],[89.80453,26.53531],[89.80736,26.53519],[89.80638,26.5249],[89.80687,26.51576],[89.80836,26.51489],[89.8144,26.51349],[89.8138,26.51914],[89.8166,26.52245],[89.82247,26.53074],[89.81765,26.53688],[89.81422,26.54739],[89.81067,26.54581],[89.80037,26.54652]]]},"properties":{"District":"Alipurduar","Dist_LGD":"328N002","Sub_dist":"Kumargram","Subdis_LGD":"2172","Subdis_Typ":"Cd_Block","Vill_name":"Ghaksapara","Vill_Cat":"Rural","Vill_LGD":"307194","arr_project":"asha1,asha2"}},
{"type":"Feature","geometry":{"type":"Polygon","coordinates":[[[89.79149,26.51554],[89.7915,26.519],[89.78762,26.52202],[89.78524,26.52634],[89.78636,26.53],[89.79187,26.52943],[89.79261,26.53384],[89.78759,26.53667],[89.78052,26.53407],[89.76915,26.52448],[89.7688,26.51824],[89.7668,26.51053],[89.76956,26.50561],[89.77355,26.50395],[89.77984,26.51012],[89.78992,26.50886],[89.79149,26.51554]]]},"properties":{"District":"Alipurduar","Dist_LGD":"328N002","Sub_dist":"Kumargram","Subdis_LGD":"2172","Subdis_Typ":"Cd_Block","Vill_name":"Chhoto Daldali","Vill_Cat":"Rural","Vill_LGD":"307171","arr_project":"asha1,asha2"}},
{"type":"Feature","geometry":{"type":"Polygon","coordinates":[[[89.75779,26.53949],[89.75594,26.53053],[89.74712,26.51964],[89.75214,26.51632],[89.75563,26.51725],[89.76143,26.51571],[89.76134,26.50336],[89.76798,26.50115],[89.77286,26.50206],[89.77355,26.50395],[89.76956,26.50561],[89.7668,26.51053],[89.7688,26.51824],[89.76915,26.52448],[89.78052,26.53407],[89.77986,26.53841],[89.77373,26.53974],[89.76296,26.53871],[89.75779,26.53949]]]},"properties":{"District":"Alipurduar","Dist_LGD":"328N002","Sub_dist":"Kumargram","Subdis_LGD":"2172","Subdis_Typ":"Cd_Block","Vill_name":"Nararthali","Vill_Cat":"Rural","Vill_LGD":"307172","arr_project":"asha1,asha2"}},
{"type":"Feature","geometry":{"type":"Polygon","coordinates":[[[89.71951,26.49593],[89.72335,26.49621],[89.72871,26.49401],[89.72993,26.49662],[89.74091,26.49488],[89.75204,26.49639],[89.75949,26.49573],[89.76134,26.50336],[89.76143,26.51571],[89.75563,26.51725],[89.75214,26.51632],[89.74712,26.51964],[89.74473,26.51881],[89.74439,26.50201],[89.72722,26.5022],[89.71987,26.49807],[89.71951,26.49593]]]},"properties":{"District":"Alipurduar","Dist_LGD":"328N002","Sub_dist":"Kumargram","Subdis_LGD":"2172","Subdis_Typ":"Cd_Block","Vill_name":"Madhya Nararthali","Vill_Cat":"Rural","Vill_LGD":"307162","arr_project":"asha1,asha2"}},
{"type":"Feature","geometry":{"type":"Polygon","coordinates":[[[89.80836,26.51489],[89.80744,26.51048],[89.80253,26.50616],[89.80303,26.50152],[89.81094,26.50031],[89.82379,26.50291],[89.82031,26.51391],[89.81868,26.52254],[89.8166,26.52245],[89.8138,26.51914],[89.8144,26.51349],[89.80836,26.51489]]]},"properties":{"District":"Alipurduar","Dist_LGD":"328N002","Sub_dist":"Kumargram","Subdis_LGD":"2172","Subdis_Typ":"Cd_Block","Vill_name":"Radhanagar","Vill_Cat":"Rural","Vill_LGD":"307195","arr_project":"asha1,asha2"}},
{"type":"Feature","geometry":{"type":"Polygon","coordinates":[[[89.80436,26.48625],[89.80151,26.4727],[89.81219,26.47156],[89.81705,26.47411],[89.82159,26.47095],[89.8251,26.47526],[89.8233,26.47869],[89.82694,26.4849],[89.82528,26.48865],[89.80971,26.48847],[89.80436,26.48625]]]},"properties":{"District":"Alipurduar","Dist_LGD":"328N002","Sub_dist":"Kumargram","Subdis_LGD":"2172","Subdis_Typ":"Cd_Block","Vill_name":"Laskarpara (Ct)","Vill_Cat":"Partly_Urban","Vill_LGD":"307204","arr_project":"asha1,asha2"}},
{"type":"Feature","geometry":{"type":"Polygon","coordinates":[[[89.86448,26.47296],[89.8571,26.47507],[89.84696,26.47439],[89.85004,26.48479],[89.84502,26.48724],[89.83527,26.48854],[89.83475,26.48153],[89.82989,26.48084],[89.82694,26.4849],[89.8233,26.47869],[89.8251,26.47526],[89.82159,26.47095],[89.82506,26.46973],[89.82582,26.47086],[89.84716,26.46935],[89.85498,26.4672],[89.85993,26.46458],[89.86425,26.46537],[89.86632,26.46006],[89.87098,26.45847],[89.87296,26.46264],[89.86863,26.46861],[89.86482,26.46912],[89.86448,26.47296]]]},"properties":{"District":"Alipurduar","Dist_LGD":"328N002","Sub_dist":"Kumargram","Subdis_LGD":"2172","Subdis_Typ":"Cd_Block","Vill_name":"Bhalka","Vill_Cat":"Rural","Vill_LGD":"307200","arr_project":"asha1,asha2"}},
{"type":"Feature","geometry":{"type":"Polygon","coordinates":[[[89.86448,26.47296],[89.86159,26.48188],[89.85414,26.48817],[89.85436,26.4934],[89.85873,26.49964],[89.85676,26.5066],[89.85878,26.51261],[89.85617,26.51542],[89.84824,26.51343],[89.84678,26.51121],[89.84529,26.5061],[89.84154,26.50284],[89.83605,26.4963],[89.83233,26.4925],[89.83527,26.48854],[89.84502,26.48724],[89.85004,26.48479],[89.84696,26.47439],[89.8571,26.47507],[89.86448,26.47296]]]},"properties":{"District":"Alipurduar","Dist_LGD":"328N002","Sub_dist":"Kumargram","Subdis_LGD":"2172","Subdis_Typ":"Cd_Block","Vill_name":"Purba Salbari","Vill_Cat":"Rural","Vill_LGD":"307197","arr_project":"asha1,asha2"}},
{"type":"Feature","geometry":{"type":"Polygon","coordinates":[[[89.75949,26.49573],[89.76229,26.49453],[89.76062,26.48775],[89.76144,26.48233],[89.76811,26.48353],[89.77505,26.48464],[89.77804,26.48274],[89.78603,26.48401],[89.78807,26.48684],[89.78686,26.49105],[89.78801,26.49544],[89.78361,26.49487],[89.77596,26.49732],[89.77286,26.50206],[89.76798,26.50115],[89.76134,26.50336],[89.75949,26.49573]]]},"properties":{"District":"Alipurduar","Dist_LGD":"328N002","Sub_dist":"Kumargram","Subdis_LGD":"2172","Subdis_Typ":"Cd_Block","Vill_name":"Purbba Narathali","Vill_Cat":"Rural","Vill_LGD":"307169","arr_project":"asha1,asha2"}},
{"type":"Feature","geometry":{"type":"Polygon","coordinates":[[[89.71951,26.49593],[89.71932,26.49354],[89.72633,26.48924],[89.72581,26.48135],[89.73605,26.48062],[89.7418,26.4815],[89.74554,26.48272],[89.75181,26.48184],[89.76144,26.48233],[89.76062,26.48775],[89.76229,26.49453],[89.75949,26.49573],[89.75204,26.49639],[89.74091,26.49488],[89.72993,26.49662],[89.72871,26.49401],[89.72335,26.49621],[89.71951,26.49593]]]},"properties":{"District":"Alipurduar","Dist_LGD":"328N002","Sub_dist":"Kumargram","Subdis_LGD":"2172","Subdis_Typ":"Cd_Block","Vill_name":"Paschim Narathali","Vill_Cat":"Rural","Vill_LGD":"307163","arr_project":"asha1,asha2"}},
{"type":"Feature","geometry":{"type":"Polygon","coordinates":[[[89.7674,26.46465],[89.7682,26.4698],[89.77188,26.47764],[89.76838,26.48006],[89.76811,26.48353],[89.76144,26.48233],[89.75181,26.48184],[89.74554,26.48272],[89.7418,26.4815],[89.74383,26.47086],[89.74305,26.4621],[89.74894,26.45894],[89.74879,26.46325],[89.7586,26.46469],[89.7674,26.46465]]]},"properties":{"District":"Alipurduar","Dist_LGD":"328N002","Sub_dist":"Kumargram","Subdis_LGD":"2172","Subdis_Typ":"Cd_Block","Vill_name":"Telipara","Vill_Cat":"Rural","Vill_LGD":"307167","arr_project":"asha1,asha2"}},
{"type":"Feature","geometry":{"type":"Polygon","coordinates":[[[89.7002,26.45997],[89.69437,26.46132],[89.69161,26.45776],[89.70701,26.4512],[89.71642,26.44781],[89.72482,26.44895],[89.72481,26.45342],[89.73,26.455],[89.7334,26.45276],[89.73765,26.45339],[89.73797,26.4598],[89.73636,26.46269],[89.72724,26.46054],[89.72562,26.46519],[89.72137,26.46152],[89.70567,26.46165],[89.70541,26.45565],[89.7002,26.45997]]]},"properties":{"District":"Alipurduar","Dist_LGD":"328N002","Sub_dist":"Kumargram","Subdis_LGD":"2172","Subdis_Typ":"Cd_Block","Vill_name":"Madhya Kamakhyaguri","Vill_Cat":"Rural","Vill_LGD":"307165","arr_project":"asha1,asha2"}},
{"type":"Feature","geometry":{"type":"Polygon","coordinates":[[[89.72038,26.47199],[89.71505,26.46949],[89.70843,26.47561],[89.70307,26.47266],[89.70507,26.47011],[89.70567,26.46165],[89.72137,26.46152],[89.72562,26.46519],[89.73164,26.46554],[89.73751,26.46999],[89.73552,26.47497],[89.72668,26.47526],[89.72038,26.47199]]]},"properties":{"District":"Alipurduar","Dist_LGD":"328N002","Sub_dist":"Kumargram","Subdis_LGD":"2172","Subdis_Typ":"Cd_Block","Vill_name":"Uttar Kamakhyaguri (Ct)","Vill_Cat":"Partly_Urban","Vill_LGD":"307206","arr_project":"asha1,asha2"}},
{"type":"Feature","geometry":{"type":"Polygon","coordinates":[[[89.78603,26.48401],[89.77804,26.48274],[89.77505,26.48464],[89.76811,26.48353],[89.76838,26.48006],[89.77188,26.47764],[89.7682,26.4698],[89.7674,26.46465],[89.77274,26.4652],[89.77835,26.46367],[89.781,26.47048],[89.7834,26.47181],[89.78082,26.47699],[89.78603,26.48401]]]},"properties":{"District":"Alipurduar","Dist_LGD":"328N002","Sub_dist":"Kumargram","Subdis_LGD":"2172","Subdis_Typ":"Cd_Block","Vill_name":"Paschim Chakchaka","Vill_Cat":"Rural","Vill_LGD":"307168","arr_project":"asha1,asha2"}},
{"type":"Feature","geometry":{"type":"Polygon","coordinates":[[[89.82159,26.47095],[89.81705,26.47411],[89.81219,26.47156],[89.80151,26.4727],[89.80019,26.46787],[89.79646,26.46166],[89.82776,26.45939],[89.83099,26.46272],[89.83156,26.46745],[89.82506,26.46973],[89.82159,26.47095]]]},"properties":{"District":"Alipurduar","Dist_LGD":"328N002","Sub_dist":"Kumargram","Subdis_LGD":"2172","Subdis_Typ":"Cd_Block","Vill_name":"Dakshin Rampur (Ct)","Vill_Cat":"Partly_Urban","Vill_LGD":"307205","arr_project":"asha1,asha2"}},
{"type":"Feature","geometry":{"type":"Polygon","coordinates":[[[89.78807,26.48684],[89.78603,26.48401],[89.78082,26.47699],[89.7834,26.47181],[89.781,26.47048],[89.77835,26.46367],[89.78502,26.46186],[89.79646,26.46166],[89.80019,26.46787],[89.80151,26.4727],[89.80436,26.48625],[89.78807,26.48684]]]},"properties":{"District":"Alipurduar","Dist_LGD":"328N002","Sub_dist":"Kumargram","Subdis_LGD":"2172","Subdis_Typ":"Cd_Block","Vill_name":"Purba Chakchaka","Vill_Cat":"Rural","Vill_LGD":"307199","arr_project":"asha1,asha2"}},
{"type":"Feature","geometry":{"type":"Polygon","coordinates":[[[89.80861,26.64009],[89.80936,26.64998],[89.808,26.65561],[89.81176,26.66243],[89.81293,26.67807],[89.7908,26.67915],[89.7855,26.67922],[89.79106,26.67507],[89.78704,26.67053],[89.78377,26.66979],[89.78195,26.65845],[89.77878,26.65753],[89.77635,26.65208],[89.777,26.64885],[89.78399,26.64776],[89.78779,26.64503],[89.79093,26.63962],[89.80861,26.64009]]]},"properties":{"District":"Alipurduar","Dist_LGD":"328N002","Sub_dist":"Kumargram","Subdis_LGD":"2172","Subdis_Typ":"Cd_Block","Vill_name":"Newlands Tea Garden","Vill_Cat":"Rural","Vill_LGD":"307180","arr_project":"asha1,asha2"}},
{"type":"Feature","geometry":{"type":"Polygon","coordinates":[[[89.833,26.64042],[89.83163,26.65098],[89.83109,26.67089],[89.83277,26.67702],[89.81293,26.67807],[89.81176,26.66243],[89.808,26.65561],[89.80936,26.64998],[89.80861,26.64009],[89.81744,26.63998],[89.82375,26.64002],[89.8236,26.64472],[89.83059,26.6447],[89.83057,26.63881],[89.833,26.64042]]]},"properties":{"District":"Alipurduar","Dist_LGD":"328N002","Sub_dist":"Kumargram","Subdis_LGD":"2172","Subdis_Typ":"Cd_Block","Vill_name":"Kumargram Tea Garden","Vill_Cat":"Rural","Vill_LGD":"307182","arr_project":"asha1,asha2"}},
{"type":"Feature","geometry":{"type":"Polygon","coordinates":[[[89.87023,26.6571],[89.85461,26.65754],[89.84949,26.65839],[89.83994,26.67683],[89.83277,26.67702],[89.83109,26.67089],[89.83163,26.65098],[89.833,26.64042],[89.85106,26.64122],[89.85194,26.63802],[89.85941,26.63773],[89.86416,26.63312],[89.86713,26.63495],[89.87164,26.64262],[89.87524,26.64457],[89.87693,26.64851],[89.87023,26.6571]]]},"properties":{"District":"Alipurduar","Dist_LGD":"328N002","Sub_dist":"Kumargram","Subdis_LGD":"2172","Subdis_Typ":"Cd_Block","Vill_name":"Sankos Tea Garden","Vill_Cat":"Rural","Vill_LGD":"307183","arr_project":"asha1,asha2"}},
{"type":"Feature","geometry":{"type":"Polygon","coordinates":[[[89.67655,26.67618],[89.67588,26.68933],[89.67143,26.68937],[89.67072,26.69286],[89.66499,26.69253],[89.65264,26.69311],[89.6486,26.6931],[89.64811,26.68584],[89.64815,26.68145],[89.64809,26.67543],[89.67189,26.67535],[89.67655,26.67618]]]},"properties":{"District":"Alipurduar","Dist_LGD":"328N002","Sub_dist":"Kumargram","Subdis_LGD":"2172","Subdis_Typ":"Cd_Block","Vill_name":"Phaskhawa Tea Garden","Vill_Cat":"Rural","Vill_LGD":"307152","arr_project":"asha1,asha2"}},
{"type":"Feature","geometry":{"type":"Polygon","coordinates":[[[89.33151,26.68261],[89.32974,26.69014],[89.3293,26.68771],[89.33151,26.68261]]]},"properties":{"District":"Alipurduar","Dist_LGD":"328N002","Sub_dist":"Kalchini","Subdis_LGD":"2171","Subdis_Typ":"Cd_Block","Vill_name":"Parmalangi","Vill_Cat":"Rural","Vill_LGD":"307107","arr_project":"asha1,asha2"}},
{"type":"Feature","geometry":{"type":"Polygon","coordinates":[[[89.33302,26.68011],[89.33514,26.67426],[89.33443,26.66984],[89.3373,26.66862],[89.34279,26.67329],[89.34029,26.67699],[89.33812,26.67401],[89.33302,26.68011]]]},"properties":{"District":"Alipurduar","Dist_LGD":"328N002","Sub_dist":"Kalchini","Subdis_LGD":"2171","Subdis_Typ":"Cd_Block","Vill_name":"Parmalangi","Vill_Cat":"Rural","Vill_LGD":"307107","arr_project":"asha1,asha2"}},
{"type":"Feature","geometry":{"type":"Polygon","coordinates":[[[89.42924,26.7568],[89.47129,26.7577],[89.42921,26.76938],[89.4289,26.76832],[89.42924,26.7568]]]},"properties":{"District":"Alipurduar","Dist_LGD":"328N002","Sub_dist":"Kalchini","Subdis_LGD":"2171","Subdis_Typ":"Cd_Block","Vill_name":"Radharani Tea Garden","Vill_Cat":"Rural","Vill_LGD":"307133","arr_project":"asha1,asha2"}},
{"type":"Feature","geometry":{"type":"Polygon","coordinates":[[[89.41436,26.73584],[89.4233,26.73637],[89.41896,26.72657],[89.42729,26.72684],[89.4353,26.71724],[89.43876,26.72136],[89.44358,26.72349],[89.44737,26.72097],[89.45302,26.72559],[89.47587,26.726],[89.47129,26.7577],[89.42924,26.7568],[89.42122,26.74933],[89.42037,26.7459],[89.41557,26.74226],[89.41436,26.73584]]]},"properties":{"District":"Alipurduar","Dist_LGD":"328N002","Sub_dist":"Kalchini","Subdis_LGD":"2171","Subdis_Typ":"Cd_Block","Vill_name":"Chuapara Tea Garden","Vill_Cat":"Rural","Vill_LGD":"307134","arr_project":"asha1,asha2"}},
{"type":"Feature","geometry":{"type":"Polygon","coordinates":[[[89.49654,26.66455],[89.47855,26.6656],[89.46808,26.66611],[89.47486,26.6598],[89.48784,26.64561],[89.50024,26.6447],[89.49699,26.65574],[89.497,26.66199],[89.49654,26.66455]]]},"properties":{"District":"Alipurduar","Dist_LGD":"328N002","Sub_dist":"Kalchini","Subdis_LGD":"2171","Subdis_Typ":"Cd_Block","Vill_name":"Rajabhat Tea Garden","Vill_Cat":"Rural","Vill_LGD":"307143","arr_project":"asha1,asha2"}},
{"type":"Feature","geometry":{"type":"Polygon","coordinates":[[[89.39649,26.50704],[89.40031,26.49416],[89.39941,26.49278],[89.40941,26.4914],[89.40906,26.49737],[89.41559,26.50196],[89.41562,26.50397],[89.40511,26.5184],[89.40082,26.51569],[89.39994,26.52753],[89.39704,26.53432],[89.40313,26.53376],[89.40269,26.53858],[89.38764,26.53776],[89.38219,26.53712],[89.38096,26.53279],[89.3853,26.52764],[89.3875,26.52214],[89.38597,26.5184],[89.38959,26.51196],[89.39656,26.51106],[89.39649,26.50704]]]},"properties":{"District":"Alipurduar","Dist_LGD":"328N002","Sub_dist":"Alipurduar - I","Subdis_LGD":"2173","Subdis_Typ":"Cd_Block","Vill_name":"Mathura Tea Garden","Vill_Cat":"Rural","Vill_LGD":"307231","arr_project":"asha1,asha2"}},
{"type":"Feature","geometry":{"type":"Polygon","coordinates":[[[89.44274,26.55102],[89.4429,26.55287],[89.43781,26.55357],[89.43051,26.55061],[89.43066,26.54197],[89.43677,26.5302],[89.43849,26.52761],[89.44738,26.52886],[89.45688,26.5286],[89.46043,26.52715],[89.45627,26.538],[89.45108,26.53795],[89.45069,26.54152],[89.44295,26.54356],[89.44227,26.54554],[89.43945,26.54535],[89.43866,26.55146],[89.44274,26.55102]]]},"properties":{"District":"Alipurduar","Dist_LGD":"328N002","Sub_dist":"Alipurduar - I","Subdis_LGD":"2173","Subdis_Typ":"Cd_Block","Vill_name":"Patkapara Tea Garden","Vill_Cat":"Rural","Vill_LGD":"307245","arr_project":"asha1,asha2"}},
{"type":"Feature","geometry":{"type":"Polygon","coordinates":[[[89.24935,26.54197],[89.24562,26.54373],[89.24195,26.54052],[89.23556,26.53997],[89.2329,26.54349],[89.22604,26.54561],[89.22165,26.54328],[89.21716,26.53912],[89.21797,26.53613],[89.22,26.53663],[89.23011,26.53236],[89.23173,26.52722],[89.22766,26.52302],[89.22687,26.51888],[89.24205,26.51534],[89.24605,26.51447],[89.25112,26.51775],[89.24862,26.52367],[89.25316,26.53082],[89.25108,26.53519],[89.24935,26.54197]]]},"properties":{"District":"Alipurduar","Dist_LGD":"328N002","Sub_dist":"Falakata","Subdis_LGD":"2175","Subdis_Typ":"Cd_Block","Vill_name":"Kadambini Tea Garden","Vill_Cat":"Rural","Vill_LGD":"307395","arr_project":"asha1,asha2"}},
{"type":"Feature","geometry":{"type":"Polygon","coordinates":[[[89.07642,26.66034],[89.07608,26.65233],[89.07211,26.64819],[89.07485,26.64273],[89.07833,26.64059],[89.08562,26.63908],[89.08776,26.65022],[89.09039,26.65393],[89.08417,26.65772],[89.08557,26.66393],[89.07943,26.66444],[89.07642,26.66034]]]},"properties":{"District":"Alipurduar","Dist_LGD":"328N002","Sub_dist":"Falakata","Subdis_LGD":"2175","Subdis_Typ":"Cd_Block","Vill_name":"Ethelbari Tea Garden","Vill_Cat":"Rural","Vill_LGD":"307342","arr_project":"asha1,asha2"}},
{"type":"Feature","geometry":{"type":"Polygon","coordinates":[[[89.15924,26.65514],[89.1627,26.6662],[89.15709,26.67288],[89.15582,26.68137],[89.15297,26.68477],[89.15369,26.69087],[89.14663,26.68423],[89.13698,26.6817],[89.13837,26.67482],[89.13911,26.65722],[89.15924,26.65514]]]},"properties":{"District":"Alipurduar","Dist_LGD":"328N002","Sub_dist":"Falakata","Subdis_LGD":"2175","Subdis_Typ":"Cd_Block","Vill_name":"Dalgaon Tea Garden","Vill_Cat":"Rural","Vill_LGD":"307367","arr_project":"asha1,asha2"}},
{"type":"Feature","geometry":{"type":"Polygon","coordinates":[[[89.13911,26.65722],[89.13529,26.65794],[89.13346,26.65493],[89.12802,26.6501],[89.12543,26.64517],[89.13169,26.63227],[89.13417,26.63417],[89.14626,26.633],[89.14939,26.6386],[89.15416,26.64384],[89.15557,26.64934],[89.15924,26.65514],[89.13911,26.65722]]]},"properties":{"District":"Alipurduar","Dist_LGD":"328N002","Sub_dist":"Falakata","Subdis_LGD":"2175","Subdis_Typ":"Cd_Block","Vill_name":"Tasti Tea Garden","Vill_Cat":"Rural","Vill_LGD":"307366","arr_project":"asha1,asha2"}},
{"type":"Feature","geometry":{"type":"Polygon","coordinates":[[[89.13251,26.74241],[89.13225,26.75612],[89.112,26.75823],[89.10824,26.74936],[89.1058,26.74795],[89.10536,26.74123],[89.10345,26.73629],[89.10632,26.72926],[89.10596,26.7252],[89.10344,26.72149],[89.09752,26.72271],[89.09678,26.71914],[89.09948,26.71591],[89.12276,26.71397],[89.11953,26.72789],[89.12516,26.72741],[89.12436,26.7431],[89.13251,26.74241]]]},"properties":{"District":"Alipurduar","Dist_LGD":"328N002","Sub_dist":"Madarihat","Subdis_LGD":"2170","Subdis_Typ":"Cd_Block","Vill_name":"Nangdala Tea Garden","Vill_Cat":"Rural","Vill_LGD":"307064","arr_project":"asha1,asha2"}},
{"type":"Feature","geometry":{"type":"Polygon","coordinates":[[[89.23877,26.76289],[89.2633,26.76087],[89.25974,26.77557],[89.24725,26.77635],[89.22184,26.77653],[89.22,26.78179],[89.20349,26.78352],[89.20508,26.76959],[89.20342,26.76583],[89.20495,26.76581],[89.23877,26.76289]]]},"properties":{"District":"Alipurduar","Dist_LGD":"328N002","Sub_dist":"Madarihat","Subdis_LGD":"2170","Subdis_Typ":"Cd_Block","Vill_name":"Garganda Tea Garden","Vill_Cat":"Rural","Vill_LGD":"307085","arr_project":"asha1,asha2"}},
{"type":"Feature","geometry":{"type":"Polygon","coordinates":[[[89.23876,26.73128],[89.25209,26.72875],[89.2662,26.7268],[89.26958,26.73073],[89.27369,26.73189],[89.28298,26.73557],[89.28295,26.74084],[89.2779,26.74432],[89.26837,26.75062],[89.2633,26.76087],[89.23877,26.76289],[89.23876,26.73128]]]},"properties":{"District":"Alipurduar","Dist_LGD":"328N002","Sub_dist":"Madarihat","Subdis_LGD":"2170","Subdis_Typ":"Cd_Block","Vill_name":"Hantupara Tea Garden","Vill_Cat":"Rural","Vill_LGD":"307084","arr_project":"asha1,asha2"}},
{"type":"Feature","geometry":{"type":"Polygon","coordinates":[[[89.15352,26.72442],[89.15775,26.72325],[89.15778,26.71864],[89.16075,26.71766],[89.16929,26.71928],[89.16781,26.72573],[89.16206,26.72631],[89.16147,26.7332],[89.14959,26.73438],[89.14995,26.74122],[89.14473,26.74169],[89.14437,26.72689],[89.15346,26.72613],[89.15352,26.72442]]]},"properties":{"District":"Alipurduar","Dist_LGD":"328N002","Sub_dist":"Madarihat","Subdis_LGD":"2170","Subdis_Typ":"Cd_Block","Vill_name":"Hossenabad Tea Garden","Vill_Cat":"Rural","Vill_LGD":"307070","arr_project":"asha1,asha2"}},
{"type":"Feature","geometry":{"type":"Polygon","coordinates":[[[89.13251,26.74241],[89.12436,26.7431],[89.12516,26.72741],[89.11953,26.72789],[89.12276,26.71397],[89.12502,26.70765],[89.12576,26.70139],[89.12415,26.69402],[89.12591,26.68581],[89.12531,26.67798],[89.11464,26.67428],[89.10989,26.67475],[89.10442,26.68096],[89.10175,26.6813],[89.10207,26.6766],[89.10392,26.67264],[89.11042,26.67202],[89.11198,26.66272],[89.10852,26.65932],[89.12074,26.66252],[89.12839,26.66327],[89.13588,26.66138],[89.13529,26.65794],[89.13911,26.65722],[89.13837,26.67482],[89.13698,26.6817],[89.14663,26.68423],[89.15369,26.69087],[89.16601,26.69637],[89.16731,26.69679],[89.16455,26.69796],[89.16432,26.70298],[89.16065,26.7075],[89.16091,26.71192],[89.15341,26.71245],[89.15352,26.72442],[89.15346,26.72613],[89.14437,26.72689],[89.14473,26.74169],[89.13251,26.74241]]]},"properties":{"District":"Alipurduar","Dist_LGD":"328N002","Sub_dist":"Madarihat","Subdis_LGD":"2170","Subdis_Typ":"Cd_Block","Vill_name":"Birpara Tea Garden (Ct)","Vill_Cat":"Partly_Urban","Vill_LGD":"307063","arr_project":"asha1,asha2"}},
{"type":"Feature","geometry":{"type":"Polygon","coordinates":[[[89.16075,26.71766],[89.16537,26.71488],[89.17169,26.70406],[89.17985,26.70264],[89.18307,26.70481],[89.18593,26.69884],[89.19022,26.69834],[89.18812,26.70381],[89.19538,26.70499],[89.19591,26.70766],[89.1894,26.71289],[89.19161,26.71815],[89.18799,26.72504],[89.18778,26.72368],[89.16781,26.72573],[89.16929,26.71928],[89.16075,26.71766]]]},"properties":{"District":"Alipurduar","Dist_LGD":"328N002","Sub_dist":"Madarihat","Subdis_LGD":"2170","Subdis_Typ":"Cd_Block","Vill_name":"Gopalpur Tea Garden","Vill_Cat":"Rural","Vill_LGD":"307071","arr_project":"asha1,asha2"}},
{"type":"Feature","geometry":{"type":"Polygon","coordinates":[[[89.23876,26.73128],[89.21791,26.73467],[89.22375,26.72433],[89.22836,26.71721],[89.22291,26.71245],[89.22233,26.70811],[89.23959,26.70714],[89.24091,26.71653],[89.24697,26.71723],[89.26018,26.72115],[89.2662,26.7268],[89.25209,26.72875],[89.23876,26.73128]]]},"properties":{"District":"Alipurduar","Dist_LGD":"328N002","Sub_dist":"Madarihat","Subdis_LGD":"2170","Subdis_Typ":"Cd_Block","Vill_name":"Mujnai Tea Garden","Vill_Cat":"Rural","Vill_LGD":"307093","arr_project":"asha1,asha2"}},
{"type":"Feature","geometry":{"type":"Polygon","coordinates":[[[89.21623,26.6754],[89.22196,26.67619],[89.23086,26.67397],[89.2356,26.67497],[89.23683,26.67741],[89.2341,26.67877],[89.2317,26.68716],[89.23542,26.69257],[89.23631,26.69644],[89.23469,26.6994],[89.22932,26.69728],[89.23071,26.6944],[89.22468,26.69324],[89.22049,26.68426],[89.21474,26.67623],[89.21623,26.6754]]]},"properties":{"District":"Alipurduar","Dist_LGD":"328N002","Sub_dist":"Madarihat","Subdis_LGD":"2170","Subdis_Typ":"Cd_Block","Vill_name":"Paschim Khairbari","Vill_Cat":"Rural","Vill_LGD":"307095","arr_project":"asha1,asha2"}},
{"type":"Feature","geometry":{"type":"Polygon","coordinates":[[[89.42571,26.49906],[89.42969,26.50208],[89.43819,26.50195],[89.44379,26.50315],[89.441,26.5038],[89.44279,26.50954],[89.44081,26.51502],[89.43505,26.51469],[89.42879,26.5144],[89.42687,26.51614],[89.42068,26.51077],[89.41939,26.50567],[89.42571,26.49906]]]},"properties":{"District":"Alipurduar","Dist_LGD":"328N002","Sub_dist":"Alipurduar - I","Subdis_LGD":"2173","Subdis_Typ":"Cd_Block","Vill_name":"Paschim Salbari","Vill_Cat":"Rural","Vill_LGD":"307240","arr_project":"asha1,asha2"}},
{"type":"Feature","geometry":{"type":"Polygon","coordinates":[[[89.37122,26.84084],[89.36637,26.83669],[89.37236,26.83654],[89.37122,26.84084]]]},"properties":{"District":"Alipurduar","Dist_LGD":"328N002","Sub_dist":"Kalchini","Subdis_LGD":"2171","Subdis_Typ":"Cd_Block","Vill_name":"Gopimohan Tea Garden (Ct)","Vill_Cat":"Partly_Urban","Vill_LGD":"307120","arr_project":"asha1,asha2"}},
{"type":"Feature","geometry":{"type":"Polygon","coordinates":[[[89.34279,26.67329],[89.35233,26.66461],[89.36043,26.66066],[89.36601,26.65949],[89.38275,26.65723],[89.39214,26.65971],[89.38727,26.66113],[89.37686,26.66823],[89.36842,26.66848],[89.36582,26.67271],[89.35871,26.67228],[89.35835,26.67553],[89.34652,26.67642],[89.34279,26.67329]]]},"properties":{"District":"Alipurduar","Dist_LGD":"328N002","Sub_dist":"Kalchini","Subdis_LGD":"2171","Subdis_Typ":"Cd_Block","Vill_name":"Paschim Satali","Vill_Cat":"Rural","Vill_LGD":"307111","arr_project":"asha1,asha2"}},
{"type":"Feature","geometry":{"type":"Polygon","coordinates":[[[89.393,26.6773],[89.39266,26.67851],[89.38488,26.67662],[89.36661,26.6755],[89.36582,26.67271],[89.36842,26.66848],[89.37686,26.66823],[89.38727,26.66113],[89.39214,26.65971],[89.39616,26.65689],[89.40749,26.65239],[89.40839,26.65682],[89.41612,26.65712],[89.415,26.66307],[89.40862,26.66406],[89.40799,26.66938],[89.39629,26.669],[89.39173,26.67446],[89.393,26.6773]]]},"properties":{"District":"Alipurduar","Dist_LGD":"328N002","Sub_dist":"Kalchini","Subdis_LGD":"2171","Subdis_Typ":"Cd_Block","Vill_name":"Purba Satali","Vill_Cat":"Rural","Vill_LGD":"307130","arr_project":"asha1,asha2"}},
{"type":"Feature","geometry":{"type":"Polygon","coordinates":[[[89.18661,26.7671],[89.18557,26.75483],[89.18413,26.75172],[89.18589,26.73975],[89.18836,26.73854],[89.2031,26.73679],[89.20293,26.74289],[89.20456,26.7501],[89.20682,26.75129],[89.20767,26.75773],[89.20495,26.76581],[89.20342,26.76583],[89.18661,26.7671]]]},"properties":{"District":"Alipurduar","Dist_LGD":"328N002","Sub_dist":"Madarihat","Subdis_LGD":"2170","Subdis_Typ":"Cd_Block","Vill_name":"Ramjhora Tea Garden","Vill_Cat":"Rural","Vill_LGD":"307073","arr_project":"asha1,asha2"}},
{"type":"Feature","geometry":{"type":"Polygon","coordinates":[[[89.09409,26.69135],[89.09417,26.70262],[89.09317,26.705],[89.07927,26.70796],[89.0705,26.7072],[89.06932,26.70054],[89.06574,26.69296],[89.06664,26.69077],[89.07131,26.68938],[89.0946,26.68869],[89.09409,26.69135]]]},"properties":{"District":"Alipurduar","Dist_LGD":"328N002","Sub_dist":"Falakata","Subdis_LGD":"2175","Subdis_Typ":"Cd_Block","Vill_name":"Jagijhora Barabak (Ct)","Vill_Cat":"Partly_Urban","Vill_LGD":"307399","arr_project":"asha1,asha2"}},
{"type":"Feature","geometry":{"type":"Polygon","coordinates":[[[89.16762,26.65127],[89.17071,26.65535],[89.17018,26.67352],[89.16557,26.68682],[89.16601,26.69637],[89.15369,26.69087],[89.15297,26.68477],[89.15582,26.68137],[89.15709,26.67288],[89.1627,26.6662],[89.15924,26.65514],[89.15557,26.64934],[89.15416,26.64384],[89.14939,26.6386],[89.16006,26.63684],[89.16709,26.64356],[89.166,26.64678],[89.16762,26.65127]]]},"properties":{"District":"Alipurduar","Dist_LGD":"328N002","Sub_dist":"Falakata","Subdis_LGD":"2175","Subdis_Typ":"Cd_Block","Vill_name":"Dalgaon","Vill_Cat":"Rural","Vill_LGD":"307368","arr_project":"asha1,asha2"}},
{"type":"Feature","geometry":{"type":"Polygon","coordinates":[[[89.17721,26.64491],[89.18127,26.64393],[89.18389,26.63902],[89.18832,26.64407],[89.1982,26.64121],[89.20883,26.64419],[89.20648,26.65279],[89.20893,26.65881],[89.20531,26.66274],[89.19661,26.66215],[89.1894,26.65626],[89.18884,26.65357],[89.17875,26.64984],[89.17721,26.64491]]]},"properties":{"District":"Alipurduar","Dist_LGD":"328N002","Sub_dist":"Falakata","Subdis_LGD":"2175","Subdis_Typ":"Cd_Block","Vill_name":"Uttar Deogaon","Vill_Cat":"Rural","Vill_LGD":"307370","arr_project":"asha1,asha2"}},
{"type":"Feature","geometry":{"type":"Polygon","coordinates":[[[89.17887,26.62842],[89.18028,26.63166],[89.17574,26.63783],[89.17921,26.63934],[89.17721,26.64491],[89.17875,26.64984],[89.16762,26.65127],[89.166,26.64678],[89.16709,26.64356],[89.16006,26.63684],[89.16124,26.63326],[89.15962,26.62352],[89.15972,26.6169],[89.16363,26.61721],[89.16886,26.62038],[89.16849,26.62341],[89.17225,26.62657],[89.17547,26.62504],[89.17887,26.62842]]]},"properties":{"District":"Alipurduar","Dist_LGD":"328N002","Sub_dist":"Falakata","Subdis_LGD":"2175","Subdis_Typ":"Cd_Block","Vill_name":"Dhulagaon","Vill_Cat":"Rural","Vill_LGD":"307374","arr_project":"asha1,asha2"}},
{"type":"Feature","geometry":{"type":"Polygon","coordinates":[[[89.16088,26.53886],[89.15345,26.54118],[89.1551,26.53944],[89.1522,26.5258],[89.15816,26.52424],[89.15754,26.5154],[89.15965,26.51197],[89.16721,26.50907],[89.17019,26.50667],[89.17053,26.5093],[89.16568,26.51118],[89.16654,26.51539],[89.16362,26.5199],[89.1686,26.52207],[89.17117,26.53144],[89.16415,26.53342],[89.16088,26.53886]]]},"properties":{"District":"Alipurduar","Dist_LGD":"328N002","Sub_dist":"Falakata","Subdis_LGD":"2175","Subdis_Typ":"Cd_Block","Vill_name":"Bhutnir Ghat","Vill_Cat":"Rural","Vill_LGD":"307356","arr_project":"asha1,asha2"}},
{"type":"Feature","geometry":{"type":"Polygon","coordinates":[[[89.21235,26.54735],[89.20186,26.55187],[89.19958,26.54996],[89.19303,26.55042],[89.18489,26.54948],[89.17716,26.54728],[89.16516,26.54863],[89.16292,26.55147],[89.15635,26.55188],[89.15565,26.54917],[89.15849,26.54396],[89.1619,26.54272],[89.16088,26.53886],[89.16415,26.53342],[89.17117,26.53144],[89.1686,26.52207],[89.16362,26.5199],[89.16654,26.51539],[89.16568,26.51118],[89.17053,26.5093],[89.17449,26.50789],[89.18142,26.50876],[89.19168,26.50684],[89.19155,26.51007],[89.2075,26.50625],[89.22744,26.5027],[89.22864,26.50816],[89.23861,26.50657],[89.24335,26.51075],[89.24205,26.51534],[89.22687,26.51888],[89.22924,26.51434],[89.22195,26.51193],[89.21579,26.51404],[89.21377,26.51849],[89.21199,26.5233],[89.21316,26.53021],[89.21054,26.5338],[89.21467,26.54671],[89.21235,26.54735]]]},"properties":{"District":"Alipurduar","Dist_LGD":"328N002","Sub_dist":"Falakata","Subdis_LGD":"2175","Subdis_Typ":"Cd_Block","Vill_name":"Falakata (M)","Vill_Cat":"Fully_Urban","Vill_LGD":"307402","arr_project":"asha1,asha2"}},
{"type":"Feature","geometry":{"type":"Polygon","coordinates":[[[89.16762,26.65127],[89.17875,26.64984],[89.18884,26.65357],[89.1894,26.65626],[89.18466,26.65989],[89.17746,26.66832],[89.16772,26.68413],[89.16611,26.68786],[89.16731,26.69679],[89.16601,26.69637],[89.16557,26.68682],[89.17018,26.67352],[89.17071,26.65535],[89.16762,26.65127]]]},"properties":{"District":"Alipurduar","Dist_LGD":"328N002","Sub_dist":"Falakata","Subdis_LGD":"2175","Subdis_Typ":"Cd_Block","Vill_name":"Karaibari","Vill_Cat":"Rural","Vill_LGD":"307369","arr_project":"asha1,asha2"}},
{"type":"Feature","geometry":{"type":"Polygon","coordinates":[[[89.67252,26.60498],[89.67074,26.60777],[89.66404,26.6078],[89.66313,26.61088],[89.65919,26.6105],[89.65994,26.60317],[89.65649,26.59974],[89.66,26.59094],[89.66416,26.59337],[89.67446,26.59288],[89.67246,26.5942],[89.67666,26.60122],[89.67252,26.60498]]]},"properties":{"District":"Alipurduar","Dist_LGD":"328N002","Sub_dist":"Alipurduar - Ii","Subdis_LGD":"2174","Subdis_Typ":"Cd_Block","Vill_name":"Panbari","Vill_Cat":"Rural","Vill_LGD":"307313","arr_project":"asha1,asha2"}},
{"type":"Feature","geometry":{"type":"Polygon","coordinates":[[[89.74034,26.63714],[89.73663,26.63757],[89.73695,26.6457],[89.73573,26.66006],[89.72119,26.66048],[89.68957,26.66027],[89.69002,26.646],[89.69017,26.63754],[89.69277,26.63753],[89.7125,26.63788],[89.72056,26.63808],[89.72036,26.62451],[89.72633,26.624],[89.7293,26.6247],[89.73098,26.63254],[89.73741,26.63412],[89.74034,26.63714]]]},"properties":{"District":"Alipurduar","Dist_LGD":"328N002","Sub_dist":"Kumargram","Subdis_LGD":"2172","Subdis_Typ":"Cd_Block","Vill_name":"Kartika Tea Garden","Vill_Cat":"Rural","Vill_LGD":"307154","arr_project":"asha1,asha2"}},
{"type":"Feature","geometry":{"type":"Polygon","coordinates":[[[89.10345,26.73629],[89.09874,26.7386],[89.10076,26.74174],[89.09394,26.74502],[89.09617,26.74989],[89.09147,26.75233],[89.09321,26.75619],[89.09064,26.76088],[89.09386,26.76423],[89.10997,26.76356],[89.11007,26.76876],[89.10905,26.76961],[89.0906,26.77211],[89.08418,26.74544],[89.07957,26.74654],[89.07641,26.74358],[89.08458,26.7445],[89.09372,26.7411],[89.09209,26.73077],[89.0978,26.72585],[89.10596,26.7252],[89.10632,26.72926],[89.10345,26.73629]]]},"properties":{"District":"Alipurduar","Dist_LGD":"328N002","Sub_dist":"Madarihat","Subdis_LGD":"2170","Subdis_Typ":"Cd_Block","Vill_name":"Dheklapara Tea Garden","Vill_Cat":"Rural","Vill_LGD":"307058","arr_project":"asha1,asha2"}},
{"type":"Feature","geometry":{"type":"Polygon","coordinates":[[[89.15068,26.81209],[89.13434,26.80766],[89.12395,26.82202],[89.11956,26.82311],[89.11624,26.82003],[89.10638,26.81409],[89.11149,26.80237],[89.10486,26.79153],[89.10144,26.78551],[89.09731,26.77883],[89.0906,26.77211],[89.10905,26.76961],[89.11007,26.76876],[89.11395,26.76523],[89.11454,26.76186],[89.112,26.75823],[89.13225,26.75612],[89.13218,26.77399],[89.15114,26.77255],[89.15246,26.77603],[89.15945,26.78082],[89.15801,26.78889],[89.15058,26.78914],[89.15098,26.79951],[89.15109,26.80612],[89.15068,26.81209]]]},"properties":{"District":"Alipurduar","Dist_LGD":"328N002","Sub_dist":"Madarihat","Subdis_LGD":"2170","Subdis_Typ":"Cd_Block","Vill_name":"Bandapani Tea Garden","Vill_Cat":"Rural","Vill_LGD":"307066","arr_project":"asha1,asha2"}},
{"type":"Feature","geometry":{"type":"Polygon","coordinates":[[[89.60232,26.70579],[89.59467,26.7081],[89.58609,26.70701],[89.57606,26.70958],[89.57309,26.71408],[89.57069,26.70899],[89.57183,26.70418],[89.56756,26.70255],[89.56679,26.69921],[89.56225,26.69605],[89.56448,26.69165],[89.56708,26.68079],[89.56649,26.67494],[89.56822,26.66989],[89.56859,26.66029],[89.56383,26.65656],[89.56238,26.65239],[89.56591,26.6473],[89.56417,26.64582],[89.56747,26.63763],[89.57053,26.63433],[89.57019,26.62932],[89.57464,26.62735],[89.57548,26.61118],[89.5745,26.60464],[89.57654,26.60174],[89.58157,26.59961],[89.58441,26.58911],[89.58489,26.58397],[89.58108,26.57636],[89.58244,26.569],[89.58472,26.56534],[89.58542,26.55931],[89.594,26.55838],[89.59285,26.54896],[89.60974,26.55682],[89.61786,26.55645],[89.62321,26.55638],[89.62526,26.5616],[89.62965,26.56353],[89.62898,26.57242],[89.63534,26.5769],[89.64685,26.58761],[89.65132,26.58456],[89.6545,26.58972],[89.6464,26.58911],[89.64559,26.59491],[89.64879,26.59945],[89.65649,26.59974],[89.65994,26.60317],[89.65919,26.6105],[89.66313,26.61088],[89.66384,26.62028],[89.66397,26.62201],[89.65562,26.62399],[89.65772,26.6277],[89.665,26.62644],[89.66587,26.63571],[89.66022,26.63284],[89.65221,26.63294],[89.6521,26.63688],[89.66387,26.6425],[89.66129,26.64632],[89.66007,26.6617],[89.6553,26.66782],[89.64772,26.67339],[89.63976,26.67999],[89.6313,26.68186],[89.62315,26.6879],[89.62174,26.69056],[89.61378,26.69476],[89.60431,26.7036],[89.60232,26.70579]]]},"properties":{"District":"Alipurduar","Dist_LGD":"328N002","Sub_dist":"Kalchini","Subdis_LGD":"2171","Subdis_Typ":"Cd_Block","Vill_name":"Buxa Forest (Panbari Khanda)","Vill_Cat":"Rural","Vill_LGD":"307146","arr_project":"asha1,asha2"}},
{"type":"Feature","geometry":{"type":"Polygon","coordinates":[[[89.56283,26.72211],[89.53153,26.72438],[89.52434,26.7283],[89.52108,26.73187],[89.51827,26.7389],[89.51816,26.7435],[89.51223,26.75163],[89.50941,26.75264],[89.50159,26.75163],[89.4965,26.75295],[89.48862,26.75974],[89.48513,26.76536],[89.4787,26.76879],[89.47668,26.7784],[89.46903,26.78183],[89.46291,26.78444],[89.45975,26.79101],[89.45851,26.79655],[89.45439,26.79793],[89.44906,26.79203],[89.44911,26.79192],[89.45031,26.78939],[89.4454,26.78596],[89.44273,26.78196],[89.43119,26.77618],[89.4289,26.76832],[89.42921,26.76938],[89.47129,26.7577],[89.47587,26.726],[89.47836,26.70739],[89.49149,26.70688],[89.49476,26.69925],[89.49917,26.68531],[89.4965,26.68283],[89.49469,26.67267],[89.50391,26.6701],[89.51054,26.6645],[89.51041,26.66109],[89.50576,26.66041],[89.497,26.66199],[89.49699,26.65574],[89.50024,26.6447],[89.50142,26.63876],[89.50129,26.63078],[89.48069,26.6314],[89.46396,26.6324],[89.46126,26.6318],[89.45328,26.63818],[89.45174,26.6354],[89.44908,26.63804],[89.45132,26.63968],[89.44547,26.64448],[89.44481,26.64685],[89.4482,26.65896],[89.43963,26.65917],[89.44061,26.65574],[89.43853,26.65127],[89.43411,26.64956],[89.43396,26.65529],[89.43581,26.65912],[89.42992,26.65884],[89.43103,26.65356],[89.42922,26.64957],[89.43136,26.63897],[89.44154,26.63829],[89.4433,26.6329],[89.43694,26.63062],[89.43098,26.63457],[89.42499,26.6274],[89.43277,26.61772],[89.43268,26.61491],[89.43283,26.60991],[89.43915,26.6024],[89.44327,26.5919],[89.44672,26.58859],[89.44599,26.5804],[89.44494,26.56609],[89.44392,26.56509],[89.45599,26.56091],[89.45511,26.55675],[89.44448,26.55626],[89.44323,26.55906],[89.4429,26.55287],[89.44274,26.55102],[89.44227,26.54554],[89.44295,26.54356],[89.45069,26.54152],[89.45108,26.53795],[89.45627,26.538],[89.45937,26.53871],[89.45916,26.54308],[89.46589,26.54396],[89.46637,26.55281],[89.47283,26.55376],[89.47182,26.54494],[89.48382,26.54676],[89.48423,26.55219],[89.47706,26.55253],[89.47938,26.55908],[89.48338,26.55567],[89.49146,26.5556],[89.49454,26.54822],[89.50175,26.54934],[89.50735,26.55022],[89.50708,26.55785],[89.51007,26.55892],[89.51017,26.55068],[89.51211,26.55078],[89.5144,26.55098],[89.51776,26.55853],[89.52412,26.55838],[89.52365,26.55154],[89.52539,26.55155],[89.52573,26.5528],[89.52955,26.55308],[89.52976,26.55158],[89.53344,26.5516],[89.53448,26.54552],[89.54527,26.5449],[89.56238,26.54111],[89.5667,26.54631],[89.5625,26.55117],[89.56209,26.55413],[89.5675,26.55816],[89.5735,26.55129],[89.59021,26.55042],[89.5902,26.54915],[89.59285,26.54896],[89.594,26.55838],[89.58542,26.55931],[89.58472,26.56534],[89.58244,26.569],[89.58108,26.57636],[89.58489,26.58397],[89.58441,26.58911],[89.58157,26.59961],[89.57654,26.60174],[89.5745,26.60464],[89.57548,26.61118],[89.57464,26.62735],[89.57019,26.62932],[89.57053,26.63433],[89.56747,26.63763],[89.56417,26.64582],[89.56591,26.6473],[89.56238,26.65239],[89.56383,26.65656],[89.56859,26.66029],[89.56822,26.66989],[89.56649,26.67494],[89.56708,26.68079],[89.56448,26.69165],[89.56225,26.69605],[89.56679,26.69921],[89.56756,26.70255],[89.57183,26.70418],[89.57069,26.70899],[89.57309,26.71408],[89.57095,26.71816],[89.56481,26.7186],[89.56283,26.72211]],[[89.55425,26.70995],[89.55611,26.71445],[89.56264,26.71793],[89.56715,26.7129],[89.56439,26.70824],[89.55425,26.70995]],[[89.55176,26.70504],[89.55619,26.70622],[89.56036,26.7025],[89.55883,26.69714],[89.55387,26.69506],[89.54886,26.69563],[89.54889,26.70235],[89.55176,26.70504]],[[89.52627,26.62793],[89.53544,26.62448],[89.53324,26.61993],[89.52541,26.6238],[89.52627,26.62793]],[[89.50907,26.62311],[89.51,26.61962],[89.49837,26.61936],[89.50572,26.62494],[89.50907,26.62311]],[[89.44217,26.65041],[89.44185,26.64763],[89.43912,26.64765],[89.43903,26.65078],[89.44217,26.65041]],[[89.52782,26.61565],[89.5279,26.61619],[89.52841,26.61647],[89.52877,26.61606],[89.52782,26.61565]],[[89.53167,26.61611],[89.532,26.61511],[89.53036,26.61592],[89.53167,26.61611]],[[89.5264,26.61174],[89.53245,26.61095],[89.5322,26.60559],[89.52866,26.60326],[89.52302,26.60471],[89.52314,26.61008],[89.5264,26.61174]],[[89.53221,26.59916],[89.53189,26.60088],[89.53369,26.60034],[89.53221,26.59916]],[[89.46937,26.58467],[89.47008,26.59099],[89.48889,26.59211],[89.48985,26.58915],[89.48661,26.5827],[89.47178,26.58177],[89.46937,26.58467]],[[89.53469,26.57894],[89.54418,26.57814],[89.54365,26.5727],[89.53323,26.57302],[89.53469,26.57894]],[[89.52801,26.57728],[89.52817,26.56934],[89.51718,26.57073],[89.51828,26.57594],[89.52104,26.57812],[89.52801,26.57728]],[[89.53676,26.56595],[89.5406,26.56661],[89.54606,26.56487],[89.54372,26.56033],[89.53259,26.5606],[89.53313,26.56466],[89.53676,26.56595]],[[89.47532,26.56911],[89.47564,26.56284],[89.47414,26.56293],[89.47532,26.56911]]]},"properties":{"District":"Alipurduar","Dist_LGD":"328N002","Sub_dist":"Kalchini","Subdis_LGD":"2171","Subdis_Typ":"Cd_Block","Vill_name":"Buxa Forest (Raja Bhatkhawa)","Vill_Cat":"Rural","Vill_LGD":"307144","arr_project":"asha1,asha2"}},
{"type":"Feature","geometry":{"type":"Polygon","coordinates":[[[89.4585,26.80874],[89.44993,26.81802],[89.44883,26.82644],[89.45024,26.83078],[89.4465,26.83409],[89.43418,26.82995],[89.43036,26.8265],[89.42632,26.82546],[89.41774,26.81892],[89.406,26.80597],[89.40134,26.79559],[89.40684,26.79318],[89.40259,26.76527],[89.4054,26.7729],[89.41432,26.77707],[89.41255,26.78652],[89.42183,26.7915],[89.42699,26.79644],[89.43006,26.79524],[89.44906,26.79203],[89.45439,26.79793],[89.45705,26.80492],[89.4585,26.80874]]]},"properties":{"District":"Alipurduar","Dist_LGD":"328N002","Sub_dist":"Kalchini","Subdis_LGD":"2171","Subdis_Typ":"Cd_Block","Vill_name":"Rangamati Tea Garden","Vill_Cat":"Rural","Vill_LGD":"307131","arr_project":"asha1,asha2"}},
{"type":"Feature","geometry":{"type":"Polygon","coordinates":[[[89.36311,26.84726],[89.35776,26.84555],[89.35559,26.84776],[89.35875,26.8549],[89.32679,26.84329],[89.32129,26.83136],[89.32041,26.8265],[89.31669,26.81955],[89.3177,26.81252],[89.31554,26.80412],[89.31532,26.79983],[89.31796,26.79332],[89.31381,26.7804],[89.31565,26.77624],[89.31441,26.76873],[89.31624,26.76344],[89.31351,26.74956],[89.30699,26.74406],[89.3016,26.73652],[89.29964,26.7302],[89.29517,26.72934],[89.29531,26.71997],[89.28628,26.70415],[89.28736,26.69894],[89.28709,26.6905],[89.28243,26.68051],[89.27679,26.67273],[89.27899,26.66636],[89.28363,26.66515],[89.28388,26.66046],[89.2837,26.65809],[89.27851,26.64695],[89.27849,26.64158],[89.28103,26.63548],[89.28364,26.62988],[89.29497,26.6294],[89.30335,26.63123],[89.31579,26.63549],[89.34544,26.63687],[89.34679,26.6401],[89.34345,26.64698],[89.34717,26.65459],[89.34596,26.66208],[89.34315,26.66777],[89.3373,26.66862],[89.33443,26.66984],[89.33514,26.67426],[89.33302,26.68011],[89.33151,26.68261],[89.3293,26.68771],[89.32974,26.69014],[89.3283,26.69256],[89.32266,26.692],[89.32237,26.69715],[89.32646,26.70163],[89.32846,26.70694],[89.32629,26.7091],[89.32564,26.71562],[89.32752,26.71961],[89.32655,26.72428],[89.32792,26.7258],[89.32654,26.73196],[89.32823,26.74029],[89.33129,26.74916],[89.33126,26.75386],[89.33411,26.75623],[89.33327,26.76608],[89.33564,26.77695],[89.34018,26.78733],[89.34015,26.79663],[89.34396,26.80637],[89.34902,26.82007],[89.35634,26.83499],[89.36,26.83844],[89.36252,26.84569],[89.36311,26.84726]]]},"properties":{"District":"Alipurduar","Dist_LGD":"328N002","Sub_dist":"Kalchini","Subdis_LGD":"2171","Subdis_Typ":"Cd_Block","Vill_name":"Uttar Barajhar Forest","Vill_Cat":"Rural","Vill_LGD":"307106","arr_project":"asha1,asha2"}},
{"type":"Feature","geometry":{"type":"Polygon","coordinates":[[[89.47855,26.6656],[89.47495,26.66953],[89.46279,26.67811],[89.45441,26.68523],[89.43655,26.6845],[89.43598,26.67538],[89.43036,26.67097],[89.42902,26.66731],[89.46808,26.66611],[89.47855,26.6656]]]},"properties":{"District":"Alipurduar","Dist_LGD":"328N002","Sub_dist":"Kalchini","Subdis_LGD":"2171","Subdis_Typ":"Cd_Block","Vill_name":"Dima Tea Garden","Vill_Cat":"Rural","Vill_LGD":"307140","arr_project":"asha1,asha2"}},
{"type":"Feature","geometry":{"type":"Polygon","coordinates":[[[89.40377,26.63102],[89.40879,26.62555],[89.41692,26.63379],[89.41434,26.63814],[89.4184,26.64127],[89.41438,26.64644],[89.41258,26.65147],[89.41612,26.65712],[89.40839,26.65682],[89.40749,26.65239],[89.39616,26.65689],[89.39541,26.65341],[89.39755,26.63938],[89.40276,26.63703],[89.40377,26.63102]]]},"properties":{"District":"Alipurduar","Dist_LGD":"328N002","Sub_dist":"Kalchini","Subdis_LGD":"2171","Subdis_Typ":"Cd_Block","Vill_name":"Satali Nakadala","Vill_Cat":"Rural","Vill_LGD":"307124","arr_project":"asha1,asha2"}},
{"type":"Feature","geometry":{"type":"Polygon","coordinates":[[[89.40799,26.66938],[89.40862,26.66406],[89.415,26.66307],[89.41612,26.65712],[89.41258,26.65147],[89.42052,26.65237],[89.42922,26.64957],[89.43103,26.65356],[89.42992,26.65884],[89.43149,26.66422],[89.42902,26.66731],[89.43036,26.67097],[89.43598,26.67538],[89.43655,26.6845],[89.4206,26.68512],[89.42018,26.67491],[89.41091,26.67533],[89.40799,26.67726],[89.40799,26.66938]]]},"properties":{"District":"Alipurduar","Dist_LGD":"328N002","Sub_dist":"Kalchini","Subdis_LGD":"2171","Subdis_Typ":"Cd_Block","Vill_name":"Uttar Latabari (Ct)","Vill_Cat":"Partly_Urban","Vill_LGD":"307150","arr_project":"asha1,asha2"}},
{"type":"Feature","geometry":{"type":"Polygon","coordinates":[[[89.41672,26.59797],[89.40999,26.601],[89.40659,26.59724],[89.40876,26.59592],[89.40923,26.58779],[89.41357,26.5808],[89.41071,26.57214],[89.40776,26.56663],[89.41258,26.56375],[89.41203,26.56016],[89.4138,26.5509],[89.41662,26.55015],[89.42014,26.5529],[89.41894,26.56161],[89.42164,26.56617],[89.41804,26.56941],[89.42355,26.57515],[89.4208,26.57746],[89.41999,26.5867],[89.42713,26.59115],[89.41859,26.59489],[89.41672,26.59797]]]},"properties":{"District":"Alipurduar","Dist_LGD":"328N002","Sub_dist":"Kalchini","Subdis_LGD":"2171","Subdis_Typ":"Cd_Block","Vill_name":"Dakshin Mandabari","Vill_Cat":"Rural","Vill_LGD":"307126","arr_project":"asha1,asha2"}},
{"type":"Feature","geometry":{"type":"Polygon","coordinates":[[[89.61882,26.54977],[89.615,26.54545],[89.61391,26.53479],[89.61607,26.53259],[89.61769,26.53666],[89.62273,26.54512],[89.62537,26.54477],[89.62839,26.5396],[89.63019,26.53944],[89.63805,26.54945],[89.63724,26.55597],[89.63904,26.5594],[89.63286,26.55595],[89.62484,26.55573],[89.62215,26.55019],[89.61882,26.54977]]]},"properties":{"District":"Alipurduar","Dist_LGD":"328N002","Sub_dist":"Alipurduar - Ii","Subdis_LGD":"2174","Subdis_Typ":"Cd_Block","Vill_name":"Shrinathpur Tea Garden","Vill_Cat":"Rural","Vill_LGD":"307285","arr_project":"asha1,asha2"}},
{"type":"Feature","geometry":{"type":"Polygon","coordinates":[[[89.60333,26.53682],[89.60087,26.53243],[89.60282,26.52756],[89.60274,26.52298],[89.59746,26.51905],[89.59875,26.51439],[89.60146,26.51194],[89.60317,26.51029],[89.6109,26.50889],[89.61256,26.5115],[89.61051,26.51528],[89.60695,26.51667],[89.61368,26.52336],[89.6151,26.52668],[89.61607,26.53259],[89.61391,26.53479],[89.615,26.54545],[89.61226,26.54634],[89.60663,26.54179],[89.60662,26.53758],[89.60333,26.53682]]]},"properties":{"District":"Alipurduar","Dist_LGD":"328N002","Sub_dist":"Alipurduar - Ii","Subdis_LGD":"2174","Subdis_Typ":"Cd_Block","Vill_name":"Dakshin Shibkata","Vill_Cat":"Rural","Vill_LGD":"307282","arr_project":"asha1,asha2"}},
{"type":"Feature","geometry":{"type":"Polygon","coordinates":[[[89.64395,26.47874],[89.65329,26.47659],[89.66108,26.47703],[89.6643,26.47794],[89.66393,26.48557],[89.65785,26.49268],[89.66374,26.49794],[89.66266,26.50466],[89.65975,26.50664],[89.65952,26.51512],[89.66092,26.51658],[89.65803,26.51719],[89.65163,26.51352],[89.65156,26.5116],[89.65106,26.50694],[89.64759,26.50567],[89.64459,26.50036],[89.64449,26.48949],[89.64713,26.48911],[89.6444,26.48502],[89.64395,26.47874]]]},"properties":{"District":"Alipurduar","Dist_LGD":"328N002","Sub_dist":"Alipurduar - Ii","Subdis_LGD":"2174","Subdis_Typ":"Cd_Block","Vill_name":"Paschim Chepani","Vill_Cat":"Rural","Vill_LGD":"307302","arr_project":"asha1,asha2"}},
{"type":"Feature","geometry":{"type":"Polygon","coordinates":[[[89.6048,26.47869],[89.60621,26.48268],[89.60282,26.4853],[89.60429,26.48923],[89.59441,26.49311],[89.58953,26.48766],[89.59114,26.48237],[89.59956,26.47958],[89.6048,26.47869]]]},"properties":{"District":"Alipurduar","Dist_LGD":"328N002","Sub_dist":"Alipurduar - Ii","Subdis_LGD":"2174","Subdis_Typ":"Cd_Block","Vill_name":"Khatopara","Vill_Cat":"Rural","Vill_LGD":"307276","arr_project":"asha1,asha2"}},
{"type":"Feature","geometry":{"type":"Polygon","coordinates":[[[89.57216,26.47151],[89.58029,26.47015],[89.58091,26.46289],[89.58383,26.45686],[89.58672,26.45446],[89.59031,26.4564],[89.59302,26.46223],[89.59209,26.46877],[89.58807,26.47144],[89.59114,26.48237],[89.58953,26.48766],[89.59441,26.49311],[89.59042,26.4975],[89.59092,26.50074],[89.58559,26.50199],[89.58157,26.50193],[89.57798,26.49866],[89.57871,26.49385],[89.57407,26.49148],[89.57503,26.48715],[89.57422,26.47645],[89.57216,26.47151]]]},"properties":{"District":"Alipurduar","Dist_LGD":"328N002","Sub_dist":"Alipurduar - Ii","Subdis_LGD":"2174","Subdis_Typ":"Cd_Block","Vill_name":"Salsalabari","Vill_Cat":"Rural","Vill_LGD":"307277","arr_project":"asha1,asha2"}},
{"type":"Feature","geometry":{"type":"Polygon","coordinates":[[[89.54463,26.50363],[89.54212,26.50223],[89.53112,26.50517],[89.52988,26.50739],[89.52405,26.50798],[89.51914,26.50168],[89.51967,26.49931],[89.51368,26.49415],[89.51389,26.49006],[89.51899,26.48592],[89.51383,26.48061],[89.51398,26.47478],[89.51852,26.47171],[89.52276,26.47237],[89.52492,26.47644],[89.52854,26.47617],[89.53093,26.47077],[89.53107,26.4761],[89.53359,26.47854],[89.53839,26.47806],[89.54208,26.48229],[89.54508,26.48773],[89.54957,26.50006],[89.55284,26.50196],[89.54563,26.50138],[89.54463,26.50363]]]},"properties":{"District":"Alipurduar","Dist_LGD":"328N002","Sub_dist":"Alipurduar - Ii","Subdis_LGD":"2174","Subdis_Typ":"Cd_Block","Vill_name":"Alipurduar (M)","Vill_Cat":"Fully_Urban","Vill_LGD":"801642","arr_project":"asha1,asha2"}},
{"type":"Feature","geometry":{"type":"Polygon","coordinates":[[[89.51914,26.50168],[89.51966,26.50704],[89.52286,26.50864],[89.52276,26.51272],[89.51873,26.51664],[89.51681,26.51456],[89.49849,26.51389],[89.50016,26.50714],[89.49592,26.50085],[89.50241,26.4986],[89.50456,26.49459],[89.50787,26.49036],[89.50704,26.48565],[89.50147,26.48167],[89.50776,26.48055],[89.51097,26.49129],[89.51368,26.49415],[89.51967,26.49931],[89.51914,26.50168]]]},"properties":{"District":"Alipurduar","Dist_LGD":"328N002","Sub_dist":"Alipurduar - I","Subdis_LGD":"2173","Subdis_Typ":"Cd_Block","Vill_name":"Ghagra (P) (Ct)","Vill_Cat":"Partly_Urban","Vill_LGD":"307251","arr_project":"asha1,asha2"}},
{"type":"Feature","geometry":{"type":"Polygon","coordinates":[[[89.61905,26.42763],[89.62332,26.42792],[89.62837,26.43182],[89.6329,26.44031],[89.62507,26.43746],[89.62302,26.44036],[89.61507,26.44271],[89.6101,26.44717],[89.59601,26.44326],[89.59162,26.43654],[89.59895,26.43523],[89.59759,26.42981],[89.60299,26.42855],[89.61905,26.42763]]]},"properties":{"District":"Alipurduar","Dist_LGD":"328N002","Sub_dist":"Alipurduar - Ii","Subdis_LGD":"2174","Subdis_Typ":"Cd_Block","Vill_name":"Bhatibari","Vill_Cat":"Rural","Vill_LGD":"307272","arr_project":"asha1,asha2"}},
{"type":"Feature","geometry":{"type":"Polygon","coordinates":[[[89.65333,26.4439],[89.64732,26.44569],[89.64107,26.44292],[89.64109,26.44032],[89.63559,26.43238],[89.63648,26.42824],[89.63987,26.42661],[89.63972,26.41904],[89.65107,26.41965],[89.65132,26.42336],[89.65639,26.42454],[89.65881,26.42923],[89.65244,26.43095],[89.65301,26.43562],[89.65129,26.44083],[89.65394,26.44185],[89.65333,26.4439]]]},"properties":{"District":"Alipurduar","Dist_LGD":"328N002","Sub_dist":"Alipurduar - Ii","Subdis_LGD":"2174","Subdis_Typ":"Cd_Block","Vill_name":"Paschim Chikliguri","Vill_Cat":"Rural","Vill_LGD":"307296","arr_project":"asha1,asha2"}},
{"type":"Feature","geometry":{"type":"Polygon","coordinates":[[[89.67804,26.45541],[89.68159,26.4513],[89.68864,26.44953],[89.68863,26.44604],[89.69318,26.44344],[89.69422,26.4404],[89.70483,26.44073],[89.69915,26.44532],[89.70455,26.44821],[89.71173,26.44283],[89.71642,26.44447],[89.71642,26.44781],[89.70701,26.4512],[89.69161,26.45776],[89.69437,26.46132],[89.7002,26.45997],[89.69974,26.46417],[89.69351,26.46626],[89.68559,26.46457],[89.68346,26.46616],[89.67737,26.46542],[89.67891,26.45955],[89.67459,26.45915],[89.67804,26.45541]]]},"properties":{"District":"Alipurduar","Dist_LGD":"328N002","Sub_dist":"Alipurduar - Ii","Subdis_LGD":"2174","Subdis_Typ":"Cd_Block","Vill_name":"Dakshin Parokata","Vill_Cat":"Rural","Vill_LGD":"307335","arr_project":"asha1,asha2"}},
{"type":"Feature","geometry":{"type":"Polygon","coordinates":[[[89.71736,26.48064],[89.70838,26.47982],[89.70587,26.48152],[89.69946,26.47914],[89.69062,26.47864],[89.69105,26.47558],[89.68578,26.47452],[89.68099,26.47766],[89.68154,26.47391],[89.67682,26.47025],[89.68177,26.46883],[89.68346,26.46616],[89.68559,26.46457],[89.69351,26.46626],[89.69974,26.46417],[89.7002,26.45997],[89.70541,26.45565],[89.70567,26.46165],[89.70507,26.47011],[89.70307,26.47266],[89.70843,26.47561],[89.71505,26.46949],[89.72038,26.47199],[89.71918,26.4787],[89.71736,26.48064]]]},"properties":{"District":"Alipurduar","Dist_LGD":"328N002","Sub_dist":"Alipurduar - Ii","Subdis_LGD":"2174","Subdis_Typ":"Cd_Block","Vill_name":"Madhya Parokata","Vill_Cat":"Rural","Vill_LGD":"307333","arr_project":"asha1,asha2"}},
{"type":"Feature","geometry":{"type":"Polygon","coordinates":[[[89.25108,26.53519],[89.26649,26.53155],[89.26635,26.52667],[89.27396,26.52628],[89.27433,26.52108],[89.2767,26.52948],[89.27018,26.53667],[89.27431,26.54352],[89.27744,26.54285],[89.28039,26.55054],[89.28489,26.55535],[89.29029,26.55464],[89.29131,26.55918],[89.28274,26.56007],[89.28404,26.56392],[89.28011,26.56761],[89.28398,26.57389],[89.28307,26.57711],[89.28428,26.58279],[89.28172,26.58351],[89.28538,26.59307],[89.28413,26.59621],[89.28674,26.59922],[89.28499,26.60488],[89.28994,26.60957],[89.29466,26.61657],[89.29664,26.62498],[89.30335,26.63123],[89.29497,26.6294],[89.28364,26.62988],[89.27559,26.62526],[89.27391,26.62187],[89.27609,26.61328],[89.27291,26.608],[89.26949,26.59901],[89.27074,26.5875],[89.26605,26.58771],[89.26102,26.58411],[89.25642,26.58191],[89.25674,26.57853],[89.24815,26.57087],[89.24682,26.56204],[89.24935,26.56098],[89.24546,26.54479],[89.24935,26.54197],[89.25108,26.53519]]]},"properties":{"District":"Alipurduar","Dist_LGD":"328N002","Sub_dist":"Alipurduar - I","Subdis_LGD":"2173","Subdis_Typ":"Cd_Block","Vill_name":"Torsa Forest","Vill_Cat":"Rural","Vill_LGD":"307207","arr_project":"asha1,asha2"}},
{"type":"Feature","geometry":{"type":"Polygon","coordinates":[[[89.36601,26.65949],[89.36043,26.66066],[89.35233,26.66461],[89.34279,26.67329],[89.3373,26.66862],[89.34315,26.66777],[89.34596,26.66208],[89.34717,26.65459],[89.34345,26.64698],[89.34679,26.6401],[89.34544,26.63687],[89.31579,26.63549],[89.31753,26.62297],[89.32479,26.61592],[89.32399,26.60812],[89.32242,26.60543],[89.32594,26.60216],[89.32697,26.59769],[89.32437,26.59477],[89.32455,26.59179],[89.33842,26.58656],[89.33961,26.57806],[89.33888,26.57273],[89.33399,26.55961],[89.33552,26.55109],[89.32869,26.54325],[89.33162,26.54203],[89.32127,26.53412],[89.31827,26.528],[89.32186,26.52281],[89.32215,26.51896],[89.32443,26.51585],[89.32986,26.51716],[89.33052,26.52459],[89.33042,26.53092],[89.33664,26.53525],[89.33528,26.53839],[89.33755,26.54291],[89.3447,26.5442],[89.34883,26.54333],[89.35101,26.5391],[89.35536,26.53998],[89.36142,26.54116],[89.36335,26.54661],[89.36831,26.5472],[89.37653,26.54111],[89.38266,26.54088],[89.38086,26.54275],[89.38315,26.55169],[89.39538,26.55037],[89.3958,26.54541],[89.40373,26.54809],[89.40761,26.5468],[89.4107,26.54183],[89.4142,26.54143],[89.41144,26.54562],[89.41645,26.54723],[89.41662,26.55015],[89.4138,26.5509],[89.41051,26.54868],[89.40549,26.55125],[89.40762,26.5581],[89.40776,26.56663],[89.41071,26.57214],[89.41357,26.5808],[89.40923,26.58779],[89.40876,26.59592],[89.40659,26.59724],[89.40025,26.60115],[89.39888,26.60797],[89.39415,26.60633],[89.38789,26.6071],[89.38634,26.61069],[89.39076,26.61611],[89.40223,26.61132],[89.4037,26.61661],[89.40303,26.62155],[89.39981,26.62558],[89.40006,26.62897],[89.38358,26.6459],[89.37754,26.65056],[89.36672,26.65408],[89.36601,26.65949]],[[89.36656,26.64905],[89.36689,26.65232],[89.37312,26.65044],[89.37158,26.64821],[89.36656,26.64905]],[[89.37494,26.64872],[89.38161,26.64396],[89.37263,26.64466],[89.37494,26.64872]],[[89.38857,26.59347],[89.37993,26.59322],[89.37548,26.59624],[89.37661,26.60104],[89.38398,26.60395],[89.3933,26.60128],[89.39302,26.59576],[89.38857,26.59347]]]},"properties":{"District":"Alipurduar","Dist_LGD":"328N002","Sub_dist":"Alipurduar - I","Subdis_LGD":"2173","Subdis_Typ":"Cd_Block","Vill_name":"Dakshin Barajhar Forest","Vill_Cat":"Rural","Vill_LGD":"307218","arr_project":"asha1,asha2"}},
{"type":"Feature","geometry":{"type":"Polygon","coordinates":[[[89.38764,26.53776],[89.38905,26.54313],[89.38266,26.54088],[89.37653,26.54111],[89.37645,26.54113],[89.37138,26.53835],[89.37568,26.53502],[89.37344,26.52729],[89.36678,26.51907],[89.36751,26.50906],[89.3782,26.50929],[89.38002,26.51704],[89.38597,26.5184],[89.3875,26.52214],[89.3853,26.52764],[89.38096,26.53279],[89.38219,26.53712],[89.38764,26.53776]]]},"properties":{"District":"Alipurduar","Dist_LGD":"328N002","Sub_dist":"Alipurduar - I","Subdis_LGD":"2173","Subdis_Typ":"Cd_Block","Vill_name":"Kumarpara","Vill_Cat":"Rural","Vill_LGD":"307230","arr_project":"asha1,asha2"}},
{"type":"Feature","geometry":{"type":"Polygon","coordinates":[[[89.34972,26.50659],[89.35282,26.50851],[89.3595,26.50676],[89.35984,26.51134],[89.36678,26.51907],[89.37344,26.52729],[89.36966,26.52887],[89.36542,26.52682],[89.35763,26.52748],[89.35309,26.52756],[89.35089,26.52052],[89.34895,26.51612],[89.34972,26.50659]]]},"properties":{"District":"Alipurduar","Dist_LGD":"328N002","Sub_dist":"Alipurduar - I","Subdis_LGD":"2173","Subdis_Typ":"Cd_Block","Vill_name":"Purba Simlabari","Vill_Cat":"Rural","Vill_LGD":"307227","arr_project":"asha1,asha2"}},
{"type":"Feature","geometry":{"type":"Polygon","coordinates":[[[89.50298,26.52106],[89.50664,26.52108],[89.50807,26.52464],[89.50527,26.53025],[89.50221,26.53099],[89.50171,26.53778],[89.49756,26.54134],[89.50175,26.54934],[89.49454,26.54822],[89.48771,26.54725],[89.48464,26.53699],[89.48095,26.53752],[89.48225,26.5275],[89.48722,26.52497],[89.49668,26.52458],[89.50298,26.52106]]]},"properties":{"District":"Alipurduar","Dist_LGD":"328N002","Sub_dist":"Alipurduar - I","Subdis_LGD":"2173","Subdis_Typ":"Cd_Block","Vill_name":"Satkodali","Vill_Cat":"Rural","Vill_LGD":"307247","arr_project":"asha1,asha2"}},
{"type":"Feature","geometry":{"type":"Polygon","coordinates":[[[89.10486,26.79153],[89.11149,26.80237],[89.10638,26.81409],[89.09885,26.81592],[89.09817,26.80738],[89.09175,26.79934],[89.09219,26.79019],[89.08957,26.78463],[89.0809,26.77581],[89.07783,26.76535],[89.07449,26.75959],[89.07816,26.75359],[89.07957,26.74654],[89.08418,26.74544],[89.0906,26.77211],[89.09731,26.77883],[89.10144,26.78551],[89.09745,26.79003],[89.09909,26.79389],[89.10486,26.79153]]]},"properties":{"District":"Alipurduar","Dist_LGD":"328N002","Sub_dist":"Madarihat","Subdis_LGD":"2170","Subdis_Typ":"Cd_Block","Vill_name":"Riti Forest","Vill_Cat":"Rural","Vill_LGD":"307057","arr_project":"asha1,asha2"}},
{"type":"Feature","geometry":{"type":"Polygon","coordinates":[[[89.31146,26.79625],[89.31328,26.79801],[89.31532,26.79983],[89.31554,26.80412],[89.30929,26.80802],[89.29377,26.82358],[89.28603,26.82784],[89.28251,26.83186],[89.27932,26.82718],[89.27614,26.82872],[89.271,26.82534],[89.26395,26.81801],[89.26225,26.81381],[89.25167,26.81612],[89.2473,26.81036],[89.24724,26.79259],[89.25298,26.78288],[89.25974,26.77557],[89.2633,26.76087],[89.26837,26.75062],[89.2779,26.74432],[89.28256,26.75385],[89.2849,26.76219],[89.29085,26.77448],[89.28738,26.78159],[89.28857,26.7859],[89.2962,26.79121],[89.29794,26.79051],[89.30058,26.79027],[89.2995,26.79516],[89.30261,26.79713],[89.31146,26.79625]]]},"properties":{"District":"Alipurduar","Dist_LGD":"328N002","Sub_dist":"Madarihat","Subdis_LGD":"2170","Subdis_Typ":"Cd_Block","Vill_name":"Titi Forest","Vill_Cat":"Rural","Vill_LGD":"307086","arr_project":"asha1,asha2"}},
{"type":"Feature","geometry":{"type":"Polygon","coordinates":[[[89.09304,26.71221],[89.08756,26.71288],[89.08546,26.71806],[89.0748,26.72439],[89.07049,26.7172],[89.0705,26.7072],[89.07927,26.70796],[89.09317,26.705],[89.09629,26.70729],[89.09304,26.71221]]]},"properties":{"District":"Alipurduar","Dist_LGD":"328N002","Sub_dist":"Madarihat","Subdis_LGD":"2170","Subdis_Typ":"Cd_Block","Vill_name":"Sishujhumra (Ct)","Vill_Cat":"Partly_Urban","Vill_LGD":"307104","arr_project":"asha1,asha2"}},
{"type":"Feature","geometry":{"type":"Polygon","coordinates":[[[89.23421,26.65026],[89.24096,26.64943],[89.24928,26.6482],[89.24877,26.6551],[89.25213,26.66149],[89.25802,26.66362],[89.26376,26.67076],[89.26272,26.67564],[89.25745,26.67764],[89.24926,26.66821],[89.24874,26.66613],[89.24071,26.65879],[89.23337,26.65522],[89.23421,26.65026]]]},"properties":{"District":"Alipurduar","Dist_LGD":"328N002","Sub_dist":"Madarihat","Subdis_LGD":"2170","Subdis_Typ":"Cd_Block","Vill_name":"Paschim Madarihat","Vill_Cat":"Rural","Vill_LGD":"307101","arr_project":"asha1,asha2"}},
{"type":"Feature","geometry":{"type":"Polygon","coordinates":[[[89.20412,26.62296],[89.20346,26.61354],[89.19646,26.60902],[89.19316,26.61057],[89.19162,26.60557],[89.19486,26.60071],[89.18936,26.60051],[89.18754,26.59622],[89.19461,26.59012],[89.19145,26.58658],[89.19799,26.5842],[89.19734,26.58995],[89.19959,26.59418],[89.2043,26.59555],[89.20519,26.59189],[89.20838,26.59688],[89.21246,26.60332],[89.21074,26.60753],[89.21479,26.60911],[89.21709,26.61605],[89.22054,26.6242],[89.22573,26.62387],[89.23108,26.6367],[89.23358,26.63658],[89.23606,26.64455],[89.23421,26.65026],[89.23337,26.65522],[89.24071,26.65879],[89.24874,26.66613],[89.24926,26.66821],[89.25745,26.67764],[89.26479,26.68604],[89.26494,26.6879],[89.25919,26.69277],[89.25404,26.6922],[89.2485,26.68545],[89.23949,26.684],[89.23683,26.67741],[89.2356,26.67497],[89.2294,26.66078],[89.22321,26.65403],[89.22453,26.65092],[89.21772,26.64512],[89.21581,26.63953],[89.21014,26.63258],[89.20661,26.6305],[89.20775,26.62644],[89.20412,26.62296]]]},"properties":{"District":"Alipurduar","Dist_LGD":"328N002","Sub_dist":"Madarihat","Subdis_LGD":"2170","Subdis_Typ":"Cd_Block","Vill_name":"Khairbari Forest","Vill_Cat":"Rural","Vill_LGD":"307097","arr_project":"asha1,asha2"}},
{"type":"Feature","geometry":{"type":"Polygon","coordinates":[[[89.15352,26.72442],[89.15341,26.71245],[89.16091,26.71192],[89.16065,26.7075],[89.16432,26.70298],[89.16455,26.69796],[89.16731,26.69679],[89.16982,26.69753],[89.17831,26.69562],[89.18135,26.69347],[89.18683,26.69336],[89.19279,26.69513],[89.19022,26.69834],[89.18593,26.69884],[89.18307,26.70481],[89.17985,26.70264],[89.17169,26.70406],[89.16537,26.71488],[89.16075,26.71766],[89.15778,26.71864],[89.15775,26.72325],[89.15352,26.72442]]]},"properties":{"District":"Alipurduar","Dist_LGD":"328N002","Sub_dist":"Madarihat","Subdis_LGD":"2170","Subdis_Typ":"Cd_Block","Vill_name":"Dumchi","Vill_Cat":"Rural","Vill_LGD":"307072","arr_project":"asha1,asha2"}},
{"type":"Feature","geometry":{"type":"Polygon","coordinates":[[[89.19992,26.70435],[89.19538,26.70499],[89.18812,26.70381],[89.19022,26.69834],[89.19279,26.69513],[89.18683,26.69336],[89.18135,26.69347],[89.19271,26.6882],[89.19826,26.68635],[89.20432,26.69305],[89.20533,26.69597],[89.20451,26.69802],[89.19992,26.70435]]]},"properties":{"District":"Alipurduar","Dist_LGD":"328N002","Sub_dist":"Madarihat","Subdis_LGD":"2170","Subdis_Typ":"Cd_Block","Vill_name":"Chapaguri","Vill_Cat":"Rural","Vill_LGD":"307081","arr_project":"asha1,asha2"}},
{"type":"Feature","geometry":{"type":"Polygon","coordinates":[[[89.23631,26.69644],[89.24091,26.69415],[89.25192,26.69604],[89.25404,26.6922],[89.25919,26.69277],[89.26034,26.69481],[89.26929,26.69229],[89.26952,26.70545],[89.2592,26.70763],[89.25385,26.70565],[89.24059,26.70421],[89.23469,26.6994],[89.23631,26.69644]]]},"properties":{"District":"Alipurduar","Dist_LGD":"328N002","Sub_dist":"Madarihat","Subdis_LGD":"2170","Subdis_Typ":"Cd_Block","Vill_name":"Uttar Chhekamari","Vill_Cat":"Rural","Vill_LGD":"307099","arr_project":"asha1,asha2"}},
{"type":"Feature","geometry":{"type":"Polygon","coordinates":[[[89.16731,26.69679],[89.16611,26.68786],[89.16772,26.68413],[89.17676,26.68386],[89.18388,26.68531],[89.18828,26.6835],[89.18935,26.68846],[89.19271,26.6882],[89.18135,26.69347],[89.17831,26.69562],[89.16982,26.69753],[89.16731,26.69679]]]},"properties":{"District":"Alipurduar","Dist_LGD":"328N002","Sub_dist":"Madarihat","Subdis_LGD":"2170","Subdis_Typ":"Cd_Block","Vill_name":"Uttar Sisubari","Vill_Cat":"Rural","Vill_LGD":"307076","arr_project":"asha1,asha2"}},
{"type":"Feature","geometry":{"type":"Polygon","coordinates":[[[89.32679,26.84329],[89.32298,26.85115],[89.31835,26.85135],[89.31133,26.84559],[89.30565,26.84445],[89.29459,26.8393],[89.28871,26.83483],[89.28251,26.83186],[89.28603,26.82784],[89.29377,26.82358],[89.30929,26.80802],[89.31554,26.80412],[89.3177,26.81252],[89.31669,26.81955],[89.32041,26.8265],[89.32129,26.83136],[89.32679,26.84329]]]},"properties":{"District":"Alipurduar","Dist_LGD":"328N002","Sub_dist":"Madarihat","Subdis_LGD":"2170","Subdis_Typ":"Cd_Block","Vill_name":"Totopara","Vill_Cat":"Rural","Vill_LGD":"307087","arr_project":"asha1,asha2"}},
{"type":"Feature","geometry":{"type":"Polygon","coordinates":[[[89.15109,26.80612],[89.15404,26.80608],[89.15942,26.81053],[89.1576,26.81393],[89.15068,26.81209],[89.15109,26.80612]]]},"properties":{"District":"Alipurduar","Dist_LGD":"328N002","Sub_dist":"Madarihat","Subdis_LGD":"2170","Subdis_Typ":"Cd_Block","Vill_name":"Garochera Bandapani","Vill_Cat":"Rural","Vill_LGD":"307067","arr_project":"asha1,asha2"}},
{"type":"Feature","geometry":{"type":"Polygon","coordinates":[[[89.19631,26.81144],[89.19337,26.81081],[89.17644,26.81911],[89.17466,26.81877],[89.17219,26.81441],[89.17107,26.80581],[89.16583,26.79866],[89.15763,26.79088],[89.15801,26.78889],[89.15945,26.78082],[89.15246,26.77603],[89.15114,26.77255],[89.17083,26.7713],[89.17335,26.77538],[89.1798,26.78175],[89.18403,26.7907],[89.19021,26.79703],[89.19091,26.80269],[89.19631,26.81144]]]},"properties":{"District":"Alipurduar","Dist_LGD":"328N002","Sub_dist":"Madarihat","Subdis_LGD":"2170","Subdis_Typ":"Cd_Block","Vill_name":"Makrapara Tea Garden","Vill_Cat":"Rural","Vill_LGD":"307068","arr_project":"asha1,asha2"}},
{"type":"Feature","geometry":{"type":"Polygon","coordinates":[[[89.86416,26.63312],[89.85941,26.63773],[89.85194,26.63802],[89.85106,26.64122],[89.833,26.64042],[89.83057,26.63881],[89.82871,26.63637],[89.83055,26.62418],[89.83377,26.61912],[89.84008,26.62047],[89.84069,26.62542],[89.8467,26.62409],[89.8495,26.62571],[89.85828,26.62437],[89.85916,26.62956],[89.86416,26.63312]]]},"properties":{"District":"Alipurduar","Dist_LGD":"328N002","Sub_dist":"Kumargram","Subdis_LGD":"2172","Subdis_Typ":"Cd_Block","Vill_name":"Uttar Haldibari","Vill_Cat":"Rural","Vill_LGD":"307184","arr_project":"asha1,asha2"}},
{"type":"Feature","geometry":{"type":"Polygon","coordinates":[[[89.80628,26.59424],[89.81216,26.59779],[89.81985,26.59688],[89.82205,26.5951],[89.82422,26.59746],[89.82736,26.60538],[89.82555,26.61069],[89.8298,26.61538],[89.82767,26.6248],[89.8227,26.6252],[89.82244,26.62843],[89.81778,26.62757],[89.81466,26.62373],[89.81594,26.60914],[89.81284,26.60653],[89.80553,26.60735],[89.80446,26.60247],[89.80716,26.60128],[89.80628,26.59424]]]},"properties":{"District":"Alipurduar","Dist_LGD":"328N002","Sub_dist":"Kumargram","Subdis_LGD":"2172","Subdis_Typ":"Cd_Block","Vill_name":"Kumargram","Vill_Cat":"Rural","Vill_LGD":"307186","arr_project":"asha1,asha2"}},
{"type":"Feature","geometry":{"type":"Polygon","coordinates":[[[89.78443,26.5728],[89.77083,26.57257],[89.76724,26.55916],[89.76375,26.55342],[89.76441,26.55009],[89.78881,26.54865],[89.78906,26.55277],[89.78409,26.55295],[89.78614,26.56184],[89.79187,26.56483],[89.78931,26.56885],[89.78443,26.5728]]]},"properties":{"District":"Alipurduar","Dist_LGD":"328N002","Sub_dist":"Kumargram","Subdis_LGD":"2172","Subdis_Typ":"Cd_Block","Vill_name":"Marakhata","Vill_Cat":"Rural","Vill_LGD":"307174","arr_project":"asha1,asha2"}},
{"type":"Feature","geometry":{"type":"Polygon","coordinates":[[[89.75779,26.53949],[89.76296,26.53871],[89.77373,26.53974],[89.77986,26.53841],[89.78052,26.53407],[89.78759,26.53667],[89.79091,26.5435],[89.7952,26.54659],[89.78881,26.54865],[89.76441,26.55009],[89.76198,26.54619],[89.76255,26.54189],[89.75779,26.53949]]]},"properties":{"District":"Alipurduar","Dist_LGD":"328N002","Sub_dist":"Kumargram","Subdis_LGD":"2172","Subdis_Typ":"Cd_Block","Vill_name":"Uttar Nararthali","Vill_Cat":"Rural","Vill_LGD":"307173","arr_project":"asha1,asha2"}},
{"type":"Feature","geometry":{"type":"Polygon","coordinates":[[[89.7952,26.54659],[89.79091,26.5435],[89.78759,26.53667],[89.79261,26.53384],[89.79187,26.52943],[89.78636,26.53],[89.78524,26.52634],[89.78762,26.52202],[89.7915,26.519],[89.79149,26.51554],[89.79988,26.51488],[89.80313,26.51737],[89.80687,26.51576],[89.80638,26.5249],[89.80736,26.53519],[89.80453,26.53531],[89.80367,26.54395],[89.80037,26.54652],[89.7952,26.54659]]]},"properties":{"District":"Alipurduar","Dist_LGD":"328N002","Sub_dist":"Kumargram","Subdis_LGD":"2172","Subdis_Typ":"Cd_Block","Vill_name":"Bara Daldali","Vill_Cat":"Rural","Vill_LGD":"307193","arr_project":"asha1,asha2"}},
{"type":"Feature","geometry":{"type":"Polygon","coordinates":[[[89.77286,26.50206],[89.77596,26.49732],[89.78361,26.49487],[89.78801,26.49544],[89.79193,26.50081],[89.80303,26.50152],[89.80253,26.50616],[89.80744,26.51048],[89.80836,26.51489],[89.80687,26.51576],[89.80313,26.51737],[89.79988,26.51488],[89.79149,26.51554],[89.78992,26.50886],[89.77984,26.51012],[89.77355,26.50395],[89.77286,26.50206]]]},"properties":{"District":"Alipurduar","Dist_LGD":"328N002","Sub_dist":"Kumargram","Subdis_LGD":"2172","Subdis_Typ":"Cd_Block","Vill_name":"Gochimari","Vill_Cat":"Rural","Vill_LGD":"307170","arr_project":"asha1,asha2"}},
{"type":"Feature","geometry":{"type":"Polygon","coordinates":[[[89.78801,26.49544],[89.78686,26.49105],[89.78807,26.48684],[89.80436,26.48625],[89.80971,26.48847],[89.82528,26.48865],[89.82694,26.4849],[89.82989,26.48084],[89.83475,26.48153],[89.83527,26.48854],[89.83233,26.4925],[89.83605,26.4963],[89.82505,26.49837],[89.82379,26.50291],[89.81094,26.50031],[89.80303,26.50152],[89.79193,26.50081],[89.78801,26.49544]]]},"properties":{"District":"Alipurduar","Dist_LGD":"328N002","Sub_dist":"Kumargram","Subdis_LGD":"2172","Subdis_Typ":"Cd_Block","Vill_name":"Barobisha","Vill_Cat":"Rural","Vill_LGD":"307198","arr_project":"asha1,asha2"}},
{"type":"Feature","geometry":{"type":"Polygon","coordinates":[[[89.72581,26.48135],[89.72186,26.48118],[89.71656,26.48748],[89.71424,26.4839],[89.71736,26.48064],[89.71918,26.4787],[89.72038,26.47199],[89.72668,26.47526],[89.73552,26.47497],[89.73751,26.46999],[89.73164,26.46554],[89.72562,26.46519],[89.72724,26.46054],[89.73636,26.46269],[89.73797,26.4598],[89.73765,26.45339],[89.74044,26.44912],[89.74411,26.44879],[89.74605,26.45214],[89.74501,26.45596],[89.74894,26.45894],[89.74305,26.4621],[89.74383,26.47086],[89.7418,26.4815],[89.73605,26.48062],[89.72581,26.48135]]]},"properties":{"District":"Alipurduar","Dist_LGD":"328N002","Sub_dist":"Kumargram","Subdis_LGD":"2172","Subdis_Typ":"Cd_Block","Vill_name":"Dakshin Narathali","Vill_Cat":"Rural","Vill_LGD":"307164","arr_project":"asha1,asha2"}},
{"type":"Feature","geometry":{"type":"Polygon","coordinates":[[[89.73765,26.45339],[89.7334,26.45276],[89.73,26.455],[89.72481,26.45342],[89.72482,26.44895],[89.71642,26.44781],[89.71642,26.44447],[89.71173,26.44283],[89.70455,26.44821],[89.69915,26.44532],[89.70483,26.44073],[89.71264,26.43451],[89.71852,26.43378],[89.7243,26.43558],[89.72624,26.44243],[89.7284,26.44431],[89.73343,26.4425],[89.7388,26.4455],[89.74194,26.44008],[89.74716,26.43867],[89.7481,26.44615],[89.74605,26.45214],[89.74411,26.44879],[89.74044,26.44912],[89.73765,26.45339]]]},"properties":{"District":"Alipurduar","Dist_LGD":"328N002","Sub_dist":"Kumargram","Subdis_LGD":"2172","Subdis_Typ":"Cd_Block","Vill_name":"Dakshin Kamakhyaguri","Vill_Cat":"Rural","Vill_LGD":"307166","arr_project":"asha1,asha2"}},
{"type":"Feature","geometry":{"type":"Polygon","coordinates":[[[89.71497,26.69898],[89.71491,26.70187],[89.70199,26.70209],[89.68489,26.70151],[89.68077,26.69973],[89.67079,26.70162],[89.67072,26.69286],[89.67143,26.68937],[89.67588,26.68933],[89.67655,26.67618],[89.68774,26.67556],[89.71532,26.67564],[89.71526,26.68107],[89.71539,26.6904],[89.71497,26.69898]]]},"properties":{"District":"Alipurduar","Dist_LGD":"328N002","Sub_dist":"Kumargram","Subdis_LGD":"2172","Subdis_Typ":"Cd_Block","Vill_name":"Jayanti Tea Garden","Vill_Cat":"Rural","Vill_LGD":"307156","arr_project":"asha1,asha2"}},
{"type":"Feature","geometry":{"type":"Polygon","coordinates":[[[89.71532,26.67564],[89.71964,26.67546],[89.72064,26.66678],[89.73421,26.66681],[89.73578,26.67516],[89.73414,26.67946],[89.71526,26.68107],[89.71532,26.67564]]]},"properties":{"District":"Alipurduar","Dist_LGD":"328N002","Sub_dist":"Kumargram","Subdis_LGD":"2172","Subdis_Typ":"Cd_Block","Vill_name":"Jayanti Tea Garden Ii","Vill_Cat":"Rural","Vill_LGD":"307158","arr_project":"asha1,asha2"}},
{"type":"Feature","geometry":{"type":"Polygon","coordinates":[[[89.72064,26.66678],[89.71964,26.67546],[89.71532,26.67564],[89.68774,26.67556],[89.67655,26.67618],[89.67189,26.67535],[89.67204,26.66065],[89.68957,26.66027],[89.72119,26.66048],[89.72064,26.66678]]]},"properties":{"District":"Alipurduar","Dist_LGD":"328N002","Sub_dist":"Kumargram","Subdis_LGD":"2172","Subdis_Typ":"Cd_Block","Vill_name":"Rahimabad Tea Garden","Vill_Cat":"Rural","Vill_LGD":"307155","arr_project":"asha1,asha2"}},
{"type":"Feature","geometry":{"type":"Polygon","coordinates":[[[89.32974,26.69014],[89.33151,26.68261],[89.33302,26.68011],[89.33812,26.67401],[89.34029,26.67699],[89.33999,26.6906],[89.34381,26.69525],[89.33894,26.70046],[89.34331,26.70921],[89.34315,26.71654],[89.34246,26.72129],[89.32837,26.72343],[89.32655,26.72428],[89.32752,26.71961],[89.33131,26.71905],[89.33109,26.71146],[89.33407,26.7071],[89.33051,26.70475],[89.33146,26.69669],[89.3283,26.69256],[89.32974,26.69014]]]},"properties":{"District":"Alipurduar","Dist_LGD":"328N002","Sub_dist":"Kalchini","Subdis_LGD":"2171","Subdis_Typ":"Cd_Block","Vill_name":"Saudamini Tea Garden","Vill_Cat":"Rural","Vill_LGD":"307109","arr_project":"asha1,asha2"}},
{"type":"Feature","geometry":{"type":"Polygon","coordinates":[[[89.4965,26.68283],[89.49917,26.68531],[89.49476,26.69925],[89.49149,26.70688],[89.47836,26.70739],[89.44142,26.70754],[89.41355,26.70784],[89.41606,26.70128],[89.40752,26.69209],[89.40362,26.68144],[89.40799,26.67726],[89.41091,26.67533],[89.42018,26.67491],[89.4206,26.68512],[89.43655,26.6845],[89.45441,26.68523],[89.46403,26.68381],[89.4965,26.68283]]]},"properties":{"District":"Alipurduar","Dist_LGD":"328N002","Sub_dist":"Kalchini","Subdis_LGD":"2171","Subdis_Typ":"Cd_Block","Vill_name":"Kalchini Tea Garden","Vill_Cat":"Rural","Vill_LGD":"307138","arr_project":"asha1,asha2"}},
{"type":"Feature","geometry":{"type":"Polygon","coordinates":[[[89.44481,26.64685],[89.44547,26.64448],[89.45132,26.63968],[89.45328,26.63818],[89.46126,26.6318],[89.46396,26.6324],[89.48069,26.6314],[89.50129,26.63078],[89.50142,26.63876],[89.50024,26.6447],[89.48784,26.64561],[89.44481,26.64685]]]},"properties":{"District":"Alipurduar","Dist_LGD":"328N002","Sub_dist":"Kalchini","Subdis_LGD":"2171","Subdis_Typ":"Cd_Block","Vill_name":"Atiabari Tea Garden","Vill_Cat":"Rural","Vill_LGD":"307142","arr_project":"asha1,asha2"}},
{"type":"Feature","geometry":{"type":"Polygon","coordinates":[[[89.10207,26.6766],[89.09324,26.67773],[89.09362,26.6739],[89.09568,26.67115],[89.10082,26.66852],[89.10267,26.66489],[89.10071,26.65739],[89.10342,26.65262],[89.10269,26.64728],[89.10949,26.64881],[89.10852,26.65932],[89.11198,26.66272],[89.11042,26.67202],[89.10392,26.67264],[89.10207,26.6766]]]},"properties":{"District":"Alipurduar","Dist_LGD":"328N002","Sub_dist":"Falakata","Subdis_LGD":"2175","Subdis_Typ":"Cd_Block","Vill_name":"Dalmoney Tea Garden","Vill_Cat":"Rural","Vill_LGD":"307344","arr_project":"asha1,asha2"}},
{"type":"Feature","geometry":{"type":"Polygon","coordinates":[[[89.11948,26.63647],[89.11679,26.636],[89.11806,26.63429],[89.11948,26.63647]]]},"properties":{"District":"Alipurduar","Dist_LGD":"328N002","Sub_dist":"Falakata","Subdis_LGD":"2175","Subdis_Typ":"Cd_Block","Vill_name":"Sanu","Vill_Cat":"Rural","Vill_LGD":"307345N196","arr_project":"asha1,asha2"}},
{"type":"Feature","geometry":{"type":"Polygon","coordinates":[[[89.40922,26.75821],[89.41513,26.75654],[89.4238,26.75925],[89.42557,26.76636],[89.4193,26.76739],[89.41085,26.76454],[89.40922,26.75821]]]},"properties":{"District":"Alipurduar","Dist_LGD":"328N002","Sub_dist":"Kalchini","Subdis_LGD":"2171","Subdis_Typ":"Cd_Block","Vill_name":"Bhutri","Vill_Cat":"Rural","Vill_LGD":"307132N131","arr_project":"asha1,asha2"}},
{"type":"Feature","geometry":{"type":"Polygon","coordinates":[[[89.44911,26.79192],[89.44906,26.79203],[89.43006,26.79524],[89.42957,26.7851],[89.43745,26.78246],[89.44156,26.78471],[89.44911,26.79192]]]},"properties":{"District":"Alipurduar","Dist_LGD":"328N002","Sub_dist":"Kalchini","Subdis_LGD":"2171","Subdis_Typ":"Cd_Block","Vill_name":"Pana","Vill_Cat":"Rural","Vill_LGD":"307132N130","arr_project":"asha1,asha2"}},
{"type":"Feature","geometry":{"type":"Polygon","coordinates":[[[89.45975,26.79101],[89.4617,26.80042],[89.45705,26.80492],[89.45439,26.79793],[89.45851,26.79655],[89.45975,26.79101]]]},"properties":{"District":"Alipurduar","Dist_LGD":"328N002","Sub_dist":"Kalchini","Subdis_LGD":"2171","Subdis_Typ":"Cd_Block","Vill_name":"Raimatang","Vill_Cat":"Rural","Vill_LGD":"307144N145","arr_project":"asha1,asha2"}},
{"type":"Feature","geometry":{"type":"Polygon","coordinates":[[[89.48107,26.80177],[89.46939,26.80273],[89.4609,26.80612],[89.4585,26.80874],[89.45705,26.80492],[89.4617,26.80042],[89.45975,26.79101],[89.46291,26.78444],[89.46903,26.78183],[89.4788,26.79316],[89.48107,26.80177]]]},"properties":{"District":"Alipurduar","Dist_LGD":"328N002","Sub_dist":"Kalchini","Subdis_LGD":"2171","Subdis_Typ":"Cd_Block","Vill_name":"Adma Panbari","Vill_Cat":"Rural","Vill_LGD":"307145N166","arr_project":"asha1,asha2"}},
{"type":"Feature","geometry":{"type":"Polygon","coordinates":[[[89.59621,26.79102],[89.58767,26.79196],[89.57841,26.79604],[89.5744,26.78989],[89.57263,26.78308],[89.58146,26.78138],[89.59408,26.7838],[89.59621,26.79102]]]},"properties":{"District":"Alipurduar","Dist_LGD":"328N002","Sub_dist":"Kalchini","Subdis_LGD":"2171","Subdis_Typ":"Cd_Block","Vill_name":"Tashi Gaon","Vill_Cat":"Rural","Vill_LGD":"307145N163","arr_project":"asha1,asha2"}},
{"type":"Feature","geometry":{"type":"Polygon","coordinates":[[[89.57095,26.71816],[89.57286,26.72908],[89.56448,26.73125],[89.56283,26.72211],[89.56481,26.7186],[89.57095,26.71816]]]},"properties":{"District":"Alipurduar","Dist_LGD":"328N002","Sub_dist":"Kalchini","Subdis_LGD":"2171","Subdis_Typ":"Cd_Block","Vill_name":"Santra Bari","Vill_Cat":"Rural","Vill_LGD":"307145N159","arr_project":"asha1,asha2"}},
{"type":"Feature","geometry":{"type":"Polygon","coordinates":[[[89.53798,26.78946],[89.54988,26.78785],[89.55809,26.79526],[89.54651,26.79833],[89.53611,26.79794],[89.52969,26.79652],[89.52942,26.79289],[89.53233,26.79046],[89.53798,26.78946]]]},"properties":{"District":"Alipurduar","Dist_LGD":"328N002","Sub_dist":"Kalchini","Subdis_LGD":"2171","Subdis_Typ":"Cd_Block","Vill_name":"Seugaon","Vill_Cat":"Rural","Vill_LGD":"307145N164","arr_project":"asha1,asha2"}},
{"type":"Feature","geometry":{"type":"Polygon","coordinates":[[[89.59118,26.76528],[89.59715,26.76369],[89.60216,26.768],[89.60229,26.77142],[89.5976,26.77334],[89.58808,26.77093],[89.58795,26.76752],[89.59118,26.76528]]]},"properties":{"District":"Alipurduar","Dist_LGD":"328N002","Sub_dist":"Kalchini","Subdis_LGD":"2171","Subdis_Typ":"Cd_Block","Vill_name":"Lepchakha Buxa Duar","Vill_Cat":"Rural","Vill_LGD":"307145N156","arr_project":"asha1,asha2"}},
{"type":"Feature","geometry":{"type":"Polygon","coordinates":[[[89.36311,26.84726],[89.36596,26.85753],[89.35875,26.8549],[89.35559,26.84776],[89.35776,26.84555],[89.36311,26.84726]]]},"properties":{"District":"Alipurduar","Dist_LGD":"328N002","Sub_dist":"Kalchini","Subdis_LGD":"2171","Subdis_Typ":"Cd_Block","Vill_name":"Nil Para","Vill_Cat":"Rural","Vill_LGD":"307106N127","arr_project":"asha1,asha2"}},
{"type":"Feature","geometry":{"type":"Polygon","coordinates":[[[89.12507,26.63627],[89.125,26.63434],[89.127,26.63382],[89.12724,26.63639],[89.12507,26.63627]]]},"properties":{"District":"Alipurduar","Dist_LGD":"328N002","Sub_dist":"Falakata","Subdis_LGD":"2175","Subdis_Typ":"Cd_Block","Vill_name":"Lehra","Vill_Cat":"Rural","Vill_LGD":"307345N197","arr_project":"asha1,asha2"}},
{"type":"Feature","geometry":{"type":"Polygon","coordinates":[[[89.13346,26.65493],[89.13529,26.65794],[89.13588,26.66138],[89.12839,26.66327],[89.12747,26.65657],[89.13346,26.65493]]]},"properties":{"District":"Alipurduar","Dist_LGD":"328N002","Sub_dist":"Falakata","Subdis_LGD":"2175","Subdis_Typ":"Cd_Block","Vill_name":"Dalgaon","Vill_Cat":"Rural","Vill_LGD":"307345N198","arr_project":"asha1,asha2"}},
{"type":"Feature","geometry":{"type":"Polygon","coordinates":[[[89.21935,26.70557],[89.22233,26.70811],[89.22291,26.71245],[89.22836,26.71721],[89.22375,26.72433],[89.21757,26.71866],[89.21657,26.71194],[89.21935,26.70557]]]},"properties":{"District":"Alipurduar","Dist_LGD":"328N002","Sub_dist":"Madarihat","Subdis_LGD":"2170","Subdis_Typ":"Cd_Block","Vill_name":"Dumchi Rava","Vill_Cat":"Rural","Vill_LGD":"307082N124","arr_project":"asha1,asha2"}},
{"type":"Feature","geometry":{"type":"Polygon","coordinates":[[[89.20451,26.69802],[89.20812,26.70033],[89.20695,26.70438],[89.2034,26.70652],[89.19992,26.70435],[89.20451,26.69802]]]},"properties":{"District":"Alipurduar","Dist_LGD":"328N002","Sub_dist":"Madarihat","Subdis_LGD":"2170","Subdis_Typ":"Cd_Block","Vill_name":"Dumchi","Vill_Cat":"Rural","Vill_LGD":"307082N123","arr_project":"asha1,asha2"}},
{"type":"Feature","geometry":{"type":"Polygon","coordinates":[[[89.29794,26.79051],[89.2962,26.79121],[89.28857,26.7859],[89.28738,26.78159],[89.29085,26.77448],[89.29421,26.77783],[89.29794,26.79051]]]},"properties":{"District":"Alipurduar","Dist_LGD":"328N002","Sub_dist":"Madarihat","Subdis_LGD":"2170","Subdis_Typ":"Cd_Block","Vill_name":"Titi","Vill_Cat":"Rural","Vill_LGD":"307086N125","arr_project":"asha1,asha2"}},
{"type":"Feature","geometry":{"type":"Polygon","coordinates":[[[89.31146,26.79625],[89.30261,26.79713],[89.2995,26.79516],[89.30058,26.79027],[89.30446,26.78972],[89.31146,26.79625]]]},"properties":{"District":"Alipurduar","Dist_LGD":"328N002","Sub_dist":"Madarihat","Subdis_LGD":"2170","Subdis_Typ":"Cd_Block","Vill_name":"Balla Guri","Vill_Cat":"Rural","Vill_LGD":"307086N126","arr_project":"asha1,asha2"}},
{"type":"Feature","geometry":{"type":"Polygon","coordinates":[[[89.44274,26.55102],[89.43866,26.55146],[89.43945,26.54535],[89.44227,26.54554],[89.44274,26.55102]]]},"properties":{"District":"Alipurduar","Dist_LGD":"328N002","Sub_dist":"Alipurduar - I","Subdis_LGD":"2173","Subdis_Typ":"Cd_Block","Vill_name":"Patkapara Tea Garden","Vill_Cat":"Rural","Vill_LGD":"307245","arr_project":"asha1,asha2"}},
{"type":"Feature","geometry":{"type":"Polygon","coordinates":[[[89.23861,26.50657],[89.23532,26.50204],[89.23844,26.49997],[89.24457,26.50531],[89.25059,26.50537],[89.25996,26.50812],[89.26212,26.51415],[89.27386,26.51208],[89.2736,26.51574],[89.25642,26.51464],[89.2592,26.51866],[89.25446,26.51977],[89.25112,26.51775],[89.24605,26.51447],[89.24205,26.51534],[89.24335,26.51075],[89.23861,26.50657]]]},"properties":{"District":"Alipurduar","Dist_LGD":"328N002","Sub_dist":"Falakata","Subdis_LGD":"2175","Subdis_Typ":"Cd_Block","Vill_name":"Raichenga","Vill_Cat":"Fully_Urban","Vill_LGD":"307397","arr_project":"asha1,asha2"}},
{"type":"Feature","geometry":{"type":"Polygon","coordinates":[[[89.47855,26.6656],[89.49654,26.66455],[89.49469,26.67267],[89.4965,26.68283],[89.46403,26.68381],[89.45441,26.68523],[89.46279,26.67811],[89.47495,26.66953],[89.47855,26.6656]]]},"properties":{"District":"Alipurduar","Dist_LGD":"328N002","Sub_dist":"Kalchini","Subdis_LGD":"2171","Subdis_Typ":"Cd_Block","Vill_name":"Gangutia Tea Garden","Vill_Cat":"Rural","Vill_LGD":"307139","arr_project":"asha1,asha2"}},
{"type":"Feature","geometry":{"type":"Polygon","coordinates":[[[89.38814,26.70757],[89.39426,26.70275],[89.40103,26.70872],[89.3926,26.714],[89.39036,26.71295],[89.38814,26.70757]]]},"properties":{"District":"Alipurduar","Dist_LGD":"328N002","Sub_dist":"Kalchini","Subdis_LGD":"2171","Subdis_Typ":"Cd_Block","Vill_name":"Dalbadal","Vill_Cat":"Rural","Vill_LGD":"307122N128","arr_project":"asha1,asha2"}},
{"type":"Feature","geometry":{"type":"Polygon","coordinates":[[[89.393,26.6773],[89.40378,26.67806],[89.40215,26.68271],[89.3934,26.68369],[89.39266,26.67851],[89.393,26.6773]]]},"properties":{"District":"Alipurduar","Dist_LGD":"328N002","Sub_dist":"Kalchini","Subdis_LGD":"2171","Subdis_Typ":"Cd_Block","Vill_name":"Godam Bari","Vill_Cat":"Rural","Vill_LGD":"307122N129","arr_project":"asha1,asha2"}},
{"type":"Feature","geometry":{"type":"Polygon","coordinates":[[[89.71427,26.55874],[89.71203,26.56149],[89.71173,26.55922],[89.71427,26.55874]]]},"properties":{"District":"Alipurduar","Dist_LGD":"328N002","Sub_dist":"Alipurduar - Ii","Subdis_LGD":"2174","Subdis_Typ":"Cd_Block","Vill_name":"Uttar Chakirbas","Vill_Cat":"Rural","Vill_LGD":"307322","arr_project":"asha1,asha2"}},
{"type":"Feature","geometry":{"type":"Polygon","coordinates":[[[89.5327,26.53115],[89.52938,26.51569],[89.53655,26.51406],[89.53712,26.5168],[89.5432,26.52021],[89.54674,26.52984],[89.54486,26.53355],[89.54024,26.53781],[89.53756,26.5334],[89.5327,26.53115]]]},"properties":{"District":"Alipurduar","Dist_LGD":"328N002","Sub_dist":"Alipurduar - I","Subdis_LGD":"2173","Subdis_Typ":"Cd_Block","Vill_name":"Chechakhata (Ct)","Vill_Cat":"Partly_Urban","Vill_LGD":"307255","arr_project":"asha1,asha2"}},
{"type":"Feature","geometry":{"type":"Polygon","coordinates":[[[89.55287,26.51542],[89.54635,26.51532],[89.54463,26.50363],[89.54563,26.50138],[89.55284,26.50196],[89.55655,26.50427],[89.5561,26.50992],[89.5527,26.5105],[89.55287,26.51542]]]},"properties":{"District":"Alipurduar","Dist_LGD":"328N002","Sub_dist":"Alipurduar - I","Subdis_LGD":"2173","Subdis_Typ":"Cd_Block","Vill_name":"Bholar Dabri (Ct)","Vill_Cat":"Partly_Urban","Vill_LGD":"307257","arr_project":"asha1,asha2"}},
{"type":"Feature","geometry":{"type":"Polygon","coordinates":[[[89.7908,26.67915],[89.7948,26.68395],[89.79361,26.68792],[89.78278,26.68723],[89.77754,26.68599],[89.77461,26.6822],[89.7816,26.67721],[89.7855,26.67922],[89.7908,26.67915]]]},"properties":{"District":"Alipurduar","Dist_LGD":"328N002","Sub_dist":"Kumargram","Subdis_LGD":"2172","Subdis_Typ":"Cd_Block","Vill_name":"New Lands","Vill_Cat":"Rural","Vill_LGD":"307181N177","arr_project":"asha1,asha2"}},
{"type":"Feature","geometry":{"type":"Polygon","coordinates":[[[89.84534,26.70497],[89.82508,26.70875],[89.82589,26.70325],[89.82443,26.6977],[89.83257,26.69662],[89.84299,26.69804],[89.84534,26.70497]]]},"properties":{"District":"Alipurduar","Dist_LGD":"328N002","Sub_dist":"Kumargram","Subdis_LGD":"2172","Subdis_Typ":"Cd_Block","Vill_name":"Kumargram","Vill_Cat":"Rural","Vill_LGD":"307181N179","arr_project":"asha1,asha2"}},
{"type":"Feature","geometry":{"type":"Polygon","coordinates":[[[89.87144,26.68876],[89.86248,26.70156],[89.85621,26.7028],[89.85356,26.69591],[89.85861,26.68797],[89.8678,26.68735],[89.87144,26.68876]]]},"properties":{"District":"Alipurduar","Dist_LGD":"328N002","Sub_dist":"Kumargram","Subdis_LGD":"2172","Subdis_Typ":"Cd_Block","Vill_name":"Sankosh","Vill_Cat":"Rural","Vill_LGD":"307181N178","arr_project":"asha1,asha2"}},
{"type":"Feature","geometry":{"type":"Polygon","coordinates":[[[89.83209,26.51023],[89.83376,26.50548],[89.84283,26.5087],[89.84362,26.51677],[89.83207,26.51554],[89.83209,26.51023]]]},"properties":{"District":"Alipurduar","Dist_LGD":"328N002","Sub_dist":"Kumargram","Subdis_LGD":"2172","Subdis_Typ":"Cd_Block","Vill_name":"Lapra Guri","Vill_Cat":"Rural","Vill_LGD":"307196N183","arr_project":"asha1,asha2"}},
{"type":"Feature","geometry":{"type":"Polygon","coordinates":[[[89.84634,26.53348],[89.83415,26.53149],[89.83457,26.52235],[89.84686,26.52359],[89.84959,26.52747],[89.84983,26.53139],[89.84634,26.53348]]]},"properties":{"District":"Alipurduar","Dist_LGD":"328N002","Sub_dist":"Kumargram","Subdis_LGD":"2172","Subdis_Typ":"Cd_Block","Vill_name":"Andu","Vill_Cat":"Rural","Vill_LGD":"307196N182","arr_project":"asha1,asha2"}},
{"type":"Feature","geometry":{"type":"Polygon","coordinates":[[[89.83557,26.54765],[89.82817,26.54431],[89.82916,26.53897],[89.83792,26.53907],[89.84309,26.5481],[89.83557,26.54765]]]},"properties":{"District":"Alipurduar","Dist_LGD":"328N002","Sub_dist":"Kumargram","Subdis_LGD":"2172","Subdis_Typ":"Cd_Block","Vill_name":"Indu Busti","Vill_Cat":"Rural","Vill_LGD":"307196N181","arr_project":"asha1,asha2"}},
{"type":"Feature","geometry":{"type":"Polygon","coordinates":[[[89.85095,26.56585],[89.84791,26.56359],[89.8467,26.559],[89.84926,26.55607],[89.85672,26.56076],[89.85495,26.56578],[89.85095,26.56585]]]},"properties":{"District":"Alipurduar","Dist_LGD":"328N002","Sub_dist":"Kumargram","Subdis_LGD":"2172","Subdis_Typ":"Cd_Block","Vill_name":"Khuttimari","Vill_Cat":"Rural","Vill_LGD":"307196N185","arr_project":"asha1,asha2"}},
{"type":"Feature","geometry":{"type":"Polygon","coordinates":[[[89.84154,26.50284],[89.84529,26.5061],[89.84678,26.51121],[89.84072,26.50508],[89.84154,26.50284]]]},"properties":{"District":"Alipurduar","Dist_LGD":"328N002","Sub_dist":"Kumargram","Subdis_LGD":"2172","Subdis_Typ":"Cd_Block","Vill_name":"Purba Salbari","Vill_Cat":"Rural","Vill_LGD":"307196N184","arr_project":"asha1,asha2"}},
{"type":"Feature","geometry":{"type":"Polygon","coordinates":[[[89.81928,26.55065],[89.8209,26.54706],[89.83609,26.55297],[89.83847,26.55538],[89.83736,26.55919],[89.81928,26.55065]]]},"properties":{"District":"Alipurduar","Dist_LGD":"328N002","Sub_dist":"Kumargram","Subdis_LGD":"2172","Subdis_Typ":"Cd_Block","Vill_name":"Bengdoba","Vill_Cat":"Rural","Vill_LGD":"307196N180","arr_project":"asha1,asha2"}},
{"type":"Feature","geometry":{"type":"Polygon","coordinates":[[[89.8401,26.56654],[89.84689,26.57204],[89.84451,26.57963],[89.83939,26.58711],[89.82973,26.57506],[89.83386,26.57385],[89.83536,26.57009],[89.8401,26.56654]]]},"properties":{"District":"Alipurduar","Dist_LGD":"328N002","Sub_dist":"Kumargram","Subdis_LGD":"2172","Subdis_Typ":"Cd_Block","Vill_name":"Balapara","Vill_Cat":"Rural","Vill_LGD":"307196N186","arr_project":"asha1,asha2"}},
{"type":"Feature","geometry":{"type":"Polygon","coordinates":[[[89.10486,26.79153],[89.09909,26.79389],[89.09745,26.79003],[89.10144,26.78551],[89.10486,26.79153]]]},"properties":{"District":"Alipurduar","Dist_LGD":"328N002","Sub_dist":"Madarihat","Subdis_LGD":"2170","Subdis_Typ":"Cd_Block","Vill_name":"Riti","Vill_Cat":"Rural","Vill_LGD":"307057N122","arr_project":"asha1,asha2"}},
{"type":"Feature","geometry":{"type":"Polygon","coordinates":[[[89.62315,26.6879],[89.62619,26.6891],[89.62769,26.70028],[89.61584,26.70473],[89.60841,26.70505],[89.60431,26.7036],[89.61378,26.69476],[89.62174,26.69056],[89.62315,26.6879]]]},"properties":{"District":"Alipurduar","Dist_LGD":"328N002","Sub_dist":"Kumargram","Subdis_LGD":"2172","Subdis_Typ":"Cd_Block","Vill_name":"Bhutia Busti","Vill_Cat":"Rural","Vill_LGD":"307151N170","arr_project":"asha1,asha2"}},
{"type":"Feature","geometry":{"type":"Polygon","coordinates":[[[89.73141,26.69691],[89.73067,26.69953],[89.71913,26.70006],[89.71497,26.69898],[89.71539,26.6904],[89.71868,26.69184],[89.72712,26.69249],[89.73141,26.69691]]]},"properties":{"District":"Alipurduar","Dist_LGD":"328N002","Sub_dist":"Kumargram","Subdis_LGD":"2172","Subdis_Typ":"Cd_Block","Vill_name":"Joyanti Hatipota","Vill_Cat":"Rural","Vill_LGD":"307151N173","arr_project":"asha1,asha2"}},
{"type":"Feature","geometry":{"type":"Polygon","coordinates":[[[89.66499,26.69253],[89.66472,26.69645],[89.66176,26.69914],[89.65582,26.69969],[89.65128,26.69678],[89.65264,26.69311],[89.66499,26.69253]]]},"properties":{"District":"Alipurduar","Dist_LGD":"328N002","Sub_dist":"Kumargram","Subdis_LGD":"2172","Subdis_Typ":"Cd_Block","Vill_name":"Phanskhowa","Vill_Cat":"Rural","Vill_LGD":"307151N172","arr_project":"asha1,asha2"}},
{"type":"Feature","geometry":{"type":"Polygon","coordinates":[[[89.64811,26.68584],[89.63905,26.68969],[89.63722,26.68473],[89.64453,26.68052],[89.64815,26.68145],[89.64811,26.68584]]]},"properties":{"District":"Alipurduar","Dist_LGD":"328N002","Sub_dist":"Kumargram","Subdis_LGD":"2172","Subdis_Typ":"Cd_Block","Vill_name":"Chunia Jhora","Vill_Cat":"Rural","Vill_LGD":"307151N171","arr_project":"asha1,asha2"}},
{"type":"Feature","geometry":{"type":"Polygon","coordinates":[[[89.76628,26.61851],[89.76467,26.62393],[89.75749,26.63742],[89.74034,26.63714],[89.73741,26.63412],[89.73098,26.63254],[89.7293,26.6247],[89.72633,26.624],[89.72567,26.60931],[89.72625,26.60624],[89.74413,26.60517],[89.76597,26.60342],[89.76782,26.60549],[89.76628,26.61851]]]},"properties":{"District":"Alipurduar","Dist_LGD":"328N002","Sub_dist":"Kumargram","Subdis_LGD":"2172","Subdis_Typ":"Cd_Block","Vill_name":"Raydak Tea Garden","Vill_Cat":"Rural","Vill_LGD":"307160","arr_project":"asha1,asha2"}},
{"type":"Feature","geometry":{"type":"Polygon","coordinates":[[[89.71203,26.58838],[89.71546,26.59567],[89.71555,26.60703],[89.71376,26.60932],[89.71304,26.60513],[89.70998,26.59507],[89.71203,26.58838]]]},"properties":{"District":"Alipurduar","Dist_LGD":"328N002","Sub_dist":"Kumargram","Subdis_LGD":"2172","Subdis_Typ":"Cd_Block","Vill_name":"Shiltong","Vill_Cat":"Rural","Vill_LGD":"307161N174","arr_project":"asha1,asha2"}},
{"type":"Feature","geometry":{"type":"Polygon","coordinates":[[[89.76597,26.60342],[89.771,26.60082],[89.77598,26.60038],[89.77757,26.60544],[89.78204,26.60818],[89.7836,26.61189],[89.77764,26.61735],[89.76628,26.61851],[89.76782,26.60549],[89.76597,26.60342]]]},"properties":{"District":"Alipurduar","Dist_LGD":"328N002","Sub_dist":"Kumargram","Subdis_LGD":"2172","Subdis_Typ":"Cd_Block","Vill_name":"Tiamari","Vill_Cat":"Rural","Vill_LGD":"307161N175","arr_project":"asha1,asha2"}},
{"type":"Feature","geometry":{"type":"Polygon","coordinates":[[[89.7186,26.51564],[89.72119,26.51183],[89.73011,26.50854],[89.73578,26.51236],[89.74361,26.52684],[89.73331,26.53054],[89.72992,26.52969],[89.72963,26.52374],[89.72457,26.52142],[89.72162,26.51554],[89.7186,26.51564]]]},"properties":{"District":"Alipurduar","Dist_LGD":"328N002","Sub_dist":"Kumargram","Subdis_LGD":"2172","Subdis_Typ":"Cd_Block","Vill_name":"Chipra","Vill_Cat":"Rural","Vill_LGD":"307161N176","arr_project":"asha1,asha2"}},
{"type":"Feature","geometry":{"type":"Polygon","coordinates":[[[89.44323,26.55906],[89.44448,26.55626],[89.45511,26.55675],[89.45599,26.56091],[89.44392,26.56509],[89.44323,26.55906]]]},"properties":{"District":"Alipurduar","Dist_LGD":"328N002","Sub_dist":"Kalchini","Subdis_LGD":"2171","Subdis_Typ":"Cd_Block","Vill_name":"Bhutia Busti","Vill_Cat":"Rural","Vill_LGD":"307144N134","arr_project":"asha1,asha2"}},
{"type":"Feature","geometry":{"type":"Polygon","coordinates":[[[89.47182,26.54494],[89.47283,26.55376],[89.46637,26.55281],[89.46589,26.54396],[89.47182,26.54494]]]},"properties":{"District":"Alipurduar","Dist_LGD":"328N002","Sub_dist":"Kalchini","Subdis_LGD":"2171","Subdis_Typ":"Cd_Block","Vill_name":"Dakshin Poro","Vill_Cat":"Rural","Vill_LGD":"307144N135","arr_project":"asha1,asha2"}},
{"type":"Feature","geometry":{"type":"Polygon","coordinates":[[[89.51017,26.55068],[89.51007,26.55892],[89.50708,26.55785],[89.50735,26.55022],[89.51017,26.55068]]]},"properties":{"District":"Alipurduar","Dist_LGD":"328N002","Sub_dist":"Kalchini","Subdis_LGD":"2171","Subdis_Typ":"Cd_Block","Vill_name":"Garam Busti Paschim","Vill_Cat":"Rural","Vill_LGD":"307144N147","arr_project":"asha1,asha2"}},
{"type":"Feature","geometry":{"type":"Polygon","coordinates":[[[89.52365,26.55154],[89.52412,26.55838],[89.51776,26.55853],[89.5144,26.55098],[89.52365,26.55154]]]},"properties":{"District":"Alipurduar","Dist_LGD":"328N002","Sub_dist":"Kalchini","Subdis_LGD":"2171","Subdis_Typ":"Cd_Block","Vill_name":"Garam Busti Purba","Vill_Cat":"Rural","Vill_LGD":"307144N146","arr_project":"asha1,asha2"}},
{"type":"Feature","geometry":{"type":"Polygon","coordinates":[[[89.5735,26.55129],[89.5675,26.55816],[89.56209,26.55413],[89.5625,26.55117],[89.5667,26.54631],[89.5735,26.55129]]]},"properties":{"District":"Alipurduar","Dist_LGD":"328N002","Sub_dist":"Kalchini","Subdis_LGD":"2171","Subdis_Typ":"Cd_Block","Vill_name":"Kalkut","Vill_Cat":"Rural","Vill_LGD":"307144N141","arr_project":"asha1,asha2"}},
{"type":"Feature","geometry":{"type":"Polygon","coordinates":[[[89.52801,26.57728],[89.52104,26.57812],[89.51828,26.57594],[89.51718,26.57073],[89.52817,26.56934],[89.52801,26.57728]]]},"properties":{"District":"Alipurduar","Dist_LGD":"328N002","Sub_dist":"Kalchini","Subdis_LGD":"2171","Subdis_Typ":"Cd_Block","Vill_name":"Bamni Busti","Vill_Cat":"Rural","Vill_LGD":"307144N138","arr_project":"asha1,asha2"}},
{"type":"Feature","geometry":{"type":"Polygon","coordinates":[[[89.53469,26.57894],[89.53323,26.57302],[89.54365,26.5727],[89.54418,26.57814],[89.53469,26.57894]]]},"properties":{"District":"Alipurduar","Dist_LGD":"328N002","Sub_dist":"Kalchini","Subdis_LGD":"2171","Subdis_Typ":"Cd_Block","Vill_name":"Uttar Panjhora","Vill_Cat":"Rural","Vill_LGD":"307144N139","arr_project":"asha1,asha2"}},
{"type":"Feature","geometry":{"type":"Polygon","coordinates":[[[89.53676,26.56595],[89.53313,26.56466],[89.53259,26.5606],[89.54372,26.56033],[89.54606,26.56487],[89.5406,26.56661],[89.53676,26.56595]]]},"properties":{"District":"Alipurduar","Dist_LGD":"328N002","Sub_dist":"Kalchini","Subdis_LGD":"2171","Subdis_Typ":"Cd_Block","Vill_name":"Pani Jhora","Vill_Cat":"Rural","Vill_LGD":"307144N140","arr_project":"asha1,asha2"}},
{"type":"Feature","geometry":{"type":"Polygon","coordinates":[[[89.50907,26.62311],[89.50572,26.62494],[89.49837,26.61936],[89.51,26.61962],[89.50907,26.62311]]]},"properties":{"District":"Alipurduar","Dist_LGD":"328N002","Sub_dist":"Kalchini","Subdis_LGD":"2171","Subdis_Typ":"Cd_Block","Vill_name":"Garo Busti","Vill_Cat":"Rural","Vill_LGD":"307144N137","arr_project":"asha1,asha2"}},
{"type":"Feature","geometry":{"type":"Polygon","coordinates":[[[89.52627,26.62793],[89.52541,26.6238],[89.53324,26.61993],[89.53544,26.62448],[89.52627,26.62793]]]},"properties":{"District":"Alipurduar","Dist_LGD":"328N002","Sub_dist":"Kalchini","Subdis_LGD":"2171","Subdis_Typ":"Cd_Block","Vill_name":"Marchent Para","Vill_Cat":"Rural","Vill_LGD":"307144N143","arr_project":"asha1,asha2"}},
{"type":"Feature","geometry":{"type":"Polygon","coordinates":[[[89.53221,26.59916],[89.53369,26.60034],[89.53189,26.60088],[89.53221,26.59916]]]},"properties":{"District":"Alipurduar","Dist_LGD":"328N002","Sub_dist":"Kalchini","Subdis_LGD":"2171","Subdis_Typ":"Cd_Block","Vill_name":"Pampu Busti","Vill_Cat":"Rural","Vill_LGD":"307144N142","arr_project":"asha1,asha2"}},
{"type":"Feature","geometry":{"type":"Polygon","coordinates":[[[89.55176,26.70504],[89.54889,26.70235],[89.54886,26.69563],[89.55387,26.69506],[89.55883,26.69714],[89.56036,26.7025],[89.55619,26.70622],[89.55176,26.70504]]]},"properties":{"District":"Alipurduar","Dist_LGD":"328N002","Sub_dist":"Kalchini","Subdis_LGD":"2171","Subdis_Typ":"Cd_Block","Vill_name":"Buxa Road 28Th Mile","Vill_Cat":"Rural","Vill_LGD":"307144N132","arr_project":"asha1,asha2"}},
{"type":"Feature","geometry":{"type":"Polygon","coordinates":[[[89.497,26.66199],[89.50576,26.66041],[89.51041,26.66109],[89.51054,26.6645],[89.50391,26.6701],[89.49469,26.67267],[89.49654,26.66455],[89.497,26.66199]]]},"properties":{"District":"Alipurduar","Dist_LGD":"328N002","Sub_dist":"Kalchini","Subdis_LGD":"2171","Subdis_Typ":"Cd_Block","Vill_name":"Gangutia","Vill_Cat":"Rural","Vill_LGD":"307144N144","arr_project":"asha1,asha2"}},
{"type":"Feature","geometry":{"type":"Polygon","coordinates":[[[89.55425,26.70995],[89.56439,26.70824],[89.56715,26.7129],[89.56264,26.71793],[89.55611,26.71445],[89.55425,26.70995]]]},"properties":{"District":"Alipurduar","Dist_LGD":"328N002","Sub_dist":"Kalchini","Subdis_LGD":"2171","Subdis_Typ":"Cd_Block","Vill_name":"Buxa Road 29Th Mile","Vill_Cat":"Rural","Vill_LGD":"307144N133","arr_project":"asha1,asha2"}},
{"type":"Feature","geometry":{"type":"Polygon","coordinates":[[[89.43098,26.63457],[89.43694,26.63062],[89.4433,26.6329],[89.44154,26.63829],[89.43136,26.63897],[89.43098,26.63457]]]},"properties":{"District":"Alipurduar","Dist_LGD":"328N002","Sub_dist":"Kalchini","Subdis_LGD":"2171","Subdis_Typ":"Cd_Block","Vill_name":"Nimti Dabri","Vill_Cat":"Rural","Vill_LGD":"307144N038","arr_project":"asha1,asha2"}},
{"type":"Feature","geometry":{"type":"Polygon","coordinates":[[[89.665,26.62644],[89.65772,26.6277],[89.65562,26.62399],[89.66397,26.62201],[89.665,26.62644]]]},"properties":{"District":"Alipurduar","Dist_LGD":"328N002","Sub_dist":"Kalchini","Subdis_LGD":"02171","Subdis_Typ":"Cd_Block","Vill_name":"20Th Mile","Vill_Cat":"Rural","Vill_LGD":"307146N167","arr_project":"asha1,asha2"}},
{"type":"Feature","geometry":{"type":"Polygon","coordinates":[[[89.66387,26.6425],[89.6521,26.63688],[89.65221,26.63294],[89.66022,26.63284],[89.66587,26.63571],[89.66387,26.6425]]]},"properties":{"District":"Alipurduar","Dist_LGD":"328N002","Sub_dist":"Kalchini","Subdis_LGD":"02171","Subdis_Typ":"Cd_Block","Vill_name":"21St Mile","Vill_Cat":"Rural","Vill_LGD":"307146N168","arr_project":"asha1,asha2"}},
{"type":"Feature","geometry":{"type":"Polygon","coordinates":[[[89.66,26.59094],[89.65649,26.59974],[89.64879,26.59945],[89.64559,26.59491],[89.6464,26.58911],[89.6545,26.58972],[89.66,26.59094]]]},"properties":{"District":"Alipurduar","Dist_LGD":"328N002","Sub_dist":"Kalchini","Subdis_LGD":"02171","Subdis_Typ":"Cd_Block","Vill_name":"Gadahar","Vill_Cat":"Forest_Village","Vill_LGD":"307146N169","arr_project":"asha1,asha2"}},
{"type":"Feature","geometry":{"type":"Polygon","coordinates":[[[89.53167,26.61611],[89.53036,26.61592],[89.532,26.61511],[89.53167,26.61611]]]},"properties":{"District":"Alipurduar","Dist_LGD":"328N002","Sub_dist":"Kalchini","Subdis_LGD":"02171","Subdis_Typ":"Cd_Block","Vill_name":"Raja Bhat Khawa","Vill_Cat":"Rural","Vill_LGD":"307144N151","arr_project":"asha1,asha2"}},
{"type":"Feature","geometry":{"type":"Polygon","coordinates":[[[89.52782,26.61565],[89.52877,26.61606],[89.52841,26.61647],[89.5279,26.61619],[89.52782,26.61565]]]},"properties":{"District":"Alipurduar","Dist_LGD":"328N002","Sub_dist":"Kalchini","Subdis_LGD":"02171","Subdis_Typ":"Cd_Block","Vill_name":"Raja Bhat Khawa Madhya","Vill_Cat":"Rural","Vill_LGD":"307144N151","arr_project":"asha1,asha2"}},
{"type":"Feature","geometry":{"type":"Polygon","coordinates":[[[89.49454,26.54822],[89.49146,26.5556],[89.48338,26.55567],[89.47938,26.55908],[89.47706,26.55253],[89.48423,26.55219],[89.48382,26.54676],[89.48771,26.54725],[89.49454,26.54822]]]},"properties":{"District":"Alipurduar","Dist_LGD":"328N002","Sub_dist":"Kalchini","Subdis_LGD":"02171","Subdis_Typ":"Cd_Block","Vill_name":"Uttar Poro Banobasti","Vill_Cat":"Rural","Vill_LGD":"307144N148","arr_project":"asha1,asha2"}},
{"type":"Feature","geometry":{"type":"Polygon","coordinates":[[[89.31823,26.55003],[89.31471,26.54662],[89.31224,26.54127],[89.31194,26.53653],[89.32044,26.54909],[89.31823,26.55003]]]},"properties":{"District":"Alipurduar","Dist_LGD":"328N002","Sub_dist":"Alipurduar - I","Subdis_LGD":"02173","Subdis_Typ":"Cd_Block","Vill_name":"Salkumar Boro","Vill_Cat":"Rural","Vill_LGD":"307221N194","arr_project":"asha1,asha2"}},
{"type":"Feature","geometry":{"type":"Polygon","coordinates":[[[89.52539,26.55155],[89.52976,26.55158],[89.52955,26.55308],[89.52573,26.5528],[89.52539,26.55155]]]},"properties":{"District":"Alipurduar","Dist_LGD":"328N002","Sub_dist":"Kalchini","Subdis_LGD":"2171","Subdis_Typ":"Cd_Block","Vill_name":"Damanpur","Vill_Cat":"Rural","Vill_LGD":"307144N149","arr_project":"asha1,asha2"}},
{"type":"Feature","geometry":{"type":"Polygon","coordinates":[[[89.31019,26.54146],[89.31089,26.54308],[89.30796,26.54288],[89.30777,26.5421],[89.31019,26.54146]]]},"properties":{"District":"Alipurduar","Dist_LGD":"328N002","Sub_dist":"Alipurduar - I","Subdis_LGD":"02173","Subdis_Typ":"Cd_Block","Vill_name":"Salkumar Choto","Vill_Cat":"Rural","Vill_LGD":"307221N195","arr_project":"asha1,asha2"}},
{"type":"Feature","geometry":{"type":"Polygon","coordinates":[[[89.36656,26.64905],[89.37158,26.64821],[89.37312,26.65044],[89.36689,26.65232],[89.36656,26.64905]]]},"properties":{"District":"Alipurduar","Dist_LGD":"328N002","Sub_dist":"Alipurduar - I","Subdis_LGD":"02173","Subdis_Typ":"Cd_Block","Vill_name":"Motharam Choto","Vill_Cat":"Rural","Vill_LGD":"307218N192","arr_project":"asha1,asha2"}},
{"type":"Feature","geometry":{"type":"Polygon","coordinates":[[[89.37494,26.64872],[89.37263,26.64466],[89.38161,26.64396],[89.37494,26.64872]]]},"properties":{"District":"Alipurduar","Dist_LGD":"328N002","Sub_dist":"Alipurduar - I","Subdis_LGD":"02173","Subdis_Typ":"Cd_Block","Vill_name":"Motharam Boro","Vill_Cat":"Rural","Vill_LGD":"307218N193","arr_project":"asha1,asha2"}},
{"type":"Feature","geometry":{"type":"Polygon","coordinates":[[[89.45328,26.63818],[89.45132,26.63968],[89.44908,26.63804],[89.45174,26.6354],[89.45328,26.63818]]]},"properties":{"District":"Alipurduar","Dist_LGD":"328N002","Sub_dist":"Kalchini","Subdis_LGD":"02171","Subdis_Typ":"Cd_Block","Vill_name":"Nimti Basti Purba","Vill_Cat":"Rural","Vill_LGD":"307144N152","arr_project":"asha1,asha2"}},
{"type":"Feature","geometry":{"type":"Polygon","coordinates":[[[89.44217,26.65041],[89.43903,26.65078],[89.43912,26.64765],[89.44185,26.64763],[89.44217,26.65041]]]},"properties":{"District":"Alipurduar","Dist_LGD":"328N002","Sub_dist":"Kalchini","Subdis_LGD":"02171","Subdis_Typ":"Cd_Block","Vill_name":"Nimti Forest Village","Vill_Cat":"Rural","Vill_LGD":"307144N153","arr_project":"asha1,asha2"}},
{"type":"Feature","geometry":{"type":"Polygon","coordinates":[[[89.43963,26.65917],[89.43581,26.65912],[89.43396,26.65529],[89.43411,26.64956],[89.43853,26.65127],[89.44061,26.65574],[89.43963,26.65917]]]},"properties":{"District":"Alipurduar","Dist_LGD":"328N002","Sub_dist":"Kalchini","Subdis_LGD":"02171","Subdis_Typ":"Cd_Block","Vill_name":"Nimti Dabri","Vill_Cat":"Rural","Vill_LGD":"307144N154","arr_project":"asha1,asha2"}},
{"type":"Feature","geometry":{"type":"Polygon","coordinates":[[[89.5264,26.61174],[89.52314,26.61008],[89.52302,26.60471],[89.52866,26.60326],[89.5322,26.60559],[89.53245,26.61095],[89.5264,26.61174]]]},"properties":{"District":"Alipurduar","Dist_LGD":"328N002","Sub_dist":"Kalchini","Subdis_LGD":"2171","Subdis_Typ":"Cd_Block","Vill_name":"Raja Bhat Khawa Uttar","Vill_Cat":"Rural","Vill_LGD":"307144N150","arr_project":"asha1,asha2"}},
{"type":"Feature","geometry":{"type":"Polygon","coordinates":[[[89.47532,26.56911],[89.47414,26.56293],[89.47564,26.56284],[89.47532,26.56911]]]},"properties":{"District":"Alipurduar","Dist_LGD":"328N002","Sub_dist":"Kalchini","Subdis_LGD":"2171","Subdis_Typ":"Cd_Block","Vill_name":"Uttar Poro","Vill_Cat":"Rural","Vill_LGD":"307144N136","arr_project":"asha1,asha2"}},
{"type":"Feature","geometry":{"type":"Polygon","coordinates":[[[89.46937,26.58467],[89.47178,26.58177],[89.48661,26.5827],[89.48985,26.58915],[89.48889,26.59211],[89.47008,26.59099],[89.46937,26.58467]]]},"properties":{"District":"Alipurduar","Dist_LGD":"328N002","Sub_dist":"Kalchini","Subdis_LGD":"2171","Subdis_Typ":"Cd_Block","Vill_name":"Uttar Poro","Vill_Cat":"Rural","Vill_LGD":"307144N136","arr_project":"asha1,asha2"}}
]}