{"type":"FeatureCollection", "features": [
{"type":"Feature","geometry":{"type":"Polygon","coordinates":[[[88.31587,26.76457],[88.31661,26.76666],[88.31212,26.7717],[88.31172,26.76554],[88.31218,26.76475],[88.31587,26.76457]]]},"properties":{"District":"Darjiling","Dist_LGD":"327","Sub_dist":"Matigara","Subdis_LGD":"2162","Subdis_Typ":"Cd_Block","Vill_name":"Fulbari Chhat","Vill_Cat":"Rural","Vill_LGD":"306499","arr_project":"asha2"}},
{"type":"Feature","geometry":{"type":"Polygon","coordinates":[[[88.31989,26.74323],[88.31712,26.74842],[88.31397,26.75137],[88.30201,26.74947],[88.30098,26.75045],[88.29398,26.7497],[88.29831,26.74333],[88.29797,26.73769],[88.29095,26.73427],[88.29347,26.73034],[88.29857,26.7317],[88.30573,26.73151],[88.30768,26.73413],[88.31571,26.727],[88.32339,26.72726],[88.32273,26.73338],[88.32153,26.73473],[88.319,26.74002],[88.31989,26.74323]]]},"properties":{"District":"Darjiling","Dist_LGD":"327","Sub_dist":"Naxalbari","Subdis_LGD":"2163","Subdis_Typ":"Cd_Block","Vill_name":"Pantha Bari","Vill_Cat":"Rural","Vill_LGD":"306643","arr_project":"asha2"}},
{"type":"Feature","geometry":{"type":"Polygon","coordinates":[[[88.29347,26.73034],[88.29428,26.7276],[88.29814,26.7235],[88.29948,26.71897],[88.30212,26.71822],[88.30551,26.71951],[88.3122,26.71983],[88.31614,26.72372],[88.31571,26.727],[88.30768,26.73413],[88.30573,26.73151],[88.29857,26.7317],[88.29347,26.73034]]]},"properties":{"District":"Darjiling","Dist_LGD":"327","Sub_dist":"Naxalbari","Subdis_LGD":"2163","Subdis_Typ":"Cd_Block","Vill_name":"Baravitta","Vill_Cat":"Rural","Vill_LGD":"306650","arr_project":"asha2"}},
{"type":"Feature","geometry":{"type":"Polygon","coordinates":[[[88.24721,26.73598],[88.2514,26.73917],[88.25322,26.74309],[88.25289,26.74545],[88.2442,26.74244],[88.24062,26.74391],[88.23939,26.73784],[88.23666,26.74142],[88.23179,26.74167],[88.22686,26.73983],[88.22689,26.7348],[88.22818,26.73217],[88.23464,26.73154],[88.23846,26.73147],[88.23744,26.73504],[88.23959,26.73707],[88.24721,26.73598]]]},"properties":{"District":"Darjiling","Dist_LGD":"327","Sub_dist":"Naxalbari","Subdis_LGD":"2163","Subdis_Typ":"Cd_Block","Vill_name":"Lohasing","Vill_Cat":"Rural","Vill_LGD":"306630","arr_project":"asha2"}},
{"type":"Feature","geometry":{"type":"Polygon","coordinates":[[[88.23509,26.72454],[88.2372,26.72202],[88.24095,26.72163],[88.24413,26.71884],[88.24935,26.72329],[88.24729,26.72949],[88.24721,26.73598],[88.23959,26.73707],[88.23744,26.73504],[88.23846,26.73147],[88.2418,26.72398],[88.23692,26.72534],[88.23509,26.72454]]]},"properties":{"District":"Darjiling","Dist_LGD":"327","Sub_dist":"Naxalbari","Subdis_LGD":"2163","Subdis_Typ":"Cd_Block","Vill_name":"Bhelu","Vill_Cat":"Rural","Vill_LGD":"306629","arr_project":"asha2"}},
{"type":"Feature","geometry":{"type":"Polygon","coordinates":[[[88.23692,26.72534],[88.2418,26.72398],[88.23846,26.73147],[88.23464,26.73154],[88.23692,26.72534]]]},"properties":{"District":"Darjiling","Dist_LGD":"327","Sub_dist":"Naxalbari","Subdis_LGD":"2163","Subdis_Typ":"Cd_Block","Vill_name":"Jamidargurir Chhat","Vill_Cat":"Rural","Vill_LGD":"306628","arr_project":"asha2"}},
{"type":"Feature","geometry":{"type":"Polygon","coordinates":[[[88.20387,26.58603],[88.20341,26.58102],[88.20557,26.57859],[88.20507,26.57479],[88.21061,26.57185],[88.21465,26.57329],[88.2187,26.57305],[88.21933,26.57663],[88.22371,26.58468],[88.22074,26.58689],[88.21721,26.58641],[88.20882,26.58853],[88.20549,26.58857],[88.20387,26.58603]]]},"properties":{"District":"Darjiling","Dist_LGD":"327","Sub_dist":"Kharibari","Subdis_LGD":"2165","Subdis_Typ":"Cd_Block","Vill_name":"Chuchur Muchur","Vill_Cat":"Rural","Vill_LGD":"306849","arr_project":"asha2"}},
{"type":"Feature","geometry":{"type":"Polygon","coordinates":[[[88.20549,26.58857],[88.20882,26.58853],[88.21721,26.58641],[88.22074,26.58689],[88.22371,26.58468],[88.22698,26.58803],[88.22452,26.59024],[88.2177,26.59017],[88.21611,26.59459],[88.20758,26.59556],[88.20692,26.59755],[88.20201,26.59453],[88.20232,26.5925],[88.20601,26.59136],[88.20549,26.58857]]]},"properties":{"District":"Darjiling","Dist_LGD":"327","Sub_dist":"Kharibari","Subdis_LGD":"2165","Subdis_Typ":"Cd_Block","Vill_name":"Salbari","Vill_Cat":"Rural","Vill_LGD":"306848","arr_project":"asha2"}},
{"type":"Feature","geometry":{"type":"Polygon","coordinates":[[[88.16828,26.58602],[88.16956,26.58403],[88.17538,26.58319],[88.17495,26.57704],[88.17141,26.57781],[88.17082,26.57269],[88.17736,26.57063],[88.17825,26.57601],[88.18105,26.57785],[88.18482,26.58505],[88.18364,26.58999],[88.18481,26.59177],[88.18377,26.59264],[88.18009,26.58923],[88.17013,26.59042],[88.17069,26.58718],[88.16828,26.58602]]]},"properties":{"District":"Darjiling","Dist_LGD":"327","Sub_dist":"Kharibari","Subdis_LGD":"2165","Subdis_Typ":"Cd_Block","Vill_name":"Kelabari","Vill_Cat":"Rural","Vill_LGD":"306795","arr_project":"asha2"}},
{"type":"Feature","geometry":{"type":"Polygon","coordinates":[[[88.16481,26.59645],[88.16543,26.59268],[88.17002,26.59198],[88.17031,26.59965],[88.16908,26.6018],[88.16507,26.60149],[88.1649,26.59794],[88.16481,26.59645]]]},"properties":{"District":"Darjiling","Dist_LGD":"327","Sub_dist":"Kharibari","Subdis_LGD":"2165","Subdis_Typ":"Cd_Block","Vill_name":"Badra","Vill_Cat":"Rural","Vill_LGD":"306793","arr_project":"asha2"}},
{"type":"Feature","geometry":{"type":"Polygon","coordinates":[[[88.17031,26.59965],[88.17503,26.59731],[88.18092,26.59866],[88.18048,26.60642],[88.17279,26.60894],[88.16564,26.60963],[88.16439,26.60756],[88.16507,26.60149],[88.16908,26.6018],[88.17031,26.59965]]]},"properties":{"District":"Darjiling","Dist_LGD":"327","Sub_dist":"Kharibari","Subdis_LGD":"2165","Subdis_Typ":"Cd_Block","Vill_name":"Shyamdhan (Ct)","Vill_Cat":"Partly_Urban","Vill_LGD":"306854","arr_project":"asha2"}},
{"type":"Feature","geometry":{"type":"Polygon","coordinates":[[[88.16564,26.60963],[88.17279,26.60894],[88.18048,26.60642],[88.18066,26.60695],[88.18186,26.61537],[88.18187,26.62113],[88.17828,26.62177],[88.17534,26.62628],[88.17109,26.62717],[88.16898,26.62597],[88.16847,26.62262],[88.16825,26.62024],[88.17385,26.62],[88.17356,26.61665],[88.17144,26.61527],[88.16563,26.61619],[88.16564,26.60963]]]},"properties":{"District":"Darjiling","Dist_LGD":"327","Sub_dist":"Kharibari","Subdis_LGD":"2165","Subdis_Typ":"Cd_Block","Vill_name":"Saheburam","Vill_Cat":"Rural","Vill_LGD":"306787","arr_project":"asha2"}},
{"type":"Feature","geometry":{"type":"Polygon","coordinates":[[[88.19326,26.60654],[88.19334,26.60979],[88.18932,26.60985],[88.18964,26.61261],[88.18878,26.61391],[88.18186,26.61537],[88.18066,26.60695],[88.19326,26.60654]]]},"properties":{"District":"Darjiling","Dist_LGD":"327","Sub_dist":"Kharibari","Subdis_LGD":"2165","Subdis_Typ":"Cd_Block","Vill_name":"Budhsing","Vill_Cat":"Rural","Vill_LGD":"306822","arr_project":"asha2"}},
{"type":"Feature","geometry":{"type":"Polygon","coordinates":[[[88.18964,26.61261],[88.19568,26.61199],[88.19622,26.61419],[88.1928,26.62143],[88.19419,26.62434],[88.19405,26.62662],[88.18808,26.62725],[88.18273,26.62881],[88.18187,26.62113],[88.18186,26.61537],[88.18878,26.61391],[88.18964,26.61261]]]},"properties":{"District":"Darjiling","Dist_LGD":"327","Sub_dist":"Kharibari","Subdis_LGD":"2165","Subdis_Typ":"Cd_Block","Vill_name":"Panthabari","Vill_Cat":"Rural","Vill_LGD":"306826","arr_project":"asha2"}},
{"type":"Feature","geometry":{"type":"Polygon","coordinates":[[[88.19656,26.61411],[88.20299,26.61255],[88.20137,26.61575],[88.19656,26.61411]]]},"properties":{"District":"Darjiling","Dist_LGD":"327","Sub_dist":"Kharibari","Subdis_LGD":"2165","Subdis_Typ":"Cd_Block","Vill_name":"Fulbarir Chhat","Vill_Cat":"Rural","Vill_LGD":"306824","arr_project":"asha2"}},
{"type":"Feature","geometry":{"type":"Polygon","coordinates":[[[88.19419,26.62434],[88.1928,26.62143],[88.19622,26.61419],[88.19656,26.61411],[88.20137,26.61575],[88.20265,26.61762],[88.20103,26.62226],[88.20186,26.62519],[88.19419,26.62434]]]},"properties":{"District":"Darjiling","Dist_LGD":"327","Sub_dist":"Kharibari","Subdis_LGD":"2165","Subdis_Typ":"Cd_Block","Vill_name":"Jorapakhuri","Vill_Cat":"Rural","Vill_LGD":"306825","arr_project":"asha2"}},
{"type":"Feature","geometry":{"type":"Polygon","coordinates":[[[88.20299,26.61255],[88.20442,26.61061],[88.2083,26.6106],[88.20955,26.60781],[88.21455,26.60764],[88.21447,26.61153],[88.21531,26.61637],[88.2138,26.61982],[88.21172,26.62429],[88.2093,26.62461],[88.20287,26.62343],[88.20186,26.62519],[88.20103,26.62226],[88.20265,26.61762],[88.20137,26.61575],[88.20299,26.61255]]]},"properties":{"District":"Darjiling","Dist_LGD":"327","Sub_dist":"Kharibari","Subdis_LGD":"2165","Subdis_Typ":"Cd_Block","Vill_name":"Badalbhita","Vill_Cat":"Rural","Vill_LGD":"306841","arr_project":"asha2"}},
{"type":"Feature","geometry":{"type":"Polygon","coordinates":[[[88.33702,26.75982],[88.3363,26.76485],[88.33477,26.76061],[88.33702,26.75982]]]},"properties":{"District":"Darjiling","Dist_LGD":"327","Sub_dist":"Matigara","Subdis_LGD":"2162","Subdis_Typ":"Cd_Block","Vill_name":"Ruhinir Chhat","Vill_Cat":"Rural","Vill_LGD":"306503","arr_project":"asha2"}},
{"type":"Feature","geometry":{"type":"Polygon","coordinates":[[[88.34372,26.77165],[88.34249,26.78005],[88.34249,26.78082],[88.33753,26.78108],[88.33263,26.78792],[88.32823,26.78634],[88.33243,26.77978],[88.3343,26.77514],[88.33835,26.77056],[88.34372,26.77165]]]},"properties":{"District":"Darjiling","Dist_LGD":"327","Sub_dist":"Matigara","Subdis_LGD":"2162","Subdis_Typ":"Cd_Block","Vill_name":"Khoklong","Vill_Cat":"Rural","Vill_LGD":"306495","arr_project":"asha2"}},
{"type":"Feature","geometry":{"type":"Polygon","coordinates":[[[88.34249,26.78005],[88.34372,26.77165],[88.3459,26.77165],[88.34616,26.77558],[88.34592,26.78053],[88.34249,26.78005]]]},"properties":{"District":"Darjiling","Dist_LGD":"327","Sub_dist":"Matigara","Subdis_LGD":"2162","Subdis_Typ":"Cd_Block","Vill_name":"Khok Long Chaat","Vill_Cat":"Rural","Vill_LGD":"306494","arr_project":"asha2"}},
{"type":"Feature","geometry":{"type":"Polygon","coordinates":[[[88.34616,26.77558],[88.35004,26.77519],[88.35225,26.77319],[88.35262,26.77369],[88.35151,26.77551],[88.34873,26.77904],[88.34918,26.78092],[88.34592,26.78053],[88.34616,26.77558]]]},"properties":{"District":"Darjiling","Dist_LGD":"327","Sub_dist":"Matigara","Subdis_LGD":"2162","Subdis_Typ":"Cd_Block","Vill_name":"Kamala Barir Chhat","Vill_Cat":"Rural","Vill_LGD":"306493","arr_project":"asha2"}},
{"type":"Feature","geometry":{"type":"Polygon","coordinates":[[[88.35349,26.76317],[88.35429,26.76763],[88.35225,26.77319],[88.35004,26.77519],[88.34616,26.77558],[88.3459,26.77165],[88.34804,26.76355],[88.35349,26.76317]]]},"properties":{"District":"Darjiling","Dist_LGD":"327","Sub_dist":"Matigara","Subdis_LGD":"2162","Subdis_Typ":"Cd_Block","Vill_name":"Jhauguri","Vill_Cat":"Rural","Vill_LGD":"306505","arr_project":"asha2"}},
{"type":"Feature","geometry":{"type":"Polygon","coordinates":[[[88.2682,26.63008],[88.26524,26.6291],[88.25874,26.62897],[88.2578,26.62349],[88.25302,26.62343],[88.25771,26.61907],[88.25766,26.61394],[88.26513,26.61711],[88.26645,26.61504],[88.27913,26.61498],[88.27612,26.61932],[88.27038,26.62332],[88.2682,26.63008]]]},"properties":{"District":"Darjiling","Dist_LGD":"327","Sub_dist":"Phansidewa","Subdis_LGD":"2164","Subdis_Typ":"Cd_Block","Vill_name":"Sastugachh","Vill_Cat":"Rural","Vill_LGD":"306695","arr_project":"asha2"}},
{"type":"Feature","geometry":{"type":"Polygon","coordinates":[[[88.2682,26.63008],[88.27038,26.62332],[88.27612,26.61932],[88.27753,26.62267],[88.27432,26.6268],[88.27797,26.63349],[88.27208,26.6342],[88.2698,26.63376],[88.2682,26.63008]]]},"properties":{"District":"Darjiling","Dist_LGD":"327","Sub_dist":"Phansidewa","Subdis_LGD":"2164","Subdis_Typ":"Cd_Block","Vill_name":"Tarabari","Vill_Cat":"Rural","Vill_LGD":"306696","arr_project":"asha2"}},
{"type":"Feature","geometry":{"type":"Polygon","coordinates":[[[88.26645,26.61504],[88.26535,26.6095],[88.26669,26.60704],[88.26721,26.598],[88.27605,26.59849],[88.27501,26.60251],[88.27843,26.60454],[88.27798,26.61118],[88.27913,26.61498],[88.26645,26.61504]]]},"properties":{"District":"Darjiling","Dist_LGD":"327","Sub_dist":"Phansidewa","Subdis_LGD":"2164","Subdis_Typ":"Cd_Block","Vill_name":"Tetulguri","Vill_Cat":"Rural","Vill_LGD":"306699","arr_project":"asha2"}},
{"type":"Feature","geometry":{"type":"Polygon","coordinates":[[[88.24777,26.60516],[88.25193,26.60317],[88.25041,26.59767],[88.25466,26.59749],[88.26663,26.59547],[88.26721,26.598],[88.26669,26.60704],[88.26535,26.6095],[88.26645,26.61504],[88.26513,26.61711],[88.25766,26.61394],[88.25512,26.61254],[88.25459,26.60979],[88.24974,26.60966],[88.24777,26.60516]]]},"properties":{"District":"Darjiling","Dist_LGD":"327","Sub_dist":"Phansidewa","Subdis_LGD":"2164","Subdis_Typ":"Cd_Block","Vill_name":"Kuchia","Vill_Cat":"Rural","Vill_LGD":"306700","arr_project":"asha2"}},
{"type":"Feature","geometry":{"type":"Polygon","coordinates":[[[88.24399,26.59072],[88.24686,26.58912],[88.25296,26.58915],[88.25466,26.59749],[88.25041,26.59767],[88.25193,26.60317],[88.24777,26.60516],[88.2387,26.60557],[88.23848,26.60451],[88.23837,26.6016],[88.23847,26.59468],[88.24479,26.59398],[88.24399,26.59072]]]},"properties":{"District":"Darjiling","Dist_LGD":"327","Sub_dist":"Phansidewa","Subdis_LGD":"2164","Subdis_Typ":"Cd_Block","Vill_name":"Dandrajhar","Vill_Cat":"Rural","Vill_LGD":"306701","arr_project":"asha2"}},
{"type":"Feature","geometry":{"type":"Polygon","coordinates":[[[88.23353,26.57493],[88.23464,26.57308],[88.23901,26.5718],[88.24647,26.57115],[88.24816,26.57475],[88.24932,26.57857],[88.24821,26.5845],[88.25421,26.58601],[88.25296,26.58915],[88.24686,26.58912],[88.24399,26.59072],[88.24212,26.58759],[88.23885,26.58835],[88.2336,26.58758],[88.23033,26.58329],[88.22954,26.57731],[88.23353,26.57493]]]},"properties":{"District":"Darjiling","Dist_LGD":"327","Sub_dist":"Phansidewa","Subdis_LGD":"2164","Subdis_Typ":"Cd_Block","Vill_name":"Kadubhita","Vill_Cat":"Rural","Vill_LGD":"306702","arr_project":"asha2"}},
{"type":"Feature","geometry":{"type":"Polygon","coordinates":[[[88.19185,26.85103],[88.18881,26.84973],[88.18288,26.84956],[88.1747,26.85337],[88.17284,26.85163],[88.16785,26.85027],[88.16758,26.84759],[88.17045,26.84468],[88.16754,26.83925],[88.16777,26.83731],[88.17318,26.83486],[88.17368,26.83296],[88.18151,26.82698],[88.18569,26.82505],[88.18796,26.82874],[88.18822,26.8327],[88.19601,26.83228],[88.20294,26.83495],[88.20322,26.84295],[88.19363,26.84486],[88.19184,26.84761],[88.19185,26.85103]]]},"properties":{"District":"Darjiling","Dist_LGD":"327","Sub_dist":"Mirik","Subdis_LGD":"2160","Subdis_Typ":"Cd_Block","Vill_name":"Tingling Tea Garden","Vill_Cat":"Others","Vill_LGD":"306406","arr_project":"asha2"}},
{"type":"Feature","geometry":{"type":"Polygon","coordinates":[[[88.21066,26.88464],[88.20537,26.88661],[88.20238,26.88594],[88.20488,26.88473],[88.20639,26.88314],[88.20423,26.87983],[88.20027,26.8781],[88.19459,26.88185],[88.19009,26.87791],[88.19254,26.87483],[88.19617,26.86717],[88.19688,26.85921],[88.19185,26.85103],[88.19184,26.84761],[88.19922,26.85207],[88.20508,26.85245],[88.20718,26.85378],[88.2057,26.86031],[88.20733,26.87033],[88.2087,26.8734],[88.21254,26.87402],[88.21354,26.87682],[88.21141,26.88019],[88.21066,26.88464]]]},"properties":{"District":"Darjiling","Dist_LGD":"327","Sub_dist":"Mirik","Subdis_LGD":"2160","Subdis_Typ":"Cd_Block","Vill_name":"Saurinibasti","Vill_Cat":"Rural","Vill_LGD":"306400","arr_project":"asha2"}},
{"type":"Feature","geometry":{"type":"Polygon","coordinates":[[[88.27308,26.68965],[88.2822,26.6899],[88.28291,26.69617],[88.28558,26.69627],[88.2824,26.70196],[88.27277,26.70052],[88.26943,26.69841],[88.27282,26.69202],[88.27308,26.68965]]]},"properties":{"District":"Darjiling","Dist_LGD":"327","Sub_dist":"Phansidewa","Subdis_LGD":"2164","Subdis_Typ":"Cd_Block","Vill_name":"Mahideb","Vill_Cat":"Rural","Vill_LGD":"306667","arr_project":"asha2"}},
{"type":"Feature","geometry":{"type":"Polygon","coordinates":[[[88.2822,26.6899],[88.28889,26.68912],[88.28702,26.694],[88.28749,26.69585],[88.28558,26.69627],[88.28291,26.69617],[88.2822,26.6899]]]},"properties":{"District":"Darjiling","Dist_LGD":"327","Sub_dist":"Phansidewa","Subdis_LGD":"2164","Subdis_Typ":"Cd_Block","Vill_name":"Krishnapur Tea Garden","Vill_Cat":"Others","Vill_LGD":"306669","arr_project":"asha2"}},
{"type":"Feature","geometry":{"type":"Polygon","coordinates":[[[88.29517,26.70246],[88.29449,26.70666],[88.28934,26.70639],[88.28827,26.70316],[88.28988,26.70139],[88.29517,26.70246]]]},"properties":{"District":"Darjiling","Dist_LGD":"327","Sub_dist":"Phansidewa","Subdis_LGD":"2164","Subdis_Typ":"Cd_Block","Vill_name":"Sannyasithan","Vill_Cat":"Rural","Vill_LGD":"306671","arr_project":"asha2"}},
{"type":"Feature","geometry":{"type":"Polygon","coordinates":[[[88.28749,26.69585],[88.28702,26.694],[88.28889,26.68912],[88.28916,26.68807],[88.29128,26.68811],[88.28978,26.69102],[88.29066,26.6942],[88.29316,26.69393],[88.29695,26.69634],[88.30111,26.70204],[88.30627,26.70215],[88.3037,26.70476],[88.29799,26.70278],[88.29517,26.70246],[88.28988,26.70139],[88.28745,26.70005],[88.28749,26.69585]]]},"properties":{"District":"Darjiling","Dist_LGD":"327","Sub_dist":"Phansidewa","Subdis_LGD":"2164","Subdis_Typ":"Cd_Block","Vill_name":"Sannyasi Thaner Chhat","Vill_Cat":"Rural","Vill_LGD":"306670","arr_project":"asha2"}},
{"type":"Feature","geometry":{"type":"Polygon","coordinates":[[[88.29851,26.68909],[88.29754,26.69202],[88.29963,26.69578],[88.30776,26.69706],[88.30781,26.70157],[88.30627,26.70215],[88.30111,26.70204],[88.29695,26.69634],[88.29316,26.69393],[88.29066,26.6942],[88.28978,26.69102],[88.29128,26.68811],[88.29851,26.68909]]]},"properties":{"District":"Darjiling","Dist_LGD":"327","Sub_dist":"Phansidewa","Subdis_LGD":"2164","Subdis_Typ":"Cd_Block","Vill_name":"Jabarali","Vill_Cat":"Rural","Vill_LGD":"306672","arr_project":"asha2"}},
{"type":"Feature","geometry":{"type":"Polygon","coordinates":[[[88.30079,26.68919],[88.30382,26.69408],[88.30913,26.6947],[88.30776,26.69706],[88.29963,26.69578],[88.29754,26.69202],[88.29851,26.68909],[88.30079,26.68919]]]},"properties":{"District":"Darjiling","Dist_LGD":"327","Sub_dist":"Phansidewa","Subdis_LGD":"2164","Subdis_Typ":"Cd_Block","Vill_name":"Jabarali Chhat","Vill_Cat":"Rural","Vill_LGD":"306673","arr_project":"asha2"}},
{"type":"Feature","geometry":{"type":"Polygon","coordinates":[[[88.29851,26.68909],[88.3011,26.68135],[88.30456,26.6816],[88.30079,26.68919],[88.29851,26.68909]]]},"properties":{"District":"Darjiling","Dist_LGD":"327","Sub_dist":"Phansidewa","Subdis_LGD":"2164","Subdis_Typ":"Cd_Block","Vill_name":"Harising","Vill_Cat":"Rural","Vill_LGD":"306675","arr_project":"asha2"}},
{"type":"Feature","geometry":{"type":"Polygon","coordinates":[[[88.30353,26.67634],[88.30556,26.67575],[88.31166,26.67756],[88.31225,26.68099],[88.31029,26.68048],[88.30271,26.67804],[88.30353,26.67634]]]},"properties":{"District":"Darjiling","Dist_LGD":"327","Sub_dist":"Phansidewa","Subdis_LGD":"2164","Subdis_Typ":"Cd_Block","Vill_name":"Bhaishdubi","Vill_Cat":"Rural","Vill_LGD":"306678","arr_project":"asha2"}},
{"type":"Feature","geometry":{"type":"Polygon","coordinates":[[[88.30271,26.67804],[88.31029,26.68048],[88.30887,26.68772],[88.31236,26.68882],[88.31212,26.69371],[88.30913,26.6947],[88.30382,26.69408],[88.30079,26.68919],[88.30456,26.6816],[88.3011,26.68135],[88.30271,26.67804]]]},"properties":{"District":"Darjiling","Dist_LGD":"327","Sub_dist":"Phansidewa","Subdis_LGD":"2164","Subdis_Typ":"Cd_Block","Vill_name":"Harising Chhat","Vill_Cat":"Rural","Vill_LGD":"306676","arr_project":"asha2"}},
{"type":"Feature","geometry":{"type":"Polygon","coordinates":[[[88.29021,26.6743],[88.28679,26.6736],[88.28849,26.67064],[88.29268,26.67103],[88.29258,26.67264],[88.29021,26.6743]]]},"properties":{"District":"Darjiling","Dist_LGD":"327","Sub_dist":"Phansidewa","Subdis_LGD":"2164","Subdis_Typ":"Cd_Block","Vill_name":"Panaullar Chhat","Vill_Cat":"Rural","Vill_LGD":"306683","arr_project":"asha2"}},
{"type":"Feature","geometry":{"type":"Polygon","coordinates":[[[88.27915,26.66626],[88.279,26.661],[88.27739,26.65791],[88.27747,26.65452],[88.28197,26.65441],[88.28074,26.64907],[88.28763,26.64771],[88.28887,26.65557],[88.29025,26.6561],[88.29331,26.66298],[88.29271,26.66568],[88.29506,26.6689],[88.29268,26.67103],[88.28849,26.67064],[88.28679,26.6736],[88.29021,26.6743],[88.28991,26.67593],[88.28692,26.67682],[88.28127,26.67638],[88.27784,26.67869],[88.27539,26.67684],[88.27685,26.67252],[88.2806,26.67206],[88.28115,26.66628],[88.27915,26.66626]]]},"properties":{"District":"Darjiling","Dist_LGD":"327","Sub_dist":"Phansidewa","Subdis_LGD":"2164","Subdis_Typ":"Cd_Block","Vill_name":"Halal","Vill_Cat":"Rural","Vill_LGD":"306684","arr_project":"asha2"}},
{"type":"Feature","geometry":{"type":"Polygon","coordinates":[[[88.27915,26.66626],[88.28115,26.66628],[88.2806,26.67206],[88.27685,26.67252],[88.27449,26.66635],[88.27915,26.66626]]]},"properties":{"District":"Darjiling","Dist_LGD":"327","Sub_dist":"Phansidewa","Subdis_LGD":"2164","Subdis_Typ":"Cd_Block","Vill_name":"Banur Chhat","Vill_Cat":"Rural","Vill_LGD":"306685","arr_project":"asha2"}},
{"type":"Feature","geometry":{"type":"Polygon","coordinates":[[[88.26869,26.66458],[88.26895,26.65991],[88.27172,26.65876],[88.2727,26.6582],[88.27449,26.66635],[88.27685,26.67252],[88.27539,26.67684],[88.2703,26.67914],[88.27175,26.67719],[88.2702,26.67147],[88.272,26.66859],[88.26893,26.66583],[88.26869,26.66458]]]},"properties":{"District":"Darjiling","Dist_LGD":"327","Sub_dist":"Phansidewa","Subdis_LGD":"2164","Subdis_Typ":"Cd_Block","Vill_name":"Bangaru","Vill_Cat":"Rural","Vill_LGD":"306686","arr_project":"asha2"}},
{"type":"Feature","geometry":{"type":"Polygon","coordinates":[[[88.27232,26.64212],[88.27844,26.64102],[88.28342,26.64171],[88.28452,26.64143],[88.28559,26.64363],[88.27977,26.64799],[88.2739,26.64831],[88.27393,26.64391],[88.27232,26.64212]]]},"properties":{"District":"Darjiling","Dist_LGD":"327","Sub_dist":"Phansidewa","Subdis_LGD":"2164","Subdis_Typ":"Cd_Block","Vill_name":"Bhariadangi","Vill_Cat":"Rural","Vill_LGD":"306689","arr_project":"asha2"}},
{"type":"Feature","geometry":{"type":"Polygon","coordinates":[[[88.28399,26.57672],[88.28519,26.57197],[88.30247,26.57206],[88.30425,26.57701],[88.30717,26.57646],[88.30797,26.58056],[88.30358,26.5868],[88.30219,26.58699],[88.29509,26.58863],[88.29119,26.58522],[88.28651,26.58669],[88.28399,26.57672]]]},"properties":{"District":"Darjiling","Dist_LGD":"327","Sub_dist":"Phansidewa","Subdis_LGD":"2164","Subdis_Typ":"Cd_Block","Vill_name":"Jogibhita","Vill_Cat":"Rural","Vill_LGD":"306712","arr_project":"asha2"}},
{"type":"Feature","geometry":{"type":"Polygon","coordinates":[[[88.32435,26.57683],[88.32104,26.57722],[88.31759,26.57928],[88.31231,26.57856],[88.31153,26.58069],[88.30797,26.58056],[88.30717,26.57646],[88.30425,26.57701],[88.30247,26.57206],[88.31188,26.57192],[88.31313,26.57329],[88.31966,26.56985],[88.32253,26.56838],[88.32702,26.56814],[88.32738,26.57209],[88.32435,26.57683]]]},"properties":{"District":"Darjiling","Dist_LGD":"327","Sub_dist":"Phansidewa","Subdis_LGD":"2164","Subdis_Typ":"Cd_Block","Vill_name":"Lachubhita","Vill_Cat":"Rural","Vill_LGD":"306713","arr_project":"asha2"}},
{"type":"Feature","geometry":{"type":"Polygon","coordinates":[[[88.29934,26.62008],[88.30558,26.61891],[88.31407,26.61837],[88.31491,26.62167],[88.31233,26.62438],[88.31519,26.62518],[88.31645,26.62742],[88.31345,26.63037],[88.3102,26.62597],[88.30318,26.62591],[88.29798,26.62692],[88.29764,26.62361],[88.29934,26.62008]]]},"properties":{"District":"Darjiling","Dist_LGD":"327","Sub_dist":"Phansidewa","Subdis_LGD":"2164","Subdis_Typ":"Cd_Block","Vill_name":"Thuna","Vill_Cat":"Rural","Vill_LGD":"306717","arr_project":"asha2"}},
{"type":"Feature","geometry":{"type":"Polygon","coordinates":[[[88.31491,26.62167],[88.31519,26.62518],[88.31233,26.62438],[88.31491,26.62167]]]},"properties":{"District":"Darjiling","Dist_LGD":"327","Sub_dist":"Phansidewa","Subdis_LGD":"2164","Subdis_Typ":"Cd_Block","Vill_name":"Thunar Chhat","Vill_Cat":"Rural","Vill_LGD":"306718","arr_project":"asha2"}},
{"type":"Feature","geometry":{"type":"Polygon","coordinates":[[[88.31918,26.63446],[88.31244,26.63647],[88.31345,26.63037],[88.31645,26.62742],[88.31519,26.62518],[88.31491,26.62167],[88.31407,26.61837],[88.31802,26.61688],[88.32298,26.6164],[88.32244,26.62871],[88.3217,26.63293],[88.31918,26.63446]]]},"properties":{"District":"Darjiling","Dist_LGD":"327","Sub_dist":"Phansidewa","Subdis_LGD":"2164","Subdis_Typ":"Cd_Block","Vill_name":"Baramala","Vill_Cat":"Rural","Vill_LGD":"306719","arr_project":"asha2"}},
{"type":"Feature","geometry":{"type":"Polygon","coordinates":[[[88.29798,26.62692],[88.30318,26.62591],[88.3102,26.62597],[88.31345,26.63037],[88.31244,26.63647],[88.30939,26.62983],[88.29911,26.63334],[88.29833,26.63201],[88.2964,26.63059],[88.29798,26.62692]]]},"properties":{"District":"Darjiling","Dist_LGD":"327","Sub_dist":"Phansidewa","Subdis_LGD":"2164","Subdis_Typ":"Cd_Block","Vill_name":"Bandir Chhat","Vill_Cat":"Rural","Vill_LGD":"306720","arr_project":"asha2"}},
{"type":"Feature","geometry":{"type":"Polygon","coordinates":[[[88.37821,27.05349],[88.37897,27.04934],[88.38116,27.04484],[88.38585,27.04849],[88.37821,27.05349]]]},"properties":{"District":"Darjiling","Dist_LGD":"327","Sub_dist":"Rangoli And Rangliot","Subdis_LGD":"2155","Subdis_Typ":"Cd_Block","Vill_name":"Royak Khasmahal","Vill_Cat":"Rural","Vill_LGD":"306202","arr_project":"asha2"}},
{"type":"Feature","geometry":{"type":"Polygon","coordinates":[[[88.38064,27.04455],[88.38601,27.04177],[88.39082,27.04158],[88.3964,27.03986],[88.39944,27.0417],[88.39642,27.0451],[88.39854,27.0543],[88.39987,27.05787],[88.39804,27.06158],[88.39105,27.05129],[88.38585,27.04849],[88.38116,27.04484],[88.38064,27.04455]]]},"properties":{"District":"Darjiling","Dist_LGD":"327","Sub_dist":"Rangoli And Rangliot","Subdis_LGD":"2155","Subdis_Typ":"Cd_Block","Vill_name":"Chhota Mungwa","Vill_Cat":"Rural","Vill_LGD":"306197","arr_project":"asha2"}},
{"type":"Feature","geometry":{"type":"Polygon","coordinates":[[[88.4181,27.0295],[88.41943,27.03235],[88.41789,27.03711],[88.41768,27.04243],[88.41537,27.04497],[88.40559,27.0436],[88.39944,27.0417],[88.3964,27.03986],[88.39693,27.03656],[88.39998,27.03417],[88.40618,27.03286],[88.40764,27.03372],[88.4181,27.0295]]]},"properties":{"District":"Darjiling","Dist_LGD":"327","Sub_dist":"Rangoli And Rangliot","Subdis_LGD":"2155","Subdis_Typ":"Cd_Block","Vill_name":"Soriang Khasmahal","Vill_Cat":"Rural","Vill_LGD":"306199","arr_project":"asha2"}},
{"type":"Feature","geometry":{"type":"Polygon","coordinates":[[[88.35332,27.06266],[88.35919,27.06235],[88.36062,27.06482],[88.36257,27.06829],[88.35545,27.07211],[88.35199,27.06701],[88.35332,27.06266]]]},"properties":{"District":"Darjiling","Dist_LGD":"327","Sub_dist":"Rangoli And Rangliot","Subdis_LGD":"2155","Subdis_Typ":"Cd_Block","Vill_name":"Lopchu Khasmahal","Vill_Cat":"Rural","Vill_LGD":"306206","arr_project":"asha2"}},
{"type":"Feature","geometry":{"type":"Polygon","coordinates":[[[88.35199,27.06701],[88.34234,27.07147],[88.33919,27.06885],[88.33796,27.0648],[88.33567,27.06316],[88.32489,27.06362],[88.32842,27.06032],[88.33654,27.06179],[88.3368,27.05538],[88.33231,27.05331],[88.33892,27.0441],[88.34451,27.04576],[88.35025,27.05182],[88.35332,27.06266],[88.35199,27.06701]]]},"properties":{"District":"Darjiling","Dist_LGD":"327","Sub_dist":"Rangoli And Rangliot","Subdis_LGD":"2155","Subdis_Typ":"Cd_Block","Vill_name":"Tukdah","Vill_Cat":"Rural","Vill_LGD":"306209","arr_project":"asha2"}},
{"type":"Feature","geometry":{"type":"Polygon","coordinates":[[[88.31539,27.01712],[88.31233,27.01518],[88.31119,27.00862],[88.32112,27.011],[88.32494,27.01048],[88.33942,27.02203],[88.33941,27.02214],[88.33591,27.02873],[88.32817,27.02618],[88.31852,27.01977],[88.31582,27.01941],[88.31539,27.01712]]]},"properties":{"District":"Darjiling","Dist_LGD":"327","Sub_dist":"Rangoli And Rangliot","Subdis_LGD":"2155","Subdis_Typ":"Cd_Block","Vill_name":"Pubong Khasmahal","Vill_Cat":"Rural","Vill_LGD":"306212","arr_project":"asha2"}},
{"type":"Feature","geometry":{"type":"Polygon","coordinates":[[[88.32494,27.01048],[88.33039,27.0079],[88.3409,27.00127],[88.34429,27.00105],[88.34992,27.00335],[88.35561,27.00152],[88.33948,27.01956],[88.33942,27.02203],[88.32494,27.01048]]]},"properties":{"District":"Darjiling","Dist_LGD":"327","Sub_dist":"Rangoli And Rangliot","Subdis_LGD":"2155","Subdis_Typ":"Cd_Block","Vill_name":"Poomong Tea Garden","Vill_Cat":"Others","Vill_LGD":"306216","arr_project":"asha2"}},
{"type":"Feature","geometry":{"type":"Polygon","coordinates":[[[88.1633,26.63624],[88.16775,26.63265],[88.16467,26.62424],[88.16338,26.62297],[88.16847,26.62262],[88.16898,26.62597],[88.17109,26.62717],[88.17041,26.63068],[88.1715,26.63747],[88.16841,26.63782],[88.17041,26.64248],[88.16685,26.64346],[88.16364,26.63928],[88.1633,26.63624]]]},"properties":{"District":"Darjiling","Dist_LGD":"327","Sub_dist":"Kharibari","Subdis_LGD":"2165","Subdis_Typ":"Cd_Block","Vill_name":"Bajarur Chhat","Vill_Cat":"Rural","Vill_LGD":"306783","arr_project":"asha2"}},
{"type":"Feature","geometry":{"type":"Polygon","coordinates":[[[88.15378,26.61183],[88.1582,26.61063],[88.16045,26.6084],[88.16439,26.60756],[88.16564,26.60963],[88.16563,26.61619],[88.17144,26.61527],[88.17356,26.61665],[88.17385,26.62],[88.16825,26.62024],[88.16847,26.62262],[88.16338,26.62297],[88.16272,26.6205],[88.1578,26.62118],[88.15812,26.61778],[88.15378,26.61183]]]},"properties":{"District":"Darjiling","Dist_LGD":"327","Sub_dist":"Kharibari","Subdis_LGD":"2165","Subdis_Typ":"Cd_Block","Vill_name":"Jibansing","Vill_Cat":"Rural","Vill_LGD":"306786","arr_project":"asha2"}},
{"type":"Feature","geometry":{"type":"Polygon","coordinates":[[[88.1578,26.62118],[88.14821,26.62272],[88.14181,26.62486],[88.14031,26.61834],[88.14042,26.61357],[88.13911,26.60791],[88.14225,26.60843],[88.14834,26.60729],[88.15155,26.60819],[88.15378,26.61183],[88.15812,26.61778],[88.1578,26.62118]]]},"properties":{"District":"Darjiling","Dist_LGD":"327","Sub_dist":"Kharibari","Subdis_LGD":"2165","Subdis_Typ":"Cd_Block","Vill_name":"Bhulka","Vill_Cat":"Rural","Vill_LGD":"306785","arr_project":"asha2"}},
{"type":"Feature","geometry":{"type":"Polygon","coordinates":[[[88.14834,26.60729],[88.14225,26.60843],[88.13911,26.60791],[88.131,26.60275],[88.13181,26.59332],[88.13076,26.59096],[88.13933,26.59006],[88.1409,26.592],[88.14224,26.59489],[88.14279,26.5983],[88.14673,26.60149],[88.14834,26.60729]]]},"properties":{"District":"Darjiling","Dist_LGD":"327","Sub_dist":"Kharibari","Subdis_LGD":"2165","Subdis_Typ":"Cd_Block","Vill_name":"Paschim Ramdhan","Vill_Cat":"Rural","Vill_LGD":"306789","arr_project":"asha2"}},
{"type":"Feature","geometry":{"type":"Polygon","coordinates":[[[88.1473,26.58209],[88.15017,26.58557],[88.15032,26.58843],[88.14389,26.58837],[88.14415,26.59233],[88.1409,26.592],[88.13933,26.59006],[88.13076,26.59096],[88.12935,26.58733],[88.12994,26.58496],[88.12724,26.58201],[88.12992,26.57957],[88.13689,26.58084],[88.1391,26.58197],[88.1473,26.58209]]]},"properties":{"District":"Darjiling","Dist_LGD":"327","Sub_dist":"Kharibari","Subdis_LGD":"2165","Subdis_Typ":"Cd_Block","Vill_name":"Chunilal","Vill_Cat":"Rural","Vill_LGD":"306790","arr_project":"asha2"}},
{"type":"Feature","geometry":{"type":"Polygon","coordinates":[[[88.14216,26.56347],[88.1432,26.57065],[88.14073,26.5757],[88.13689,26.58084],[88.12992,26.57957],[88.1303,26.57398],[88.12562,26.57773],[88.12523,26.57471],[88.12272,26.57242],[88.12764,26.57109],[88.12822,26.56953],[88.13228,26.56771],[88.13244,26.56526],[88.13518,26.5638],[88.14216,26.56347]]]},"properties":{"District":"Darjiling","Dist_LGD":"327","Sub_dist":"Kharibari","Subdis_LGD":"2165","Subdis_Typ":"Cd_Block","Vill_name":"Tari","Vill_Cat":"Rural","Vill_LGD":"306800","arr_project":"asha2"}},
{"type":"Feature","geometry":{"type":"Polygon","coordinates":[[[88.12272,26.57242],[88.12084,26.57599],[88.11766,26.57462],[88.1191,26.57057],[88.11698,26.56976],[88.11207,26.57128],[88.11121,26.56831],[88.11501,26.56553],[88.11079,26.56169],[88.11289,26.55815],[88.12137,26.55715],[88.12205,26.55773],[88.12491,26.56037],[88.12435,26.56254],[88.12822,26.56953],[88.12764,26.57109],[88.12272,26.57242]]]},"properties":{"District":"Darjiling","Dist_LGD":"327","Sub_dist":"Kharibari","Subdis_LGD":"2165","Subdis_Typ":"Cd_Block","Vill_name":"Chiku","Vill_Cat":"Rural","Vill_LGD":"306801","arr_project":"asha2"}},
{"type":"Feature","geometry":{"type":"Polygon","coordinates":[[[88.11289,26.55815],[88.10864,26.55766],[88.10537,26.56113],[88.10519,26.551],[88.10753,26.55071],[88.11144,26.54525],[88.1135,26.54473],[88.11345,26.54109],[88.11848,26.53765],[88.12175,26.53889],[88.12218,26.5422],[88.121,26.54704],[88.12008,26.55073],[88.12137,26.55715],[88.11289,26.55815]]]},"properties":{"District":"Darjiling","Dist_LGD":"327","Sub_dist":"Kharibari","Subdis_LGD":"2165","Subdis_Typ":"Cd_Block","Vill_name":"Bairagi","Vill_Cat":"Rural","Vill_LGD":"306807","arr_project":"asha2"}},
{"type":"Feature","geometry":{"type":"Polygon","coordinates":[[[88.11848,26.53765],[88.11345,26.54109],[88.1135,26.54473],[88.11144,26.54525],[88.10372,26.5398],[88.10442,26.53744],[88.11003,26.53606],[88.11227,26.53106],[88.11454,26.53299],[88.11848,26.53765]]]},"properties":{"District":"Darjiling","Dist_LGD":"327","Sub_dist":"Kharibari","Subdis_LGD":"2165","Subdis_Typ":"Cd_Block","Vill_name":"Rangmuni","Vill_Cat":"Rural","Vill_LGD":"306808","arr_project":"asha2"}},
{"type":"Feature","geometry":{"type":"Polygon","coordinates":[[[88.14037,26.53768],[88.13593,26.53573],[88.13001,26.53551],[88.12726,26.54177],[88.12218,26.5422],[88.12175,26.53889],[88.11848,26.53765],[88.11454,26.53299],[88.11669,26.53274],[88.12338,26.53332],[88.12446,26.52806],[88.12821,26.52885],[88.13202,26.52561],[88.13622,26.52553],[88.14,26.52975],[88.14136,26.53515],[88.14037,26.53768]]]},"properties":{"District":"Darjiling","Dist_LGD":"327","Sub_dist":"Kharibari","Subdis_LGD":"2165","Subdis_Typ":"Cd_Block","Vill_name":"Gayen","Vill_Cat":"Rural","Vill_LGD":"306809","arr_project":"asha2"}},
{"type":"Feature","geometry":{"type":"Polygon","coordinates":[[[88.14623,26.54154],[88.14037,26.53768],[88.14136,26.53515],[88.14,26.52975],[88.13622,26.52553],[88.1371,26.52395],[88.14004,26.52422],[88.146,26.52215],[88.14833,26.52422],[88.14863,26.52828],[88.15035,26.53181],[88.15284,26.53167],[88.15334,26.53677],[88.15364,26.54012],[88.1512,26.54055],[88.14623,26.54154]]]},"properties":{"District":"Darjiling","Dist_LGD":"327","Sub_dist":"Kharibari","Subdis_LGD":"2165","Subdis_Typ":"Cd_Block","Vill_name":"Bhajanpur","Vill_Cat":"Rural","Vill_LGD":"306811","arr_project":"asha2"}},
{"type":"Feature","geometry":{"type":"Polygon","coordinates":[[[88.16268,26.53379],[88.16654,26.53553],[88.16743,26.53776],[88.16291,26.54338],[88.1534,26.54415],[88.1512,26.54055],[88.15364,26.54012],[88.15334,26.53677],[88.1556,26.53746],[88.1635,26.53636],[88.16268,26.53379]]]},"properties":{"District":"Darjiling","Dist_LGD":"327","Sub_dist":"Kharibari","Subdis_LGD":"2165","Subdis_Typ":"Cd_Block","Vill_name":"Banchhabhita","Vill_Cat":"Rural","Vill_LGD":"306813","arr_project":"asha2"}},
{"type":"Feature","geometry":{"type":"Polygon","coordinates":[[[88.12218,26.5422],[88.12726,26.54177],[88.13001,26.53551],[88.13593,26.53573],[88.14037,26.53768],[88.14623,26.54154],[88.14624,26.54681],[88.14375,26.54862],[88.13221,26.54941],[88.13111,26.54803],[88.121,26.54704],[88.12218,26.5422]]]},"properties":{"District":"Darjiling","Dist_LGD":"327","Sub_dist":"Kharibari","Subdis_LGD":"2165","Subdis_Typ":"Cd_Block","Vill_name":"Bilakshu","Vill_Cat":"Rural","Vill_LGD":"306805","arr_project":"asha2"}},
{"type":"Feature","geometry":{"type":"Polygon","coordinates":[[[88.13264,26.55204],[88.13698,26.55303],[88.14042,26.55804],[88.14208,26.56239],[88.14216,26.56347],[88.13518,26.5638],[88.13244,26.56526],[88.13228,26.56771],[88.12822,26.56953],[88.12435,26.56254],[88.12491,26.56037],[88.12205,26.55773],[88.12746,26.55954],[88.13036,26.55735],[88.12956,26.55382],[88.13264,26.55204]]]},"properties":{"District":"Darjiling","Dist_LGD":"327","Sub_dist":"Kharibari","Subdis_LGD":"2165","Subdis_Typ":"Cd_Block","Vill_name":"Khopalashi","Vill_Cat":"Rural","Vill_LGD":"306802","arr_project":"asha2"}},
{"type":"Feature","geometry":{"type":"Polygon","coordinates":[[[88.14624,26.54681],[88.14623,26.54154],[88.1512,26.54055],[88.1534,26.54415],[88.16291,26.54338],[88.16347,26.54799],[88.16228,26.55023],[88.16224,26.55524],[88.15757,26.55763],[88.15415,26.55803],[88.15234,26.55345],[88.14657,26.5489],[88.14624,26.54681]]]},"properties":{"District":"Darjiling","Dist_LGD":"327","Sub_dist":"Kharibari","Subdis_LGD":"2165","Subdis_Typ":"Cd_Block","Vill_name":"Khunia Pukhari","Vill_Cat":"Rural","Vill_LGD":"306804","arr_project":"asha2"}},
{"type":"Feature","geometry":{"type":"Polygon","coordinates":[[[88.17846,26.54677],[88.171,26.55007],[88.16561,26.54966],[88.16347,26.54799],[88.16291,26.54338],[88.16743,26.53776],[88.17059,26.53774],[88.17623,26.53537],[88.17562,26.54053],[88.17846,26.54677]]]},"properties":{"District":"Darjiling","Dist_LGD":"327","Sub_dist":"Kharibari","Subdis_LGD":"2165","Subdis_Typ":"Cd_Block","Vill_name":"Katia","Vill_Cat":"Rural","Vill_LGD":"306814","arr_project":"asha2"}},
{"type":"Feature","geometry":{"type":"Polygon","coordinates":[[[88.18311,26.56029],[88.18189,26.56049],[88.18176,26.54969],[88.17949,26.54825],[88.18219,26.54897],[88.19541,26.54796],[88.19537,26.54481],[88.19873,26.54409],[88.20018,26.54507],[88.20155,26.55397],[88.19999,26.55616],[88.19055,26.55931],[88.186,26.55899],[88.18311,26.56029]]]},"properties":{"District":"Darjiling","Dist_LGD":"327","Sub_dist":"Kharibari","Subdis_LGD":"2165","Subdis_Typ":"Cd_Block","Vill_name":"Kharibari (Ct)","Vill_Cat":"Partly_Urban","Vill_LGD":"306855","arr_project":"asha2"}},
{"type":"Feature","geometry":{"type":"Polygon","coordinates":[[[88.18311,26.56029],[88.186,26.55899],[88.19055,26.55931],[88.19999,26.55616],[88.20293,26.56017],[88.20136,26.56433],[88.20102,26.5697],[88.19309,26.57158],[88.19029,26.56801],[88.1845,26.56975],[88.18224,26.56697],[88.17891,26.56694],[88.18212,26.56391],[88.18311,26.56029]]]},"properties":{"District":"Darjiling","Dist_LGD":"327","Sub_dist":"Kharibari","Subdis_LGD":"2165","Subdis_Typ":"Cd_Block","Vill_name":"Dhupibhita","Vill_Cat":"Rural","Vill_LGD":"306817","arr_project":"asha2"}},
{"type":"Feature","geometry":{"type":"Polygon","coordinates":[[[88.21169,26.56121],[88.21137,26.56217],[88.20293,26.56017],[88.19999,26.55616],[88.20155,26.55397],[88.20018,26.54507],[88.19873,26.54409],[88.20212,26.54375],[88.20398,26.54113],[88.21076,26.53993],[88.20765,26.54539],[88.2119,26.54443],[88.21624,26.54869],[88.20822,26.55006],[88.21095,26.56092],[88.21169,26.56121]]]},"properties":{"District":"Darjiling","Dist_LGD":"327","Sub_dist":"Kharibari","Subdis_LGD":"2165","Subdis_Typ":"Cd_Block","Vill_name":"Jagir","Vill_Cat":"Rural","Vill_LGD":"306816","arr_project":"asha2"}},
{"type":"Feature","geometry":{"type":"Polygon","coordinates":[[[88.19931,26.66225],[88.20477,26.66202],[88.20649,26.6667],[88.20901,26.6669],[88.20995,26.67019],[88.20485,26.67101],[88.20211,26.67322],[88.20077,26.66762],[88.19889,26.66486],[88.19931,26.66225]]]},"properties":{"District":"Darjiling","Dist_LGD":"327","Sub_dist":"Naxalbari","Subdis_LGD":"2163","Subdis_Typ":"Cd_Block","Vill_name":"Uttam Chand","Vill_Cat":"Rural","Vill_LGD":"306594","arr_project":"asha2"}},
{"type":"Feature","geometry":{"type":"Polygon","coordinates":[[[88.21698,26.71238],[88.22107,26.71191],[88.22178,26.71456],[88.22172,26.71787],[88.21904,26.71694],[88.21723,26.72352],[88.21293,26.7235],[88.21102,26.72204],[88.21551,26.72107],[88.21575,26.71528],[88.21698,26.71238]]]},"properties":{"District":"Darjiling","Dist_LGD":"327","Sub_dist":"Naxalbari","Subdis_LGD":"2163","Subdis_Typ":"Cd_Block","Vill_name":"Dhanibanir Chhat","Vill_Cat":"Rural","Vill_LGD":"306623","arr_project":"asha2"}},
{"type":"Feature","geometry":{"type":"Polygon","coordinates":[[[88.21723,26.72352],[88.21904,26.71694],[88.22172,26.71787],[88.21991,26.72431],[88.21723,26.72352]]]},"properties":{"District":"Darjiling","Dist_LGD":"327","Sub_dist":"Naxalbari","Subdis_LGD":"2163","Subdis_Typ":"Cd_Block","Vill_name":"Dhanibani","Vill_Cat":"Rural","Vill_LGD":"306624","arr_project":"asha2"}},
{"type":"Feature","geometry":{"type":"Polygon","coordinates":[[[88.20403,26.7335],[88.20675,26.73419],[88.20632,26.73711],[88.20311,26.73541],[88.20403,26.7335]]]},"properties":{"District":"Darjiling","Dist_LGD":"327","Sub_dist":"Naxalbari","Subdis_LGD":"2163","Subdis_Typ":"Cd_Block","Vill_name":"Amarsing","Vill_Cat":"Rural","Vill_LGD":"306576","arr_project":"asha2"}},
{"type":"Feature","geometry":{"type":"Polygon","coordinates":[[[88.20674,26.73042],[88.21039,26.73717],[88.20632,26.73711],[88.20675,26.73419],[88.20403,26.7335],[88.20674,26.73042]]]},"properties":{"District":"Darjiling","Dist_LGD":"327","Sub_dist":"Naxalbari","Subdis_LGD":"2163","Subdis_Typ":"Cd_Block","Vill_name":"Suraj Barer Chhat","Vill_Cat":"Rural","Vill_LGD":"306575","arr_project":"asha2"}},
{"type":"Feature","geometry":{"type":"Polygon","coordinates":[[[88.21969,26.73664],[88.21039,26.73717],[88.20674,26.73042],[88.20825,26.72607],[88.20827,26.72435],[88.21102,26.72204],[88.21293,26.7235],[88.21723,26.72352],[88.21991,26.72431],[88.22225,26.72912],[88.22213,26.73205],[88.22818,26.73217],[88.22689,26.7348],[88.21949,26.73541],[88.21969,26.73664]],[[88.21573,26.72948],[88.21721,26.73159],[88.22013,26.73206],[88.22015,26.73007],[88.21573,26.72948]]]},"properties":{"District":"Darjiling","Dist_LGD":"327","Sub_dist":"Naxalbari","Subdis_LGD":"2163","Subdis_Typ":"Cd_Block","Vill_name":"Mir Jangla","Vill_Cat":"Rural","Vill_LGD":"306573","arr_project":"asha2"}},
{"type":"Feature","geometry":{"type":"Polygon","coordinates":[[[88.24499,26.63766],[88.24505,26.64539],[88.24815,26.6458],[88.24661,26.64846],[88.25129,26.65],[88.24845,26.65523],[88.24677,26.65559],[88.24269,26.65484],[88.23742,26.65309],[88.23791,26.64777],[88.23707,26.64455],[88.23964,26.63821],[88.24499,26.63766]]]},"properties":{"District":"Darjiling","Dist_LGD":"327","Sub_dist":"Kharibari","Subdis_LGD":"2165","Subdis_Typ":"Cd_Block","Vill_name":"Dakua","Vill_Cat":"Rural","Vill_LGD":"306835","arr_project":"asha2"}},
{"type":"Feature","geometry":{"type":"Polygon","coordinates":[[[88.25382,26.64512],[88.24815,26.6458],[88.24505,26.64539],[88.24499,26.63766],[88.24772,26.63393],[88.25364,26.63567],[88.25428,26.63662],[88.25382,26.64512]]]},"properties":{"District":"Darjiling","Dist_LGD":"327","Sub_dist":"Kharibari","Subdis_LGD":"2165","Subdis_Typ":"Cd_Block","Vill_name":"Dagdhu","Vill_Cat":"Rural","Vill_LGD":"306837","arr_project":"asha2"}},
{"type":"Feature","geometry":{"type":"Polygon","coordinates":[[[88.22206,26.61324],[88.2304,26.61339],[88.23422,26.61147],[88.23444,26.61546],[88.23604,26.61924],[88.23926,26.62186],[88.23223,26.62353],[88.23183,26.62965],[88.22847,26.63216],[88.22779,26.62951],[88.21609,26.63064],[88.21738,26.62938],[88.21661,26.62532],[88.21172,26.62429],[88.2138,26.61982],[88.22119,26.62114],[88.22206,26.61324]]]},"properties":{"District":"Darjiling","Dist_LGD":"327","Sub_dist":"Kharibari","Subdis_LGD":"2165","Subdis_Typ":"Cd_Block","Vill_name":"Hatidoba","Vill_Cat":"Rural","Vill_LGD":"306840","arr_project":"asha2"}},
{"type":"Feature","geometry":{"type":"Polygon","coordinates":[[[88.23147,26.59728],[88.23294,26.59421],[88.23847,26.59468],[88.23837,26.6016],[88.23001,26.60189],[88.23003,26.59843],[88.23147,26.59728]]]},"properties":{"District":"Darjiling","Dist_LGD":"327","Sub_dist":"Kharibari","Subdis_LGD":"2165","Subdis_Typ":"Cd_Block","Vill_name":"Nazir","Vill_Cat":"Rural","Vill_LGD":"306844","arr_project":"asha2"}},
{"type":"Feature","geometry":{"type":"Polygon","coordinates":[[[88.20692,26.59755],[88.20758,26.59556],[88.21611,26.59459],[88.21802,26.59896],[88.21777,26.60246],[88.20783,26.60086],[88.20692,26.59755]]]},"properties":{"District":"Darjiling","Dist_LGD":"327","Sub_dist":"Kharibari","Subdis_LGD":"2165","Subdis_Typ":"Cd_Block","Vill_name":"Manasa","Vill_Cat":"Rural","Vill_LGD":"306847","arr_project":"asha2"}},
{"type":"Feature","geometry":{"type":"Polygon","coordinates":[[[88.21611,26.59459],[88.2177,26.59017],[88.22452,26.59024],[88.22655,26.59332],[88.23147,26.59728],[88.23003,26.59843],[88.22242,26.59702],[88.21802,26.59896],[88.21611,26.59459]]]},"properties":{"District":"Darjiling","Dist_LGD":"327","Sub_dist":"Kharibari","Subdis_LGD":"2165","Subdis_Typ":"Cd_Block","Vill_name":"Guabari","Vill_Cat":"Rural","Vill_LGD":"306846","arr_project":"asha2"}},
{"type":"Feature","geometry":{"type":"Polygon","coordinates":[[[88.2216,26.60962],[88.22155,26.60651],[88.22455,26.6061],[88.22423,26.60172],[88.22242,26.59702],[88.23003,26.59843],[88.23001,26.60189],[88.23837,26.6016],[88.23848,26.60451],[88.23565,26.60466],[88.23422,26.61147],[88.2304,26.61339],[88.22206,26.61324],[88.2216,26.60962]]]},"properties":{"District":"Darjiling","Dist_LGD":"327","Sub_dist":"Kharibari","Subdis_LGD":"2165","Subdis_Typ":"Cd_Block","Vill_name":"Subalbhita","Vill_Cat":"Rural","Vill_LGD":"306843","arr_project":"asha2"}},
{"type":"Feature","geometry":{"type":"Polygon","coordinates":[[[88.23889,26.63434],[88.23964,26.63821],[88.2379,26.63552],[88.23889,26.63434]]]},"properties":{"District":"Darjiling","Dist_LGD":"327","Sub_dist":"Kharibari","Subdis_LGD":"2165","Subdis_Typ":"Cd_Block","Vill_name":"Dhuliar Chhat","Vill_Cat":"Rural","Vill_LGD":"306834","arr_project":"asha2"}},
{"type":"Feature","geometry":{"type":"Polygon","coordinates":[[[88.23183,26.62965],[88.23223,26.62353],[88.23926,26.62186],[88.24509,26.62274],[88.24912,26.62197],[88.24611,26.62974],[88.24772,26.63393],[88.24499,26.63766],[88.23964,26.63821],[88.23889,26.63434],[88.23183,26.62965]]]},"properties":{"District":"Darjiling","Dist_LGD":"327","Sub_dist":"Kharibari","Subdis_LGD":"2165","Subdis_Typ":"Cd_Block","Vill_name":"Jatru","Vill_Cat":"Rural","Vill_LGD":"306838","arr_project":"asha2"}},
{"type":"Feature","geometry":{"type":"Polygon","coordinates":[[[88.23183,26.62965],[88.23889,26.63434],[88.2379,26.63552],[88.23964,26.63821],[88.23707,26.64455],[88.23791,26.64777],[88.23742,26.65309],[88.23022,26.65115],[88.22726,26.64727],[88.22706,26.64462],[88.22288,26.63933],[88.22307,26.6333],[88.22847,26.63216],[88.23183,26.62965]]]},"properties":{"District":"Darjiling","Dist_LGD":"327","Sub_dist":"Kharibari","Subdis_LGD":"2165","Subdis_Typ":"Cd_Block","Vill_name":"Dhulia","Vill_Cat":"Rural","Vill_LGD":"306833","arr_project":"asha2"}},
{"type":"Feature","geometry":{"type":"Polygon","coordinates":[[[88.2082,26.78695],[88.2085,26.79337],[88.2007,26.80099],[88.19419,26.80608],[88.18716,26.8081],[88.18467,26.81181],[88.18023,26.80886],[88.18368,26.80062],[88.18584,26.79096],[88.18877,26.78377],[88.19184,26.78482],[88.19561,26.78798],[88.19644,26.79161],[88.19965,26.79302],[88.20276,26.7919],[88.2082,26.78695]]]},"properties":{"District":"Darjiling","Dist_LGD":"327","Sub_dist":"Mirik","Subdis_LGD":"2160","Subdis_Typ":"Cd_Block","Vill_name":"Lohagar Tea Garden","Vill_Cat":"Others","Vill_LGD":"306411","arr_project":"asha2"}},
{"type":"Feature","geometry":{"type":"Polygon","coordinates":[[[88.21579,26.77726],[88.21895,26.77837],[88.21568,26.78461],[88.21403,26.78436],[88.21613,26.77951],[88.21579,26.77726]]]},"properties":{"District":"Darjiling","Dist_LGD":"327","Sub_dist":"Mirik","Subdis_LGD":"2160","Subdis_Typ":"Cd_Block","Vill_name":"Rangmohan","Vill_Cat":"Rural","Vill_LGD":"306413","arr_project":"asha2"}},
{"type":"Feature","geometry":{"type":"Polygon","coordinates":[[[88.23341,26.76688],[88.22983,26.76954],[88.23089,26.77242],[88.22924,26.77566],[88.22583,26.77848],[88.2288,26.78165],[88.22603,26.78577],[88.22654,26.79114],[88.22294,26.79287],[88.2206,26.78835],[88.21568,26.78461],[88.21895,26.77837],[88.21579,26.77726],[88.21695,26.77392],[88.22187,26.76909],[88.22212,26.76762],[88.22646,26.76545],[88.23341,26.76688]]]},"properties":{"District":"Darjiling","Dist_LGD":"327","Sub_dist":"Mirik","Subdis_LGD":"2160","Subdis_Typ":"Cd_Block","Vill_name":"Bara Chenga","Vill_Cat":"Rural","Vill_LGD":"306414","arr_project":"asha2"}},
{"type":"Feature","geometry":{"type":"Polygon","coordinates":[[[88.22212,26.76762],[88.20835,26.76827],[88.20774,26.76414],[88.20817,26.76302],[88.21247,26.76374],[88.22257,26.76334],[88.22646,26.76545],[88.22212,26.76762]]]},"properties":{"District":"Darjiling","Dist_LGD":"327","Sub_dist":"Naxalbari","Subdis_LGD":"2163","Subdis_Typ":"Cd_Block","Vill_name":"Marapur","Vill_Cat":"Rural","Vill_LGD":"306570","arr_project":"asha2"}},
{"type":"Feature","geometry":{"type":"Polygon","coordinates":[[[88.23893,26.75647],[88.2373,26.76052],[88.23341,26.76688],[88.22646,26.76545],[88.22257,26.76334],[88.21247,26.76374],[88.20817,26.76302],[88.20901,26.75869],[88.21395,26.75583],[88.21469,26.75171],[88.21059,26.75115],[88.2106,26.74852],[88.21345,26.74906],[88.22494,26.74905],[88.2279,26.74956],[88.23118,26.75282],[88.23156,26.75925],[88.23748,26.7592],[88.23797,26.75627],[88.23893,26.75647]]]},"properties":{"District":"Darjiling","Dist_LGD":"327","Sub_dist":"Mirik","Subdis_LGD":"2160","Subdis_Typ":"Cd_Block","Vill_name":"Chhota Chenga","Vill_Cat":"Rural","Vill_LGD":"306571","arr_project":"asha2"}},
{"type":"Feature","geometry":{"type":"Polygon","coordinates":[[[88.23118,26.75282],[88.23161,26.75363],[88.23797,26.75627],[88.23748,26.7592],[88.23156,26.75925],[88.23118,26.75282]]]},"properties":{"District":"Darjiling","Dist_LGD":"327","Sub_dist":"Naxalbari","Subdis_LGD":"2163","Subdis_Typ":"Cd_Block","Vill_name":"Belgachhi","Vill_Cat":"Rural","Vill_LGD":"306633","arr_project":"asha2"}},
{"type":"Feature","geometry":{"type":"Polygon","coordinates":[[[88.22457,26.74372],[88.2279,26.74956],[88.22494,26.74905],[88.21345,26.74906],[88.2106,26.74852],[88.21025,26.74284],[88.20996,26.74122],[88.21039,26.73717],[88.21969,26.73664],[88.22457,26.74372]]]},"properties":{"District":"Darjiling","Dist_LGD":"327","Sub_dist":"Mirik","Subdis_LGD":"2160","Subdis_Typ":"Cd_Block","Vill_name":"Nipania","Vill_Cat":"Rural","Vill_LGD":"306572","arr_project":"asha2"}},
{"type":"Feature","geometry":{"type":"Polygon","coordinates":[[[88.23666,26.74142],[88.23706,26.74347],[88.23255,26.74925],[88.23161,26.75363],[88.23118,26.75282],[88.2279,26.74956],[88.22457,26.74372],[88.22686,26.73983],[88.23179,26.74167],[88.23666,26.74142]]]},"properties":{"District":"Darjiling","Dist_LGD":"327","Sub_dist":"Naxalbari","Subdis_LGD":"2163","Subdis_Typ":"Cd_Block","Vill_name":"Sirsiria Tea Garden","Vill_Cat":"Others","Vill_LGD":"306632","arr_project":"asha2"}},
{"type":"Feature","geometry":{"type":"Polygon","coordinates":[[[88.23871,26.75546],[88.24091,26.7508],[88.25351,26.75143],[88.25355,26.75501],[88.24404,26.7563],[88.23871,26.75546]]]},"properties":{"District":"Darjiling","Dist_LGD":"327","Sub_dist":"Naxalbari","Subdis_LGD":"2163","Subdis_Typ":"Cd_Block","Vill_name":"Kadma","Vill_Cat":"Rural","Vill_LGD":"306635","arr_project":"asha2"}},
{"type":"Feature","geometry":{"type":"Polygon","coordinates":[[[88.25355,26.75501],[88.25351,26.75143],[88.24091,26.7508],[88.23871,26.75546],[88.23893,26.75647],[88.23797,26.75627],[88.23161,26.75363],[88.23255,26.74925],[88.23706,26.74347],[88.23666,26.74142],[88.23939,26.73784],[88.24062,26.74391],[88.2442,26.74244],[88.25289,26.74545],[88.25603,26.74998],[88.26185,26.75181],[88.26247,26.75377],[88.26163,26.75426],[88.25355,26.75501]]]},"properties":{"District":"Darjiling","Dist_LGD":"327","Sub_dist":"Naxalbari","Subdis_LGD":"2163","Subdis_Typ":"Cd_Block","Vill_name":"Udiarip","Vill_Cat":"Rural","Vill_LGD":"306634","arr_project":"asha2"}},
{"type":"Feature","geometry":{"type":"Polygon","coordinates":[[[88.21403,26.78436],[88.21568,26.78461],[88.2206,26.78835],[88.22294,26.79287],[88.22654,26.79114],[88.22603,26.78577],[88.2288,26.78165],[88.22583,26.77848],[88.22924,26.77566],[88.23089,26.77242],[88.22983,26.76954],[88.23341,26.76688],[88.2373,26.76052],[88.23893,26.75647],[88.23871,26.75546],[88.24404,26.7563],[88.24923,26.76134],[88.2518,26.76644],[88.25382,26.76784],[88.25476,26.7854],[88.25002,26.78973],[88.24652,26.79426],[88.24375,26.80105],[88.2374,26.79792],[88.23405,26.79415],[88.23123,26.79281],[88.2265,26.79247],[88.22291,26.79412],[88.22024,26.78898],[88.20976,26.78543],[88.21534,26.77787],[88.21403,26.78436]]]},"properties":{"District":"Darjiling","Dist_LGD":"327","Sub_dist":"Mirik","Subdis_LGD":"2160","Subdis_Typ":"Cd_Block","Vill_name":"Panighata","Vill_Cat":"Rural","Vill_LGD":"306415","arr_project":"asha2"}},
{"type":"Feature","geometry":{"type":"Polygon","coordinates":[[[88.25355,26.75501],[88.26163,26.75426],[88.26135,26.75701],[88.25973,26.7686],[88.25382,26.76784],[88.2518,26.76644],[88.24923,26.76134],[88.24404,26.7563],[88.25355,26.75501]]]},"properties":{"District":"Darjiling","Dist_LGD":"327","Sub_dist":"Naxalbari","Subdis_LGD":"2163","Subdis_Typ":"Cd_Block","Vill_name":"Ord Terai Tea Garden","Vill_Cat":"Others","Vill_LGD":"306636","arr_project":"asha2"}},
{"type":"Feature","geometry":{"type":"Polygon","coordinates":[[[88.26247,26.75377],[88.26897,26.75518],[88.26638,26.75902],[88.26135,26.75701],[88.26163,26.75426],[88.26247,26.75377]]]},"properties":{"District":"Darjiling","Dist_LGD":"327","Sub_dist":"Naxalbari","Subdis_LGD":"2163","Subdis_Typ":"Cd_Block","Vill_name":"Tepura Bhola","Vill_Cat":"Rural","Vill_LGD":"306639","arr_project":"asha2"}},
{"type":"Feature","geometry":{"type":"Polygon","coordinates":[[[88.28494,26.76112],[88.27796,26.76453],[88.27344,26.76438],[88.27007,26.77038],[88.26544,26.76838],[88.25973,26.7686],[88.26135,26.75701],[88.26638,26.75902],[88.26897,26.75518],[88.27158,26.75632],[88.27695,26.75656],[88.28494,26.76112]]]},"properties":{"District":"Darjiling","Dist_LGD":"327","Sub_dist":"Naxalbari","Subdis_LGD":"2163","Subdis_Typ":"Cd_Block","Vill_name":"Trihanna Tea Estate","Vill_Cat":"Rural","Vill_LGD":"306638","arr_project":"asha2"}},
{"type":"Feature","geometry":{"type":"Polygon","coordinates":[[[88.35616,26.6364],[88.35129,26.63665],[88.34288,26.6398],[88.34069,26.63957],[88.33765,26.63613],[88.33935,26.62767],[88.34223,26.6255],[88.34825,26.62441],[88.35284,26.63008],[88.35881,26.63256],[88.35877,26.6363],[88.35616,26.6364]]]},"properties":{"District":"Darjiling","Dist_LGD":"327","Sub_dist":"Phansidewa","Subdis_LGD":"2164","Subdis_Typ":"Cd_Block","Vill_name":"Bhushibhita","Vill_Cat":"Rural","Vill_LGD":"306737","arr_project":"asha2"}},
{"type":"Feature","geometry":{"type":"Polygon","coordinates":[[[88.34069,26.63957],[88.34288,26.6398],[88.35129,26.63665],[88.35616,26.6364],[88.35769,26.64343],[88.35594,26.64936],[88.35401,26.65238],[88.35639,26.65718],[88.35169,26.65912],[88.34839,26.65839],[88.34029,26.66019],[88.34026,26.65373],[88.34364,26.65041],[88.34108,26.64541],[88.34069,26.63957]]]},"properties":{"District":"Darjiling","Dist_LGD":"327","Sub_dist":"Phansidewa","Subdis_LGD":"2164","Subdis_Typ":"Cd_Block","Vill_name":"Radha","Vill_Cat":"Rural","Vill_LGD":"306738","arr_project":"asha2"}},
{"type":"Feature","geometry":{"type":"Polygon","coordinates":[[[88.39148,26.68132],[88.38112,26.6814],[88.38174,26.67845],[88.37994,26.67576],[88.37715,26.67359],[88.37613,26.66698],[88.37889,26.66696],[88.38059,26.66334],[88.38533,26.66248],[88.38931,26.6641],[88.38683,26.66758],[88.38663,26.67473],[88.39433,26.67525],[88.38995,26.67801],[88.39148,26.68132]]]},"properties":{"District":"Darjiling","Dist_LGD":"327","Sub_dist":"Phansidewa","Subdis_LGD":"2164","Subdis_Typ":"Cd_Block","Vill_name":"Chhota Pathuram","Vill_Cat":"Rural","Vill_LGD":"306744","arr_project":"asha2"}},
{"type":"Feature","geometry":{"type":"Polygon","coordinates":[[[88.36808,26.66783],[88.36765,26.66274],[88.37258,26.66119],[88.37352,26.6646],[88.37192,26.66826],[88.37316,26.67015],[88.37216,26.6791],[88.36981,26.67932],[88.36808,26.66783]]]},"properties":{"District":"Darjiling","Dist_LGD":"327","Sub_dist":"Phansidewa","Subdis_LGD":"2164","Subdis_Typ":"Cd_Block","Vill_name":"Kalaram","Vill_Cat":"Rural","Vill_LGD":"306742","arr_project":"asha2"}},
{"type":"Feature","geometry":{"type":"Polygon","coordinates":[[[88.37994,26.67576],[88.37576,26.67868],[88.37216,26.6791],[88.37316,26.67015],[88.37192,26.66826],[88.37352,26.6646],[88.37258,26.66119],[88.3754,26.66019],[88.37891,26.66012],[88.38161,26.6585],[88.38682,26.65961],[88.39041,26.6589],[88.3896,26.66199],[88.3952,26.66321],[88.39918,26.66265],[88.39934,26.66045],[88.40042,26.66475],[88.40042,26.67242],[88.39433,26.67525],[88.38663,26.67473],[88.38683,26.66758],[88.38931,26.6641],[88.38533,26.66248],[88.38059,26.66334],[88.37889,26.66696],[88.37613,26.66698],[88.37715,26.67359],[88.37994,26.67576]]]},"properties":{"District":"Darjiling","Dist_LGD":"327","Sub_dist":"Phansidewa","Subdis_LGD":"2164","Subdis_Typ":"Cd_Block","Vill_name":"Bara Pathuram","Vill_Cat":"Rural","Vill_LGD":"306743","arr_project":"asha2"}},
{"type":"Feature","geometry":{"type":"Polygon","coordinates":[[[88.39934,26.66045],[88.39918,26.66265],[88.3952,26.66321],[88.3896,26.66199],[88.39041,26.6589],[88.38904,26.65765],[88.38361,26.65694],[88.38321,26.65457],[88.38713,26.65013],[88.39511,26.64923],[88.40106,26.64981],[88.40083,26.654],[88.39858,26.65861],[88.39934,26.66045]]]},"properties":{"District":"Darjiling","Dist_LGD":"327","Sub_dist":"Phansidewa","Subdis_LGD":"2164","Subdis_Typ":"Cd_Block","Vill_name":"Dwarabaksa","Vill_Cat":"Rural","Vill_LGD":"306745","arr_project":"asha2"}},
{"type":"Feature","geometry":{"type":"Polygon","coordinates":[[[88.35616,26.6364],[88.35877,26.6363],[88.35881,26.63256],[88.36283,26.63219],[88.36635,26.63357],[88.36793,26.63618],[88.3653,26.64103],[88.36811,26.64258],[88.36863,26.6454],[88.37127,26.64706],[88.36937,26.64889],[88.36979,26.65213],[88.36572,26.65431],[88.3614,26.65454],[88.36035,26.65629],[88.35639,26.65718],[88.35401,26.65238],[88.35594,26.64936],[88.35769,26.64343],[88.35616,26.6364]]]},"properties":{"District":"Darjiling","Dist_LGD":"327","Sub_dist":"Phansidewa","Subdis_LGD":"2164","Subdis_Typ":"Cd_Block","Vill_name":"Nirmal","Vill_Cat":"Rural","Vill_LGD":"306739","arr_project":"asha2"}},
{"type":"Feature","geometry":{"type":"Polygon","coordinates":[[[88.36793,26.63618],[88.37359,26.63645],[88.37615,26.63418],[88.38376,26.63133],[88.38926,26.63626],[88.38836,26.64005],[88.39001,26.64466],[88.38738,26.64575],[88.38638,26.64463],[88.37766,26.64531],[88.37571,26.64802],[88.37127,26.64706],[88.36863,26.6454],[88.36811,26.64258],[88.3653,26.64103],[88.36793,26.63618]]]},"properties":{"District":"Darjiling","Dist_LGD":"327","Sub_dist":"Phansidewa","Subdis_LGD":"2164","Subdis_Typ":"Cd_Block","Vill_name":"Mahammad Boks","Vill_Cat":"Rural","Vill_LGD":"306740","arr_project":"asha2"}},
{"type":"Feature","geometry":{"type":"Polygon","coordinates":[[[88.39975,26.6435],[88.40106,26.64981],[88.39511,26.64923],[88.38713,26.65013],[88.38738,26.64575],[88.39001,26.64466],[88.38836,26.64005],[88.38926,26.63626],[88.39766,26.63517],[88.39315,26.63759],[88.39365,26.64148],[88.3973,26.64399],[88.39975,26.6435]]]},"properties":{"District":"Darjiling","Dist_LGD":"327","Sub_dist":"Phansidewa","Subdis_LGD":"2164","Subdis_Typ":"Cd_Block","Vill_name":"Rahamu","Vill_Cat":"Rural","Vill_LGD":"306746","arr_project":"asha2"}},
{"type":"Feature","geometry":{"type":"Polygon","coordinates":[[[88.39908,26.62661],[88.40787,26.63066],[88.40959,26.63337],[88.40646,26.64012],[88.40148,26.64145],[88.39975,26.6435],[88.3973,26.64399],[88.39365,26.64148],[88.39315,26.63759],[88.39766,26.63517],[88.39908,26.62661]]]},"properties":{"District":"Darjiling","Dist_LGD":"327","Sub_dist":"Phansidewa","Subdis_LGD":"2164","Subdis_Typ":"Cd_Block","Vill_name":"Laldas","Vill_Cat":"Rural","Vill_LGD":"306747","arr_project":"asha2"}},
{"type":"Feature","geometry":{"type":"Polygon","coordinates":[[[88.38926,26.63626],[88.38376,26.63133],[88.38298,26.6276],[88.38638,26.62693],[88.39072,26.62226],[88.39113,26.61814],[88.39656,26.6175],[88.39781,26.62483],[88.39908,26.62661],[88.39766,26.63517],[88.38926,26.63626]]]},"properties":{"District":"Darjiling","Dist_LGD":"327","Sub_dist":"Phansidewa","Subdis_LGD":"2164","Subdis_Typ":"Cd_Block","Vill_name":"Hatiram","Vill_Cat":"Rural","Vill_LGD":"306748","arr_project":"asha2"}},
{"type":"Feature","geometry":{"type":"Polygon","coordinates":[[[88.37977,26.59819],[88.38422,26.59868],[88.38704,26.6012],[88.39126,26.60312],[88.39617,26.60252],[88.39856,26.60559],[88.39562,26.60705],[88.39077,26.60614],[88.38769,26.6071],[88.38735,26.61283],[88.38151,26.61342],[88.37873,26.6147],[88.37512,26.61354],[88.3738,26.60806],[88.37625,26.60775],[88.37624,26.60405],[88.37776,26.60571],[88.38217,26.605],[88.37977,26.59819]]]},"properties":{"District":"Darjiling","Dist_LGD":"327","Sub_dist":"Phansidewa","Subdis_LGD":"2164","Subdis_Typ":"Cd_Block","Vill_name":"Rupandighi","Vill_Cat":"Rural","Vill_LGD":"306758","arr_project":"asha2"}},
{"type":"Feature","geometry":{"type":"Polygon","coordinates":[[[88.35724,26.60753],[88.36169,26.60764],[88.36321,26.60495],[88.36909,26.60524],[88.37271,26.60657],[88.37624,26.60405],[88.37625,26.60775],[88.3738,26.60806],[88.37512,26.61354],[88.37054,26.61304],[88.35915,26.61474],[88.35503,26.61261],[88.35157,26.6142],[88.35447,26.60746],[88.35724,26.60753]]]},"properties":{"District":"Darjiling","Dist_LGD":"327","Sub_dist":"Phansidewa","Subdis_LGD":"2164","Subdis_Typ":"Cd_Block","Vill_name":"Sahananda","Vill_Cat":"Rural","Vill_LGD":"306757","arr_project":"asha2"}},
{"type":"Feature","geometry":{"type":"Polygon","coordinates":[[[88.37624,26.60405],[88.37271,26.60657],[88.36909,26.60524],[88.36321,26.60495],[88.36169,26.60764],[88.35724,26.60753],[88.36064,26.59743],[88.36399,26.59834],[88.36607,26.59614],[88.37529,26.59421],[88.37747,26.59657],[88.37977,26.59819],[88.38217,26.605],[88.37776,26.60571],[88.37624,26.60405]]]},"properties":{"District":"Darjiling","Dist_LGD":"327","Sub_dist":"Phansidewa","Subdis_LGD":"2164","Subdis_Typ":"Cd_Block","Vill_name":"Guabari","Vill_Cat":"Rural","Vill_LGD":"306759","arr_project":"asha2"}},
{"type":"Feature","geometry":{"type":"Polygon","coordinates":[[[88.37747,26.59657],[88.37529,26.59421],[88.36607,26.59614],[88.36399,26.59834],[88.36064,26.59743],[88.36097,26.59465],[88.35593,26.58813],[88.3564,26.58418],[88.35886,26.58151],[88.3623,26.58226],[88.36595,26.58467],[88.37023,26.5827],[88.37138,26.58634],[88.37427,26.58598],[88.3758,26.58873],[88.37604,26.5947],[88.37747,26.59657]]]},"properties":{"District":"Darjiling","Dist_LGD":"327","Sub_dist":"Phansidewa","Subdis_LGD":"2164","Subdis_Typ":"Cd_Block","Vill_name":"Bandar Gachh","Vill_Cat":"Rural","Vill_LGD":"306760","arr_project":"asha2"}},
{"type":"Feature","geometry":{"type":"Polygon","coordinates":[[[88.36064,26.59743],[88.35724,26.60753],[88.35447,26.60746],[88.35396,26.60257],[88.3547,26.59687],[88.34632,26.59767],[88.34788,26.59538],[88.35094,26.59553],[88.35247,26.59305],[88.35037,26.58628],[88.3482,26.58349],[88.35179,26.58364],[88.35886,26.58151],[88.3564,26.58418],[88.35593,26.58813],[88.36097,26.59465],[88.36064,26.59743]]]},"properties":{"District":"Darjiling","Dist_LGD":"327","Sub_dist":"Phansidewa","Subdis_LGD":"2164","Subdis_Typ":"Cd_Block","Vill_name":"Dhamnagachh","Vill_Cat":"Rural","Vill_LGD":"306755","arr_project":"asha2"}},
{"type":"Feature","geometry":{"type":"Polygon","coordinates":[[[88.33709,26.59363],[88.33306,26.5965],[88.32531,26.59371],[88.3251,26.59201],[88.32211,26.59143],[88.32115,26.58865],[88.32138,26.58254],[88.32374,26.57852],[88.32535,26.57791],[88.32918,26.58308],[88.33694,26.58253],[88.3374,26.5866],[88.33531,26.58806],[88.33709,26.59363]]]},"properties":{"District":"Darjiling","Dist_LGD":"327","Sub_dist":"Phansidewa","Subdis_LGD":"2164","Subdis_Typ":"Cd_Block","Vill_name":"Kantibhita","Vill_Cat":"Rural","Vill_LGD":"306753","arr_project":"asha2"}},
{"type":"Feature","geometry":{"type":"Polygon","coordinates":[[[88.34625,26.59961],[88.33993,26.59823],[88.34083,26.59403],[88.33709,26.59363],[88.33531,26.58806],[88.3374,26.5866],[88.33694,26.58253],[88.34449,26.58239],[88.3482,26.58349],[88.35037,26.58628],[88.35247,26.59305],[88.35094,26.59553],[88.34788,26.59538],[88.34632,26.59767],[88.34625,26.59961]]]},"properties":{"District":"Darjiling","Dist_LGD":"327","Sub_dist":"Phansidewa","Subdis_LGD":"2164","Subdis_Typ":"Cd_Block","Vill_name":"Mahipal","Vill_Cat":"Rural","Vill_LGD":"306754","arr_project":"asha2"}},
{"type":"Feature","geometry":{"type":"Polygon","coordinates":[[[88.31802,26.61688],[88.31677,26.61481],[88.3199,26.60863],[88.31945,26.60527],[88.32015,26.59983],[88.32531,26.59371],[88.33306,26.5965],[88.33709,26.59363],[88.34083,26.59403],[88.33993,26.59823],[88.34625,26.59961],[88.34715,26.60267],[88.34589,26.60483],[88.34041,26.60904],[88.3391,26.61221],[88.3323,26.61022],[88.3298,26.61336],[88.32298,26.6164],[88.31802,26.61688]]]},"properties":{"District":"Darjiling","Dist_LGD":"327","Sub_dist":"Phansidewa","Subdis_LGD":"2164","Subdis_Typ":"Cd_Block","Vill_name":"Lembutari","Vill_Cat":"Rural","Vill_LGD":"306752","arr_project":"asha2"}},
{"type":"Feature","geometry":{"type":"Polygon","coordinates":[[[88.32298,26.6164],[88.3298,26.61336],[88.3323,26.61022],[88.3391,26.61221],[88.3388,26.61553],[88.34447,26.61483],[88.34438,26.61827],[88.34147,26.62182],[88.34223,26.6255],[88.33935,26.62767],[88.33088,26.626],[88.33108,26.62821],[88.32244,26.62871],[88.32298,26.6164]]]},"properties":{"District":"Darjiling","Dist_LGD":"327","Sub_dist":"Phansidewa","Subdis_LGD":"2164","Subdis_Typ":"Cd_Block","Vill_name":"Hetmuri","Vill_Cat":"Rural","Vill_LGD":"306751","arr_project":"asha2"}},
{"type":"Feature","geometry":{"type":"Polygon","coordinates":[[[88.29968,26.5519],[88.30583,26.5553],[88.30665,26.55875],[88.3093,26.5623],[88.31025,26.56861],[88.31358,26.57072],[88.31313,26.57329],[88.31188,26.57192],[88.30247,26.57206],[88.28519,26.57197],[88.27014,26.57194],[88.26558,26.57123],[88.26365,26.56681],[88.25771,26.56625],[88.257,26.56428],[88.25128,26.55928],[88.24661,26.55532],[88.2433,26.55522],[88.23766,26.55347],[88.22627,26.55446],[88.22556,26.54721],[88.22931,26.54006],[88.22968,26.53504],[88.23257,26.53386],[88.23628,26.53044],[88.23578,26.52733],[88.24082,26.52697],[88.24137,26.52947],[88.24606,26.53129],[88.24734,26.53653],[88.24677,26.53846],[88.25126,26.54576],[88.25266,26.55072],[88.26047,26.55433],[88.26431,26.55134],[88.27015,26.55174],[88.27953,26.5546],[88.28607,26.55399],[88.28822,26.55529],[88.29169,26.55441],[88.29695,26.55151],[88.29968,26.5519]]]},"properties":{"District":"Darjiling","Dist_LGD":"327","Sub_dist":"Phansidewa","Subdis_LGD":"2164","Subdis_Typ":"Cd_Block","Vill_name":"Paschim Madati","Vill_Cat":"Rural","Vill_LGD":"306766","arr_project":"asha2"}},
{"type":"Feature","geometry":{"type":"Polygon","coordinates":[[[88.24606,26.53129],[88.24137,26.52947],[88.24082,26.52697],[88.23578,26.52733],[88.23628,26.53044],[88.23257,26.53386],[88.22968,26.53504],[88.21818,26.52853],[88.21613,26.52856],[88.21219,26.52539],[88.20877,26.52441],[88.20609,26.52111],[88.20415,26.52129],[88.20233,26.51511],[88.19884,26.51266],[88.1951,26.51414],[88.19128,26.51153],[88.19113,26.50853],[88.18511,26.50405],[88.18358,26.50041],[88.18004,26.49985],[88.17903,26.49404],[88.18175,26.4919],[88.17989,26.48764],[88.18779,26.4849],[88.19079,26.48731],[88.19488,26.48679],[88.19779,26.48876],[88.20299,26.48853],[88.20484,26.49144],[88.21138,26.49066],[88.21307,26.4957],[88.2164,26.49639],[88.21539,26.49901],[88.21732,26.50077],[88.2174,26.50651],[88.21934,26.50802],[88.21894,26.51145],[88.22123,26.51346],[88.22823,26.51681],[88.2297,26.52274],[88.23321,26.52238],[88.23862,26.52395],[88.23913,26.52118],[88.24636,26.52045],[88.24821,26.51885],[88.25307,26.51947],[88.24858,26.52148],[88.24848,26.5244],[88.24606,26.53129]]]},"properties":{"District":"Darjiling","Dist_LGD":"327","Sub_dist":"Phansidewa","Subdis_LGD":"2164","Subdis_Typ":"Cd_Block","Vill_name":"Mandila Jhar","Vill_Cat":"Rural","Vill_LGD":"306767","arr_project":"asha2"}},
{"type":"Feature","geometry":{"type":"Polygon","coordinates":[[[88.18649,27.04628],[88.17277,27.04823],[88.17044,27.04622],[88.17343,27.04602],[88.17669,27.03882],[88.18139,27.0355],[88.18625,27.03262],[88.18626,27.02538],[88.19125,27.02654],[88.19198,27.03323],[88.18946,27.03857],[88.19121,27.04035],[88.19035,27.04314],[88.18649,27.04628]]]},"properties":{"District":"Darjiling","Dist_LGD":"327","Sub_dist":"Jor Bungalow Sukhiya Pokhri","Subdis_LGD":"2159","Subdis_Typ":"Cd_Block","Vill_name":"Lingia Tea Garden","Vill_Cat":"Others","Vill_LGD":"306352","arr_project":"asha2"}},
{"type":"Feature","geometry":{"type":"Polygon","coordinates":[[[88.17636,27.02119],[88.18079,27.02197],[88.18144,27.0239],[88.18626,27.02538],[88.18625,27.03262],[88.18139,27.0355],[88.18053,27.02706],[88.17476,27.02587],[88.17636,27.02119]]]},"properties":{"District":"Darjiling","Dist_LGD":"327","Sub_dist":"Jor Bungalow Sukhiya Pokhri","Subdis_LGD":"2159","Subdis_Typ":"Cd_Block","Vill_name":"Tumsong Khasmahal","Vill_Cat":"Rural","Vill_LGD":"306354","arr_project":"asha2"}},
{"type":"Feature","geometry":{"type":"Polygon","coordinates":[[[88.17476,27.02587],[88.18053,27.02706],[88.18139,27.0355],[88.17669,27.03882],[88.17343,27.04602],[88.17044,27.04622],[88.16699,27.04222],[88.16503,27.03766],[88.16985,27.03601],[88.17476,27.02587]]]},"properties":{"District":"Darjiling","Dist_LGD":"327","Sub_dist":"Jor Bungalow Sukhiya Pokhri","Subdis_LGD":"2159","Subdis_Typ":"Cd_Block","Vill_name":"Tumsong Tea Garden","Vill_Cat":"Others","Vill_LGD":"306353","arr_project":"asha2"}},
{"type":"Feature","geometry":{"type":"Polygon","coordinates":[[[88.17476,27.02587],[88.16985,27.03601],[88.16503,27.03766],[88.1623,27.03439],[88.15726,27.03308],[88.15674,27.02749],[88.15504,27.02384],[88.15391,27.02136],[88.15003,27.01892],[88.15802,27.01689],[88.16174,27.01724],[88.16545,27.01287],[88.16784,27.01332],[88.16964,27.01483],[88.16779,27.01816],[88.17636,27.02119],[88.17476,27.02587]]]},"properties":{"District":"Darjiling","Dist_LGD":"327","Sub_dist":"Jor Bungalow Sukhiya Pokhri","Subdis_LGD":"2159","Subdis_Typ":"Cd_Block","Vill_name":"Mim Tea Garden","Vill_Cat":"Others","Vill_LGD":"306355","arr_project":"asha2"}},
{"type":"Feature","geometry":{"type":"Polygon","coordinates":[[[88.16784,27.01332],[88.16545,27.01287],[88.16174,27.01724],[88.15802,27.01689],[88.15003,27.01892],[88.14794,27.01286],[88.14373,27.00859],[88.14142,27.00756],[88.13818,27.00613],[88.1357,27.00272],[88.13556,26.99878],[88.13687,26.99711],[88.15113,26.99757],[88.16159,27.00541],[88.16847,27.01114],[88.16784,27.01332]]]},"properties":{"District":"Darjiling","Dist_LGD":"327","Sub_dist":"Jor Bungalow Sukhiya Pokhri","Subdis_LGD":"2159","Subdis_Typ":"Cd_Block","Vill_name":"Parmaguri Khasmahal","Vill_Cat":"Rural","Vill_LGD":"306356","arr_project":"asha2"}},
{"type":"Feature","geometry":{"type":"Polygon","coordinates":[[[88.29953,26.93229],[88.29439,26.93727],[88.29195,26.93724],[88.28922,26.94541],[88.29193,26.95153],[88.2909,26.95286],[88.28933,26.95116],[88.285,26.94812],[88.28175,26.94435],[88.2804,26.93822],[88.28086,26.93163],[88.27882,26.92703],[88.28141,26.92305],[88.28149,26.92058],[88.28368,26.92156],[88.29218,26.92923],[88.29697,26.93219],[88.29953,26.93229]]]},"properties":{"District":"Darjiling","Dist_LGD":"327","Sub_dist":"Kurseong","Subdis_LGD":"2161","Subdis_Typ":"Cd_Block","Vill_name":"Dayal Thong(D.R.)Tea Garden","Vill_Cat":"Others","Vill_LGD":"306417","arr_project":"asha2"}},
{"type":"Feature","geometry":{"type":"Polygon","coordinates":[[[88.1854,26.99953],[88.18991,27.00324],[88.18388,27.00366],[88.17801,27.00098],[88.17557,26.99711],[88.17599,26.99234],[88.1736,26.98861],[88.17539,26.98628],[88.16936,26.97993],[88.16928,26.97374],[88.17283,26.97166],[88.17664,26.97099],[88.18029,26.96682],[88.18457,26.96481],[88.19338,26.96315],[88.19589,26.96354],[88.18989,26.97185],[88.1938,26.9774],[88.19069,26.9836],[88.18706,26.98805],[88.18431,26.99526],[88.1854,26.99953]]]},"properties":{"District":"Darjiling","Dist_LGD":"327","Sub_dist":"Jor Bungalow Sukhiya Pokhri","Subdis_LGD":"2159","Subdis_Typ":"Cd_Block","Vill_name":"Pulung Dung Khasmahal","Vill_Cat":"Rural","Vill_LGD":"306358","arr_project":"asha2"}},
{"type":"Feature","geometry":{"type":"Polygon","coordinates":[[[88.17894,26.69166],[88.17168,26.691],[88.16765,26.69153],[88.16743,26.68352],[88.17157,26.68439],[88.17808,26.68406],[88.17968,26.68796],[88.17894,26.69166]]]},"properties":{"District":"Darjiling","Dist_LGD":"327","Sub_dist":"Naxalbari","Subdis_LGD":"2163","Subdis_Typ":"Cd_Block","Vill_name":"Nehal","Vill_Cat":"Rural","Vill_LGD":"306591","arr_project":"asha2"}},
{"type":"Feature","geometry":{"type":"Polygon","coordinates":[[[88.19234,26.69451],[88.1938,26.69914],[88.18721,26.70162],[88.18603,26.70508],[88.18791,26.71066],[88.17714,26.71196],[88.17279,26.70826],[88.16935,26.70157],[88.16699,26.69937],[88.16765,26.69153],[88.17168,26.691],[88.17894,26.69166],[88.18637,26.69125],[88.18845,26.69419],[88.19234,26.69451]]]},"properties":{"District":"Darjiling","Dist_LGD":"327","Sub_dist":"Naxalbari","Subdis_LGD":"2163","Subdis_Typ":"Cd_Block","Vill_name":"Boro Moniram","Vill_Cat":"Rural","Vill_LGD":"306583","arr_project":"asha2"}},
{"type":"Feature","geometry":{"type":"Polygon","coordinates":[[[88.18653,26.68175],[88.19406,26.68074],[88.19573,26.68384],[88.19569,26.68645],[88.1943,26.69077],[88.19436,26.6944],[88.19234,26.69451],[88.18845,26.69419],[88.18637,26.69125],[88.17894,26.69166],[88.17968,26.68796],[88.17808,26.68406],[88.18583,26.68408],[88.18653,26.68175]]]},"properties":{"District":"Darjiling","Dist_LGD":"327","Sub_dist":"Naxalbari","Subdis_LGD":"2163","Subdis_Typ":"Cd_Block","Vill_name":"Dayaram","Vill_Cat":"Rural","Vill_LGD":"306590","arr_project":"asha2"}},
{"type":"Feature","geometry":{"type":"Polygon","coordinates":[[[88.19569,26.68645],[88.19889,26.68585],[88.20209,26.68886],[88.20645,26.6912],[88.20838,26.69236],[88.2076,26.69686],[88.20947,26.69875],[88.21103,26.70353],[88.20965,26.70571],[88.20887,26.70721],[88.20429,26.70711],[88.20174,26.70529],[88.20002,26.70098],[88.19971,26.69403],[88.19436,26.6944],[88.1943,26.69077],[88.19569,26.68645]]]},"properties":{"District":"Darjiling","Dist_LGD":"327","Sub_dist":"Naxalbari","Subdis_LGD":"2163","Subdis_Typ":"Cd_Block","Vill_name":"Kamala","Vill_Cat":"Rural","Vill_LGD":"306585","arr_project":"asha2"}},
{"type":"Feature","geometry":{"type":"Polygon","coordinates":[[[88.22303,26.70422],[88.21631,26.70349],[88.21634,26.70511],[88.20965,26.70571],[88.21103,26.70353],[88.20947,26.69875],[88.2076,26.69686],[88.20838,26.69236],[88.21559,26.69225],[88.21604,26.68984],[88.22034,26.69014],[88.22441,26.68909],[88.22715,26.69109],[88.22455,26.69664],[88.22303,26.70422]]]},"properties":{"District":"Darjiling","Dist_LGD":"327","Sub_dist":"Naxalbari","Subdis_LGD":"2163","Subdis_Typ":"Cd_Block","Vill_name":"Budhkaran","Vill_Cat":"Rural","Vill_LGD":"306588","arr_project":"asha2"}},
{"type":"Feature","geometry":{"type":"Polygon","coordinates":[[[88.20965,26.70571],[88.21634,26.70511],[88.21631,26.70349],[88.22303,26.70422],[88.22279,26.70864],[88.22107,26.71191],[88.21698,26.71238],[88.21203,26.7132],[88.21218,26.71007],[88.20851,26.71008],[88.20887,26.70721],[88.20965,26.70571]]]},"properties":{"District":"Darjiling","Dist_LGD":"327","Sub_dist":"Naxalbari","Subdis_LGD":"2163","Subdis_Typ":"Cd_Block","Vill_name":"Fakna","Vill_Cat":"Rural","Vill_LGD":"306587","arr_project":"asha2"}},
{"type":"Feature","geometry":{"type":"Polygon","coordinates":[[[88.20002,26.70098],[88.20174,26.70529],[88.20429,26.70711],[88.20887,26.70721],[88.20851,26.71008],[88.21218,26.71007],[88.21203,26.7132],[88.20255,26.71348],[88.20285,26.71596],[88.19488,26.71623],[88.1947,26.71306],[88.19754,26.70897],[88.20002,26.70098]]]},"properties":{"District":"Darjiling","Dist_LGD":"327","Sub_dist":"Naxalbari","Subdis_LGD":"2163","Subdis_Typ":"Cd_Block","Vill_name":"Ketugabur","Vill_Cat":"Rural","Vill_LGD":"306586","arr_project":"asha2"}},
{"type":"Feature","geometry":{"type":"Polygon","coordinates":[[[88.17952,26.71727],[88.18508,26.71789],[88.18455,26.72266],[88.18232,26.72293],[88.17952,26.71727]]]},"properties":{"District":"Darjiling","Dist_LGD":"327","Sub_dist":"Naxalbari","Subdis_LGD":"2163","Subdis_Typ":"Cd_Block","Vill_name":"Surajbar Forest","Vill_Cat":"Rural","Vill_LGD":"306582","arr_project":"asha2"}},
{"type":"Feature","geometry":{"type":"Polygon","coordinates":[[[88.1919,26.72457],[88.18616,26.72393],[88.18243,26.72457],[88.18232,26.72293],[88.18455,26.72266],[88.18508,26.71789],[88.17952,26.71727],[88.17714,26.71196],[88.18791,26.71066],[88.1913,26.71379],[88.1947,26.71306],[88.19488,26.71623],[88.20285,26.71596],[88.20285,26.71963],[88.19227,26.72022],[88.1919,26.72457]]]},"properties":{"District":"Darjiling","Dist_LGD":"327","Sub_dist":"Naxalbari","Subdis_LGD":"2163","Subdis_Typ":"Cd_Block","Vill_name":"Surajbar","Vill_Cat":"Rural","Vill_LGD":"306581","arr_project":"asha2"}},
{"type":"Feature","geometry":{"type":"Polygon","coordinates":[[[88.1919,26.72457],[88.19227,26.72022],[88.20285,26.71963],[88.20277,26.72223],[88.20265,26.72596],[88.20825,26.72607],[88.20674,26.73042],[88.20403,26.7335],[88.20311,26.73541],[88.19959,26.73376],[88.20156,26.73112],[88.19151,26.73177],[88.1919,26.72457]]]},"properties":{"District":"Darjiling","Dist_LGD":"327","Sub_dist":"Naxalbari","Subdis_LGD":"2163","Subdis_Typ":"Cd_Block","Vill_name":"Siwbari","Vill_Cat":"Rural","Vill_LGD":"306577","arr_project":"asha2"}},
{"type":"Feature","geometry":{"type":"Polygon","coordinates":[[[88.22824,26.49617],[88.22857,26.4891],[88.23018,26.48751],[88.23337,26.48894],[88.23681,26.49269],[88.23425,26.4978],[88.22824,26.49617]]]},"properties":{"District":"Darjiling","Dist_LGD":"327","Sub_dist":"Phansidewa","Subdis_LGD":"2164","Subdis_Typ":"Cd_Block","Vill_name":"Chhota Paikpara Arazi","Vill_Cat":"Rural","Vill_LGD":"306769","arr_project":"asha2"}},
{"type":"Feature","geometry":{"type":"Polygon","coordinates":[[[88.24578,26.46213],[88.24475,26.46318],[88.23612,26.46479],[88.23678,26.469],[88.24125,26.47124],[88.24352,26.4774],[88.24169,26.47925],[88.24098,26.47612],[88.23585,26.47426],[88.23289,26.47557],[88.23055,26.47437],[88.22815,26.47078],[88.22465,26.46822],[88.22105,26.46867],[88.21463,26.46727],[88.21773,26.46591],[88.21845,26.46259],[88.22275,26.45913],[88.22515,26.45366],[88.23244,26.45154],[88.23898,26.45218],[88.24578,26.46213]]]},"properties":{"District":"Darjiling","Dist_LGD":"327","Sub_dist":"Phansidewa","Subdis_LGD":"2164","Subdis_Typ":"Cd_Block","Vill_name":"Dhakpara","Vill_Cat":"Rural","Vill_LGD":"306771","arr_project":"asha2"}},
{"type":"Feature","geometry":{"type":"Polygon","coordinates":[[[88.24626,26.49959],[88.23732,26.50196],[88.23451,26.5003],[88.23425,26.4978],[88.23681,26.49269],[88.23337,26.48894],[88.23018,26.48751],[88.22857,26.4891],[88.22824,26.49617],[88.22495,26.49754],[88.22337,26.49594],[88.2164,26.49639],[88.21307,26.4957],[88.21138,26.49066],[88.20484,26.49144],[88.20299,26.48853],[88.19779,26.48876],[88.19488,26.48679],[88.19079,26.48731],[88.18779,26.4849],[88.19066,26.48205],[88.19162,26.47767],[88.19577,26.47513],[88.20296,26.47636],[88.2037,26.47419],[88.21073,26.47309],[88.21346,26.47482],[88.2138,26.47808],[88.21177,26.48164],[88.21303,26.48341],[88.21986,26.48352],[88.22383,26.48239],[88.22424,26.47799],[88.22246,26.47293],[88.2198,26.47086],[88.21171,26.47182],[88.20978,26.46968],[88.21463,26.46727],[88.22105,26.46867],[88.22465,26.46822],[88.22815,26.47078],[88.23055,26.47437],[88.23289,26.47557],[88.23585,26.47426],[88.24098,26.47612],[88.24169,26.47925],[88.24433,26.48532],[88.24726,26.48666],[88.24471,26.48963],[88.24568,26.4925],[88.24457,26.49513],[88.24626,26.49959]]]},"properties":{"District":"Darjiling","Dist_LGD":"327","Sub_dist":"Phansidewa","Subdis_LGD":"2164","Subdis_Typ":"Cd_Block","Vill_name":"Lahugaon","Vill_Cat":"Rural","Vill_LGD":"306770","arr_project":"asha2"}},
{"type":"Feature","geometry":{"type":"Polygon","coordinates":[[[88.26732,26.50546],[88.26821,26.50851],[88.26575,26.51148],[88.2599,26.51081],[88.2595,26.51367],[88.25564,26.51703],[88.25271,26.50746],[88.24656,26.50281],[88.24626,26.49959],[88.24457,26.49513],[88.24568,26.4925],[88.24471,26.48963],[88.24726,26.48666],[88.24433,26.48532],[88.24169,26.47925],[88.24352,26.4774],[88.24125,26.47124],[88.23678,26.469],[88.23612,26.46479],[88.24475,26.46318],[88.24578,26.46213],[88.24874,26.46751],[88.25484,26.4674],[88.25708,26.4686],[88.25896,26.47828],[88.25895,26.48191],[88.26206,26.48508],[88.26324,26.48834],[88.26693,26.48825],[88.2669,26.48863],[88.26215,26.49006],[88.2618,26.49319],[88.2636,26.49513],[88.26438,26.5012],[88.26732,26.50546]]]},"properties":{"District":"Darjiling","Dist_LGD":"327","Sub_dist":"Phansidewa","Subdis_LGD":"2164","Subdis_Typ":"Cd_Block","Vill_name":"Budharugaon","Vill_Cat":"Rural","Vill_LGD":"306772","arr_project":"asha2"}},
{"type":"Feature","geometry":{"type":"Polygon","coordinates":[[[88.28777,26.52143],[88.28257,26.52345],[88.28153,26.51731],[88.27865,26.51135],[88.28103,26.50795],[88.27961,26.50431],[88.27704,26.50418],[88.27533,26.50055],[88.27538,26.49674],[88.27323,26.49394],[88.26834,26.49278],[88.2669,26.48863],[88.26693,26.48825],[88.27471,26.48586],[88.27477,26.48967],[88.27669,26.49115],[88.27975,26.48954],[88.28285,26.48567],[88.2869,26.48737],[88.2899,26.49022],[88.29554,26.49117],[88.29986,26.48777],[88.30557,26.48923],[88.30712,26.49542],[88.31357,26.49946],[88.31401,26.49978],[88.31442,26.50294],[88.31213,26.50404],[88.29857,26.50617],[88.29933,26.50794],[88.2964,26.51124],[88.29721,26.51323],[88.29435,26.51599],[88.28781,26.51536],[88.28777,26.52143]]]},"properties":{"District":"Darjiling","Dist_LGD":"327","Sub_dist":"Phansidewa","Subdis_LGD":"2164","Subdis_Typ":"Cd_Block","Vill_name":"Bansgaonchakla","Vill_Cat":"Rural","Vill_LGD":"306777","arr_project":"asha2"}},
{"type":"Feature","geometry":{"type":"Polygon","coordinates":[[[88.32185,26.536],[88.32574,26.53556],[88.33614,26.53642],[88.33998,26.53618],[88.35029,26.5373],[88.34884,26.54414],[88.34834,26.55326],[88.34986,26.56132],[88.34282,26.56191],[88.33756,26.56029],[88.33115,26.55479],[88.32624,26.5522],[88.32393,26.5491],[88.32344,26.54348],[88.32185,26.536]]]},"properties":{"District":"Darjiling","Dist_LGD":"327","Sub_dist":"Phansidewa","Subdis_LGD":"2164","Subdis_Typ":"Cd_Block","Vill_name":"Madhya Bansgaon","Vill_Cat":"Rural","Vill_LGD":"306764","arr_project":"asha2"}},
{"type":"Feature","geometry":{"type":"Polygon","coordinates":[[[88.29968,26.5519],[88.29695,26.55151],[88.29169,26.55441],[88.28822,26.55529],[88.28607,26.55399],[88.27953,26.5546],[88.27015,26.55174],[88.26431,26.55134],[88.26047,26.55433],[88.25266,26.55072],[88.25126,26.54576],[88.24677,26.53846],[88.24734,26.53653],[88.24606,26.53129],[88.24848,26.5244],[88.24858,26.52148],[88.25307,26.51947],[88.25564,26.51703],[88.2595,26.51367],[88.2599,26.51081],[88.26575,26.51148],[88.26821,26.50851],[88.26732,26.50546],[88.27245,26.5046],[88.27456,26.50979],[88.27865,26.51135],[88.28153,26.51731],[88.28257,26.52345],[88.28777,26.52143],[88.296,26.52105],[88.29573,26.52514],[88.29108,26.52632],[88.29234,26.53191],[88.2955,26.53814],[88.29968,26.53748],[88.29953,26.54569],[88.30445,26.54649],[88.29968,26.5519]]]},"properties":{"District":"Darjiling","Dist_LGD":"327","Sub_dist":"Phansidewa","Subdis_LGD":"2164","Subdis_Typ":"Cd_Block","Vill_name":"Purbba Madati","Vill_Cat":"Rural","Vill_LGD":"306774","arr_project":"asha2"}},
{"type":"Feature","geometry":{"type":"Polygon","coordinates":[[[88.19564,27.13433],[88.19203,27.13248],[88.18983,27.13327],[88.18469,27.13088],[88.18101,27.13247],[88.17972,27.13013],[88.17618,27.12992],[88.17203,27.12691],[88.17079,27.12291],[88.16729,27.12243],[88.16223,27.11354],[88.17391,27.10995],[88.17961,27.11192],[88.18492,27.11229],[88.19187,27.11672],[88.19564,27.13433]]]},"properties":{"District":"Darjiling","Dist_LGD":"327","Sub_dist":"Darjiling Phulbazar","Subdis_LGD":"2154","Subdis_Typ":"Cd_Block","Vill_name":"Murmidong","Vill_Cat":"Rural","Vill_LGD":"306160","arr_project":"asha2"}},
{"type":"Feature","geometry":{"type":"Polygon","coordinates":[[[88.18492,27.11229],[88.17961,27.11192],[88.17391,27.10995],[88.16223,27.11354],[88.15601,27.11001],[88.16009,27.10542],[88.16329,27.10578],[88.17267,27.10075],[88.18396,27.09757],[88.18454,27.10525],[88.18543,27.10663],[88.18492,27.11229]]]},"properties":{"District":"Darjiling","Dist_LGD":"327","Sub_dist":"Darjiling Phulbazar","Subdis_LGD":"2154","Subdis_Typ":"Cd_Block","Vill_name":"Kolbong","Vill_Cat":"Rural","Vill_LGD":"306159","arr_project":"asha2"}},
{"type":"Feature","geometry":{"type":"Polygon","coordinates":[[[88.19732,26.97314],[88.1938,26.9774],[88.18989,26.97185],[88.19589,26.96354],[88.19822,26.96439],[88.20146,26.96502],[88.19732,26.97314]]]},"properties":{"District":"Darjiling","Dist_LGD":"327","Sub_dist":"Jor Bungalow Sukhiya Pokhri","Subdis_LGD":"2159","Subdis_Typ":"Cd_Block","Vill_name":"Pulung Dong Tea Estate","Vill_Cat":"Rural","Vill_LGD":"306359","arr_project":"asha2"}},
{"type":"Feature","geometry":{"type":"Polygon","coordinates":[[[88.21048,26.99685],[88.20606,26.99733],[88.20393,26.99624],[88.1948,26.99893],[88.1854,26.99953],[88.18431,26.99526],[88.18706,26.98805],[88.19069,26.9836],[88.1938,26.9774],[88.19732,26.97314],[88.20209,26.98051],[88.20861,26.98784],[88.21065,26.99211],[88.21048,26.99685]]]},"properties":{"District":"Darjiling","Dist_LGD":"327","Sub_dist":"Jor Bungalow Sukhiya Pokhri","Subdis_LGD":"2159","Subdis_Typ":"Cd_Block","Vill_name":"Poobong Tea Garden","Vill_Cat":"Others","Vill_LGD":"306360","arr_project":"asha2"}},
{"type":"Feature","geometry":{"type":"Polygon","coordinates":[[[88.24324,27.00057],[88.23295,26.99987],[88.22729,26.99626],[88.21795,26.99562],[88.21048,26.99685],[88.21065,26.99211],[88.20861,26.98784],[88.20209,26.98051],[88.21835,26.98027],[88.22407,26.98457],[88.22789,26.98512],[88.23093,26.98714],[88.23723,26.98783],[88.2403,26.99122],[88.24699,26.99625],[88.25002,26.99945],[88.24324,27.00057]]]},"properties":{"District":"Darjiling","Dist_LGD":"327","Sub_dist":"Jor Bungalow Sukhiya Pokhri","Subdis_LGD":"2159","Subdis_Typ":"Cd_Block","Vill_name":"Pussimbing Tea Garden","Vill_Cat":"Others","Vill_LGD":"306361","arr_project":"asha2"}},
{"type":"Feature","geometry":{"type":"Polygon","coordinates":[[[88.28235,26.95089],[88.2801,26.9566],[88.27845,26.9582],[88.27261,26.95169],[88.26132,26.93295],[88.25491,26.92788],[88.24853,26.92468],[88.24594,26.92115],[88.24277,26.91943],[88.24941,26.91621],[88.25537,26.91807],[88.26676,26.92585],[88.27012,26.92416],[88.27303,26.92773],[88.27553,26.93342],[88.27751,26.94484],[88.27917,26.94866],[88.28235,26.95089]]]},"properties":{"District":"Darjiling","Dist_LGD":"327","Sub_dist":"Jor Bungalow Sukhiya Pokhri","Subdis_LGD":"2159","Subdis_Typ":"Cd_Block","Vill_name":"Ring Tong Tea Garden (Gunawar)","Vill_Cat":"Others","Vill_LGD":"306374","arr_project":"asha2"}},
{"type":"Feature","geometry":{"type":"Polygon","coordinates":[[[88.24752,26.93465],[88.23862,26.94292],[88.23382,26.94833],[88.22988,26.94702],[88.22603,26.9515],[88.22283,26.95041],[88.21595,26.9463],[88.21349,26.94218],[88.21746,26.93666],[88.21987,26.93454],[88.22012,26.93169],[88.22504,26.9283],[88.2259,26.92535],[88.22954,26.92531],[88.23228,26.92081],[88.2312,26.91626],[88.23941,26.91758],[88.24277,26.91943],[88.24594,26.92115],[88.24853,26.92468],[88.25491,26.92788],[88.25382,26.93131],[88.24752,26.93465]]]},"properties":{"District":"Darjiling","Dist_LGD":"327","Sub_dist":"Jor Bungalow Sukhiya Pokhri","Subdis_LGD":"2159","Subdis_Typ":"Cd_Block","Vill_name":"Moonda Kotee Tea Garden","Vill_Cat":"Others","Vill_LGD":"306373","arr_project":"asha2"}},
{"type":"Feature","geometry":{"type":"Polygon","coordinates":[[[88.28973,27.03347],[88.28833,27.03588],[88.28399,27.03342],[88.28066,27.02761],[88.27798,27.02579],[88.27645,27.02099],[88.27423,27.01934],[88.27398,27.01375],[88.27573,27.00892],[88.28287,27.01195],[88.29525,27.0187],[88.29379,27.02376],[88.28897,27.03272],[88.28973,27.03347]]]},"properties":{"District":"Darjiling","Dist_LGD":"327","Sub_dist":"Jor Bungalow Sukhiya Pokhri","Subdis_LGD":"2159","Subdis_Typ":"Cd_Block","Vill_name":"Rangaroong Tea Garden","Vill_Cat":"Others","Vill_LGD":"306365","arr_project":"asha2"}},
{"type":"Feature","geometry":{"type":"Polygon","coordinates":[[[88.29763,26.95571],[88.29508,26.95813],[88.28888,26.95753],[88.28769,26.95994],[88.28185,26.96171],[88.27809,26.96621],[88.27725,26.97132],[88.2746,26.96771],[88.27554,26.96218],[88.28067,26.96017],[88.28533,26.95362],[88.29159,26.95342],[88.29271,26.95419],[88.29763,26.95571]]]},"properties":{"District":"Darjiling","Dist_LGD":"327","Sub_dist":"Jor Bungalow Sukhiya Pokhri","Subdis_LGD":"2159","Subdis_Typ":"Cd_Block","Vill_name":"Sonada Khasmahal (Ct)","Vill_Cat":"Partly_Urban","Vill_LGD":"306393","arr_project":"asha2"}},
{"type":"Feature","geometry":{"type":"Polygon","coordinates":[[[88.27725,26.97132],[88.27809,26.96621],[88.28185,26.96171],[88.28769,26.95994],[88.28888,26.95753],[88.29508,26.95813],[88.29763,26.95571],[88.30166,26.95673],[88.30168,26.9608],[88.29246,26.96196],[88.29223,26.96956],[88.29103,26.97716],[88.29267,26.98156],[88.29237,26.98703],[88.28745,26.99145],[88.28046,26.98467],[88.28105,26.97679],[88.27725,26.97132]],[[88.29089,26.96144],[88.29199,26.96197],[88.29302,26.9607],[88.29126,26.95974],[88.29089,26.96144]]]},"properties":{"District":"Darjiling","Dist_LGD":"327","Sub_dist":"Jor Bungalow Sukhiya Pokhri","Subdis_LGD":"2159","Subdis_Typ":"Cd_Block","Vill_name":"Sonada Forest","Vill_Cat":"Rural","Vill_LGD":"306367","arr_project":"asha2"}},
{"type":"Feature","geometry":{"type":"Polygon","coordinates":[[[88.28046,26.98467],[88.28745,26.99145],[88.27692,26.99257],[88.27338,26.99564],[88.2694,26.9972],[88.26459,26.99036],[88.27033,26.98902],[88.28046,26.98467]]]},"properties":{"District":"Darjiling","Dist_LGD":"327","Sub_dist":"Jor Bungalow Sukhiya Pokhri","Subdis_LGD":"2159","Subdis_Typ":"Cd_Block","Vill_name":"Rang Bull","Vill_Cat":"Rural","Vill_LGD":"306366","arr_project":"asha2"}},
{"type":"Feature","geometry":{"type":"Polygon","coordinates":[[[88.24277,27.00896],[88.24905,27.00708],[88.25074,27.00904],[88.25056,27.01339],[88.24705,27.01496],[88.24354,27.01487],[88.24277,27.00896]]]},"properties":{"District":"Darjiling","Dist_LGD":"327","Sub_dist":"Jor Bungalow Sukhiya Pokhri","Subdis_LGD":"2159","Subdis_Typ":"Cd_Block","Vill_name":"Jorelhatta (P)","Vill_Cat":"Fully_Urban","Vill_LGD":"306363","arr_project":"asha2"}},
{"type":"Feature","geometry":{"type":"Polygon","coordinates":[[[88.2595,27.00538],[88.25538,27.00449],[88.25002,26.99945],[88.24699,26.99625],[88.2403,26.99122],[88.24301,26.98899],[88.2495,26.98715],[88.25956,26.99177],[88.26019,26.99476],[88.2595,27.00538]]]},"properties":{"District":"Darjiling","Dist_LGD":"327","Sub_dist":"Jor Bungalow Sukhiya Pokhri","Subdis_LGD":"2159","Subdis_Typ":"Cd_Block","Vill_name":"Dooteriah Forest","Vill_Cat":"Rural","Vill_LGD":"306370","arr_project":"asha2"}},
{"type":"Feature","geometry":{"type":"Polygon","coordinates":[[[88.27278,26.96195],[88.26888,26.96571],[88.27292,26.96819],[88.27756,26.97776],[88.27694,26.9831],[88.26775,26.97738],[88.26094,26.97608],[88.25669,26.974],[88.24928,26.96802],[88.24339,26.96499],[88.23839,26.95981],[88.23351,26.95593],[88.23021,26.95289],[88.22603,26.9515],[88.22988,26.94702],[88.23382,26.94833],[88.23862,26.94292],[88.24752,26.93465],[88.25053,26.94328],[88.25457,26.94634],[88.24542,26.95613],[88.25168,26.96093],[88.26025,26.95147],[88.26407,26.95459],[88.25952,26.95934],[88.26141,26.96017],[88.26645,26.95558],[88.27278,26.96195]]]},"properties":{"District":"Darjiling","Dist_LGD":"327","Sub_dist":"Jor Bungalow Sukhiya Pokhri","Subdis_LGD":"2159","Subdis_Typ":"Cd_Block","Vill_name":"Rongmook Ceder Tea Garden","Vill_Cat":"Others","Vill_LGD":"306394","arr_project":"asha2"}},
{"type":"Feature","geometry":{"type":"Polygon","coordinates":[[[88.36062,27.06482],[88.35919,27.06235],[88.35332,27.06266],[88.35025,27.05182],[88.34451,27.04576],[88.33892,27.0441],[88.34018,27.04176],[88.33585,27.03701],[88.32271,27.02833],[88.31788,27.02543],[88.3156,27.0237],[88.31582,27.01941],[88.31852,27.01977],[88.32817,27.02618],[88.33591,27.02873],[88.34483,27.03144],[88.35197,27.03159],[88.35464,27.03502],[88.35308,27.03824],[88.35679,27.04003],[88.36599,27.04649],[88.37305,27.04282],[88.37615,27.04395],[88.37814,27.04239],[88.38064,27.04455],[88.38116,27.04484],[88.37897,27.04934],[88.37821,27.05349],[88.37302,27.05707],[88.36062,27.06482]],[[88.36874,27.05883],[88.367,27.05876],[88.36718,27.06001],[88.36874,27.05883]],[[88.34472,27.03355],[88.34481,27.03458],[88.3465,27.0354],[88.34663,27.03439],[88.34472,27.03355]],[[88.32379,27.02485],[88.32447,27.02616],[88.32569,27.02662],[88.32621,27.026],[88.32379,27.02485]],[[88.37936,27.04469],[88.37975,27.04491],[88.38014,27.04466],[88.37984,27.04434],[88.37936,27.04469]]]},"properties":{"District":"Darjiling","Dist_LGD":"327","Sub_dist":"Rangoli And Rangliot","Subdis_LGD":"2155","Subdis_Typ":"Cd_Block","Vill_name":"Takdah Forest","Vill_Cat":"Rural","Vill_LGD":"306205","arr_project":"asha2"}},
{"type":"Feature","geometry":{"type":"Polygon","coordinates":[[[88.33941,27.02214],[88.34317,27.0243],[88.35566,27.01514],[88.36958,27.02638],[88.35594,27.03267],[88.35464,27.03502],[88.35197,27.03159],[88.34483,27.03144],[88.33591,27.02873],[88.33941,27.02214]]]},"properties":{"District":"Darjiling","Dist_LGD":"327","Sub_dist":"Rangoli And Rangliot","Subdis_LGD":"2155","Subdis_Typ":"Cd_Block","Vill_name":"Rangli -Rangliot Tea Garden","Vill_Cat":"Others","Vill_LGD":"306213","arr_project":"asha2"}},
{"type":"Feature","geometry":{"type":"Polygon","coordinates":[[[88.35464,27.03502],[88.35594,27.03267],[88.36958,27.02638],[88.37286,27.02517],[88.37121,27.02903],[88.37284,27.03158],[88.37305,27.04282],[88.36599,27.04649],[88.35679,27.04003],[88.35308,27.03824],[88.35464,27.03502]]]},"properties":{"District":"Darjiling","Dist_LGD":"327","Sub_dist":"Rangoli And Rangliot","Subdis_LGD":"2155","Subdis_Typ":"Cd_Block","Vill_name":"Hum Takdah Khasmahal","Vill_Cat":"Rural","Vill_LGD":"306204","arr_project":"asha2"}},
{"type":"Feature","geometry":{"type":"Polygon","coordinates":[[[88.37305,27.04282],[88.37284,27.03158],[88.37121,27.02903],[88.37286,27.02517],[88.38245,27.02263],[88.38613,27.02268],[88.38351,27.03206],[88.38049,27.03417],[88.37597,27.03966],[88.37814,27.04239],[88.37615,27.04395],[88.37305,27.04282]]]},"properties":{"District":"Darjiling","Dist_LGD":"327","Sub_dist":"Rangoli And Rangliot","Subdis_LGD":"2155","Subdis_Typ":"Cd_Block","Vill_name":"Lingding Khasmahal","Vill_Cat":"Rural","Vill_LGD":"306203","arr_project":"asha2"}},
{"type":"Feature","geometry":{"type":"Polygon","coordinates":[[[88.4203,27.06879],[88.42225,27.06911],[88.42683,27.06606],[88.42901,27.06927],[88.43108,27.07653],[88.43295,27.07926],[88.42579,27.0815],[88.41367,27.08804],[88.40762,27.08968],[88.40131,27.08986],[88.39738,27.09088],[88.39251,27.09355],[88.37563,27.09743],[88.37037,27.09728],[88.36118,27.09568],[88.35756,27.09661],[88.35604,27.10102],[88.35231,27.10002],[88.35034,27.09245],[88.35155,27.08745],[88.35588,27.08118],[88.35638,27.07638],[88.34989,27.07806],[88.34604,27.08519],[88.34606,27.07502],[88.34066,27.07421],[88.34234,27.07147],[88.35199,27.06701],[88.35545,27.07211],[88.35763,27.07586],[88.36176,27.07617],[88.36982,27.07882],[88.37085,27.076],[88.37755,27.07942],[88.38055,27.07935],[88.39024,27.08555],[88.39801,27.08201],[88.4019,27.08113],[88.40235,27.08227],[88.40531,27.08143],[88.40483,27.08082],[88.40201,27.0811],[88.41267,27.07782],[88.41779,27.07053],[88.41982,27.06887],[88.4203,27.06879]],[[88.36409,27.08299],[88.36413,27.08431],[88.36513,27.08347],[88.36409,27.08299]]]},"properties":{"District":"Darjiling","Dist_LGD":"327","Sub_dist":"Rangoli And Rangliot","Subdis_LGD":"2155","Subdis_Typ":"Cd_Block","Vill_name":"Teesta Valley Forest","Vill_Cat":"Rural","Vill_LGD":"306193","arr_project":"asha2"}},
{"type":"Feature","geometry":{"type":"Polygon","coordinates":[[[88.30659,27.05627],[88.31192,27.05171],[88.31495,27.04736],[88.31528,27.03837],[88.31913,27.03529],[88.32121,27.03735],[88.32654,27.04634],[88.3219,27.04929],[88.31238,27.05241],[88.30996,27.05538],[88.30648,27.05657],[88.30659,27.05627]]]},"properties":{"District":"Darjiling","Dist_LGD":"327","Sub_dist":"Rangoli And Rangliot","Subdis_LGD":"2155","Subdis_Typ":"Cd_Block","Vill_name":"Dawaipani","Vill_Cat":"Rural","Vill_LGD":"306211","arr_project":"asha2"}},
{"type":"Feature","geometry":{"type":"Polygon","coordinates":[[[88.22279,26.70864],[88.23422,26.70182],[88.23582,26.70205],[88.23503,26.70507],[88.24008,26.70568],[88.24431,26.70833],[88.24791,26.70897],[88.24799,26.71239],[88.24494,26.71627],[88.24098,26.71656],[88.23912,26.71823],[88.23534,26.71788],[88.23499,26.71423],[88.23086,26.71371],[88.2294,26.71511],[88.22178,26.71456],[88.22107,26.71191],[88.22279,26.70864]]]},"properties":{"District":"Darjiling","Dist_LGD":"327","Sub_dist":"Naxalbari","Subdis_LGD":"2163","Subdis_Typ":"Cd_Block","Vill_name":"Birsing","Vill_Cat":"Rural","Vill_LGD":"306622","arr_project":"asha2"}},
{"type":"Feature","geometry":{"type":"Polygon","coordinates":[[[88.2398,26.69159],[88.24197,26.69456],[88.23816,26.69547],[88.23422,26.70182],[88.22279,26.70864],[88.22303,26.70422],[88.22455,26.69664],[88.22715,26.69109],[88.23607,26.69115],[88.2398,26.69159]]]},"properties":{"District":"Darjiling","Dist_LGD":"327","Sub_dist":"Naxalbari","Subdis_LGD":"2163","Subdis_Typ":"Cd_Block","Vill_name":"Sabdella","Vill_Cat":"Rural","Vill_LGD":"306612","arr_project":"asha2"}},
{"type":"Feature","geometry":{"type":"Polygon","coordinates":[[[88.25221,26.70043],[88.25256,26.70529],[88.2557,26.70631],[88.25492,26.70884],[88.25247,26.71082],[88.25294,26.71391],[88.25192,26.71866],[88.2503,26.71946],[88.24935,26.72329],[88.24413,26.71884],[88.24494,26.71627],[88.24799,26.71239],[88.24791,26.70897],[88.24431,26.70833],[88.24008,26.70568],[88.23503,26.70507],[88.23582,26.70205],[88.23858,26.70125],[88.24457,26.70316],[88.24662,26.70014],[88.25221,26.70043]]]},"properties":{"District":"Darjiling","Dist_LGD":"327","Sub_dist":"Naxalbari","Subdis_LGD":"2163","Subdis_Typ":"Cd_Block","Vill_name":"Gajiram","Vill_Cat":"Rural","Vill_LGD":"306621","arr_project":"asha2"}},
{"type":"Feature","geometry":{"type":"Polygon","coordinates":[[[88.25221,26.70043],[88.24662,26.70014],[88.24457,26.70316],[88.23858,26.70125],[88.23582,26.70205],[88.23422,26.70182],[88.23816,26.69547],[88.24197,26.69456],[88.2398,26.69159],[88.24384,26.69247],[88.24791,26.69676],[88.25414,26.69404],[88.25716,26.69609],[88.25221,26.70043]]]},"properties":{"District":"Darjiling","Dist_LGD":"327","Sub_dist":"Naxalbari","Subdis_LGD":"2163","Subdis_Typ":"Cd_Block","Vill_name":"Mahasing","Vill_Cat":"Rural","Vill_LGD":"306613","arr_project":"asha2"}},
{"type":"Feature","geometry":{"type":"Polygon","coordinates":[[[88.23607,26.69115],[88.22715,26.69109],[88.22441,26.68909],[88.22584,26.68692],[88.22624,26.68219],[88.23362,26.68136],[88.23711,26.67776],[88.23975,26.68162],[88.24033,26.68523],[88.23607,26.69115]]]},"properties":{"District":"Darjiling","Dist_LGD":"327","Sub_dist":"Naxalbari","Subdis_LGD":"2163","Subdis_Typ":"Cd_Block","Vill_name":"Barajharu","Vill_Cat":"Rural","Vill_LGD":"306611","arr_project":"asha2"}},
{"type":"Feature","geometry":{"type":"Polygon","coordinates":[[[88.2466,26.679],[88.24939,26.68147],[88.24698,26.68354],[88.24779,26.68678],[88.24485,26.68872],[88.24384,26.69247],[88.2398,26.69159],[88.23607,26.69115],[88.24033,26.68523],[88.23975,26.68162],[88.23711,26.67776],[88.23752,26.67626],[88.24732,26.67762],[88.2466,26.679]]]},"properties":{"District":"Darjiling","Dist_LGD":"327","Sub_dist":"Naxalbari","Subdis_LGD":"2163","Subdis_Typ":"Cd_Block","Vill_name":"Mangalsing","Vill_Cat":"Rural","Vill_LGD":"306610","arr_project":"asha2"}},
{"type":"Feature","geometry":{"type":"Polygon","coordinates":[[[88.23885,26.6723],[88.24918,26.67093],[88.24732,26.67762],[88.23752,26.67626],[88.23885,26.6723]]]},"properties":{"District":"Darjiling","Dist_LGD":"327","Sub_dist":"Naxalbari","Subdis_LGD":"2163","Subdis_Typ":"Cd_Block","Vill_name":"Bhagat Ram","Vill_Cat":"Rural","Vill_LGD":"306609","arr_project":"asha2"}},
{"type":"Feature","geometry":{"type":"Polygon","coordinates":[[[88.23832,26.66883],[88.24952,26.66503],[88.24755,26.66789],[88.24918,26.67093],[88.23885,26.6723],[88.23832,26.66883]]]},"properties":{"District":"Darjiling","Dist_LGD":"327","Sub_dist":"Naxalbari","Subdis_LGD":"2163","Subdis_Typ":"Cd_Block","Vill_name":"Raghuramer Chhat","Vill_Cat":"Rural","Vill_LGD":"306608","arr_project":"asha2"}},
{"type":"Feature","geometry":{"type":"Polygon","coordinates":[[[88.24952,26.66503],[88.25779,26.66795],[88.25731,26.67341],[88.25279,26.6738],[88.25318,26.67064],[88.24918,26.67093],[88.24755,26.66789],[88.24952,26.66503]]]},"properties":{"District":"Darjiling","Dist_LGD":"327","Sub_dist":"Naxalbari","Subdis_LGD":"2163","Subdis_Typ":"Cd_Block","Vill_name":"Bairvita","Vill_Cat":"Rural","Vill_LGD":"306607","arr_project":"asha2"}},
{"type":"Feature","geometry":{"type":"Polygon","coordinates":[[[88.23711,26.67776],[88.23362,26.68136],[88.22624,26.68219],[88.22254,26.68029],[88.22195,26.67523],[88.22378,26.67056],[88.22943,26.66697],[88.22629,26.66389],[88.2275,26.65951],[88.231,26.65749],[88.23237,26.66025],[88.23827,26.66131],[88.23832,26.66883],[88.23885,26.6723],[88.23752,26.67626],[88.23711,26.67776]]]},"properties":{"District":"Darjiling","Dist_LGD":"327","Sub_dist":"Naxalbari","Subdis_LGD":"2163","Subdis_Typ":"Cd_Block","Vill_name":"Ghusru","Vill_Cat":"Rural","Vill_LGD":"306599","arr_project":"asha2"}},
{"type":"Feature","geometry":{"type":"Polygon","coordinates":[[[88.24269,26.65484],[88.24677,26.65559],[88.24863,26.6599],[88.25108,26.65859],[88.25638,26.66026],[88.25761,26.6623],[88.24952,26.66503],[88.23832,26.66883],[88.23827,26.66131],[88.24167,26.6581],[88.24269,26.65484]]]},"properties":{"District":"Darjiling","Dist_LGD":"327","Sub_dist":"Naxalbari","Subdis_LGD":"2163","Subdis_Typ":"Cd_Block","Vill_name":"Raghuram","Vill_Cat":"Rural","Vill_LGD":"306600","arr_project":"asha2"}},
{"type":"Feature","geometry":{"type":"Polygon","coordinates":[[[88.30092,26.92523],[88.31198,26.92566],[88.31247,26.92962],[88.31023,26.93853],[88.31017,26.94693],[88.30939,26.95385],[88.30814,26.95664],[88.30166,26.95673],[88.29763,26.95571],[88.29271,26.95419],[88.29416,26.95039],[88.29248,26.94601],[88.29293,26.94183],[88.29903,26.93692],[88.30167,26.93347],[88.30226,26.9286],[88.30092,26.92523]]]},"properties":{"District":"Darjiling","Dist_LGD":"327","Sub_dist":"Kurseong","Subdis_LGD":"2161","Subdis_Typ":"Cd_Block","Vill_name":"Chattakpur Forest","Vill_Cat":"Rural","Vill_LGD":"306463","arr_project":"asha2"}},
{"type":"Feature","geometry":{"type":"Polygon","coordinates":[[[88.24752,26.93465],[88.25382,26.93131],[88.25491,26.92788],[88.26132,26.93295],[88.27261,26.95169],[88.27845,26.9582],[88.27285,26.95894],[88.27278,26.96195],[88.26645,26.95558],[88.26141,26.96017],[88.25952,26.95934],[88.26407,26.95459],[88.26025,26.95147],[88.25168,26.96093],[88.24542,26.95613],[88.25457,26.94634],[88.25053,26.94328],[88.24752,26.93465]]]},"properties":{"District":"Darjiling","Dist_LGD":"327","Sub_dist":"Jor Bungalow Sukhiya Pokhri","Subdis_LGD":"2159","Subdis_Typ":"Cd_Block","Vill_name":"Okas Tea Garden","Vill_Cat":"Others","Vill_LGD":"306372","arr_project":"asha2"}},
{"type":"Feature","geometry":{"type":"Polygon","coordinates":[[[88.23351,26.95593],[88.23839,26.95981],[88.24339,26.96499],[88.24928,26.96802],[88.25669,26.974],[88.26094,26.97608],[88.26775,26.97738],[88.27694,26.9831],[88.27059,26.98547],[88.26904,26.98763],[88.26508,26.9849],[88.26294,26.987],[88.25571,26.98709],[88.24941,26.98561],[88.24502,26.98369],[88.23806,26.96835],[88.2339,26.96588],[88.23511,26.96354],[88.23351,26.95593]]]},"properties":{"District":"Darjiling","Dist_LGD":"327","Sub_dist":"Jor Bungalow Sukhiya Pokhri","Subdis_LGD":"2159","Subdis_Typ":"Cd_Block","Vill_name":"Kalej Valley Tea Garden","Vill_Cat":"Others","Vill_LGD":"306369","arr_project":"asha2"}},
{"type":"Feature","geometry":{"type":"Polygon","coordinates":[[[88.35231,27.10002],[88.34904,27.10029],[88.3457,27.10692],[88.34139,27.11012],[88.33829,27.11003],[88.34152,27.10543],[88.34222,27.09691],[88.33967,27.09549],[88.33162,27.09588],[88.32757,27.09756],[88.32259,27.09721],[88.3201,27.09045],[88.32283,27.08885],[88.3241,27.08407],[88.32713,27.07848],[88.33891,27.0766],[88.34066,27.07421],[88.34606,27.07502],[88.34604,27.08519],[88.34989,27.07806],[88.35638,27.07638],[88.35588,27.08118],[88.35155,27.08745],[88.35034,27.09245],[88.35231,27.10002]]]},"properties":{"District":"Darjiling","Dist_LGD":"327","Sub_dist":"Rangoli And Rangliot","Subdis_LGD":"2155","Subdis_Typ":"Cd_Block","Vill_name":"Kambel Tea Garden(Glenburn)","Vill_Cat":"Others","Vill_LGD":"306192","arr_project":"asha2"}},
{"type":"Feature","geometry":{"type":"Polygon","coordinates":[[[88.19684,27.02235],[88.19125,27.02654],[88.192,27.0175],[88.18166,27.01354],[88.1708,27.00787],[88.1739,27.0057],[88.17675,27.0084],[88.17749,27.00638],[88.17419,27.00537],[88.17801,27.00098],[88.18388,27.00366],[88.18991,27.00324],[88.1854,26.99953],[88.1948,26.99893],[88.20393,26.99624],[88.20606,26.99733],[88.21048,26.99685],[88.21795,26.99562],[88.22729,26.99626],[88.23295,26.99987],[88.23171,27.00385],[88.23117,27.00837],[88.23408,27.01618],[88.23403,27.02092],[88.2358,27.02374],[88.22861,27.02026],[88.22074,27.0205],[88.20947,27.02151],[88.19684,27.02235]],[[88.1939,27.01254],[88.19422,27.01322],[88.19625,27.01298],[88.19698,27.01192],[88.1939,27.01254]],[[88.21278,27.00457],[88.214,27.00571],[88.21787,27.0037],[88.22097,27.00293],[88.22126,27.00123],[88.21779,27.00226],[88.21566,27.00416],[88.21278,27.00457]],[[88.22794,27.00215],[88.22382,27.00203],[88.2239,27.00338],[88.22794,27.00215]]]},"properties":{"District":"Darjiling","Dist_LGD":"327","Sub_dist":"Jor Bungalow Sukhiya Pokhri","Subdis_LGD":"2159","Subdis_Typ":"Cd_Block","Vill_name":"Ghoom Pahar Forest","Vill_Cat":"Rural","Vill_LGD":"306357","arr_project":"asha2"}},
{"type":"Feature","geometry":{"type":"Polygon","coordinates":[[[88.1578,26.62118],[88.16272,26.6205],[88.16338,26.62297],[88.16467,26.62424],[88.16775,26.63265],[88.1633,26.63624],[88.15988,26.63702],[88.15428,26.63042],[88.14691,26.62965],[88.14437,26.62838],[88.14181,26.62486],[88.14821,26.62272],[88.1578,26.62118]]]},"properties":{"District":"Darjiling","Dist_LGD":"327","Sub_dist":"Kharibari","Subdis_LGD":"2165","Subdis_Typ":"Cd_Block","Vill_name":"Antaram","Vill_Cat":"Rural","Vill_LGD":"306784","arr_project":"asha2"}},
{"type":"Feature","geometry":{"type":"Polygon","coordinates":[[[88.17041,26.64248],[88.17469,26.64417],[88.18349,26.6506],[88.18377,26.65386],[88.18662,26.65874],[88.1802,26.66027],[88.17726,26.65862],[88.17264,26.65791],[88.16819,26.65688],[88.16816,26.65138],[88.16694,26.64882],[88.16685,26.64346],[88.17041,26.64248]]]},"properties":{"District":"Darjiling","Dist_LGD":"327","Sub_dist":"Kharibari","Subdis_LGD":"2165","Subdis_Typ":"Cd_Block","Vill_name":"Uttar Ramdhan","Vill_Cat":"Rural","Vill_LGD":"306781","arr_project":"asha2"}},
{"type":"Feature","geometry":{"type":"Polygon","coordinates":[[[88.19315,26.63747],[88.201,26.63826],[88.20173,26.64278],[88.20416,26.64402],[88.20327,26.64696],[88.20379,26.65556],[88.20098,26.65472],[88.19613,26.65261],[88.19332,26.64728],[88.19381,26.63862],[88.19315,26.63747]]]},"properties":{"District":"Darjiling","Dist_LGD":"327","Sub_dist":"Kharibari","Subdis_LGD":"2165","Subdis_Typ":"Cd_Block","Vill_name":"Subal","Vill_Cat":"Rural","Vill_LGD":"306829","arr_project":"asha2"}},
{"type":"Feature","geometry":{"type":"Polygon","coordinates":[[[88.19419,26.62434],[88.20186,26.62519],[88.20287,26.62343],[88.2093,26.62461],[88.20735,26.6326],[88.201,26.63826],[88.19315,26.63747],[88.19009,26.63495],[88.18286,26.6329],[88.18273,26.62881],[88.18808,26.62725],[88.19405,26.62662],[88.19419,26.62434]]]},"properties":{"District":"Darjiling","Dist_LGD":"327","Sub_dist":"Kharibari","Subdis_LGD":"2165","Subdis_Typ":"Cd_Block","Vill_name":"Dangarbhita","Vill_Cat":"Rural","Vill_LGD":"306830","arr_project":"asha2"}},
{"type":"Feature","geometry":{"type":"Polygon","coordinates":[[[88.17534,26.62628],[88.17828,26.62177],[88.18187,26.62113],[88.18273,26.62881],[88.18286,26.6329],[88.17866,26.63081],[88.17513,26.63184],[88.17534,26.62628]]]},"properties":{"District":"Darjiling","Dist_LGD":"327","Sub_dist":"Kharibari","Subdis_LGD":"2165","Subdis_Typ":"Cd_Block","Vill_name":"Manjoy","Vill_Cat":"Rural","Vill_LGD":"306827","arr_project":"asha2"}},
{"type":"Feature","geometry":{"type":"Polygon","coordinates":[[[88.1715,26.63747],[88.17041,26.63068],[88.17109,26.62717],[88.17534,26.62628],[88.17513,26.63184],[88.17412,26.63697],[88.1715,26.63747]]]},"properties":{"District":"Darjiling","Dist_LGD":"327","Sub_dist":"Kharibari","Subdis_LGD":"2165","Subdis_Typ":"Cd_Block","Vill_name":"Gandagal (Ct)","Vill_Cat":"Partly_Urban","Vill_LGD":"306782","arr_project":"asha2"}},
{"type":"Feature","geometry":{"type":"Polygon","coordinates":[[[88.20379,26.65556],[88.20992,26.65545],[88.21065,26.65786],[88.21222,26.66658],[88.21413,26.6785],[88.20603,26.67883],[88.20211,26.67322],[88.20485,26.67101],[88.20995,26.67019],[88.20901,26.6669],[88.20649,26.6667],[88.20477,26.66202],[88.19931,26.66225],[88.19877,26.65888],[88.20098,26.65472],[88.20379,26.65556]]]},"properties":{"District":"Darjiling","Dist_LGD":"327","Sub_dist":"Naxalbari","Subdis_LGD":"2163","Subdis_Typ":"Cd_Block","Vill_name":"Hodo Vitar Chaat","Vill_Cat":"Rural","Vill_LGD":"306595","arr_project":"asha2"}},
{"type":"Feature","geometry":{"type":"Polygon","coordinates":[[[88.19573,26.68384],[88.20497,26.68182],[88.20511,26.68025],[88.20782,26.68958],[88.20645,26.6912],[88.20209,26.68886],[88.19889,26.68585],[88.19569,26.68645],[88.19573,26.68384]]]},"properties":{"District":"Darjiling","Dist_LGD":"327","Sub_dist":"Naxalbari","Subdis_LGD":"2163","Subdis_Typ":"Cd_Block","Vill_name":"Naxal Bari","Vill_Cat":"Rural","Vill_LGD":"306589","arr_project":"asha2"}},
{"type":"Feature","geometry":{"type":"Polygon","coordinates":[[[88.22441,26.68909],[88.22034,26.69014],[88.21604,26.68984],[88.21559,26.69225],[88.20838,26.69236],[88.20645,26.6912],[88.20782,26.68958],[88.20511,26.68025],[88.20603,26.67883],[88.21413,26.6785],[88.21388,26.683],[88.21607,26.68582],[88.22103,26.68501],[88.22254,26.68029],[88.22624,26.68219],[88.22584,26.68692],[88.22441,26.68909]]]},"properties":{"District":"Darjiling","Dist_LGD":"327","Sub_dist":"Naxalbari","Subdis_LGD":"2163","Subdis_Typ":"Cd_Block","Vill_name":"Geni (Ct)","Vill_Cat":"Partly_Urban","Vill_LGD":"306663","arr_project":"asha2"}},
{"type":"Feature","geometry":{"type":"Polygon","coordinates":[[[88.17264,26.65791],[88.17726,26.65862],[88.1802,26.66027],[88.18662,26.65874],[88.1905,26.6661],[88.18868,26.66989],[88.18339,26.67014],[88.18015,26.67128],[88.17473,26.66667],[88.1674,26.66767],[88.16656,26.66043],[88.17287,26.66053],[88.17264,26.65791]]]},"properties":{"District":"Darjiling","Dist_LGD":"327","Sub_dist":"Naxalbari","Subdis_LGD":"2163","Subdis_Typ":"Cd_Block","Vill_name":"Dhakna","Vill_Cat":"Rural","Vill_LGD":"306593","arr_project":"asha2"}},
{"type":"Feature","geometry":{"type":"Polygon","coordinates":[[[88.17264,26.65791],[88.17287,26.66053],[88.16656,26.66043],[88.16378,26.66053],[88.16281,26.65115],[88.1628,26.64579],[88.15779,26.64001],[88.15988,26.63702],[88.1633,26.63624],[88.16364,26.63928],[88.16685,26.64346],[88.16694,26.64882],[88.16816,26.65138],[88.16819,26.65688],[88.17264,26.65791]]]},"properties":{"District":"Darjiling","Dist_LGD":"327","Sub_dist":"Kharibari","Subdis_LGD":"2165","Subdis_Typ":"Cd_Block","Vill_name":"Madan","Vill_Cat":"Rural","Vill_LGD":"306780","arr_project":"asha2"}},
{"type":"Feature","geometry":{"type":"Polygon","coordinates":[[[88.18653,26.68175],[88.18583,26.68408],[88.17808,26.68406],[88.17157,26.68439],[88.16743,26.68352],[88.16404,26.67855],[88.16479,26.66853],[88.16378,26.66053],[88.16656,26.66043],[88.1674,26.66767],[88.17473,26.66667],[88.18015,26.67128],[88.18339,26.67014],[88.18868,26.66989],[88.18907,26.67211],[88.18388,26.67507],[88.18653,26.68175]]]},"properties":{"District":"Darjiling","Dist_LGD":"327","Sub_dist":"Naxalbari","Subdis_LGD":"2163","Subdis_Typ":"Cd_Block","Vill_name":"Choto Moniram","Vill_Cat":"Rural","Vill_LGD":"306592","arr_project":"asha2"}},
{"type":"Feature","geometry":{"type":"Polygon","coordinates":[[[88.20277,26.72223],[88.20719,26.71958],[88.20827,26.72435],[88.20825,26.72607],[88.20265,26.72596],[88.20277,26.72223]]]},"properties":{"District":"Darjiling","Dist_LGD":"327","Sub_dist":"Naxalbari","Subdis_LGD":"2163","Subdis_Typ":"Cd_Block","Vill_name":"Choto Ganjer Chhat","Vill_Cat":"Rural","Vill_LGD":"306578","arr_project":"asha2"}},
{"type":"Feature","geometry":{"type":"Polygon","coordinates":[[[88.20719,26.71958],[88.2112,26.71973],[88.21102,26.72204],[88.20827,26.72435],[88.20719,26.71958]]]},"properties":{"District":"Darjiling","Dist_LGD":"327","Sub_dist":"Naxalbari","Subdis_LGD":"2163","Subdis_Typ":"Cd_Block","Vill_name":"Choto Ganj","Vill_Cat":"Rural","Vill_LGD":"306579","arr_project":"asha2"}},
{"type":"Feature","geometry":{"type":"Polygon","coordinates":[[[88.21203,26.7132],[88.21698,26.71238],[88.21575,26.71528],[88.21551,26.72107],[88.21102,26.72204],[88.2112,26.71973],[88.20719,26.71958],[88.20277,26.72223],[88.20285,26.71963],[88.20285,26.71596],[88.20255,26.71348],[88.21203,26.7132]]]},"properties":{"District":"Darjiling","Dist_LGD":"327","Sub_dist":"Naxalbari","Subdis_LGD":"2163","Subdis_Typ":"Cd_Block","Vill_name":"Pataram","Vill_Cat":"Rural","Vill_LGD":"306580","arr_project":"asha2"}},
{"type":"Feature","geometry":{"type":"Polygon","coordinates":[[[88.31101,26.77501],[88.30534,26.7758],[88.30681,26.77235],[88.31101,26.77501]]]},"properties":{"District":"Darjiling","Dist_LGD":"327","Sub_dist":"Matigara","Subdis_LGD":"2162","Subdis_Typ":"Cd_Block","Vill_name":"Patan Jharer Chhat","Vill_Cat":"Rural","Vill_LGD":"306498","arr_project":"asha2"}},
{"type":"Feature","geometry":{"type":"Polygon","coordinates":[[[88.33705,26.75863],[88.34094,26.75737],[88.34328,26.75838],[88.35349,26.75882],[88.35349,26.76317],[88.34804,26.76355],[88.3459,26.77165],[88.34372,26.77165],[88.33835,26.77056],[88.33921,26.76916],[88.3363,26.76485],[88.33702,26.75982],[88.33705,26.75863]]]},"properties":{"District":"Darjiling","Dist_LGD":"327","Sub_dist":"Matigara","Subdis_LGD":"2162","Subdis_Typ":"Cd_Block","Vill_name":"Khopalasi (Ct)","Vill_Cat":"Partly_Urban","Vill_LGD":"306504","arr_project":"asha2"}},
{"type":"Feature","geometry":{"type":"Polygon","coordinates":[[[88.43856,26.91866],[88.43404,26.92023],[88.43199,26.91591],[88.42456,26.91839],[88.42218,26.9222],[88.41906,26.92249],[88.41407,26.92812],[88.41259,26.93237],[88.40687,26.93684],[88.40371,26.935],[88.39764,26.93005],[88.39652,26.92777],[88.39194,26.92341],[88.38893,26.9149],[88.3891,26.91109],[88.39266,26.90563],[88.39812,26.89146],[88.4028,26.89258],[88.41007,26.89303],[88.41502,26.89641],[88.42047,26.89869],[88.42528,26.90191],[88.43228,26.90667],[88.43234,26.90923],[88.43468,26.91192],[88.43856,26.91866]],[[88.43062,26.90991],[88.42787,26.91124],[88.42849,26.91333],[88.43109,26.91355],[88.43062,26.90991]]]},"properties":{"District":"Darjiling","Dist_LGD":"327","Sub_dist":"Kurseong","Subdis_LGD":"2161","Subdis_Typ":"Cd_Block","Vill_name":"Sittong Forest","Vill_Cat":"Rural","Vill_LGD":"306479","arr_project":"asha2"}},
{"type":"Feature","geometry":{"type":"Polygon","coordinates":[[[88.40316,26.96174],[88.39995,26.96377],[88.3933,26.96345],[88.38835,26.96168],[88.38276,26.95602],[88.3798,26.9509],[88.37586,26.94939],[88.38016,26.94526],[88.38066,26.93886],[88.39174,26.93792],[88.39477,26.93937],[88.39594,26.94672],[88.40488,26.95704],[88.40577,26.96057],[88.40316,26.96174]]]},"properties":{"District":"Darjiling","Dist_LGD":"327","Sub_dist":"Kurseong","Subdis_LGD":"2161","Subdis_Typ":"Cd_Block","Vill_name":"Mangpu Cinchona Plantation","Vill_Cat":"Rural","Vill_LGD":"306475","arr_project":"asha2"}},
{"type":"Feature","geometry":{"type":"Polygon","coordinates":[[[88.33092,26.83646],[88.33348,26.842],[88.33786,26.84344],[88.3306,26.84648],[88.32932,26.85122],[88.32218,26.84958],[88.31531,26.85327],[88.31249,26.85667],[88.30289,26.84486],[88.30666,26.83745],[88.3072,26.83154],[88.31652,26.83117],[88.31603,26.82101],[88.31687,26.8162],[88.31909,26.8164],[88.32301,26.81802],[88.3223,26.81976],[88.32865,26.82479],[88.33007,26.82885],[88.32922,26.83037],[88.33092,26.83646]]]},"properties":{"District":"Darjiling","Dist_LGD":"327","Sub_dist":"Kurseong","Subdis_LGD":"2161","Subdis_Typ":"Cd_Block","Vill_name":"Selim Hill Tea Garden","Vill_Cat":"Others","Vill_LGD":"306441","arr_project":"asha2"}},
{"type":"Feature","geometry":{"type":"Polygon","coordinates":[[[88.35182,26.85228],[88.35012,26.84366],[88.34775,26.83998],[88.3475,26.83491],[88.34869,26.83068],[88.3622,26.83788],[88.37211,26.84403],[88.37256,26.84613],[88.3689,26.84894],[88.36668,26.85738],[88.36314,26.86248],[88.36091,26.86419],[88.35958,26.86363],[88.35186,26.858],[88.35182,26.85228]]]},"properties":{"District":"Darjiling","Dist_LGD":"327","Sub_dist":"Kurseong","Subdis_LGD":"2161","Subdis_Typ":"Cd_Block","Vill_name":"Narbang Tea Garden","Vill_Cat":"Others","Vill_LGD":"306447","arr_project":"asha2"}},
{"type":"Feature","geometry":{"type":"Polygon","coordinates":[[[88.38687,26.75819],[88.38703,26.75342],[88.38823,26.7519],[88.39767,26.7525],[88.40059,26.75166],[88.40482,26.75259],[88.40663,26.75581],[88.41084,26.75551],[88.4124,26.75928],[88.41078,26.76035],[88.41035,26.76563],[88.40249,26.76462],[88.3987,26.76211],[88.39581,26.76323],[88.39119,26.76298],[88.39007,26.75951],[88.38687,26.75819]]]},"properties":{"District":"Darjiling","Dist_LGD":"327","Sub_dist":"Matigara","Subdis_LGD":"2162","Subdis_Typ":"Cd_Block","Vill_name":"Udaysing","Vill_Cat":"Rural","Vill_LGD":"306532","arr_project":"asha2"}},
{"type":"Feature","geometry":{"type":"Polygon","coordinates":[[[88.40852,26.74864],[88.40571,26.75233],[88.40477,26.74498],[88.40771,26.74469],[88.40852,26.74864]]]},"properties":{"District":"Darjiling","Dist_LGD":"327","Sub_dist":"Matigara","Subdis_LGD":"2162","Subdis_Typ":"Cd_Block","Vill_name":"Foutsingher Chhat","Vill_Cat":"Rural","Vill_LGD":"306560","arr_project":"asha2"}},
{"type":"Feature","geometry":{"type":"Polygon","coordinates":[[[88.41709,26.7559],[88.41954,26.75396],[88.42049,26.74806],[88.42445,26.74607],[88.42742,26.74789],[88.42442,26.75045],[88.42303,26.75375],[88.42739,26.75502],[88.42598,26.75924],[88.42577,26.7658],[88.42177,26.76557],[88.4172,26.76398],[88.41709,26.7559]]]},"properties":{"District":"Darjiling","Dist_LGD":"327","Sub_dist":"Matigara","Subdis_LGD":"2162","Subdis_Typ":"Cd_Block","Vill_name":"Kalkut (Ct)","Vill_Cat":"Partly_Urban","Vill_LGD":"306562","arr_project":"asha2"}},
{"type":"Feature","geometry":{"type":"Polygon","coordinates":[[[88.40542,26.73792],[88.39695,26.74839],[88.40059,26.75166],[88.39767,26.7525],[88.38823,26.7519],[88.38617,26.75041],[88.38617,26.74591],[88.3876,26.74266],[88.38688,26.73842],[88.38752,26.73461],[88.39093,26.73391],[88.39173,26.73157],[88.39833,26.73276],[88.39965,26.73165],[88.40303,26.73667],[88.40542,26.73792]]]},"properties":{"District":"Darjiling","Dist_LGD":"327","Sub_dist":"Matigara","Subdis_LGD":"2162","Subdis_Typ":"Cd_Block","Vill_name":"Bara Gharia","Vill_Cat":"Rural","Vill_LGD":"306558","arr_project":"asha2"}},
{"type":"Feature","geometry":{"type":"Polygon","coordinates":[[[88.40542,26.73792],[88.40883,26.73767],[88.40771,26.74469],[88.40477,26.74498],[88.40571,26.75233],[88.40852,26.74864],[88.41527,26.74929],[88.41639,26.75143],[88.41429,26.75365],[88.41709,26.7559],[88.4172,26.76398],[88.4165,26.76495],[88.41095,26.76572],[88.41035,26.76563],[88.41078,26.76035],[88.4124,26.75928],[88.41084,26.75551],[88.40663,26.75581],[88.40482,26.75259],[88.40059,26.75166],[88.39695,26.74839],[88.40542,26.73792]]]},"properties":{"District":"Darjiling","Dist_LGD":"327","Sub_dist":"Matigara","Subdis_LGD":"2162","Subdis_Typ":"Cd_Block","Vill_name":"Daknikata (P) (Ct)","Vill_Cat":"Partly_Urban","Vill_LGD":"306559","arr_project":"asha2"}},
{"type":"Feature","geometry":{"type":"Polygon","coordinates":[[[88.42095,26.76827],[88.4165,26.76495],[88.4172,26.76398],[88.42177,26.76557],[88.42577,26.7658],[88.42735,26.76892],[88.4257,26.77533],[88.42343,26.77776],[88.41923,26.77644],[88.42251,26.77105],[88.42095,26.76827]]]},"properties":{"District":"Darjiling","Dist_LGD":"327","Sub_dist":"Matigara","Subdis_LGD":"2162","Subdis_Typ":"Cd_Block","Vill_name":"Kalabari","Vill_Cat":"Rural","Vill_LGD":"306526","arr_project":"asha2"}},
{"type":"Feature","geometry":{"type":"Polygon","coordinates":[[[88.41682,26.77772],[88.41844,26.76811],[88.42095,26.76827],[88.42251,26.77105],[88.41923,26.77644],[88.41682,26.77772]]]},"properties":{"District":"Darjiling","Dist_LGD":"327","Sub_dist":"Matigara","Subdis_LGD":"2162","Subdis_Typ":"Cd_Block","Vill_name":"Malahar","Vill_Cat":"Rural","Vill_LGD":"306527","arr_project":"asha2"}},
{"type":"Feature","geometry":{"type":"Polygon","coordinates":[[[88.41855,26.78403],[88.40925,26.78566],[88.4067,26.78755],[88.40245,26.78723],[88.40321,26.78177],[88.40431,26.78131],[88.40541,26.78329],[88.41705,26.78121],[88.41878,26.78317],[88.41855,26.78403]]]},"properties":{"District":"Darjiling","Dist_LGD":"327","Sub_dist":"Matigara","Subdis_LGD":"2162","Subdis_Typ":"Cd_Block","Vill_name":"Jadubhitar Chhat","Vill_Cat":"Rural","Vill_LGD":"306529","arr_project":"asha2"}},
{"type":"Feature","geometry":{"type":"Polygon","coordinates":[[[88.38348,26.77672],[88.37477,26.77536],[88.37447,26.77322],[88.37796,26.77043],[88.37692,26.76639],[88.37928,26.76424],[88.38331,26.76345],[88.38663,26.76143],[88.39119,26.76298],[88.39228,26.7658],[88.39078,26.76919],[88.38677,26.768],[88.38108,26.77196],[88.38348,26.77672]]]},"properties":{"District":"Darjiling","Dist_LGD":"327","Sub_dist":"Matigara","Subdis_LGD":"2162","Subdis_Typ":"Cd_Block","Vill_name":"Panchanai (Ct)","Vill_Cat":"Partly_Urban","Vill_LGD":"306510","arr_project":"asha2"}},
{"type":"Feature","geometry":{"type":"Polygon","coordinates":[[[88.41124,26.79937],[88.40104,26.79986],[88.38935,26.79686],[88.38437,26.79437],[88.37674,26.79337],[88.3723,26.79185],[88.36876,26.7921],[88.36795,26.79191],[88.3695,26.78849],[88.36389,26.78777],[88.37101,26.78057],[88.37477,26.77536],[88.38348,26.77672],[88.39499,26.7763],[88.39688,26.77685],[88.39737,26.77888],[88.39799,26.781],[88.40321,26.78177],[88.40245,26.78723],[88.4067,26.78755],[88.40925,26.78566],[88.41855,26.78403],[88.41355,26.78834],[88.41425,26.79251],[88.41183,26.79748],[88.41124,26.79937]]]},"properties":{"District":"Darjiling","Dist_LGD":"327","Sub_dist":"Matigara","Subdis_LGD":"2162","Subdis_Typ":"Cd_Block","Vill_name":"Mohorgon Tea Garden","Vill_Cat":"Others","Vill_LGD":"306513","arr_project":"asha2"}},
{"type":"Feature","geometry":{"type":"Polygon","coordinates":[[[88.3995,26.77874],[88.39885,26.77701],[88.411,26.7691],[88.41095,26.76572],[88.4165,26.76495],[88.42095,26.76827],[88.41844,26.76811],[88.41682,26.77772],[88.41705,26.78121],[88.40541,26.78329],[88.40431,26.78131],[88.40644,26.77761],[88.3995,26.77874]]]},"properties":{"District":"Darjiling","Dist_LGD":"327","Sub_dist":"Matigara","Subdis_LGD":"2162","Subdis_Typ":"Cd_Block","Vill_name":"Mahishmari","Vill_Cat":"Rural","Vill_LGD":"306528","arr_project":"asha2"}},
{"type":"Feature","geometry":{"type":"Polygon","coordinates":[[[88.42258,26.78287],[88.4254,26.78332],[88.42237,26.78689],[88.42258,26.78287]]]},"properties":{"District":"Darjiling","Dist_LGD":"327","Sub_dist":"Matigara","Subdis_LGD":"2162","Subdis_Typ":"Cd_Block","Vill_name":"Dariagramer Chhat","Vill_Cat":"Rural","Vill_LGD":"306522","arr_project":"asha2"}},
{"type":"Feature","geometry":{"type":"Polygon","coordinates":[[[88.43317,26.78736],[88.43454,26.78453],[88.43503,26.78568],[88.43317,26.78736]]]},"properties":{"District":"Darjiling","Dist_LGD":"327","Sub_dist":"Matigara","Subdis_LGD":"2162","Subdis_Typ":"Cd_Block","Vill_name":"Champasari Chhat","Vill_Cat":"Rural","Vill_LGD":"306517","arr_project":"asha2"}},
{"type":"Feature","geometry":{"type":"Polygon","coordinates":[[[88.42644,26.79727],[88.42079,26.79957],[88.41632,26.79951],[88.41124,26.79937],[88.41183,26.79748],[88.42,26.79535],[88.42609,26.79548],[88.42644,26.79727]]]},"properties":{"District":"Darjiling","Dist_LGD":"327","Sub_dist":"Matigara","Subdis_LGD":"2162","Subdis_Typ":"Cd_Block","Vill_name":"Galmakhari","Vill_Cat":"Rural","Vill_LGD":"306515","arr_project":"asha2"}},
{"type":"Feature","geometry":{"type":"Polygon","coordinates":[[[88.43122,26.79658],[88.42644,26.79727],[88.42609,26.79548],[88.43121,26.7965],[88.43122,26.79658]]]},"properties":{"District":"Darjiling","Dist_LGD":"327","Sub_dist":"Kurseong","Subdis_LGD":"2161","Subdis_Typ":"Cd_Block","Vill_name":"Shalbari Chhat Dwitiya Khanda","Vill_Cat":"Rural","Vill_LGD":"306487","arr_project":"asha2"}},
{"type":"Feature","geometry":{"type":"Polygon","coordinates":[[[88.43099,26.79108],[88.4274,26.79358],[88.41425,26.79251],[88.41355,26.78834],[88.41855,26.78403],[88.41878,26.78317],[88.42258,26.78287],[88.42237,26.78689],[88.42749,26.78472],[88.43472,26.78412],[88.43454,26.78453],[88.43317,26.78736],[88.43099,26.79108]]]},"properties":{"District":"Darjiling","Dist_LGD":"327","Sub_dist":"Matigara","Subdis_LGD":"2162","Subdis_Typ":"Cd_Block","Vill_name":"Karaibari","Vill_Cat":"Rural","Vill_LGD":"306521","arr_project":"asha2"}},
{"type":"Feature","geometry":{"type":"Polygon","coordinates":[[[88.43472,26.78412],[88.42749,26.78472],[88.42237,26.78689],[88.4254,26.78332],[88.42258,26.78287],[88.41878,26.78317],[88.41705,26.78121],[88.41682,26.77772],[88.41923,26.77644],[88.42343,26.77776],[88.4257,26.77533],[88.43258,26.77645],[88.43214,26.77742],[88.4349,26.78374],[88.43472,26.78412]]]},"properties":{"District":"Darjiling","Dist_LGD":"327","Sub_dist":"Matigara","Subdis_LGD":"2162","Subdis_Typ":"Cd_Block","Vill_name":"Sisabari","Vill_Cat":"Rural","Vill_LGD":"306523","arr_project":"asha2"}},
{"type":"Feature","geometry":{"type":"Polygon","coordinates":[[[88.44077,26.83554],[88.43649,26.83891],[88.43325,26.83657],[88.42082,26.82952],[88.40491,26.82836],[88.39567,26.83013],[88.38855,26.83],[88.39693,26.82201],[88.40044,26.81621],[88.40278,26.81514],[88.40705,26.80998],[88.4101,26.80488],[88.41562,26.80195],[88.41632,26.79951],[88.42079,26.79957],[88.42644,26.79727],[88.43122,26.79658],[88.4298,26.79803],[88.4319,26.8011],[88.4345,26.802],[88.43407,26.8102],[88.43565,26.81153],[88.43345,26.81529],[88.4303,26.81794],[88.43064,26.82067],[88.43394,26.82068],[88.43728,26.82818],[88.44127,26.83267],[88.44077,26.83554]]]},"properties":{"District":"Darjiling","Dist_LGD":"327","Sub_dist":"Kurseong","Subdis_LGD":"2161","Subdis_Typ":"Cd_Block","Vill_name":"Champasari Forest","Vill_Cat":"Rural","Vill_LGD":"306482","arr_project":"asha2"}},
{"type":"Feature","geometry":{"type":"Polygon","coordinates":[[[88.47533,26.87722],[88.4727,26.8778],[88.46846,26.87502],[88.46386,26.87418],[88.45882,26.8734],[88.45581,26.87405],[88.45111,26.87805],[88.44606,26.87637],[88.44754,26.87311],[88.45206,26.87164],[88.4514,26.86488],[88.44684,26.86084],[88.44687,26.85308],[88.44334,26.85157],[88.44348,26.8448],[88.44256,26.84264],[88.43649,26.83891],[88.44077,26.83554],[88.44859,26.83987],[88.45462,26.84053],[88.47066,26.84762],[88.47572,26.84864],[88.48286,26.8533],[88.48599,26.85418],[88.49003,26.85271],[88.49247,26.85009],[88.49687,26.8496],[88.49951,26.84637],[88.4997,26.84231],[88.50332,26.84],[88.51013,26.83938],[88.51036,26.84427],[88.50594,26.84903],[88.50238,26.84867],[88.49578,26.85374],[88.49303,26.85491],[88.49079,26.85825],[88.48368,26.86436],[88.47981,26.86863],[88.47969,26.87516],[88.47533,26.87722]],[[88.46753,26.85804],[88.4655,26.85914],[88.46762,26.86146],[88.46986,26.8611],[88.46753,26.85804]]]},"properties":{"District":"Darjiling","Dist_LGD":"327","Sub_dist":"Kurseong","Subdis_LGD":"2161","Subdis_Typ":"Cd_Block","Vill_name":"Sivoke Forest","Vill_Cat":"Rural","Vill_LGD":"306492","arr_project":"asha2"}},
{"type":"Feature","geometry":{"type":"Polygon","coordinates":[[[88.4327,26.795],[88.43121,26.7965],[88.42609,26.79548],[88.42,26.79535],[88.41183,26.79748],[88.41425,26.79251],[88.4274,26.79358],[88.43099,26.79108],[88.4327,26.795]]]},"properties":{"District":"Darjiling","Dist_LGD":"327","Sub_dist":"Matigara","Subdis_LGD":"2162","Subdis_Typ":"Cd_Block","Vill_name":"Purba Karai Barir Chhat","Vill_Cat":"Rural","Vill_LGD":"306514","arr_project":"asha2"}},
{"type":"Feature","geometry":{"type":"Polygon","coordinates":[[[88.4395,26.78532],[88.43972,26.78676],[88.43718,26.79569],[88.4327,26.795],[88.43099,26.79108],[88.43317,26.78736],[88.43503,26.78568],[88.43736,26.78312],[88.4397,26.7824],[88.4395,26.78532]]]},"properties":{"District":"Darjiling","Dist_LGD":"327","Sub_dist":"Matigara","Subdis_LGD":"2162","Subdis_Typ":"Cd_Block","Vill_name":"Champasari","Vill_Cat":"Rural","Vill_LGD":"306516","arr_project":"asha2"}},
{"type":"Feature","geometry":{"type":"Polygon","coordinates":[[[88.43631,26.77359],[88.43763,26.77593],[88.43465,26.77806],[88.43214,26.77742],[88.43258,26.77645],[88.43631,26.77359]]]},"properties":{"District":"Darjiling","Dist_LGD":"327","Sub_dist":"Matigara","Subdis_LGD":"2162","Subdis_Typ":"Cd_Block","Vill_name":"Rupan Chhat","Vill_Cat":"Rural","Vill_LGD":"306524","arr_project":"asha2"}},
{"type":"Feature","geometry":{"type":"Polygon","coordinates":[[[88.40983,26.69952],[88.41319,26.69993],[88.41096,26.6937],[88.41225,26.6738],[88.41574,26.67404],[88.42218,26.67802],[88.42866,26.67914],[88.43381,26.67904],[88.45263,26.68135],[88.45284,26.6867],[88.44822,26.68896],[88.44673,26.69122],[88.45064,26.70115],[88.45113,26.70733],[88.4563,26.70732],[88.45876,26.7092],[88.45695,26.71629],[88.45244,26.71487],[88.45257,26.72511],[88.45435,26.74268],[88.45356,26.74443],[88.45464,26.75038],[88.45259,26.75499],[88.45187,26.76009],[88.45295,26.76713],[88.44571,26.76739],[88.44257,26.76882],[88.43755,26.76092],[88.43428,26.76422],[88.43539,26.75792],[88.43036,26.75335],[88.42847,26.7575],[88.42598,26.75924],[88.42739,26.75502],[88.42303,26.75375],[88.42442,26.75045],[88.42742,26.74789],[88.42445,26.74607],[88.42049,26.74806],[88.41954,26.75396],[88.41709,26.7559],[88.41429,26.75365],[88.41639,26.75143],[88.41527,26.74929],[88.40852,26.74864],[88.40771,26.74469],[88.40883,26.73767],[88.40542,26.73792],[88.40303,26.73667],[88.40401,26.73111],[88.40119,26.72656],[88.39773,26.72467],[88.39705,26.72068],[88.39857,26.71788],[88.40262,26.71627],[88.4061,26.7174],[88.40974,26.71436],[88.40847,26.7081],[88.40784,26.70278],[88.40983,26.69952]]]},"properties":{"District":"Darjiling","Dist_LGD":"327","Sub_dist":"Matigara","Subdis_LGD":"2162","Subdis_Typ":"Cd_Block","Vill_name":"Siliguri (M Corp.) (Part)","Vill_Cat":"Fully_Urban","Vill_LGD":"801638","arr_project":"asha2"}},
{"type":"Feature","geometry":{"type":"Polygon","coordinates":[[[88.2312,26.91626],[88.23228,26.92081],[88.22954,26.92531],[88.2259,26.92535],[88.22504,26.9283],[88.22012,26.93169],[88.21987,26.93454],[88.21746,26.93666],[88.21003,26.93373],[88.20592,26.93108],[88.20761,26.92776],[88.2148,26.92343],[88.21775,26.91877],[88.22081,26.91208],[88.22737,26.91457],[88.23123,26.91399],[88.2312,26.91626]]]},"properties":{"District":"Darjiling","Dist_LGD":"327","Sub_dist":"Jor Bungalow Sukhiya Pokhri","Subdis_LGD":"2159","Subdis_Typ":"Cd_Block","Vill_name":"Dhajea Tea Garden","Vill_Cat":"Others","Vill_LGD":"306389","arr_project":"asha2"}},
{"type":"Feature","geometry":{"type":"Polygon","coordinates":[[[88.22157,26.90091],[88.22447,26.9031],[88.21718,26.90941],[88.22081,26.91208],[88.21775,26.91877],[88.2148,26.92343],[88.20761,26.92776],[88.20592,26.93108],[88.2029,26.92937],[88.2006,26.92614],[88.196,26.9237],[88.19662,26.90999],[88.20799,26.90493],[88.21804,26.90353],[88.22157,26.90091]]]},"properties":{"District":"Darjiling","Dist_LGD":"327","Sub_dist":"Jor Bungalow Sukhiya Pokhri","Subdis_LGD":"2159","Subdis_Typ":"Cd_Block","Vill_name":"Nagri Farm Tea Garden","Vill_Cat":"Others","Vill_LGD":"306390","arr_project":"asha2"}},
{"type":"Feature","geometry":{"type":"Polygon","coordinates":[[[88.2029,26.92937],[88.19561,26.93744],[88.1924,26.93852],[88.18821,26.93328],[88.18342,26.93397],[88.17835,26.92975],[88.17464,26.92253],[88.1763,26.91844],[88.17784,26.91546],[88.18276,26.91237],[88.18548,26.91139],[88.19662,26.90999],[88.196,26.9237],[88.2006,26.92614],[88.2029,26.92937]]]},"properties":{"District":"Darjiling","Dist_LGD":"327","Sub_dist":"Jor Bungalow Sukhiya Pokhri","Subdis_LGD":"2159","Subdis_Typ":"Cd_Block","Vill_name":"Mangarjung Tea Garden (Nagri)","Vill_Cat":"Others","Vill_LGD":"306395","arr_project":"asha2"}},
{"type":"Feature","geometry":{"type":"Polygon","coordinates":[[[88.17458,26.92042],[88.17095,26.9248],[88.16875,26.92964],[88.16575,26.93297],[88.15815,26.9309],[88.1554,26.9269],[88.1517,26.92745],[88.14289,26.92447],[88.14471,26.92202],[88.14876,26.91794],[88.14963,26.91171],[88.15073,26.91026],[88.15506,26.91033],[88.16123,26.91482],[88.17273,26.91828],[88.17458,26.92042]]]},"properties":{"District":"Darjiling","Dist_LGD":"327","Sub_dist":"Jor Bungalow Sukhiya Pokhri","Subdis_LGD":"2159","Subdis_Typ":"Cd_Block","Vill_name":"Gopal Dhara Tea Garden","Vill_Cat":"Others","Vill_LGD":"306383","arr_project":"asha2"}},
{"type":"Feature","geometry":{"type":"Polygon","coordinates":[[[88.1763,26.91844],[88.17464,26.92253],[88.17835,26.92975],[88.18342,26.93397],[88.18821,26.93328],[88.1924,26.93852],[88.18761,26.94131],[88.18745,26.94511],[88.18463,26.94515],[88.17951,26.94238],[88.17372,26.93809],[88.16875,26.92964],[88.17095,26.9248],[88.17458,26.92042],[88.1763,26.91844]]]},"properties":{"District":"Darjiling","Dist_LGD":"327","Sub_dist":"Jor Bungalow Sukhiya Pokhri","Subdis_LGD":"2159","Subdis_Typ":"Cd_Block","Vill_name":"Sungma Tea Garden(Sungma)","Vill_Cat":"Others","Vill_LGD":"306384","arr_project":"asha2"}},
{"type":"Feature","geometry":{"type":"Polygon","coordinates":[[[88.18745,26.94511],[88.1941,26.94366],[88.20069,26.94494],[88.20329,26.94659],[88.21157,26.94503],[88.21065,26.947],[88.21037,26.9539],[88.209,26.95647],[88.20964,26.96049],[88.20851,26.96309],[88.20146,26.96502],[88.19822,26.96439],[88.19755,26.96321],[88.18881,26.95796],[88.18614,26.95051],[88.18438,26.94897],[88.18745,26.94511]]]},"properties":{"District":"Darjiling","Dist_LGD":"327","Sub_dist":"Jor Bungalow Sukhiya Pokhri","Subdis_LGD":"2159","Subdis_Typ":"Cd_Block","Vill_name":"Samrik Tea Garden (Simripani)","Vill_Cat":"Others","Vill_LGD":"306387","arr_project":"asha2"}},
{"type":"Feature","geometry":{"type":"Polygon","coordinates":[[[88.33835,26.77056],[88.3343,26.77514],[88.33243,26.77978],[88.33114,26.77632],[88.32578,26.77452],[88.32264,26.77637],[88.31486,26.77592],[88.31101,26.77501],[88.30681,26.77235],[88.30534,26.7758],[88.29992,26.77655],[88.29768,26.77399],[88.29848,26.77274],[88.30624,26.76761],[88.31172,26.76554],[88.31212,26.7717],[88.31661,26.76666],[88.31587,26.76457],[88.31799,26.76286],[88.32232,26.76346],[88.32616,26.76303],[88.32797,26.76055],[88.33669,26.75655],[88.33705,26.75863],[88.33702,26.75982],[88.33477,26.76061],[88.3363,26.76485],[88.33921,26.76916],[88.33835,26.77056]]]},"properties":{"District":"Darjiling","Dist_LGD":"327","Sub_dist":"Matigara","Subdis_LGD":"2162","Subdis_Typ":"Cd_Block","Vill_name":"Khaprail (Ct)","Vill_Cat":"Partly_Urban","Vill_LGD":"306497","arr_project":"asha2"}},
{"type":"Feature","geometry":{"type":"Polygon","coordinates":[[[88.15344,26.94332],[88.15058,26.94523],[88.14489,26.94224],[88.14178,26.93929],[88.1379,26.93267],[88.13912,26.92886],[88.14289,26.92447],[88.1517,26.92745],[88.1554,26.9269],[88.15815,26.9309],[88.16575,26.93297],[88.1625,26.93884],[88.15811,26.94277],[88.15344,26.94332]]]},"properties":{"District":"Darjiling","Dist_LGD":"327","Sub_dist":"Jor Bungalow Sukhiya Pokhri","Subdis_LGD":"2159","Subdis_Typ":"Cd_Block","Vill_name":"Seyok Tea Garden","Vill_Cat":"Others","Vill_LGD":"306382","arr_project":"asha2"}},
{"type":"Feature","geometry":{"type":"Polygon","coordinates":[[[88.15344,26.94332],[88.15811,26.94277],[88.1625,26.93884],[88.16502,26.94194],[88.16804,26.94318],[88.17737,26.95241],[88.17182,26.95676],[88.15997,26.94836],[88.15639,26.94396],[88.15344,26.94332]]]},"properties":{"District":"Darjiling","Dist_LGD":"327","Sub_dist":"Jor Bungalow Sukhiya Pokhri","Subdis_LGD":"2159","Subdis_Typ":"Cd_Block","Vill_name":"Selimbong Tea Garden","Vill_Cat":"Others","Vill_LGD":"306381","arr_project":"asha2"}},
{"type":"Feature","geometry":{"type":"Polygon","coordinates":[[[88.16433,26.99483],[88.16637,26.99435],[88.16832,27.00057],[88.16623,26.99926],[88.16433,26.99483]]]},"properties":{"District":"Darjiling","Dist_LGD":"327","Sub_dist":"Jor Bungalow Sukhiya Pokhri","Subdis_LGD":"2159","Subdis_Typ":"Cd_Block","Vill_name":"Sukhiapokhri (Ct)","Vill_Cat":"Partly_Urban","Vill_LGD":"306392","arr_project":"asha2"}},
{"type":"Feature","geometry":{"type":"Polygon","coordinates":[[[88.15058,26.94523],[88.14861,26.94642],[88.14471,26.95203],[88.14391,26.9554],[88.1409,26.95947],[88.14333,26.96464],[88.14216,26.96908],[88.14418,26.9721],[88.14402,26.97878],[88.14031,26.97845],[88.13508,26.97463],[88.13149,26.97066],[88.13009,26.96765],[88.12777,26.95638],[88.12888,26.94634],[88.12525,26.94405],[88.12875,26.93927],[88.1321,26.93823],[88.1379,26.93267],[88.14178,26.93929],[88.14489,26.94224],[88.15058,26.94523]],[[88.13205,26.96811],[88.13077,26.96882],[88.1322,26.96964],[88.13303,26.96855],[88.13205,26.96811]],[[88.1375,26.93888],[88.13701,26.93983],[88.13761,26.94011],[88.13856,26.93875],[88.1375,26.93888]]]},"properties":{"District":"Darjiling","Dist_LGD":"327","Sub_dist":"Jor Bungalow Sukhiya Pokhri","Subdis_LGD":"2159","Subdis_Typ":"Cd_Block","Vill_name":"Achhalal Hatta(Rong Bong Basty)","Vill_Cat":"Rural","Vill_LGD":"306379","arr_project":"asha2"}},
{"type":"Feature","geometry":{"type":"Polygon","coordinates":[[[88.14402,26.97878],[88.14418,26.9721],[88.14216,26.96908],[88.14333,26.96464],[88.1409,26.95947],[88.14391,26.9554],[88.14471,26.95203],[88.14861,26.94642],[88.15058,26.94523],[88.15344,26.94332],[88.15639,26.94396],[88.15997,26.94836],[88.17182,26.95676],[88.1647,26.96062],[88.15279,26.97012],[88.14958,26.97561],[88.14402,26.97878]]]},"properties":{"District":"Darjiling","Dist_LGD":"327","Sub_dist":"Jor Bungalow Sukhiya Pokhri","Subdis_LGD":"2159","Subdis_Typ":"Cd_Block","Vill_name":"Chamu Tea Garden","Vill_Cat":"Others","Vill_LGD":"306380","arr_project":"asha2"}},
{"type":"Feature","geometry":{"type":"Polygon","coordinates":[[[88.3469,26.78982],[88.34441,26.79565],[88.34284,26.7968],[88.33522,26.79615],[88.337,26.79309],[88.34127,26.79002],[88.34362,26.79021],[88.3469,26.78982]]]},"properties":{"District":"Darjiling","Dist_LGD":"327","Sub_dist":"Kurseong","Subdis_LGD":"2161","Subdis_Typ":"Cd_Block","Vill_name":"Kanyan","Vill_Cat":"Rural","Vill_LGD":"306444","arr_project":"asha2"}},
{"type":"Feature","geometry":{"type":"Polygon","coordinates":[[[88.30519,26.78059],[88.29804,26.78092],[88.29455,26.78652],[88.29378,26.79581],[88.29039,26.79009],[88.29004,26.78736],[88.28557,26.78365],[88.28836,26.77948],[88.29268,26.77765],[88.29768,26.77399],[88.29992,26.77655],[88.30292,26.77774],[88.30519,26.78059]]]},"properties":{"District":"Darjiling","Dist_LGD":"327","Sub_dist":"Kurseong","Subdis_LGD":"2161","Subdis_Typ":"Cd_Block","Vill_name":"Saptiguri Khelaghar Tea Garden","Vill_Cat":"Others","Vill_LGD":"306434","arr_project":"asha2"}},
{"type":"Feature","geometry":{"type":"Polygon","coordinates":[[[88.25187,26.80112],[88.25056,26.81548],[88.25062,26.82136],[88.24935,26.82574],[88.24589,26.83253],[88.24572,26.83691],[88.23997,26.84066],[88.24154,26.83691],[88.2408,26.8287],[88.24391,26.82212],[88.24586,26.81421],[88.24577,26.8116],[88.24756,26.79998],[88.25187,26.80112]]]},"properties":{"District":"Darjiling","Dist_LGD":"327","Sub_dist":"Kurseong","Subdis_LGD":"2161","Subdis_Typ":"Cd_Block","Vill_name":"Jamadar Bhitta Khasmahal","Vill_Cat":"Rural","Vill_LGD":"306431","arr_project":"asha2"}},
{"type":"Feature","geometry":{"type":"Polygon","coordinates":[[[88.16268,26.53379],[88.1635,26.53636],[88.1556,26.53746],[88.15334,26.53677],[88.15284,26.53167],[88.15635,26.53002],[88.16268,26.53379]]]},"properties":{"District":"Darjiling","Dist_LGD":"327","Sub_dist":"Kharibari","Subdis_LGD":"2165","Subdis_Typ":"Cd_Block","Vill_name":"Chekarmari","Vill_Cat":"Rural","Vill_LGD":"306812","arr_project":"asha2"}},
{"type":"Feature","geometry":{"type":"Polygon","coordinates":[[[88.29673,26.80242],[88.29174,26.80368],[88.28896,26.79845],[88.28944,26.79487],[88.28758,26.7927],[88.28744,26.78849],[88.29004,26.78736],[88.29039,26.79009],[88.29378,26.79581],[88.29673,26.80242]]]},"properties":{"District":"Darjiling","Dist_LGD":"327","Sub_dist":"Kurseong","Subdis_LGD":"2161","Subdis_Typ":"Cd_Block","Vill_name":"Rakti Forest","Vill_Cat":"Rural","Vill_LGD":"306437","arr_project":"asha2"}},
{"type":"Feature","geometry":{"type":"Polygon","coordinates":[[[88.26669,26.84403],[88.2654,26.84855],[88.26163,26.8464],[88.24474,26.84383],[88.23987,26.84452],[88.23997,26.84135],[88.23997,26.84066],[88.24572,26.83691],[88.24589,26.83253],[88.24935,26.82574],[88.25062,26.82136],[88.25056,26.81548],[88.25187,26.80112],[88.25563,26.80164],[88.25976,26.79945],[88.27135,26.80053],[88.27796,26.80604],[88.27535,26.80832],[88.27289,26.80986],[88.27055,26.81145],[88.26773,26.81641],[88.26567,26.82221],[88.26903,26.82887],[88.26952,26.83434],[88.26421,26.83314],[88.26396,26.83542],[88.26669,26.84403]]]},"properties":{"District":"Darjiling","Dist_LGD":"327","Sub_dist":"Kurseong","Subdis_LGD":"2161","Subdis_Typ":"Cd_Block","Vill_name":"Longview Tea Garden","Vill_Cat":"Others","Vill_LGD":"306430","arr_project":"asha2"}},
{"type":"Feature","geometry":{"type":"Polygon","coordinates":[[[88.46386,26.87418],[88.46129,26.87979],[88.45309,26.88607],[88.45062,26.89178],[88.44793,26.89567],[88.44414,26.89922],[88.43351,26.90516],[88.43228,26.90667],[88.42528,26.90191],[88.43116,26.89605],[88.42917,26.89014],[88.42915,26.88318],[88.43084,26.88198],[88.44606,26.87637],[88.45111,26.87805],[88.45581,26.87405],[88.45882,26.8734],[88.46386,26.87418]]]},"properties":{"District":"Darjiling","Dist_LGD":"327","Sub_dist":"Kurseong","Subdis_LGD":"2161","Subdis_Typ":"Cd_Block","Vill_name":"Gola Forest","Vill_Cat":"Rural","Vill_LGD":"306480","arr_project":"asha2"}},
{"type":"Feature","geometry":{"type":"Polygon","coordinates":[[[88.35778,26.91806],[88.34988,26.91867],[88.34266,26.9215],[88.34061,26.92095],[88.34317,26.9117],[88.3428,26.9036],[88.35,26.90683],[88.35619,26.90983],[88.35472,26.91447],[88.36139,26.9165],[88.36143,26.91759],[88.35778,26.91806]]]},"properties":{"District":"Darjiling","Dist_LGD":"327","Sub_dist":"Kurseong","Subdis_LGD":"2161","Subdis_Typ":"Cd_Block","Vill_name":"Mahaldiram Tea Garden","Vill_Cat":"Others","Vill_LGD":"306468","arr_project":"asha2"}},
{"type":"Feature","geometry":{"type":"Polygon","coordinates":[[[88.37828,26.91582],[88.37239,26.91464],[88.36752,26.91716],[88.36143,26.91759],[88.36139,26.9165],[88.35472,26.91447],[88.35619,26.90983],[88.36232,26.90579],[88.36398,26.89953],[88.36301,26.89486],[88.36344,26.89139],[88.36811,26.88996],[88.3641,26.88399],[88.36547,26.87603],[88.3647,26.87076],[88.37291,26.8674],[88.37474,26.86979],[88.3787,26.88282],[88.38132,26.88438],[88.39415,26.88873],[88.39812,26.89146],[88.39266,26.90563],[88.3891,26.91109],[88.38893,26.9149],[88.37828,26.91582]],[[88.39175,26.89114],[88.39077,26.89393],[88.3948,26.89467],[88.39459,26.89162],[88.39175,26.89114]]]},"properties":{"District":"Darjiling","Dist_LGD":"327","Sub_dist":"Kurseong","Subdis_LGD":"2161","Subdis_Typ":"Cd_Block","Vill_name":"Latpanchar Forest","Vill_Cat":"Rural","Vill_LGD":"306472","arr_project":"asha2"}},
{"type":"Feature","geometry":{"type":"Polygon","coordinates":[[[88.34869,26.83068],[88.3475,26.83491],[88.34775,26.83998],[88.35012,26.84366],[88.35182,26.85228],[88.34324,26.84657],[88.34602,26.84512],[88.34146,26.841],[88.33567,26.84073],[88.33861,26.83656],[88.34224,26.83732],[88.3436,26.83246],[88.343,26.82653],[88.34511,26.82552],[88.35164,26.82553],[88.35616,26.82345],[88.34869,26.83068]]]},"properties":{"District":"Darjiling","Dist_LGD":"327","Sub_dist":"Kurseong","Subdis_LGD":"2161","Subdis_Typ":"Cd_Block","Vill_name":"Sepoydhura Tea Garden","Vill_Cat":"Others","Vill_LGD":"306448","arr_project":"asha2"}},
{"type":"Feature","geometry":{"type":"Polygon","coordinates":[[[88.34072,26.82763],[88.34191,26.83396],[88.33491,26.83653],[88.33092,26.83646],[88.32922,26.83037],[88.33007,26.82885],[88.33092,26.8299],[88.34072,26.82763]]]},"properties":{"District":"Darjiling","Dist_LGD":"327","Sub_dist":"Kurseong","Subdis_LGD":"2161","Subdis_Typ":"Cd_Block","Vill_name":"Sepoydhura Tea Garden","Vill_Cat":"Others","Vill_LGD":"306448","arr_project":"asha2"}},
{"type":"Feature","geometry":{"type":"Polygon","coordinates":[[[88.34324,26.84657],[88.35182,26.85228],[88.35186,26.858],[88.35958,26.86363],[88.35362,26.86352],[88.34933,26.86617],[88.3467,26.87002],[88.34302,26.86863],[88.3407,26.86566],[88.33423,26.86538],[88.3306,26.85758],[88.33493,26.85795],[88.33731,26.85614],[88.337,26.85267],[88.33508,26.84946],[88.33734,26.84669],[88.34324,26.84657]]]},"properties":{"District":"Darjiling","Dist_LGD":"327","Sub_dist":"Kurseong","Subdis_LGD":"2161","Subdis_Typ":"Cd_Block","Vill_name":"Tindharia Tea Garden","Vill_Cat":"Others","Vill_LGD":"306449","arr_project":"asha2"}},
{"type":"Feature","geometry":{"type":"Polygon","coordinates":[[[88.28659,26.86856],[88.29236,26.86769],[88.29573,26.87125],[88.30028,26.87255],[88.29878,26.87722],[88.2997,26.87945],[88.29279,26.87419],[88.28863,26.8746],[88.28659,26.86856]]]},"properties":{"District":"Darjiling","Dist_LGD":"327","Sub_dist":"Kurseong","Subdis_LGD":"2161","Subdis_Typ":"Cd_Block","Vill_name":"Gidda Pahar","Vill_Cat":"Rural","Vill_LGD":"306457","arr_project":"asha2"}},
{"type":"Feature","geometry":{"type":"Polygon","coordinates":[[[88.28933,26.95116],[88.28235,26.95089],[88.27917,26.94866],[88.27751,26.94484],[88.27553,26.93342],[88.27303,26.92773],[88.27012,26.92416],[88.26676,26.92585],[88.25537,26.91807],[88.2594,26.91411],[88.25226,26.90874],[88.24565,26.90279],[88.24461,26.89902],[88.25539,26.9018],[88.26712,26.90191],[88.27052,26.90704],[88.27146,26.91227],[88.27388,26.91226],[88.27853,26.91476],[88.28129,26.91839],[88.28149,26.92058],[88.28141,26.92305],[88.27882,26.92703],[88.28086,26.93163],[88.2804,26.93822],[88.28175,26.94435],[88.285,26.94812],[88.28933,26.95116]]]},"properties":{"District":"Darjiling","Dist_LGD":"327","Sub_dist":"Jor Bungalow Sukhiya Pokhri","Subdis_LGD":"2159","Subdis_Typ":"Cd_Block","Vill_name":"Ringtong Tea Garden (Margaret Hope)","Vill_Cat":"Others","Vill_LGD":"306376","arr_project":"asha2"}},
{"type":"Feature","geometry":{"type":"Polygon","coordinates":[[[88.29242,26.90868],[88.30289,26.90649],[88.30433,26.91005],[88.30976,26.91659],[88.31173,26.92363],[88.31198,26.92566],[88.30092,26.92523],[88.29835,26.92184],[88.29815,26.91842],[88.29287,26.9149],[88.29172,26.91137],[88.29242,26.90868]]]},"properties":{"District":"Darjiling","Dist_LGD":"327","Sub_dist":"Kurseong","Subdis_LGD":"2161","Subdis_Typ":"Cd_Block","Vill_name":"Baman Dhura Forest","Vill_Cat":"Rural","Vill_LGD":"306462","arr_project":"asha2"}},
{"type":"Feature","geometry":{"type":"Polygon","coordinates":[[[88.30433,26.91005],[88.3148,26.90153],[88.32699,26.90848],[88.32302,26.91337],[88.31668,26.91973],[88.31173,26.92363],[88.30976,26.91659],[88.30433,26.91005]]]},"properties":{"District":"Darjiling","Dist_LGD":"327","Sub_dist":"Kurseong","Subdis_LGD":"2161","Subdis_Typ":"Cd_Block","Vill_name":"Majua Tea Garden","Vill_Cat":"Others","Vill_LGD":"306461","arr_project":"asha2"}},
{"type":"Feature","geometry":{"type":"Polygon","coordinates":[[[88.25727,27.0585],[88.26686,27.06597],[88.26662,27.07424],[88.26306,27.07752],[88.2573,27.07608],[88.2528,27.07386],[88.2514,27.06968],[88.25256,27.06327],[88.25599,27.06155],[88.25727,27.0585]]]},"properties":{"District":"Darjiling","Dist_LGD":"327","Sub_dist":"Darjiling Phulbazar","Subdis_LGD":"2154","Subdis_Typ":"Cd_Block","Vill_name":"Pattabong Tea Garden","Vill_Cat":"Others","Vill_LGD":"306171","arr_project":"asha2"}},
{"type":"Feature","geometry":{"type":"Polygon","coordinates":[[[88.24719,27.07215],[88.24579,27.07692],[88.24231,27.07853],[88.24153,27.0811],[88.23871,27.08308],[88.22987,27.09441],[88.22819,27.09336],[88.22598,27.08661],[88.22394,27.08583],[88.21853,27.08051],[88.21761,27.07745],[88.21495,27.07566],[88.21583,27.07227],[88.21272,27.07133],[88.21443,27.06619],[88.22317,27.06756],[88.22943,27.06656],[88.23339,27.06835],[88.24001,27.06889],[88.24755,27.06572],[88.24946,27.06832],[88.24719,27.07215]]]},"properties":{"District":"Darjiling","Dist_LGD":"327","Sub_dist":"Darjiling Phulbazar","Subdis_LGD":"2154","Subdis_Typ":"Cd_Block","Vill_name":"Soom Tea Garden","Vill_Cat":"Others","Vill_LGD":"306175","arr_project":"asha2"}},
{"type":"Feature","geometry":{"type":"Polygon","coordinates":[[[88.22595,27.04482],[88.22104,27.05018],[88.2117,27.05046],[88.21041,27.04343],[88.20658,27.03752],[88.2043,27.03541],[88.20826,27.03383],[88.2253,27.0324],[88.22658,27.03504],[88.22351,27.03641],[88.22655,27.04215],[88.22595,27.04482]]]},"properties":{"District":"Darjiling","Dist_LGD":"327","Sub_dist":"Darjiling Phulbazar","Subdis_LGD":"2154","Subdis_Typ":"Cd_Block","Vill_name":"Rishihat Tea Garden","Vill_Cat":"Others","Vill_LGD":"306179","arr_project":"asha2"}},
{"type":"Feature","geometry":{"type":"Polygon","coordinates":[[[88.25653,27.04967],[88.25343,27.05306],[88.24733,27.04846],[88.24219,27.04654],[88.24323,27.04458],[88.24825,27.04278],[88.25217,27.04446],[88.25605,27.04651],[88.25653,27.04967]]]},"properties":{"District":"Darjiling","Dist_LGD":"327","Sub_dist":"Darjiling Phulbazar","Subdis_LGD":"2154","Subdis_Typ":"Cd_Block","Vill_name":"Happy Valley Tea Garden","Vill_Cat":"Others","Vill_LGD":"306177","arr_project":"asha2"}},
{"type":"Feature","geometry":{"type":"Polygon","coordinates":[[[88.24853,27.03165],[88.24995,27.03617],[88.25273,27.04062],[88.24825,27.04278],[88.24323,27.04458],[88.24219,27.04654],[88.23119,27.04616],[88.22595,27.04482],[88.22655,27.04215],[88.23252,27.03898],[88.23844,27.03721],[88.24718,27.03083],[88.24853,27.03165]]]},"properties":{"District":"Darjiling","Dist_LGD":"327","Sub_dist":"Darjiling Phulbazar","Subdis_LGD":"2154","Subdis_Typ":"Cd_Block","Vill_name":"Arya Tea Garden","Vill_Cat":"Others","Vill_LGD":"306178","arr_project":"asha2"}},
{"type":"Feature","geometry":{"type":"Polygon","coordinates":[[[88.24718,27.03083],[88.23844,27.03721],[88.23252,27.03898],[88.22655,27.04215],[88.22351,27.03641],[88.22658,27.03504],[88.2253,27.0324],[88.2255,27.03126],[88.23378,27.02589],[88.2358,27.02374],[88.24718,27.03083]]]},"properties":{"District":"Darjiling","Dist_LGD":"327","Sub_dist":"Darjiling Phulbazar","Subdis_LGD":"2154","Subdis_Typ":"Cd_Block","Vill_name":"Bloomfield Tea Garden","Vill_Cat":"Others","Vill_LGD":"306182","arr_project":"asha2"}},
{"type":"Feature","geometry":{"type":"Polygon","coordinates":[[[88.26134,27.0209],[88.26516,27.02584],[88.26882,27.02895],[88.26728,27.03213],[88.26892,27.03857],[88.26842,27.04424],[88.27163,27.04808],[88.27502,27.04999],[88.27822,27.05371],[88.27984,27.05874],[88.28156,27.0658],[88.28441,27.07198],[88.28759,27.0754],[88.28774,27.07858],[88.28581,27.07987],[88.28534,27.0799],[88.28093,27.07452],[88.2797,27.0669],[88.2771,27.06257],[88.27441,27.05332],[88.27162,27.05308],[88.26767,27.05471],[88.26501,27.0533],[88.26085,27.05698],[88.25727,27.0585],[88.25599,27.06155],[88.25256,27.06327],[88.2514,27.06968],[88.24946,27.06832],[88.24755,27.06572],[88.24825,27.06132],[88.24974,27.05611],[88.25288,27.05343],[88.25562,27.05393],[88.25653,27.04967],[88.25605,27.04651],[88.25217,27.04446],[88.25433,27.03557],[88.24853,27.03165],[88.24718,27.03083],[88.2358,27.02374],[88.2423,27.02216],[88.25011,27.02219],[88.25181,27.02055],[88.25324,27.01858],[88.25696,27.02109],[88.26134,27.0209]]]},"properties":{"District":"Darjiling","Dist_LGD":"327","Sub_dist":"Darjiling Phulbazar","Subdis_LGD":"2154","Subdis_Typ":"Cd_Block","Vill_name":"Darjeeling (M)","Vill_Cat":"Fully_Urban","Vill_LGD":"801634","arr_project":"asha2"}},
{"type":"Feature","geometry":{"type":"Polygon","coordinates":[[[88.28833,27.03588],[88.28977,27.04184],[88.27425,27.04188],[88.26842,27.04424],[88.26892,27.03857],[88.26728,27.03213],[88.26882,27.02895],[88.27033,27.02371],[88.26953,27.02135],[88.2664,27.02074],[88.27026,27.01927],[88.27423,27.01934],[88.27645,27.02099],[88.27798,27.02579],[88.28066,27.02761],[88.28399,27.03342],[88.28833,27.03588]]]},"properties":{"District":"Darjiling","Dist_LGD":"327","Sub_dist":"Darjiling Phulbazar","Subdis_LGD":"2154","Subdis_Typ":"Cd_Block","Vill_name":"Pandam Tea Garden","Vill_Cat":"Others","Vill_LGD":"306186","arr_project":"asha2"}},
{"type":"Feature","geometry":{"type":"Polygon","coordinates":[[[88.41982,27.06887],[88.41555,27.06854],[88.40753,27.0695],[88.40158,27.06626],[88.39804,27.06158],[88.39987,27.05787],[88.39854,27.0543],[88.41696,27.05645],[88.41708,27.06096],[88.42173,27.06595],[88.4203,27.06879],[88.41982,27.06887]]]},"properties":{"District":"Darjiling","Dist_LGD":"327","Sub_dist":"Rangoli And Rangliot","Subdis_LGD":"2155","Subdis_Typ":"Cd_Block","Vill_name":"Bara Mungwa","Vill_Cat":"Rural","Vill_LGD":"306196","arr_project":"asha2"}},
{"type":"Feature","geometry":{"type":"Polygon","coordinates":[[[88.4019,27.08113],[88.39801,27.08201],[88.39024,27.08555],[88.38055,27.07935],[88.3786,27.07583],[88.37676,27.06782],[88.37313,27.06372],[88.37302,27.05707],[88.37821,27.05349],[88.38585,27.04849],[88.39105,27.05129],[88.39804,27.06158],[88.40158,27.06626],[88.40753,27.0695],[88.41555,27.06854],[88.41982,27.06887],[88.41779,27.07053],[88.41267,27.07782],[88.40201,27.0811],[88.4019,27.08113]]]},"properties":{"District":"Darjiling","Dist_LGD":"327","Sub_dist":"Rangoli And Rangliot","Subdis_LGD":"2155","Subdis_Typ":"Cd_Block","Vill_name":"Peshok Tea Garden","Vill_Cat":"Others","Vill_LGD":"306195","arr_project":"asha2"}},
{"type":"Feature","geometry":{"type":"Polygon","coordinates":[[[88.28942,26.9148],[88.28481,26.91919],[88.28129,26.91839],[88.27853,26.91476],[88.27388,26.91226],[88.27146,26.91227],[88.27052,26.90704],[88.27381,26.90682],[88.27905,26.90874],[88.28427,26.90703],[88.28817,26.90742],[88.29114,26.90604],[88.28863,26.91088],[88.28942,26.9148]]]},"properties":{"District":"Darjiling","Dist_LGD":"327","Sub_dist":"Kurseong","Subdis_LGD":"2161","Subdis_Typ":"Cd_Block","Vill_name":"Sepoy Dhora(D.R.)Tea Garden","Vill_Cat":"Others","Vill_LGD":"306420","arr_project":"asha2"}},
{"type":"Feature","geometry":{"type":"Polygon","coordinates":[[[88.28534,27.0799],[88.28223,27.08161],[88.28115,27.08843],[88.27862,27.09143],[88.27351,27.09096],[88.27016,27.09447],[88.26673,27.08093],[88.26306,27.07752],[88.26662,27.07424],[88.26686,27.06597],[88.27072,27.06108],[88.27162,27.05308],[88.27441,27.05332],[88.2771,27.06257],[88.2797,27.0669],[88.28093,27.07452],[88.28534,27.0799]]]},"properties":{"District":"Darjiling","Dist_LGD":"327","Sub_dist":"Darjiling Phulbazar","Subdis_LGD":"2154","Subdis_Typ":"Cd_Block","Vill_name":"Phubsering Tea Garden","Vill_Cat":"Others","Vill_LGD":"306169","arr_project":"asha2"}},
{"type":"Feature","geometry":{"type":"Polygon","coordinates":[[[88.31407,26.61837],[88.30558,26.61891],[88.29934,26.62008],[88.29916,26.61214],[88.30478,26.61239],[88.30459,26.60742],[88.31331,26.60768],[88.31505,26.6055],[88.31945,26.60527],[88.3199,26.60863],[88.31677,26.61481],[88.31802,26.61688],[88.31407,26.61837]]]},"properties":{"District":"Darjiling","Dist_LGD":"327","Sub_dist":"Phansidewa","Subdis_LGD":"2164","Subdis_Typ":"Cd_Block","Vill_name":"Bhalomanshi","Vill_Cat":"Rural","Vill_LGD":"306716","arr_project":"asha2"}},
{"type":"Feature","geometry":{"type":"Polygon","coordinates":[[[88.22178,26.71456],[88.2294,26.71511],[88.23086,26.71371],[88.23499,26.71423],[88.23534,26.71788],[88.23912,26.71823],[88.24098,26.71656],[88.24494,26.71627],[88.24413,26.71884],[88.24095,26.72163],[88.2372,26.72202],[88.23509,26.72454],[88.23207,26.72414],[88.23047,26.72109],[88.22949,26.72415],[88.21991,26.72431],[88.22172,26.71787],[88.22178,26.71456]]]},"properties":{"District":"Darjiling","Dist_LGD":"327","Sub_dist":"Naxalbari","Subdis_LGD":"2163","Subdis_Typ":"Cd_Block","Vill_name":"Huchai Mullick","Vill_Cat":"Rural","Vill_LGD":"306625","arr_project":"asha2"}},
{"type":"Feature","geometry":{"type":"Polygon","coordinates":[[[88.4181,27.0295],[88.40764,27.03372],[88.40618,27.03286],[88.39998,27.03417],[88.39693,27.03656],[88.38824,27.03563],[88.38351,27.03206],[88.38613,27.02268],[88.38979,27.02158],[88.3939,27.02136],[88.39808,27.02304],[88.40305,27.02341],[88.40877,27.02521],[88.41498,27.02439],[88.4181,27.0295]]]},"properties":{"District":"Darjiling","Dist_LGD":"327","Sub_dist":"Rangoli And Rangliot","Subdis_LGD":"2155","Subdis_Typ":"Cd_Block","Vill_name":"Chegra Khasmahal","Vill_Cat":"Rural","Vill_LGD":"306200","arr_project":"asha2"}},
{"type":"Feature","geometry":{"type":"Polygon","coordinates":[[[88.30462,26.86184],[88.30734,26.86934],[88.30539,26.87142],[88.30273,26.87772],[88.30387,26.87896],[88.30817,26.87883],[88.31139,26.87685],[88.31325,26.87921],[88.31118,26.88112],[88.30424,26.88181],[88.30141,26.88044],[88.29955,26.87638],[88.30111,26.87225],[88.29793,26.86613],[88.30172,26.8622],[88.30462,26.86184]]]},"properties":{"District":"Darjiling","Dist_LGD":"327","Sub_dist":"Kurseong","Subdis_LGD":"2161","Subdis_Typ":"Cd_Block","Vill_name":"South Shivakhola Tea Garden","Vill_Cat":"Others","Vill_LGD":"306442","arr_project":"asha2"}},
{"type":"Feature","geometry":{"type":"Polygon","coordinates":[[[88.30127,26.88108],[88.29627,26.88491],[88.29824,26.89202],[88.30177,26.89528],[88.3025,26.90036],[88.30197,26.90486],[88.29647,26.89856],[88.2922,26.89465],[88.28574,26.88935],[88.28387,26.89174],[88.27951,26.89202],[88.27746,26.89191],[88.27323,26.88837],[88.27366,26.88446],[88.27197,26.88138],[88.27172,26.87879],[88.26415,26.87653],[88.26244,26.8773],[88.25725,26.87186],[88.2549,26.87055],[88.25661,26.86707],[88.2546,26.86502],[88.25816,26.86322],[88.26006,26.85552],[88.26358,26.85701],[88.2612,26.86127],[88.26338,26.8663],[88.27002,26.86962],[88.27373,26.87139],[88.27715,26.87127],[88.28129,26.87545],[88.28262,26.87542],[88.28863,26.8746],[88.29279,26.87419],[88.2997,26.87945],[88.30127,26.88108]]]},"properties":{"District":"Darjiling","Dist_LGD":"327","Sub_dist":"Kurseong","Subdis_LGD":"2161","Subdis_Typ":"Cd_Block","Vill_name":"Kurseong (M)","Vill_Cat":"Fully_Urban","Vill_LGD":"801637","arr_project":"asha2"}},
{"type":"Feature","geometry":{"type":"Polygon","coordinates":[[[88.27539,26.67684],[88.27784,26.67869],[88.28127,26.67638],[88.28692,26.67682],[88.28991,26.67593],[88.28816,26.68542],[88.28916,26.68807],[88.28889,26.68912],[88.2822,26.6899],[88.27308,26.68965],[88.26815,26.68333],[88.27049,26.68039],[88.2703,26.67914],[88.27539,26.67684]]]},"properties":{"District":"Darjiling","Dist_LGD":"327","Sub_dist":"Phansidewa","Subdis_LGD":"2164","Subdis_Typ":"Cd_Block","Vill_name":"Chaupukuria","Vill_Cat":"Rural","Vill_LGD":"306668","arr_project":"asha2"}},
{"type":"Feature","geometry":{"type":"Polygon","coordinates":[[[88.19814,27.04412],[88.19764,27.04153],[88.20242,27.04125],[88.21041,27.04343],[88.2117,27.05046],[88.21113,27.05542],[88.21598,27.06001],[88.21386,27.0621],[88.21437,27.06472],[88.20546,27.06203],[88.20284,27.05697],[88.2,27.04642],[88.19814,27.04412]]]},"properties":{"District":"Darjiling","Dist_LGD":"327","Sub_dist":"Darjiling Phulbazar","Subdis_LGD":"2154","Subdis_Typ":"Cd_Block","Vill_name":"Liza Hill Tea Garden","Vill_Cat":"Others","Vill_LGD":"306164","arr_project":"asha2"}},
{"type":"Feature","geometry":{"type":"Polygon","coordinates":[[[88.36498,26.7918],[88.36795,26.79191],[88.36876,26.7921],[88.36656,26.79593],[88.36505,26.80357],[88.36161,26.80614],[88.36392,26.81159],[88.36284,26.81599],[88.35885,26.81739],[88.35616,26.82345],[88.35164,26.82553],[88.34511,26.82552],[88.343,26.82653],[88.34439,26.82082],[88.35235,26.81501],[88.35278,26.80865],[88.35437,26.80232],[88.36184,26.79726],[88.36498,26.7918]]]},"properties":{"District":"Darjiling","Dist_LGD":"327","Sub_dist":"Kurseong","Subdis_LGD":"2161","Subdis_Typ":"Cd_Block","Vill_name":"Sukna Forest","Vill_Cat":"Rural","Vill_LGD":"306443","arr_project":"asha2"}},
{"type":"Feature","geometry":{"type":"Polygon","coordinates":[[[88.31236,26.68882],[88.30887,26.68772],[88.31029,26.68048],[88.31225,26.68099],[88.31307,26.68419],[88.31236,26.68882]]]},"properties":{"District":"Darjiling","Dist_LGD":"327","Sub_dist":"Phansidewa","Subdis_LGD":"2164","Subdis_Typ":"Cd_Block","Vill_name":"Kadopani","Vill_Cat":"Rural","Vill_LGD":"306677","arr_project":"asha2"}},
{"type":"Feature","geometry":{"type":"Polygon","coordinates":[[[88.30288,26.67629],[88.30828,26.66598],[88.30957,26.66588],[88.31203,26.66733],[88.31094,26.67065],[88.31329,26.67416],[88.31166,26.67756],[88.30556,26.67575],[88.30353,26.67634],[88.30288,26.67629]]]},"properties":{"District":"Darjiling","Dist_LGD":"327","Sub_dist":"Phansidewa","Subdis_LGD":"2164","Subdis_Typ":"Cd_Block","Vill_name":"Loha  Kachi","Vill_Cat":"Rural","Vill_LGD":"306679","arr_project":"asha2"}},
{"type":"Feature","geometry":{"type":"Polygon","coordinates":[[[88.29851,26.68909],[88.29128,26.68811],[88.28916,26.68807],[88.28816,26.68542],[88.28991,26.67593],[88.29021,26.6743],[88.29258,26.67264],[88.29782,26.67347],[88.29824,26.67623],[88.30288,26.67629],[88.30353,26.67634],[88.30271,26.67804],[88.3011,26.68135],[88.29851,26.68909]]]},"properties":{"District":"Darjiling","Dist_LGD":"327","Sub_dist":"Phansidewa","Subdis_LGD":"2164","Subdis_Typ":"Cd_Block","Vill_name":"Singhijhora","Vill_Cat":"Rural","Vill_LGD":"306674","arr_project":"asha2"}},
{"type":"Feature","geometry":{"type":"Polygon","coordinates":[[[88.29268,26.67103],[88.29506,26.6689],[88.29271,26.66568],[88.29331,26.66298],[88.29025,26.6561],[88.29181,26.64858],[88.29223,26.64865],[88.29313,26.65287],[88.29596,26.65331],[88.29745,26.65602],[88.29658,26.66046],[88.2978,26.66513],[88.29782,26.67347],[88.29258,26.67264],[88.29268,26.67103]]]},"properties":{"District":"Darjiling","Dist_LGD":"327","Sub_dist":"Phansidewa","Subdis_LGD":"2164","Subdis_Typ":"Cd_Block","Vill_name":"Taipoo Tea Garden","Vill_Cat":"Others","Vill_LGD":"306682","arr_project":"asha2"}},
{"type":"Feature","geometry":{"type":"Polygon","coordinates":[[[88.27449,26.66635],[88.2727,26.6582],[88.27348,26.65397],[88.27358,26.65395],[88.27747,26.65452],[88.27739,26.65791],[88.279,26.661],[88.27915,26.66626],[88.27449,26.66635]]]},"properties":{"District":"Darjiling","Dist_LGD":"327","Sub_dist":"Phansidewa","Subdis_LGD":"2164","Subdis_Typ":"Cd_Block","Vill_name":"Dhemaler Chhar","Vill_Cat":"Rural","Vill_LGD":"306687","arr_project":"asha2"}},
{"type":"Feature","geometry":{"type":"Polygon","coordinates":[[[88.26946,26.65316],[88.27348,26.65397],[88.2727,26.6582],[88.27172,26.65876],[88.26946,26.65316]]]},"properties":{"District":"Darjiling","Dist_LGD":"327","Sub_dist":"Naxalbari","Subdis_LGD":"2163","Subdis_Typ":"Cd_Block","Vill_name":"Mingharar Chhat","Vill_Cat":"Rural","Vill_LGD":"306603","arr_project":"asha2"}},
{"type":"Feature","geometry":{"type":"Polygon","coordinates":[[[88.27208,26.6342],[88.27797,26.63349],[88.28332,26.63714],[88.28342,26.64171],[88.27844,26.64102],[88.27232,26.64212],[88.27309,26.6369],[88.27208,26.6342]]]},"properties":{"District":"Darjiling","Dist_LGD":"327","Sub_dist":"Phansidewa","Subdis_LGD":"2164","Subdis_Typ":"Cd_Block","Vill_name":"Bhariadangi Chhat","Vill_Cat":"Rural","Vill_LGD":"306690","arr_project":"asha2"}},
{"type":"Feature","geometry":{"type":"Polygon","coordinates":[[[88.25512,26.61254],[88.24883,26.61981],[88.24912,26.62197],[88.24509,26.62274],[88.23926,26.62186],[88.23604,26.61924],[88.23444,26.61546],[88.23422,26.61147],[88.23565,26.60466],[88.23848,26.60451],[88.2387,26.60557],[88.24777,26.60516],[88.24974,26.60966],[88.25459,26.60979],[88.25512,26.61254]]]},"properties":{"District":"Darjiling","Dist_LGD":"327","Sub_dist":"Kharibari","Subdis_LGD":"2165","Subdis_Typ":"Cd_Block","Vill_name":"Buraganj","Vill_Cat":"Rural","Vill_LGD":"306839","arr_project":"asha2"}},
{"type":"Feature","geometry":{"type":"Polygon","coordinates":[[[88.22452,26.59024],[88.22698,26.58803],[88.2336,26.58758],[88.23885,26.58835],[88.24212,26.58759],[88.24399,26.59072],[88.24479,26.59398],[88.23847,26.59468],[88.23294,26.59421],[88.23147,26.59728],[88.22655,26.59332],[88.22452,26.59024]]]},"properties":{"District":"Darjiling","Dist_LGD":"327","Sub_dist":"Kharibari","Subdis_LGD":"2165","Subdis_Typ":"Cd_Block","Vill_name":"Dudha","Vill_Cat":"Rural","Vill_LGD":"306845","arr_project":"asha2"}},
{"type":"Feature","geometry":{"type":"Polygon","coordinates":[[[88.24816,26.57475],[88.25487,26.57533],[88.25768,26.57396],[88.26044,26.57551],[88.26337,26.5744],[88.2667,26.57605],[88.2695,26.58109],[88.26958,26.5823],[88.25709,26.5837],[88.25421,26.58601],[88.24821,26.5845],[88.24932,26.57857],[88.24816,26.57475]]]},"properties":{"District":"Darjiling","Dist_LGD":"327","Sub_dist":"Phansidewa","Subdis_LGD":"2164","Subdis_Typ":"Cd_Block","Vill_name":"Foudigachh","Vill_Cat":"Rural","Vill_LGD":"306705","arr_project":"asha2"}},
{"type":"Feature","geometry":{"type":"Polygon","coordinates":[[[88.27913,26.61498],[88.27798,26.61118],[88.28563,26.61093],[88.28964,26.61317],[88.2941,26.61328],[88.29916,26.61214],[88.29934,26.62008],[88.29654,26.61949],[88.27753,26.62267],[88.27612,26.61932],[88.27913,26.61498]]]},"properties":{"District":"Darjiling","Dist_LGD":"327","Sub_dist":"Phansidewa","Subdis_LGD":"2164","Subdis_Typ":"Cd_Block","Vill_name":"Madhabbhita","Vill_Cat":"Rural","Vill_LGD":"306698","arr_project":"asha2"}},
{"type":"Feature","geometry":{"type":"Polygon","coordinates":[[[88.26558,26.57123],[88.27014,26.57194],[88.28519,26.57197],[88.28399,26.57672],[88.27774,26.57859],[88.27424,26.58139],[88.2695,26.58109],[88.2667,26.57605],[88.26337,26.5744],[88.26558,26.57123]]]},"properties":{"District":"Darjiling","Dist_LGD":"327","Sub_dist":"Phansidewa","Subdis_LGD":"2164","Subdis_Typ":"Cd_Block","Vill_name":"Ambari","Vill_Cat":"Rural","Vill_LGD":"306706","arr_project":"asha2"}},
{"type":"Feature","geometry":{"type":"Polygon","coordinates":[[[88.28651,26.58669],[88.29119,26.58522],[88.29509,26.58863],[88.30219,26.58699],[88.30161,26.58915],[88.30291,26.59381],[88.30305,26.59782],[88.30168,26.59988],[88.29581,26.59902],[88.29239,26.59999],[88.29021,26.59767],[88.28601,26.59859],[88.2864,26.59273],[88.28549,26.59032],[88.28651,26.58669]]]},"properties":{"District":"Darjiling","Dist_LGD":"327","Sub_dist":"Phansidewa","Subdis_LGD":"2164","Subdis_Typ":"Cd_Block","Vill_name":"Thakurganj","Vill_Cat":"Rural","Vill_LGD":"306711","arr_project":"asha2"}},
{"type":"Feature","geometry":{"type":"Polygon","coordinates":[[[88.28563,26.61093],[88.28603,26.60481],[88.28498,26.60274],[88.2926,26.60294],[88.29239,26.59999],[88.29581,26.59902],[88.30168,26.59988],[88.30175,26.60467],[88.30459,26.60742],[88.30478,26.61239],[88.29916,26.61214],[88.2941,26.61328],[88.28964,26.61317],[88.28563,26.61093]]]},"properties":{"District":"Darjiling","Dist_LGD":"327","Sub_dist":"Phansidewa","Subdis_LGD":"2164","Subdis_Typ":"Cd_Block","Vill_name":"Haodabhita","Vill_Cat":"Rural","Vill_LGD":"306710","arr_project":"asha2"}},
{"type":"Feature","geometry":{"type":"Polygon","coordinates":[[[88.27753,26.62267],[88.29654,26.61949],[88.29934,26.62008],[88.29764,26.62361],[88.29798,26.62692],[88.2964,26.63059],[88.29833,26.63201],[88.28976,26.63796],[88.28994,26.6399],[88.28452,26.64143],[88.28342,26.64171],[88.28332,26.63714],[88.27797,26.63349],[88.27432,26.6268],[88.27753,26.62267]]]},"properties":{"District":"Darjiling","Dist_LGD":"327","Sub_dist":"Phansidewa","Subdis_LGD":"2164","Subdis_Typ":"Cd_Block","Vill_name":"Gangaram Tea Garden","Vill_Cat":"Others","Vill_LGD":"306697","arr_project":"asha2"}},
{"type":"Feature","geometry":{"type":"Polygon","coordinates":[[[88.30478,26.66358],[88.2978,26.66513],[88.29658,26.66046],[88.29745,26.65602],[88.29596,26.65331],[88.29818,26.65163],[88.30306,26.65229],[88.3044,26.65274],[88.30478,26.66358]]]},"properties":{"District":"Darjiling","Dist_LGD":"327","Sub_dist":"Phansidewa","Subdis_LGD":"2164","Subdis_Typ":"Cd_Block","Vill_name":"Visti","Vill_Cat":"Rural","Vill_LGD":"306681","arr_project":"asha2"}},
{"type":"Feature","geometry":{"type":"Polygon","coordinates":[[[88.28559,26.64363],[88.28637,26.6452],[88.29109,26.64595],[88.29181,26.64858],[88.29025,26.6561],[88.28887,26.65557],[88.28763,26.64771],[88.28074,26.64907],[88.28197,26.65441],[88.27747,26.65452],[88.27358,26.65395],[88.2739,26.64831],[88.27977,26.64799],[88.28559,26.64363]]]},"properties":{"District":"Darjiling","Dist_LGD":"327","Sub_dist":"Phansidewa","Subdis_LGD":"2164","Subdis_Typ":"Cd_Block","Vill_name":"Bhubangurir Chhat","Vill_Cat":"Rural","Vill_LGD":"306688","arr_project":"asha2"}},
{"type":"Feature","geometry":{"type":"Polygon","coordinates":[[[88.29833,26.63201],[88.29911,26.63334],[88.30939,26.62983],[88.31244,26.63647],[88.30934,26.63784],[88.30844,26.64328],[88.3035,26.64296],[88.29882,26.64209],[88.29028,26.64181],[88.28994,26.6399],[88.28976,26.63796],[88.29833,26.63201]]]},"properties":{"District":"Darjiling","Dist_LGD":"327","Sub_dist":"Phansidewa","Subdis_LGD":"2164","Subdis_Typ":"Cd_Block","Vill_name":"Bandi","Vill_Cat":"Rural","Vill_LGD":"306721","arr_project":"asha2"}},
{"type":"Feature","geometry":{"type":"Polygon","coordinates":[[[88.30828,26.66598],[88.30478,26.66358],[88.3044,26.65274],[88.30306,26.65229],[88.3038,26.64978],[88.30744,26.64897],[88.30852,26.65514],[88.31224,26.65457],[88.314,26.65445],[88.31363,26.66018],[88.30957,26.66588],[88.30828,26.66598]]]},"properties":{"District":"Darjiling","Dist_LGD":"327","Sub_dist":"Phansidewa","Subdis_LGD":"2164","Subdis_Typ":"Cd_Block","Vill_name":"Meherulla","Vill_Cat":"Rural","Vill_LGD":"306727","arr_project":"asha2"}},
{"type":"Feature","geometry":{"type":"Polygon","coordinates":[[[88.31166,26.67756],[88.31329,26.67416],[88.31997,26.67342],[88.32407,26.67782],[88.3279,26.67799],[88.3301,26.67832],[88.33038,26.68424],[88.32788,26.68432],[88.32636,26.68163],[88.32309,26.68444],[88.31307,26.68419],[88.31225,26.68099],[88.31166,26.67756]]]},"properties":{"District":"Darjiling","Dist_LGD":"327","Sub_dist":"Naxalbari","Subdis_LGD":"2163","Subdis_Typ":"Cd_Block","Vill_name":"Dakshin Bagdogra","Vill_Cat":"Rural","Vill_LGD":"306666","arr_project":"asha2"}},
{"type":"Feature","geometry":{"type":"Polygon","coordinates":[[[88.31371,26.64886],[88.32142,26.64936],[88.32718,26.64919],[88.32756,26.6557],[88.32575,26.65982],[88.32207,26.66065],[88.31363,26.66018],[88.314,26.65445],[88.31224,26.65457],[88.31119,26.64913],[88.31371,26.64886]]]},"properties":{"District":"Darjiling","Dist_LGD":"327","Sub_dist":"Phansidewa","Subdis_LGD":"2164","Subdis_Typ":"Cd_Block","Vill_name":"Baraigachh","Vill_Cat":"Rural","Vill_LGD":"306731","arr_project":"asha2"}},
{"type":"Feature","geometry":{"type":"Polygon","coordinates":[[[88.32718,26.64919],[88.33005,26.64784],[88.33207,26.64102],[88.33282,26.63565],[88.33765,26.63613],[88.34069,26.63957],[88.34108,26.64541],[88.34364,26.65041],[88.34026,26.65373],[88.33565,26.65355],[88.32756,26.6557],[88.32718,26.64919]]]},"properties":{"District":"Darjiling","Dist_LGD":"327","Sub_dist":"Phansidewa","Subdis_LGD":"2164","Subdis_Typ":"Cd_Block","Vill_name":"Tarbandha","Vill_Cat":"Rural","Vill_LGD":"306735","arr_project":"asha2"}},
{"type":"Feature","geometry":{"type":"Polygon","coordinates":[[[88.39592,26.68302],[88.38751,26.68416],[88.38156,26.68429],[88.38238,26.68669],[88.37686,26.68668],[88.37136,26.68535],[88.36981,26.67932],[88.37216,26.6791],[88.37576,26.67868],[88.37994,26.67576],[88.38174,26.67845],[88.38112,26.6814],[88.39148,26.68132],[88.39592,26.68302]]]},"properties":{"District":"Darjiling","Dist_LGD":"327","Sub_dist":"Matigara","Subdis_LGD":"2162","Subdis_Typ":"Cd_Block","Vill_name":"Pelku","Vill_Cat":"Rural","Vill_LGD":"306550","arr_project":"asha2"}},
{"type":"Feature","geometry":{"type":"Polygon","coordinates":[[[88.37127,26.64706],[88.37571,26.64802],[88.37766,26.64531],[88.38638,26.64463],[88.38738,26.64575],[88.38713,26.65013],[88.38321,26.65457],[88.38361,26.65694],[88.38904,26.65765],[88.39041,26.6589],[88.38682,26.65961],[88.38161,26.6585],[88.37891,26.66012],[88.3754,26.66019],[88.37511,26.65665],[88.36969,26.65525],[88.36979,26.65213],[88.36937,26.64889],[88.37127,26.64706]]]},"properties":{"District":"Darjiling","Dist_LGD":"327","Sub_dist":"Phansidewa","Subdis_LGD":"2164","Subdis_Typ":"Cd_Block","Vill_name":"Narayan","Vill_Cat":"Rural","Vill_LGD":"306741","arr_project":"asha2"}},
{"type":"Feature","geometry":{"type":"Polygon","coordinates":[[[88.35881,26.63256],[88.36284,26.6312],[88.36235,26.62674],[88.36062,26.62256],[88.36562,26.62195],[88.36793,26.62609],[88.37468,26.62532],[88.38298,26.6276],[88.38376,26.63133],[88.37615,26.63418],[88.37359,26.63645],[88.36793,26.63618],[88.36635,26.63357],[88.36283,26.63219],[88.35881,26.63256]]]},"properties":{"District":"Darjiling","Dist_LGD":"327","Sub_dist":"Phansidewa","Subdis_LGD":"2164","Subdis_Typ":"Cd_Block","Vill_name":"Kashiram","Vill_Cat":"Rural","Vill_LGD":"306749","arr_project":"asha2"}},
{"type":"Feature","geometry":{"type":"Polygon","coordinates":[[[88.38298,26.6276],[88.37468,26.62532],[88.36793,26.62609],[88.36562,26.62195],[88.36062,26.62256],[88.36235,26.62674],[88.36284,26.6312],[88.35881,26.63256],[88.35284,26.63008],[88.34825,26.62441],[88.34223,26.6255],[88.34147,26.62182],[88.34438,26.61827],[88.34937,26.61909],[88.3526,26.61827],[88.35157,26.6142],[88.35503,26.61261],[88.35915,26.61474],[88.37054,26.61304],[88.37512,26.61354],[88.37873,26.6147],[88.38151,26.61342],[88.38735,26.61283],[88.38948,26.61478],[88.39656,26.6175],[88.39113,26.61814],[88.39072,26.62226],[88.38638,26.62693],[88.38298,26.6276]]]},"properties":{"District":"Darjiling","Dist_LGD":"327","Sub_dist":"Phansidewa","Subdis_LGD":"2164","Subdis_Typ":"Cd_Block","Vill_name":"Leusipakuri","Vill_Cat":"Rural","Vill_LGD":"306750","arr_project":"asha2"}},
{"type":"Feature","geometry":{"type":"Polygon","coordinates":[[[88.30291,26.59381],[88.30826,26.59434],[88.31012,26.59307],[88.31699,26.59384],[88.3251,26.59201],[88.32531,26.59371],[88.32015,26.59983],[88.31945,26.60527],[88.31505,26.6055],[88.31331,26.60768],[88.30459,26.60742],[88.30175,26.60467],[88.30168,26.59988],[88.30305,26.59782],[88.30291,26.59381]]]},"properties":{"District":"Darjiling","Dist_LGD":"327","Sub_dist":"Phansidewa","Subdis_LGD":"2164","Subdis_Typ":"Cd_Block","Vill_name":"Churaman","Vill_Cat":"Rural","Vill_LGD":"306715","arr_project":"asha2"}},
{"type":"Feature","geometry":{"type":"Polygon","coordinates":[[[88.34632,26.59767],[88.3547,26.59687],[88.35396,26.60257],[88.35447,26.60746],[88.35157,26.6142],[88.3526,26.61827],[88.34937,26.61909],[88.34438,26.61827],[88.34447,26.61483],[88.3388,26.61553],[88.3391,26.61221],[88.34041,26.60904],[88.34589,26.60483],[88.34715,26.60267],[88.34625,26.59961],[88.34632,26.59767]]]},"properties":{"District":"Darjiling","Dist_LGD":"327","Sub_dist":"Phansidewa","Subdis_LGD":"2164","Subdis_Typ":"Cd_Block","Vill_name":"Kadmi","Vill_Cat":"Rural","Vill_LGD":"306756","arr_project":"asha2"}},
{"type":"Feature","geometry":{"type":"Polygon","coordinates":[[[88.32244,26.62871],[88.33108,26.62821],[88.33088,26.626],[88.33935,26.62767],[88.33765,26.63613],[88.33282,26.63565],[88.33207,26.64102],[88.33005,26.64784],[88.32718,26.64919],[88.32142,26.64936],[88.32421,26.64817],[88.32508,26.64521],[88.32401,26.64075],[88.32557,26.63722],[88.32418,26.6352],[88.31918,26.63446],[88.3217,26.63293],[88.32244,26.62871]]]},"properties":{"District":"Darjiling","Dist_LGD":"327","Sub_dist":"Phansidewa","Subdis_LGD":"2164","Subdis_Typ":"Cd_Block","Vill_name":"Antugachh","Vill_Cat":"Rural","Vill_LGD":"306736","arr_project":"asha2"}},
{"type":"Feature","geometry":{"type":"Polygon","coordinates":[[[88.25307,26.51947],[88.24821,26.51885],[88.24636,26.52045],[88.23913,26.52118],[88.23862,26.52395],[88.23321,26.52238],[88.2297,26.52274],[88.22823,26.51681],[88.22123,26.51346],[88.21894,26.51145],[88.21934,26.50802],[88.2174,26.50651],[88.21732,26.50077],[88.21539,26.49901],[88.2164,26.49639],[88.22337,26.49594],[88.22495,26.49754],[88.22824,26.49617],[88.23425,26.4978],[88.23451,26.5003],[88.23732,26.50196],[88.24626,26.49959],[88.24656,26.50281],[88.25271,26.50746],[88.25564,26.51703],[88.25307,26.51947]]]},"properties":{"District":"Darjiling","Dist_LGD":"327","Sub_dist":"Phansidewa","Subdis_LGD":"2164","Subdis_Typ":"Cd_Block","Vill_name":"Bara Paikpara Arazi","Vill_Cat":"Rural","Vill_LGD":"306768","arr_project":"asha2"}},
{"type":"Feature","geometry":{"type":"Polygon","coordinates":[[[88.2669,26.48863],[88.26834,26.49278],[88.27323,26.49394],[88.27538,26.49674],[88.27533,26.50055],[88.27704,26.50418],[88.27961,26.50431],[88.28103,26.50795],[88.27865,26.51135],[88.27456,26.50979],[88.27245,26.5046],[88.26732,26.50546],[88.26438,26.5012],[88.2636,26.49513],[88.2618,26.49319],[88.26215,26.49006],[88.2669,26.48863]]]},"properties":{"District":"Darjiling","Dist_LGD":"327","Sub_dist":"Phansidewa","Subdis_LGD":"2164","Subdis_Typ":"Cd_Block","Vill_name":"Chikanmati","Vill_Cat":"Rural","Vill_LGD":"306773","arr_project":"asha2"}},
{"type":"Feature","geometry":{"type":"Polygon","coordinates":[[[88.14531,27.11177],[88.14371,27.11568],[88.13891,27.11391],[88.1361,27.11492],[88.13523,27.12059],[88.13047,27.12159],[88.12718,27.12074],[88.12241,27.12162],[88.1198,27.12484],[88.11414,27.12807],[88.11212,27.13094],[88.10528,27.13107],[88.10131,27.13272],[88.09631,27.13314],[88.09493,27.13624],[88.08885,27.14326],[88.08775,27.14615],[88.08784,27.15341],[88.08376,27.15227],[88.08019,27.14953],[88.07795,27.14635],[88.08045,27.14234],[88.07082,27.14115],[88.06815,27.13895],[88.0637,27.13846],[88.06184,27.13208],[88.05868,27.12668],[88.0623,27.12338],[88.07245,27.13044],[88.07657,27.12595],[88.08134,27.12578],[88.08476,27.12729],[88.09084,27.12502],[88.09727,27.12495],[88.09907,27.12249],[88.09917,27.11559],[88.09702,27.11513],[88.09419,27.11096],[88.0964,27.10724],[88.1008,27.10399],[88.10474,27.10256],[88.11515,27.10018],[88.1184,27.10161],[88.13025,27.10496],[88.14531,27.11177]]]},"properties":{"District":"Darjiling","Dist_LGD":"327","Sub_dist":"Darjiling Phulbazar","Subdis_LGD":"2154","Subdis_Typ":"Cd_Block","Vill_name":"Rimbick","Vill_Cat":"Rural","Vill_LGD":"306146","arr_project":"asha2"}},
{"type":"Feature","geometry":{"type":"Polygon","coordinates":[[[88.17839,26.95312],[88.18438,26.94897],[88.18614,26.95051],[88.18881,26.95796],[88.19755,26.96321],[88.19822,26.96439],[88.19589,26.96354],[88.19338,26.96315],[88.18457,26.96481],[88.18029,26.96682],[88.17664,26.97099],[88.17283,26.97166],[88.16934,26.97006],[88.17733,26.9576],[88.17839,26.95312]]]},"properties":{"District":"Darjiling","Dist_LGD":"327","Sub_dist":"Jor Bungalow Sukhiya Pokhri","Subdis_LGD":"2159","Subdis_Typ":"Cd_Block","Vill_name":"Pokhribong Khasmahal","Vill_Cat":"Rural","Vill_LGD":"306386","arr_project":"asha2"}},
{"type":"Feature","geometry":{"type":"Polygon","coordinates":[[[88.27951,26.89202],[88.2799,26.89512],[88.28356,26.89833],[88.27151,26.90138],[88.26712,26.90191],[88.25539,26.9018],[88.24461,26.89902],[88.23814,26.89675],[88.24052,26.89509],[88.24499,26.89548],[88.2525,26.8929],[88.25622,26.89088],[88.26094,26.89147],[88.26283,26.88902],[88.2695,26.8877],[88.27323,26.88837],[88.27746,26.89191],[88.27951,26.89202]]]},"properties":{"District":"Darjiling","Dist_LGD":"327","Sub_dist":"Kurseong","Subdis_LGD":"2161","Subdis_Typ":"Cd_Block","Vill_name":"Singel Tea Garden","Vill_Cat":"Others","Vill_LGD":"306422","arr_project":"asha2"}},
{"type":"Feature","geometry":{"type":"Polygon","coordinates":[[[88.45638,26.92447],[88.45582,26.92944],[88.45317,26.935],[88.45055,26.93689],[88.44431,26.93701],[88.44188,26.93856],[88.445,26.94535],[88.44197,26.94952],[88.4405,26.95834],[88.43733,26.9617],[88.43238,26.96013],[88.42884,26.95793],[88.42441,26.9577],[88.42161,26.95208],[88.42095,26.94432],[88.42013,26.94333],[88.41112,26.93899],[88.40687,26.93684],[88.41259,26.93237],[88.41407,26.92812],[88.41906,26.92249],[88.42218,26.9222],[88.42456,26.91839],[88.43199,26.91591],[88.43404,26.92023],[88.43856,26.91866],[88.44074,26.92094],[88.44085,26.92594],[88.44809,26.92835],[88.45638,26.92447]],[[88.43306,26.93615],[88.43143,26.93903],[88.43587,26.93924],[88.43544,26.93618],[88.43306,26.93615]],[[88.4411,26.93593],[88.44471,26.9351],[88.44345,26.93279],[88.4411,26.93593]],[[88.44996,26.92973],[88.44948,26.93283],[88.45137,26.93329],[88.45343,26.93067],[88.44996,26.92973]]]},"properties":{"District":"Darjiling","Dist_LGD":"327","Sub_dist":"Kurseong","Subdis_LGD":"2161","Subdis_Typ":"Cd_Block","Vill_name":"Sitong Forest","Vill_Cat":"Rural","Vill_LGD":"306490","arr_project":"asha2"}},
{"type":"Feature","geometry":{"type":"Polygon","coordinates":[[[88.38979,27.02158],[88.38613,27.02268],[88.38245,27.02263],[88.37286,27.02517],[88.36958,27.02638],[88.35566,27.01514],[88.34317,27.0243],[88.33941,27.02214],[88.33942,27.02203],[88.33948,27.01956],[88.35561,27.00152],[88.36863,27.00012],[88.37292,26.99539],[88.37698,26.99329],[88.38023,26.99233],[88.38416,26.99346],[88.3901,27.00103],[88.39372,27.00706],[88.3935,27.01284],[88.38979,27.02158]]]},"properties":{"District":"Darjiling","Dist_LGD":"327","Sub_dist":"Rangoli And Rangliot","Subdis_LGD":"2155","Subdis_Typ":"Cd_Block","Vill_name":"Gielle Tea Garden","Vill_Cat":"Others","Vill_LGD":"306214","arr_project":"asha2"}},
{"type":"Feature","geometry":{"type":"Polygon","coordinates":[[[88.1623,27.03439],[88.14212,27.04135],[88.13685,27.0457],[88.13081,27.04924],[88.12551,27.05061],[88.12908,27.04498],[88.12849,27.04199],[88.11941,27.04017],[88.11939,27.03748],[88.13029,27.03398],[88.13795,27.02721],[88.14392,27.02382],[88.14731,27.02328],[88.1526,27.02436],[88.15504,27.02384],[88.15674,27.02749],[88.15726,27.03308],[88.1623,27.03439]]]},"properties":{"District":"Darjiling","Dist_LGD":"327","Sub_dist":"Darjiling Phulbazar","Subdis_LGD":"2154","Subdis_Typ":"Cd_Block","Vill_name":"Dangia","Vill_Cat":"Rural","Vill_LGD":"306150","arr_project":"asha2"}},
{"type":"Feature","geometry":{"type":"Polygon","coordinates":[[[88.11939,27.03748],[88.12005,27.03501],[88.11106,27.03838],[88.10464,27.03939],[88.09741,27.03881],[88.11918,27.02642],[88.12626,27.02107],[88.13355,27.01347],[88.13687,27.01083],[88.14373,27.00859],[88.14794,27.01286],[88.15003,27.01892],[88.15391,27.02136],[88.15504,27.02384],[88.1526,27.02436],[88.14731,27.02328],[88.14392,27.02382],[88.13795,27.02721],[88.13029,27.03398],[88.11939,27.03748]]]},"properties":{"District":"Darjiling","Dist_LGD":"327","Sub_dist":"Darjiling Phulbazar","Subdis_LGD":"2154","Subdis_Typ":"Cd_Block","Vill_name":"Singbhumdera","Vill_Cat":"Rural","Vill_LGD":"306151","arr_project":"asha2"}},
{"type":"Feature","geometry":{"type":"Polygon","coordinates":[[[88.12151,27.05829],[88.12235,27.05341],[88.12551,27.05061],[88.13081,27.04924],[88.13685,27.0457],[88.14212,27.04135],[88.1623,27.03439],[88.16503,27.03766],[88.16699,27.04222],[88.17044,27.04622],[88.17277,27.04823],[88.17748,27.04862],[88.18603,27.06025],[88.19022,27.06394],[88.17803,27.06035],[88.16896,27.06024],[88.16417,27.05946],[88.16137,27.05439],[88.15583,27.05151],[88.14876,27.05181],[88.14184,27.05363],[88.13128,27.05504],[88.12151,27.05829]]]},"properties":{"District":"Darjiling","Dist_LGD":"327","Sub_dist":"Darjiling Phulbazar","Subdis_LGD":"2154","Subdis_Typ":"Cd_Block","Vill_name":"Relling","Vill_Cat":"Rural","Vill_LGD":"306156","arr_project":"asha2"}},
{"type":"Feature","geometry":{"type":"Polygon","coordinates":[[[88.121,26.54704],[88.13111,26.54803],[88.13221,26.54941],[88.13264,26.55204],[88.12956,26.55382],[88.13036,26.55735],[88.12746,26.55954],[88.12205,26.55773],[88.12137,26.55715],[88.12008,26.55073],[88.121,26.54704]]]},"properties":{"District":"Darjiling","Dist_LGD":"327","Sub_dist":"Kharibari","Subdis_LGD":"2165","Subdis_Typ":"Cd_Block","Vill_name":"Duba","Vill_Cat":"Rural","Vill_LGD":"306806","arr_project":"asha2"}},
{"type":"Feature","geometry":{"type":"Polygon","coordinates":[[[88.13622,26.52553],[88.13202,26.52561],[88.12821,26.52885],[88.12446,26.52806],[88.12338,26.53332],[88.11669,26.53274],[88.11854,26.52639],[88.12386,26.5241],[88.12515,26.52053],[88.12965,26.51601],[88.13377,26.51684],[88.13498,26.52338],[88.1371,26.52395],[88.13622,26.52553]]]},"properties":{"District":"Darjiling","Dist_LGD":"327","Sub_dist":"Kharibari","Subdis_LGD":"2165","Subdis_Typ":"Cd_Block","Vill_name":"Debiganj","Vill_Cat":"Rural","Vill_LGD":"306810","arr_project":"asha2"}},
{"type":"Feature","geometry":{"type":"Polygon","coordinates":[[[88.18189,26.56049],[88.17669,26.56125],[88.17626,26.55972],[88.16582,26.56251],[88.16342,26.56123],[88.15575,26.56205],[88.15444,26.56203],[88.15415,26.55803],[88.15757,26.55763],[88.16224,26.55524],[88.16228,26.55023],[88.16347,26.54799],[88.16561,26.54966],[88.171,26.55007],[88.17846,26.54677],[88.17949,26.54825],[88.18176,26.54969],[88.18189,26.56049]]]},"properties":{"District":"Darjiling","Dist_LGD":"327","Sub_dist":"Kharibari","Subdis_LGD":"2165","Subdis_Typ":"Cd_Block","Vill_name":"Pataram","Vill_Cat":"Rural","Vill_LGD":"306815","arr_project":"asha2"}},
{"type":"Feature","geometry":{"type":"Polygon","coordinates":[[[88.15727,26.5749],[88.15754,26.57012],[88.15584,26.56798],[88.15575,26.56205],[88.16342,26.56123],[88.16582,26.56251],[88.17626,26.55972],[88.17669,26.56125],[88.18189,26.56049],[88.18311,26.56029],[88.18212,26.56391],[88.17891,26.56694],[88.17736,26.57063],[88.17082,26.57269],[88.15727,26.5749]]]},"properties":{"District":"Darjiling","Dist_LGD":"327","Sub_dist":"Kharibari","Subdis_LGD":"2165","Subdis_Typ":"Cd_Block","Vill_name":"Keshordoba","Vill_Cat":"Rural","Vill_LGD":"306798","arr_project":"asha2"}},
{"type":"Feature","geometry":{"type":"Polygon","coordinates":[[[88.14216,26.56347],[88.14208,26.56239],[88.15444,26.56203],[88.15575,26.56205],[88.15584,26.56798],[88.15754,26.57012],[88.15727,26.5749],[88.1568,26.57847],[88.15337,26.58147],[88.1473,26.58209],[88.1391,26.58197],[88.13689,26.58084],[88.14073,26.5757],[88.1432,26.57065],[88.14216,26.56347]]]},"properties":{"District":"Darjiling","Dist_LGD":"327","Sub_dist":"Kharibari","Subdis_LGD":"2165","Subdis_Typ":"Cd_Block","Vill_name":"Maynaguri","Vill_Cat":"Rural","Vill_LGD":"306799","arr_project":"asha2"}},
{"type":"Feature","geometry":{"type":"Polygon","coordinates":[[[88.14624,26.54681],[88.14657,26.5489],[88.15234,26.55345],[88.15415,26.55803],[88.15444,26.56203],[88.14208,26.56239],[88.14042,26.55804],[88.13698,26.55303],[88.13264,26.55204],[88.13221,26.54941],[88.14375,26.54862],[88.14624,26.54681]]]},"properties":{"District":"Darjiling","Dist_LGD":"327","Sub_dist":"Kharibari","Subdis_LGD":"2165","Subdis_Typ":"Cd_Block","Vill_name":"Gadhira","Vill_Cat":"Rural","Vill_LGD":"306803","arr_project":"asha2"}},
{"type":"Feature","geometry":{"type":"Polygon","coordinates":[[[88.18481,26.59177],[88.18586,26.59339],[88.19271,26.5934],[88.19358,26.59534],[88.20201,26.59453],[88.20692,26.59755],[88.20783,26.60086],[88.19421,26.60209],[88.19326,26.60654],[88.18066,26.60695],[88.18048,26.60642],[88.18092,26.59866],[88.18544,26.59849],[88.18377,26.59264],[88.18481,26.59177]]]},"properties":{"District":"Darjiling","Dist_LGD":"327","Sub_dist":"Kharibari","Subdis_LGD":"2165","Subdis_Typ":"Cd_Block","Vill_name":"Bhogbhita","Vill_Cat":"Rural","Vill_LGD":"306821","arr_project":"asha2"}},
{"type":"Feature","geometry":{"type":"Polygon","coordinates":[[[88.20783,26.60086],[88.21777,26.60246],[88.21802,26.59896],[88.22242,26.59702],[88.22423,26.60172],[88.22455,26.6061],[88.22155,26.60651],[88.2216,26.60962],[88.21447,26.61153],[88.21455,26.60764],[88.20955,26.60781],[88.2083,26.6106],[88.20442,26.61061],[88.20299,26.61255],[88.19656,26.61411],[88.19622,26.61419],[88.19568,26.61199],[88.18964,26.61261],[88.18932,26.60985],[88.19334,26.60979],[88.19326,26.60654],[88.19421,26.60209],[88.20783,26.60086]]]},"properties":{"District":"Darjiling","Dist_LGD":"327","Sub_dist":"Kharibari","Subdis_LGD":"2165","Subdis_Typ":"Cd_Block","Vill_name":"Fulbari","Vill_Cat":"Rural","Vill_LGD":"306823","arr_project":"asha2"}},
{"type":"Feature","geometry":{"type":"Polygon","coordinates":[[[88.1905,26.6661],[88.19297,26.66334],[88.19889,26.66486],[88.20077,26.66762],[88.20211,26.67322],[88.20603,26.67883],[88.20511,26.68025],[88.20497,26.68182],[88.19573,26.68384],[88.19406,26.68074],[88.18653,26.68175],[88.18388,26.67507],[88.18907,26.67211],[88.18868,26.66989],[88.1905,26.6661]]]},"properties":{"District":"Darjiling","Dist_LGD":"327","Sub_dist":"Naxalbari","Subdis_LGD":"2163","Subdis_Typ":"Cd_Block","Vill_name":"Bhimram (Ct)","Vill_Cat":"Partly_Urban","Vill_LGD":"306664","arr_project":"asha2"}},
{"type":"Feature","geometry":{"type":"Polygon","coordinates":[[[88.19436,26.6944],[88.19971,26.69403],[88.20002,26.70098],[88.19754,26.70897],[88.1947,26.71306],[88.1913,26.71379],[88.18791,26.71066],[88.18603,26.70508],[88.18721,26.70162],[88.1938,26.69914],[88.19234,26.69451],[88.19436,26.6944]]]},"properties":{"District":"Darjiling","Dist_LGD":"327","Sub_dist":"Naxalbari","Subdis_LGD":"2163","Subdis_Typ":"Cd_Block","Vill_name":"Kilaram","Vill_Cat":"Rural","Vill_LGD":"306584","arr_project":"asha2"}},
{"type":"Feature","geometry":{"type":"Polygon","coordinates":[[[88.18569,26.82505],[88.18151,26.82698],[88.17368,26.83296],[88.1717,26.82776],[88.17666,26.81899],[88.17887,26.81631],[88.17785,26.80991],[88.18023,26.80886],[88.18467,26.81181],[88.18716,26.8081],[88.19419,26.80608],[88.2007,26.80099],[88.2085,26.79337],[88.2082,26.78695],[88.20976,26.78543],[88.22024,26.78898],[88.22291,26.79412],[88.2265,26.79247],[88.23123,26.79281],[88.23405,26.79415],[88.2374,26.79792],[88.24375,26.80105],[88.24756,26.79998],[88.24577,26.8116],[88.24504,26.81036],[88.20752,26.80322],[88.20502,26.8074],[88.2046,26.81426],[88.20594,26.81959],[88.20102,26.82531],[88.18569,26.82505]],[[88.22157,26.80177],[88.22068,26.80418],[88.22317,26.80472],[88.22157,26.80177]],[[88.22872,26.80179],[88.23186,26.80478],[88.23433,26.80433],[88.2347,26.80048],[88.22889,26.79929],[88.22872,26.80179]]]},"properties":{"District":"Darjiling","Dist_LGD":"327","Sub_dist":"Mirik","Subdis_LGD":"2160","Subdis_Typ":"Cd_Block","Vill_name":"Manjha Fst.(Pan.F.Rly)","Vill_Cat":"Rural","Vill_LGD":"306410","arr_project":"asha2"}},
{"type":"Feature","geometry":{"type":"Polygon","coordinates":[[[88.2082,26.78695],[88.20276,26.7919],[88.19965,26.79302],[88.19644,26.79161],[88.19561,26.78798],[88.19184,26.78482],[88.18877,26.78377],[88.19033,26.78122],[88.1959,26.77597],[88.20438,26.77757],[88.20881,26.78267],[88.20976,26.78543],[88.2082,26.78695]]]},"properties":{"District":"Darjiling","Dist_LGD":"327","Sub_dist":"Mirik","Subdis_LGD":"2160","Subdis_Typ":"Cd_Block","Vill_name":"Lohagar Forest","Vill_Cat":"Rural","Vill_LGD":"306412","arr_project":"asha2"}},
{"type":"Feature","geometry":{"type":"Polygon","coordinates":[[[88.22212,26.76762],[88.22187,26.76909],[88.21695,26.77392],[88.21579,26.77726],[88.21534,26.77787],[88.20976,26.78543],[88.20881,26.78267],[88.20438,26.77757],[88.1959,26.77597],[88.19724,26.77338],[88.19673,26.76422],[88.20774,26.76414],[88.20835,26.76827],[88.22212,26.76762]]]},"properties":{"District":"Darjiling","Dist_LGD":"327","Sub_dist":"Naxalbari","Subdis_LGD":"2163","Subdis_Typ":"Cd_Block","Vill_name":"Manjha Tea Garden","Vill_Cat":"Others","Vill_LGD":"306569","arr_project":"asha2"}},
{"type":"Feature","geometry":{"type":"Polygon","coordinates":[[[88.21969,26.73664],[88.21949,26.73541],[88.22689,26.7348],[88.22686,26.73983],[88.22457,26.74372],[88.21969,26.73664]]]},"properties":{"District":"Darjiling","Dist_LGD":"327","Sub_dist":"Naxalbari","Subdis_LGD":"2163","Subdis_Typ":"Cd_Block","Vill_name":"Mirjanglar Chhat","Vill_Cat":"Rural","Vill_LGD":"306631","arr_project":"asha2"}},
{"type":"Feature","geometry":{"type":"Polygon","coordinates":[[[88.27062,26.77292],[88.26733,26.77655],[88.26192,26.78019],[88.25972,26.78264],[88.25476,26.7854],[88.25382,26.76784],[88.25973,26.7686],[88.26544,26.76838],[88.27007,26.77038],[88.27062,26.77292]]]},"properties":{"District":"Darjiling","Dist_LGD":"327","Sub_dist":"Naxalbari","Subdis_LGD":"2163","Subdis_Typ":"Cd_Block","Vill_name":"M.M.Terai","Vill_Cat":"Rural","Vill_LGD":"306637","arr_project":"asha2"}},
{"type":"Feature","geometry":{"type":"Polygon","coordinates":[[[88.27358,26.65395],[88.27348,26.65397],[88.26946,26.65316],[88.26529,26.65289],[88.26564,26.64351],[88.2595,26.63643],[88.26114,26.634],[88.2698,26.63376],[88.27208,26.6342],[88.27309,26.6369],[88.27232,26.64212],[88.27393,26.64391],[88.2739,26.64831],[88.27358,26.65395]]]},"properties":{"District":"Darjiling","Dist_LGD":"327","Sub_dist":"Phansidewa","Subdis_LGD":"2164","Subdis_Typ":"Cd_Block","Vill_name":"Pathar Hirhiria","Vill_Cat":"Rural","Vill_LGD":"306691","arr_project":"asha2"}},
{"type":"Feature","geometry":{"type":"Polygon","coordinates":[[[88.25382,26.64512],[88.25734,26.64694],[88.26365,26.65419],[88.26207,26.65701],[88.25402,26.65749],[88.24845,26.65523],[88.25129,26.65],[88.24661,26.64846],[88.24815,26.6458],[88.25382,26.64512]]]},"properties":{"District":"Darjiling","Dist_LGD":"327","Sub_dist":"Kharibari","Subdis_LGD":"2165","Subdis_Typ":"Cd_Block","Vill_name":"Tharu Bhita","Vill_Cat":"Rural","Vill_LGD":"306836","arr_project":"asha2"}},
{"type":"Feature","geometry":{"type":"Polygon","coordinates":[[[88.2466,26.679],[88.24894,26.67998],[88.25862,26.68177],[88.2632,26.68058],[88.27049,26.68039],[88.26815,26.68333],[88.26683,26.68675],[88.26505,26.69109],[88.26375,26.69654],[88.25716,26.69609],[88.25414,26.69404],[88.24791,26.69676],[88.24384,26.69247],[88.24485,26.68872],[88.24779,26.68678],[88.24698,26.68354],[88.24939,26.68147],[88.2466,26.679]]]},"properties":{"District":"Darjiling","Dist_LGD":"327","Sub_dist":"Naxalbari","Subdis_LGD":"2163","Subdis_Typ":"Cd_Block","Vill_name":"Atal","Vill_Cat":"Rural","Vill_LGD":"306614","arr_project":"asha2"}},
{"type":"Feature","geometry":{"type":"Polygon","coordinates":[[[88.3513,26.70468],[88.35088,26.70638],[88.34675,26.70885],[88.34432,26.71182],[88.34167,26.7126],[88.33652,26.71141],[88.33427,26.71198],[88.33586,26.70396],[88.33923,26.70007],[88.35211,26.70209],[88.3513,26.70468]]]},"properties":{"District":"Darjiling","Dist_LGD":"327","Sub_dist":"Naxalbari","Subdis_LGD":"2163","Subdis_Typ":"Cd_Block","Vill_name":"Rupsing","Vill_Cat":"Rural","Vill_LGD":"306652","arr_project":"asha2"}},
{"type":"Feature","geometry":{"type":"Polygon","coordinates":[[[88.39879,26.68535],[88.39098,26.68642],[88.38744,26.68769],[88.38663,26.69069],[88.3813,26.69352],[88.37952,26.69308],[88.37682,26.69017],[88.37093,26.68706],[88.37136,26.68535],[88.37686,26.68668],[88.38238,26.68669],[88.38156,26.68429],[88.38751,26.68416],[88.39592,26.68302],[88.39879,26.68535]]]},"properties":{"District":"Darjiling","Dist_LGD":"327","Sub_dist":"Matigara","Subdis_LGD":"2162","Subdis_Typ":"Cd_Block","Vill_name":"Thiknikata","Vill_Cat":"Rural","Vill_LGD":"306551","arr_project":"asha2"}},
{"type":"Feature","geometry":{"type":"Polygon","coordinates":[[[88.35855,26.683],[88.37136,26.68535],[88.37093,26.68706],[88.36524,26.69126],[88.35929,26.69026],[88.35825,26.68548],[88.35855,26.683]]]},"properties":{"District":"Darjiling","Dist_LGD":"327","Sub_dist":"Naxalbari","Subdis_LGD":"2163","Subdis_Typ":"Cd_Block","Vill_name":"Bharat Singh","Vill_Cat":"Rural","Vill_LGD":"306657","arr_project":"asha2"}},
{"type":"Feature","geometry":{"type":"Polygon","coordinates":[[[88.3995,26.77874],[88.39737,26.77888],[88.39688,26.77685],[88.39862,26.7753],[88.39746,26.76594],[88.39581,26.76323],[88.3987,26.76211],[88.40249,26.76462],[88.41035,26.76563],[88.41095,26.76572],[88.411,26.7691],[88.39885,26.77701],[88.3995,26.77874]]]},"properties":{"District":"Darjiling","Dist_LGD":"327","Sub_dist":"Matigara","Subdis_LGD":"2162","Subdis_Typ":"Cd_Block","Vill_name":"Mahatram","Vill_Cat":"Rural","Vill_LGD":"306531","arr_project":"asha2"}},
{"type":"Feature","geometry":{"type":"Polygon","coordinates":[[[88.43736,26.78312],[88.43503,26.78568],[88.43454,26.78453],[88.43472,26.78412],[88.4349,26.78374],[88.43736,26.78312]]]},"properties":{"District":"Darjiling","Dist_LGD":"327","Sub_dist":"Matigara","Subdis_LGD":"2162","Subdis_Typ":"Cd_Block","Vill_name":"Duramarir Chhat","Vill_Cat":"Rural","Vill_LGD":"306518","arr_project":"asha2"}},
{"type":"Feature","geometry":{"type":"Polygon","coordinates":[[[88.43631,26.77359],[88.43258,26.77645],[88.4257,26.77533],[88.42735,26.76892],[88.42577,26.7658],[88.42598,26.75924],[88.42847,26.7575],[88.43036,26.75335],[88.43539,26.75792],[88.43428,26.76422],[88.43436,26.7669],[88.43743,26.7723],[88.43631,26.77359]]]},"properties":{"District":"Darjiling","Dist_LGD":"327","Sub_dist":"Matigara","Subdis_LGD":"2162","Subdis_Typ":"Cd_Block","Vill_name":"Palash (Ct)","Vill_Cat":"Partly_Urban","Vill_LGD":"306525","arr_project":"asha2"}},
{"type":"Feature","geometry":{"type":"Polygon","coordinates":[[[88.23127,26.90079],[88.22993,26.90219],[88.23123,26.91399],[88.22737,26.91457],[88.22081,26.91208],[88.21718,26.90941],[88.22447,26.9031],[88.22157,26.90091],[88.22351,26.89892],[88.23127,26.90079]]]},"properties":{"District":"Darjiling","Dist_LGD":"327","Sub_dist":"Jor Bungalow Sukhiya Pokhri","Subdis_LGD":"2159","Subdis_Typ":"Cd_Block","Vill_name":"Dhajea Khasmahal","Vill_Cat":"Rural","Vill_LGD":"306391","arr_project":"asha2"}},
{"type":"Feature","geometry":{"type":"Polygon","coordinates":[[[88.25537,26.91807],[88.24941,26.91621],[88.24277,26.91943],[88.23941,26.91758],[88.2312,26.91626],[88.23123,26.91399],[88.22993,26.90219],[88.23127,26.90079],[88.23667,26.89477],[88.23814,26.89675],[88.24461,26.89902],[88.24565,26.90279],[88.25226,26.90874],[88.2594,26.91411],[88.25537,26.91807]]]},"properties":{"District":"Darjiling","Dist_LGD":"327","Sub_dist":"Jor Bungalow Sukhiya Pokhri","Subdis_LGD":"2159","Subdis_Typ":"Cd_Block","Vill_name":"Nahori Tea Garden (Balasom)","Vill_Cat":"Others","Vill_LGD":"306375","arr_project":"asha2"}},
{"type":"Feature","geometry":{"type":"Polygon","coordinates":[[[88.19662,26.90999],[88.18548,26.91139],[88.18631,26.90123],[88.18493,26.89769],[88.19272,26.89733],[88.19139,26.89445],[88.19597,26.8939],[88.19637,26.89056],[88.19465,26.88735],[88.19978,26.88778],[88.20204,26.88599],[88.20238,26.88594],[88.20537,26.88661],[88.21066,26.88464],[88.21233,26.88671],[88.22452,26.89626],[88.22351,26.89892],[88.22157,26.90091],[88.21804,26.90353],[88.20799,26.90493],[88.19662,26.90999]]]},"properties":{"District":"Darjiling","Dist_LGD":"327","Sub_dist":"Mirik","Subdis_LGD":"2160","Subdis_Typ":"Cd_Block","Vill_name":"Mirik Khasmahal (P)","Vill_Cat":"Rural","Vill_LGD":"306401","arr_project":"asha2"}},
{"type":"Feature","geometry":{"type":"Polygon","coordinates":[[[88.19465,26.88735],[88.19637,26.89056],[88.19597,26.8939],[88.19139,26.89445],[88.19272,26.89733],[88.18493,26.89769],[88.18631,26.90123],[88.18548,26.91139],[88.18276,26.91237],[88.18078,26.90718],[88.17754,26.90663],[88.16598,26.90716],[88.15909,26.90669],[88.15953,26.90503],[88.16473,26.90308],[88.16097,26.89753],[88.16251,26.89384],[88.15954,26.89],[88.15734,26.88468],[88.16353,26.87825],[88.16487,26.8729],[88.17643,26.872],[88.18701,26.8717],[88.18768,26.87971],[88.19025,26.88482],[88.19465,26.88735]]]},"properties":{"District":"Darjiling","Dist_LGD":"327","Sub_dist":"Mirik","Subdis_LGD":"2160","Subdis_Typ":"Cd_Block","Vill_name":"Mirik (M)","Vill_Cat":"Fully_Urban","Vill_LGD":"801636","arr_project":"asha2"}},
{"type":"Feature","geometry":{"type":"Polygon","coordinates":[[[88.1924,26.93852],[88.19561,26.93744],[88.2029,26.92937],[88.20592,26.93108],[88.21003,26.93373],[88.21746,26.93666],[88.21349,26.94218],[88.21157,26.94503],[88.20329,26.94659],[88.20069,26.94494],[88.1941,26.94366],[88.18745,26.94511],[88.18761,26.94131],[88.1924,26.93852]]]},"properties":{"District":"Darjiling","Dist_LGD":"327","Sub_dist":"Jor Bungalow Sukhiya Pokhri","Subdis_LGD":"2159","Subdis_Typ":"Cd_Block","Vill_name":"Molatey Tea Garden (Aveneroge)","Vill_Cat":"Others","Vill_LGD":"306388","arr_project":"asha2"}},
{"type":"Feature","geometry":{"type":"Polygon","coordinates":[[[88.26508,26.9849],[88.26507,26.98734],[88.26027,26.99006],[88.25956,26.99177],[88.2495,26.98715],[88.24301,26.98899],[88.2403,26.99122],[88.23723,26.98783],[88.23093,26.98714],[88.22789,26.98512],[88.22407,26.98457],[88.21835,26.98027],[88.20209,26.98051],[88.19732,26.97314],[88.20146,26.96502],[88.20851,26.96309],[88.20964,26.96049],[88.209,26.95647],[88.21037,26.9539],[88.21065,26.947],[88.21157,26.94503],[88.21349,26.94218],[88.21595,26.9463],[88.22283,26.95041],[88.22603,26.9515],[88.23021,26.95289],[88.23351,26.95593],[88.23511,26.96354],[88.2339,26.96588],[88.23806,26.96835],[88.24502,26.98369],[88.24941,26.98561],[88.25571,26.98709],[88.26294,26.987],[88.26508,26.9849]]]},"properties":{"District":"Darjiling","Dist_LGD":"327","Sub_dist":"Jor Bungalow Sukhiya Pokhri","Subdis_LGD":"2159","Subdis_Typ":"Cd_Block","Vill_name":"Dooteriah Tea Garden","Vill_Cat":"Others","Vill_LGD":"306371","arr_project":"asha2"}},
{"type":"Feature","geometry":{"type":"Polygon","coordinates":[[[88.13707,26.98271],[88.13967,26.98417],[88.13846,26.98559],[88.13707,26.98271]]]},"properties":{"District":"Darjiling","Dist_LGD":"327","Sub_dist":"Jor Bungalow Sukhiya Pokhri","Subdis_LGD":"2159","Subdis_Typ":"Cd_Block","Vill_name":"Simana Basti","Vill_Cat":"Rural","Vill_LGD":"306377","arr_project":"asha2"}},
{"type":"Feature","geometry":{"type":"Polygon","coordinates":[[[88.08784,27.15341],[88.0871,27.16422],[88.08279,27.16749],[88.07763,27.17327],[88.07976,27.17437],[88.07854,27.18035],[88.07266,27.1878],[88.07433,27.19281],[88.07778,27.19658],[88.07917,27.20109],[88.07117,27.20456],[88.06552,27.20916],[88.06364,27.21464],[88.05282,27.21341],[88.04844,27.21691],[88.04309,27.21947],[88.03775,27.22053],[88.02721,27.22082],[88.02392,27.21944],[88.02211,27.21692],[88.01659,27.21497],[88.01417,27.21289],[88.01508,27.20912],[88.01175,27.20421],[88.01531,27.19977],[88.01586,27.19353],[88.01393,27.19086],[88.01233,27.17794],[88.01912,27.17112],[88.01401,27.167],[88.01133,27.16631],[88.01114,27.15902],[88.00719,27.14336],[88.00468,27.14311],[88.00079,27.1405],[87.99744,27.1331],[87.99126,27.13042],[87.99046,27.1255],[87.98861,27.1234],[87.98832,27.11769],[87.9914,27.11034],[87.9911,27.10515],[87.99517,27.1036],[88.00248,27.10467],[88.0076,27.10098],[88.00772,27.09915],[88.01134,27.09725],[88.01346,27.0911],[88.01517,27.08902],[88.02017,27.08665],[88.0206,27.08353],[88.01572,27.07698],[88.01583,27.07444],[88.01826,27.07016],[88.02052,27.06946],[88.02214,27.06366],[88.02551,27.05836],[88.02573,27.05423],[88.03268,27.04431],[88.03514,27.04342],[88.03767,27.03647],[88.04547,27.03695],[88.05202,27.03334],[88.05763,27.03223],[88.05937,27.02949],[88.06466,27.03159],[88.06956,27.03168],[88.07323,27.03447],[88.07758,27.0355],[88.0815,27.03198],[88.08298,27.02922],[88.08366,27.0233],[88.08873,27.01612],[88.08844,27.00814],[88.09157,27.00521],[88.0987,27.00429],[88.10404,26.99772],[88.10688,26.99672],[88.1091,26.99249],[88.11847,26.98712],[88.12525,26.98792],[88.12174,26.98841],[88.11624,26.99048],[88.11568,26.99321],[88.1167,26.99876],[88.11209,27.00748],[88.10944,27.00928],[88.11021,27.01539],[88.11164,27.01742],[88.11857,27.01322],[88.12774,27.00862],[88.13786,27.00835],[88.14142,27.00756],[88.14373,27.00859],[88.13687,27.01083],[88.13355,27.01347],[88.12626,27.02107],[88.11918,27.02642],[88.09741,27.03881],[88.10464,27.03939],[88.11106,27.03838],[88.12005,27.03501],[88.11939,27.03748],[88.11941,27.04017],[88.12849,27.04199],[88.12908,27.04498],[88.12551,27.05061],[88.12235,27.05341],[88.12151,27.05829],[88.12312,27.06707],[88.13084,27.08244],[88.13399,27.08711],[88.13849,27.09165],[88.13134,27.09031],[88.12205,27.09212],[88.11955,27.08852],[88.12045,27.08688],[88.11738,27.08289],[88.11372,27.08246],[88.10844,27.07862],[88.10612,27.07576],[88.10441,27.07661],[88.09426,27.07116],[88.08935,27.06951],[88.08913,27.06491],[88.08487,27.06096],[88.08148,27.06154],[88.08029,27.06814],[88.07609,27.06857],[88.06878,27.06774],[88.06718,27.0686],[88.06252,27.06755],[88.06213,27.07148],[88.06463,27.07278],[88.06617,27.08098],[88.07205,27.08254],[88.07216,27.08526],[88.07902,27.09353],[88.0888,27.09966],[88.09261,27.10344],[88.09438,27.10675],[88.09419,27.11096],[88.09702,27.11513],[88.09917,27.11559],[88.09907,27.12249],[88.09727,27.12495],[88.09084,27.12502],[88.08476,27.12729],[88.08134,27.12578],[88.07657,27.12595],[88.07245,27.13044],[88.0623,27.12338],[88.05868,27.12668],[88.06184,27.13208],[88.0637,27.13846],[88.06815,27.13895],[88.07082,27.14115],[88.08045,27.14234],[88.07795,27.14635],[88.08019,27.14953],[88.08376,27.15227],[88.08784,27.15341]],[[88.03884,27.2052],[88.03661,27.20743],[88.03672,27.21228],[88.04071,27.21353],[88.04914,27.20839],[88.04856,27.20607],[88.03884,27.2052]],[[88.05602,27.20582],[88.05702,27.2081],[88.0624,27.21033],[88.06465,27.2087],[88.0637,27.20532],[88.05682,27.2047],[88.05602,27.20582]],[[88.05987,27.19596],[88.06166,27.20012],[88.06568,27.19997],[88.06928,27.19388],[88.06642,27.19176],[88.06275,27.19212],[88.05987,27.19596]],[[88.02326,27.19652],[88.02625,27.19462],[88.02476,27.19214],[88.0215,27.19202],[88.01947,27.19616],[88.02326,27.19652]],[[88.06714,27.17614],[88.06484,27.17912],[88.06707,27.18317],[88.0705,27.18069],[88.0739,27.18009],[88.07157,27.176],[88.06714,27.17614]],[[88.07744,27.15394],[88.07574,27.15848],[88.07634,27.16089],[88.08163,27.16258],[88.0845,27.16083],[88.08358,27.15435],[88.07744,27.15394]],[[88.05352,27.13992],[88.05058,27.13958],[88.04642,27.14228],[88.04671,27.14531],[88.05201,27.14797],[88.05539,27.14612],[88.05675,27.14215],[88.05352,27.13992]]]},"properties":{"District":"Darjiling","Dist_LGD":"327","Sub_dist":"Darjiling Phulbazar","Subdis_LGD":"2154","Subdis_Typ":"Cd_Block","Vill_name":"Singalila Forest","Vill_Cat":"Rural","Vill_LGD":"306145","arr_project":"asha2"}},
{"type":"Feature","geometry":{"type":"Polygon","coordinates":[[[88.16575,26.93297],[88.16875,26.92964],[88.17372,26.93809],[88.17951,26.94238],[88.18463,26.94515],[88.18745,26.94511],[88.18438,26.94897],[88.17839,26.95312],[88.17737,26.95241],[88.16804,26.94318],[88.16502,26.94194],[88.1625,26.93884],[88.16575,26.93297]]]},"properties":{"District":"Darjiling","Dist_LGD":"327","Sub_dist":"Jor Bungalow Sukhiya Pokhri","Subdis_LGD":"2159","Subdis_Typ":"Cd_Block","Vill_name":"Tarzum Tea Garden","Vill_Cat":"Others","Vill_LGD":"306385","arr_project":"asha2"}},
{"type":"Feature","geometry":{"type":"Polygon","coordinates":[[[88.32757,26.78898],[88.32316,26.7886],[88.3155,26.79036],[88.31366,26.78721],[88.31623,26.77989],[88.31974,26.77906],[88.32264,26.77637],[88.32578,26.77452],[88.33114,26.77632],[88.33243,26.77978],[88.32823,26.78634],[88.32757,26.78898]]]},"properties":{"District":"Darjiling","Dist_LGD":"327","Sub_dist":"Matigara","Subdis_LGD":"2162","Subdis_Typ":"Cd_Block","Vill_name":"Bara Adalpur Dwitiya Khanda","Vill_Cat":"Rural","Vill_LGD":"306496","arr_project":"asha2"}},
{"type":"Feature","geometry":{"type":"Polygon","coordinates":[[[88.34362,26.79021],[88.34127,26.79002],[88.32775,26.78902],[88.32757,26.78898],[88.32823,26.78634],[88.33263,26.78792],[88.33753,26.78108],[88.34249,26.78082],[88.34015,26.78611],[88.34362,26.79021]]]},"properties":{"District":"Darjiling","Dist_LGD":"327","Sub_dist":"Kurseong","Subdis_LGD":"2161","Subdis_Typ":"Cd_Block","Vill_name":"Chhota Adalpur","Vill_Cat":"Rural","Vill_LGD":"306486","arr_project":"asha2"}},
{"type":"Feature","geometry":{"type":"Polygon","coordinates":[[[88.35975,26.78911],[88.35521,26.78877],[88.3482,26.78981],[88.34785,26.78615],[88.34918,26.78092],[88.34873,26.77904],[88.35151,26.77551],[88.35966,26.77504],[88.36597,26.77686],[88.36571,26.77387],[88.36748,26.771],[88.37057,26.7708],[88.37132,26.77367],[88.37447,26.77322],[88.37477,26.77536],[88.37101,26.78057],[88.36389,26.78777],[88.35975,26.78911]],[[88.35286,26.78407],[88.35106,26.78639],[88.35436,26.78736],[88.35457,26.78518],[88.35286,26.78407]],[[88.35222,26.77784],[88.35145,26.78105],[88.35485,26.77945],[88.35222,26.77784]]]},"properties":{"District":"Darjiling","Dist_LGD":"327","Sub_dist":"Kurseong","Subdis_LGD":"2161","Subdis_Typ":"Cd_Block","Vill_name":"Sukna Forest","Vill_Cat":"Rural","Vill_LGD":"306484","arr_project":"asha2"}},
{"type":"Feature","geometry":{"type":"Polygon","coordinates":[[[88.23056,26.56476],[88.22323,26.56396],[88.21909,26.56623],[88.21933,26.56315],[88.21718,26.56133],[88.21606,26.55783],[88.21871,26.55666],[88.22549,26.55675],[88.22632,26.55474],[88.23056,26.56476]]]},"properties":{"District":"Darjiling","Dist_LGD":"327","Sub_dist":"Kharibari","Subdis_LGD":"2165","Subdis_Typ":"Cd_Block","Vill_name":"Sona Chandi","Vill_Cat":"Rural","Vill_LGD":"306852","arr_project":"asha2"}},
{"type":"Feature","geometry":{"type":"Polygon","coordinates":[[[88.24502,26.56675],[88.2428,26.56812],[88.23924,26.56688],[88.23269,26.56802],[88.23056,26.56476],[88.22632,26.55474],[88.22627,26.55446],[88.23766,26.55347],[88.2433,26.55522],[88.24661,26.55532],[88.25128,26.55928],[88.25038,26.56288],[88.24502,26.56675]]]},"properties":{"District":"Darjiling","Dist_LGD":"327","Sub_dist":"Kharibari","Subdis_LGD":"2165","Subdis_Typ":"Cd_Block","Vill_name":"Bhattagachh","Vill_Cat":"Rural","Vill_LGD":"306853","arr_project":"asha2"}},
{"type":"Feature","geometry":{"type":"Polygon","coordinates":[[[88.2187,26.57305],[88.21465,26.57329],[88.21061,26.57185],[88.20507,26.57479],[88.20173,26.57361],[88.20102,26.5697],[88.20136,26.56433],[88.20293,26.56017],[88.21137,26.56217],[88.21169,26.56121],[88.21606,26.55783],[88.21718,26.56133],[88.21933,26.56315],[88.21909,26.56623],[88.22011,26.57017],[88.2187,26.57305]]]},"properties":{"District":"Darjiling","Dist_LGD":"327","Sub_dist":"Kharibari","Subdis_LGD":"2165","Subdis_Typ":"Cd_Block","Vill_name":"Arjunmahal","Vill_Cat":"Rural","Vill_LGD":"306850","arr_project":"asha2"}},
{"type":"Feature","geometry":{"type":"Polygon","coordinates":[[[88.1898,26.58416],[88.19257,26.58046],[88.19587,26.58056],[88.19575,26.57592],[88.19787,26.5739],[88.20173,26.57361],[88.20507,26.57479],[88.20557,26.57859],[88.20341,26.58102],[88.20387,26.58603],[88.19824,26.58644],[88.1898,26.58416]]]},"properties":{"District":"Darjiling","Dist_LGD":"327","Sub_dist":"Kharibari","Subdis_LGD":"2165","Subdis_Typ":"Cd_Block","Vill_name":"Bagha","Vill_Cat":"Rural","Vill_LGD":"306819","arr_project":"asha2"}},
{"type":"Feature","geometry":{"type":"Polygon","coordinates":[[[88.18482,26.58505],[88.18105,26.57785],[88.17825,26.57601],[88.17736,26.57063],[88.17891,26.56694],[88.18224,26.56697],[88.1845,26.56975],[88.19029,26.56801],[88.19309,26.57158],[88.20102,26.5697],[88.20173,26.57361],[88.19787,26.5739],[88.19575,26.57592],[88.19587,26.58056],[88.19257,26.58046],[88.1898,26.58416],[88.18482,26.58505]]]},"properties":{"District":"Darjiling","Dist_LGD":"327","Sub_dist":"Kharibari","Subdis_LGD":"2165","Subdis_Typ":"Cd_Block","Vill_name":"Dohaguri","Vill_Cat":"Rural","Vill_LGD":"306818","arr_project":"asha2"}},
{"type":"Feature","geometry":{"type":"Polygon","coordinates":[[[88.15727,26.5749],[88.17082,26.57269],[88.17141,26.57781],[88.17495,26.57704],[88.17538,26.58319],[88.16956,26.58403],[88.16828,26.58602],[88.16684,26.58234],[88.16291,26.58267],[88.15976,26.58497],[88.15568,26.58475],[88.15337,26.58147],[88.1568,26.57847],[88.15727,26.5749]]]},"properties":{"District":"Darjiling","Dist_LGD":"327","Sub_dist":"Kharibari","Subdis_LGD":"2165","Subdis_Typ":"Cd_Block","Vill_name":"Bara Sat Vita","Vill_Cat":"Rural","Vill_LGD":"306797","arr_project":"asha2"}},
{"type":"Feature","geometry":{"type":"Polygon","coordinates":[[[88.1409,26.592],[88.14415,26.59233],[88.14389,26.58837],[88.15032,26.58843],[88.15017,26.58557],[88.1473,26.58209],[88.15337,26.58147],[88.15568,26.58475],[88.15504,26.59292],[88.15612,26.59748],[88.15027,26.59635],[88.14908,26.5947],[88.14224,26.59489],[88.1409,26.592]]]},"properties":{"District":"Darjiling","Dist_LGD":"327","Sub_dist":"Kharibari","Subdis_LGD":"2165","Subdis_Typ":"Cd_Block","Vill_name":"Kungarpur","Vill_Cat":"Rural","Vill_LGD":"306791","arr_project":"asha2"}},
{"type":"Feature","geometry":{"type":"Polygon","coordinates":[[[88.15504,26.59292],[88.16241,26.59247],[88.16247,26.59614],[88.16481,26.59645],[88.1649,26.59794],[88.15612,26.59748],[88.15504,26.59292]]]},"properties":{"District":"Darjiling","Dist_LGD":"327","Sub_dist":"Kharibari","Subdis_LGD":"2165","Subdis_Typ":"Cd_Block","Vill_name":"Jamatulla","Vill_Cat":"Rural","Vill_LGD":"306792","arr_project":"asha2"}},
{"type":"Feature","geometry":{"type":"Polygon","coordinates":[[[88.15568,26.58475],[88.15976,26.58497],[88.16291,26.58267],[88.16684,26.58234],[88.16828,26.58602],[88.17069,26.58718],[88.17013,26.59042],[88.17002,26.59198],[88.16543,26.59268],[88.16481,26.59645],[88.16247,26.59614],[88.16241,26.59247],[88.15504,26.59292],[88.15568,26.58475]]]},"properties":{"District":"Darjiling","Dist_LGD":"327","Sub_dist":"Kharibari","Subdis_LGD":"2165","Subdis_Typ":"Cd_Block","Vill_name":"Alokjhari","Vill_Cat":"Rural","Vill_LGD":"306796","arr_project":"asha2"}},
{"type":"Feature","geometry":{"type":"Polygon","coordinates":[[[88.17013,26.59042],[88.18009,26.58923],[88.18377,26.59264],[88.18544,26.59849],[88.18092,26.59866],[88.17503,26.59731],[88.17031,26.59965],[88.17002,26.59198],[88.17013,26.59042]]]},"properties":{"District":"Darjiling","Dist_LGD":"327","Sub_dist":"Kharibari","Subdis_LGD":"2165","Subdis_Typ":"Cd_Block","Vill_name":"Balahijhora","Vill_Cat":"Rural","Vill_LGD":"306794","arr_project":"asha2"}},
{"type":"Feature","geometry":{"type":"Polygon","coordinates":[[[88.1898,26.58416],[88.19824,26.58644],[88.20387,26.58603],[88.20549,26.58857],[88.20601,26.59136],[88.20232,26.5925],[88.20201,26.59453],[88.19358,26.59534],[88.19271,26.5934],[88.18586,26.59339],[88.18481,26.59177],[88.18364,26.58999],[88.18482,26.58505],[88.1898,26.58416]]]},"properties":{"District":"Darjiling","Dist_LGD":"327","Sub_dist":"Kharibari","Subdis_LGD":"2165","Subdis_Typ":"Cd_Block","Vill_name":"Deburam","Vill_Cat":"Rural","Vill_LGD":"306820","arr_project":"asha2"}},
{"type":"Feature","geometry":{"type":"Polygon","coordinates":[[[88.21447,26.61153],[88.2216,26.60962],[88.22206,26.61324],[88.22119,26.62114],[88.2138,26.61982],[88.21531,26.61637],[88.21447,26.61153]]]},"properties":{"District":"Darjiling","Dist_LGD":"327","Sub_dist":"Kharibari","Subdis_LGD":"2165","Subdis_Typ":"Cd_Block","Vill_name":"Deoanbhita","Vill_Cat":"Rural","Vill_LGD":"306842","arr_project":"asha2"}},
{"type":"Feature","geometry":{"type":"Polygon","coordinates":[[[88.201,26.63826],[88.20735,26.6326],[88.2093,26.62461],[88.21172,26.62429],[88.21661,26.62532],[88.21738,26.62938],[88.21609,26.63064],[88.21708,26.63611],[88.21184,26.64101],[88.20572,26.6424],[88.20416,26.64402],[88.20173,26.64278],[88.201,26.63826]]]},"properties":{"District":"Darjiling","Dist_LGD":"327","Sub_dist":"Kharibari","Subdis_LGD":"2165","Subdis_Typ":"Cd_Block","Vill_name":"Rangali","Vill_Cat":"Rural","Vill_LGD":"306831","arr_project":"asha2"}},
{"type":"Feature","geometry":{"type":"Polygon","coordinates":[[[88.22847,26.63216],[88.22307,26.6333],[88.22288,26.63933],[88.22706,26.64462],[88.22726,26.64727],[88.22162,26.64518],[88.213,26.64431],[88.21184,26.64101],[88.21708,26.63611],[88.21609,26.63064],[88.22779,26.62951],[88.22847,26.63216]]]},"properties":{"District":"Darjiling","Dist_LGD":"327","Sub_dist":"Kharibari","Subdis_LGD":"2165","Subdis_Typ":"Cd_Block","Vill_name":"Singhivita","Vill_Cat":"Rural","Vill_LGD":"306832","arr_project":"asha2"}},
{"type":"Feature","geometry":{"type":"Polygon","coordinates":[[[88.24269,26.65484],[88.24167,26.6581],[88.23827,26.66131],[88.23237,26.66025],[88.231,26.65749],[88.21407,26.65744],[88.21065,26.65786],[88.20992,26.65545],[88.20379,26.65556],[88.20327,26.64696],[88.20416,26.64402],[88.20572,26.6424],[88.21184,26.64101],[88.213,26.64431],[88.22162,26.64518],[88.22726,26.64727],[88.23022,26.65115],[88.23742,26.65309],[88.24269,26.65484]]]},"properties":{"District":"Darjiling","Dist_LGD":"327","Sub_dist":"Naxalbari","Subdis_LGD":"2163","Subdis_Typ":"Cd_Block","Vill_name":"Uttam Chander Chaat","Vill_Cat":"Rural","Vill_LGD":"306596","arr_project":"asha2"}},
{"type":"Feature","geometry":{"type":"Polygon","coordinates":[[[88.21065,26.65786],[88.21407,26.65744],[88.231,26.65749],[88.2275,26.65951],[88.22629,26.66389],[88.22943,26.66697],[88.22534,26.66546],[88.21222,26.66658],[88.21065,26.65786]]]},"properties":{"District":"Darjiling","Dist_LGD":"327","Sub_dist":"Naxalbari","Subdis_LGD":"2163","Subdis_Typ":"Cd_Block","Vill_name":"Mudir Jungla","Vill_Cat":"Rural","Vill_LGD":"306597","arr_project":"asha2"}},
{"type":"Feature","geometry":{"type":"Polygon","coordinates":[[[88.21222,26.66658],[88.22534,26.66546],[88.22943,26.66697],[88.22378,26.67056],[88.22195,26.67523],[88.22254,26.68029],[88.22103,26.68501],[88.21607,26.68582],[88.21388,26.683],[88.21413,26.6785],[88.21222,26.66658]]]},"properties":{"District":"Darjiling","Dist_LGD":"327","Sub_dist":"Naxalbari","Subdis_LGD":"2163","Subdis_Typ":"Cd_Block","Vill_name":"Satbhaiya","Vill_Cat":"Rural","Vill_LGD":"306598","arr_project":"asha2"}},
{"type":"Feature","geometry":{"type":"Polygon","coordinates":[[[88.24845,26.65523],[88.25402,26.65749],[88.26207,26.65701],[88.26461,26.65773],[88.2655,26.66486],[88.26436,26.66594],[88.25779,26.66795],[88.24952,26.66503],[88.25761,26.6623],[88.25638,26.66026],[88.25108,26.65859],[88.24863,26.6599],[88.24677,26.65559],[88.24845,26.65523]]]},"properties":{"District":"Darjiling","Dist_LGD":"327","Sub_dist":"Naxalbari","Subdis_LGD":"2163","Subdis_Typ":"Cd_Block","Vill_name":"Nimubhitar Chhat","Vill_Cat":"Rural","Vill_LGD":"306601","arr_project":"asha2"}},
{"type":"Feature","geometry":{"type":"Polygon","coordinates":[[[88.26893,26.66583],[88.272,26.66859],[88.2702,26.67147],[88.26768,26.67032],[88.26893,26.66583]]]},"properties":{"District":"Darjiling","Dist_LGD":"327","Sub_dist":"Naxalbari","Subdis_LGD":"2163","Subdis_Typ":"Cd_Block","Vill_name":"Grammani","Vill_Cat":"Rural","Vill_LGD":"306605","arr_project":"asha2"}},
{"type":"Feature","geometry":{"type":"Polygon","coordinates":[[[88.26436,26.66594],[88.2655,26.66486],[88.26869,26.66458],[88.26893,26.66583],[88.26768,26.67032],[88.26422,26.66847],[88.26436,26.66594]]]},"properties":{"District":"Darjiling","Dist_LGD":"327","Sub_dist":"Naxalbari","Subdis_LGD":"2163","Subdis_Typ":"Cd_Block","Vill_name":"Gram Maniram Chhat","Vill_Cat":"Rural","Vill_LGD":"306604","arr_project":"asha2"}},
{"type":"Feature","geometry":{"type":"Polygon","coordinates":[[[88.2655,26.66486],[88.26461,26.65773],[88.26207,26.65701],[88.26365,26.65419],[88.26529,26.65289],[88.26946,26.65316],[88.27172,26.65876],[88.26895,26.65991],[88.26869,26.66458],[88.2655,26.66486]]]},"properties":{"District":"Darjiling","Dist_LGD":"327","Sub_dist":"Naxalbari","Subdis_LGD":"2163","Subdis_Typ":"Cd_Block","Vill_name":"Minghara","Vill_Cat":"Rural","Vill_LGD":"306602","arr_project":"asha2"}},
{"type":"Feature","geometry":{"type":"Polygon","coordinates":[[[88.26683,26.68675],[88.27166,26.69169],[88.26505,26.69109],[88.26683,26.68675]]]},"properties":{"District":"Darjiling","Dist_LGD":"327","Sub_dist":"Naxalbari","Subdis_LGD":"2163","Subdis_Typ":"Cd_Block","Vill_name":"Lakshman","Vill_Cat":"Rural","Vill_LGD":"306616","arr_project":"asha2"}},
{"type":"Feature","geometry":{"type":"Polygon","coordinates":[[[88.26815,26.68333],[88.27308,26.68965],[88.27282,26.69202],[88.27166,26.69169],[88.26683,26.68675],[88.26815,26.68333]]]},"properties":{"District":"Darjiling","Dist_LGD":"327","Sub_dist":"Naxalbari","Subdis_LGD":"2163","Subdis_Typ":"Cd_Block","Vill_name":"Lakshaner Chhat","Vill_Cat":"Rural","Vill_LGD":"306615","arr_project":"asha2"}},
{"type":"Feature","geometry":{"type":"Polygon","coordinates":[[[88.26375,26.69654],[88.26505,26.69109],[88.27166,26.69169],[88.27282,26.69202],[88.26943,26.69841],[88.26595,26.69941],[88.26375,26.69654]]]},"properties":{"District":"Darjiling","Dist_LGD":"327","Sub_dist":"Naxalbari","Subdis_LGD":"2163","Subdis_Typ":"Cd_Block","Vill_name":"Dew Mani","Vill_Cat":"Rural","Vill_LGD":"306617","arr_project":"asha2"}},
{"type":"Feature","geometry":{"type":"Polygon","coordinates":[[[88.25221,26.70043],[88.25716,26.69609],[88.26375,26.69654],[88.26595,26.69941],[88.26304,26.70837],[88.25985,26.71061],[88.25492,26.70884],[88.2557,26.70631],[88.25256,26.70529],[88.25221,26.70043]]]},"properties":{"District":"Darjiling","Dist_LGD":"327","Sub_dist":"Naxalbari","Subdis_LGD":"2163","Subdis_Typ":"Cd_Block","Vill_name":"Nandalal","Vill_Cat":"Rural","Vill_LGD":"306618","arr_project":"asha2"}},
{"type":"Feature","geometry":{"type":"Polygon","coordinates":[[[88.26066,26.7189],[88.25812,26.72126],[88.25537,26.72214],[88.25449,26.71842],[88.2503,26.71946],[88.25192,26.71866],[88.25294,26.71391],[88.25247,26.71082],[88.25492,26.70884],[88.25985,26.71061],[88.26066,26.7189]]]},"properties":{"District":"Darjiling","Dist_LGD":"327","Sub_dist":"Naxalbari","Subdis_LGD":"2163","Subdis_Typ":"Cd_Block","Vill_name":"Omi","Vill_Cat":"Rural","Vill_LGD":"306620","arr_project":"asha2"}},
{"type":"Feature","geometry":{"type":"Polygon","coordinates":[[[88.26066,26.7189],[88.26266,26.71697],[88.26347,26.70974],[88.26947,26.70923],[88.26869,26.71415],[88.26621,26.71862],[88.26681,26.72082],[88.2633,26.72509],[88.25725,26.72535],[88.25812,26.72126],[88.26066,26.7189]]]},"properties":{"District":"Darjiling","Dist_LGD":"327","Sub_dist":"Naxalbari","Subdis_LGD":"2163","Subdis_Typ":"Cd_Block","Vill_name":"Tepuchamaru","Vill_Cat":"Rural","Vill_LGD":"306619","arr_project":"asha2"}},
{"type":"Feature","geometry":{"type":"Polygon","coordinates":[[[88.2916,26.74966],[88.29093,26.76395],[88.28494,26.76112],[88.27695,26.75656],[88.27158,26.75632],[88.26897,26.75518],[88.26247,26.75377],[88.26185,26.75181],[88.25603,26.74998],[88.25289,26.74545],[88.25322,26.74309],[88.2514,26.73917],[88.24721,26.73598],[88.24729,26.72949],[88.24935,26.72329],[88.2503,26.71946],[88.25449,26.71842],[88.25537,26.72214],[88.25812,26.72126],[88.25725,26.72535],[88.2633,26.72509],[88.26681,26.72082],[88.26621,26.71862],[88.26869,26.71415],[88.26947,26.70923],[88.26347,26.70974],[88.26266,26.71697],[88.26066,26.7189],[88.25985,26.71061],[88.26304,26.70837],[88.26595,26.69941],[88.26943,26.69841],[88.27277,26.70052],[88.2824,26.70196],[88.28558,26.69627],[88.28749,26.69585],[88.28745,26.70005],[88.28988,26.70139],[88.28827,26.70316],[88.28934,26.70639],[88.29449,26.70666],[88.29517,26.70246],[88.29799,26.70278],[88.29754,26.70877],[88.30285,26.70814],[88.30513,26.71015],[88.30236,26.71452],[88.30334,26.71634],[88.30212,26.71822],[88.29948,26.71897],[88.29814,26.7235],[88.29428,26.7276],[88.29347,26.73034],[88.29095,26.73427],[88.29072,26.73574],[88.29117,26.73849],[88.2916,26.74966]]]},"properties":{"District":"Darjiling","Dist_LGD":"327","Sub_dist":"Naxalbari","Subdis_LGD":"2163","Subdis_Typ":"Cd_Block","Vill_name":"Dalkajhar Forest","Vill_Cat":"Rural","Vill_LGD":"306640","arr_project":"asha2"}},
{"type":"Feature","geometry":{"type":"Polygon","coordinates":[[[88.32153,26.73473],[88.32299,26.73675],[88.32152,26.74203],[88.32615,26.74271],[88.31989,26.74323],[88.319,26.74002],[88.32153,26.73473]]]},"properties":{"District":"Darjiling","Dist_LGD":"327","Sub_dist":"Naxalbari","Subdis_LGD":"2163","Subdis_Typ":"Cd_Block","Vill_name":"Tarabarir Chhat","Vill_Cat":"Rural","Vill_LGD":"306644","arr_project":"asha2"}},
{"type":"Feature","geometry":{"type":"Polygon","coordinates":[[[88.30897,26.76249],[88.31365,26.75983],[88.31732,26.76021],[88.31664,26.76308],[88.3126,26.76402],[88.30897,26.76249]]]},"properties":{"District":"Darjiling","Dist_LGD":"327","Sub_dist":"Naxalbari","Subdis_LGD":"2163","Subdis_Typ":"Cd_Block","Vill_name":"Bouni Vitar Chhat","Vill_Cat":"Rural","Vill_LGD":"306641","arr_project":"asha2"}},
{"type":"Feature","geometry":{"type":"Polygon","coordinates":[[[88.31732,26.76021],[88.31365,26.75983],[88.30897,26.76249],[88.30645,26.75936],[88.31397,26.75137],[88.31712,26.74842],[88.31989,26.74323],[88.32615,26.74271],[88.3214,26.7471],[88.32606,26.74941],[88.3258,26.75064],[88.32247,26.75537],[88.31732,26.76021]]]},"properties":{"District":"Darjiling","Dist_LGD":"327","Sub_dist":"Naxalbari","Subdis_LGD":"2163","Subdis_Typ":"Cd_Block","Vill_name":"Dhemal","Vill_Cat":"Rural","Vill_LGD":"306642","arr_project":"asha2"}},
{"type":"Feature","geometry":{"type":"Polygon","coordinates":[[[88.32232,26.76346],[88.31799,26.76286],[88.31587,26.76457],[88.31218,26.76475],[88.3126,26.76402],[88.31664,26.76308],[88.31732,26.76021],[88.32247,26.75537],[88.3258,26.75064],[88.32597,26.75151],[88.32494,26.75599],[88.32564,26.76074],[88.32232,26.76346]]]},"properties":{"District":"Darjiling","Dist_LGD":"327","Sub_dist":"Matigara","Subdis_LGD":"2162","Subdis_Typ":"Cd_Block","Vill_name":"Patan Chhat","Vill_Cat":"Rural","Vill_LGD":"306500","arr_project":"asha2"}},
{"type":"Feature","geometry":{"type":"Polygon","coordinates":[[[88.32797,26.76055],[88.32616,26.76303],[88.32232,26.76346],[88.32564,26.76074],[88.32494,26.75599],[88.32597,26.75151],[88.32834,26.75205],[88.33092,26.7527],[88.32887,26.75552],[88.32797,26.76055]]]},"properties":{"District":"Darjiling","Dist_LGD":"327","Sub_dist":"Matigara","Subdis_LGD":"2162","Subdis_Typ":"Cd_Block","Vill_name":"Patan","Vill_Cat":"Rural","Vill_LGD":"306501","arr_project":"asha2"}},
{"type":"Feature","geometry":{"type":"Polygon","coordinates":[[[88.23269,26.56802],[88.23924,26.56688],[88.2428,26.56812],[88.24502,26.56675],[88.24647,26.57115],[88.23901,26.5718],[88.23464,26.57308],[88.23353,26.57493],[88.23218,26.57028],[88.23269,26.56802]]]},"properties":{"District":"Darjiling","Dist_LGD":"327","Sub_dist":"Phansidewa","Subdis_LGD":"2164","Subdis_Typ":"Cd_Block","Vill_name":"Dhakna Gachh","Vill_Cat":"Rural","Vill_LGD":"306703","arr_project":"asha2"}},
{"type":"Feature","geometry":{"type":"Polygon","coordinates":[[[88.24502,26.56675],[88.25038,26.56288],[88.25128,26.55928],[88.257,26.56428],[88.25771,26.56625],[88.26365,26.56681],[88.26558,26.57123],[88.26337,26.5744],[88.26044,26.57551],[88.25768,26.57396],[88.25487,26.57533],[88.24816,26.57475],[88.24647,26.57115],[88.24502,26.56675]]]},"properties":{"District":"Darjiling","Dist_LGD":"327","Sub_dist":"Phansidewa","Subdis_LGD":"2164","Subdis_Typ":"Cd_Block","Vill_name":"Dhambhita","Vill_Cat":"Rural","Vill_LGD":"306704","arr_project":"asha2"}},
{"type":"Feature","geometry":{"type":"Polygon","coordinates":[[[88.25296,26.58915],[88.25421,26.58601],[88.25709,26.5837],[88.26958,26.5823],[88.26825,26.58958],[88.27171,26.58926],[88.27563,26.59137],[88.27601,26.59357],[88.27605,26.59849],[88.26721,26.598],[88.26663,26.59547],[88.25466,26.59749],[88.25296,26.58915]]]},"properties":{"District":"Darjiling","Dist_LGD":"327","Sub_dist":"Phansidewa","Subdis_LGD":"2164","Subdis_Typ":"Cd_Block","Vill_name":"Harivita","Vill_Cat":"Rural","Vill_LGD":"306708","arr_project":"asha2"}},
{"type":"Feature","geometry":{"type":"Polygon","coordinates":[[[88.25364,26.63567],[88.25747,26.63411],[88.2595,26.63643],[88.26564,26.64351],[88.26529,26.65289],[88.26365,26.65419],[88.25734,26.64694],[88.25382,26.64512],[88.25428,26.63662],[88.25364,26.63567]]]},"properties":{"District":"Darjiling","Dist_LGD":"327","Sub_dist":"Phansidewa","Subdis_LGD":"2164","Subdis_Typ":"Cd_Block","Vill_name":"Pathar Hirhirar Chhat","Vill_Cat":"Rural","Vill_LGD":"306692","arr_project":"asha2"}},
{"type":"Feature","geometry":{"type":"Polygon","coordinates":[[[88.25766,26.61394],[88.25771,26.61907],[88.25302,26.62343],[88.25171,26.62072],[88.24883,26.61981],[88.25512,26.61254],[88.25766,26.61394]]]},"properties":{"District":"Darjiling","Dist_LGD":"327","Sub_dist":"Phansidewa","Subdis_LGD":"2164","Subdis_Typ":"Cd_Block","Vill_name":"Mohan Laler Chhat","Vill_Cat":"Rural","Vill_LGD":"306694","arr_project":"asha2"}},
{"type":"Feature","geometry":{"type":"Polygon","coordinates":[[[88.34282,26.56191],[88.34986,26.56132],[88.36177,26.56196],[88.36156,26.56732],[88.36411,26.57697],[88.3623,26.58226],[88.35886,26.58151],[88.35179,26.58364],[88.3482,26.58349],[88.34449,26.58239],[88.33694,26.58253],[88.32918,26.58308],[88.32535,26.57791],[88.32374,26.57852],[88.32435,26.57683],[88.32738,26.57209],[88.32702,26.56814],[88.32253,26.56838],[88.31966,26.56985],[88.32195,26.56722],[88.3257,26.56685],[88.34068,26.5684],[88.34439,26.56739],[88.34282,26.56191]]]},"properties":{"District":"Darjiling","Dist_LGD":"327","Sub_dist":"Phansidewa","Subdis_LGD":"2164","Subdis_Typ":"Cd_Block","Vill_name":"Uttar Bansgaon Kismat","Vill_Cat":"Rural","Vill_LGD":"306762","arr_project":"asha2"}},
{"type":"Feature","geometry":{"type":"Polygon","coordinates":[[[88.15506,26.91033],[88.15073,26.91026],[88.14963,26.91171],[88.14876,26.91794],[88.14471,26.92202],[88.14374,26.91736],[88.1448,26.9151],[88.13866,26.9049],[88.13868,26.90174],[88.13626,26.8986],[88.14086,26.89503],[88.14246,26.8918],[88.14985,26.88751],[88.15254,26.88515],[88.15595,26.88521],[88.15645,26.88942],[88.15506,26.91033]]]},"properties":{"District":"Darjiling","Dist_LGD":"327","Sub_dist":"Mirik","Subdis_LGD":"2160","Subdis_Typ":"Cd_Block","Vill_name":"Okaity Tea Garden","Vill_Cat":"Others","Vill_LGD":"306396","arr_project":"asha2"}},
{"type":"Feature","geometry":{"type":"Polygon","coordinates":[[[88.2099,26.84659],[88.21682,26.84612],[88.22021,26.84721],[88.22402,26.84623],[88.23289,26.8523],[88.22901,26.85686],[88.22621,26.85535],[88.22077,26.85487],[88.21206,26.8628],[88.21474,26.86608],[88.21944,26.87403],[88.21254,26.87402],[88.2087,26.8734],[88.20733,26.87033],[88.2057,26.86031],[88.20718,26.85378],[88.2099,26.84659]]]},"properties":{"District":"Darjiling","Dist_LGD":"327","Sub_dist":"Mirik","Subdis_LGD":"2160","Subdis_Typ":"Cd_Block","Vill_name":"Singbulli Tea Garden","Vill_Cat":"Others","Vill_LGD":"306404","arr_project":"asha2"}},
{"type":"Feature","geometry":{"type":"Polygon","coordinates":[[[88.19601,26.83228],[88.18822,26.8327],[88.18796,26.82874],[88.18569,26.82505],[88.20102,26.82531],[88.20594,26.81959],[88.2046,26.81426],[88.20502,26.8074],[88.20752,26.80322],[88.24504,26.81036],[88.24577,26.8116],[88.24586,26.81421],[88.24391,26.82212],[88.2409,26.8211],[88.23598,26.82119],[88.23379,26.81939],[88.22292,26.81716],[88.21295,26.81829],[88.21024,26.8205],[88.20634,26.82584],[88.19957,26.83137],[88.19601,26.83228]]]},"properties":{"District":"Darjiling","Dist_LGD":"327","Sub_dist":"Mirik","Subdis_LGD":"2160","Subdis_Typ":"Cd_Block","Vill_name":"Potong Tea Garden","Vill_Cat":"Others","Vill_LGD":"306408","arr_project":"asha2"}},
{"type":"Feature","geometry":{"type":"Polygon","coordinates":[[[88.23667,26.89477],[88.23127,26.90079],[88.22351,26.89892],[88.22452,26.89626],[88.21233,26.88671],[88.21066,26.88464],[88.21141,26.88019],[88.21354,26.87682],[88.21254,26.87402],[88.21944,26.87403],[88.22585,26.87159],[88.23074,26.86737],[88.23394,26.86935],[88.23259,26.87593],[88.23559,26.87864],[88.2363,26.88601],[88.23843,26.89162],[88.23667,26.89477]]]},"properties":{"District":"Darjiling","Dist_LGD":"327","Sub_dist":"Mirik","Subdis_LGD":"2160","Subdis_Typ":"Cd_Block","Vill_name":"Marma Tea Garden","Vill_Cat":"Others","Vill_LGD":"306402","arr_project":"asha2"}},
{"type":"Feature","geometry":{"type":"Polygon","coordinates":[[[88.19025,26.88482],[88.18768,26.87971],[88.18701,26.8717],[88.17643,26.872],[88.16487,26.8729],[88.16723,26.87019],[88.17233,26.86844],[88.17387,26.86516],[88.17228,26.86192],[88.17432,26.85962],[88.17357,26.85496],[88.1747,26.85337],[88.18288,26.84956],[88.18881,26.84973],[88.19185,26.85103],[88.19688,26.85921],[88.19617,26.86717],[88.19254,26.87483],[88.19009,26.87791],[88.19025,26.88482]]]},"properties":{"District":"Darjiling","Dist_LGD":"327","Sub_dist":"Mirik","Subdis_LGD":"2160","Subdis_Typ":"Cd_Block","Vill_name":"Paschim Phuguri Tea Garden","Vill_Cat":"Others","Vill_LGD":"306399","arr_project":"asha2"}},
{"type":"Feature","geometry":{"type":"Polygon","coordinates":[[[88.30844,26.64328],[88.30934,26.63784],[88.31244,26.63647],[88.31117,26.64357],[88.30844,26.64328]]]},"properties":{"District":"Darjiling","Dist_LGD":"327","Sub_dist":"Phansidewa","Subdis_LGD":"2164","Subdis_Typ":"Cd_Block","Vill_name":"Dulur Chhat","Vill_Cat":"Rural","Vill_LGD":"306722","arr_project":"asha2"}},
{"type":"Feature","geometry":{"type":"Polygon","coordinates":[[[88.29882,26.64209],[88.3035,26.64296],[88.29915,26.64343],[88.29882,26.64209]]]},"properties":{"District":"Darjiling","Dist_LGD":"327","Sub_dist":"Phansidewa","Subdis_LGD":"2164","Subdis_Typ":"Cd_Block","Vill_name":"Muktar Chhat","Vill_Cat":"Rural","Vill_LGD":"306723","arr_project":"asha2"}},
{"type":"Feature","geometry":{"type":"Polygon","coordinates":[[[88.29223,26.64865],[88.29633,26.64753],[88.29812,26.65052],[88.3038,26.64978],[88.30306,26.65229],[88.29818,26.65163],[88.29596,26.65331],[88.29313,26.65287],[88.29223,26.64865]]]},"properties":{"District":"Darjiling","Dist_LGD":"327","Sub_dist":"Phansidewa","Subdis_LGD":"2164","Subdis_Typ":"Cd_Block","Vill_name":"Gangaram Maler Chhat","Vill_Cat":"Rural","Vill_LGD":"306726","arr_project":"asha2"}},
{"type":"Feature","geometry":{"type":"Polygon","coordinates":[[[88.28452,26.64143],[88.28994,26.6399],[88.29028,26.64181],[88.29109,26.64595],[88.28637,26.6452],[88.28559,26.64363],[88.28452,26.64143]]]},"properties":{"District":"Darjiling","Dist_LGD":"327","Sub_dist":"Phansidewa","Subdis_LGD":"2164","Subdis_Typ":"Cd_Block","Vill_name":"Nitu Bhita Chhat","Vill_Cat":"Rural","Vill_LGD":"306725","arr_project":"asha2"}},
{"type":"Feature","geometry":{"type":"Polygon","coordinates":[[[88.29028,26.64181],[88.29882,26.64209],[88.29915,26.64343],[88.3035,26.64296],[88.30844,26.64328],[88.31117,26.64357],[88.31086,26.64828],[88.30744,26.64897],[88.3038,26.64978],[88.29812,26.65052],[88.29633,26.64753],[88.29223,26.64865],[88.29181,26.64858],[88.29109,26.64595],[88.29028,26.64181]]]},"properties":{"District":"Darjiling","Dist_LGD":"327","Sub_dist":"Phansidewa","Subdis_LGD":"2164","Subdis_Typ":"Cd_Block","Vill_name":"Sangatram","Vill_Cat":"Rural","Vill_LGD":"306724","arr_project":"asha2"}},
{"type":"Feature","geometry":{"type":"Polygon","coordinates":[[[88.30744,26.64897],[88.31086,26.64828],[88.31119,26.64913],[88.31224,26.65457],[88.30852,26.65514],[88.30744,26.64897]]]},"properties":{"District":"Darjiling","Dist_LGD":"327","Sub_dist":"Phansidewa","Subdis_LGD":"2164","Subdis_Typ":"Cd_Block","Vill_name":"Helakadam Chhat","Vill_Cat":"Rural","Vill_LGD":"306728","arr_project":"asha2"}},
{"type":"Feature","geometry":{"type":"Polygon","coordinates":[[[88.31117,26.64357],[88.31244,26.63647],[88.31918,26.63446],[88.31951,26.64229],[88.31879,26.64672],[88.31371,26.64886],[88.31119,26.64913],[88.31086,26.64828],[88.31117,26.64357]]]},"properties":{"District":"Darjiling","Dist_LGD":"327","Sub_dist":"Phansidewa","Subdis_LGD":"2164","Subdis_Typ":"Cd_Block","Vill_name":"Sarcargachher Chhat","Vill_Cat":"Rural","Vill_LGD":"306729","arr_project":"asha2"}},
{"type":"Feature","geometry":{"type":"Polygon","coordinates":[[[88.31371,26.64886],[88.31879,26.64672],[88.31951,26.64229],[88.31918,26.63446],[88.32418,26.6352],[88.32557,26.63722],[88.32401,26.64075],[88.32508,26.64521],[88.32421,26.64817],[88.32142,26.64936],[88.31371,26.64886]]]},"properties":{"District":"Darjiling","Dist_LGD":"327","Sub_dist":"Phansidewa","Subdis_LGD":"2164","Subdis_Typ":"Cd_Block","Vill_name":"Sarcargachh","Vill_Cat":"Rural","Vill_LGD":"306730","arr_project":"asha2"}},
{"type":"Feature","geometry":{"type":"Polygon","coordinates":[[[88.32616,26.66089],[88.32515,26.66469],[88.32026,26.6646],[88.32207,26.66065],[88.32575,26.65982],[88.32616,26.66089]]]},"properties":{"District":"Darjiling","Dist_LGD":"327","Sub_dist":"Phansidewa","Subdis_LGD":"2164","Subdis_Typ":"Cd_Block","Vill_name":"Raghunath Chhat","Vill_Cat":"Rural","Vill_LGD":"306732","arr_project":"asha2"}},
{"type":"Feature","geometry":{"type":"Polygon","coordinates":[[[88.36062,27.06482],[88.37302,27.05707],[88.37313,27.06372],[88.37676,27.06782],[88.3786,27.07583],[88.38055,27.07935],[88.37755,27.07942],[88.37085,27.076],[88.36982,27.07882],[88.36176,27.07617],[88.35763,27.07586],[88.35545,27.07211],[88.36257,27.06829],[88.36062,27.06482]]]},"properties":{"District":"Darjiling","Dist_LGD":"327","Sub_dist":"Rangoli And Rangliot","Subdis_LGD":"2155","Subdis_Typ":"Cd_Block","Vill_name":"Lopchu Tea Garden","Vill_Cat":"Others","Vill_LGD":"306194","arr_project":"asha2"}},
{"type":"Feature","geometry":{"type":"Polygon","coordinates":[[[88.41537,27.04497],[88.41708,27.05375],[88.41696,27.05645],[88.39854,27.0543],[88.39642,27.0451],[88.39944,27.0417],[88.40559,27.0436],[88.41537,27.04497]]]},"properties":{"District":"Darjiling","Dist_LGD":"327","Sub_dist":"Rangoli And Rangliot","Subdis_LGD":"2155","Subdis_Typ":"Cd_Block","Vill_name":"Takling Khasmahal","Vill_Cat":"Rural","Vill_LGD":"306198","arr_project":"asha2"}},
{"type":"Feature","geometry":{"type":"Polygon","coordinates":[[[88.32959,26.71828],[88.32697,26.71818],[88.32752,26.72248],[88.32743,26.72451],[88.32339,26.72726],[88.31571,26.727],[88.31614,26.72372],[88.3122,26.71983],[88.3138,26.71652],[88.31468,26.71101],[88.31741,26.70932],[88.32087,26.71026],[88.32035,26.71348],[88.32433,26.7153],[88.3312,26.71465],[88.32959,26.71828]]]},"properties":{"District":"Darjiling","Dist_LGD":"327","Sub_dist":"Naxalbari","Subdis_LGD":"2163","Subdis_Typ":"Cd_Block","Vill_name":"Mayaram","Vill_Cat":"Rural","Vill_LGD":"306649","arr_project":"asha2"}},
{"type":"Feature","geometry":{"type":"Polygon","coordinates":[[[88.32867,26.72117],[88.33394,26.72159],[88.33671,26.72295],[88.33489,26.7242],[88.33207,26.72553],[88.32765,26.73459],[88.32494,26.73671],[88.32299,26.73675],[88.32153,26.73473],[88.32273,26.73338],[88.32339,26.72726],[88.32743,26.72451],[88.32752,26.72248],[88.32867,26.72117]]]},"properties":{"District":"Darjiling","Dist_LGD":"327","Sub_dist":"Naxalbari","Subdis_LGD":"2163","Subdis_Typ":"Cd_Block","Vill_name":"Bounivita","Vill_Cat":"Rural","Vill_LGD":"306646","arr_project":"asha2"}},
{"type":"Feature","geometry":{"type":"Polygon","coordinates":[[[88.32752,26.72248],[88.32697,26.71818],[88.32959,26.71828],[88.32867,26.72117],[88.32752,26.72248]]]},"properties":{"District":"Darjiling","Dist_LGD":"327","Sub_dist":"Naxalbari","Subdis_LGD":"2163","Subdis_Typ":"Cd_Block","Vill_name":"Pashchim Karai Barir Chhat","Vill_Cat":"Rural","Vill_LGD":"306648","arr_project":"asha2"}},
{"type":"Feature","geometry":{"type":"Polygon","coordinates":[[[88.31741,26.70932],[88.31468,26.71101],[88.3138,26.71652],[88.3122,26.71983],[88.30551,26.71951],[88.30212,26.71822],[88.30334,26.71634],[88.30624,26.71192],[88.30513,26.71015],[88.30285,26.70814],[88.29754,26.70877],[88.29799,26.70278],[88.3037,26.70476],[88.30627,26.70215],[88.30781,26.70157],[88.31579,26.70512],[88.32089,26.70536],[88.31741,26.70932]]]},"properties":{"District":"Darjiling","Dist_LGD":"327","Sub_dist":"Naxalbari","Subdis_LGD":"2163","Subdis_Typ":"Cd_Block","Vill_name":"Kamalpur","Vill_Cat":"Rural","Vill_LGD":"306651","arr_project":"asha2"}},
{"type":"Feature","geometry":{"type":"Polygon","coordinates":[[[88.32689,26.69818],[88.32419,26.69866],[88.32089,26.70536],[88.31579,26.70512],[88.30781,26.70157],[88.30776,26.69706],[88.30913,26.6947],[88.31212,26.69371],[88.3212,26.69557],[88.32278,26.69427],[88.3267,26.69523],[88.32689,26.69818]]]},"properties":{"District":"Darjiling","Dist_LGD":"327","Sub_dist":"Naxalbari","Subdis_LGD":"2163","Subdis_Typ":"Cd_Block","Vill_name":"Uttar Bagdogra (Ct)","Vill_Cat":"Partly_Urban","Vill_LGD":"306662","arr_project":"asha2"}},
{"type":"Feature","geometry":{"type":"Polygon","coordinates":[[[88.33427,26.71198],[88.3312,26.71465],[88.32433,26.7153],[88.32035,26.71348],[88.32087,26.71026],[88.31741,26.70932],[88.32089,26.70536],[88.32419,26.69866],[88.32689,26.69818],[88.33473,26.69772],[88.33977,26.69731],[88.33923,26.70007],[88.33586,26.70396],[88.33427,26.71198]]]},"properties":{"District":"Darjiling","Dist_LGD":"327","Sub_dist":"Naxalbari","Subdis_LGD":"2163","Subdis_Typ":"Cd_Block","Vill_name":"Dumriguri (Ct)","Vill_Cat":"Partly_Urban","Vill_LGD":"306661","arr_project":"asha2"}},
{"type":"Feature","geometry":{"type":"Polygon","coordinates":[[[88.34167,26.7126],[88.34132,26.71656],[88.34468,26.7185],[88.34324,26.72271],[88.33787,26.72509],[88.33671,26.72295],[88.33394,26.72159],[88.32867,26.72117],[88.32959,26.71828],[88.3312,26.71465],[88.33427,26.71198],[88.33652,26.71141],[88.34167,26.7126]]]},"properties":{"District":"Darjiling","Dist_LGD":"327","Sub_dist":"Naxalbari","Subdis_LGD":"2163","Subdis_Typ":"Cd_Block","Vill_name":"Batlabari","Vill_Cat":"Rural","Vill_LGD":"306647","arr_project":"asha2"}},
{"type":"Feature","geometry":{"type":"Polygon","coordinates":[[[88.33671,26.72295],[88.33787,26.72509],[88.34324,26.72271],[88.34468,26.7185],[88.3545,26.71927],[88.35177,26.72355],[88.35544,26.725],[88.35365,26.73167],[88.34955,26.73541],[88.34707,26.73981],[88.34095,26.73746],[88.33795,26.73513],[88.33945,26.73249],[88.33576,26.7316],[88.33489,26.7242],[88.33671,26.72295]]]},"properties":{"District":"Darjiling","Dist_LGD":"327","Sub_dist":"Matigara","Subdis_LGD":"2162","Subdis_Typ":"Cd_Block","Vill_name":"Rangia","Vill_Cat":"Rural","Vill_LGD":"306547","arr_project":"asha2"}},
{"type":"Feature","geometry":{"type":"Polygon","coordinates":[[[88.35988,26.74484],[88.35629,26.74822],[88.35358,26.74507],[88.3512,26.74718],[88.34514,26.74663],[88.34442,26.74242],[88.34588,26.74088],[88.34707,26.73981],[88.34955,26.73541],[88.35365,26.73167],[88.35978,26.73075],[88.35907,26.74108],[88.35988,26.74484]]]},"properties":{"District":"Darjiling","Dist_LGD":"327","Sub_dist":"Matigara","Subdis_LGD":"2162","Subdis_Typ":"Cd_Block","Vill_name":"Nimai","Vill_Cat":"Rural","Vill_LGD":"306538","arr_project":"asha2"}},
{"type":"Feature","geometry":{"type":"Polygon","coordinates":[[[88.30957,26.66588],[88.31363,26.66018],[88.32207,26.66065],[88.32026,26.6646],[88.32515,26.66469],[88.32616,26.66089],[88.32923,26.66111],[88.32726,26.66513],[88.3279,26.67799],[88.32407,26.67782],[88.31997,26.67342],[88.31329,26.67416],[88.31094,26.67065],[88.31203,26.66733],[88.30957,26.66588]]]},"properties":{"District":"Darjiling","Dist_LGD":"327","Sub_dist":"Phansidewa","Subdis_LGD":"2164","Subdis_Typ":"Cd_Block","Vill_name":"Abhiram","Vill_Cat":"Rural","Vill_LGD":"306733","arr_project":"asha2"}},
{"type":"Feature","geometry":{"type":"Polygon","coordinates":[[[88.33838,26.67665],[88.3367,26.67564],[88.3301,26.67832],[88.3279,26.67799],[88.32726,26.66513],[88.32923,26.66111],[88.32616,26.66089],[88.32575,26.65982],[88.32756,26.6557],[88.33565,26.65355],[88.34026,26.65373],[88.34029,26.66019],[88.33882,26.66326],[88.33725,26.67102],[88.33754,26.67308],[88.33838,26.67665]]]},"properties":{"District":"Darjiling","Dist_LGD":"327","Sub_dist":"Phansidewa","Subdis_LGD":"2164","Subdis_Typ":"Cd_Block","Vill_name":"Turibhita","Vill_Cat":"Rural","Vill_LGD":"306734","arr_project":"asha2"}},
{"type":"Feature","geometry":{"type":"Polygon","coordinates":[[[88.37814,27.04239],[88.37597,27.03966],[88.38049,27.03417],[88.38351,27.03206],[88.38824,27.03563],[88.39693,27.03656],[88.3964,27.03986],[88.39082,27.04158],[88.38601,27.04177],[88.38064,27.04455],[88.37814,27.04239]]]},"properties":{"District":"Darjiling","Dist_LGD":"327","Sub_dist":"Rangoli And Rangliot","Subdis_LGD":"2155","Subdis_Typ":"Cd_Block","Vill_name":"Kolbong Khasmahal","Vill_Cat":"Rural","Vill_LGD":"306201","arr_project":"asha2"}},
{"type":"Feature","geometry":{"type":"Polygon","coordinates":[[[88.31101,27.02667],[88.30099,27.03441],[88.29418,27.0306],[88.28973,27.03347],[88.28897,27.03272],[88.29379,27.02376],[88.29525,27.0187],[88.28287,27.01195],[88.27573,27.00892],[88.27398,27.01375],[88.27423,27.01934],[88.27026,27.01927],[88.26436,27.01333],[88.25977,27.00985],[88.2621,27.00472],[88.26219,27.00382],[88.26224,26.99385],[88.26459,26.99036],[88.2694,26.9972],[88.27338,26.99564],[88.27692,26.99257],[88.28745,26.99145],[88.29237,26.98703],[88.29188,27.00902],[88.29509,27.01592],[88.29838,27.01738],[88.30133,27.02041],[88.30986,27.02253],[88.31551,27.02466],[88.31788,27.02543],[88.32271,27.02833],[88.31421,27.02665],[88.31101,27.02667]]]},"properties":{"District":"Darjiling","Dist_LGD":"327","Sub_dist":"Jor Bungalow Sukhiya Pokhri","Subdis_LGD":"2159","Subdis_Typ":"Cd_Block","Vill_name":"Senchal Forest","Vill_Cat":"Rural","Vill_LGD":"306364","arr_project":"asha2"}},
{"type":"Feature","geometry":{"type":"Polygon","coordinates":[[[88.32713,27.07848],[88.32866,27.07407],[88.33567,27.06316],[88.33796,27.0648],[88.33919,27.06885],[88.34234,27.07147],[88.34066,27.07421],[88.33891,27.0766],[88.32713,27.07848]]]},"properties":{"District":"Darjiling","Dist_LGD":"327","Sub_dist":"Rangoli And Rangliot","Subdis_LGD":"2155","Subdis_Typ":"Cd_Block","Vill_name":"Singrimtam","Vill_Cat":"Rural","Vill_LGD":"306207","arr_project":"asha2"}},
{"type":"Feature","geometry":{"type":"Polygon","coordinates":[[[88.30633,27.05808],[88.30147,27.05892],[88.29054,27.06476],[88.28156,27.0658],[88.27984,27.05874],[88.28256,27.05799],[88.29156,27.05358],[88.29813,27.05104],[88.30266,27.05042],[88.30659,27.05627],[88.30648,27.05657],[88.30633,27.05808]]]},"properties":{"District":"Darjiling","Dist_LGD":"327","Sub_dist":"Darjiling Phulbazar","Subdis_LGD":"2154","Subdis_Typ":"Cd_Block","Vill_name":"Banockburn Tea Garden","Vill_Cat":"Others","Vill_LGD":"306168","arr_project":"asha2"}},
{"type":"Feature","geometry":{"type":"Polygon","coordinates":[[[88.30933,27.08135],[88.29674,27.08356],[88.29287,27.08113],[88.2908,27.08217],[88.28581,27.07987],[88.28774,27.07858],[88.28759,27.0754],[88.28441,27.07198],[88.28156,27.0658],[88.29054,27.06476],[88.30147,27.05892],[88.30633,27.05808],[88.30731,27.05968],[88.312,27.05985],[88.3122,27.06386],[88.31369,27.06668],[88.31368,27.07025],[88.3117,27.07238],[88.31848,27.07994],[88.31859,27.0812],[88.31339,27.08039],[88.30933,27.08135]]]},"properties":{"District":"Darjiling","Dist_LGD":"327","Sub_dist":"Darjiling Phulbazar","Subdis_LGD":"2154","Subdis_Typ":"Cd_Block","Vill_name":"Ging Tea Garden","Vill_Cat":"Others","Vill_LGD":"306189","arr_project":"asha2"}},
{"type":"Feature","geometry":{"type":"Polygon","coordinates":[[[88.22949,26.72415],[88.23047,26.72109],[88.23207,26.72414],[88.22949,26.72415]]]},"properties":{"District":"Darjiling","Dist_LGD":"327","Sub_dist":"Naxalbari","Subdis_LGD":"2163","Subdis_Typ":"Cd_Block","Vill_name":"Dewanvitar Chhat","Vill_Cat":"Rural","Vill_LGD":"306626","arr_project":"asha2"}},
{"type":"Feature","geometry":{"type":"Polygon","coordinates":[[[88.32494,27.01048],[88.32112,27.011],[88.31119,27.00862],[88.31347,27.0036],[88.31419,26.99493],[88.31312,26.99316],[88.31388,26.97922],[88.32537,26.9763],[88.34171,26.97518],[88.34142,26.9633],[88.34538,26.96374],[88.35013,26.96151],[88.35037,26.95653],[88.35552,26.9518],[88.35581,26.9487],[88.3586,26.94399],[88.36423,26.94278],[88.37372,26.9457],[88.37586,26.94939],[88.3798,26.9509],[88.38276,26.95602],[88.38835,26.96168],[88.3933,26.96345],[88.39995,26.96377],[88.40316,26.96174],[88.40579,26.96518],[88.40983,26.96514],[88.41176,26.9615],[88.41457,26.96157],[88.41644,26.96188],[88.4159,26.96716],[88.41834,26.96878],[88.41915,26.97393],[88.4207,26.97733],[88.41871,26.98277],[88.41173,26.98453],[88.40901,26.98157],[88.40132,26.98469],[88.39148,26.9879],[88.38386,26.98834],[88.37698,26.99329],[88.37292,26.99539],[88.36863,27.00012],[88.35561,27.00152],[88.34992,27.00335],[88.34429,27.00105],[88.3409,27.00127],[88.33039,27.0079],[88.32494,27.01048]],[[88.33653,26.99822],[88.33562,26.99942],[88.33615,27.00122],[88.33752,27.00018],[88.33653,26.99822]],[[88.31627,26.98776],[88.31531,26.98901],[88.3169,26.99018],[88.31752,26.9882],[88.31627,26.98776]],[[88.34976,26.97255],[88.35109,26.96936],[88.34783,26.96996],[88.34976,26.97255]],[[88.34618,26.96556],[88.34595,26.96728],[88.34491,26.96752],[88.3465,26.96948],[88.34746,26.9677],[88.34618,26.96556]]]},"properties":{"District":"Darjiling","Dist_LGD":"327","Sub_dist":"Rangoli And Rangliot","Subdis_LGD":"2155","Subdis_Typ":"Cd_Block","Vill_name":"Mungpoo Cinchona Khasmahal","Vill_Cat":"Rural","Vill_LGD":"306219","arr_project":"asha2"}},
{"type":"Feature","geometry":{"type":"Polygon","coordinates":[[[88.29095,26.73427],[88.29797,26.73769],[88.29831,26.74333],[88.29398,26.7497],[88.2916,26.74966],[88.29117,26.73849],[88.29502,26.73643],[88.29072,26.73574],[88.29095,26.73427]]]},"properties":{"District":"Darjiling","Dist_LGD":"327","Sub_dist":"Nax<Lbari","Subdis_LGD":"2163","Subdis_Typ":"Cd_Block","Vill_name":"Pantha Bari Forest(P)","Vill_Cat":"Rural","Vill_LGD":"306416P","arr_project":"asha2"}},
{"type":"Feature","geometry":{"type":"Polygon","coordinates":[[[88.3306,26.85758],[88.33423,26.86538],[88.32987,26.86479],[88.32324,26.86669],[88.322,26.86406],[88.31608,26.86211],[88.30912,26.86198],[88.31706,26.85898],[88.32091,26.85363],[88.3263,26.85311],[88.32797,26.85631],[88.3306,26.85758]]]},"properties":{"District":"Darjiling","Dist_LGD":"327","Sub_dist":"Kurseong","Subdis_LGD":"2161","Subdis_Typ":"Cd_Block","Vill_name":"Ghayabari Tea Garden","Vill_Cat":"Others","Vill_LGD":"306450","arr_project":"asha2"}},
{"type":"Feature","geometry":{"type":"Polygon","coordinates":[[[88.30429,26.87708],[88.30801,26.8726],[88.31368,26.87135],[88.31779,26.86729],[88.32324,26.86669],[88.32987,26.86479],[88.33423,26.86538],[88.3407,26.86566],[88.34302,26.86863],[88.3467,26.87002],[88.3442,26.8748],[88.34622,26.88263],[88.33833,26.88603],[88.33407,26.87696],[88.33206,26.88004],[88.32847,26.88186],[88.32171,26.88182],[88.3168,26.87919],[88.31411,26.8766],[88.30985,26.87694],[88.3048,26.87879],[88.30429,26.87708]]]},"properties":{"District":"Darjiling","Dist_LGD":"327","Sub_dist":"Kurseong","Subdis_LGD":"2161","Subdis_Typ":"Cd_Block","Vill_name":"Lizziepur Tea Garden","Vill_Cat":"Others","Vill_LGD":"306452","arr_project":"asha2"}},
{"type":"Feature","geometry":{"type":"Polygon","coordinates":[[[88.3467,26.87002],[88.34933,26.86617],[88.35362,26.86352],[88.35958,26.86363],[88.36091,26.86419],[88.3615,26.86705],[88.35918,26.8694],[88.35763,26.87459],[88.35422,26.87723],[88.35271,26.87909],[88.34824,26.87961],[88.34622,26.88263],[88.3442,26.8748],[88.3467,26.87002]]]},"properties":{"District":"Darjiling","Dist_LGD":"327","Sub_dist":"Kurseong","Subdis_LGD":"2161","Subdis_Typ":"Cd_Block","Vill_name":"Gitangay Tea Garden","Vill_Cat":"Others","Vill_LGD":"306470","arr_project":"asha2"}},
{"type":"Feature","geometry":{"type":"Polygon","coordinates":[[[88.30912,26.86198],[88.31608,26.86211],[88.322,26.86406],[88.32324,26.86669],[88.31779,26.86729],[88.31368,26.87135],[88.30801,26.8726],[88.30429,26.87708],[88.30797,26.86824],[88.30728,26.86397],[88.30912,26.86198]]]},"properties":{"District":"Darjiling","Dist_LGD":"327","Sub_dist":"Kurseong","Subdis_LGD":"2161","Subdis_Typ":"Cd_Block","Vill_name":"Shivakhola Forest(Paglajhora)","Vill_Cat":"Rural","Vill_LGD":"306451","arr_project":"asha2"}},
{"type":"Feature","geometry":{"type":"Polygon","coordinates":[[[88.35422,26.87723],[88.35795,26.8818],[88.35574,26.89898],[88.35326,26.90442],[88.35,26.90683],[88.3428,26.9036],[88.33028,26.89889],[88.33604,26.89116],[88.33662,26.88919],[88.33833,26.88603],[88.34622,26.88263],[88.34824,26.87961],[88.35271,26.87909],[88.35422,26.87723]]]},"properties":{"District":"Darjiling","Dist_LGD":"327","Sub_dist":"Kurseong","Subdis_LGD":"2161","Subdis_Typ":"Cd_Block","Vill_name":"Malotar Tea Garden","Vill_Cat":"Others","Vill_LGD":"306469","arr_project":"asha2"}},
{"type":"Feature","geometry":{"type":"Polygon","coordinates":[[[88.36181,26.7165],[88.36679,26.71831],[88.37709,26.71886],[88.376,26.72169],[88.36548,26.72979],[88.35978,26.73075],[88.36032,26.72185],[88.35992,26.71743],[88.36181,26.7165]]]},"properties":{"District":"Darjiling","Dist_LGD":"327","Sub_dist":"Matigara","Subdis_LGD":"2162","Subdis_Typ":"Cd_Block","Vill_name":"Tari (Ct)","Vill_Cat":"Partly_Urban","Vill_LGD":"306563","arr_project":"asha2"}},
{"type":"Feature","geometry":{"type":"Polygon","coordinates":[[[88.36548,26.72979],[88.376,26.72169],[88.37539,26.72518],[88.38224,26.72674],[88.38,26.7341],[88.37603,26.73588],[88.37249,26.73536],[88.36686,26.73628],[88.36492,26.73323],[88.36548,26.72979]]]},"properties":{"District":"Darjiling","Dist_LGD":"327","Sub_dist":"Matigara","Subdis_LGD":"2162","Subdis_Typ":"Cd_Block","Vill_name":"Baniakhari (Ct)","Vill_Cat":"Partly_Urban","Vill_LGD":"306536","arr_project":"asha2"}},
{"type":"Feature","geometry":{"type":"Polygon","coordinates":[[[88.36585,26.75822],[88.37029,26.75538],[88.37336,26.75545],[88.37362,26.7571],[88.38044,26.76061],[88.37928,26.76424],[88.37692,26.76639],[88.37796,26.77043],[88.37447,26.77322],[88.37132,26.77367],[88.37057,26.7708],[88.36748,26.771],[88.36554,26.7678],[88.36943,26.768],[88.36996,26.77008],[88.37404,26.76676],[88.36552,26.76587],[88.36644,26.76296],[88.36486,26.76098],[88.36585,26.75822]]]},"properties":{"District":"Darjiling","Dist_LGD":"327","Sub_dist":"Matigara","Subdis_LGD":"2162","Subdis_Typ":"Cd_Block","Vill_name":"Chamta","Vill_Cat":"Rural","Vill_LGD":"306509","arr_project":"asha2"}},
{"type":"Feature","geometry":{"type":"Polygon","coordinates":[[[88.36552,26.76587],[88.37404,26.76676],[88.36996,26.77008],[88.36943,26.768],[88.36554,26.7678],[88.36552,26.76587]]]},"properties":{"District":"Darjiling","Dist_LGD":"327","Sub_dist":"Matigara","Subdis_LGD":"2162","Subdis_Typ":"Cd_Block","Vill_name":"Chamtaguri Chhat","Vill_Cat":"Rural","Vill_LGD":"306508","arr_project":"asha2"}},
{"type":"Feature","geometry":{"type":"Polygon","coordinates":[[[88.38331,26.76345],[88.37928,26.76424],[88.38044,26.76061],[88.37362,26.7571],[88.37336,26.75545],[88.37557,26.74753],[88.37773,26.74352],[88.38224,26.74243],[88.3876,26.74266],[88.38617,26.74591],[88.38617,26.75041],[88.38823,26.7519],[88.38703,26.75342],[88.38687,26.75819],[88.38457,26.75928],[88.38331,26.76345]]]},"properties":{"District":"Darjiling","Dist_LGD":"327","Sub_dist":"Matigara","Subdis_LGD":"2162","Subdis_Typ":"Cd_Block","Vill_name":"Dhukuria","Vill_Cat":"Rural","Vill_LGD":"306534","arr_project":"asha2"}},
{"type":"Feature","geometry":{"type":"Polygon","coordinates":[[[88.39499,26.7763],[88.38348,26.77672],[88.38108,26.77196],[88.38925,26.7705],[88.39324,26.77133],[88.39499,26.7763]]]},"properties":{"District":"Darjiling","Dist_LGD":"327","Sub_dist":"Matigara","Subdis_LGD":"2162","Subdis_Typ":"Cd_Block","Vill_name":"Nunu Bairagi Chhat","Vill_Cat":"Rural","Vill_LGD":"306512","arr_project":"asha2"}},
{"type":"Feature","geometry":{"type":"Polygon","coordinates":[[[88.40431,26.78131],[88.40321,26.78177],[88.39799,26.781],[88.39737,26.77888],[88.3995,26.77874],[88.40644,26.77761],[88.40431,26.78131]]]},"properties":{"District":"Darjiling","Dist_LGD":"327","Sub_dist":"Matigara","Subdis_LGD":"2162","Subdis_Typ":"Cd_Block","Vill_name":"Damragayer Chhat","Vill_Cat":"Rural","Vill_LGD":"306530","arr_project":"asha2"}},
{"type":"Feature","geometry":{"type":"Polygon","coordinates":[[[88.39581,26.76323],[88.39746,26.76594],[88.39862,26.7753],[88.39688,26.77685],[88.39499,26.7763],[88.39324,26.77133],[88.38925,26.7705],[88.38108,26.77196],[88.38677,26.768],[88.39078,26.76919],[88.39228,26.7658],[88.39119,26.76298],[88.39581,26.76323]]]},"properties":{"District":"Darjiling","Dist_LGD":"327","Sub_dist":"Matigara","Subdis_LGD":"2162","Subdis_Typ":"Cd_Block","Vill_name":"Nunu Bairagi","Vill_Cat":"Rural","Vill_LGD":"306511","arr_project":"asha2"}},
{"type":"Feature","geometry":{"type":"Polygon","coordinates":[[[88.34592,26.78053],[88.34918,26.78092],[88.34785,26.78615],[88.3482,26.78981],[88.3469,26.78982],[88.34362,26.79021],[88.34015,26.78611],[88.34249,26.78082],[88.34249,26.78005],[88.34592,26.78053]]]},"properties":{"District":"Darjiling","Dist_LGD":"327","Sub_dist":"Kurseong","Subdis_LGD":"2161","Subdis_Typ":"Cd_Block","Vill_name":"Paharu","Vill_Cat":"Rural","Vill_LGD":"306485","arr_project":"asha2"}},
{"type":"Feature","geometry":{"type":"Polygon","coordinates":[[[88.25273,27.07728],[88.25489,27.08346],[88.24948,27.088],[88.24784,27.09252],[88.24548,27.09482],[88.24426,27.10263],[88.2405,27.10455],[88.23668,27.10276],[88.23445,27.09938],[88.23118,27.09931],[88.22987,27.09441],[88.23871,27.08308],[88.24153,27.0811],[88.24231,27.07853],[88.24579,27.07692],[88.24719,27.07215],[88.25273,27.07728]]]},"properties":{"District":"Darjiling","Dist_LGD":"327","Sub_dist":"Darjiling Phulbazar","Subdis_LGD":"2154","Subdis_Typ":"Cd_Block","Vill_name":"Lebong Tea Garden","Vill_Cat":"Others","Vill_LGD":"306174","arr_project":"asha2"}},
{"type":"Feature","geometry":{"type":"Polygon","coordinates":[[[88.2043,27.03541],[88.20658,27.03752],[88.21041,27.04343],[88.20242,27.04125],[88.19764,27.04153],[88.1946,27.03928],[88.19198,27.03323],[88.19125,27.02654],[88.19684,27.02235],[88.1969,27.02587],[88.20283,27.03158],[88.2043,27.03541]]]},"properties":{"District":"Darjiling","Dist_LGD":"327","Sub_dist":"Jor Bungalow Sukhiya Pokhri","Subdis_LGD":"2159","Subdis_Typ":"Cd_Block","Vill_name":"Kacel Tea Garden","Vill_Cat":"Others","Vill_LGD":"306350","arr_project":"asha2"}},
{"type":"Feature","geometry":{"type":"Polygon","coordinates":[[[88.24825,27.06132],[88.23779,27.0636],[88.23338,27.06325],[88.22943,27.06656],[88.22317,27.06756],[88.21443,27.06619],[88.21437,27.06472],[88.21386,27.0621],[88.21598,27.06001],[88.21113,27.05542],[88.2117,27.05046],[88.22104,27.05018],[88.22595,27.04482],[88.23119,27.04616],[88.24219,27.04654],[88.24733,27.04846],[88.25343,27.05306],[88.25288,27.05343],[88.24974,27.05611],[88.24825,27.06132]]]},"properties":{"District":"Darjiling","Dist_LGD":"327","Sub_dist":"Darjiling Phulbazar","Subdis_LGD":"2154","Subdis_Typ":"Cd_Block","Vill_name":"Singtam Tea Garden","Vill_Cat":"Others","Vill_LGD":"306191","arr_project":"asha2"}},
{"type":"Feature","geometry":{"type":"MultiPolygon","coordinates":[[[[88.32171,26.88182],[88.31967,26.88224],[88.31467,26.87976],[88.31123,26.88171],[88.30368,26.88206],[88.30127,26.88108],[88.2997,26.87945],[88.29878,26.87722],[88.30028,26.87255],[88.29711,26.86653],[88.29236,26.86769],[88.28659,26.86856],[88.28262,26.87542],[88.28129,26.87545],[88.28465,26.86929],[88.28637,26.86798],[88.28982,26.86801],[88.29793,26.86613],[88.30111,26.87225],[88.29955,26.87638],[88.30141,26.88044],[88.30424,26.88181],[88.31118,26.88112],[88.31325,26.87921],[88.31139,26.87685],[88.30817,26.87883],[88.30387,26.87896],[88.30273,26.87772],[88.30539,26.87142],[88.30734,26.86934],[88.30462,26.86184],[88.30796,26.85889],[88.31249,26.85667],[88.31531,26.85327],[88.32218,26.84958],[88.32932,26.85122],[88.3306,26.84648],[88.33786,26.84344],[88.33348,26.842],[88.33092,26.83646],[88.33491,26.83653],[88.34191,26.83396],[88.34072,26.82763],[88.3426,26.82022],[88.34649,26.81663],[88.35094,26.8141],[88.35094,26.81072],[88.35294,26.80139],[88.3539,26.79953],[88.3591,26.79682],[88.36297,26.79186],[88.364,26.79172],[88.36498,26.7918],[88.36184,26.79726],[88.35437,26.80232],[88.35278,26.80865],[88.35235,26.81501],[88.34439,26.82082],[88.343,26.82653],[88.3436,26.83246],[88.34224,26.83732],[88.33861,26.83656],[88.33567,26.84073],[88.34146,26.841],[88.34602,26.84512],[88.34324,26.84657],[88.33734,26.84669],[88.33508,26.84946],[88.337,26.85267],[88.33731,26.85614],[88.33493,26.85795],[88.3306,26.85758],[88.32797,26.85631],[88.3263,26.85311],[88.32091,26.85363],[88.31706,26.85898],[88.30912,26.86198],[88.30728,26.86397],[88.30797,26.86824],[88.30429,26.87708],[88.3048,26.87879],[88.30985,26.87694],[88.31411,26.8766],[88.3168,26.87919],[88.32171,26.88182]]],[[[88.30092,26.92523],[88.30226,26.9286],[88.30167,26.93347],[88.29903,26.93692],[88.29293,26.94183],[88.29248,26.94601],[88.29416,26.95039],[88.29271,26.95419],[88.29159,26.95342],[88.2909,26.95286],[88.29193,26.95153],[88.28922,26.94541],[88.29195,26.93724],[88.29439,26.93727],[88.29953,26.93229],[88.29897,26.92755],[88.29565,26.92145],[88.29546,26.91844],[88.28942,26.9148],[88.28863,26.91088],[88.29114,26.90604],[88.2848,26.90285],[88.28579,26.89968],[88.28356,26.89833],[88.2799,26.89512],[88.27951,26.89202],[88.28387,26.89174],[88.28198,26.89318],[88.28425,26.89607],[88.28805,26.89725],[88.28797,26.90145],[88.29323,26.90213],[88.29242,26.90868],[88.29172,26.91137],[88.29287,26.9149],[88.29815,26.91842],[88.29835,26.92184],[88.30092,26.92523]]]]},"properties":{"District":"Darjiling","Dist_LGD":"327","Sub_dist":"Kurseong","Subdis_LGD":"2161","Subdis_Typ":"Cd_Block","Vill_name":"Cart Road (Ct)","Vill_Cat":"Partly_Urban","Vill_LGD":"306489","arr_project":"asha2"}},
{"type":"Feature","geometry":{"type":"Polygon","coordinates":[[[88.4397,26.7824],[88.4405,26.784],[88.4395,26.78532],[88.4397,26.7824]]]},"properties":{"District":"Darjiling","Dist_LGD":"327","Sub_dist":"Matigara","Subdis_LGD":"2162","Subdis_Typ":"Cd_Block","Vill_name":"Pachim Pasunath Barua","Vill_Cat":"Rural","Vill_LGD":"306520","arr_project":"asha2"}},
{"type":"Feature","geometry":{"type":"Polygon","coordinates":[[[88.21853,27.08051],[88.21436,27.08086],[88.21094,27.08072],[88.20847,27.07514],[88.20624,27.0744],[88.20082,27.07244],[88.19855,27.06938],[88.19321,27.06733],[88.19022,27.06394],[88.18603,27.06025],[88.17748,27.04862],[88.17277,27.04823],[88.18649,27.04628],[88.19814,27.04412],[88.2,27.04642],[88.20284,27.05697],[88.20546,27.06203],[88.21437,27.06472],[88.21443,27.06619],[88.21272,27.07133],[88.21583,27.07227],[88.21495,27.07566],[88.21761,27.07745],[88.21853,27.08051]]]},"properties":{"District":"Darjiling","Dist_LGD":"327","Sub_dist":"Darjiling Phulbazar","Subdis_LGD":"2154","Subdis_Typ":"Cd_Block","Vill_name":"Chongtong Tea Garden","Vill_Cat":"Others","Vill_LGD":"306190","arr_project":"asha2"}},
{"type":"Feature","geometry":{"type":"Polygon","coordinates":[[[88.20826,27.03383],[88.2043,27.03541],[88.20283,27.03158],[88.1969,27.02587],[88.19684,27.02235],[88.20947,27.02151],[88.20826,27.03383]]]},"properties":{"District":"Darjiling","Dist_LGD":"327","Sub_dist":"Jor Bungalow Sukhiya Pokhri","Subdis_LGD":"2159","Subdis_Typ":"Cd_Block","Vill_name":"Salu Tea Garden","Vill_Cat":"Others","Vill_LGD":"306349","arr_project":"asha2"}},
{"type":"Feature","geometry":{"type":"Polygon","coordinates":[[[88.2253,27.0324],[88.20826,27.03383],[88.20947,27.02151],[88.22074,27.0205],[88.2255,27.03126],[88.2253,27.0324]]]},"properties":{"District":"Darjiling","Dist_LGD":"327","Sub_dist":"Darjiling Phulbazar","Subdis_LGD":"2154","Subdis_Typ":"Cd_Block","Vill_name":"Rishihat Khasmahal","Vill_Cat":"Rural","Vill_LGD":"306180","arr_project":"asha2"}},
{"type":"Feature","geometry":{"type":"Polygon","coordinates":[[[88.26669,26.84403],[88.26396,26.83542],[88.26421,26.83314],[88.26952,26.83434],[88.26903,26.82887],[88.26567,26.82221],[88.26773,26.81641],[88.27055,26.81145],[88.27289,26.80986],[88.27278,26.81643],[88.27508,26.82721],[88.27358,26.83003],[88.27256,26.83891],[88.27862,26.84006],[88.27894,26.84283],[88.26669,26.84403]]]},"properties":{"District":"Darjiling","Dist_LGD":"327","Sub_dist":"Kurseong","Subdis_LGD":"2161","Subdis_Typ":"Cd_Block","Vill_name":"Pankhabari Tea Garden","Vill_Cat":"Others","Vill_LGD":"306429","arr_project":"asha2"}},
{"type":"Feature","geometry":{"type":"Polygon","coordinates":[[[88.32775,26.78902],[88.32571,26.79068],[88.32101,26.79777],[88.32139,26.80151],[88.3176,26.80551],[88.31194,26.80902],[88.30601,26.80067],[88.29673,26.80242],[88.29378,26.79581],[88.29455,26.78652],[88.29804,26.78092],[88.30519,26.78059],[88.30814,26.78205],[88.31486,26.77592],[88.32264,26.77637],[88.31974,26.77906],[88.31623,26.77989],[88.31366,26.78721],[88.3155,26.79036],[88.32316,26.7886],[88.32757,26.78898],[88.32775,26.78902]]]},"properties":{"District":"Darjiling","Dist_LGD":"327","Sub_dist":"Kurseong","Subdis_LGD":"2161","Subdis_Typ":"Cd_Block","Vill_name":"Simulbari Tea Garden","Vill_Cat":"Others","Vill_LGD":"306436","arr_project":"asha2"}},
{"type":"Feature","geometry":{"type":"Polygon","coordinates":[[[88.29793,26.86613],[88.28982,26.86801],[88.28637,26.86798],[88.28523,26.86146],[88.28011,26.86144],[88.27725,26.85874],[88.27912,26.85436],[88.28259,26.85097],[88.28313,26.84788],[88.27894,26.84283],[88.27862,26.84006],[88.28294,26.83685],[88.28537,26.82916],[88.28863,26.82486],[88.29465,26.81874],[88.29402,26.81637],[88.29465,26.80981],[88.29369,26.80732],[88.28638,26.80711],[88.28817,26.80331],[88.28713,26.79759],[88.28758,26.7927],[88.28944,26.79487],[88.28896,26.79845],[88.29174,26.80368],[88.29673,26.80242],[88.30601,26.80067],[88.31194,26.80902],[88.3176,26.80551],[88.32139,26.80151],[88.32101,26.79777],[88.32571,26.79068],[88.32775,26.78902],[88.34127,26.79002],[88.337,26.79309],[88.33522,26.79615],[88.3327,26.79797],[88.33364,26.80684],[88.33103,26.80922],[88.32983,26.81457],[88.32301,26.81802],[88.31909,26.8164],[88.31549,26.81075],[88.30884,26.81341],[88.30671,26.81344],[88.30266,26.81715],[88.30212,26.82035],[88.30411,26.82637],[88.3072,26.83154],[88.30666,26.83745],[88.30289,26.84486],[88.31249,26.85667],[88.30796,26.85889],[88.30462,26.86184],[88.30172,26.8622],[88.29793,26.86613]]]},"properties":{"District":"Darjiling","Dist_LGD":"327","Sub_dist":"Kurseong","Subdis_LGD":"2161","Subdis_Typ":"Cd_Block","Vill_name":"Rohini Tea Garden","Vill_Cat":"Others","Vill_LGD":"306439","arr_project":"asha2"}},
{"type":"Feature","geometry":{"type":"Polygon","coordinates":[[[88.3072,26.83154],[88.30411,26.82637],[88.30212,26.82035],[88.30266,26.81715],[88.30671,26.81344],[88.30884,26.81341],[88.31549,26.81075],[88.31909,26.8164],[88.31687,26.8162],[88.31603,26.82101],[88.31652,26.83117],[88.3072,26.83154]]]},"properties":{"District":"Darjiling","Dist_LGD":"327","Sub_dist":"Kurseong","Subdis_LGD":"2161","Subdis_Typ":"Cd_Block","Vill_name":"Lama Gumba Forest","Vill_Cat":"Rural","Vill_LGD":"306440","arr_project":"asha2"}},
{"type":"Feature","geometry":{"type":"Polygon","coordinates":[[[88.28638,26.80711],[88.29369,26.80732],[88.29465,26.80981],[88.29402,26.81637],[88.29465,26.81874],[88.28863,26.82486],[88.28537,26.82916],[88.28294,26.83685],[88.27862,26.84006],[88.27256,26.83891],[88.27358,26.83003],[88.27508,26.82721],[88.27278,26.81643],[88.27289,26.80986],[88.27535,26.80832],[88.27731,26.80895],[88.28638,26.80711]],[[88.2847,26.8091],[88.28094,26.80878],[88.28021,26.81221],[88.2847,26.81112],[88.2847,26.8091]]]},"properties":{"District":"Darjiling","Dist_LGD":"327","Sub_dist":"Kurseong","Subdis_LGD":"2161","Subdis_Typ":"Cd_Block","Vill_name":"Bamanpokhari Forest","Vill_Cat":"Rural","Vill_LGD":"306438","arr_project":"asha2"}},
{"type":"Feature","geometry":{"type":"Polygon","coordinates":[[[88.32955,26.74699],[88.32606,26.74941],[88.3214,26.7471],[88.32615,26.74271],[88.32955,26.74699]]]},"properties":{"District":"Darjiling","Dist_LGD":"327","Sub_dist":"Matigara","Subdis_LGD":"2162","Subdis_Typ":"Cd_Block","Vill_name":"Lalsara Chhat","Vill_Cat":"Rural","Vill_LGD":"306543","arr_project":"asha2"}},
{"type":"Feature","geometry":{"type":"Polygon","coordinates":[[[88.34074,26.74149],[88.33972,26.74533],[88.33031,26.75041],[88.32834,26.75205],[88.32597,26.75151],[88.3258,26.75064],[88.32606,26.74941],[88.32955,26.74699],[88.33769,26.74214],[88.34074,26.74149]]]},"properties":{"District":"Darjiling","Dist_LGD":"327","Sub_dist":"Matigara","Subdis_LGD":"2162","Subdis_Typ":"Cd_Block","Vill_name":"Pataner Chhat","Vill_Cat":"Rural","Vill_LGD":"306542","arr_project":"asha2"}},
{"type":"Feature","geometry":{"type":"Polygon","coordinates":[[[88.39119,26.76298],[88.38663,26.76143],[88.38331,26.76345],[88.38457,26.75928],[88.38687,26.75819],[88.39007,26.75951],[88.39119,26.76298]]]},"properties":{"District":"Darjiling","Dist_LGD":"327","Sub_dist":"Matigara","Subdis_LGD":"2162","Subdis_Typ":"Cd_Block","Vill_name":"Salbari Chhat Pratham Khanda","Vill_Cat":"Rural","Vill_LGD":"306533","arr_project":"asha2"}},
{"type":"Feature","geometry":{"type":"Polygon","coordinates":[[[88.25622,26.89088],[88.2525,26.8929],[88.24499,26.89548],[88.24052,26.89509],[88.23814,26.89675],[88.23667,26.89477],[88.23843,26.89162],[88.2363,26.88601],[88.23559,26.87864],[88.23347,26.87429],[88.23522,26.86935],[88.23414,26.86555],[88.2357,26.86394],[88.23674,26.85604],[88.24653,26.85487],[88.26006,26.85552],[88.25816,26.86322],[88.2546,26.86502],[88.25661,26.86707],[88.2549,26.87055],[88.25725,26.87186],[88.26244,26.8773],[88.26609,26.88364],[88.26125,26.88898],[88.25622,26.89088]]]},"properties":{"District":"Darjiling","Dist_LGD":"327","Sub_dist":"Kurseong","Subdis_LGD":"2161","Subdis_Typ":"Cd_Block","Vill_name":"Ambootia Tea Garden","Vill_Cat":"Others","Vill_LGD":"306427","arr_project":"asha2"}},
{"type":"Feature","geometry":{"type":"Polygon","coordinates":[[[88.27912,26.85436],[88.2746,26.85595],[88.26982,26.86149],[88.26783,26.86223],[88.2612,26.86127],[88.26358,26.85701],[88.26006,26.85552],[88.24653,26.85487],[88.23674,26.85604],[88.23949,26.84943],[88.23987,26.84452],[88.24474,26.84383],[88.26163,26.8464],[88.2654,26.84855],[88.26669,26.84403],[88.27894,26.84283],[88.28313,26.84788],[88.28259,26.85097],[88.27912,26.85436]]]},"properties":{"District":"Darjiling","Dist_LGD":"327","Sub_dist":"Kurseong","Subdis_LGD":"2161","Subdis_Typ":"Cd_Block","Vill_name":"Makaibari Tea Garden","Vill_Cat":"Others","Vill_LGD":"306428","arr_project":"asha2"}},
{"type":"Feature","geometry":{"type":"Polygon","coordinates":[[[88.38529,26.83253],[88.38116,26.83547],[88.37595,26.84255],[88.37211,26.84403],[88.3622,26.83788],[88.34869,26.83068],[88.35616,26.82345],[88.35885,26.81739],[88.36284,26.81599],[88.36392,26.81159],[88.36161,26.80614],[88.36505,26.80357],[88.37267,26.80943],[88.37299,26.81114],[88.3806,26.82048],[88.38261,26.81938],[88.38575,26.82207],[88.38649,26.82649],[88.38529,26.83253]]]},"properties":{"District":"Darjiling","Dist_LGD":"327","Sub_dist":"Kurseong","Subdis_LGD":"2161","Subdis_Typ":"Cd_Block","Vill_name":"Mahanadi Forest","Vill_Cat":"Rural","Vill_LGD":"306446","arr_project":"asha2"}},
{"type":"Feature","geometry":{"type":"Polygon","coordinates":[[[88.28758,26.7927],[88.28713,26.79759],[88.28817,26.80331],[88.28638,26.80711],[88.27731,26.80895],[88.27535,26.80832],[88.27796,26.80604],[88.27135,26.80053],[88.25976,26.79945],[88.26215,26.79326],[88.25829,26.79262],[88.26264,26.78726],[88.2764,26.78111],[88.28093,26.78186],[88.28836,26.77948],[88.28557,26.78365],[88.29004,26.78736],[88.28744,26.78849],[88.28758,26.7927]]]},"properties":{"District":"Darjiling","Dist_LGD":"327","Sub_dist":"Kurseong","Subdis_LGD":"2161","Subdis_Typ":"Cd_Block","Vill_name":"Garidhora (M.Bari)Tea Garden","Vill_Cat":"Others","Vill_LGD":"306433","arr_project":"asha2"}},
{"type":"Feature","geometry":{"type":"Polygon","coordinates":[[[88.29398,26.7497],[88.30098,26.75045],[88.30201,26.74947],[88.31397,26.75137],[88.30645,26.75936],[88.30897,26.76249],[88.3126,26.76402],[88.31218,26.76475],[88.31172,26.76554],[88.30624,26.76761],[88.29848,26.77274],[88.29635,26.77134],[88.29249,26.7645],[88.28397,26.76969],[88.27897,26.77378],[88.27295,26.77589],[88.27062,26.77292],[88.27007,26.77038],[88.27344,26.76438],[88.27796,26.76453],[88.28494,26.76112],[88.29093,26.76395],[88.2916,26.74966],[88.29398,26.7497]]]},"properties":{"District":"Darjiling","Dist_LGD":"327","Sub_dist":"Mirik","Subdis_LGD":"2160","Subdis_Typ":"Cd_Block","Vill_name":"Pantha Bari Forest(P)","Vill_Cat":"Rural","Vill_LGD":"306416","arr_project":"asha2"}},
{"type":"Feature","geometry":{"type":"Polygon","coordinates":[[[88.24391,26.82212],[88.2408,26.8287],[88.24154,26.83691],[88.23997,26.84066],[88.23997,26.84135],[88.23671,26.84025],[88.22402,26.84623],[88.22021,26.84721],[88.21682,26.84612],[88.2099,26.84659],[88.20405,26.84638],[88.20322,26.84295],[88.20294,26.83495],[88.19601,26.83228],[88.19957,26.83137],[88.20634,26.82584],[88.21024,26.8205],[88.21295,26.81829],[88.22292,26.81716],[88.23379,26.81939],[88.23598,26.82119],[88.2409,26.8211],[88.24391,26.82212]]]},"properties":{"District":"Darjiling","Dist_LGD":"327","Sub_dist":"Mirik","Subdis_LGD":"2160","Subdis_Typ":"Cd_Block","Vill_name":"New Fallodi Tea Garden(Ghyabari)","Vill_Cat":"Others","Vill_LGD":"306407","arr_project":"asha2"}},
{"type":"Feature","geometry":{"type":"Polygon","coordinates":[[[88.31486,26.77592],[88.30814,26.78205],[88.30519,26.78059],[88.30292,26.77774],[88.29992,26.77655],[88.30534,26.7758],[88.31101,26.77501],[88.31486,26.77592]]]},"properties":{"District":"Darjiling","Dist_LGD":"327","Sub_dist":"Kurseong","Subdis_LGD":"2161","Subdis_Typ":"Cd_Block","Vill_name":"Pairikumari","Vill_Cat":"Rural","Vill_LGD":"306435","arr_project":"asha2"}},
{"type":"Feature","geometry":{"type":"Polygon","coordinates":[[[88.23674,26.85604],[88.2357,26.86394],[88.23414,26.86555],[88.23522,26.86935],[88.23347,26.87429],[88.23559,26.87864],[88.23259,26.87593],[88.23394,26.86935],[88.23074,26.86737],[88.22585,26.87159],[88.21944,26.87403],[88.21474,26.86608],[88.21206,26.8628],[88.22077,26.85487],[88.22621,26.85535],[88.22901,26.85686],[88.23289,26.8523],[88.22402,26.84623],[88.23671,26.84025],[88.23997,26.84135],[88.23987,26.84452],[88.23949,26.84943],[88.23674,26.85604]],[[88.22704,26.85838],[88.22349,26.85978],[88.22625,26.86045],[88.22704,26.85838]]]},"properties":{"District":"Darjiling","Dist_LGD":"327","Sub_dist":"Mirik","Subdis_LGD":"2160","Subdis_Typ":"Cd_Block","Vill_name":"Manjua Forest","Vill_Cat":"Rural","Vill_LGD":"306403","arr_project":"asha2"}},
{"type":"Feature","geometry":{"type":"Polygon","coordinates":[[[88.4405,26.784],[88.43972,26.78676],[88.4395,26.78532],[88.4405,26.784]]]},"properties":{"District":"Darjiling","Dist_LGD":"327","Sub_dist":"Matigara","Subdis_LGD":"2162","Subdis_Typ":"Cd_Block","Vill_name":"Purba Pasunathbarua","Vill_Cat":"Rural","Vill_LGD":"306519","arr_project":"asha2"}},
{"type":"Feature","geometry":{"type":"Polygon","coordinates":[[[88.3148,26.90153],[88.30433,26.91005],[88.30289,26.90649],[88.30197,26.90486],[88.3025,26.90036],[88.30177,26.89528],[88.29824,26.89202],[88.29627,26.88491],[88.30127,26.88108],[88.30368,26.88206],[88.3074,26.88674],[88.31203,26.89684],[88.31448,26.9009],[88.3148,26.90153]]]},"properties":{"District":"Darjiling","Dist_LGD":"327","Sub_dist":"Kurseong","Subdis_LGD":"2161","Subdis_Typ":"Cd_Block","Vill_name":"Bara Shivakhola Forest","Vill_Cat":"Rural","Vill_LGD":"306456","arr_project":"asha2"}},
{"type":"Feature","geometry":{"type":"Polygon","coordinates":[[[88.29953,26.93229],[88.29697,26.93219],[88.29218,26.92923],[88.28368,26.92156],[88.28149,26.92058],[88.28129,26.91839],[88.28481,26.91919],[88.29027,26.92005],[88.29546,26.91844],[88.29565,26.92145],[88.29897,26.92755],[88.29953,26.93229]]]},"properties":{"District":"Darjiling","Dist_LGD":"327","Sub_dist":"Kurseong","Subdis_LGD":"2161","Subdis_Typ":"Cd_Block","Vill_name":"Maharani Tea Garden","Vill_Cat":"Others","Vill_LGD":"306418","arr_project":"asha2"}},
{"type":"Feature","geometry":{"type":"Polygon","coordinates":[[[88.31557,27.02402],[88.31551,27.02466],[88.30986,27.02253],[88.30133,27.02041],[88.29838,27.01738],[88.29509,27.01592],[88.29188,27.00902],[88.29237,26.98703],[88.29267,26.98156],[88.29103,26.97716],[88.29223,26.96956],[88.29246,26.96196],[88.30168,26.9608],[88.30166,26.95673],[88.30814,26.95664],[88.31157,26.95934],[88.31749,26.95806],[88.31793,26.95803],[88.32184,26.96171],[88.33088,26.96299],[88.33462,26.96427],[88.34142,26.9633],[88.34171,26.97518],[88.32537,26.9763],[88.31388,26.97922],[88.31312,26.99316],[88.31419,26.99493],[88.31347,27.0036],[88.31119,27.00862],[88.31233,27.01518],[88.31539,27.01712],[88.31469,27.02239],[88.31557,27.02402]],[[88.2982,27.01149],[88.2992,27.01359],[88.30129,27.01404],[88.29992,27.0119],[88.2982,27.01149]],[[88.30648,26.97362],[88.30616,26.97548],[88.30765,26.9761],[88.30891,26.97427],[88.30648,26.97362]]]},"properties":{"District":"Darjiling","Dist_LGD":"327","Sub_dist":"Jor Bungalow Sukhiya Pokhri","Subdis_LGD":"2159","Subdis_Typ":"Cd_Block","Vill_name":"Senchal Forest","Vill_Cat":"Rural","Vill_LGD":"306364","arr_project":"asha2"}},
{"type":"Feature","geometry":{"type":"Polygon","coordinates":[[[88.26219,27.00382],[88.25957,27.00538],[88.2595,27.00538],[88.26019,26.99476],[88.25956,26.99177],[88.26027,26.99006],[88.26507,26.98734],[88.26508,26.9849],[88.26904,26.98763],[88.27059,26.98547],[88.27694,26.9831],[88.27756,26.97776],[88.27292,26.96819],[88.26888,26.96571],[88.27278,26.96195],[88.27285,26.95894],[88.27845,26.9582],[88.2801,26.9566],[88.28235,26.95089],[88.28933,26.95116],[88.2909,26.95286],[88.29159,26.95342],[88.28533,26.95362],[88.28067,26.96017],[88.27554,26.96218],[88.2746,26.96771],[88.27725,26.97132],[88.28105,26.97679],[88.28046,26.98467],[88.27033,26.98902],[88.26459,26.99036],[88.26224,26.99385],[88.26219,27.00382]]]},"properties":{"District":"Darjiling","Dist_LGD":"327","Sub_dist":"Jor Bungalow Sukhiya Pokhri","Subdis_LGD":"2159","Subdis_Typ":"Cd_Block","Vill_name":"Hill Cart Road","Vill_Cat":"Rural","Vill_LGD":"306368","arr_project":"asha2"}},
{"type":"Feature","geometry":{"type":"Polygon","coordinates":[[[88.2358,27.02374],[88.23378,27.02589],[88.2255,27.03126],[88.22074,27.0205],[88.22861,27.02026],[88.2358,27.02374]]]},"properties":{"District":"Darjiling","Dist_LGD":"327","Sub_dist":"Darjiling Phulbazar","Subdis_LGD":"2154","Subdis_Typ":"Cd_Block","Vill_name":"Barbatia Khasmahal","Vill_Cat":"Rural","Vill_LGD":"306181","arr_project":"asha2"}},
{"type":"Feature","geometry":{"type":"Polygon","coordinates":[[[88.32489,27.06362],[88.32263,27.06646],[88.31815,27.06568],[88.31369,27.06668],[88.3122,27.06386],[88.312,27.05985],[88.30731,27.05968],[88.30633,27.05808],[88.30648,27.05657],[88.30996,27.05538],[88.31238,27.05241],[88.3219,27.04929],[88.32654,27.04634],[88.32121,27.03735],[88.31913,27.03529],[88.31528,27.03837],[88.31592,27.0348],[88.31435,27.03017],[88.31101,27.02667],[88.31421,27.02665],[88.32271,27.02833],[88.33585,27.03701],[88.34018,27.04176],[88.33892,27.0441],[88.33231,27.05331],[88.3368,27.05538],[88.33654,27.06179],[88.32842,27.06032],[88.32489,27.06362]]]},"properties":{"District":"Darjiling","Dist_LGD":"327","Sub_dist":"Rangoli And Rangliot","Subdis_LGD":"2155","Subdis_Typ":"Cd_Block","Vill_name":"Tukdah Tea Garden","Vill_Cat":"Others","Vill_LGD":"306210","arr_project":"asha2"}},
{"type":"Feature","geometry":{"type":"Polygon","coordinates":[[[88.30659,27.05627],[88.30266,27.05042],[88.29813,27.05104],[88.29156,27.05358],[88.28256,27.05799],[88.27984,27.05874],[88.27822,27.05371],[88.27502,27.04999],[88.27163,27.04808],[88.26842,27.04424],[88.27425,27.04188],[88.28977,27.04184],[88.28833,27.03588],[88.28973,27.03347],[88.29418,27.0306],[88.30099,27.03441],[88.31101,27.02667],[88.31435,27.03017],[88.31592,27.0348],[88.31528,27.03837],[88.31495,27.04736],[88.31192,27.05171],[88.30659,27.05627]]]},"properties":{"District":"Darjiling","Dist_LGD":"327","Sub_dist":"Darjiling Phulbazar","Subdis_LGD":"2154","Subdis_Typ":"Cd_Block","Vill_name":"Lebong & Mineral Spring Tea Garden (Ct)","Vill_Cat":"Partly_Urban","Vill_LGD":"306185","arr_project":"asha2"}},
{"type":"Feature","geometry":{"type":"Polygon","coordinates":[[[88.31864,27.09968],[88.31444,27.10227],[88.31367,27.10528],[88.31416,27.11141],[88.30621,27.1099],[88.29771,27.11186],[88.29744,27.1092],[88.29442,27.10878],[88.29199,27.10431],[88.28742,27.10328],[88.28319,27.10534],[88.27734,27.10155],[88.27312,27.10024],[88.2705,27.09631],[88.27016,27.09447],[88.27351,27.09096],[88.27862,27.09143],[88.28115,27.08843],[88.28223,27.08161],[88.28534,27.0799],[88.28581,27.07987],[88.2908,27.08217],[88.29287,27.08113],[88.29674,27.08356],[88.30933,27.08135],[88.31176,27.08521],[88.30968,27.09193],[88.31561,27.09212],[88.31772,27.09327],[88.31982,27.09765],[88.31864,27.09968]]]},"properties":{"District":"Darjiling","Dist_LGD":"327","Sub_dist":"Darjiling Phulbazar","Subdis_LGD":"2154","Subdis_Typ":"Cd_Block","Vill_name":"Badamtam Tea Garden","Vill_Cat":"Others","Vill_LGD":"306188","arr_project":"asha2"}},
{"type":"Feature","geometry":{"type":"Polygon","coordinates":[[[88.2705,27.09631],[88.2675,27.09729],[88.26069,27.10416],[88.26099,27.11406],[88.2545,27.10909],[88.25275,27.11133],[88.24963,27.10965],[88.2484,27.10647],[88.24548,27.10681],[88.24426,27.10263],[88.24548,27.09482],[88.24784,27.09252],[88.24948,27.088],[88.25489,27.08346],[88.25273,27.07728],[88.2528,27.07386],[88.2573,27.07608],[88.26306,27.07752],[88.26673,27.08093],[88.27016,27.09447],[88.2705,27.09631]]]},"properties":{"District":"Darjiling","Dist_LGD":"327","Sub_dist":"Darjiling Phulbazar","Subdis_LGD":"2154","Subdis_Typ":"Cd_Block","Vill_name":"Tukvar Tea Garden","Vill_Cat":"Others","Vill_LGD":"306173","arr_project":"asha2"}},
{"type":"Feature","geometry":{"type":"MultiPolygon","coordinates":[[[[88.28637,26.86798],[88.28465,26.86929],[88.28129,26.87545],[88.27715,26.87127],[88.27373,26.87139],[88.27002,26.86962],[88.27165,26.86684],[88.26982,26.86149],[88.2746,26.85595],[88.27912,26.85436],[88.27725,26.85874],[88.28011,26.86144],[88.28523,26.86146],[88.28637,26.86798]]],[[[88.28659,26.86856],[88.28863,26.8746],[88.28262,26.87542],[88.28659,26.86856]]]]},"properties":{"District":"Darjiling","Dist_LGD":"327","Sub_dist":"Kurseong","Subdis_LGD":"2161","Subdis_Typ":"Cd_Block","Vill_name":"Castleton Tea Garden","Vill_Cat":"Others","Vill_LGD":"306425","arr_project":"asha2"}},
{"type":"Feature","geometry":{"type":"Polygon","coordinates":[[[88.27049,26.68039],[88.2632,26.68058],[88.25862,26.68177],[88.24894,26.67998],[88.2466,26.679],[88.24732,26.67762],[88.24918,26.67093],[88.25318,26.67064],[88.25279,26.6738],[88.25731,26.67341],[88.25779,26.66795],[88.26436,26.66594],[88.26422,26.66847],[88.26768,26.67032],[88.2702,26.67147],[88.27175,26.67719],[88.2703,26.67914],[88.27049,26.68039]]]},"properties":{"District":"Darjiling","Dist_LGD":"327","Sub_dist":"Naxalbari","Subdis_LGD":"2163","Subdis_Typ":"Cd_Block","Vill_name":"Damdama","Vill_Cat":"Rural","Vill_LGD":"306606","arr_project":"asha2"}},
{"type":"Feature","geometry":{"type":"Polygon","coordinates":[[[88.19889,26.66486],[88.19297,26.66334],[88.1905,26.6661],[88.18662,26.65874],[88.18377,26.65386],[88.18349,26.6506],[88.17469,26.64417],[88.17041,26.64248],[88.16841,26.63782],[88.1715,26.63747],[88.17412,26.63697],[88.17513,26.63184],[88.17866,26.63081],[88.18286,26.6329],[88.19009,26.63495],[88.19315,26.63747],[88.19381,26.63862],[88.19332,26.64728],[88.19613,26.65261],[88.20098,26.65472],[88.19877,26.65888],[88.19931,26.66225],[88.19889,26.66486]]]},"properties":{"District":"Darjiling","Dist_LGD":"327","Sub_dist":"Kharibari","Subdis_LGD":"2165","Subdis_Typ":"Cd_Block","Vill_name":"Tukriajhar Forest","Vill_Cat":"Rural","Vill_LGD":"306828","arr_project":"asha2"}},
{"type":"Feature","geometry":{"type":"Polygon","coordinates":[[[88.19184,26.84761],[88.19363,26.84486],[88.20322,26.84295],[88.20405,26.84638],[88.2099,26.84659],[88.20718,26.85378],[88.20508,26.85245],[88.19922,26.85207],[88.19184,26.84761]]]},"properties":{"District":"Darjiling","Dist_LGD":"327","Sub_dist":"Mirik","Subdis_LGD":"2160","Subdis_Typ":"Cd_Block","Vill_name":"Purba Phuguri Tea Garden","Vill_Cat":"Others","Vill_LGD":"306405","arr_project":"asha2"}},
{"type":"Feature","geometry":{"type":"Polygon","coordinates":[[[88.20204,26.88599],[88.19978,26.88778],[88.19465,26.88735],[88.19025,26.88482],[88.19009,26.87791],[88.19459,26.88185],[88.20027,26.8781],[88.20423,26.87983],[88.20639,26.88314],[88.20488,26.88473],[88.20204,26.88599]]]},"properties":{"District":"Darjiling","Dist_LGD":"327","Sub_dist":"Mirik","Subdis_LGD":"2160","Subdis_Typ":"Cd_Block","Vill_name":"Phuguri Forest","Vill_Cat":"Rural","Vill_LGD":"306398","arr_project":"asha2"}},
{"type":"Feature","geometry":{"type":"Polygon","coordinates":[[[88.16507,26.60149],[88.16439,26.60756],[88.16045,26.6084],[88.1582,26.61063],[88.15378,26.61183],[88.15155,26.60819],[88.14834,26.60729],[88.14673,26.60149],[88.14279,26.5983],[88.14224,26.59489],[88.14908,26.5947],[88.15027,26.59635],[88.15612,26.59748],[88.1649,26.59794],[88.16507,26.60149]]]},"properties":{"District":"Darjiling","Dist_LGD":"327","Sub_dist":"Kharibari","Subdis_LGD":"2165","Subdis_Typ":"Cd_Block","Vill_name":"Chayansing","Vill_Cat":"Rural","Vill_LGD":"306788","arr_project":"asha2"}},
{"type":"Feature","geometry":{"type":"Polygon","coordinates":[[[88.2336,26.58758],[88.22698,26.58803],[88.22371,26.58468],[88.21933,26.57663],[88.2187,26.57305],[88.22011,26.57017],[88.21909,26.56623],[88.22323,26.56396],[88.23056,26.56476],[88.23269,26.56802],[88.23218,26.57028],[88.23353,26.57493],[88.22954,26.57731],[88.23033,26.58329],[88.2336,26.58758]]]},"properties":{"District":"Darjiling","Dist_LGD":"327","Sub_dist":"Kharibari","Subdis_LGD":"2165","Subdis_Typ":"Cd_Block","Vill_name":"Bagulahagi","Vill_Cat":"Rural","Vill_LGD":"306851","arr_project":"asha2"}},
{"type":"Feature","geometry":{"type":"Polygon","coordinates":[[[88.2698,26.63376],[88.26114,26.634],[88.2595,26.63643],[88.25747,26.63411],[88.25364,26.63567],[88.24772,26.63393],[88.24611,26.62974],[88.24912,26.62197],[88.24883,26.61981],[88.25171,26.62072],[88.25302,26.62343],[88.2578,26.62349],[88.25874,26.62897],[88.26524,26.6291],[88.2682,26.63008],[88.2698,26.63376]]]},"properties":{"District":"Darjiling","Dist_LGD":"327","Sub_dist":"Phansidewa","Subdis_LGD":"2164","Subdis_Typ":"Cd_Block","Vill_name":"Fakirdwip","Vill_Cat":"Rural","Vill_LGD":"306693","arr_project":"asha2"}},
{"type":"Feature","geometry":{"type":"Polygon","coordinates":[[[88.30288,26.67629],[88.29824,26.67623],[88.29782,26.67347],[88.2978,26.66513],[88.30478,26.66358],[88.30828,26.66598],[88.30288,26.67629]]]},"properties":{"District":"Darjiling","Dist_LGD":"327","Sub_dist":"Phansidewa","Subdis_LGD":"2164","Subdis_Typ":"Cd_Block","Vill_name":"Rangali","Vill_Cat":"Rural","Vill_LGD":"306680","arr_project":"asha2"}},
{"type":"Feature","geometry":{"type":"Polygon","coordinates":[[[88.2695,26.58109],[88.27424,26.58139],[88.27774,26.57859],[88.28399,26.57672],[88.28651,26.58669],[88.28549,26.59032],[88.27694,26.59073],[88.27601,26.59357],[88.27563,26.59137],[88.27171,26.58926],[88.26825,26.58958],[88.26958,26.5823],[88.2695,26.58109]]]},"properties":{"District":"Darjiling","Dist_LGD":"327","Sub_dist":"Phansidewa","Subdis_LGD":"2164","Subdis_Typ":"Cd_Block","Vill_name":"Moilani","Vill_Cat":"Rural","Vill_LGD":"306707","arr_project":"asha2"}},
{"type":"Feature","geometry":{"type":"Polygon","coordinates":[[[88.27601,26.59357],[88.27694,26.59073],[88.28549,26.59032],[88.2864,26.59273],[88.28601,26.59859],[88.29021,26.59767],[88.29239,26.59999],[88.2926,26.60294],[88.28498,26.60274],[88.28603,26.60481],[88.28563,26.61093],[88.27798,26.61118],[88.27843,26.60454],[88.27501,26.60251],[88.27605,26.59849],[88.27601,26.59357]]]},"properties":{"District":"Darjiling","Dist_LGD":"327","Sub_dist":"Phansidewa","Subdis_LGD":"2164","Subdis_Typ":"Cd_Block","Vill_name":"Farabari","Vill_Cat":"Rural","Vill_LGD":"306709","arr_project":"asha2"}},
{"type":"Feature","geometry":{"type":"Polygon","coordinates":[[[88.1739,27.0057],[88.1708,27.00787],[88.18166,27.01354],[88.192,27.0175],[88.19125,27.02654],[88.18626,27.02538],[88.18144,27.0239],[88.18079,27.02197],[88.17636,27.02119],[88.16779,27.01816],[88.16964,27.01483],[88.16784,27.01332],[88.16847,27.01114],[88.16159,27.00541],[88.15113,26.99757],[88.13687,26.99711],[88.13556,26.99878],[88.12859,26.99387],[88.12476,26.98924],[88.12174,26.98841],[88.12525,26.98792],[88.12534,26.98793],[88.1299,26.9891],[88.1302,26.98732],[88.13481,26.98478],[88.13026,26.98047],[88.12415,26.97144],[88.12488,26.96904],[88.12235,26.96613],[88.12298,26.95921],[88.12107,26.95654],[88.12025,26.95034],[88.12525,26.94405],[88.12888,26.94634],[88.12777,26.95638],[88.13009,26.96765],[88.13149,26.97066],[88.13508,26.97463],[88.14031,26.97845],[88.14402,26.97878],[88.14958,26.97561],[88.15279,26.97012],[88.1647,26.96062],[88.17182,26.95676],[88.17737,26.95241],[88.17839,26.95312],[88.17733,26.9576],[88.16934,26.97006],[88.17283,26.97166],[88.16928,26.97374],[88.16936,26.97993],[88.17539,26.98628],[88.1736,26.98861],[88.17599,26.99234],[88.17557,26.99711],[88.17801,27.00098],[88.17419,27.00537],[88.1739,27.0057]],[[88.16463,27.00075],[88.16628,27.00183],[88.16618,26.99945],[88.16463,27.00075]],[[88.16433,26.99483],[88.16623,26.99926],[88.16832,27.00057],[88.16637,26.99435],[88.16433,26.99483]],[[88.16291,26.99202],[88.16409,26.99398],[88.16475,26.99259],[88.16291,26.99202]],[[88.1459,26.98618],[88.14694,26.98633],[88.14699,26.98582],[88.14525,26.98555],[88.1459,26.98618]],[[88.13707,26.98271],[88.13846,26.98559],[88.13967,26.98417],[88.13707,26.98271]],[[88.1561,26.97485],[88.15569,26.97608],[88.15751,26.97555],[88.1561,26.97485]]]},"properties":{"District":"Darjiling","Dist_LGD":"327","Sub_dist":"Jor Bungalow Sukhiya Pokhri","Subdis_LGD":"2159","Subdis_Typ":"Cd_Block","Vill_name":"Mim Nagri Range","Vill_Cat":"Rural","Vill_LGD":"306378","arr_project":"asha2"}},
{"type":"Feature","geometry":{"type":"Polygon","coordinates":[[[88.31475,26.89998],[88.31448,26.9009],[88.31203,26.89684],[88.3074,26.88674],[88.30368,26.88206],[88.31123,26.88171],[88.31467,26.87976],[88.31967,26.88224],[88.32171,26.88182],[88.32847,26.88186],[88.33206,26.88004],[88.33407,26.87696],[88.33833,26.88603],[88.33662,26.88919],[88.3326,26.88981],[88.32641,26.8892],[88.32391,26.88951],[88.31743,26.89496],[88.31475,26.89998]]]},"properties":{"District":"Darjiling","Dist_LGD":"327","Sub_dist":"Kurseong","Subdis_LGD":"2161","Subdis_Typ":"Cd_Block","Vill_name":"Mahanadi Tea Garden","Vill_Cat":"Others","Vill_LGD":"306453","arr_project":"asha2"}},
{"type":"Feature","geometry":{"type":"Polygon","coordinates":[[[88.32713,27.07848],[88.3241,27.08407],[88.32283,27.08885],[88.3201,27.09045],[88.31839,27.08482],[88.31859,27.0812],[88.31848,27.07994],[88.3117,27.07238],[88.31368,27.07025],[88.31369,27.06668],[88.31815,27.06568],[88.32263,27.06646],[88.32489,27.06362],[88.33567,27.06316],[88.32866,27.07407],[88.32713,27.07848]]]},"properties":{"District":"Darjiling","Dist_LGD":"327","Sub_dist":"Rangoli And Rangliot","Subdis_LGD":"2155","Subdis_Typ":"Cd_Block","Vill_name":"Mane Dara","Vill_Cat":"Rural","Vill_LGD":"306208","arr_project":"asha2"}},
{"type":"Feature","geometry":{"type":"Polygon","coordinates":[[[88.18276,26.91237],[88.17784,26.91546],[88.1763,26.91844],[88.17458,26.92042],[88.17273,26.91828],[88.16123,26.91482],[88.15506,26.91033],[88.15645,26.88942],[88.15595,26.88521],[88.15734,26.88468],[88.15954,26.89],[88.16251,26.89384],[88.16097,26.89753],[88.16473,26.90308],[88.15953,26.90503],[88.15909,26.90669],[88.16598,26.90716],[88.17754,26.90663],[88.18078,26.90718],[88.18276,26.91237]]]},"properties":{"District":"Darjiling","Dist_LGD":"327","Sub_dist":"Mirik","Subdis_LGD":"2160","Subdis_Typ":"Cd_Block","Vill_name":"Bukim Tea Garden (Tharbu) (P)","Vill_Cat":"Others","Vill_LGD":"306397","arr_project":"asha2"}},
{"type":"Feature","geometry":{"type":"Polygon","coordinates":[[[88.3251,26.59201],[88.31699,26.59384],[88.31012,26.59307],[88.30826,26.59434],[88.30291,26.59381],[88.30161,26.58915],[88.30219,26.58699],[88.30358,26.5868],[88.30797,26.58056],[88.31153,26.58069],[88.31231,26.57856],[88.31759,26.57928],[88.32104,26.57722],[88.32435,26.57683],[88.32374,26.57852],[88.32138,26.58254],[88.32115,26.58865],[88.32211,26.59143],[88.3251,26.59201]]]},"properties":{"District":"Darjiling","Dist_LGD":"327","Sub_dist":"Phansidewa","Subdis_LGD":"2164","Subdis_Typ":"Cd_Block","Vill_name":"Fulbar","Vill_Cat":"Rural","Vill_LGD":"306714","arr_project":"asha2"}},
{"type":"Feature","geometry":{"type":"Polygon","coordinates":[[[88.25976,26.79945],[88.25563,26.80164],[88.25187,26.80112],[88.24756,26.79998],[88.24375,26.80105],[88.24652,26.79426],[88.25002,26.78973],[88.25476,26.7854],[88.25972,26.78264],[88.26192,26.78019],[88.26733,26.77655],[88.27062,26.77292],[88.27295,26.77589],[88.27897,26.77378],[88.28397,26.76969],[88.29249,26.7645],[88.29635,26.77134],[88.29848,26.77274],[88.29768,26.77399],[88.29268,26.77765],[88.28836,26.77948],[88.28093,26.78186],[88.2764,26.78111],[88.26264,26.78726],[88.25829,26.79262],[88.26215,26.79326],[88.25976,26.79945]]]},"properties":{"District":"Darjiling","Dist_LGD":"327","Sub_dist":"Kurseong","Subdis_LGD":"2161","Subdis_Typ":"Cd_Block","Vill_name":"Balasan Forest","Vill_Cat":"Rural","Vill_LGD":"306432","arr_project":"asha2"}},
{"type":"Feature","geometry":{"type":"Polygon","coordinates":[[[88.38855,26.83],[88.38529,26.83253],[88.38649,26.82649],[88.38575,26.82207],[88.38261,26.81938],[88.3806,26.82048],[88.37299,26.81114],[88.37267,26.80943],[88.36505,26.80357],[88.36656,26.79593],[88.36876,26.7921],[88.3723,26.79185],[88.37674,26.79337],[88.38437,26.79437],[88.38935,26.79686],[88.40104,26.79986],[88.41124,26.79937],[88.41632,26.79951],[88.41562,26.80195],[88.4101,26.80488],[88.40705,26.80998],[88.40278,26.81514],[88.40044,26.81621],[88.39693,26.82201],[88.38855,26.83]],[[88.38847,26.80253],[88.39178,26.80531],[88.39231,26.80187],[88.38847,26.80253]],[[88.40822,26.7998],[88.40544,26.80005],[88.40507,26.80262],[88.40882,26.80284],[88.40822,26.7998]],[[88.39133,26.80152],[88.39127,26.79989],[88.38992,26.80014],[88.39034,26.8016],[88.39133,26.80152]]]},"properties":{"District":"Darjiling","Dist_LGD":"327","Sub_dist":"Kurseong","Subdis_LGD":"2161","Subdis_Typ":"Cd_Block","Vill_name":"Mohanadi Forest","Vill_Cat":"Rural","Vill_LGD":"306488","arr_project":"asha2"}},
{"type":"Feature","geometry":{"type":"Polygon","coordinates":[[[88.36389,26.78777],[88.3695,26.78849],[88.36795,26.79191],[88.36498,26.7918],[88.364,26.79172],[88.36428,26.78989],[88.35975,26.78911],[88.36389,26.78777]]]},"properties":{"District":"Darjiling","Dist_LGD":"327","Sub_dist":"Kurseong","Subdis_LGD":"2161","Subdis_Typ":"Cd_Block","Vill_name":"Sukna Pratham Khanda","Vill_Cat":"Rural","Vill_LGD":"306483","arr_project":"asha2"}},
{"type":"Feature","geometry":{"type":"Polygon","coordinates":[[[88.21025,26.74284],[88.2106,26.74852],[88.21059,26.75115],[88.21469,26.75171],[88.21395,26.75583],[88.20901,26.75869],[88.20817,26.76302],[88.20774,26.76414],[88.19673,26.76422],[88.19724,26.77338],[88.1959,26.77597],[88.19033,26.78122],[88.18877,26.78377],[88.18584,26.79096],[88.18368,26.80062],[88.18023,26.80886],[88.17785,26.80991],[88.17707,26.80484],[88.17862,26.79893],[88.18088,26.79621],[88.18284,26.78222],[88.18775,26.77188],[88.18728,26.76026],[88.18595,26.75676],[88.18702,26.74839],[88.18554,26.73713],[88.18426,26.73116],[88.18228,26.72762],[88.18243,26.72457],[88.18616,26.72393],[88.1919,26.72457],[88.19151,26.73177],[88.20156,26.73112],[88.19959,26.73376],[88.20311,26.73541],[88.20632,26.73711],[88.21039,26.73717],[88.20996,26.74122],[88.20624,26.74129],[88.2056,26.74345],[88.21025,26.74284]]]},"properties":{"District":"Darjiling","Dist_LGD":"327","Sub_dist":"Naxalbari","Subdis_LGD":"2163","Subdis_Typ":"Cd_Block","Vill_name":"Mechi Forest","Vill_Cat":"Rural","Vill_LGD":"306568","arr_project":"asha2"}},
{"type":"Feature","geometry":{"type":"Polygon","coordinates":[[[88.31749,26.95806],[88.31157,26.95934],[88.30814,26.95664],[88.30939,26.95385],[88.31017,26.94693],[88.31023,26.93853],[88.31247,26.92962],[88.31198,26.92566],[88.31173,26.92363],[88.31668,26.91973],[88.32302,26.91337],[88.32699,26.90848],[88.3148,26.90153],[88.31448,26.9009],[88.31475,26.89998],[88.32378,26.90211],[88.32786,26.9004],[88.32903,26.89405],[88.32641,26.8892],[88.3326,26.88981],[88.33662,26.88919],[88.33604,26.89116],[88.33028,26.89889],[88.3428,26.9036],[88.34317,26.9117],[88.34061,26.92095],[88.34266,26.9215],[88.34126,26.92257],[88.33197,26.93342],[88.32219,26.94509],[88.31907,26.94866],[88.31749,26.95806]],[[88.33178,26.92482],[88.3337,26.92785],[88.33654,26.92744],[88.33691,26.92502],[88.33178,26.92482]],[[88.32657,26.92288],[88.33003,26.92329],[88.32987,26.91974],[88.32615,26.92035],[88.32657,26.92288]],[[88.33128,26.91966],[88.33141,26.9236],[88.33559,26.921],[88.33128,26.91966]],[[88.33711,26.92049],[88.33672,26.92229],[88.33941,26.92349],[88.33945,26.91957],[88.33711,26.92049]],[[88.32558,26.91977],[88.32207,26.91915],[88.3222,26.92206],[88.32509,26.92269],[88.32558,26.91977]],[[88.33691,26.91894],[88.33833,26.91793],[88.33722,26.9159],[88.33494,26.91727],[88.33691,26.91894]],[[88.33405,26.91297],[88.33456,26.91375],[88.33584,26.91327],[88.33554,26.9122],[88.33405,26.91297]],[[88.33305,26.91245],[88.33591,26.90923],[88.33134,26.90818],[88.33305,26.91245]],[[88.32942,26.90416],[88.32795,26.9015],[88.32384,26.90338],[88.32674,26.90547],[88.32942,26.90416]]]},"properties":{"District":"Darjiling","Dist_LGD":"327","Sub_dist":"Kurseong","Subdis_LGD":"2161","Subdis_Typ":"Cd_Block","Vill_name":"Mahaldiram Forest","Vill_Cat":"Rural","Vill_LGD":"306467","arr_project":"asha2"}},
{"type":"Feature","geometry":{"type":"Polygon","coordinates":[[[88.22818,26.73217],[88.22213,26.73205],[88.22225,26.72912],[88.21991,26.72431],[88.22949,26.72415],[88.23207,26.72414],[88.23509,26.72454],[88.23692,26.72534],[88.23464,26.73154],[88.22818,26.73217]]]},"properties":{"District":"Darjiling","Dist_LGD":"327","Sub_dist":"Naxalbari","Subdis_LGD":"2163","Subdis_Typ":"Cd_Block","Vill_name":"Jamidarguri","Vill_Cat":"Rural","Vill_LGD":"306627","arr_project":"asha2"}},
{"type":"Feature","geometry":{"type":"Polygon","coordinates":[[[88.21573,26.72948],[88.22015,26.73007],[88.22013,26.73206],[88.21721,26.73159],[88.21573,26.72948]]]},"properties":{"District":"Darjiling","Dist_LGD":"327","Sub_dist":"Naxalbari","Subdis_LGD":"2163","Subdis_Typ":"Cd_Block","Vill_name":"Jhabar Chhat","Vill_Cat":"Rural","Vill_LGD":"306574","arr_project":"asha2"}},
{"type":"Feature","geometry":{"type":"Polygon","coordinates":[[[88.16896,27.06024],[88.16256,27.0694],[88.16212,27.07592],[88.15639,27.07379],[88.13883,27.06994],[88.12312,27.06707],[88.12151,27.05829],[88.13128,27.05504],[88.14184,27.05363],[88.14876,27.05181],[88.15583,27.05151],[88.16137,27.05439],[88.16417,27.05946],[88.16896,27.06024]]]},"properties":{"District":"Darjiling","Dist_LGD":"327","Sub_dist":"Darjiling Phulbazar","Subdis_LGD":"2154","Subdis_Typ":"Cd_Block","Vill_name":"Lamagaon","Vill_Cat":"Rural","Vill_LGD":"306155","arr_project":"asha2"}},
{"type":"Feature","geometry":{"type":"Polygon","coordinates":[[[88.20082,27.07244],[88.19323,27.0682],[88.1898,27.06848],[88.1833,27.07064],[88.17749,27.07389],[88.17451,27.07938],[88.16953,27.08366],[88.1633,27.09176],[88.16212,27.07592],[88.16256,27.0694],[88.16896,27.06024],[88.17803,27.06035],[88.19022,27.06394],[88.19321,27.06733],[88.19855,27.06938],[88.20082,27.07244]]]},"properties":{"District":"Darjiling","Dist_LGD":"327","Sub_dist":"Darjiling Phulbazar","Subdis_LGD":"2154","Subdis_Typ":"Cd_Block","Vill_name":"Kaijalia","Vill_Cat":"Rural","Vill_LGD":"306157","arr_project":"asha2"}},
{"type":"Feature","geometry":{"type":"Polygon","coordinates":[[[88.1633,27.09176],[88.16486,27.09883],[88.16378,27.10013],[88.15721,27.09568],[88.14985,27.09277],[88.14401,27.09121],[88.13849,27.09165],[88.13399,27.08711],[88.13084,27.08244],[88.12312,27.06707],[88.13883,27.06994],[88.15639,27.07379],[88.16212,27.07592],[88.1633,27.09176]]]},"properties":{"District":"Darjiling","Dist_LGD":"327","Sub_dist":"Darjiling Phulbazar","Subdis_LGD":"2154","Subdis_Typ":"Cd_Block","Vill_name":"Jhepi","Vill_Cat":"Rural","Vill_LGD":"306154","arr_project":"asha2"}},
{"type":"Feature","geometry":{"type":"Polygon","coordinates":[[[88.20624,27.0744],[88.20031,27.07599],[88.19558,27.08016],[88.19237,27.08546],[88.18897,27.09424],[88.19714,27.10462],[88.19795,27.11158],[88.19187,27.11672],[88.18492,27.11229],[88.18543,27.10663],[88.18454,27.10525],[88.18396,27.09757],[88.17267,27.10075],[88.16329,27.10578],[88.16378,27.10013],[88.16486,27.09883],[88.1633,27.09176],[88.16953,27.08366],[88.17451,27.07938],[88.17749,27.07389],[88.1833,27.07064],[88.1898,27.06848],[88.19323,27.0682],[88.20082,27.07244],[88.20624,27.0744]]]},"properties":{"District":"Darjiling","Dist_LGD":"327","Sub_dist":"Darjiling Phulbazar","Subdis_LGD":"2154","Subdis_Typ":"Cd_Block","Vill_name":"Samalbong","Vill_Cat":"Rural","Vill_LGD":"306158","arr_project":"asha2"}},
{"type":"Feature","geometry":{"type":"Polygon","coordinates":[[[88.19795,27.11158],[88.19714,27.10462],[88.20417,27.10189],[88.20992,27.09421],[88.21236,27.08286],[88.21436,27.08086],[88.21853,27.08051],[88.22394,27.08583],[88.22598,27.08661],[88.22819,27.09336],[88.22987,27.09441],[88.23118,27.09931],[88.23445,27.09938],[88.23668,27.10276],[88.2405,27.10455],[88.24426,27.10263],[88.24548,27.10681],[88.2484,27.10647],[88.24963,27.10965],[88.25275,27.11133],[88.2545,27.10909],[88.26099,27.11406],[88.26755,27.11061],[88.26826,27.11358],[88.27253,27.11127],[88.27526,27.11472],[88.28296,27.11851],[88.28794,27.11703],[88.29029,27.12785],[88.28609,27.12665],[88.28383,27.12747],[88.27901,27.13187],[88.2738,27.13042],[88.27248,27.12815],[88.26839,27.12951],[88.26566,27.12768],[88.26278,27.12784],[88.25605,27.1245],[88.24858,27.12435],[88.24278,27.11982],[88.23766,27.11911],[88.22943,27.11904],[88.22923,27.11749],[88.21956,27.10663],[88.21668,27.1045],[88.20962,27.10383],[88.19795,27.11158]]]},"properties":{"District":"Darjiling","Dist_LGD":"327","Sub_dist":"Darjiling Phulbazar","Subdis_LGD":"2154","Subdis_Typ":"Cd_Block","Vill_name":"Goke","Vill_Cat":"Rural","Vill_LGD":"306162","arr_project":"asha2"}},
{"type":"Feature","geometry":{"type":"Polygon","coordinates":[[[88.21436,27.08086],[88.21236,27.08286],[88.20992,27.09421],[88.20417,27.10189],[88.19714,27.10462],[88.18897,27.09424],[88.19237,27.08546],[88.19558,27.08016],[88.20031,27.07599],[88.20624,27.0744],[88.20847,27.07514],[88.21094,27.08072],[88.21436,27.08086]]]},"properties":{"District":"Darjiling","Dist_LGD":"327","Sub_dist":"Darjiling Phulbazar","Subdis_LGD":"2154","Subdis_Typ":"Cd_Block","Vill_name":"Bijanbari","Vill_Cat":"Rural","Vill_LGD":"306163","arr_project":"asha2"}},
{"type":"Feature","geometry":{"type":"Polygon","coordinates":[[[88.22943,27.11904],[88.21932,27.12564],[88.21945,27.12847],[88.21618,27.13144],[88.21245,27.13014],[88.20431,27.13337],[88.20189,27.13145],[88.19564,27.13433],[88.19187,27.11672],[88.19795,27.11158],[88.20962,27.10383],[88.21668,27.1045],[88.21956,27.10663],[88.22923,27.11749],[88.22943,27.11904]]]},"properties":{"District":"Darjiling","Dist_LGD":"327","Sub_dist":"Darjiling Phulbazar","Subdis_LGD":"2154","Subdis_Typ":"Cd_Block","Vill_name":"Karmi","Vill_Cat":"Rural","Vill_LGD":"306161","arr_project":"asha2"}},
{"type":"Feature","geometry":{"type":"Polygon","coordinates":[[[88.26516,27.02584],[88.26306,27.02081],[88.2664,27.02074],[88.26953,27.02135],[88.27033,27.02371],[88.26882,27.02895],[88.26516,27.02584]]]},"properties":{"District":"Darjiling","Dist_LGD":"327","Sub_dist":"Darjiling Phulbazar","Subdis_LGD":"2154","Subdis_Typ":"Cd_Block","Vill_name":"Alubari Tea Garden","Vill_Cat":"Others","Vill_LGD":"306184","arr_project":"asha2"}},
{"type":"Feature","geometry":{"type":"Polygon","coordinates":[[[88.12174,26.98841],[88.12476,26.98924],[88.12859,26.99387],[88.13556,26.99878],[88.1357,27.00272],[88.13818,27.00613],[88.14142,27.00756],[88.13786,27.00835],[88.12774,27.00862],[88.11857,27.01322],[88.11164,27.01742],[88.11021,27.01539],[88.10944,27.00928],[88.11209,27.00748],[88.1167,26.99876],[88.11568,26.99321],[88.11624,26.99048],[88.12174,26.98841]]]},"properties":{"District":"Darjiling","Dist_LGD":"327","Sub_dist":"Darjiling Phulbazar","Subdis_LGD":"2154","Subdis_Typ":"Cd_Block","Vill_name":"Majua","Vill_Cat":"Rural","Vill_LGD":"306152","arr_project":"asha2"}},
{"type":"Feature","geometry":{"type":"Polygon","coordinates":[[[88.10612,27.07576],[88.10423,27.08266],[88.10361,27.08909],[88.10434,27.09192],[88.09744,27.08878],[88.09307,27.08463],[88.0849,27.08014],[88.08249,27.07814],[88.06713,27.07211],[88.06718,27.0686],[88.06878,27.06774],[88.07609,27.06857],[88.08029,27.06814],[88.08148,27.06154],[88.08487,27.06096],[88.08913,27.06491],[88.08935,27.06951],[88.09426,27.07116],[88.10441,27.07661],[88.10612,27.07576]]]},"properties":{"District":"Darjiling","Dist_LGD":"327","Sub_dist":"Darjiling Phulbazar","Subdis_LGD":"2154","Subdis_Typ":"Cd_Block","Vill_name":"Hatta","Vill_Cat":"Rural","Vill_LGD":"306149","arr_project":"asha2"}},
{"type":"Feature","geometry":{"type":"Polygon","coordinates":[[[88.10434,27.09192],[88.10595,27.0933],[88.09386,27.09675],[88.0888,27.09966],[88.07902,27.09353],[88.07216,27.08526],[88.07205,27.08254],[88.06617,27.08098],[88.06463,27.07278],[88.06213,27.07148],[88.06252,27.06755],[88.06718,27.0686],[88.06713,27.07211],[88.08249,27.07814],[88.0849,27.08014],[88.09307,27.08463],[88.09744,27.08878],[88.10434,27.09192]]]},"properties":{"District":"Darjiling","Dist_LGD":"327","Sub_dist":"Darjiling Phulbazar","Subdis_LGD":"2154","Subdis_Typ":"Cd_Block","Vill_name":"Lodhama","Vill_Cat":"Rural","Vill_LGD":"306148","arr_project":"asha2"}},
{"type":"Feature","geometry":{"type":"Polygon","coordinates":[[[88.10595,27.0933],[88.11515,27.10018],[88.10474,27.10256],[88.1008,27.10399],[88.0964,27.10724],[88.09419,27.11096],[88.09438,27.10675],[88.09261,27.10344],[88.0888,27.09966],[88.09386,27.09675],[88.10595,27.0933]]]},"properties":{"District":"Darjiling","Dist_LGD":"327","Sub_dist":"Darjiling Phulbazar","Subdis_LGD":"2154","Subdis_Typ":"Cd_Block","Vill_name":"Namla","Vill_Cat":"Rural","Vill_LGD":"306147","arr_project":"asha2"}},
{"type":"Feature","geometry":{"type":"Polygon","coordinates":[[[88.11515,27.10018],[88.10595,27.0933],[88.10434,27.09192],[88.10361,27.08909],[88.10423,27.08266],[88.10612,27.07576],[88.10844,27.07862],[88.11372,27.08246],[88.11738,27.08289],[88.12045,27.08688],[88.11955,27.08852],[88.12205,27.09212],[88.13134,27.09031],[88.13849,27.09165],[88.14401,27.09121],[88.14985,27.09277],[88.15721,27.09568],[88.16378,27.10013],[88.16329,27.10578],[88.16009,27.10542],[88.15601,27.11001],[88.15178,27.10958],[88.15065,27.11309],[88.14531,27.11177],[88.13025,27.10496],[88.1184,27.10161],[88.11515,27.10018]]]},"properties":{"District":"Darjiling","Dist_LGD":"327","Sub_dist":"Darjiling Phulbazar","Subdis_LGD":"2154","Subdis_Typ":"Cd_Block","Vill_name":"Kankibong","Vill_Cat":"Rural","Vill_LGD":"306153","arr_project":"asha2"}},
{"type":"Feature","geometry":{"type":"Polygon","coordinates":[[[88.24755,27.06572],[88.24001,27.06889],[88.23339,27.06835],[88.22943,27.06656],[88.23338,27.06325],[88.23779,27.0636],[88.24825,27.06132],[88.24755,27.06572]]]},"properties":{"District":"Darjiling","Dist_LGD":"327","Sub_dist":"Darjiling Phulbazar","Subdis_LGD":"2154","Subdis_Typ":"Cd_Block","Vill_name":"Sum Forest","Vill_Cat":"Rural","Vill_LGD":"306176","arr_project":"asha2"}},
{"type":"Feature","geometry":{"type":"Polygon","coordinates":[[[88.2514,27.06968],[88.2528,27.07386],[88.25273,27.07728],[88.24719,27.07215],[88.24946,27.06832],[88.2514,27.06968]]]},"properties":{"District":"Darjiling","Dist_LGD":"327","Sub_dist":"Darjiling Phulbazar","Subdis_LGD":"2154","Subdis_Typ":"Cd_Block","Vill_name":"Patliabas Forest","Vill_Cat":"Rural","Vill_LGD":"306172","arr_project":"asha2"}},
{"type":"Feature","geometry":{"type":"Polygon","coordinates":[[[88.28319,27.10534],[88.28742,27.10328],[88.29199,27.10431],[88.29442,27.10878],[88.29744,27.1092],[88.29771,27.11186],[88.30621,27.1099],[88.31416,27.11141],[88.31715,27.11027],[88.32114,27.1108],[88.32248,27.11318],[88.32285,27.11764],[88.31645,27.12179],[88.31591,27.12557],[88.31153,27.12501],[88.30229,27.12929],[88.29918,27.12833],[88.29722,27.12518],[88.29029,27.12785],[88.28794,27.11703],[88.28296,27.11851],[88.27526,27.11472],[88.28319,27.10534]]]},"properties":{"District":"Darjiling","Dist_LGD":"327","Sub_dist":"Darjiling Phulbazar","Subdis_LGD":"2154","Subdis_Typ":"Cd_Block","Vill_name":"Singla Tea Garden","Vill_Cat":"Others","Vill_LGD":"306166","arr_project":"asha2"}},
{"type":"Feature","geometry":{"type":"Polygon","coordinates":[[[88.2705,27.09631],[88.27312,27.10024],[88.27734,27.10155],[88.28319,27.10534],[88.27526,27.11472],[88.27253,27.11127],[88.26826,27.11358],[88.26755,27.11061],[88.26099,27.11406],[88.26069,27.10416],[88.2675,27.09729],[88.2705,27.09631]]]},"properties":{"District":"Darjiling","Dist_LGD":"327","Sub_dist":"Darjiling Phulbazar","Subdis_LGD":"2154","Subdis_Typ":"Cd_Block","Vill_name":"Barnesbeg Tea Garden","Vill_Cat":"Others","Vill_LGD":"306165","arr_project":"asha2"}},
{"type":"Feature","geometry":{"type":"Polygon","coordinates":[[[88.19198,27.03323],[88.1946,27.03928],[88.19764,27.04153],[88.19814,27.04412],[88.18649,27.04628],[88.19035,27.04314],[88.19121,27.04035],[88.18946,27.03857],[88.19198,27.03323]]]},"properties":{"District":"Darjiling","Dist_LGD":"327","Sub_dist":"Jor Bungalow Sukhiya Pokhri","Subdis_LGD":"2159","Subdis_Typ":"Cd_Block","Vill_name":"Mary Bong Tea Garden","Vill_Cat":"Others","Vill_LGD":"306351","arr_project":"asha2"}},
{"type":"Feature","geometry":{"type":"Polygon","coordinates":[[[88.364,26.79172],[88.36297,26.79186],[88.36428,26.78989],[88.364,26.79172]]]},"properties":{"District":"Darjiling","Dist_LGD":"327","Sub_dist":"Kurseong","Subdis_LGD":"2161","Subdis_Typ":"Cd_Block","Vill_name":"Sukna","Vill_Cat":"Rural","Vill_LGD":"306445","arr_project":"asha2"}},
{"type":"Feature","geometry":{"type":"Polygon","coordinates":[[[88.29236,26.86769],[88.29711,26.86653],[88.30028,26.87255],[88.29573,26.87125],[88.29236,26.86769]]]},"properties":{"District":"Darjiling","Dist_LGD":"327","Sub_dist":"Kurseong","Subdis_LGD":"2161","Subdis_Typ":"Cd_Block","Vill_name":"North Shivakhola Tea Garden","Vill_Cat":"Others","Vill_LGD":"306455","arr_project":"asha2"}},
{"type":"Feature","geometry":{"type":"Polygon","coordinates":[[[88.27197,26.88138],[88.26609,26.88364],[88.26244,26.8773],[88.26415,26.87653],[88.27172,26.87879],[88.27197,26.88138]]]},"properties":{"District":"Darjiling","Dist_LGD":"327","Sub_dist":"Kurseong","Subdis_LGD":"2161","Subdis_Typ":"Cd_Block","Vill_name":"Karbia Tea Garden","Vill_Cat":"Others","Vill_LGD":"306424","arr_project":"asha2"}},
{"type":"Feature","geometry":{"type":"Polygon","coordinates":[[[88.27323,26.88837],[88.2695,26.8877],[88.26283,26.88902],[88.26094,26.89147],[88.25622,26.89088],[88.26125,26.88898],[88.26609,26.88364],[88.27197,26.88138],[88.27366,26.88446],[88.27323,26.88837]]]},"properties":{"District":"Darjiling","Dist_LGD":"327","Sub_dist":"Kurseong","Subdis_LGD":"2161","Subdis_Typ":"Cd_Block","Vill_name":"Montiviot Tea Garden","Vill_Cat":"Others","Vill_LGD":"306423","arr_project":"asha2"}},
{"type":"Feature","geometry":{"type":"Polygon","coordinates":[[[88.30197,26.90486],[88.30289,26.90649],[88.29242,26.90868],[88.29323,26.90213],[88.29647,26.89856],[88.30197,26.90486]]]},"properties":{"District":"Darjiling","Dist_LGD":"327","Sub_dist":"Kurseong","Subdis_LGD":"2161","Subdis_Typ":"Cd_Block","Vill_name":"Chaita Pani Tea Garden","Vill_Cat":"Others","Vill_LGD":"306460","arr_project":"asha2"}},
{"type":"Feature","geometry":{"type":"Polygon","coordinates":[[[88.29647,26.89856],[88.29323,26.90213],[88.28797,26.90145],[88.28805,26.89725],[88.2922,26.89465],[88.29647,26.89856]]]},"properties":{"District":"Darjiling","Dist_LGD":"327","Sub_dist":"Kurseong","Subdis_LGD":"2161","Subdis_Typ":"Cd_Block","Vill_name":"Goethals","Vill_Cat":"Rural","Vill_LGD":"306459","arr_project":"asha2"}},
{"type":"Feature","geometry":{"type":"Polygon","coordinates":[[[88.2922,26.89465],[88.28805,26.89725],[88.28425,26.89607],[88.28198,26.89318],[88.28387,26.89174],[88.28574,26.88935],[88.2922,26.89465]]]},"properties":{"District":"Darjiling","Dist_LGD":"327","Sub_dist":"Kurseong","Subdis_LGD":"2161","Subdis_Typ":"Cd_Block","Vill_name":"St.Marys","Vill_Cat":"Rural","Vill_LGD":"306458","arr_project":"asha2"}},
{"type":"Feature","geometry":{"type":"Polygon","coordinates":[[[88.32641,26.8892],[88.32903,26.89405],[88.32786,26.9004],[88.32378,26.90211],[88.31475,26.89998],[88.31743,26.89496],[88.32391,26.88951],[88.32641,26.8892]]]},"properties":{"District":"Darjiling","Dist_LGD":"327","Sub_dist":"Kurseong","Subdis_LGD":"2161","Subdis_Typ":"Cd_Block","Vill_name":"Jungpana Tea Garden","Vill_Cat":"Others","Vill_LGD":"306454","arr_project":"asha2"}},
{"type":"Feature","geometry":{"type":"Polygon","coordinates":[[[88.29114,26.90604],[88.28817,26.90742],[88.28427,26.90703],[88.27905,26.90874],[88.27381,26.90682],[88.27052,26.90704],[88.26712,26.90191],[88.27151,26.90138],[88.28356,26.89833],[88.28579,26.89968],[88.2848,26.90285],[88.29114,26.90604]]]},"properties":{"District":"Darjiling","Dist_LGD":"327","Sub_dist":"Kurseong","Subdis_LGD":"2161","Subdis_Typ":"Cd_Block","Vill_name":"Kharia Busty","Vill_Cat":"Rural","Vill_LGD":"306421","arr_project":"asha2"}},
{"type":"Feature","geometry":{"type":"Polygon","coordinates":[[[88.35422,26.87723],[88.35763,26.87459],[88.35918,26.8694],[88.3615,26.86705],[88.3647,26.87076],[88.36547,26.87603],[88.3641,26.88399],[88.36811,26.88996],[88.36344,26.89139],[88.36301,26.89486],[88.36398,26.89953],[88.36232,26.90579],[88.35619,26.90983],[88.35,26.90683],[88.35326,26.90442],[88.35574,26.89898],[88.35795,26.8818],[88.35422,26.87723]]]},"properties":{"District":"Darjiling","Dist_LGD":"327","Sub_dist":"Kurseong","Subdis_LGD":"2161","Subdis_Typ":"Cd_Block","Vill_name":"Simring Tea Garden","Vill_Cat":"Others","Vill_LGD":"306471","arr_project":"asha2"}},
{"type":"Feature","geometry":{"type":"Polygon","coordinates":[[[88.29546,26.91844],[88.29027,26.92005],[88.28481,26.91919],[88.28942,26.9148],[88.29546,26.91844]]]},"properties":{"District":"Darjiling","Dist_LGD":"327","Sub_dist":"Kurseong","Subdis_LGD":"2161","Subdis_Typ":"Cd_Block","Vill_name":"Edenvale Tea Garden","Vill_Cat":"Others","Vill_LGD":"306419","arr_project":"asha2"}},
{"type":"Feature","geometry":{"type":"Polygon","coordinates":[[[88.33308,26.9529],[88.32908,26.95608],[88.32586,26.95727],[88.31793,26.95803],[88.31749,26.95806],[88.31907,26.94866],[88.32219,26.94509],[88.32547,26.94717],[88.33086,26.94811],[88.33308,26.9529]]]},"properties":{"District":"Darjiling","Dist_LGD":"327","Sub_dist":"Kurseong","Subdis_LGD":"2161","Subdis_Typ":"Cd_Block","Vill_name":"Upper Mamring Khasmahal","Vill_Cat":"Rural","Vill_LGD":"306464","arr_project":"asha2"}},
{"type":"Feature","geometry":{"type":"Polygon","coordinates":[[[88.34324,26.94957],[88.33308,26.9529],[88.33086,26.94811],[88.32547,26.94717],[88.32219,26.94509],[88.33197,26.93342],[88.33614,26.93806],[88.33985,26.94077],[88.34324,26.94957]]]},"properties":{"District":"Darjiling","Dist_LGD":"327","Sub_dist":"Kurseong","Subdis_LGD":"2161","Subdis_Typ":"Cd_Block","Vill_name":"Lower Mamring Khasmahal","Vill_Cat":"Rural","Vill_LGD":"306465","arr_project":"asha2"}},
{"type":"Feature","geometry":{"type":"Polygon","coordinates":[[[88.33543,26.50175],[88.32787,26.50322],[88.32779,26.50642],[88.3196,26.50409],[88.3162,26.50011],[88.31401,26.49978],[88.31357,26.49946],[88.32326,26.49624],[88.32693,26.49581],[88.33543,26.49724],[88.33774,26.50051],[88.33543,26.50175]]]},"properties":{"District":"Darjiling","Dist_LGD":"327","Sub_dist":"Phansidewa","Subdis_LGD":"2164","Subdis_Typ":"Cd_Block","Vill_name":"Purbba Bansgaonchakla","Vill_Cat":"Rural","Vill_LGD":"306778","arr_project":"asha2"}},
{"type":"Feature","geometry":{"type":"Polygon","coordinates":[[[88.33543,26.50175],[88.33402,26.50681],[88.33601,26.52415],[88.33545,26.52754],[88.33614,26.53642],[88.32574,26.53556],[88.32185,26.536],[88.31735,26.53659],[88.31296,26.53941],[88.30751,26.53852],[88.30678,26.5354],[88.30231,26.52874],[88.29234,26.53191],[88.29108,26.52632],[88.29573,26.52514],[88.296,26.52105],[88.28777,26.52143],[88.28781,26.51536],[88.29435,26.51599],[88.29721,26.51323],[88.2964,26.51124],[88.29933,26.50794],[88.29857,26.50617],[88.31213,26.50404],[88.31442,26.50294],[88.31401,26.49978],[88.3162,26.50011],[88.3196,26.50409],[88.32779,26.50642],[88.32787,26.50322],[88.33543,26.50175]]]},"properties":{"District":"Darjiling","Dist_LGD":"327","Sub_dist":"Phansidewa","Subdis_LGD":"2164","Subdis_Typ":"Cd_Block","Vill_name":"Bansgoan Mangachh","Vill_Cat":"Rural","Vill_LGD":"306776","arr_project":"asha2"}},
{"type":"Feature","geometry":{"type":"Polygon","coordinates":[[[88.36423,26.94278],[88.3586,26.94399],[88.35581,26.9487],[88.34324,26.94957],[88.33985,26.94077],[88.33614,26.93806],[88.33197,26.93342],[88.34126,26.92257],[88.34266,26.9215],[88.34988,26.91867],[88.35778,26.91806],[88.35799,26.92225],[88.35586,26.9244],[88.355,26.92915],[88.35782,26.9371],[88.35975,26.93884],[88.3646,26.9404],[88.36423,26.94278]]]},"properties":{"District":"Darjiling","Dist_LGD":"327","Sub_dist":"Kurseong","Subdis_LGD":"2161","Subdis_Typ":"Cd_Block","Vill_name":"Toryak Khasmahal","Vill_Cat":"Rural","Vill_LGD":"306466","arr_project":"asha2"}},
{"type":"Feature","geometry":{"type":"Polygon","coordinates":[[[88.38066,26.93886],[88.38016,26.94526],[88.37586,26.94939],[88.37372,26.9457],[88.36423,26.94278],[88.3646,26.9404],[88.35975,26.93884],[88.35782,26.9371],[88.355,26.92915],[88.35586,26.9244],[88.35799,26.92225],[88.35778,26.91806],[88.36143,26.91759],[88.36752,26.91716],[88.37239,26.91464],[88.37828,26.91582],[88.38001,26.91599],[88.37799,26.92777],[88.37773,26.93469],[88.38066,26.93886]]]},"properties":{"District":"Darjiling","Dist_LGD":"327","Sub_dist":"Kurseong","Subdis_LGD":"2161","Subdis_Typ":"Cd_Block","Vill_name":"Sittong Khasmahal","Vill_Cat":"Rural","Vill_LGD":"306473","arr_project":"asha2"}},
{"type":"Feature","geometry":{"type":"Polygon","coordinates":[[[88.42441,26.9577],[88.42298,26.95723],[88.41736,26.96225],[88.41644,26.96188],[88.41457,26.96157],[88.41164,26.94832],[88.41112,26.93899],[88.42013,26.94333],[88.42095,26.94432],[88.42161,26.95208],[88.42441,26.9577]]]},"properties":{"District":"Darjiling","Dist_LGD":"327","Sub_dist":"Kurseong","Subdis_LGD":"2161","Subdis_Typ":"Cd_Block","Vill_name":"Lanku Khasmahal","Vill_Cat":"Rural","Vill_LGD":"306478","arr_project":"asha2"}},
{"type":"Feature","geometry":{"type":"Polygon","coordinates":[[[88.41112,26.93899],[88.41164,26.94832],[88.41457,26.96157],[88.41176,26.9615],[88.40577,26.96057],[88.40488,26.95704],[88.39594,26.94672],[88.3993,26.93904],[88.40371,26.935],[88.40687,26.93684],[88.41112,26.93899]]]},"properties":{"District":"Darjiling","Dist_LGD":"327","Sub_dist":"Kurseong","Subdis_LGD":"2161","Subdis_Typ":"Cd_Block","Vill_name":"Rolak Khasmahal","Vill_Cat":"Rural","Vill_LGD":"306477","arr_project":"asha2"}},
{"type":"Feature","geometry":{"type":"Polygon","coordinates":[[[88.37799,26.92777],[88.38001,26.91599],[88.37828,26.91582],[88.38893,26.9149],[88.39194,26.92341],[88.39652,26.92777],[88.39764,26.93005],[88.40371,26.935],[88.3993,26.93904],[88.38959,26.93565],[88.38282,26.92854],[88.37799,26.92777]]]},"properties":{"District":"Darjiling","Dist_LGD":"327","Sub_dist":"Kurseong","Subdis_LGD":"2161","Subdis_Typ":"Cd_Block","Vill_name":"Selpu Khasmahal","Vill_Cat":"Rural","Vill_LGD":"306476","arr_project":"asha2"}},
{"type":"Feature","geometry":{"type":"Polygon","coordinates":[[[88.38066,26.93886],[88.37773,26.93469],[88.37799,26.92777],[88.38282,26.92854],[88.38959,26.93565],[88.3993,26.93904],[88.39594,26.94672],[88.39477,26.93937],[88.39174,26.93792],[88.38066,26.93886]]]},"properties":{"District":"Darjiling","Dist_LGD":"327","Sub_dist":"Kurseong","Subdis_LGD":"2161","Subdis_Typ":"Cd_Block","Vill_name":"Bara Sittong Khasmahal","Vill_Cat":"Rural","Vill_LGD":"306474","arr_project":"asha2"}},
{"type":"Feature","geometry":{"type":"Polygon","coordinates":[[[88.35863,26.53527],[88.35414,26.53549],[88.35029,26.5373],[88.33998,26.53618],[88.33614,26.53642],[88.33545,26.52754],[88.33601,26.52415],[88.33402,26.50681],[88.33543,26.50175],[88.33774,26.50051],[88.34302,26.50291],[88.34948,26.50911],[88.35307,26.51592],[88.35191,26.5232],[88.35464,26.5266],[88.35939,26.53007],[88.35863,26.53527]]]},"properties":{"District":"Darjiling","Dist_LGD":"327","Sub_dist":"Phansidewa","Subdis_LGD":"2164","Subdis_Typ":"Cd_Block","Vill_name":"Purba Bansgaon","Vill_Cat":"Rural","Vill_LGD":"306779","arr_project":"asha2"}},
{"type":"Feature","geometry":{"type":"Polygon","coordinates":[[[88.35029,26.5373],[88.35414,26.53549],[88.35863,26.53527],[88.35729,26.5402],[88.3578,26.54341],[88.3631,26.5502],[88.36526,26.55188],[88.36553,26.55583],[88.37048,26.55952],[88.37128,26.5633],[88.36584,26.56325],[88.36177,26.56196],[88.34986,26.56132],[88.34834,26.55326],[88.34884,26.54414],[88.35029,26.5373]]]},"properties":{"District":"Darjiling","Dist_LGD":"327","Sub_dist":"Phansidewa","Subdis_LGD":"2164","Subdis_Typ":"Cd_Block","Vill_name":"Bansh Gaon Mangachh","Vill_Cat":"Rural","Vill_LGD":"306763","arr_project":"asha2"}},
{"type":"Feature","geometry":{"type":"Polygon","coordinates":[[[88.32393,26.5491],[88.31817,26.54821],[88.31558,26.54923],[88.30917,26.54962],[88.29968,26.5519],[88.30445,26.54649],[88.29953,26.54569],[88.29968,26.53748],[88.2955,26.53814],[88.29234,26.53191],[88.30231,26.52874],[88.30678,26.5354],[88.30751,26.53852],[88.31296,26.53941],[88.31735,26.53659],[88.32185,26.536],[88.32344,26.54348],[88.32393,26.5491]]]},"properties":{"District":"Darjiling","Dist_LGD":"327","Sub_dist":"Phansidewa","Subdis_LGD":"2164","Subdis_Typ":"Cd_Block","Vill_name":"Paschim Banshgaon","Vill_Cat":"Rural","Vill_LGD":"306775","arr_project":"asha2"}},
{"type":"Feature","geometry":{"type":"Polygon","coordinates":[[[88.27002,26.86962],[88.26338,26.8663],[88.2612,26.86127],[88.26783,26.86223],[88.26982,26.86149],[88.27165,26.86684],[88.27002,26.86962]]]},"properties":{"District":"Darjiling","Dist_LGD":"327","Sub_dist":"Kurseong","Subdis_LGD":"2161","Subdis_Typ":"Cd_Block","Vill_name":"Spring Side Tea Garden","Vill_Cat":"Others","Vill_LGD":"306426","arr_project":"asha2"}},
{"type":"Feature","geometry":{"type":"Polygon","coordinates":[[[88.36177,26.56196],[88.36584,26.56325],[88.37128,26.5633],[88.37161,26.56899],[88.37031,26.57608],[88.37403,26.57915],[88.37506,26.58473],[88.37427,26.58598],[88.37138,26.58634],[88.37023,26.5827],[88.36595,26.58467],[88.3623,26.58226],[88.36411,26.57697],[88.36156,26.56732],[88.36177,26.56196]]]},"properties":{"District":"Darjiling","Dist_LGD":"327","Sub_dist":"Phansidewa","Subdis_LGD":"2164","Subdis_Typ":"Cd_Block","Vill_name":"Purbba Bansgaon Kismat","Vill_Cat":"Rural","Vill_LGD":"306761","arr_project":"asha2"}},
{"type":"Feature","geometry":{"type":"Polygon","coordinates":[[[88.31966,26.56985],[88.31313,26.57329],[88.31358,26.57072],[88.31025,26.56861],[88.3093,26.5623],[88.30665,26.55875],[88.30583,26.5553],[88.29968,26.5519],[88.30917,26.54962],[88.31558,26.54923],[88.31817,26.54821],[88.32393,26.5491],[88.32624,26.5522],[88.33115,26.55479],[88.33756,26.56029],[88.34282,26.56191],[88.34439,26.56739],[88.34068,26.5684],[88.3257,26.56685],[88.32195,26.56722],[88.31966,26.56985]]]},"properties":{"District":"Darjiling","Dist_LGD":"327","Sub_dist":"Phansidewa","Subdis_LGD":"2164","Subdis_Typ":"Cd_Block","Vill_name":"Paschim Bansgaon Kismat","Vill_Cat":"Rural","Vill_LGD":"306765","arr_project":"asha2"}},
{"type":"Feature","geometry":{"type":"Polygon","coordinates":[[[88.35581,26.9487],[88.35552,26.9518],[88.35037,26.95653],[88.35013,26.96151],[88.34538,26.96374],[88.34142,26.9633],[88.33462,26.96427],[88.33088,26.96299],[88.32184,26.96171],[88.31793,26.95803],[88.32586,26.95727],[88.32908,26.95608],[88.33308,26.9529],[88.34324,26.94957],[88.35581,26.9487]]]},"properties":{"District":"Darjiling","Dist_LGD":"327","Sub_dist":"Rangoli And Rangliot","Subdis_LGD":"2155","Subdis_Typ":"Cd_Block","Vill_name":"Labdah Khasmahal","Vill_Cat":"Rural","Vill_LGD":"306218","arr_project":"asha2"}},
{"type":"Feature","geometry":{"type":"MultiPolygon","coordinates":[[[[88.41176,26.9615],[88.40983,26.96514],[88.40579,26.96518],[88.40316,26.96174],[88.40577,26.96057],[88.41176,26.9615]]],[[[88.41644,26.96188],[88.41736,26.96225],[88.41938,26.96467],[88.41834,26.96878],[88.4159,26.96716],[88.41644,26.96188]]]]},"properties":{"District":"Darjiling","Dist_LGD":"327","Sub_dist":"Rangoli And Rangliot","Subdis_LGD":"2155","Subdis_Typ":"Cd_Block","Vill_name":"Rongchong Khasmahal","Vill_Cat":"Rural","Vill_LGD":"306220","arr_project":"asha2"}},
{"type":"Feature","geometry":{"type":"Polygon","coordinates":[[[88.34976,26.97255],[88.34783,26.96996],[88.35109,26.96936],[88.34976,26.97255]]]},"properties":{"District":"Darjiling","Dist_LGD":"327","Sub_dist":"Rangoli And Rangliot","Subdis_LGD":"2155","Subdis_Typ":"Cd_Block","Vill_name":"Reshep Bazar","Vill_Cat":"Rural","Vill_LGD":"306217","arr_project":"asha2"}},
{"type":"Feature","geometry":{"type":"Polygon","coordinates":[[[88.39148,26.9879],[88.39439,26.99112],[88.39969,26.99454],[88.40509,27.00005],[88.40796,27.00432],[88.41575,27.0099],[88.42284,27.00827],[88.42191,27.01524],[88.41498,27.02439],[88.40877,27.02521],[88.40305,27.02341],[88.39808,27.02304],[88.3939,27.02136],[88.38979,27.02158],[88.3935,27.01284],[88.39372,27.00706],[88.3901,27.00103],[88.38416,26.99346],[88.38023,26.99233],[88.37698,26.99329],[88.38386,26.98834],[88.39148,26.9879]],[[88.40418,27.00375],[88.40533,27.00287],[88.40319,27.00301],[88.40418,27.00375]]]},"properties":{"District":"Darjiling","Dist_LGD":"327","Sub_dist":"Rangoli And Rangliot","Subdis_LGD":"2155","Subdis_Typ":"Cd_Block","Vill_name":"Teesta Valley Tea Garden","Vill_Cat":"Others","Vill_LGD":"306215","arr_project":"asha2"}},
{"type":"Feature","geometry":{"type":"Polygon","coordinates":[[[88.22872,26.80179],[88.22889,26.79929],[88.2347,26.80048],[88.23433,26.80433],[88.23186,26.80478],[88.22872,26.80179]]]},"properties":{"District":"Darjiling","Dist_LGD":"327","Sub_dist":"Mirik","Subdis_LGD":"2160","Subdis_Typ":"Cd_Block","Vill_name":"Panighata Manager'S Bunglow","Vill_Cat":"Rural","Vill_LGD":"306409","arr_project":"asha2"}},
{"type":"Feature","geometry":{"type":"Polygon","coordinates":[[[88.33669,26.75655],[88.32797,26.76055],[88.32887,26.75552],[88.33092,26.7527],[88.33687,26.75153],[88.34206,26.75229],[88.33669,26.75655]]]},"properties":{"District":"Darjiling","Dist_LGD":"327","Sub_dist":"Matigara","Subdis_LGD":"2162","Subdis_Typ":"Cd_Block","Vill_name":"Fulbari Pataner Chhat","Vill_Cat":"Rural","Vill_LGD":"306502","arr_project":"asha2"}},
{"type":"Feature","geometry":{"type":"Polygon","coordinates":[[[88.35349,26.75882],[88.34328,26.75838],[88.34094,26.75737],[88.33705,26.75863],[88.33669,26.75655],[88.34206,26.75229],[88.344,26.7512],[88.34514,26.74663],[88.3512,26.74718],[88.35358,26.74507],[88.35629,26.74822],[88.35558,26.75507],[88.35349,26.75882]]]},"properties":{"District":"Darjiling","Dist_LGD":"327","Sub_dist":"Matigara","Subdis_LGD":"2162","Subdis_Typ":"Cd_Block","Vill_name":"Panchakulguri","Vill_Cat":"Rural","Vill_LGD":"306540","arr_project":"asha2"}},
{"type":"Feature","geometry":{"type":"Polygon","coordinates":[[[88.34074,26.74149],[88.34588,26.74088],[88.34442,26.74242],[88.34514,26.74663],[88.344,26.7512],[88.34206,26.75229],[88.33687,26.75153],[88.33092,26.7527],[88.32834,26.75205],[88.33031,26.75041],[88.33972,26.74533],[88.34074,26.74149]]]},"properties":{"District":"Darjiling","Dist_LGD":"327","Sub_dist":"Matigara","Subdis_LGD":"2162","Subdis_Typ":"Cd_Block","Vill_name":"Gouri","Vill_Cat":"Rural","Vill_LGD":"306541","arr_project":"asha2"}},
{"type":"Feature","geometry":{"type":"Polygon","coordinates":[[[88.33071,26.73871],[88.32615,26.74271],[88.32152,26.74203],[88.32299,26.73675],[88.32494,26.73671],[88.32759,26.73873],[88.33071,26.73871]]]},"properties":{"District":"Darjiling","Dist_LGD":"327","Sub_dist":"Naxalbari","Subdis_LGD":"2163","Subdis_Typ":"Cd_Block","Vill_name":"Tarabari","Vill_Cat":"Rural","Vill_LGD":"306645","arr_project":"asha2"}},
{"type":"Feature","geometry":{"type":"Polygon","coordinates":[[[88.33071,26.73871],[88.33456,26.73963],[88.33769,26.74214],[88.32955,26.74699],[88.32615,26.74271],[88.33071,26.73871]]]},"properties":{"District":"Darjiling","Dist_LGD":"327","Sub_dist":"Matigara","Subdis_LGD":"2162","Subdis_Typ":"Cd_Block","Vill_name":"Dumriguri Chhat","Vill_Cat":"Rural","Vill_LGD":"306544","arr_project":"asha2"}},
{"type":"Feature","geometry":{"type":"Polygon","coordinates":[[[88.34074,26.74149],[88.33769,26.74214],[88.33456,26.73963],[88.33071,26.73871],[88.32759,26.73873],[88.32494,26.73671],[88.32765,26.73459],[88.33795,26.73513],[88.34095,26.73746],[88.34707,26.73981],[88.34588,26.74088],[88.34074,26.74149]]]},"properties":{"District":"Darjiling","Dist_LGD":"327","Sub_dist":"Matigara","Subdis_LGD":"2162","Subdis_Typ":"Cd_Block","Vill_name":"Bataliguri","Vill_Cat":"Rural","Vill_LGD":"306545","arr_project":"asha2"}},
{"type":"Feature","geometry":{"type":"Polygon","coordinates":[[[88.32765,26.73459],[88.33207,26.72553],[88.33489,26.7242],[88.33576,26.7316],[88.33945,26.73249],[88.33795,26.73513],[88.32765,26.73459]]]},"properties":{"District":"Darjiling","Dist_LGD":"327","Sub_dist":"Matigara","Subdis_LGD":"2162","Subdis_Typ":"Cd_Block","Vill_name":"Lachka","Vill_Cat":"Rural","Vill_LGD":"306546","arr_project":"asha2"}},
{"type":"Feature","geometry":{"type":"Polygon","coordinates":[[[88.36251,26.70848],[88.37166,26.71004],[88.37585,26.70346],[88.38344,26.706],[88.37709,26.71886],[88.36679,26.71831],[88.36181,26.7165],[88.36333,26.71328],[88.36251,26.70848]]]},"properties":{"District":"Darjiling","Dist_LGD":"327","Sub_dist":"Matigara","Subdis_LGD":"2162","Subdis_Typ":"Cd_Block","Vill_name":"Jitu (Ct)","Vill_Cat":"Partly_Urban","Vill_LGD":"306565","arr_project":"asha2"}},
{"type":"Feature","geometry":{"type":"Polygon","coordinates":[[[88.35211,26.70209],[88.35482,26.70253],[88.36292,26.69352],[88.37523,26.69568],[88.37491,26.69932],[88.37751,26.69984],[88.37585,26.70346],[88.37166,26.71004],[88.36251,26.70848],[88.36185,26.70682],[88.35565,26.70678],[88.3513,26.70468],[88.35211,26.70209]]]},"properties":{"District":"Darjiling","Dist_LGD":"327","Sub_dist":"Matigara","Subdis_LGD":"2162","Subdis_Typ":"Cd_Block","Vill_name":"Bara Mohansingh (Ct)","Vill_Cat":"Partly_Urban","Vill_LGD":"306567","arr_project":"asha2"}},
{"type":"Feature","geometry":{"type":"Polygon","coordinates":[[[88.38344,26.706],[88.3903,26.70689],[88.39284,26.70566],[88.39438,26.71033],[88.39206,26.71313],[88.38933,26.71732],[88.38309,26.71988],[88.38325,26.72316],[88.38224,26.72674],[88.37539,26.72518],[88.376,26.72169],[88.37709,26.71886],[88.38344,26.706]]]},"properties":{"District":"Darjiling","Dist_LGD":"327","Sub_dist":"Matigara","Subdis_LGD":"2162","Subdis_Typ":"Cd_Block","Vill_name":"Mathapari (Ct)","Vill_Cat":"Partly_Urban","Vill_LGD":"306566","arr_project":"asha2"}},
{"type":"Feature","geometry":{"type":"Polygon","coordinates":[[[88.38325,26.72316],[88.38309,26.71988],[88.38933,26.71732],[88.38904,26.72123],[88.38606,26.72351],[88.38325,26.72316]]]},"properties":{"District":"Darjiling","Dist_LGD":"327","Sub_dist":"Matigara","Subdis_LGD":"2162","Subdis_Typ":"Cd_Block","Vill_name":"Matigarahat (Ct)","Vill_Cat":"Partly_Urban","Vill_LGD":"306556","arr_project":"asha2"}},
{"type":"Feature","geometry":{"type":"Polygon","coordinates":[[[88.39965,26.73165],[88.39833,26.73276],[88.39173,26.73157],[88.39093,26.73391],[88.38752,26.73461],[88.38,26.7341],[88.38224,26.72674],[88.38325,26.72316],[88.38606,26.72351],[88.38904,26.72123],[88.38933,26.71732],[88.39206,26.71313],[88.39425,26.71668],[88.39857,26.71788],[88.39705,26.72068],[88.39413,26.72329],[88.39511,26.72723],[88.39959,26.72903],[88.39965,26.73165]]]},"properties":{"District":"Darjiling","Dist_LGD":"327","Sub_dist":"Matigara","Subdis_LGD":"2162","Subdis_Typ":"Cd_Block","Vill_name":"Gaurcharan (Ct)","Vill_Cat":"Partly_Urban","Vill_LGD":"306557","arr_project":"asha2"}},
{"type":"Feature","geometry":{"type":"Polygon","coordinates":[[[88.40847,26.7081],[88.40103,26.70697],[88.39913,26.71031],[88.39438,26.71033],[88.39284,26.70566],[88.39668,26.70352],[88.39733,26.69724],[88.39907,26.69245],[88.4014,26.69124],[88.40165,26.69308],[88.40983,26.69952],[88.40784,26.70278],[88.40847,26.7081]]]},"properties":{"District":"Darjiling","Dist_LGD":"327","Sub_dist":"Matigara","Subdis_LGD":"2162","Subdis_Typ":"Cd_Block","Vill_name":"Patiram (Ct)","Vill_Cat":"Partly_Urban","Vill_LGD":"306554","arr_project":"asha2"}},
{"type":"Feature","geometry":{"type":"Polygon","coordinates":[[[88.36524,26.69126],[88.37093,26.68706],[88.37682,26.69017],[88.37952,26.69308],[88.37928,26.69455],[88.37523,26.69568],[88.36292,26.69352],[88.36524,26.69126]]]},"properties":{"District":"Darjiling","Dist_LGD":"327","Sub_dist":"Matigara","Subdis_LGD":"2162","Subdis_Typ":"Cd_Block","Vill_name":"Kawakhari","Vill_Cat":"Rural","Vill_LGD":"306549","arr_project":"asha2"}},
{"type":"Feature","geometry":{"type":"Polygon","coordinates":[[[88.37523,26.69568],[88.37928,26.69455],[88.38183,26.69587],[88.39347,26.6983],[88.39733,26.69724],[88.39668,26.70352],[88.39284,26.70566],[88.3903,26.70689],[88.38344,26.706],[88.37585,26.70346],[88.37751,26.69984],[88.37491,26.69932],[88.37523,26.69568]]]},"properties":{"District":"Darjiling","Dist_LGD":"327","Sub_dist":"Matigara","Subdis_LGD":"2162","Subdis_Typ":"Cd_Block","Vill_name":"Kalam (Ct)","Vill_Cat":"Partly_Urban","Vill_LGD":"306553","arr_project":"asha2"}},
{"type":"Feature","geometry":{"type":"Polygon","coordinates":[[[88.39733,26.69724],[88.39347,26.6983],[88.38183,26.69587],[88.37928,26.69455],[88.37952,26.69308],[88.3813,26.69352],[88.38663,26.69069],[88.38744,26.68769],[88.39098,26.68642],[88.39879,26.68535],[88.4014,26.69124],[88.39907,26.69245],[88.39733,26.69724]]]},"properties":{"District":"Darjiling","Dist_LGD":"327","Sub_dist":"Matigara","Subdis_LGD":"2162","Subdis_Typ":"Cd_Block","Vill_name":"Kauakhali (Ct)","Vill_Cat":"Partly_Urban","Vill_LGD":"306552","arr_project":"asha2"}},
{"type":"Feature","geometry":{"type":"Polygon","coordinates":[[[88.36292,26.69352],[88.35482,26.70253],[88.35211,26.70209],[88.33923,26.70007],[88.33977,26.69731],[88.34162,26.69377],[88.34059,26.68577],[88.34627,26.68485],[88.35825,26.68548],[88.35929,26.69026],[88.36524,26.69126],[88.36292,26.69352]]]},"properties":{"District":"Darjiling","Dist_LGD":"327","Sub_dist":"Naxalbari","Subdis_LGD":"2163","Subdis_Typ":"Cd_Block","Vill_name":"Lalmon (Ct)","Vill_Cat":"Partly_Urban","Vill_LGD":"306665","arr_project":"asha2"}},
{"type":"Feature","geometry":{"type":"Polygon","coordinates":[[[88.33977,26.69731],[88.33473,26.69772],[88.33709,26.69381],[88.34162,26.69377],[88.33977,26.69731]]]},"properties":{"District":"Darjiling","Dist_LGD":"327","Sub_dist":"Naxalbari","Subdis_LGD":"2163","Subdis_Typ":"Cd_Block","Vill_name":"Bhujia Banir Chhat","Vill_Cat":"Rural","Vill_LGD":"306653","arr_project":"asha2"}},
{"type":"Feature","geometry":{"type":"Polygon","coordinates":[[[88.33473,26.69772],[88.32689,26.69818],[88.3267,26.69523],[88.32278,26.69427],[88.3212,26.69557],[88.31212,26.69371],[88.31236,26.68882],[88.31307,26.68419],[88.32309,26.68444],[88.32636,26.68163],[88.32788,26.68432],[88.32994,26.68776],[88.33016,26.69198],[88.33709,26.69381],[88.33473,26.69772]]]},"properties":{"District":"Darjiling","Dist_LGD":"327","Sub_dist":"Naxalbari","Subdis_LGD":"2163","Subdis_Typ":"Cd_Block","Vill_name":"Bhujia Bani","Vill_Cat":"Rural","Vill_LGD":"306654","arr_project":"asha2"}},
{"type":"Feature","geometry":{"type":"Polygon","coordinates":[[[88.34162,26.69377],[88.33709,26.69381],[88.33016,26.69198],[88.32994,26.68776],[88.32788,26.68432],[88.33038,26.68424],[88.3301,26.67832],[88.3367,26.67564],[88.33838,26.67665],[88.3404,26.67891],[88.34059,26.68577],[88.34162,26.69377]]]},"properties":{"District":"Darjiling","Dist_LGD":"327","Sub_dist":"Naxalbari","Subdis_LGD":"2163","Subdis_Typ":"Cd_Block","Vill_name":"Putimari","Vill_Cat":"Rural","Vill_LGD":"306655","arr_project":"asha2"}},
{"type":"Feature","geometry":{"type":"Polygon","coordinates":[[[88.35855,26.683],[88.35825,26.68548],[88.34627,26.68485],[88.34059,26.68577],[88.3404,26.67891],[88.33838,26.67665],[88.33754,26.67308],[88.3469,26.67111],[88.34868,26.67195],[88.34886,26.6764],[88.35376,26.67717],[88.35498,26.67373],[88.35926,26.67777],[88.35768,26.67995],[88.35855,26.683]]]},"properties":{"District":"Darjiling","Dist_LGD":"327","Sub_dist":"Naxalbari","Subdis_LGD":"2163","Subdis_Typ":"Cd_Block","Vill_name":"Rajajhar","Vill_Cat":"Rural","Vill_LGD":"306656","arr_project":"asha2"}},
{"type":"Feature","geometry":{"type":"Polygon","coordinates":[[[88.33754,26.67308],[88.33725,26.67102],[88.33882,26.66326],[88.34029,26.66019],[88.34839,26.65839],[88.35169,26.65912],[88.35305,26.66279],[88.35704,26.66652],[88.35661,26.66883],[88.35498,26.67373],[88.35376,26.67717],[88.34886,26.6764],[88.34868,26.67195],[88.3469,26.67111],[88.33754,26.67308]]]},"properties":{"District":"Darjiling","Dist_LGD":"327","Sub_dist":"Naxalbari","Subdis_LGD":"2163","Subdis_Typ":"Cd_Block","Vill_name":"Siavita","Vill_Cat":"Rural","Vill_LGD":"306659","arr_project":"asha2"}},
{"type":"Feature","geometry":{"type":"Polygon","coordinates":[[[88.35661,26.66883],[88.35704,26.66652],[88.35305,26.66279],[88.35169,26.65912],[88.35639,26.65718],[88.36035,26.65629],[88.3614,26.65454],[88.36572,26.65431],[88.36979,26.65213],[88.36969,26.65525],[88.37511,26.65665],[88.3754,26.66019],[88.37258,26.66119],[88.36765,26.66274],[88.36808,26.66783],[88.35833,26.6669],[88.35661,26.66883]]]},"properties":{"District":"Darjiling","Dist_LGD":"327","Sub_dist":"Naxalbari","Subdis_LGD":"2163","Subdis_Typ":"Cd_Block","Vill_name":"Rangapani","Vill_Cat":"Rural","Vill_LGD":"306660","arr_project":"asha2"}},
{"type":"Feature","geometry":{"type":"Polygon","coordinates":[[[88.35498,26.67373],[88.35661,26.66883],[88.35833,26.6669],[88.36808,26.66783],[88.36981,26.67932],[88.37136,26.68535],[88.35855,26.683],[88.35768,26.67995],[88.35926,26.67777],[88.35498,26.67373]]]},"properties":{"District":"Darjiling","Dist_LGD":"327","Sub_dist":"Naxalbari","Subdis_LGD":"2163","Subdis_Typ":"Cd_Block","Vill_name":"Ranidanga (Ct)","Vill_Cat":"Partly_Urban","Vill_LGD":"306658","arr_project":"asha2"}},
{"type":"Feature","geometry":{"type":"Polygon","coordinates":[[[88.39438,26.71033],[88.39913,26.71031],[88.40103,26.70697],[88.40847,26.7081],[88.40974,26.71436],[88.4061,26.7174],[88.40262,26.71627],[88.39857,26.71788],[88.39425,26.71668],[88.39206,26.71313],[88.39438,26.71033]]]},"properties":{"District":"Darjiling","Dist_LGD":"327","Sub_dist":"Matigara","Subdis_LGD":"2162","Subdis_Typ":"Cd_Block","Vill_name":"Tomba (Ct)","Vill_Cat":"Partly_Urban","Vill_LGD":"306555","arr_project":"asha2"}},
{"type":"Feature","geometry":{"type":"Polygon","coordinates":[[[88.37184,26.74329],[88.37221,26.73797],[88.37603,26.73588],[88.38,26.7341],[88.38752,26.73461],[88.38688,26.73842],[88.3876,26.74266],[88.38224,26.74243],[88.37773,26.74352],[88.37557,26.74753],[88.37376,26.74871],[88.36849,26.74838],[88.37184,26.74329]]]},"properties":{"District":"Darjiling","Dist_LGD":"327","Sub_dist":"Matigara","Subdis_LGD":"2162","Subdis_Typ":"Cd_Block","Vill_name":"Nichitpur","Vill_Cat":"Rural","Vill_LGD":"306535","arr_project":"asha2"}},
{"type":"Feature","geometry":{"type":"Polygon","coordinates":[[[88.35349,26.76317],[88.36022,26.76595],[88.36168,26.77277],[88.35262,26.77369],[88.35225,26.77319],[88.35429,26.76763],[88.35349,26.76317]]]},"properties":{"District":"Darjiling","Dist_LGD":"327","Sub_dist":"Matigara","Subdis_LGD":"2162","Subdis_Typ":"Cd_Block","Vill_name":"Jhauguri Chhat","Vill_Cat":"Rural","Vill_LGD":"306506","arr_project":"asha2"}},
{"type":"Feature","geometry":{"type":"Polygon","coordinates":[[[88.36748,26.771],[88.36571,26.77387],[88.36597,26.77686],[88.35966,26.77504],[88.35151,26.77551],[88.35262,26.77369],[88.36168,26.77277],[88.36022,26.76595],[88.35349,26.76317],[88.35349,26.75882],[88.35558,26.75507],[88.36226,26.7563],[88.36585,26.75822],[88.36486,26.76098],[88.36644,26.76296],[88.36552,26.76587],[88.36554,26.7678],[88.36748,26.771]]]},"properties":{"District":"Darjiling","Dist_LGD":"327","Sub_dist":"Matigara","Subdis_LGD":"2162","Subdis_Typ":"Cd_Block","Vill_name":"Rajpairi","Vill_Cat":"Rural","Vill_LGD":"306507","arr_project":"asha2"}},
{"type":"Feature","geometry":{"type":"Polygon","coordinates":[[[88.35988,26.74484],[88.3632,26.74511],[88.36718,26.74293],[88.37184,26.74329],[88.36849,26.74838],[88.37376,26.74871],[88.37557,26.74753],[88.37336,26.75545],[88.37029,26.75538],[88.36585,26.75822],[88.36226,26.7563],[88.35558,26.75507],[88.35629,26.74822],[88.35988,26.74484]]]},"properties":{"District":"Darjiling","Dist_LGD":"327","Sub_dist":"Matigara","Subdis_LGD":"2162","Subdis_Typ":"Cd_Block","Vill_name":"Jugibhita","Vill_Cat":"Rural","Vill_LGD":"306539","arr_project":"asha2"}},
{"type":"Feature","geometry":{"type":"Polygon","coordinates":[[[88.36548,26.72979],[88.36492,26.73323],[88.36686,26.73628],[88.37249,26.73536],[88.37603,26.73588],[88.37221,26.73797],[88.37184,26.74329],[88.36718,26.74293],[88.3632,26.74511],[88.35988,26.74484],[88.35907,26.74108],[88.35978,26.73075],[88.36548,26.72979]]]},"properties":{"District":"Darjiling","Dist_LGD":"327","Sub_dist":"Matigara","Subdis_LGD":"2162","Subdis_Typ":"Cd_Block","Vill_name":"Guria","Vill_Cat":"Rural","Vill_LGD":"306537","arr_project":"asha2"}},
{"type":"Feature","geometry":{"type":"Polygon","coordinates":[[[88.3545,26.71927],[88.35992,26.71743],[88.36032,26.72185],[88.35978,26.73075],[88.35365,26.73167],[88.35544,26.725],[88.35177,26.72355],[88.3545,26.71927]]]},"properties":{"District":"Darjiling","Dist_LGD":"327","Sub_dist":"Matigara","Subdis_LGD":"2162","Subdis_Typ":"Cd_Block","Vill_name":"Nengtichhara","Vill_Cat":"Rural","Vill_LGD":"306548","arr_project":"asha2"}},
{"type":"Feature","geometry":{"type":"Polygon","coordinates":[[[88.34167,26.7126],[88.34432,26.71182],[88.34675,26.70885],[88.35088,26.70638],[88.3513,26.70468],[88.35565,26.70678],[88.36185,26.70682],[88.36251,26.70848],[88.36333,26.71328],[88.36181,26.7165],[88.35992,26.71743],[88.3545,26.71927],[88.34468,26.7185],[88.34132,26.71656],[88.34167,26.7126]]]},"properties":{"District":"Darjiling","Dist_LGD":"327","Sub_dist":"Matigara","Subdis_LGD":"2162","Subdis_Typ":"Cd_Block","Vill_name":"Bairatisal (Ct)","Vill_Cat":"Partly_Urban","Vill_LGD":"306564","arr_project":"asha2"}},
{"type":"Feature","geometry":{"type":"Polygon","coordinates":[[[88.34072,26.82763],[88.33092,26.8299],[88.33007,26.82885],[88.32865,26.82479],[88.3223,26.81976],[88.32301,26.81802],[88.32983,26.81457],[88.33103,26.80922],[88.33364,26.80684],[88.3327,26.79797],[88.33522,26.79615],[88.34284,26.7968],[88.34441,26.79565],[88.3469,26.78982],[88.3482,26.78981],[88.35521,26.78877],[88.35975,26.78911],[88.36428,26.78989],[88.36297,26.79186],[88.3591,26.79682],[88.3539,26.79953],[88.35294,26.80139],[88.35094,26.81072],[88.35094,26.8141],[88.34649,26.81663],[88.3426,26.82022],[88.34072,26.82763]]]},"properties":{"District":"Darjiling","Dist_LGD":"327","Sub_dist":"Kurseong","Subdis_LGD":"2161","Subdis_Typ":"Cd_Block","Vill_name":"Sukna Forest","Vill_Cat":"Rural","Vill_LGD":"306443","arr_project":"asha2"}},
{"type":"Feature","geometry":{"type":"Polygon","coordinates":[[[88.44606,26.87637],[88.43084,26.88198],[88.42915,26.88318],[88.42917,26.89014],[88.43116,26.89605],[88.42528,26.90191],[88.42047,26.89869],[88.41502,26.89641],[88.41007,26.89303],[88.4028,26.89258],[88.39812,26.89146],[88.39415,26.88873],[88.38132,26.88438],[88.3787,26.88282],[88.37474,26.86979],[88.37291,26.8674],[88.3647,26.87076],[88.3615,26.86705],[88.36091,26.86419],[88.36314,26.86248],[88.36668,26.85738],[88.3689,26.84894],[88.37256,26.84613],[88.37211,26.84403],[88.37595,26.84255],[88.38116,26.83547],[88.38529,26.83253],[88.38855,26.83],[88.39567,26.83013],[88.40491,26.82836],[88.42082,26.82952],[88.43325,26.83657],[88.43649,26.83891],[88.44256,26.84264],[88.44348,26.8448],[88.44334,26.85157],[88.44687,26.85308],[88.44684,26.86084],[88.4514,26.86488],[88.45206,26.87164],[88.44754,26.87311],[88.44606,26.87637]]]},"properties":{"District":"Darjiling","Dist_LGD":"327","Sub_dist":"Kurseong","Subdis_LGD":"2161","Subdis_Typ":"Cd_Block","Vill_name":"Choklong Forest","Vill_Cat":"Rural","Vill_LGD":"306481","arr_project":"asha2"}},
{"type":"Feature","geometry":{"type":"Polygon","coordinates":[[[88.45638,26.92447],[88.44809,26.92835],[88.44085,26.92594],[88.44074,26.92094],[88.43856,26.91866],[88.43468,26.91192],[88.43234,26.90923],[88.43228,26.90667],[88.43351,26.90516],[88.44414,26.89922],[88.44793,26.89567],[88.45062,26.89178],[88.45309,26.88607],[88.46129,26.87979],[88.46386,26.87418],[88.46846,26.87502],[88.4727,26.8778],[88.47533,26.87722],[88.47565,26.87983],[88.47441,26.8908],[88.4742,26.89776],[88.47245,26.90668],[88.4709,26.90999],[88.47394,26.91178],[88.47339,26.91379],[88.46489,26.91522],[88.46203,26.92103],[88.45638,26.92447]],[[88.43581,26.90751],[88.4329,26.90878],[88.43412,26.91007],[88.43621,26.90848],[88.43891,26.90912],[88.43806,26.90615],[88.43581,26.90751]]]},"properties":{"District":"Darjiling","Dist_LGD":"327","Sub_dist":"Kurseong","Subdis_LGD":"2161","Subdis_Typ":"Cd_Block","Vill_name":"Sivok Hill Forest","Vill_Cat":"Rural","Vill_LGD":"306491","arr_project":"asha2"}},
{"type":"Feature","geometry":{"type":"Polygon","coordinates":[[[88.39705,26.72068],[88.39773,26.72467],[88.40119,26.72656],[88.40401,26.73111],[88.40303,26.73667],[88.39965,26.73165],[88.39959,26.72903],[88.39511,26.72723],[88.39413,26.72329],[88.39705,26.72068]]]},"properties":{"District":"Darjiling","Dist_LGD":"327","Sub_dist":"Matigara","Subdis_LGD":"2162","Subdis_Typ":"Cd_Block","Vill_name":"Ujanu (P)","Vill_Cat":"Rural","Vill_LGD":"306561","arr_project":"asha2"}},
{"type":"Feature","geometry":{"type":"MultiPolygon","coordinates":[[[[88.27026,27.01927],[88.2664,27.02074],[88.26306,27.02081],[88.26134,27.0209],[88.25896,27.01195],[88.25977,27.00985],[88.26436,27.01333],[88.27026,27.01927]]],[[[88.25181,27.02055],[88.25011,27.02219],[88.2423,27.02216],[88.2358,27.02374],[88.23403,27.02092],[88.23408,27.01618],[88.23117,27.00837],[88.23171,27.00385],[88.23295,26.99987],[88.24324,27.00057],[88.23795,27.00184],[88.23748,27.00454],[88.23878,27.008],[88.24277,27.00896],[88.24354,27.01487],[88.24406,27.0172],[88.24765,27.01698],[88.25181,27.02055]],[[88.23201,27.00428],[88.23216,27.00643],[88.23479,27.00664],[88.23689,27.00383],[88.23462,27.00307],[88.23201,27.00428]],[[88.236,27.00247],[88.23779,27.00197],[88.23673,27.00099],[88.236,27.00247]]]]},"properties":{"District":"Darjiling","Dist_LGD":"327","Sub_dist":"Jor Bungalow Sukhiya Pokhri","Subdis_LGD":"2159","Subdis_Typ":"Cd_Block","Vill_name":"Jore Bunglow","Vill_Cat":"Partly_Urban","Vill_LGD":"306362","arr_project":"asha2"}},
{"type":"Feature","geometry":{"type":"Polygon","coordinates":[[[88.26516,27.02584],[88.26134,27.0209],[88.26306,27.02081],[88.26516,27.02584]]]},"properties":{"District":"Darjiling","Dist_LGD":"327","Sub_dist":"Darjiling Phulbazar","Subdis_LGD":"2154","Subdis_Typ":"Cd_Block","Vill_name":"Alubari Basty","Vill_Cat":"Rural","Vill_LGD":"306187","arr_project":"asha2"}},
{"type":"Feature","geometry":{"type":"MultiPolygon","coordinates":[[[[88.25653,27.04967],[88.25562,27.05393],[88.25288,27.05343],[88.25343,27.05306],[88.25653,27.04967]]],[[[88.27162,27.05308],[88.27072,27.06108],[88.26686,27.06597],[88.25727,27.0585],[88.26085,27.05698],[88.26501,27.0533],[88.26767,27.05471],[88.27162,27.05308]]]]},"properties":{"District":"Darjiling","Dist_LGD":"327","Sub_dist":"Darjiling Phulbazar","Subdis_LGD":"2154","Subdis_Typ":"Cd_Block","Vill_name":"Rungneet Tea Garden","Vill_Cat":"Others","Vill_LGD":"306170","arr_project":"asha2"}},
{"type":"Feature","geometry":{"type":"Polygon","coordinates":[[[88.24853,27.03165],[88.25433,27.03557],[88.25217,27.04446],[88.24825,27.04278],[88.25273,27.04062],[88.24995,27.03617],[88.24853,27.03165]]]},"properties":{"District":"Darjiling","Dist_LGD":"327","Sub_dist":"Darjiling Phulbazar","Subdis_LGD":"2154","Subdis_Typ":"Cd_Block","Vill_name":"Darjiling (P)","Vill_Cat":"Partly_Urban","Vill_LGD":"306183","arr_project":"asha2"}},
{"type":"Feature","geometry":{"type":"Polygon","coordinates":[[[88.02326,27.19652],[88.01947,27.19616],[88.0215,27.19202],[88.02476,27.19214],[88.02625,27.19462],[88.02326,27.19652]]]},"properties":{"District":"Darjiling","Dist_LGD":"327","Sub_dist":"Darjiling Phulbazar","Subdis_LGD":"2154","Subdis_Typ":"Cd_Block","Vill_name":"Rithu","Vill_Cat":"Rural","Vill_LGD":"306145N219","arr_project":"asha2"}},
{"type":"Feature","geometry":{"type":"Polygon","coordinates":[[[88.03884,27.2052],[88.04856,27.20607],[88.04914,27.20839],[88.04071,27.21353],[88.03672,27.21228],[88.03661,27.20743],[88.03884,27.2052]]]},"properties":{"District":"Darjiling","Dist_LGD":"327","Sub_dist":"Darjiling Phulbazar","Subdis_LGD":"2154","Subdis_Typ":"Cd_Block","Vill_name":"Dhotria","Vill_Cat":"Rural","Vill_LGD":"306145N218","arr_project":"asha2"}},
{"type":"Feature","geometry":{"type":"Polygon","coordinates":[[[88.05602,27.20582],[88.05682,27.2047],[88.0637,27.20532],[88.06465,27.2087],[88.0624,27.21033],[88.05702,27.2081],[88.05602,27.20582]]]},"properties":{"District":"Darjiling","Dist_LGD":"327","Sub_dist":"Darjiling Phulbazar","Subdis_LGD":"2154","Subdis_Typ":"Cd_Block","Vill_name":"Palmajua","Vill_Cat":"Rural","Vill_LGD":"306145N217","arr_project":"asha2"}},
{"type":"Feature","geometry":{"type":"Polygon","coordinates":[[[88.05987,27.19596],[88.06275,27.19212],[88.06642,27.19176],[88.06928,27.19388],[88.06568,27.19997],[88.06166,27.20012],[88.05987,27.19596]]]},"properties":{"District":"Darjiling","Dist_LGD":"327","Sub_dist":"Darjiling Phulbazar","Subdis_LGD":"2154","Subdis_Typ":"Cd_Block","Vill_name":"Sirikhola","Vill_Cat":"Rural","Vill_LGD":"306145N216","arr_project":"asha2"}},
{"type":"Feature","geometry":{"type":"Polygon","coordinates":[[[88.06714,27.17614],[88.07157,27.176],[88.0739,27.18009],[88.0705,27.18069],[88.06707,27.18317],[88.06484,27.17912],[88.06714,27.17614]]]},"properties":{"District":"Darjiling","Dist_LGD":"327","Sub_dist":"Darjiling Phulbazar","Subdis_LGD":"2154","Subdis_Typ":"Cd_Block","Vill_name":"Gurdum","Vill_Cat":"Rural","Vill_LGD":"306145N248","arr_project":"asha2"}},
{"type":"Feature","geometry":{"type":"Polygon","coordinates":[[[88.07744,27.15394],[88.08358,27.15435],[88.0845,27.16083],[88.08163,27.16258],[88.07634,27.16089],[88.07574,27.15848],[88.07744,27.15394]]]},"properties":{"District":"Darjiling","Dist_LGD":"327","Sub_dist":"Darjiling Phulbazar","Subdis_LGD":"2154","Subdis_Typ":"Cd_Block","Vill_name":"Bich Gaon","Vill_Cat":"Rural","Vill_LGD":"306145N214","arr_project":"asha2"}},
{"type":"Feature","geometry":{"type":"Polygon","coordinates":[[[88.05352,27.13992],[88.05675,27.14215],[88.05539,27.14612],[88.05201,27.14797],[88.04671,27.14531],[88.04642,27.14228],[88.05058,27.13958],[88.05352,27.13992]]]},"properties":{"District":"Darjiling","Dist_LGD":"327","Sub_dist":"Darjiling Phulbazar","Subdis_LGD":"2154","Subdis_Typ":"Cd_Block","Vill_name":"Namla","Vill_Cat":"Rural","Vill_LGD":"306145N215","arr_project":"asha2"}},
{"type":"Feature","geometry":{"type":"Polygon","coordinates":[[[88.1302,26.98732],[88.1299,26.9891],[88.12534,26.98793],[88.1302,26.98732]]]},"properties":{"District":"Darjiling","Dist_LGD":"327","Sub_dist":"Jor Bungalow Sukhiya Pokhri","Subdis_LGD":"2159","Subdis_Typ":"Cd_Block","Vill_name":"Manebhanjyang F V","Vill_Cat":"Rural","Vill_LGD":"306378N087","arr_project":"asha2"}},
{"type":"Feature","geometry":{"type":"Polygon","coordinates":[[[88.1459,26.98618],[88.14525,26.98555],[88.14699,26.98582],[88.14694,26.98633],[88.1459,26.98618]]]},"properties":{"District":"Darjiling","Dist_LGD":"327","Sub_dist":"Jor Bungalow Sukhiya Pokhri","Subdis_LGD":"2159","Subdis_Typ":"Cd_Block","Vill_name":"Simana F V","Vill_Cat":"Rural","Vill_LGD":"306378N086","arr_project":"asha2"}},
{"type":"Feature","geometry":{"type":"Polygon","coordinates":[[[88.16291,26.99202],[88.16475,26.99259],[88.16409,26.99398],[88.16291,26.99202]]]},"properties":{"District":"Darjiling","Dist_LGD":"327","Sub_dist":"Jor Bungalow Sukhiya Pokhri","Subdis_LGD":"2159","Subdis_Typ":"Cd_Block","Vill_name":"Sukhia Line Fv","Vill_Cat":"Rural","Vill_LGD":"306378N089","arr_project":"asha2"}},
{"type":"Feature","geometry":{"type":"Polygon","coordinates":[[[88.16463,27.00075],[88.16618,26.99945],[88.16628,27.00183],[88.16463,27.00075]]]},"properties":{"District":"Darjiling","Dist_LGD":"327","Sub_dist":"Jor Bungalow Sukhiya Pokhri","Subdis_LGD":"2159","Subdis_Typ":"Cd_Block","Vill_name":"Gurashay Parment Fv","Vill_Cat":"Rural","Vill_LGD":"306378N223","arr_project":"asha2"}},
{"type":"Feature","geometry":{"type":"Polygon","coordinates":[[[88.17419,27.00537],[88.17749,27.00638],[88.17675,27.0084],[88.1739,27.0057],[88.17419,27.00537]]]},"properties":{"District":"Darjiling","Dist_LGD":"327","Sub_dist":"Jor Bungalow Sukhiya Pokhri","Subdis_LGD":"2159","Subdis_Typ":"Cd_Block","Vill_name":"Majhidhura Balasun F V","Vill_Cat":"Rural","Vill_LGD":"306357N079","arr_project":"asha2"}},
{"type":"Feature","geometry":{"type":"Polygon","coordinates":[[[88.1939,27.01254],[88.19698,27.01192],[88.19625,27.01298],[88.19422,27.01322],[88.1939,27.01254]]]},"properties":{"District":"Darjiling","Dist_LGD":"327","Sub_dist":"Jor Bungalow Sukhiya Pokhri","Subdis_LGD":"2159","Subdis_Typ":"Cd_Block","Vill_name":"Lepcha Jagat F V","Vill_Cat":"Rural","Vill_LGD":"306357N076","arr_project":"asha2"}},
{"type":"Feature","geometry":{"type":"Polygon","coordinates":[[[88.21278,27.00457],[88.21566,27.00416],[88.21779,27.00226],[88.22126,27.00123],[88.22097,27.00293],[88.21787,27.0037],[88.214,27.00571],[88.21278,27.00457]]]},"properties":{"District":"Darjiling","Dist_LGD":"327","Sub_dist":"Jor Bungalow Sukhiya Pokhri","Subdis_LGD":"2159","Subdis_Typ":"Cd_Block","Vill_name":"Chattaidhura F V","Vill_Cat":"Rural","Vill_LGD":"306357N077","arr_project":"asha2"}},
{"type":"Feature","geometry":{"type":"Polygon","coordinates":[[[88.22794,27.00215],[88.2239,27.00338],[88.22382,27.00203],[88.22794,27.00215]]]},"properties":{"District":"Darjiling","Dist_LGD":"327","Sub_dist":"Jor Bungalow Sukhiya Pokhri","Subdis_LGD":"2159","Subdis_Typ":"Cd_Block","Vill_name":"Poobong Fatak F V","Vill_Cat":"Rural","Vill_LGD":"306357N078","arr_project":"asha2"}},
{"type":"Feature","geometry":{"type":"Polygon","coordinates":[[[88.1561,26.97485],[88.15751,26.97555],[88.15569,26.97608],[88.1561,26.97485]]]},"properties":{"District":"Darjiling","Dist_LGD":"327","Sub_dist":"Jor Bungalow Sukhiya Pokhri","Subdis_LGD":"2159","Subdis_Typ":"Cd_Block","Vill_name":"Kaiyavir (Plundung) F V","Vill_Cat":"Rural","Vill_LGD":"306378N085","arr_project":"asha2"}},
{"type":"Feature","geometry":{"type":"Polygon","coordinates":[[[88.21025,26.74284],[88.2056,26.74345],[88.20624,26.74129],[88.20996,26.74122],[88.21025,26.74284]]]},"properties":{"District":"Darjiling","Dist_LGD":"327","Sub_dist":"Naxalbari","Subdis_LGD":"2163","Subdis_Typ":"Cd_Block","Vill_name":"Kalabari Fv","Vill_Cat":"Rural","Vill_LGD":"306568N095","arr_project":"asha2"}},
{"type":"Feature","geometry":{"type":"Polygon","coordinates":[[[88.22157,26.80177],[88.22317,26.80472],[88.22068,26.80418],[88.22157,26.80177]]]},"properties":{"District":"Darjiling","Dist_LGD":"327","Sub_dist":"Mirik","Subdis_LGD":"2160","Subdis_Typ":"Cd_Block","Vill_name":"Hilley Jhora F V","Vill_Cat":"Rural","Vill_LGD":"306410N092","arr_project":"asha2"}},
{"type":"Feature","geometry":{"type":"Polygon","coordinates":[[[88.21579,26.77726],[88.21613,26.77951],[88.21403,26.78436],[88.21534,26.77787],[88.21579,26.77726]]]},"properties":{"District":"Darjiling","Dist_LGD":"327","Sub_dist":"Mirik","Subdis_LGD":"2160","Subdis_Typ":"Cd_Block","Vill_name":"Kataria F V","Vill_Cat":"Rural","Vill_LGD":"306413N093","arr_project":"asha2"}},
{"type":"Feature","geometry":{"type":"Polygon","coordinates":[[[88.2847,26.8091],[88.2847,26.81112],[88.28021,26.81221],[88.28094,26.80878],[88.2847,26.8091]]]},"properties":{"District":"Darjiling","Dist_LGD":"327","Sub_dist":"Kurseong","Subdis_LGD":"2161","Subdis_Typ":"Cd_Block","Vill_name":"Baman Pokhari Range","Vill_Cat":"Rural","Vill_LGD":"306438N229","arr_project":"asha2"}},
{"type":"Feature","geometry":{"type":"Polygon","coordinates":[[[88.29072,26.73574],[88.29502,26.73643],[88.29117,26.73849],[88.29072,26.73574]]]},"properties":{"District":"Darjiling","Dist_LGD":"327","Sub_dist":"Nax<Lbari","Subdis_LGD":"2163","Subdis_Typ":"Cd_Block","Vill_name":"Dhara Basty","Vill_Cat":"Rural","Vill_LGD":"306416N094","arr_project":"asha2"}},
{"type":"Feature","geometry":{"type":"Polygon","coordinates":[[[88.30513,26.71015],[88.30624,26.71192],[88.30334,26.71634],[88.30236,26.71452],[88.30513,26.71015]]]},"properties":{"District":"Darjiling","Dist_LGD":"327","Sub_dist":"Naxalbari","Subdis_LGD":"2163","Subdis_Typ":"Cd_Block","Vill_name":"Central Fv","Vill_Cat":"Rural","Vill_LGD":"306640N096","arr_project":"asha2"}},
{"type":"Feature","geometry":{"type":"Polygon","coordinates":[[[88.35222,26.77784],[88.35485,26.77945],[88.35145,26.78105],[88.35222,26.77784]]]},"properties":{"District":"Darjiling","Dist_LGD":"327","Sub_dist":"Kurseong","Subdis_LGD":"2161","Subdis_Typ":"Cd_Block","Vill_name":"Sukna Chumpta","Vill_Cat":"Rural","Vill_LGD":"306484N230","arr_project":"asha2"}},
{"type":"Feature","geometry":{"type":"Polygon","coordinates":[[[88.35286,26.78407],[88.35457,26.78518],[88.35436,26.78736],[88.35106,26.78639],[88.35286,26.78407]]]},"properties":{"District":"Darjiling","Dist_LGD":"327","Sub_dist":"Kurseong","Subdis_LGD":"2161","Subdis_Typ":"Cd_Block","Vill_name":"Kolklong","Vill_Cat":"Rural","Vill_LGD":"306484N231","arr_project":"asha2"}},
{"type":"Feature","geometry":{"type":"Polygon","coordinates":[[[88.39133,26.80152],[88.39034,26.8016],[88.38992,26.80014],[88.39127,26.79989],[88.39133,26.80152]]]},"properties":{"District":"Darjiling","Dist_LGD":"327","Sub_dist":"Kurseong","Subdis_LGD":"2161","Subdis_Typ":"Cd_Block","Vill_name":"Khaireni","Vill_Cat":"Rural","Vill_LGD":"306488N246","arr_project":"asha2"}},
{"type":"Feature","geometry":{"type":"Polygon","coordinates":[[[88.38847,26.80253],[88.39231,26.80187],[88.39178,26.80531],[88.38847,26.80253]]]},"properties":{"District":"Darjiling","Dist_LGD":"327","Sub_dist":"Kurseong","Subdis_LGD":"2161","Subdis_Typ":"Cd_Block","Vill_name":"Puding","Vill_Cat":"Rural","Vill_LGD":"306488N245","arr_project":"asha2"}},
{"type":"Feature","geometry":{"type":"Polygon","coordinates":[[[88.40822,26.7998],[88.40882,26.80284],[88.40507,26.80262],[88.40544,26.80005],[88.40822,26.7998]]]},"properties":{"District":"Darjiling","Dist_LGD":"327","Sub_dist":"Kurseong","Subdis_LGD":"2161","Subdis_Typ":"Cd_Block","Vill_name":"Khairijhora","Vill_Cat":"Rural","Vill_LGD":"306482N228","arr_project":"asha2"}},
{"type":"Feature","geometry":{"type":"Polygon","coordinates":[[[88.46753,26.85804],[88.46986,26.8611],[88.46762,26.86146],[88.4655,26.85914],[88.46753,26.85804]]]},"properties":{"District":"Darjiling","Dist_LGD":"327","Sub_dist":"Kurseong","Subdis_LGD":"2161","Subdis_Typ":"Cd_Block","Vill_name":"10Th Mile","Vill_Cat":"Rural","Vill_LGD":"306492N244","arr_project":"asha2"}},
{"type":"Feature","geometry":{"type":"Polygon","coordinates":[[[88.43581,26.90751],[88.43806,26.90615],[88.43891,26.90912],[88.43621,26.90848],[88.43581,26.90751]]]},"properties":{"District":"Darjiling","Dist_LGD":"327","Sub_dist":"Kurseong","Subdis_LGD":"2161","Subdis_Typ":"Cd_Block","Vill_name":"Jholi Territorial","Vill_Cat":"Rural","Vill_LGD":"306491N227","arr_project":"asha2"}},
{"type":"Feature","geometry":{"type":"Polygon","coordinates":[[[88.43621,26.90848],[88.43412,26.91007],[88.4329,26.90878],[88.43581,26.90751],[88.43621,26.90848]]]},"properties":{"District":"Darjiling","Dist_LGD":"327","Sub_dist":"Kurseong","Subdis_LGD":"2161","Subdis_Typ":"Cd_Block","Vill_name":"Jholi Wildlife","Vill_Cat":"Rural","Vill_LGD":"306491N226","arr_project":"asha2"}},
{"type":"Feature","geometry":{"type":"Polygon","coordinates":[[[88.43062,26.90991],[88.43109,26.91355],[88.42849,26.91333],[88.42787,26.91124],[88.43062,26.90991]]]},"properties":{"District":"Darjiling","Dist_LGD":"327","Sub_dist":"Kurseong","Subdis_LGD":"2161","Subdis_Typ":"Cd_Block","Vill_name":"Sittong","Vill_Cat":"Rural","Vill_LGD":"306479N240","arr_project":"asha2"}},
{"type":"Feature","geometry":{"type":"Polygon","coordinates":[[[88.39175,26.89114],[88.39459,26.89162],[88.3948,26.89467],[88.39077,26.89393],[88.39175,26.89114]]]},"properties":{"District":"Darjiling","Dist_LGD":"327","Sub_dist":"Kurseong","Subdis_LGD":"2161","Subdis_Typ":"Cd_Block","Vill_name":"6Th Mile","Vill_Cat":"Rural","Vill_LGD":"306472N247","arr_project":"asha2"}},
{"type":"Feature","geometry":{"type":"Polygon","coordinates":[[[88.43306,26.93615],[88.43544,26.93618],[88.43587,26.93924],[88.43143,26.93903],[88.43306,26.93615]]]},"properties":{"District":"Darjiling","Dist_LGD":"327","Sub_dist":"Kurseong","Subdis_LGD":"2161","Subdis_Typ":"Cd_Block","Vill_name":"Karmath","Vill_Cat":"Rural","Vill_LGD":"306490N243","arr_project":"asha2"}},
{"type":"Feature","geometry":{"type":"Polygon","coordinates":[[[88.4411,26.93593],[88.44345,26.93279],[88.44471,26.9351],[88.4411,26.93593]]]},"properties":{"District":"Darjiling","Dist_LGD":"327","Sub_dist":"Kurseong","Subdis_LGD":"2161","Subdis_Typ":"Cd_Block","Vill_name":"Upper Kandung","Vill_Cat":"Rural","Vill_LGD":"306490N241","arr_project":"asha2"}},
{"type":"Feature","geometry":{"type":"Polygon","coordinates":[[[88.44996,26.92973],[88.45343,26.93067],[88.45137,26.93329],[88.44948,26.93283],[88.44996,26.92973]]]},"properties":{"District":"Darjiling","Dist_LGD":"327","Sub_dist":"Kurseong","Subdis_LGD":"2161","Subdis_Typ":"Cd_Block","Vill_name":"Lower Kandung","Vill_Cat":"Rural","Vill_LGD":"306490N242","arr_project":"asha2"}},
{"type":"Feature","geometry":{"type":"Polygon","coordinates":[[[88.32558,26.91977],[88.32509,26.92269],[88.3222,26.92206],[88.32207,26.91915],[88.32558,26.91977]]]},"properties":{"District":"Darjiling","Dist_LGD":"327","Sub_dist":"Kurseong","Subdis_LGD":"2161","Subdis_Typ":"Cd_Block","Vill_name":"M-I","Vill_Cat":"Rural","Vill_LGD":"306467N238","arr_project":"asha2"}},
{"type":"Feature","geometry":{"type":"Polygon","coordinates":[[[88.32657,26.92288],[88.32615,26.92035],[88.32987,26.91974],[88.33003,26.92329],[88.32657,26.92288]]]},"properties":{"District":"Darjiling","Dist_LGD":"327","Sub_dist":"Kurseong","Subdis_LGD":"2161","Subdis_Typ":"Cd_Block","Vill_name":"Kolia Godam -Ii","Vill_Cat":"Rural","Vill_LGD":"306467N249","arr_project":"asha2"}},
{"type":"Feature","geometry":{"type":"Polygon","coordinates":[[[88.33128,26.91966],[88.33559,26.921],[88.33141,26.9236],[88.33128,26.91966]]]},"properties":{"District":"Darjiling","Dist_LGD":"327","Sub_dist":"Kurseong","Subdis_LGD":"2161","Subdis_Typ":"Cd_Block","Vill_name":"Kolia Godam -I","Vill_Cat":"Rural","Vill_LGD":"306467N237","arr_project":"asha2"}},
{"type":"Feature","geometry":{"type":"Polygon","coordinates":[[[88.33711,26.92049],[88.33945,26.91957],[88.33941,26.92349],[88.33672,26.92229],[88.33711,26.92049]]]},"properties":{"District":"Darjiling","Dist_LGD":"327","Sub_dist":"Kurseong","Subdis_LGD":"2161","Subdis_Typ":"Cd_Block","Vill_name":"Babukhola Pt.I","Vill_Cat":"Rural","Vill_LGD":"306467N233","arr_project":"asha2"}},
{"type":"Feature","geometry":{"type":"Polygon","coordinates":[[[88.33178,26.92482],[88.33691,26.92502],[88.33654,26.92744],[88.3337,26.92785],[88.33178,26.92482]]]},"properties":{"District":"Darjiling","Dist_LGD":"327","Sub_dist":"Kurseong","Subdis_LGD":"2161","Subdis_Typ":"Cd_Block","Vill_name":"Babukhola Pt.Ii","Vill_Cat":"Rural","Vill_LGD":"306467N234","arr_project":"asha2"}},
{"type":"Feature","geometry":{"type":"Polygon","coordinates":[[[88.33691,26.91894],[88.33494,26.91727],[88.33722,26.9159],[88.33833,26.91793],[88.33691,26.91894]]]},"properties":{"District":"Darjiling","Dist_LGD":"327","Sub_dist":"Kurseong","Subdis_LGD":"2161","Subdis_Typ":"Cd_Block","Vill_name":"Pokhitar","Vill_Cat":"Rural","Vill_LGD":"306467N236","arr_project":"asha2"}},
{"type":"Feature","geometry":{"type":"Polygon","coordinates":[[[88.33405,26.91297],[88.33554,26.9122],[88.33584,26.91327],[88.33456,26.91375],[88.33405,26.91297]]]},"properties":{"District":"Darjiling","Dist_LGD":"327","Sub_dist":"Kurseong","Subdis_LGD":"2161","Subdis_Typ":"Cd_Block","Vill_name":"Bagora","Vill_Cat":"Rural","Vill_LGD":"306467N239","arr_project":"asha2"}},
{"type":"Feature","geometry":{"type":"Polygon","coordinates":[[[88.33305,26.91245],[88.33134,26.90818],[88.33591,26.90923],[88.33305,26.91245]]]},"properties":{"District":"Darjiling","Dist_LGD":"327","Sub_dist":"Kurseong","Subdis_LGD":"2161","Subdis_Typ":"Cd_Block","Vill_name":"Bagora Fd","Vill_Cat":"Rural","Vill_LGD":"306467N235","arr_project":"asha2"}},
{"type":"Feature","geometry":{"type":"Polygon","coordinates":[[[88.32942,26.90416],[88.32674,26.90547],[88.32384,26.90338],[88.32795,26.9015],[88.32942,26.90416]]]},"properties":{"District":"Darjiling","Dist_LGD":"327","Sub_dist":"Kurseong","Subdis_LGD":"2161","Subdis_Typ":"Cd_Block","Vill_name":"Chimney -Deorali","Vill_Cat":"Rural","Vill_LGD":"306467N232","arr_project":"asha2"}},
{"type":"Feature","geometry":{"type":"Polygon","coordinates":[[[88.20204,26.88599],[88.20488,26.88473],[88.20238,26.88594],[88.20204,26.88599]]]},"properties":{"District":"Darjiling","Dist_LGD":"327","Sub_dist":"Mirik","Subdis_LGD":"2160","Subdis_Typ":"Cd_Block","Vill_name":"Phuguri F V","Vill_Cat":"Rural","Vill_LGD":"306398N090","arr_project":"asha2"}},
{"type":"Feature","geometry":{"type":"Polygon","coordinates":[[[88.22704,26.85838],[88.22625,26.86045],[88.22349,26.85978],[88.22704,26.85838]]]},"properties":{"District":"Darjiling","Dist_LGD":"327","Sub_dist":"Mirik","Subdis_LGD":"2160","Subdis_Typ":"Cd_Block","Vill_name":"Singbuli F V","Vill_Cat":"Rural","Vill_LGD":"306403N091","arr_project":"asha2"}},
{"type":"Feature","geometry":{"type":"Polygon","coordinates":[[[88.1375,26.93888],[88.13856,26.93875],[88.13761,26.94011],[88.13701,26.93983],[88.1375,26.93888]]]},"properties":{"District":"Darjiling","Dist_LGD":"327","Sub_dist":"Jor Bungalow Sukhiya Pokhri","Subdis_LGD":"2159","Subdis_Typ":"Cd_Block","Vill_name":"Pashupati Fatak Fv","Vill_Cat":"Rural","Vill_LGD":"306379N224","arr_project":"asha2"}},
{"type":"Feature","geometry":{"type":"Polygon","coordinates":[[[88.13205,26.96811],[88.13303,26.96855],[88.1322,26.96964],[88.13077,26.96882],[88.13205,26.96811]]]},"properties":{"District":"Darjiling","Dist_LGD":"327","Sub_dist":"Jor Bungalow Sukhiya Pokhri","Subdis_LGD":"2159","Subdis_Typ":"Cd_Block","Vill_name":"Rangbhang Busty F V","Vill_Cat":"Rural","Vill_LGD":"306379N088","arr_project":"asha2"}},
{"type":"Feature","geometry":{"type":"Polygon","coordinates":[[[88.29089,26.96144],[88.29126,26.95974],[88.29302,26.9607],[88.29199,26.96197],[88.29089,26.96144]]]},"properties":{"District":"Darjiling","Dist_LGD":"327","Sub_dist":"Jor Bungalow Sukhiya Pokhri","Subdis_LGD":"2159","Subdis_Typ":"Cd_Block","Vill_name":"Paschim Parment F V","Vill_Cat":"Rural","Vill_LGD":"306367N083","arr_project":"asha2"}},
{"type":"Feature","geometry":{"type":"Polygon","coordinates":[[[88.30648,26.97362],[88.30891,26.97427],[88.30765,26.9761],[88.30616,26.97548],[88.30648,26.97362]]]},"properties":{"District":"Darjiling","Dist_LGD":"327","Sub_dist":"Jor Bungalow Sukhiya Pokhri","Subdis_LGD":"2159","Subdis_Typ":"Cd_Block","Vill_name":"Chattakpur F V","Vill_Cat":"Rural","Vill_LGD":"306364N082","arr_project":"asha2"}},
{"type":"Feature","geometry":{"type":"Polygon","coordinates":[[[88.31627,26.98776],[88.31752,26.9882],[88.3169,26.99018],[88.31531,26.98901],[88.31627,26.98776]]]},"properties":{"District":"Darjiling","Dist_LGD":"327","Sub_dist":"Rangoli And Rangliot","Subdis_LGD":"2155","Subdis_Typ":"Cd_Block","Vill_name":"Rambi F V","Vill_Cat":"Rural","Vill_LGD":"306219N010","arr_project":"asha2"}},
{"type":"Feature","geometry":{"type":"Polygon","coordinates":[[[88.33653,26.99822],[88.33752,27.00018],[88.33615,27.00122],[88.33562,26.99942],[88.33653,26.99822]]]},"properties":{"District":"Darjiling","Dist_LGD":"327","Sub_dist":"Rangoli And Rangliot","Subdis_LGD":"2155","Subdis_Typ":"Cd_Block","Vill_name":"Rampuria F V","Vill_Cat":"Rural","Vill_LGD":"306219N009","arr_project":"asha2"}},
{"type":"Feature","geometry":{"type":"Polygon","coordinates":[[[88.34618,26.96556],[88.34746,26.9677],[88.3465,26.96948],[88.34491,26.96752],[88.34595,26.96728],[88.34618,26.96556]]]},"properties":{"District":"Darjiling","Dist_LGD":"327","Sub_dist":"Rangoli And Rangliot","Subdis_LGD":"2155","Subdis_Typ":"Cd_Block","Vill_name":"Reshep F V","Vill_Cat":"Rural","Vill_LGD":"306219N011","arr_project":"asha2"}},
{"type":"Feature","geometry":{"type":"Polygon","coordinates":[[[88.2982,27.01149],[88.29992,27.0119],[88.30129,27.01404],[88.2992,27.01359],[88.2982,27.01149]]]},"properties":{"District":"Darjiling","Dist_LGD":"327","Sub_dist":"Jor Bungalow Sukhiya Pokhri","Subdis_LGD":"2159","Subdis_Typ":"Cd_Block","Vill_name":"Gaddikhan F V","Vill_Cat":"Rural","Vill_LGD":"306364N081","arr_project":"asha2"}},
{"type":"Feature","geometry":{"type":"Polygon","coordinates":[[[88.3156,27.0237],[88.31557,27.02402],[88.31469,27.02239],[88.31539,27.01712],[88.31582,27.01941],[88.3156,27.0237]]]},"properties":{"District":"Darjiling","Dist_LGD":"327","Sub_dist":"Jor Bungalow Sukhiya Pokhri","Subdis_LGD":"2159","Subdis_Typ":"Cd_Block","Vill_name":"Simkuna 3Rd Mile Fv","Vill_Cat":"Rural","Vill_LGD":"306364N222","arr_project":"asha2"}},
{"type":"Feature","geometry":{"type":"Polygon","coordinates":[[[88.3156,27.0237],[88.31788,27.02543],[88.31551,27.02466],[88.31557,27.02402],[88.3156,27.0237]]]},"properties":{"District":"Darjiling","Dist_LGD":"327","Sub_dist":"Rangoli And Rangliot","Subdis_LGD":"2155","Subdis_Typ":"Cd_Block","Vill_name":"Simkona F V","Vill_Cat":"Rural","Vill_LGD":"306205N007","arr_project":"asha2"}},
{"type":"Feature","geometry":{"type":"Polygon","coordinates":[[[88.32379,27.02485],[88.32621,27.026],[88.32569,27.02662],[88.32447,27.02616],[88.32379,27.02485]]]},"properties":{"District":"Darjiling","Dist_LGD":"327","Sub_dist":"Rangoli And Rangliot","Subdis_LGD":"2155","Subdis_Typ":"Cd_Block","Vill_name":"6Th Mile F V","Vill_Cat":"Rural","Vill_LGD":"306205N006","arr_project":"asha2"}},
{"type":"Feature","geometry":{"type":"Polygon","coordinates":[[[88.34472,27.03355],[88.34663,27.03439],[88.3465,27.0354],[88.34481,27.03458],[88.34472,27.03355]]]},"properties":{"District":"Darjiling","Dist_LGD":"327","Sub_dist":"Rangoli And Rangliot","Subdis_LGD":"2155","Subdis_Typ":"Cd_Block","Vill_name":"Takdah Clubside F V","Vill_Cat":"Rural","Vill_LGD":"306205N005","arr_project":"asha2"}},
{"type":"Feature","geometry":{"type":"Polygon","coordinates":[[[88.37936,27.04469],[88.37984,27.04434],[88.38014,27.04466],[88.37975,27.04491],[88.37936,27.04469]]]},"properties":{"District":"Darjiling","Dist_LGD":"327","Sub_dist":"Rangoli And Rangliot","Subdis_LGD":"2155","Subdis_Typ":"Cd_Block","Vill_name":"Tinchulay F V","Vill_Cat":"Rural","Vill_LGD":"306205N004","arr_project":"asha2"}},
{"type":"Feature","geometry":{"type":"Polygon","coordinates":[[[88.36874,27.05883],[88.36718,27.06001],[88.367,27.05876],[88.36874,27.05883]]]},"properties":{"District":"Darjiling","Dist_LGD":"327","Sub_dist":"Rangoli And Rangliot","Subdis_LGD":"2155","Subdis_Typ":"Cd_Block","Vill_name":"11Th Mile F V","Vill_Cat":"Rural","Vill_LGD":"306205N003","arr_project":"asha2"}},
{"type":"Feature","geometry":{"type":"Polygon","coordinates":[[[88.40201,27.0811],[88.40483,27.08082],[88.40531,27.08143],[88.40235,27.08227],[88.4019,27.08113],[88.40201,27.0811]]]},"properties":{"District":"Darjiling","Dist_LGD":"327","Sub_dist":"Rangoli And Rangliot","Subdis_LGD":"2155","Subdis_Typ":"Cd_Block","Vill_name":"Peshok F V","Vill_Cat":"Rural","Vill_LGD":"306193N002","arr_project":"asha2"}},
{"type":"Feature","geometry":{"type":"Polygon","coordinates":[[[88.36409,27.08299],[88.36513,27.08347],[88.36413,27.08431],[88.36409,27.08299]]]},"properties":{"District":"Darjiling","Dist_LGD":"327","Sub_dist":"Rangoli And Rangliot","Subdis_LGD":"2155","Subdis_Typ":"Cd_Block","Vill_name":"Sumbong F V","Vill_Cat":"Rural","Vill_LGD":"306193N001","arr_project":"asha2"}},
{"type":"Feature","geometry":{"type":"Polygon","coordinates":[[[88.3201,27.09045],[88.32259,27.09721],[88.32757,27.09756],[88.33162,27.09588],[88.33967,27.09549],[88.34222,27.09691],[88.34152,27.10543],[88.33829,27.11003],[88.33537,27.10675],[88.32944,27.10777],[88.32489,27.10637],[88.32345,27.10936],[88.31913,27.10766],[88.31864,27.09968],[88.31982,27.09765],[88.31772,27.09327],[88.31561,27.09212],[88.30968,27.09193],[88.31176,27.08521],[88.30933,27.08135],[88.31339,27.08039],[88.31859,27.0812],[88.31839,27.08482],[88.3201,27.09045]]]},"properties":{"District":"Darjiling","Dist_LGD":"327","Sub_dist":"Darjiling Phulbazar","Subdis_LGD":"2154","Subdis_Typ":"Cd_Block","Vill_name":"Badamtam","Vill_Cat":"Others","Vill_LGD":"306188N220","arr_project":"asha2"}},
{"type":"Feature","geometry":{"type":"Polygon","coordinates":[[[88.32345,27.10936],[88.32248,27.11318],[88.32114,27.1108],[88.31715,27.11027],[88.31416,27.11141],[88.31367,27.10528],[88.31444,27.10227],[88.31864,27.09968],[88.31913,27.10766],[88.32345,27.10936]]]},"properties":{"District":"Darjiling","Dist_LGD":"327","Sub_dist":"Darjiling Phulbazar","Subdis_LGD":"2154","Subdis_Typ":"Cd_Block","Vill_name":"Rangli Forest","Vill_Cat":"Rural","Vill_LGD":"306167","arr_project":"asha2"}},
{"type":"Feature","geometry":{"type":"Polygon","coordinates":[[[88.26219,27.00382],[88.2621,27.00472],[88.25957,27.00538],[88.26219,27.00382]]]},"properties":{"District":"Darjiling","Dist_LGD":"327","Sub_dist":"Jor Bungalow Sukhiya Pokhri","Subdis_LGD":"2159","Subdis_Typ":"Cd_Block","Vill_name":"Jorebunglo Parmanent Busty F V","Vill_Cat":"Rural","Vill_LGD":"306368N084","arr_project":"asha2"}},
{"type":"Feature","geometry":{"type":"Polygon","coordinates":[[[88.23748,27.00454],[88.24139,27.00669],[88.23878,27.008],[88.23748,27.00454]]]},"properties":{"District":"Darjiling","Dist_LGD":"327","Sub_dist":"Darjiling Phulbazar","Subdis_LGD":"2154","Subdis_Typ":"Cd_Block","Vill_name":"Pussimbing Fatak Fv","Vill_Cat":"Fully_Urban","Vill_LGD":"801634N221","arr_project":"asha2"}},
{"type":"Feature","geometry":{"type":"Polygon","coordinates":[[[88.23201,27.00428],[88.23462,27.00307],[88.23689,27.00383],[88.23479,27.00664],[88.23216,27.00643],[88.23201,27.00428]]]},"properties":{"District":"Darjiling","Dist_LGD":"327","Sub_dist":"Jor Bungalow Sukhiya Pokhri","Subdis_LGD":"2159","Subdis_Typ":"Cd_Block","Vill_name":"Alubari Bathan Goath Fv","Vill_Cat":"Rural","Vill_LGD":"306362N225","arr_project":"asha2"}},
{"type":"Feature","geometry":{"type":"Polygon","coordinates":[[[88.236,27.00247],[88.23673,27.00099],[88.23779,27.00197],[88.236,27.00247]]]},"properties":{"District":"Darjiling","Dist_LGD":"327","Sub_dist":"Jor Bungalow Sukhiya Pokhri","Subdis_LGD":"2159","Subdis_Typ":"Cd_Block","Vill_name":"Ghoom Bhanjyang F V","Vill_Cat":"Rural","Vill_LGD":"306362N080","arr_project":"asha2"}},
{"type":"Feature","geometry":{"type":"Polygon","coordinates":[[[88.40418,27.00375],[88.40319,27.00301],[88.40533,27.00287],[88.40418,27.00375]]]},"properties":{"District":"Darjiling","Dist_LGD":"327","Sub_dist":"Rangoli And Rangliot","Subdis_LGD":"2155","Subdis_Typ":"Cd_Block","Vill_name":"Deoraly  F V","Vill_Cat":"Others","Vill_LGD":"306215N008","arr_project":"asha2"}},
{"type":"Feature","geometry":{"type":"Polygon","coordinates":[[[88.25977,27.00985],[88.25896,27.01195],[88.26134,27.0209],[88.25696,27.02109],[88.25324,27.01858],[88.25181,27.02055],[88.24765,27.01698],[88.24406,27.0172],[88.24354,27.01487],[88.24705,27.01496],[88.25056,27.01339],[88.25074,27.00904],[88.24905,27.00708],[88.24277,27.00896],[88.23878,27.008],[88.24139,27.00669],[88.23748,27.00454],[88.23795,27.00184],[88.24324,27.00057],[88.25002,26.99945],[88.25538,27.00449],[88.2595,27.00538],[88.25957,27.00538],[88.2621,27.00472],[88.25977,27.00985]]]},"properties":{"District":"Darjiling","Dist_LGD":"327","Sub_dist":"Jor Bungalow Sukhiya Pokhri","Subdis_LGD":"2159","Subdis_Typ":"Cd_Block","Vill_name":"Darjeeling (M)","Vill_Cat":"Fully_Urban","Vill_LGD":"801634","arr_project":"asha2"}}
]}