{"type":"FeatureCollection", "features": [
{"type":"Feature","geometry":{"type":"MultiPolygon","coordinates":[[[[88.45798,26.70698],[88.45113,26.70733],[88.45064,26.70115],[88.44673,26.69122],[88.44822,26.68896],[88.45284,26.6867],[88.45263,26.68135],[88.43381,26.67904],[88.42866,26.67914],[88.42218,26.67802],[88.41574,26.67404],[88.41225,26.6738],[88.41096,26.6937],[88.41319,26.69993],[88.40947,26.69934],[88.40165,26.69308],[88.39984,26.68697],[88.39744,26.68372],[88.39181,26.6816],[88.38995,26.67801],[88.39243,26.67586],[88.39794,26.67424],[88.40042,26.67242],[88.40044,26.66947],[88.41749,26.66717],[88.4255,26.66554],[88.439,26.67039],[88.44302,26.66914],[88.44576,26.66982],[88.44722,26.67514],[88.45109,26.6751],[88.45428,26.67352],[88.4546,26.66917],[88.46287,26.66852],[88.46913,26.67012],[88.47088,26.67351],[88.46969,26.67781],[88.47091,26.68081],[88.46394,26.68444],[88.46337,26.68668],[88.46434,26.69332],[88.45917,26.6978],[88.45798,26.70698]]],[[[88.4673,26.71248],[88.4688,26.72005],[88.4675,26.72448],[88.46389,26.72836],[88.45966,26.7357],[88.45672,26.73723],[88.45675,26.73989],[88.45437,26.74265],[88.45257,26.72511],[88.45244,26.71487],[88.45695,26.71629],[88.45876,26.7092],[88.46159,26.70945],[88.46414,26.71183],[88.4673,26.71248]]],[[[88.45295,26.76713],[88.45632,26.76866],[88.45515,26.77507],[88.45132,26.786],[88.44901,26.79008],[88.44431,26.78686],[88.44259,26.78852],[88.44243,26.79392],[88.4384,26.79463],[88.43874,26.79175],[88.44199,26.7905],[88.4389,26.78745],[88.44175,26.78572],[88.4397,26.7824],[88.43471,26.78377],[88.43383,26.78018],[88.43763,26.77593],[88.43759,26.7713],[88.43408,26.76569],[88.43755,26.76092],[88.44257,26.76882],[88.44571,26.76739],[88.45295,26.76713]]]]},"properties":{"District":"Jalpaiguri","Dist_LGD":"328","Sub_dist":"Rajganj","Subdis_LGD":"2166","Subdis_Typ":"Cd_Block","Vill_name":"Dabgram (P) (Ct)","Vill_Cat":"Partly_Urban","Vill_LGD":"306882","arr_project":"asha1,asha2"}},
{"type":"Feature","geometry":{"type":"Polygon","coordinates":[[[88.66062,26.75019],[88.65982,26.7555],[88.65542,26.75402],[88.649,26.75392],[88.64583,26.75575],[88.63973,26.75518],[88.63798,26.75101],[88.63996,26.74446],[88.6403,26.73817],[88.64484,26.7387],[88.64667,26.73508],[88.6532,26.73367],[88.65551,26.73165],[88.66074,26.73179],[88.66288,26.73388],[88.67431,26.7329],[88.67618,26.73636],[88.67381,26.74091],[88.6682,26.74302],[88.66788,26.74724],[88.66186,26.74806],[88.66062,26.75019]]]},"properties":{"District":"Jalpaiguri","Dist_LGD":"328","Sub_dist":"Kranti","Subdis_LGD":"02167N003","Subdis_Typ":"Cd_Block","Vill_name":"Dakshin Hanskhali","Vill_Cat":"Rural","Vill_LGD":"306942","arr_project":"asha1,asha2"}},
{"type":"Feature","geometry":{"type":"Polygon","coordinates":[[[88.62532,26.71082],[88.62469,26.71769],[88.622,26.71756],[88.62018,26.72201],[88.61691,26.72769],[88.61431,26.7265],[88.61062,26.7194],[88.61259,26.71587],[88.62022,26.71455],[88.62532,26.71082]]]},"properties":{"District":"Jalpaiguri","Dist_LGD":"328","Sub_dist":"Kranti","Subdis_LGD":"02167N003","Subdis_Typ":"Cd_Block","Vill_name":"Apalchand","Vill_Cat":"Rural","Vill_LGD":"306945","arr_project":"asha1,asha2"}},
{"type":"Feature","geometry":{"type":"Polygon","coordinates":[[[88.6575,26.71678],[88.65491,26.72153],[88.64932,26.71822],[88.6463,26.71501],[88.64335,26.7188],[88.63615,26.71898],[88.63382,26.72035],[88.62984,26.72139],[88.62214,26.72072],[88.62018,26.72201],[88.622,26.71756],[88.62469,26.71769],[88.62532,26.71082],[88.62846,26.70455],[88.62772,26.70077],[88.62435,26.69537],[88.6265,26.69386],[88.63141,26.69789],[88.63778,26.70022],[88.63686,26.70546],[88.64123,26.70649],[88.64352,26.70984],[88.64771,26.70724],[88.64847,26.70482],[88.65214,26.70414],[88.65287,26.702],[88.65702,26.70256],[88.65867,26.70521],[88.65894,26.7071],[88.65293,26.71172],[88.65468,26.71535],[88.6575,26.71678]]]},"properties":{"District":"Jalpaiguri","Dist_LGD":"328","Sub_dist":"Kranti","Subdis_LGD":"02167N003","Subdis_Typ":"Cd_Block","Vill_name":"Neolabasti","Vill_Cat":"Rural","Vill_LGD":"306946","arr_project":"asha1,asha2"}},
{"type":"Feature","geometry":{"type":"Polygon","coordinates":[[[88.65867,26.70521],[88.65702,26.70256],[88.65287,26.702],[88.65214,26.70414],[88.64847,26.70482],[88.64771,26.70724],[88.64352,26.70984],[88.64123,26.70649],[88.63686,26.70546],[88.63778,26.70022],[88.63932,26.69807],[88.63853,26.68985],[88.64296,26.68961],[88.64675,26.69126],[88.64857,26.69432],[88.65236,26.69377],[88.65247,26.69645],[88.65628,26.69713],[88.66385,26.69632],[88.6625,26.70129],[88.66383,26.70501],[88.65867,26.70521]]]},"properties":{"District":"Jalpaiguri","Dist_LGD":"328","Sub_dist":"Kranti","Subdis_LGD":"02167N003","Subdis_Typ":"Cd_Block","Vill_name":"Golabari","Vill_Cat":"Rural","Vill_LGD":"306947","arr_project":"asha1,asha2"}},
{"type":"Feature","geometry":{"type":"Polygon","coordinates":[[[88.65551,26.73165],[88.6532,26.73367],[88.64667,26.73508],[88.64296,26.73418],[88.63688,26.73716],[88.63447,26.7287],[88.63382,26.72035],[88.63615,26.71898],[88.64335,26.7188],[88.6463,26.71501],[88.64932,26.71822],[88.65491,26.72153],[88.6575,26.71678],[88.66044,26.7192],[88.65847,26.72566],[88.65551,26.73165]]]},"properties":{"District":"Jalpaiguri","Dist_LGD":"328","Sub_dist":"Kranti","Subdis_LGD":"02167N003","Subdis_Typ":"Cd_Block","Vill_name":"Gochimari","Vill_Cat":"Rural","Vill_LGD":"306943","arr_project":"asha1,asha2"}},
{"type":"Feature","geometry":{"type":"Polygon","coordinates":[[[88.79539,26.88775],[88.81299,26.88555],[88.82689,26.88431],[88.82862,26.89541],[88.83331,26.89751],[88.83517,26.90263],[88.83361,26.90421],[88.82719,26.90539],[88.8121,26.90677],[88.80512,26.90804],[88.79885,26.90445],[88.80132,26.89838],[88.80053,26.89717],[88.79792,26.89429],[88.79499,26.89385],[88.79539,26.88775]]]},"properties":{"District":"Jalpaiguri","Dist_LGD":"328","Sub_dist":"Matiali","Subdis_LGD":"2168","Subdis_Typ":"Cd_Block","Vill_name":"Kilkote Tea Garden","Vill_Cat":"Rural","Vill_LGD":"307004","arr_project":"asha1,asha2"}},
{"type":"Feature","geometry":{"type":"Polygon","coordinates":[[[88.78429,26.82045],[88.77889,26.82024],[88.77354,26.81584],[88.76812,26.81634],[88.76427,26.81251],[88.76233,26.80887],[88.75632,26.80552],[88.75648,26.80092],[88.75517,26.79666],[88.76048,26.80178],[88.76575,26.80324],[88.7679,26.80623],[88.77494,26.80773],[88.77724,26.81217],[88.78161,26.80985],[88.7855,26.8123],[88.78858,26.8158],[88.78857,26.81718],[88.78429,26.82045]]]},"properties":{"District":"Jalpaiguri","Dist_LGD":"328","Sub_dist":"Matiali","Subdis_LGD":"2168","Subdis_Typ":"Cd_Block","Vill_name":"Bara Dighi","Vill_Cat":"Rural","Vill_LGD":"307010","arr_project":"asha1,asha2"}},
{"type":"Feature","geometry":{"type":"Polygon","coordinates":[[[88.67455,26.88672],[88.67793,26.88708],[88.679,26.88982],[88.68239,26.88978],[88.6835,26.89516],[88.68683,26.90256],[88.68925,26.90576],[88.70333,26.90478],[88.70641,26.90536],[88.70329,26.91284],[88.68757,26.91341],[88.66622,26.91268],[88.65897,26.91339],[88.65522,26.90321],[88.65251,26.90112],[88.65828,26.89752],[88.66614,26.89674],[88.6724,26.88602],[88.67455,26.88672]]]},"properties":{"District":"Jalpaiguri","Dist_LGD":"328","Sub_dist":"Mal","Subdis_LGD":"2167","Subdis_Typ":"Cd_Block","Vill_name":"Syli Tea Garden","Vill_Cat":"Rural","Vill_LGD":"306915","arr_project":"asha1,asha2"}},
{"type":"Feature","geometry":{"type":"Polygon","coordinates":[[[88.70208,26.85266],[88.68661,26.85337],[88.67833,26.85452],[88.67309,26.85388],[88.67138,26.8466],[88.6691,26.84666],[88.66728,26.84481],[88.66624,26.83875],[88.67997,26.8381],[88.69626,26.83775],[88.70632,26.83744],[88.70659,26.84801],[88.69942,26.8485],[88.70208,26.85266]]]},"properties":{"District":"Jalpaiguri","Dist_LGD":"328","Sub_dist":"Mal","Subdis_LGD":"2167","Subdis_Typ":"Cd_Block","Vill_name":"Kumlai Tea Garden","Vill_Cat":"Rural","Vill_LGD":"306923","arr_project":"asha1,asha2"}},
{"type":"Feature","geometry":{"type":"Polygon","coordinates":[[[88.56107,26.83855],[88.56355,26.83464],[88.56164,26.8312],[88.56444,26.8277],[88.5684,26.82775],[88.57338,26.82161],[88.57551,26.81597],[88.58002,26.81648],[88.58421,26.82107],[88.58753,26.82749],[88.58651,26.82925],[88.58469,26.8299],[88.57805,26.83609],[88.57808,26.84275],[88.56671,26.84358],[88.56382,26.84549],[88.56107,26.83855]]]},"properties":{"District":"Jalpaiguri","Dist_LGD":"328","Sub_dist":"Mal","Subdis_LGD":"2167","Subdis_Typ":"Cd_Block","Vill_name":"Saogaon Tea Garden","Vill_Cat":"Rural","Vill_LGD":"306893","arr_project":"asha1,asha2"}},
{"type":"Feature","geometry":{"type":"Polygon","coordinates":[[[88.60171,26.85947],[88.59895,26.86442],[88.5916,26.86732],[88.58942,26.87015],[88.58567,26.86315],[88.56855,26.86409],[88.56558,26.85929],[88.56382,26.84549],[88.56671,26.84358],[88.57808,26.84275],[88.57805,26.83609],[88.58469,26.8299],[88.58651,26.82925],[88.59351,26.83974],[88.5937,26.84476],[88.59681,26.85369],[88.59707,26.85911],[88.60171,26.85947]]]},"properties":{"District":"Jalpaiguri","Dist_LGD":"328","Sub_dist":"Mal","Subdis_LGD":"2167","Subdis_Typ":"Cd_Block","Vill_name":"Lishriver Tea Garden","Vill_Cat":"Rural","Vill_LGD":"306894","arr_project":"asha1,asha2"}},
{"type":"Feature","geometry":{"type":"Polygon","coordinates":[[[88.91867,26.76362],[88.9296,26.76289],[88.93222,26.76502],[88.93589,26.76425],[88.93809,26.76853],[88.94104,26.78719],[88.93998,26.78826],[88.93071,26.78946],[88.92837,26.7824],[88.92532,26.77899],[88.91197,26.77918],[88.91055,26.7752],[88.91043,26.7644],[88.91867,26.76362]]]},"properties":{"District":"Jalpaiguri","Dist_LGD":"328","Sub_dist":"Nagrakata","Subdis_LGD":"2169","Subdis_Typ":"Cd_Block","Vill_name":"Kalabari Tea Garden (N)","Vill_Cat":"Rural","Vill_LGD":"307049","arr_project":"asha1,asha2"}},
{"type":"Feature","geometry":{"type":"Polygon","coordinates":[[[88.90079,26.71918],[88.89946,26.72163],[88.89924,26.72664],[88.89524,26.72364],[88.88302,26.72598],[88.88116,26.72153],[88.87191,26.71612],[88.86973,26.71225],[88.87038,26.70647],[88.8715,26.70303],[88.8798,26.69877],[88.88081,26.70169],[88.88613,26.70184],[88.8949,26.70294],[88.89388,26.70832],[88.89476,26.71401],[88.90079,26.71918]]]},"properties":{"District":"Jalpaiguri","Dist_LGD":"328","Sub_dist":"Nagrakata","Subdis_LGD":"2169","Subdis_Typ":"Cd_Block","Vill_name":"Jaldhaka Altadanga Tea Garden (N)","Vill_Cat":"Rural","Vill_LGD":"307046","arr_project":"asha1,asha2"}},
{"type":"Feature","geometry":{"type":"Polygon","coordinates":[[[88.86765,26.77969],[88.86585,26.77691],[88.86579,26.77198],[88.85953,26.76892],[88.85729,26.76073],[88.86402,26.75186],[88.86717,26.75119],[88.87254,26.73937],[88.87158,26.73551],[88.86866,26.73355],[88.8659,26.72701],[88.8684,26.729],[88.8725,26.72927],[88.87319,26.73302],[88.87681,26.73257],[88.88069,26.73373],[88.88252,26.7397],[88.88161,26.74682],[88.88392,26.75162],[88.88319,26.7533],[88.88491,26.75775],[88.88143,26.76231],[88.87975,26.76834],[88.88183,26.77391],[88.88101,26.77938],[88.87743,26.77738],[88.87494,26.78301],[88.86765,26.77969]]]},"properties":{"District":"Jalpaiguri","Dist_LGD":"328","Sub_dist":"Nagrakata","Subdis_LGD":"2169","Subdis_Typ":"Cd_Block","Vill_name":"Bamandanga Tea Garden","Vill_Cat":"Rural","Vill_LGD":"307043","arr_project":"asha1,asha2"}},
{"type":"Feature","geometry":{"type":"Polygon","coordinates":[[[88.90959,26.71937],[88.90469,26.72131],[88.90221,26.71904],[88.90396,26.71604],[88.90712,26.71455],[88.90649,26.71117],[88.90395,26.70937],[88.90464,26.70664],[88.90409,26.7003],[88.90599,26.69999],[88.90658,26.70532],[88.91656,26.70557],[88.91526,26.71031],[88.91481,26.71666],[88.90961,26.7166],[88.90959,26.71937]]]},"properties":{"District":"Jalpaiguri","Dist_LGD":"328","Sub_dist":"Banarhat","Subdis_LGD":"02176N004","Subdis_Typ":"Cd_Block","Vill_name":"Dakhin Nunkhawa Danga  (D)","Vill_Cat":"Rural","Vill_LGD":"307436","arr_project":"asha1,asha2"}},
{"type":"Feature","geometry":{"type":"Polygon","coordinates":[[[88.87842,26.93198],[88.87853,26.92603],[88.88182,26.92258],[88.88338,26.92708],[88.88278,26.92983],[88.87842,26.93198]]]},"properties":{"District":"Jalpaiguri","Dist_LGD":"328","Sub_dist":"Nagrakata","Subdis_LGD":"2169","Subdis_Typ":"Cd_Block","Vill_name":"Hilla","Vill_Cat":"Rural","Vill_LGD":"307026","arr_project":"asha1,asha2"}},
{"type":"Feature","geometry":{"type":"Polygon","coordinates":[[[88.89347,26.86767],[88.8985,26.86616],[88.90389,26.86585],[88.9117,26.86388],[88.91348,26.869],[88.91012,26.87569],[88.90351,26.8767],[88.90199,26.88063],[88.89928,26.88425],[88.89731,26.89243],[88.89626,26.89273],[88.89262,26.88986],[88.89432,26.87503],[88.89347,26.86767]]]},"properties":{"District":"Jalpaiguri","Dist_LGD":"328","Sub_dist":"Nagrakata","Subdis_LGD":"2169","Subdis_Typ":"Cd_Block","Vill_name":"Sukhani Basti (Ct)","Vill_Cat":"Partly_Urban","Vill_LGD":"307029","arr_project":"asha1,asha2"}},
{"type":"Feature","geometry":{"type":"Polygon","coordinates":[[[89.02861,26.86828],[89.03011,26.86745],[89.03165,26.86815],[89.0301,26.86916],[89.02861,26.86828]]]},"properties":{"District":"Jalpaiguri","Dist_LGD":"328","Sub_dist":"Banarhat","Subdis_LGD":"02176N004","Subdis_Typ":"Cd_Block","Vill_name":"Red Bank","Vill_Cat":"Rural","Vill_LGD":"307403","arr_project":"asha1,asha2"}},
{"type":"Feature","geometry":{"type":"Polygon","coordinates":[[[88.93974,26.72616],[88.93093,26.72697],[88.92913,26.72642],[88.9178,26.73045],[88.91924,26.72683],[88.91802,26.72348],[88.91223,26.71927],[88.90959,26.71937],[88.90961,26.7166],[88.91481,26.71666],[88.92367,26.71732],[88.92424,26.71395],[88.93471,26.71408],[88.93479,26.71884],[88.93784,26.72107],[88.93974,26.72616]]]},"properties":{"District":"Jalpaiguri","Dist_LGD":"328","Sub_dist":"Nagrakata","Subdis_LGD":"2169","Subdis_Typ":"Cd_Block","Vill_name":"Uttar Nunkhawa Danga (N)","Vill_Cat":"Rural","Vill_LGD":"307055","arr_project":"asha1,asha2"}},
{"type":"Feature","geometry":{"type":"Polygon","coordinates":[[[88.89442,26.90464],[88.89246,26.90106],[88.89196,26.8958],[88.89329,26.89367],[88.89262,26.88986],[88.89626,26.89273],[88.89539,26.89566],[88.89757,26.89806],[88.89738,26.90108],[88.89442,26.90464]]]},"properties":{"District":"Jalpaiguri","Dist_LGD":"328","Sub_dist":"Nagrakata","Subdis_LGD":"2169","Subdis_Typ":"Cd_Block","Vill_name":"Nagrakata","Vill_Cat":"Rural","Vill_LGD":"307028","arr_project":"asha1,asha2"}},
{"type":"Feature","geometry":{"type":"Polygon","coordinates":[[[88.94754,26.75706],[88.94667,26.76008],[88.94832,26.76471],[88.94679,26.76671],[88.94955,26.77808],[88.94325,26.77746],[88.94177,26.7733],[88.94502,26.77173],[88.94269,26.76905],[88.94375,26.76431],[88.94282,26.76004],[88.93863,26.75843],[88.93669,26.75284],[88.94225,26.74877],[88.9378,26.74829],[88.93486,26.74624],[88.93482,26.74209],[88.94147,26.74016],[88.94669,26.73997],[88.94876,26.73977],[88.94948,26.7436],[88.94734,26.74967],[88.94754,26.75706]]]},"properties":{"District":"Jalpaiguri","Dist_LGD":"328","Sub_dist":"Banarhat","Subdis_LGD":"02176N004","Subdis_Typ":"Cd_Block","Vill_name":"Uttar Shalbari (D)","Vill_Cat":"Rural","Vill_LGD":"307429","arr_project":"asha1,asha2"}},
{"type":"Feature","geometry":{"type":"Polygon","coordinates":[[[88.59825,26.82034],[88.59708,26.82068],[88.59585,26.81708],[88.58481,26.81571],[88.57919,26.81318],[88.57695,26.80928],[88.57124,26.80409],[88.57076,26.79815],[88.5678,26.79422],[88.57602,26.79187],[88.57988,26.7858],[88.58015,26.78209],[88.58767,26.77413],[88.60033,26.77404],[88.6036,26.77473],[88.59913,26.78043],[88.5992,26.78275],[88.59352,26.78517],[88.59271,26.78741],[88.58897,26.78652],[88.5838,26.79096],[88.58201,26.79474],[88.58861,26.7953],[88.58773,26.79951],[88.59155,26.80647],[88.5943,26.81],[88.59721,26.81141],[88.59837,26.81528],[88.60199,26.81604],[88.59725,26.81671],[88.59825,26.82034]]]},"properties":{"District":"Jalpaiguri","Dist_LGD":"328","Sub_dist":"Mal","Subdis_LGD":"2167","Subdis_Typ":"Cd_Block","Vill_name":"Hanskhali","Vill_Cat":"Rural","Vill_LGD":"306898","arr_project":"asha1,asha2"}},
{"type":"Feature","geometry":{"type":"Polygon","coordinates":[[[88.61484,26.82186],[88.60983,26.82302],[88.606,26.82152],[88.60739,26.81742],[88.60199,26.81604],[88.59837,26.81528],[88.59721,26.81141],[88.5943,26.81],[88.59155,26.80647],[88.58773,26.79951],[88.58861,26.7953],[88.59222,26.79054],[88.59271,26.78741],[88.59352,26.78517],[88.5992,26.78275],[88.59913,26.78043],[88.6036,26.77473],[88.60033,26.77404],[88.60434,26.77108],[88.60784,26.76621],[88.60618,26.76043],[88.60714,26.75607],[88.61195,26.75333],[88.61374,26.75106],[88.61377,26.74348],[88.61866,26.73589],[88.62381,26.73614],[88.62532,26.74149],[88.6316,26.74492],[88.6336,26.73947],[88.63688,26.73716],[88.64296,26.73418],[88.64667,26.73508],[88.64484,26.7387],[88.6403,26.73817],[88.63996,26.74446],[88.63798,26.75101],[88.63857,26.75739],[88.64002,26.75944],[88.64743,26.76007],[88.65989,26.7682],[88.66427,26.7692],[88.66387,26.77362],[88.67621,26.7765],[88.67672,26.7733],[88.67963,26.77577],[88.68452,26.77433],[88.69092,26.77252],[88.69186,26.77374],[88.69531,26.77892],[88.69614,26.78175],[88.68964,26.78563],[88.69049,26.79239],[88.68377,26.79803],[88.6766,26.80241],[88.67457,26.80681],[88.67081,26.80392],[88.66603,26.80352],[88.66342,26.80896],[88.66074,26.81155],[88.65954,26.81523],[88.65848,26.8155],[88.65349,26.81482],[88.6475,26.81733],[88.62963,26.81818],[88.62122,26.81974],[88.61484,26.82186]]]},"properties":{"District":"Jalpaiguri","Dist_LGD":"328","Sub_dist":"Kranti","Subdis_LGD":"02167N003","Subdis_Typ":"Cd_Block","Vill_name":"Apalchand Forest","Vill_Cat":"Rural","Vill_LGD":"306900","arr_project":"asha1,asha2"}},
{"type":"Feature","geometry":{"type":"Polygon","coordinates":[[[88.66305,26.92522],[88.65885,26.92609],[88.65372,26.92525],[88.64215,26.92562],[88.63902,26.92522],[88.63825,26.91641],[88.63616,26.90667],[88.63466,26.90658],[88.63922,26.90577],[88.64167,26.90809],[88.6444,26.90684],[88.64965,26.90697],[88.64956,26.90336],[88.64711,26.8998],[88.64814,26.896],[88.65251,26.90112],[88.65522,26.90321],[88.65897,26.91339],[88.66305,26.92522]]]},"properties":{"District":"Jalpaiguri","Dist_LGD":"328","Sub_dist":"Mal","Subdis_LGD":"2167","Subdis_Typ":"Cd_Block","Vill_name":"Turibari","Vill_Cat":"Rural","Vill_LGD":"306905","arr_project":"asha1,asha2"}},
{"type":"Feature","geometry":{"type":"Polygon","coordinates":[[[88.75291,26.86398],[88.75288,26.87052],[88.75059,26.87815],[88.74612,26.88136],[88.74302,26.87951],[88.74062,26.87561],[88.7368,26.88203],[88.71973,26.88271],[88.71953,26.872],[88.71552,26.87164],[88.71549,26.87152],[88.71606,26.86417],[88.72301,26.86754],[88.72658,26.86803],[88.73371,26.866],[88.73532,26.86198],[88.73789,26.86149],[88.73475,26.85596],[88.73544,26.85489],[88.73933,26.85344],[88.74435,26.85419],[88.74523,26.85198],[88.74874,26.8548],[88.75093,26.86227],[88.75291,26.86398]]]},"properties":{"District":"Jalpaiguri","Dist_LGD":"328","Sub_dist":"Mal","Subdis_LGD":"2167","Subdis_Typ":"Cd_Block","Vill_name":"Mal (M)","Vill_Cat":"Fully_Urban","Vill_LGD":"801639","arr_project":"asha1,asha2"}},
{"type":"Feature","geometry":{"type":"Polygon","coordinates":[[[88.72305,26.84599],[88.7218,26.84356],[88.72286,26.8402],[88.72584,26.83901],[88.72932,26.84157],[88.72821,26.84554],[88.73122,26.84689],[88.73437,26.85035],[88.73544,26.85489],[88.73475,26.85596],[88.72884,26.85692],[88.72673,26.85188],[88.72358,26.8494],[88.72305,26.84599]]]},"properties":{"District":"Jalpaiguri","Dist_LGD":"328","Sub_dist":"Mal","Subdis_LGD":"2167","Subdis_Typ":"Cd_Block","Vill_name":"Haihai Pathar Tea Garden Ii","Vill_Cat":"Rural","Vill_LGD":"306926","arr_project":"asha1,asha2"}},
{"type":"Feature","geometry":{"type":"Polygon","coordinates":[[[88.74523,26.85198],[88.74435,26.85419],[88.73933,26.85344],[88.73544,26.85489],[88.73437,26.85035],[88.73122,26.84689],[88.72821,26.84554],[88.72932,26.84157],[88.72584,26.83901],[88.72286,26.8402],[88.7218,26.84356],[88.72305,26.84599],[88.71942,26.845],[88.71954,26.83895],[88.71859,26.83618],[88.72117,26.83597],[88.72197,26.83077],[88.72815,26.83056],[88.73053,26.83284],[88.73473,26.83274],[88.73597,26.83068],[88.74306,26.83118],[88.74759,26.8325],[88.75223,26.83184],[88.75195,26.83278],[88.75185,26.83861],[88.74761,26.84191],[88.74961,26.84624],[88.74523,26.85198]]]},"properties":{"District":"Jalpaiguri","Dist_LGD":"328","Sub_dist":"Mal","Subdis_LGD":"2167","Subdis_Typ":"Cd_Block","Vill_name":"Tesimala","Vill_Cat":"Rural","Vill_LGD":"306927","arr_project":"asha1,asha2"}},
{"type":"Feature","geometry":{"type":"Polygon","coordinates":[[[88.75223,26.83184],[88.74759,26.8325],[88.74306,26.83118],[88.73597,26.83068],[88.73473,26.83274],[88.73053,26.83284],[88.72815,26.83056],[88.72197,26.83077],[88.72368,26.82576],[88.72306,26.82229],[88.72592,26.82026],[88.73086,26.82081],[88.72865,26.81646],[88.73045,26.81478],[88.7287,26.8059],[88.73039,26.80037],[88.73704,26.80063],[88.7433,26.80242],[88.74641,26.80507],[88.75025,26.80409],[88.75648,26.80092],[88.75632,26.80552],[88.75246,26.80955],[88.75403,26.81194],[88.75509,26.81413],[88.75183,26.82285],[88.75378,26.8285],[88.75223,26.83184]]]},"properties":{"District":"Jalpaiguri","Dist_LGD":"328","Sub_dist":"Mal","Subdis_LGD":"2167","Subdis_Typ":"Cd_Block","Vill_name":"Haihaipathar","Vill_Cat":"Rural","Vill_LGD":"306928","arr_project":"asha1,asha2"}},
{"type":"Feature","geometry":{"type":"Polygon","coordinates":[[[88.73006,26.78398],[88.73116,26.78881],[88.73503,26.78866],[88.7411,26.79244],[88.74514,26.7986],[88.7452,26.8011],[88.7407,26.80024],[88.74093,26.79795],[88.73564,26.79707],[88.73704,26.80063],[88.73039,26.80037],[88.72263,26.79966],[88.72301,26.80353],[88.7193,26.80494],[88.71982,26.79568],[88.71793,26.79392],[88.71959,26.79135],[88.71887,26.78426],[88.72339,26.78628],[88.72241,26.77876],[88.72713,26.77922],[88.72988,26.7802],[88.73006,26.78398]]]},"properties":{"District":"Jalpaiguri","Dist_LGD":"328","Sub_dist":"Mal","Subdis_LGD":"2167","Subdis_Typ":"Cd_Block","Vill_name":"Nipuchhapur Tea Garden","Vill_Cat":"Rural","Vill_LGD":"306933","arr_project":"asha1,asha2"}},
{"type":"Feature","geometry":{"type":"Polygon","coordinates":[[[88.63997,26.89024],[88.63701,26.8903],[88.63867,26.89676],[88.63523,26.89755],[88.63422,26.89393],[88.62821,26.89392],[88.62722,26.8905],[88.61979,26.8906],[88.61841,26.87936],[88.61256,26.87878],[88.61349,26.87398],[88.61143,26.87164],[88.61147,26.86914],[88.62726,26.86886],[88.6278,26.87353],[88.63434,26.87465],[88.63997,26.89024]]]},"properties":{"District":"Jalpaiguri","Dist_LGD":"328","Sub_dist":"Mal","Subdis_LGD":"2167","Subdis_Typ":"Cd_Block","Vill_name":"Manabari Tea Garden","Vill_Cat":"Rural","Vill_LGD":"306903","arr_project":"asha1,asha2"}},
{"type":"Feature","geometry":{"type":"Polygon","coordinates":[[[88.71434,26.90894],[88.71571,26.90238],[88.72059,26.90251],[88.7218,26.89795],[88.71998,26.88924],[88.73125,26.88944],[88.7292,26.89283],[88.73544,26.89398],[88.73376,26.90272],[88.73075,26.90535],[88.72918,26.90912],[88.72151,26.90811],[88.7206,26.91266],[88.71307,26.91267],[88.71434,26.90894]]]},"properties":{"District":"Jalpaiguri","Dist_LGD":"328","Sub_dist":"Mal","Subdis_LGD":"2167","Subdis_Typ":"Cd_Block","Vill_name":"Gurjang Jhora Tea Garden","Vill_Cat":"Rural","Vill_LGD":"306910","arr_project":"asha1,asha2"}},
{"type":"Feature","geometry":{"type":"Polygon","coordinates":[[[88.74612,26.88136],[88.74631,26.8851],[88.74492,26.88953],[88.73948,26.89614],[88.74027,26.90279],[88.73376,26.90272],[88.73544,26.89398],[88.7292,26.89283],[88.73125,26.88944],[88.7368,26.88203],[88.74062,26.87561],[88.74302,26.87951],[88.74612,26.88136]]]},"properties":{"District":"Jalpaiguri","Dist_LGD":"328","Sub_dist":"Mal","Subdis_LGD":"2167","Subdis_Typ":"Cd_Block","Vill_name":"Tunbari Tea Garden (P)","Vill_Cat":"Rural","Vill_LGD":"306911","arr_project":"asha1,asha2"}},
{"type":"Feature","geometry":{"type":"Polygon","coordinates":[[[88.71552,26.87164],[88.71953,26.872],[88.71973,26.88271],[88.7368,26.88203],[88.73125,26.88944],[88.71998,26.88924],[88.7218,26.89795],[88.72059,26.90251],[88.71571,26.90238],[88.71434,26.90894],[88.70891,26.90174],[88.711,26.89575],[88.71532,26.89217],[88.71566,26.88942],[88.71258,26.88225],[88.71591,26.87653],[88.71552,26.87164]]]},"properties":{"District":"Jalpaiguri","Dist_LGD":"328","Sub_dist":"Mal","Subdis_LGD":"2167","Subdis_Typ":"Cd_Block","Vill_name":"Nidam Jhora Tea Garden","Vill_Cat":"Rural","Vill_LGD":"306912","arr_project":"asha1,asha2"}},
{"type":"Feature","geometry":{"type":"Polygon","coordinates":[[[88.73903,26.90947],[88.73791,26.91377],[88.73432,26.91306],[88.7206,26.91266],[88.72151,26.90811],[88.72918,26.90912],[88.73075,26.90535],[88.73376,26.90272],[88.74027,26.90279],[88.73873,26.90639],[88.73903,26.90947]]]},"properties":{"District":"Jalpaiguri","Dist_LGD":"328","Sub_dist":"Mal","Subdis_LGD":"2167","Subdis_Typ":"Cd_Block","Vill_name":"Malnadi Tea Garden","Vill_Cat":"Rural","Vill_LGD":"306909","arr_project":"asha1,asha2"}},
{"type":"Feature","geometry":{"type":"Polygon","coordinates":[[[88.73371,26.866],[88.73016,26.86694],[88.72806,26.86438],[88.72836,26.85975],[88.72415,26.85421],[88.71606,26.86417],[88.71549,26.87152],[88.70594,26.86925],[88.70509,26.85891],[88.70511,26.85263],[88.70208,26.85266],[88.69942,26.8485],[88.70659,26.84801],[88.70632,26.83744],[88.71234,26.83704],[88.71286,26.84787],[88.72272,26.84812],[88.72358,26.8494],[88.72673,26.85188],[88.72884,26.85692],[88.73475,26.85596],[88.73789,26.86149],[88.73532,26.86198],[88.73371,26.866]]]},"properties":{"District":"Jalpaiguri","Dist_LGD":"328","Sub_dist":"Mal","Subdis_LGD":"2167","Subdis_Typ":"Cd_Block","Vill_name":"New Clenco Tea Garden (P)","Vill_Cat":"Rural","Vill_LGD":"306924","arr_project":"asha1,asha2"}},
{"type":"Feature","geometry":{"type":"Polygon","coordinates":[[[88.67309,26.85388],[88.67833,26.85452],[88.68661,26.85337],[88.70208,26.85266],[88.70511,26.85263],[88.70509,26.85891],[88.70594,26.86925],[88.69702,26.86941],[88.69128,26.87013],[88.68154,26.86999],[88.66901,26.86992],[88.67021,26.86152],[88.67309,26.85388]]]},"properties":{"District":"Jalpaiguri","Dist_LGD":"328","Sub_dist":"Mal","Subdis_LGD":"2167","Subdis_Typ":"Cd_Block","Vill_name":"Sisubari Tea Garden","Vill_Cat":"Rural","Vill_LGD":"306918","arr_project":"asha1,asha2"}},
{"type":"Feature","geometry":{"type":"Polygon","coordinates":[[[88.64645,26.85316],[88.65163,26.85227],[88.65818,26.85231],[88.66461,26.85087],[88.66893,26.85077],[88.67004,26.85832],[88.64785,26.8631],[88.64658,26.86446],[88.64551,26.85615],[88.64645,26.85316]]]},"properties":{"District":"Jalpaiguri","Dist_LGD":"328","Sub_dist":"Mal","Subdis_LGD":"2167","Subdis_Typ":"Cd_Block","Vill_name":"Betbari Tea Garden","Vill_Cat":"Rural","Vill_LGD":"306920","arr_project":"asha1,asha2"}},
{"type":"Feature","geometry":{"type":"Polygon","coordinates":[[[88.66893,26.85077],[88.66461,26.85087],[88.65818,26.85231],[88.65163,26.85227],[88.64645,26.85316],[88.6401,26.85267],[88.64732,26.84746],[88.6552,26.8383],[88.65634,26.83153],[88.65818,26.82988],[88.66054,26.82088],[88.66306,26.81613],[88.66843,26.81238],[88.67457,26.80681],[88.67915,26.80561],[88.68067,26.81301],[88.68684,26.81005],[88.68734,26.81519],[88.69511,26.81708],[88.69581,26.82261],[88.69626,26.83775],[88.67997,26.8381],[88.66624,26.83875],[88.66728,26.84481],[88.6691,26.84666],[88.66893,26.85077]]]},"properties":{"District":"Jalpaiguri","Dist_LGD":"328","Sub_dist":"Mal","Subdis_LGD":"2167","Subdis_Typ":"Cd_Block","Vill_name":"Damdim Tea Garden","Vill_Cat":"Rural","Vill_LGD":"306922","arr_project":"asha1,asha2"}},
{"type":"Feature","geometry":{"type":"Polygon","coordinates":[[[88.72305,26.84599],[88.72358,26.8494],[88.72272,26.84812],[88.71286,26.84787],[88.71234,26.83704],[88.70632,26.83744],[88.69626,26.83775],[88.69581,26.82261],[88.69511,26.81708],[88.68734,26.81519],[88.68684,26.81005],[88.68067,26.81301],[88.67915,26.80561],[88.6825,26.80331],[88.68786,26.80319],[88.69036,26.80553],[88.69264,26.80391],[88.7047,26.80166],[88.71004,26.8068],[88.71372,26.80777],[88.71605,26.80546],[88.71945,26.80576],[88.71793,26.8127],[88.71484,26.81598],[88.7142,26.82118],[88.71774,26.82463],[88.7178,26.8267],[88.71227,26.82776],[88.71576,26.83604],[88.71859,26.83618],[88.71954,26.83895],[88.71942,26.845],[88.72305,26.84599]]]},"properties":{"District":"Jalpaiguri","Dist_LGD":"328","Sub_dist":"Mal","Subdis_LGD":"2167","Subdis_Typ":"Cd_Block","Vill_name":"Bainguri Tea Garden","Vill_Cat":"Rural","Vill_LGD":"306930","arr_project":"asha1,asha2"}},
{"type":"Feature","geometry":{"type":"Polygon","coordinates":[[[88.59825,26.82034],[88.59725,26.81671],[88.60199,26.81604],[88.60739,26.81742],[88.606,26.82152],[88.60983,26.82302],[88.61484,26.82186],[88.61614,26.82417],[88.62067,26.82378],[88.62091,26.82718],[88.62358,26.83407],[88.61302,26.83533],[88.61439,26.83314],[88.61131,26.82921],[88.60423,26.8279],[88.60074,26.82461],[88.59825,26.82034]]]},"properties":{"District":"Jalpaiguri","Dist_LGD":"328","Sub_dist":"Mal","Subdis_LGD":"2167","Subdis_Typ":"Cd_Block","Vill_name":"Odlabari Tea Garden","Vill_Cat":"Rural","Vill_LGD":"306902","arr_project":"asha1,asha2"}},
{"type":"Feature","geometry":{"type":"Polygon","coordinates":[[[88.60402,26.88234],[88.59762,26.88434],[88.59206,26.88799],[88.59011,26.88736],[88.58097,26.89026],[88.57325,26.89199],[88.56544,26.88549],[88.56722,26.88117],[88.56527,26.87486],[88.56462,26.86398],[88.56558,26.85929],[88.56855,26.86409],[88.58567,26.86315],[88.58942,26.87015],[88.5916,26.86732],[88.59895,26.86442],[88.60229,26.86803],[88.60309,26.87529],[88.60264,26.87978],[88.60402,26.88234]]]},"properties":{"District":"Jalpaiguri","Dist_LGD":"328","Sub_dist":"Mal","Subdis_LGD":"2167","Subdis_Typ":"Cd_Block","Vill_name":"Bagrakot Tea Garden","Vill_Cat":"Rural","Vill_LGD":"306895","arr_project":"asha1,asha2"}},
{"type":"Feature","geometry":{"type":"Polygon","coordinates":[[[88.98694,26.81946],[89.00872,26.81928],[89.00795,26.82285],[88.98795,26.82327],[88.98694,26.81946]]]},"properties":{"District":"Jalpaiguri","Dist_LGD":"328","Sub_dist":"Banarhat","Subdis_LGD":"02176N004","Subdis_Typ":"Cd_Block","Vill_name":"Chapaguri   (D)","Vill_Cat":"Rural","Vill_LGD":"307415","arr_project":"asha1,asha2"}},
{"type":"Feature","geometry":{"type":"Polygon","coordinates":[[[88.98795,26.82327],[88.98987,26.8345],[88.98552,26.84086],[88.97763,26.83241],[88.97514,26.83325],[88.97022,26.8313],[88.96944,26.82938],[88.96841,26.82265],[88.96477,26.81983],[88.96988,26.82068],[88.97146,26.82244],[88.97631,26.82076],[88.97448,26.81735],[88.97086,26.8175],[88.96954,26.80887],[88.97519,26.80802],[88.97808,26.80553],[88.97489,26.79999],[88.9788,26.79976],[88.9801,26.80769],[88.98737,26.80765],[88.98657,26.81459],[88.98694,26.81946],[88.98795,26.82327]]]},"properties":{"District":"Jalpaiguri","Dist_LGD":"328","Sub_dist":"Banarhat","Subdis_LGD":"02176N004","Subdis_Typ":"Cd_Block","Vill_name":"Prayagpur (D)","Vill_Cat":"Rural","Vill_LGD":"307414","arr_project":"asha1,asha2"}},
{"type":"Feature","geometry":{"type":"Polygon","coordinates":[[[88.96577,26.76499],[88.96814,26.77025],[88.96654,26.77196],[88.96799,26.78688],[88.96793,26.79456],[88.96475,26.79429],[88.95707,26.79401],[88.95548,26.79234],[88.95279,26.78883],[88.94955,26.77808],[88.94679,26.76671],[88.94832,26.76471],[88.94667,26.76008],[88.94754,26.75706],[88.95585,26.75682],[88.9559,26.75426],[88.95996,26.75257],[88.96577,26.76499]],[[88.9569,26.78113],[88.95562,26.77801],[88.95094,26.778],[88.95388,26.78122],[88.9569,26.78113]]]},"properties":{"District":"Jalpaiguri","Dist_LGD":"328","Sub_dist":"Banarhat","Subdis_LGD":"02176N004","Subdis_Typ":"Cd_Block","Vill_name":"Mogalkata Tea Garden (D)","Vill_Cat":"Rural","Vill_LGD":"307427","arr_project":"asha1,asha2"}},
{"type":"Feature","geometry":{"type":"Polygon","coordinates":[[[88.96389,26.73418],[88.96122,26.74082],[88.96252,26.74464],[88.95984,26.75001],[88.96367,26.75441],[88.96639,26.75928],[88.96612,26.7649],[88.96577,26.76499],[88.95996,26.75257],[88.9559,26.75426],[88.95585,26.75682],[88.94754,26.75706],[88.94734,26.74967],[88.94948,26.7436],[88.94876,26.73977],[88.94695,26.73791],[88.94772,26.73151],[88.94921,26.73352],[88.95528,26.73192],[88.96181,26.73238],[88.96389,26.73418]]]},"properties":{"District":"Jalpaiguri","Dist_LGD":"328","Sub_dist":"Banarhat","Subdis_LGD":"02176N004","Subdis_Typ":"Cd_Block","Vill_name":"Chanadipa (D)","Vill_Cat":"Rural","Vill_LGD":"307430","arr_project":"asha1,asha2"}},
{"type":"Feature","geometry":{"type":"Polygon","coordinates":[[[88.96088,26.72409],[88.96389,26.73418],[88.96181,26.73238],[88.95528,26.73192],[88.94921,26.73352],[88.94772,26.73151],[88.94962,26.72805],[88.94862,26.71591],[88.94784,26.71484],[88.95428,26.71313],[88.95918,26.71365],[88.96398,26.71584],[88.96085,26.71863],[88.96088,26.72409]]]},"properties":{"District":"Jalpaiguri","Dist_LGD":"328","Sub_dist":"Banarhat","Subdis_LGD":"02176N004","Subdis_Typ":"Cd_Block","Vill_name":"Madhya Shalbari (D)","Vill_Cat":"Rural","Vill_LGD":"307432","arr_project":"asha1,asha2"}},
{"type":"Feature","geometry":{"type":"Polygon","coordinates":[[[89.06664,26.69077],[89.06574,26.69296],[89.06932,26.70054],[89.06898,26.70466],[89.07056,26.70734],[89.07049,26.7172],[89.07462,26.72322],[89.07705,26.72877],[89.08128,26.72751],[89.08,26.73246],[89.07802,26.73295],[89.07641,26.74358],[89.07306,26.74423],[89.06992,26.73339],[89.06897,26.72639],[89.06749,26.72473],[89.06101,26.71355],[89.06028,26.7093],[89.06305,26.70525],[89.03991,26.7049],[89.03485,26.70376],[89.03292,26.69627],[89.03378,26.69542],[89.03959,26.69344],[89.04989,26.69272],[89.05375,26.69435],[89.05786,26.69363],[89.06023,26.68998],[89.06664,26.69077]]]},"properties":{"District":"Jalpaiguri","Dist_LGD":"328","Sub_dist":"Banarhat","Subdis_LGD":"02176N004","Subdis_Typ":"Cd_Block","Vill_name":"Sakojhora (D) (Ct)","Vill_Cat":"Partly_Urban","Vill_LGD":"307421","arr_project":"asha1,asha2"}},
{"type":"Feature","geometry":{"type":"Polygon","coordinates":[[[89.06664,26.69077],[89.06023,26.68998],[89.05786,26.69363],[89.05375,26.69435],[89.04989,26.69272],[89.03959,26.69344],[89.03378,26.69542],[89.03366,26.69162],[89.03138,26.6873],[89.03403,26.68598],[89.03411,26.68044],[89.03247,26.675],[89.03499,26.67182],[89.03956,26.67213],[89.05034,26.67052],[89.05551,26.6638],[89.0591,26.66328],[89.06418,26.67143],[89.06172,26.67485],[89.06178,26.68079],[89.06477,26.68402],[89.06664,26.69077]]]},"properties":{"District":"Jalpaiguri","Dist_LGD":"328","Sub_dist":"Banarhat","Subdis_LGD":"02176N004","Subdis_Typ":"Cd_Block","Vill_name":"Pradhanpara","Vill_Cat":"Rural","Vill_LGD":"307440","arr_project":"asha1,asha2"}},
{"type":"Feature","geometry":{"type":"Polygon","coordinates":[[[89.01812,26.66277],[89.02361,26.66263],[89.02375,26.66445],[89.03338,26.66478],[89.03539,26.66963],[89.03499,26.67182],[89.03247,26.675],[89.03411,26.68044],[89.03403,26.68598],[89.0239,26.68629],[89.02324,26.68548],[89.02345,26.67916],[89.02165,26.67789],[89.02346,26.67139],[89.0223,26.66703],[89.02006,26.66652],[89.01812,26.66277]]]},"properties":{"District":"Jalpaiguri","Dist_LGD":"328","Sub_dist":"Banarhat","Subdis_LGD":"02176N004","Subdis_Typ":"Cd_Block","Vill_name":"Sajnapara","Vill_Cat":"Rural","Vill_LGD":"307442","arr_project":"asha1,asha2"}},
{"type":"Feature","geometry":{"type":"Polygon","coordinates":[[[89.01109,26.65634],[89.01072,26.65477],[89.01578,26.6503],[89.01896,26.64406],[89.02235,26.63967],[89.02229,26.6374],[89.02823,26.63703],[89.02885,26.64267],[89.02813,26.64912],[89.02447,26.65121],[89.02415,26.65466],[89.01908,26.65443],[89.01755,26.65265],[89.01373,26.65655],[89.01218,26.66081],[89.01109,26.65634]]]},"properties":{"District":"Jalpaiguri","Dist_LGD":"328","Sub_dist":"Dhupguri","Subdis_LGD":"2176","Subdis_Typ":"Cd_Block","Vill_name":"Sonakhuli","Vill_Cat":"Rural","Vill_LGD":"307458","arr_project":"asha1,asha2"}},
{"type":"Feature","geometry":{"type":"Polygon","coordinates":[[[89.02229,26.6374],[89.01663,26.63762],[89.01633,26.63578],[89.01529,26.63136],[89.00839,26.62867],[89.00698,26.62314],[89.0086,26.62253],[89.01553,26.61891],[89.02234,26.61814],[89.02432,26.61952],[89.02571,26.62248],[89.03416,26.62476],[89.04041,26.61967],[89.04233,26.62416],[89.04754,26.6246],[89.05015,26.62576],[89.04718,26.63228],[89.04243,26.63149],[89.04063,26.63423],[89.03156,26.63501],[89.02823,26.63703],[89.02229,26.6374]]]},"properties":{"District":"Jalpaiguri","Dist_LGD":"328","Sub_dist":"Dhupguri","Subdis_LGD":"2176","Subdis_Typ":"Cd_Block","Vill_name":"Mallik Sobha","Vill_Cat":"Rural","Vill_LGD":"307460","arr_project":"asha1,asha2"}},
{"type":"Feature","geometry":{"type":"Polygon","coordinates":[[[89.04992,26.59623],[89.03443,26.60789],[89.03378,26.60485],[89.02969,26.60431],[89.0164,26.60396],[89.01498,26.60196],[89.00981,26.60025],[89.01069,26.59575],[89.01418,26.59589],[89.01654,26.59312],[89.01717,26.59233],[89.01951,26.59356],[89.0212,26.58955],[89.0266,26.59053],[89.02529,26.59655],[89.02972,26.59736],[89.03006,26.5912],[89.02917,26.58924],[89.03687,26.58842],[89.04046,26.59176],[89.04252,26.59185],[89.04485,26.59594],[89.04738,26.59129],[89.04827,26.59155],[89.04999,26.5949],[89.04992,26.59623]]]},"properties":{"District":"Jalpaiguri","Dist_LGD":"328","Sub_dist":"Dhupguri","Subdis_LGD":"2176","Subdis_Typ":"Cd_Block","Vill_name":"Dakshin Gosairhat","Vill_Cat":"Partly_Urban","Vill_LGD":"307494","arr_project":"asha1,asha2"}},
{"type":"Feature","geometry":{"type":"Polygon","coordinates":[[[89.1128,26.54674],[89.11283,26.54872],[89.10415,26.55544],[89.10561,26.55808],[89.11069,26.5587],[89.11111,26.56056],[89.10787,26.56408],[89.10179,26.56183],[89.09884,26.56622],[89.10253,26.57121],[89.1025,26.57655],[89.10529,26.57655],[89.10489,26.58222],[89.10269,26.58838],[89.10528,26.59025],[89.10259,26.59325],[89.1001,26.5915],[89.09404,26.59195],[89.09164,26.59663],[89.08808,26.59177],[89.08855,26.58913],[89.08642,26.5869],[89.08841,26.58399],[89.08737,26.58066],[89.08871,26.57351],[89.08754,26.5698],[89.08609,26.56642],[89.08651,26.55755],[89.08929,26.55354],[89.08544,26.55008],[89.09934,26.54689],[89.10332,26.5464],[89.10919,26.54858],[89.1128,26.54674]]]},"properties":{"District":"Jalpaiguri","Dist_LGD":"328","Sub_dist":"Dhupguri","Subdis_LGD":"2176","Subdis_Typ":"Cd_Block","Vill_name":"Jhar Salbari","Vill_Cat":"Rural","Vill_LGD":"307502","arr_project":"asha1,asha2"}},
{"type":"Feature","geometry":{"type":"Polygon","coordinates":[[[89.1128,26.54674],[89.10919,26.54858],[89.10332,26.5464],[89.09934,26.54689],[89.09859,26.54592],[89.09583,26.53436],[89.09787,26.53066],[89.10305,26.53099],[89.10749,26.52848],[89.11013,26.53051],[89.11267,26.5294],[89.12002,26.53221],[89.11684,26.53585],[89.11289,26.53489],[89.10979,26.53658],[89.10901,26.54033],[89.11435,26.5427],[89.1128,26.54674]]]},"properties":{"District":"Jalpaiguri","Dist_LGD":"328","Sub_dist":"Dhupguri","Subdis_LGD":"2176","Subdis_Typ":"Cd_Block","Vill_name":"Jurapani","Vill_Cat":"Rural","Vill_LGD":"307503","arr_project":"asha1,asha2"}},
{"type":"Feature","geometry":{"type":"Polygon","coordinates":[[[89.09583,26.53436],[89.09036,26.53205],[89.08568,26.53226],[89.08551,26.52821],[89.09092,26.52653],[89.09553,26.52229],[89.10098,26.52241],[89.10296,26.52102],[89.10873,26.5201],[89.11545,26.5223],[89.12351,26.52201],[89.12125,26.52563],[89.12384,26.52776],[89.12274,26.53122],[89.12002,26.53221],[89.11267,26.5294],[89.11013,26.53051],[89.10749,26.52848],[89.10305,26.53099],[89.09787,26.53066],[89.09583,26.53436]]]},"properties":{"District":"Jalpaiguri","Dist_LGD":"328","Sub_dist":"Dhupguri","Subdis_LGD":"2176","Subdis_Typ":"Cd_Block","Vill_name":"Pundibari","Vill_Cat":"Rural","Vill_LGD":"307504","arr_project":"asha1,asha2"}},
{"type":"Feature","geometry":{"type":"Polygon","coordinates":[[[89.06886,26.54844],[89.06562,26.54886],[89.06201,26.54542],[89.05944,26.54816],[89.05675,26.54712],[89.04671,26.54701],[89.04177,26.54515],[89.04373,26.54129],[89.05013,26.54122],[89.05064,26.53789],[89.04411,26.53816],[89.04371,26.53475],[89.04859,26.53413],[89.05673,26.53343],[89.06141,26.53417],[89.0624,26.53756],[89.06815,26.53729],[89.066,26.53873],[89.06948,26.54657],[89.06886,26.54844]]]},"properties":{"District":"Jalpaiguri","Dist_LGD":"328","Sub_dist":"Dhupguri","Subdis_LGD":"2176","Subdis_Typ":"Cd_Block","Vill_name":"Bhotpara","Vill_Cat":"Rural","Vill_LGD":"307483","arr_project":"asha1,asha2"}},
{"type":"Feature","geometry":{"type":"Polygon","coordinates":[[[89.05704,26.56322],[89.05315,26.56182],[89.04794,26.56249],[89.0448,26.56574],[89.04838,26.56705],[89.04846,26.57188],[89.0457,26.57088],[89.04336,26.57265],[89.03842,26.57235],[89.03521,26.57352],[89.03416,26.57048],[89.03531,26.5654],[89.03817,26.56193],[89.03941,26.55975],[89.04299,26.55947],[89.04269,26.55322],[89.0386,26.551],[89.0393,26.54748],[89.04177,26.54515],[89.04671,26.54701],[89.05675,26.54712],[89.05944,26.54816],[89.06201,26.54542],[89.06562,26.54886],[89.06886,26.54844],[89.06788,26.55062],[89.06916,26.55584],[89.06569,26.56023],[89.06207,26.55887],[89.06041,26.56163],[89.05704,26.56322]]]},"properties":{"District":"Jalpaiguri","Dist_LGD":"328","Sub_dist":"Dhupguri","Subdis_LGD":"2176","Subdis_Typ":"Cd_Block","Vill_name":"Khalaigram","Vill_Cat":"Partly_Urban","Vill_LGD":"307484","arr_project":"asha1,asha2"}},
{"type":"Feature","geometry":{"type":"Polygon","coordinates":[[[89.0386,26.551],[89.02908,26.55079],[89.02947,26.54879],[89.03395,26.54575],[89.03354,26.53846],[89.03168,26.53417],[89.02946,26.53378],[89.02696,26.53802],[89.02406,26.5367],[89.02224,26.53245],[89.01792,26.5344],[89.01966,26.52915],[89.01921,26.52384],[89.0274,26.51825],[89.03575,26.51681],[89.04879,26.52662],[89.05196,26.53044],[89.04859,26.53413],[89.04371,26.53475],[89.04411,26.53816],[89.05064,26.53789],[89.05013,26.54122],[89.04373,26.54129],[89.04177,26.54515],[89.0393,26.54748],[89.0386,26.551]]]},"properties":{"District":"Jalpaiguri","Dist_LGD":"328","Sub_dist":"Dhupguri","Subdis_LGD":"2176","Subdis_Typ":"Cd_Block","Vill_name":"Dakshin Khairbari","Vill_Cat":"Rural","Vill_LGD":"307482","arr_project":"asha1,asha2"}},
{"type":"Feature","geometry":{"type":"Polygon","coordinates":[[[89.00665,26.54056],[89.00579,26.5396],[88.99876,26.54358],[88.9958,26.53922],[88.99248,26.53835],[88.99183,26.53376],[88.99724,26.53345],[89.00212,26.53092],[89.0091,26.52847],[89.01231,26.52645],[89.01921,26.52384],[89.01966,26.52915],[89.01792,26.5344],[89.01371,26.53749],[89.01268,26.54007],[89.00665,26.54056]]]},"properties":{"District":"Jalpaiguri","Dist_LGD":"328","Sub_dist":"Dhupguri","Subdis_LGD":"2176","Subdis_Typ":"Cd_Block","Vill_name":"Dambari","Vill_Cat":"Rural","Vill_LGD":"307481","arr_project":"asha1,asha2"}},
{"type":"Feature","geometry":{"type":"Polygon","coordinates":[[[89.0053,26.554],[89.00144,26.55716],[88.99755,26.55312],[88.99293,26.55366],[88.99094,26.54538],[88.98224,26.54768],[88.98072,26.55081],[88.97684,26.55166],[88.97571,26.54223],[88.98607,26.54138],[88.98519,26.53594],[88.99183,26.53376],[88.99248,26.53835],[88.9958,26.53922],[88.99876,26.54358],[89.00579,26.5396],[89.00665,26.54056],[89.00341,26.5493],[89.00669,26.55231],[89.0053,26.554]]]},"properties":{"District":"Jalpaiguri","Dist_LGD":"328","Sub_dist":"Dhupguri","Subdis_LGD":"2176","Subdis_Typ":"Cd_Block","Vill_name":"Dakshin Dangapara","Vill_Cat":"Rural","Vill_LGD":"307480","arr_project":"asha1,asha2"}},
{"type":"Feature","geometry":{"type":"Polygon","coordinates":[[[88.97684,26.55166],[88.97348,26.55615],[88.96801,26.55736],[88.96826,26.55404],[88.96462,26.55285],[88.9652,26.54818],[88.96204,26.53875],[88.96377,26.53898],[88.96909,26.53563],[88.96769,26.53789],[88.96919,26.54289],[88.96903,26.54636],[88.98519,26.53594],[88.98607,26.54138],[88.97571,26.54223],[88.97684,26.55166]]]},"properties":{"District":"Jalpaiguri","Dist_LGD":"328","Sub_dist":"Dhupguri","Subdis_LGD":"2176","Subdis_Typ":"Cd_Block","Vill_name":"Patkidaha","Vill_Cat":"Rural","Vill_LGD":"307479","arr_project":"asha1,asha2"}},
{"type":"Feature","geometry":{"type":"Polygon","coordinates":[[[88.94714,26.54851],[88.95027,26.54531],[88.95748,26.54276],[88.96204,26.53875],[88.9652,26.54818],[88.96462,26.55285],[88.9613,26.55303],[88.95919,26.54995],[88.95439,26.54845],[88.95355,26.55054],[88.94714,26.54851]]]},"properties":{"District":"Jalpaiguri","Dist_LGD":"328","Sub_dist":"Dhupguri","Subdis_LGD":"2176","Subdis_Typ":"Cd_Block","Vill_name":"Jakhaikona","Vill_Cat":"Rural","Vill_LGD":"307478","arr_project":"asha1,asha2"}},
{"type":"Feature","geometry":{"type":"Polygon","coordinates":[[[88.94714,26.54851],[88.95355,26.55054],[88.95439,26.54845],[88.95919,26.54995],[88.9613,26.55303],[88.96462,26.55285],[88.96826,26.55404],[88.96801,26.55736],[88.96748,26.56374],[88.96793,26.56948],[88.96389,26.5696],[88.96035,26.57139],[88.95557,26.56918],[88.95144,26.57017],[88.94794,26.56825],[88.94422,26.56831],[88.94169,26.5642],[88.93652,26.56443],[88.94093,26.55527],[88.94714,26.54851]]]},"properties":{"District":"Jalpaiguri","Dist_LGD":"328","Sub_dist":"Dhupguri","Subdis_LGD":"2176","Subdis_Typ":"Cd_Block","Vill_name":"Dakshin Altagram","Vill_Cat":"Rural","Vill_LGD":"307477","arr_project":"asha1,asha2"}},
{"type":"Feature","geometry":{"type":"Polygon","coordinates":[[[88.92505,26.57675],[88.93427,26.56818],[88.93652,26.56443],[88.94169,26.5642],[88.94422,26.56831],[88.94794,26.56825],[88.95144,26.57017],[88.95557,26.56918],[88.96035,26.57139],[88.96389,26.5696],[88.96465,26.57228],[88.96068,26.57929],[88.95614,26.57934],[88.95308,26.58335],[88.95095,26.58813],[88.94496,26.59084],[88.9399,26.59026],[88.93761,26.58706],[88.94328,26.57897],[88.94024,26.57769],[88.93804,26.57925],[88.93096,26.57983],[88.9256,26.57839],[88.92505,26.57675]]]},"properties":{"District":"Jalpaiguri","Dist_LGD":"328","Sub_dist":"Dhupguri","Subdis_LGD":"2176","Subdis_Typ":"Cd_Block","Vill_name":"Mainatali","Vill_Cat":"Rural","Vill_LGD":"307476","arr_project":"asha1,asha2"}},
{"type":"Feature","geometry":{"type":"Polygon","coordinates":[[[88.96793,26.56948],[88.96995,26.56849],[88.97684,26.56797],[88.978,26.56936],[88.98399,26.57113],[88.98499,26.57236],[88.98323,26.57897],[88.98687,26.58812],[88.97466,26.58588],[88.96769,26.57946],[88.96658,26.57458],[88.96793,26.56948]]]},"properties":{"District":"Jalpaiguri","Dist_LGD":"328","Sub_dist":"Dhupguri","Subdis_LGD":"2176","Subdis_Typ":"Cd_Block","Vill_name":"Bhemtia","Vill_Cat":"Rural","Vill_LGD":"307487","arr_project":"asha1,asha2"}},
{"type":"Feature","geometry":{"type":"Polygon","coordinates":[[[89.00981,26.60025],[89.00627,26.60202],[89.00308,26.59766],[89.00184,26.59565],[88.99572,26.59274],[88.99603,26.59055],[88.99208,26.589],[88.98687,26.58812],[88.98323,26.57897],[88.98499,26.57236],[88.98399,26.57113],[88.98599,26.56954],[88.99417,26.56793],[88.99654,26.56827],[89.00175,26.57247],[89.00365,26.56652],[89.0016,26.56374],[89.00594,26.5609],[89.00843,26.56232],[89.01091,26.56051],[89.01905,26.56363],[89.02013,26.56545],[89.02569,26.56494],[89.03026,26.56317],[89.03817,26.56193],[89.03531,26.5654],[89.03416,26.57048],[89.03521,26.57352],[89.03277,26.57702],[89.03429,26.57986],[89.03654,26.5827],[89.03793,26.58767],[89.03687,26.58842],[89.02917,26.58924],[89.0266,26.59053],[89.0212,26.58955],[89.01951,26.59356],[89.01717,26.59233],[89.01588,26.5898],[89.01392,26.5909],[89.01654,26.59312],[89.01418,26.59589],[89.01069,26.59575],[89.00981,26.60025]]]},"properties":{"District":"Jalpaiguri","Dist_LGD":"328","Sub_dist":"Dhupguri","Subdis_LGD":"2176","Subdis_Typ":"Cd_Block","Vill_name":"Dhupguri (M)","Vill_Cat":"Fully_Urban","Vill_LGD":"801641","arr_project":"asha1,asha2"}},
{"type":"Feature","geometry":{"type":"Polygon","coordinates":[[[89.00627,26.60202],[89.00864,26.60486],[89.00599,26.60814],[89.00826,26.61052],[89.00744,26.613],[89.00337,26.61572],[88.99726,26.61398],[88.98943,26.61391],[88.99036,26.60665],[88.98424,26.60866],[88.98364,26.60428],[88.98987,26.60434],[88.99069,26.60225],[88.99128,26.60083],[88.99062,26.59826],[88.98923,26.59815],[88.98976,26.60134],[88.98943,26.6009],[88.9882,26.59926],[88.98762,26.59739],[88.98896,26.59406],[88.9916,26.5923],[88.99208,26.589],[88.99603,26.59055],[88.99572,26.59274],[89.00184,26.59565],[89.00135,26.5974],[89.00308,26.59766],[89.00627,26.60202]]]},"properties":{"District":"Jalpaiguri","Dist_LGD":"328","Sub_dist":"Dhupguri","Subdis_LGD":"2176","Subdis_Typ":"Cd_Block","Vill_name":"Purba Magurmari","Vill_Cat":"Rural","Vill_LGD":"307490","arr_project":"asha1,asha2"}},
{"type":"Feature","geometry":{"type":"Polygon","coordinates":[[[88.97727,26.61555],[88.97539,26.61679],[88.96684,26.6126],[88.96136,26.60796],[88.96393,26.6045],[88.96917,26.60525],[88.97679,26.60386],[88.97925,26.59939],[88.97809,26.59603],[88.9762,26.5881],[88.97466,26.58588],[88.98687,26.58812],[88.99208,26.589],[88.9916,26.5923],[88.98896,26.59406],[88.98573,26.59267],[88.98535,26.59578],[88.98762,26.59739],[88.9882,26.59926],[88.98619,26.59966],[88.98807,26.60196],[88.98943,26.6009],[88.98976,26.60134],[88.99069,26.60225],[88.98987,26.60434],[88.98364,26.60428],[88.98424,26.60866],[88.98424,26.61093],[88.9876,26.6138],[88.981,26.61424],[88.97727,26.61555]],[[88.98494,26.59739],[88.98402,26.59764],[88.98465,26.59834],[88.98554,26.5982],[88.98494,26.59739]]]},"properties":{"District":"Jalpaiguri","Dist_LGD":"328","Sub_dist":"Dhupguri","Subdis_LGD":"2176","Subdis_Typ":"Cd_Block","Vill_name":"Paschim Magurmari","Vill_Cat":"Rural","Vill_LGD":"307488","arr_project":"asha1,asha2"}},
{"type":"Feature","geometry":{"type":"Polygon","coordinates":[[[88.95095,26.58813],[88.95477,26.59378],[88.96077,26.5936],[88.96855,26.59699],[88.973,26.59362],[88.97809,26.59603],[88.97925,26.59939],[88.97679,26.60386],[88.96917,26.60525],[88.96393,26.6045],[88.96136,26.60796],[88.96068,26.60788],[88.95884,26.60594],[88.95549,26.60587],[88.9534,26.60356],[88.94672,26.60377],[88.94644,26.60069],[88.94521,26.59593],[88.94258,26.59494],[88.94496,26.59084],[88.95095,26.58813]]]},"properties":{"District":"Jalpaiguri","Dist_LGD":"328","Sub_dist":"Dhupguri","Subdis_LGD":"2176","Subdis_Typ":"Cd_Block","Vill_name":"Uttar Altagram","Vill_Cat":"Rural","Vill_LGD":"307474","arr_project":"asha1,asha2"}},
{"type":"Feature","geometry":{"type":"Polygon","coordinates":[[[88.76427,26.81251],[88.75509,26.81413],[88.75403,26.81194],[88.76233,26.80887],[88.76427,26.81251]]]},"properties":{"District":"Jalpaiguri","Dist_LGD":"328","Sub_dist":"Matiali","Subdis_LGD":"2168","Subdis_Typ":"Cd_Block","Vill_name":"Baradighi","Vill_Cat":"Rural","Vill_LGD":"307009N101","arr_project":"asha1,asha2"}},
{"type":"Feature","geometry":{"type":"Polygon","coordinates":[[[88.96633,26.70458],[88.97225,26.71127],[88.97458,26.71593],[88.97394,26.71991],[88.97145,26.72279],[88.96556,26.72444],[88.96088,26.72409],[88.96085,26.71863],[88.96398,26.71584],[88.96733,26.71008],[88.96633,26.70458]]]},"properties":{"District":"Jalpaiguri","Dist_LGD":"328","Sub_dist":"Banarhat","Subdis_LGD":"02176N004","Subdis_Typ":"Cd_Block","Vill_name":"Khuntimari","Vill_Cat":"Rural","Vill_LGD":"307424N113","arr_project":"asha1,asha2"}},
{"type":"Feature","geometry":{"type":"Polygon","coordinates":[[[88.96749,26.6952],[88.98293,26.69794],[88.97975,26.70965],[88.96548,26.70336],[88.96677,26.69594],[88.96749,26.6952]]]},"properties":{"District":"Jalpaiguri","Dist_LGD":"328","Sub_dist":"Banarhat","Subdis_LGD":"02176N004","Subdis_Typ":"Cd_Block","Vill_name":"Mela","Vill_Cat":"Rural","Vill_LGD":"307424N114","arr_project":"asha1,asha2"}},
{"type":"Feature","geometry":{"type":"Polygon","coordinates":[[[89.06029,26.57402],[89.06242,26.57396],[89.06275,26.57475],[89.06007,26.57524],[89.06029,26.57402]]]},"properties":{"District":"Jalpaiguri","Dist_LGD":"328","Sub_dist":"Dhupguri","Subdis_LGD":"2176","Subdis_Typ":"Cd_Block","Vill_name":"Gadang Dwitia Khanda","Vill_Cat":"Rural","Vill_LGD":"307498","arr_project":"asha1,asha2"}},
{"type":"Feature","geometry":{"type":"Polygon","coordinates":[[[88.69232,26.40543],[88.69267,26.40663],[88.69172,26.40645],[88.69232,26.40543]]]},"properties":{"District":"Jalpaiguri","Dist_LGD":"328","Sub_dist":"Jalpaiguri","Subdis_LGD":"2178","Subdis_Typ":"Cd_Block","Vill_name":"Chhitland Of Singimari","Vill_Cat":"Rural","Vill_LGD":"307611","arr_project":"asha1,asha2"}},
{"type":"Feature","geometry":{"type":"Polygon","coordinates":[[[89.00308,26.59766],[89.00135,26.5974],[89.00184,26.59565],[89.00308,26.59766]]]},"properties":{"District":"Jalpaiguri","Dist_LGD":"328","Sub_dist":"Dhupguri","Subdis_LGD":"2176","Subdis_Typ":"Cd_Block","Vill_name":"Magurmari","Vill_Cat":"Rural","Vill_LGD":"307489","arr_project":"asha1,asha2"}},
{"type":"Feature","geometry":{"type":"Polygon","coordinates":[[[89.02132,26.61443],[89.02427,26.61852],[89.02089,26.6173],[89.02132,26.61443]]]},"properties":{"District":"Jalpaiguri","Dist_LGD":"328","Sub_dist":"Dhupguri","Subdis_LGD":"2176","Subdis_Typ":"Cd_Block","Vill_name":"Gosairhat Chhits","Vill_Cat":"Rural","Vill_LGD":"307492","arr_project":"asha1,asha2"}},
{"type":"Feature","geometry":{"type":"Polygon","coordinates":[[[89.06515,26.58244],[89.06387,26.58483],[89.06206,26.58259],[89.06515,26.58244]]]},"properties":{"District":"Jalpaiguri","Dist_LGD":"328","Sub_dist":"Dhupguri","Subdis_LGD":"2176","Subdis_Typ":"Cd_Block","Vill_name":"Gadang Dwitia Khanda","Vill_Cat":"Rural","Vill_LGD":"307498","arr_project":"asha1,asha2"}},
{"type":"Feature","geometry":{"type":"Polygon","coordinates":[[[89.07113,26.58016],[89.06988,26.58385],[89.06747,26.58309],[89.06767,26.58063],[89.07113,26.58016]]]},"properties":{"District":"Jalpaiguri","Dist_LGD":"328","Sub_dist":"Dhupguri","Subdis_LGD":"2176","Subdis_Typ":"Cd_Block","Vill_name":"Gadang Dwitia Khanda","Vill_Cat":"Rural","Vill_LGD":"307498","arr_project":"asha1,asha2"}},
{"type":"Feature","geometry":{"type":"Polygon","coordinates":[[[89.06709,26.59721],[89.06616,26.60067],[89.06372,26.60049],[89.06155,26.59741],[89.06413,26.59054],[89.06685,26.59075],[89.06804,26.59419],[89.06709,26.59721]]]},"properties":{"District":"Jalpaiguri","Dist_LGD":"328","Sub_dist":"Dhupguri","Subdis_LGD":"2176","Subdis_Typ":"Cd_Block","Vill_name":"Gadang Dwitia Khanda","Vill_Cat":"Rural","Vill_LGD":"307498","arr_project":"asha1,asha2"}},
{"type":"Feature","geometry":{"type":"Polygon","coordinates":[[[89.07523,26.54913],[89.07805,26.54804],[89.07854,26.54991],[89.0762,26.55158],[89.07523,26.54913]]]},"properties":{"District":"Jalpaiguri","Dist_LGD":"328","Sub_dist":"Dhupguri","Subdis_LGD":"2176","Subdis_Typ":"Cd_Block","Vill_name":"Gadang Dwitia Khanda","Vill_Cat":"Rural","Vill_LGD":"307498","arr_project":"asha1,asha2"}},
{"type":"Feature","geometry":{"type":"Polygon","coordinates":[[[88.96749,26.6952],[88.96773,26.69162],[88.965,26.69107],[88.96261,26.68792],[88.96679,26.68684],[88.96899,26.6814],[88.96987,26.67967],[88.97581,26.68089],[88.98695,26.68516],[88.9876,26.68677],[88.98453,26.69603],[88.98293,26.69794],[88.96749,26.6952]]]},"properties":{"District":"Jalpaiguri","Dist_LGD":"328","Sub_dist":"Dhupguri","Subdis_LGD":"2176","Subdis_Typ":"Cd_Block","Vill_name":"Khuklong","Vill_Cat":"Rural","Vill_LGD":"307424N115","arr_project":"asha1,asha2"}},
{"type":"Feature","geometry":{"type":"Polygon","coordinates":[[[88.99655,26.66052],[88.99554,26.66622],[88.99521,26.67409],[88.99427,26.67899],[88.98097,26.67727],[88.97366,26.67451],[88.97174,26.6714],[88.97486,26.66744],[88.97511,26.66435],[88.97816,26.66431],[88.97934,26.6653],[88.98598,26.66412],[88.9883,26.66178],[88.99094,26.66383],[88.99353,26.66231],[88.99655,26.66052]]]},"properties":{"District":"Jalpaiguri","Dist_LGD":"328","Sub_dist":"Dhupguri","Subdis_LGD":"2176","Subdis_Typ":"Cd_Block","Vill_name":"Gossaihat","Vill_Cat":"Rural","Vill_LGD":"307424N116","arr_project":"asha1,asha2"}},
{"type":"Feature","geometry":{"type":"Polygon","coordinates":[[[88.94644,26.60069],[88.94672,26.60377],[88.9534,26.60356],[88.95549,26.60587],[88.95884,26.60594],[88.96068,26.60788],[88.95883,26.61289],[88.95579,26.6146],[88.95636,26.61822],[88.95893,26.62221],[88.95476,26.62162],[88.94973,26.62285],[88.94876,26.61335],[88.94244,26.60643],[88.93698,26.61023],[88.93475,26.60678],[88.92943,26.60756],[88.92453,26.60669],[88.92561,26.60172],[88.9243,26.59783],[88.93611,26.5985],[88.94644,26.60069]]]},"properties":{"District":"Jalpaiguri","Dist_LGD":"328","Sub_dist":"Dhupguri","Subdis_LGD":"2176","Subdis_Typ":"Cd_Block","Vill_name":"Parkumlai","Vill_Cat":"Rural","Vill_LGD":"307472","arr_project":"asha1,asha2"}},
{"type":"Feature","geometry":{"type":"Polygon","coordinates":[[[88.95893,26.62221],[88.95636,26.61822],[88.95579,26.6146],[88.95883,26.61289],[88.96068,26.60788],[88.96136,26.60796],[88.96684,26.6126],[88.97539,26.61679],[88.97727,26.61555],[88.97799,26.61922],[88.97343,26.62359],[88.97065,26.62762],[88.97211,26.63109],[88.97296,26.63751],[88.97509,26.63794],[88.97529,26.64065],[88.97241,26.64488],[88.96849,26.64587],[88.96983,26.64368],[88.96996,26.63856],[88.97219,26.63611],[88.97117,26.63339],[88.96554,26.63464],[88.96045,26.63466],[88.96119,26.63103],[88.95893,26.62221]]]},"properties":{"District":"Jalpaiguri","Dist_LGD":"328","Sub_dist":"Dhupguri","Subdis_LGD":"2176","Subdis_Typ":"Cd_Block","Vill_name":"Kalirhat","Vill_Cat":"Rural","Vill_LGD":"307463","arr_project":"asha1,asha2"}},
{"type":"Feature","geometry":{"type":"Polygon","coordinates":[[[88.98424,26.60866],[88.99036,26.60665],[88.98943,26.61391],[88.9876,26.6138],[88.98424,26.61093],[88.98424,26.60866]]]},"properties":{"District":"Jalpaiguri","Dist_LGD":"328","Sub_dist":"Dhupguri","Subdis_LGD":"2176","Subdis_Typ":"Cd_Block","Vill_name":"Magurmari","Vill_Cat":"Rural","Vill_LGD":"307489","arr_project":"asha1,asha2"}},
{"type":"Feature","geometry":{"type":"Polygon","coordinates":[[[88.94148,26.71348],[88.93892,26.71461],[88.93471,26.71408],[88.93527,26.70855],[88.9318,26.70434],[88.92933,26.70484],[88.92527,26.70418],[88.92536,26.70089],[88.92908,26.69743],[88.93269,26.6962],[88.94159,26.69566],[88.94161,26.70852],[88.93963,26.71125],[88.94148,26.71348]]]},"properties":{"District":"Jalpaiguri","Dist_LGD":"328","Sub_dist":"Banarhat","Subdis_LGD":"02176N004","Subdis_Typ":"Cd_Block","Vill_name":"Paschim Duramari (D)","Vill_Cat":"Rural","Vill_LGD":"307434","arr_project":"asha1,asha2"}},
{"type":"Feature","geometry":{"type":"Polygon","coordinates":[[[88.96633,26.70458],[88.96733,26.71008],[88.96398,26.71584],[88.95918,26.71365],[88.95428,26.71313],[88.94784,26.71484],[88.94148,26.71348],[88.93963,26.71125],[88.94161,26.70852],[88.94159,26.69566],[88.95891,26.69563],[88.96028,26.69699],[88.96677,26.69594],[88.96548,26.70336],[88.96633,26.70458]]]},"properties":{"District":"Jalpaiguri","Dist_LGD":"328","Sub_dist":"Banarhat","Subdis_LGD":"02176N004","Subdis_Typ":"Cd_Block","Vill_name":"Purba Duramari  (D)","Vill_Cat":"Rural","Vill_LGD":"307433","arr_project":"asha1,asha2"}},
{"type":"Feature","geometry":{"type":"Polygon","coordinates":[[[88.96677,26.69594],[88.96028,26.69699],[88.95891,26.69563],[88.94159,26.69566],[88.93269,26.6962],[88.92908,26.69743],[88.92893,26.69364],[88.93392,26.6892],[88.93517,26.68654],[88.94104,26.68435],[88.93993,26.68211],[88.94916,26.68164],[88.95383,26.6808],[88.9657,26.68059],[88.96899,26.6814],[88.96679,26.68684],[88.96261,26.68792],[88.965,26.69107],[88.96773,26.69162],[88.96749,26.6952],[88.96677,26.69594]]]},"properties":{"District":"Jalpaiguri","Dist_LGD":"328","Sub_dist":"Dhupguri","Subdis_LGD":"2176","Subdis_Typ":"Cd_Block","Vill_name":"Uttar Khuttimari","Vill_Cat":"Rural","Vill_LGD":"307444","arr_project":"asha1,asha2"}},
{"type":"Feature","geometry":{"type":"Polygon","coordinates":[[[88.96899,26.6814],[88.9657,26.68059],[88.95383,26.6808],[88.94916,26.68164],[88.93993,26.68211],[88.94146,26.67916],[88.94051,26.67682],[88.93785,26.674],[88.93866,26.67061],[88.94268,26.67179],[88.94554,26.67077],[88.94606,26.66705],[88.94307,26.66475],[88.94352,26.6606],[88.95116,26.65921],[88.9519,26.66136],[88.96113,26.661],[88.96438,26.66345],[88.96388,26.66677],[88.9698,26.66705],[88.97511,26.66435],[88.97486,26.66744],[88.97174,26.6714],[88.97366,26.67451],[88.96898,26.67647],[88.96987,26.67967],[88.96899,26.6814]]]},"properties":{"District":"Jalpaiguri","Dist_LGD":"328","Sub_dist":"Dhupguri","Subdis_LGD":"2176","Subdis_Typ":"Cd_Block","Vill_name":"Madhya Khuttimari","Vill_Cat":"Rural","Vill_LGD":"307445","arr_project":"asha1,asha2"}},
{"type":"Feature","geometry":{"type":"Polygon","coordinates":[[[88.91032,26.65903],[88.91525,26.66034],[88.92581,26.66156],[88.926,26.66481],[88.94307,26.66475],[88.94606,26.66705],[88.94554,26.67077],[88.94268,26.67179],[88.93866,26.67061],[88.93785,26.674],[88.94051,26.67682],[88.93431,26.67571],[88.93134,26.67085],[88.92569,26.67112],[88.92447,26.67587],[88.9213,26.67848],[88.9147,26.67914],[88.91383,26.67625],[88.90874,26.67815],[88.90805,26.67025],[88.91203,26.66769],[88.91032,26.65903]]]},"properties":{"District":"Jalpaiguri","Dist_LGD":"328","Sub_dist":"Dhupguri","Subdis_LGD":"2176","Subdis_Typ":"Cd_Block","Vill_name":"Bamantari","Vill_Cat":"Rural","Vill_LGD":"307446","arr_project":"asha1,asha2"}},
{"type":"Feature","geometry":{"type":"Polygon","coordinates":[[[88.90052,26.65883],[88.90548,26.65644],[88.91032,26.65903],[88.91203,26.66769],[88.90805,26.67025],[88.90874,26.67815],[88.89844,26.67872],[88.8978,26.67824],[88.89988,26.67701],[88.89812,26.67212],[88.89534,26.67212],[88.89638,26.66666],[88.90093,26.66462],[88.89937,26.66107],[88.90052,26.65883]]]},"properties":{"District":"Jalpaiguri","Dist_LGD":"328","Sub_dist":"Dhupguri","Subdis_LGD":"2176","Subdis_Typ":"Cd_Block","Vill_name":"Paschim Dangapara","Vill_Cat":"Rural","Vill_LGD":"307447","arr_project":"asha1,asha2"}},
{"type":"Feature","geometry":{"type":"Polygon","coordinates":[[[88.912,26.63743],[88.91622,26.63403],[88.92241,26.63415],[88.92416,26.64118],[88.92286,26.64343],[88.92508,26.65119],[88.92777,26.65305],[88.93031,26.65725],[88.92819,26.66099],[88.92581,26.66156],[88.91525,26.66034],[88.91032,26.65903],[88.90548,26.65644],[88.91031,26.65581],[88.91197,26.65316],[88.90957,26.64013],[88.912,26.63743]]]},"properties":{"District":"Jalpaiguri","Dist_LGD":"328","Sub_dist":"Dhupguri","Subdis_LGD":"2176","Subdis_Typ":"Cd_Block","Vill_name":"Madhya Daukimari","Vill_Cat":"Rural","Vill_LGD":"307452","arr_project":"asha1,asha2"}},
{"type":"Feature","geometry":{"type":"Polygon","coordinates":[[[88.92416,26.64118],[88.93188,26.64066],[88.93394,26.63715],[88.94042,26.63813],[88.94874,26.63619],[88.94827,26.63961],[88.95072,26.64618],[88.95295,26.64848],[88.951,26.65703],[88.95116,26.65921],[88.94352,26.6606],[88.94307,26.66475],[88.926,26.66481],[88.92581,26.66156],[88.92819,26.66099],[88.93031,26.65725],[88.92777,26.65305],[88.92508,26.65119],[88.92286,26.64343],[88.92416,26.64118]]]},"properties":{"District":"Jalpaiguri","Dist_LGD":"328","Sub_dist":"Dhupguri","Subdis_LGD":"2176","Subdis_Typ":"Cd_Block","Vill_name":"Purbba Daukimari","Vill_Cat":"Rural","Vill_LGD":"307453","arr_project":"asha1,asha2"}},
{"type":"Feature","geometry":{"type":"Polygon","coordinates":[[[88.94874,26.63619],[88.95437,26.63638],[88.95644,26.6385],[88.95617,26.64164],[88.9615,26.6416],[88.96098,26.63926],[88.96488,26.63801],[88.96996,26.63856],[88.96983,26.64368],[88.96849,26.64587],[88.97057,26.65016],[88.96989,26.65359],[88.96586,26.65395],[88.96712,26.6627],[88.96438,26.66345],[88.96113,26.661],[88.9519,26.66136],[88.95116,26.65921],[88.951,26.65703],[88.95295,26.64848],[88.95072,26.64618],[88.94827,26.63961],[88.94874,26.63619]]]},"properties":{"District":"Jalpaiguri","Dist_LGD":"328","Sub_dist":"Dhupguri","Subdis_LGD":"2176","Subdis_Typ":"Cd_Block","Vill_name":"Uttar Kathulia","Vill_Cat":"Rural","Vill_LGD":"307454","arr_project":"asha1,asha2"}},
{"type":"Feature","geometry":{"type":"Polygon","coordinates":[[[88.96438,26.66345],[88.96712,26.6627],[88.96586,26.65395],[88.96989,26.65359],[88.97057,26.65016],[88.96849,26.64587],[88.97241,26.64488],[88.97783,26.64514],[88.97677,26.64718],[88.97662,26.65512],[88.97816,26.66431],[88.97511,26.66435],[88.9698,26.66705],[88.96388,26.66677],[88.96438,26.66345]]]},"properties":{"District":"Jalpaiguri","Dist_LGD":"328","Sub_dist":"Dhupguri","Subdis_LGD":"2176","Subdis_Typ":"Cd_Block","Vill_name":"Dakshin Khuttimari","Vill_Cat":"Rural","Vill_LGD":"307455","arr_project":"asha1,asha2"}},
{"type":"Feature","geometry":{"type":"Polygon","coordinates":[[[88.97816,26.66431],[88.97662,26.65512],[88.97677,26.64718],[88.97783,26.64514],[88.99029,26.64521],[88.98715,26.64968],[88.99353,26.66231],[88.99094,26.66383],[88.9883,26.66178],[88.98598,26.66412],[88.97934,26.6653],[88.97816,26.66431]]]},"properties":{"District":"Jalpaiguri","Dist_LGD":"328","Sub_dist":"Dhupguri","Subdis_LGD":"2176","Subdis_Typ":"Cd_Block","Vill_name":"Garakhuta","Vill_Cat":"Rural","Vill_LGD":"307456","arr_project":"asha1,asha2"}},
{"type":"Feature","geometry":{"type":"Polygon","coordinates":[[[89.0029,26.63382],[88.99029,26.64521],[88.97783,26.64514],[88.97241,26.64488],[88.97529,26.64065],[88.97509,26.63794],[88.97727,26.63647],[88.98532,26.63656],[88.99175,26.63145],[88.99499,26.62999],[88.99498,26.6268],[88.99144,26.62309],[88.99412,26.61773],[89.00296,26.61703],[89.0086,26.62253],[89.00698,26.62314],[89.00839,26.62867],[89.0029,26.63382]]]},"properties":{"District":"Jalpaiguri","Dist_LGD":"328","Sub_dist":"Dhupguri","Subdis_LGD":"2176","Subdis_Typ":"Cd_Block","Vill_name":"Niranjanpat","Vill_Cat":"Rural","Vill_LGD":"307461","arr_project":"asha1,asha2"}},
{"type":"Feature","geometry":{"type":"Polygon","coordinates":[[[88.94749,26.62397],[88.94973,26.62285],[88.95476,26.62162],[88.95893,26.62221],[88.96119,26.63103],[88.96045,26.63466],[88.96554,26.63464],[88.97117,26.63339],[88.97219,26.63611],[88.96996,26.63856],[88.96488,26.63801],[88.96098,26.63926],[88.9615,26.6416],[88.95617,26.64164],[88.95644,26.6385],[88.95437,26.63638],[88.94874,26.63619],[88.94042,26.63813],[88.94245,26.62973],[88.94405,26.62667],[88.94749,26.62397]]]},"properties":{"District":"Jalpaiguri","Dist_LGD":"328","Sub_dist":"Dhupguri","Subdis_LGD":"2176","Subdis_Typ":"Cd_Block","Vill_name":"Dakshin Kathulia","Vill_Cat":"Rural","Vill_LGD":"307464","arr_project":"asha1,asha2"}},
{"type":"Feature","geometry":{"type":"Polygon","coordinates":[[[88.92811,26.61941],[88.93646,26.61935],[88.93675,26.62294],[88.93885,26.62404],[88.94656,26.62288],[88.94749,26.62397],[88.94405,26.62667],[88.94245,26.62973],[88.94042,26.63813],[88.93394,26.63715],[88.93188,26.64066],[88.92416,26.64118],[88.92241,26.63415],[88.92358,26.62784],[88.92165,26.62472],[88.92692,26.62481],[88.92811,26.61941]]]},"properties":{"District":"Jalpaiguri","Dist_LGD":"328","Sub_dist":"Dhupguri","Subdis_LGD":"2176","Subdis_Typ":"Cd_Block","Vill_name":"Dakshin Jharalta","Vill_Cat":"Rural","Vill_LGD":"307465","arr_project":"asha1,asha2"}},
{"type":"Feature","geometry":{"type":"Polygon","coordinates":[[[88.90432,26.61699],[88.91636,26.61935],[88.92075,26.62153],[88.92165,26.62472],[88.92358,26.62784],[88.92241,26.63415],[88.91622,26.63403],[88.912,26.63743],[88.90639,26.63756],[88.90284,26.63559],[88.90219,26.63037],[88.90347,26.62338],[88.90273,26.61974],[88.90432,26.61699]]]},"properties":{"District":"Jalpaiguri","Dist_LGD":"328","Sub_dist":"Dhupguri","Subdis_LGD":"2176","Subdis_Typ":"Cd_Block","Vill_name":"Char Charabari","Vill_Cat":"Rural","Vill_LGD":"307466","arr_project":"asha1,asha2"}},
{"type":"Feature","geometry":{"type":"Polygon","coordinates":[[[88.91182,26.60891],[88.91177,26.6057],[88.90889,26.60472],[88.91269,26.59964],[88.91706,26.59753],[88.9243,26.59783],[88.92561,26.60172],[88.92453,26.60669],[88.92235,26.61052],[88.92623,26.61308],[88.92987,26.61271],[88.92811,26.61941],[88.92692,26.62481],[88.92165,26.62472],[88.92075,26.62153],[88.91636,26.61935],[88.90432,26.61699],[88.90346,26.61556],[88.91182,26.60891]]]},"properties":{"District":"Jalpaiguri","Dist_LGD":"328","Sub_dist":"Dhupguri","Subdis_LGD":"2176","Subdis_Typ":"Cd_Block","Vill_name":"Bhandani","Vill_Cat":"Rural","Vill_LGD":"307470","arr_project":"asha1,asha2"}},
{"type":"Feature","geometry":{"type":"Polygon","coordinates":[[[88.89631,26.63678],[88.89141,26.63387],[88.89063,26.63199],[88.88619,26.63058],[88.88315,26.63274],[88.88244,26.63724],[88.87744,26.63657],[88.87935,26.62731],[88.87999,26.62311],[88.89113,26.62334],[88.8984,26.62456],[88.90035,26.62154],[88.90347,26.62338],[88.90219,26.63037],[88.90284,26.63559],[88.9001,26.63699],[88.89631,26.63678]]]},"properties":{"District":"Jalpaiguri","Dist_LGD":"328","Sub_dist":"Dhupguri","Subdis_LGD":"2176","Subdis_Typ":"Cd_Block","Vill_name":"Gadhear Kuti","Vill_Cat":"Rural","Vill_LGD":"307467","arr_project":"asha1,asha2"}},
{"type":"Feature","geometry":{"type":"Polygon","coordinates":[[[88.88855,26.60912],[88.89184,26.60813],[88.9,26.60933],[88.91182,26.60891],[88.90346,26.61556],[88.90432,26.61699],[88.90273,26.61974],[88.90347,26.62338],[88.90035,26.62154],[88.8984,26.62456],[88.89113,26.62334],[88.87999,26.62311],[88.88289,26.61501],[88.88855,26.60912]]]},"properties":{"District":"Jalpaiguri","Dist_LGD":"328","Sub_dist":"Dhupguri","Subdis_LGD":"2176","Subdis_Typ":"Cd_Block","Vill_name":"Bagribari","Vill_Cat":"Rural","Vill_LGD":"307468","arr_project":"asha1,asha2"}},
{"type":"Feature","geometry":{"type":"Polygon","coordinates":[[[88.88855,26.60912],[88.89131,26.60637],[88.90017,26.60213],[88.90414,26.59949],[88.91004,26.59652],[88.91213,26.59282],[88.91493,26.59025],[88.91524,26.59437],[88.91706,26.59753],[88.91269,26.59964],[88.90889,26.60472],[88.91177,26.6057],[88.91182,26.60891],[88.9,26.60933],[88.89184,26.60813],[88.88855,26.60912]]]},"properties":{"District":"Jalpaiguri","Dist_LGD":"328","Sub_dist":"Dhupguri","Subdis_LGD":"2176","Subdis_Typ":"Cd_Block","Vill_name":"Kursamari","Vill_Cat":"Rural","Vill_LGD":"307469","arr_project":"asha1,asha2"}},
{"type":"Feature","geometry":{"type":"Polygon","coordinates":[[[88.92505,26.57675],[88.9256,26.57839],[88.93096,26.57983],[88.93804,26.57925],[88.94024,26.57769],[88.94328,26.57897],[88.93761,26.58706],[88.9399,26.59026],[88.94496,26.59084],[88.94258,26.59494],[88.94521,26.59593],[88.94644,26.60069],[88.93611,26.5985],[88.9243,26.59783],[88.91706,26.59753],[88.91524,26.59437],[88.91493,26.59025],[88.91519,26.58677],[88.91723,26.58105],[88.92206,26.5794],[88.92505,26.57675]]]},"properties":{"District":"Jalpaiguri","Dist_LGD":"328","Sub_dist":"Dhupguri","Subdis_LGD":"2176","Subdis_Typ":"Cd_Block","Vill_name":"Paschim Mallikpara","Vill_Cat":"Rural","Vill_LGD":"307473","arr_project":"asha1,asha2"}},
{"type":"Feature","geometry":{"type":"Polygon","coordinates":[[[88.95095,26.58813],[88.95308,26.58335],[88.95614,26.57934],[88.96068,26.57929],[88.96465,26.57228],[88.96389,26.5696],[88.96793,26.56948],[88.96658,26.57458],[88.96769,26.57946],[88.97466,26.58588],[88.9762,26.5881],[88.97809,26.59603],[88.973,26.59362],[88.96855,26.59699],[88.96077,26.5936],[88.95477,26.59378],[88.95095,26.58813]]]},"properties":{"District":"Jalpaiguri","Dist_LGD":"328","Sub_dist":"Dhupguri","Subdis_LGD":"2176","Subdis_Typ":"Cd_Block","Vill_name":"Purbba Altagram","Vill_Cat":"Rural","Vill_LGD":"307475","arr_project":"asha1,asha2"}},
{"type":"Feature","geometry":{"type":"Polygon","coordinates":[[[89.00665,26.54056],[89.01268,26.54007],[89.01371,26.53749],[89.01792,26.5344],[89.02224,26.53245],[89.02406,26.5367],[89.02696,26.53802],[89.02946,26.53378],[89.03168,26.53417],[89.03354,26.53846],[89.03395,26.54575],[89.02947,26.54879],[89.02908,26.55079],[89.0386,26.551],[89.04269,26.55322],[89.04299,26.55947],[89.03941,26.55975],[89.03817,26.56193],[89.03026,26.56317],[89.02569,26.56494],[89.02013,26.56545],[89.01905,26.56363],[89.01091,26.56051],[89.00843,26.56232],[89.00594,26.5609],[89.0016,26.56374],[89.00152,26.56012],[89.0046,26.55806],[89.0053,26.554],[89.00669,26.55231],[89.00341,26.5493],[89.00665,26.54056]]]},"properties":{"District":"Jalpaiguri","Dist_LGD":"328","Sub_dist":"Dhupguri","Subdis_LGD":"2176","Subdis_Typ":"Cd_Block","Vill_name":"Madhya Boragari","Vill_Cat":"Rural","Vill_LGD":"307485","arr_project":"asha1,asha2"}},
{"type":"Feature","geometry":{"type":"Polygon","coordinates":[[[89.05772,26.57959],[89.05426,26.58105],[89.05019,26.57931],[89.04196,26.58068],[89.03429,26.57986],[89.03277,26.57702],[89.03521,26.57352],[89.03842,26.57235],[89.04336,26.57265],[89.0457,26.57088],[89.04846,26.57188],[89.04838,26.56705],[89.0448,26.56574],[89.04794,26.56249],[89.05315,26.56182],[89.05704,26.56322],[89.05943,26.56502],[89.05757,26.56935],[89.05805,26.57338],[89.06029,26.57402],[89.06007,26.57524],[89.06043,26.57607],[89.05772,26.57959]]]},"properties":{"District":"Jalpaiguri","Dist_LGD":"328","Sub_dist":"Dhupguri","Subdis_LGD":"2176","Subdis_Typ":"Cd_Block","Vill_name":"Gadang Pratham Khanda","Vill_Cat":"Partly_Urban","Vill_LGD":"307495","arr_project":"asha1,asha2"}},
{"type":"Feature","geometry":{"type":"Polygon","coordinates":[[[89.01109,26.65634],[89.00721,26.65688],[89.00101,26.6621],[88.99655,26.66052],[88.99353,26.66231],[88.98715,26.64968],[88.99029,26.64521],[89.0029,26.63382],[89.01107,26.63581],[89.01633,26.63578],[89.01663,26.63762],[89.02229,26.6374],[89.02235,26.63967],[89.01896,26.64406],[89.01578,26.6503],[89.01072,26.65477],[89.01109,26.65634]]]},"properties":{"District":"Jalpaiguri","Dist_LGD":"328","Sub_dist":"Dhupguri","Subdis_LGD":"2176","Subdis_Typ":"Cd_Block","Vill_name":"Gosairhat Forest","Vill_Cat":"Rural","Vill_LGD":"307457","arr_project":"asha1,asha2"}},
{"type":"Feature","geometry":{"type":"Polygon","coordinates":[[[88.91656,26.70557],[88.90658,26.70532],[88.90599,26.69999],[88.9038,26.69605],[88.90125,26.69524],[88.90255,26.68854],[88.89849,26.68845],[88.89717,26.68039],[88.89844,26.67872],[88.90874,26.67815],[88.91383,26.67625],[88.9147,26.67914],[88.9213,26.67848],[88.92366,26.68094],[88.91959,26.68339],[88.92127,26.68555],[88.92002,26.68972],[88.92198,26.69197],[88.92107,26.69585],[88.91523,26.69957],[88.91726,26.70374],[88.91656,26.70557]]]},"properties":{"District":"Jalpaiguri","Dist_LGD":"328","Sub_dist":"Banarhat","Subdis_LGD":"02176N004","Subdis_Typ":"Cd_Block","Vill_name":"Chamtimukhi  (D)","Vill_Cat":"Rural","Vill_LGD":"307439","arr_project":"asha1,asha2"}},
{"type":"Feature","geometry":{"type":"Polygon","coordinates":[[[88.89537,26.65442],[88.89625,26.65105],[88.89495,26.64678],[88.89177,26.64408],[88.89496,26.64089],[88.89631,26.63678],[88.9001,26.63699],[88.90284,26.63559],[88.90639,26.63756],[88.912,26.63743],[88.90957,26.64013],[88.91197,26.65316],[88.91031,26.65581],[88.90548,26.65644],[88.90052,26.65883],[88.89537,26.65442]]]},"properties":{"District":"Jalpaiguri","Dist_LGD":"328","Sub_dist":"Dhupguri","Subdis_LGD":"2176","Subdis_Typ":"Cd_Block","Vill_name":"Paschim Daukimari","Vill_Cat":"Rural","Vill_LGD":"307451","arr_project":"asha1,asha2"}},
{"type":"Feature","geometry":{"type":"Polygon","coordinates":[[[88.60429,26.47106],[88.60408,26.47475],[88.60005,26.47799],[88.60272,26.47999],[88.60092,26.48554],[88.59521,26.4887],[88.59611,26.49321],[88.59255,26.49609],[88.59431,26.49936],[88.59429,26.50371],[88.59748,26.50555],[88.59586,26.51326],[88.58468,26.51404],[88.58426,26.51579],[88.57822,26.51578],[88.57898,26.50775],[88.57049,26.50683],[88.56926,26.50088],[88.56323,26.50128],[88.5578,26.50504],[88.55533,26.49829],[88.55708,26.49776],[88.55426,26.48968],[88.55489,26.48472],[88.55681,26.48373],[88.55249,26.47532],[88.55676,26.47487],[88.56011,26.47255],[88.55752,26.47027],[88.55977,26.46448],[88.55937,26.46177],[88.56278,26.4605],[88.5648,26.4575],[88.5709,26.45672],[88.57866,26.45666],[88.58284,26.45561],[88.58489,26.45329],[88.58422,26.45028],[88.58852,26.45078],[88.59282,26.44982],[88.59499,26.45307],[88.59546,26.47085],[88.60429,26.47106]]]},"properties":{"District":"Jalpaiguri","Dist_LGD":"328","Sub_dist":"Rajganj","Subdis_LGD":"2166","Subdis_Typ":"Cd_Block","Vill_name":"Kukurjan","Vill_Cat":"Rural","Vill_LGD":"306881","arr_project":"asha1,asha2"}},
{"type":"Feature","geometry":{"type":"Polygon","coordinates":[[[88.99888,26.83667],[89.01117,26.83679],[89.03147,26.83581],[89.03298,26.84976],[89.02474,26.85038],[89.01929,26.85297],[89.01248,26.8533],[89.01172,26.85055],[89.00291,26.84938],[89.0042,26.84251],[88.99888,26.83667]]]},"properties":{"District":"Jalpaiguri","Dist_LGD":"328","Sub_dist":"Banarhat","Subdis_LGD":"02176N004","Subdis_Typ":"Cd_Block","Vill_name":"Diana Tea Garden (D)","Vill_Cat":"Rural","Vill_LGD":"307412","arr_project":"asha1,asha2"}},
{"type":"Feature","geometry":{"type":"Polygon","coordinates":[[[88.98795,26.82327],[89.00795,26.82285],[89.02882,26.82122],[89.02883,26.82126],[89.03147,26.83581],[89.01117,26.83679],[88.99888,26.83667],[88.99177,26.8368],[88.98987,26.8345],[88.98795,26.82327]]]},"properties":{"District":"Jalpaiguri","Dist_LGD":"328","Sub_dist":"Banarhat","Subdis_LGD":"02176N004","Subdis_Typ":"Cd_Block","Vill_name":"Debpara Tea Garden (D)","Vill_Cat":"Rural","Vill_LGD":"307413","arr_project":"asha1,asha2"}},
{"type":"Feature","geometry":{"type":"Polygon","coordinates":[[[88.98737,26.80765],[89.00813,26.80703],[89.01573,26.80639],[89.01894,26.79812],[89.01983,26.80802],[89.02755,26.80739],[89.02882,26.82122],[89.00795,26.82285],[89.00872,26.81928],[88.98694,26.81946],[88.98657,26.81459],[88.98737,26.80765]]]},"properties":{"District":"Jalpaiguri","Dist_LGD":"328","Sub_dist":"Banarhat","Subdis_LGD":"02176N004","Subdis_Typ":"Cd_Block","Vill_name":"Lakshmipara Tea Garden (D)","Vill_Cat":"Rural","Vill_LGD":"307416","arr_project":"asha1,asha2"}},
{"type":"Feature","geometry":{"type":"Polygon","coordinates":[[[88.50306,26.65308],[88.49876,26.65913],[88.49866,26.66338],[88.4964,26.66712],[88.49128,26.66678],[88.49198,26.67044],[88.49608,26.67357],[88.48968,26.6746],[88.49071,26.67961],[88.48824,26.68268],[88.49188,26.68344],[88.49372,26.68601],[88.49286,26.689],[88.49411,26.69173],[88.49217,26.69355],[88.48978,26.69983],[88.48716,26.7038],[88.49036,26.70609],[88.48674,26.71005],[88.4875,26.71342],[88.48545,26.72366],[88.47757,26.72757],[88.47518,26.72388],[88.47767,26.71888],[88.47739,26.71699],[88.4711,26.70955],[88.4673,26.71248],[88.46414,26.71183],[88.46159,26.70945],[88.45876,26.7092],[88.45798,26.70698],[88.45917,26.6978],[88.46434,26.69332],[88.46337,26.68668],[88.46394,26.68444],[88.47091,26.68081],[88.46969,26.67781],[88.47088,26.67351],[88.46913,26.67012],[88.46287,26.66852],[88.4546,26.66917],[88.45428,26.67352],[88.45109,26.6751],[88.44722,26.67514],[88.44576,26.66982],[88.44302,26.66914],[88.439,26.67039],[88.4255,26.66554],[88.41749,26.66717],[88.40044,26.66947],[88.40042,26.66475],[88.39858,26.65861],[88.40083,26.654],[88.40107,26.64991],[88.3999,26.64244],[88.40646,26.64012],[88.40917,26.63483],[88.41505,26.63317],[88.41603,26.628],[88.41432,26.62262],[88.41787,26.62155],[88.41669,26.61459],[88.41759,26.60865],[88.42326,26.61189],[88.42351,26.61406],[88.42834,26.6141],[88.42826,26.61169],[88.43463,26.61159],[88.44006,26.61055],[88.45018,26.61611],[88.45045,26.61781],[88.45557,26.61893],[88.45652,26.62151],[88.45486,26.624],[88.44971,26.62311],[88.45161,26.62656],[88.45287,26.63175],[88.45767,26.63416],[88.45809,26.63714],[88.46306,26.63872],[88.47056,26.63784],[88.47667,26.63825],[88.47764,26.6335],[88.48212,26.63345],[88.48413,26.63157],[88.4919,26.63074],[88.49531,26.63381],[88.49517,26.63737],[88.49791,26.63982],[88.49819,26.64275],[88.50465,26.64725],[88.50444,26.64965],[88.50306,26.65308]]]},"properties":{"District":"Jalpaiguri","Dist_LGD":"328","Sub_dist":"Rajganj","Subdis_LGD":"2166","Subdis_Typ":"Cd_Block","Vill_name":"Binnaguri (Ct)","Vill_Cat":"Partly_Urban","Vill_LGD":"306883","arr_project":"asha1,asha2"}},
{"type":"Feature","geometry":{"type":"Polygon","coordinates":[[[88.50444,26.64965],[88.50972,26.64953],[88.51288,26.6559],[88.52214,26.6622],[88.52361,26.66661],[88.52172,26.66874],[88.52297,26.67327],[88.52108,26.67897],[88.51633,26.67957],[88.51484,26.67651],[88.51067,26.67531],[88.50756,26.67193],[88.5074,26.66914],[88.51227,26.66411],[88.51074,26.65956],[88.50561,26.65368],[88.50306,26.65308],[88.50444,26.64965]]]},"properties":{"District":"Jalpaiguri","Dist_LGD":"328","Sub_dist":"Rajganj","Subdis_LGD":"2166","Subdis_Typ":"Cd_Block","Vill_name":"Simulguri (Ct)","Vill_Cat":"Partly_Urban","Vill_LGD":"306857","arr_project":"asha1,asha2"}},
{"type":"Feature","geometry":{"type":"Polygon","coordinates":[[[88.53907,26.70504],[88.53394,26.69991],[88.53192,26.69017],[88.52822,26.68652],[88.53132,26.68094],[88.53027,26.67704],[88.52381,26.6672],[88.53538,26.66777],[88.53476,26.66989],[88.53611,26.67512],[88.53495,26.67775],[88.53751,26.67963],[88.54403,26.67856],[88.53809,26.68502],[88.53957,26.68832],[88.53514,26.69517],[88.53907,26.70504]]]},"properties":{"District":"Jalpaiguri","Dist_LGD":"328","Sub_dist":"Rajganj","Subdis_LGD":"2166","Subdis_Typ":"Cd_Block","Vill_name":"Lalitabari","Vill_Cat":"Rural","Vill_LGD":"306858","arr_project":"asha1,asha2"}},
{"type":"Feature","geometry":{"type":"Polygon","coordinates":[[[88.54403,26.67856],[88.54707,26.6751],[88.55114,26.66273],[88.55391,26.66251],[88.55545,26.65764],[88.55915,26.65665],[88.56236,26.65911],[88.5668,26.65886],[88.56736,26.66269],[88.57347,26.66298],[88.5738,26.66503],[88.56956,26.673],[88.56966,26.68452],[88.56295,26.68561],[88.56161,26.69052],[88.5629,26.69668],[88.5577,26.69955],[88.55542,26.70388],[88.55036,26.70868],[88.54912,26.71223],[88.54434,26.71392],[88.54293,26.71107],[88.54016,26.70996],[88.53881,26.71354],[88.53638,26.71292],[88.53907,26.70504],[88.53514,26.69517],[88.53957,26.68832],[88.53809,26.68502],[88.54403,26.67856]]]},"properties":{"District":"Jalpaiguri","Dist_LGD":"328","Sub_dist":"Rajganj","Subdis_LGD":"2166","Subdis_Typ":"Cd_Block","Vill_name":"Mantadari","Vill_Cat":"Rural","Vill_LGD":"306859","arr_project":"asha1,asha2"}},
{"type":"Feature","geometry":{"type":"Polygon","coordinates":[[[88.53948,26.56791],[88.53989,26.56564],[88.54648,26.55701],[88.54856,26.55116],[88.5517,26.55276],[88.55489,26.55833],[88.55334,26.56135],[88.55626,26.56471],[88.56123,26.56464],[88.56581,26.5667],[88.56759,26.56529],[88.57201,26.5652],[88.57627,26.55797],[88.57837,26.55687],[88.58301,26.5573],[88.58458,26.56185],[88.59348,26.55982],[88.60051,26.56073],[88.59988,26.56491],[88.60096,26.56746],[88.5963,26.56804],[88.59325,26.56715],[88.59057,26.56356],[88.5867,26.56368],[88.58494,26.56589],[88.58151,26.56592],[88.58296,26.57129],[88.58155,26.58242],[88.58914,26.58241],[88.59297,26.58416],[88.59028,26.58366],[88.58887,26.58757],[88.56485,26.5889],[88.56004,26.58766],[88.56066,26.59221],[88.55359,26.59239],[88.54836,26.59149],[88.54826,26.5862],[88.54891,26.5823],[88.54638,26.58206],[88.54387,26.57919],[88.54463,26.57695],[88.54216,26.57079],[88.53948,26.56791]]]},"properties":{"District":"Jalpaiguri","Dist_LGD":"328","Sub_dist":"Rajganj","Subdis_LGD":"2166","Subdis_Typ":"Cd_Block","Vill_name":"Chhat Guzrimari","Vill_Cat":"Rural","Vill_LGD":"306867","arr_project":"asha1,asha2"}},
{"type":"Feature","geometry":{"type":"Polygon","coordinates":[[[88.51335,26.56141],[88.51812,26.562],[88.52251,26.56517],[88.52711,26.56643],[88.52785,26.56393],[88.53116,26.56341],[88.5371,26.56821],[88.53948,26.56791],[88.54216,26.57079],[88.54463,26.57695],[88.54387,26.57919],[88.54638,26.58206],[88.54891,26.5823],[88.54826,26.5862],[88.54101,26.58584],[88.53257,26.5835],[88.53306,26.58699],[88.53257,26.59034],[88.52689,26.59018],[88.52658,26.58783],[88.52326,26.58702],[88.52294,26.59302],[88.52025,26.59324],[88.51668,26.59679],[88.51114,26.59625],[88.50832,26.59304],[88.51036,26.58828],[88.51709,26.5832],[88.51561,26.57597],[88.51055,26.57392],[88.51428,26.57071],[88.5149,26.56569],[88.5123,26.5643],[88.51335,26.56141]]]},"properties":{"District":"Jalpaiguri","Dist_LGD":"328","Sub_dist":"Rajganj","Subdis_LGD":"2166","Subdis_Typ":"Cd_Block","Vill_name":"Kismat Sukani","Vill_Cat":"Rural","Vill_LGD":"306868","arr_project":"asha1,asha2"}},
{"type":"Feature","geometry":{"type":"Polygon","coordinates":[[[88.50693,26.62195],[88.50898,26.61849],[88.51326,26.61871],[88.51297,26.61109],[88.50883,26.60942],[88.50738,26.60356],[88.51149,26.59917],[88.51114,26.59625],[88.51668,26.59679],[88.52025,26.59324],[88.52294,26.59302],[88.52326,26.58702],[88.52658,26.58783],[88.52689,26.59018],[88.53257,26.59034],[88.53306,26.58699],[88.53931,26.59045],[88.54509,26.59263],[88.54326,26.59543],[88.54415,26.60311],[88.54043,26.60316],[88.53634,26.60578],[88.5324,26.61099],[88.53593,26.61209],[88.53607,26.61472],[88.54556,26.61371],[88.54339,26.61712],[88.54445,26.62099],[88.5424,26.62554],[88.54678,26.62733],[88.54395,26.63162],[88.53435,26.62753],[88.52439,26.6266],[88.52415,26.62802],[88.51693,26.63214],[88.51467,26.63028],[88.51151,26.63076],[88.51152,26.62299],[88.50693,26.62195]]]},"properties":{"District":"Jalpaiguri","Dist_LGD":"328","Sub_dist":"Rajganj","Subdis_LGD":"2166","Subdis_Typ":"Cd_Block","Vill_name":"Pani Kauri","Vill_Cat":"Rural","Vill_LGD":"306870","arr_project":"asha1,asha2"}},
{"type":"Feature","geometry":{"type":"Polygon","coordinates":[[[88.49566,26.59673],[88.49808,26.59551],[88.49591,26.59255],[88.50832,26.59304],[88.51114,26.59625],[88.51149,26.59917],[88.50738,26.60356],[88.50883,26.60942],[88.51297,26.61109],[88.51326,26.61871],[88.50898,26.61849],[88.50693,26.62195],[88.49961,26.6216],[88.49793,26.61865],[88.49837,26.61337],[88.49294,26.61451],[88.49025,26.61279],[88.49169,26.60813],[88.48863,26.60563],[88.49314,26.6016],[88.49566,26.59673]]]},"properties":{"District":"Jalpaiguri","Dist_LGD":"328","Sub_dist":"Rajganj","Subdis_LGD":"2166","Subdis_Typ":"Cd_Block","Vill_name":"Mehendigachh","Vill_Cat":"Rural","Vill_LGD":"306861","arr_project":"asha1,asha2"}},
{"type":"Feature","geometry":{"type":"Polygon","coordinates":[[[88.47255,26.59879],[88.48099,26.59956],[88.48347,26.59512],[88.48972,26.59658],[88.49566,26.59673],[88.49314,26.6016],[88.48863,26.60563],[88.49169,26.60813],[88.49025,26.61279],[88.48475,26.61237],[88.48113,26.61332],[88.4788,26.61575],[88.4738,26.61421],[88.47209,26.61137],[88.47599,26.6072],[88.47335,26.60448],[88.47255,26.59879]]]},"properties":{"District":"Jalpaiguri","Dist_LGD":"328","Sub_dist":"Rajganj","Subdis_LGD":"2166","Subdis_Typ":"Cd_Block","Vill_name":"Ambari Falakata","Vill_Cat":"Rural","Vill_LGD":"306862","arr_project":"asha1,asha2"}},
{"type":"Feature","geometry":{"type":"Polygon","coordinates":[[[88.46151,26.59312],[88.47084,26.5943],[88.47255,26.59879],[88.47335,26.60448],[88.47599,26.6072],[88.47209,26.61137],[88.4738,26.61421],[88.46696,26.61475],[88.46616,26.6132],[88.46788,26.61106],[88.4669,26.60607],[88.46283,26.60482],[88.45914,26.60638],[88.45335,26.60093],[88.46151,26.59312]]]},"properties":{"District":"Jalpaiguri","Dist_LGD":"328","Sub_dist":"Rajganj","Subdis_LGD":"2166","Subdis_Typ":"Cd_Block","Vill_name":"Badlagachha","Vill_Cat":"Rural","Vill_LGD":"306877","arr_project":"asha1,asha2"}},
{"type":"Feature","geometry":{"type":"Polygon","coordinates":[[[88.46151,26.59312],[88.46172,26.59055],[88.46488,26.58851],[88.46416,26.58565],[88.46815,26.58577],[88.47441,26.58342],[88.47539,26.57821],[88.48266,26.57854],[88.48169,26.58611],[88.48366,26.5873],[88.48453,26.59127],[88.48347,26.59512],[88.48099,26.59956],[88.47255,26.59879],[88.47084,26.5943],[88.46151,26.59312]]]},"properties":{"District":"Jalpaiguri","Dist_LGD":"328","Sub_dist":"Rajganj","Subdis_LGD":"2166","Subdis_Typ":"Cd_Block","Vill_name":"Patharghata","Vill_Cat":"Rural","Vill_LGD":"306878","arr_project":"asha1,asha2"}},
{"type":"Feature","geometry":{"type":"Polygon","coordinates":[[[88.47539,26.57821],[88.47914,26.57412],[88.49088,26.57269],[88.505,26.5704],[88.50445,26.57711],[88.50253,26.58145],[88.49855,26.58556],[88.49593,26.58372],[88.49353,26.58542],[88.49591,26.59255],[88.49808,26.59551],[88.49566,26.59673],[88.48972,26.59658],[88.48347,26.59512],[88.48453,26.59127],[88.48366,26.5873],[88.48169,26.58611],[88.48266,26.57854],[88.47539,26.57821]]]},"properties":{"District":"Jalpaiguri","Dist_LGD":"328","Sub_dist":"Rajganj","Subdis_LGD":"2166","Subdis_Typ":"Cd_Block","Vill_name":"Mahanbhita","Vill_Cat":"Rural","Vill_LGD":"306876","arr_project":"asha1,asha2"}},
{"type":"Feature","geometry":{"type":"Polygon","coordinates":[[[88.49591,26.59255],[88.49353,26.58542],[88.49593,26.58372],[88.49855,26.58556],[88.50253,26.58145],[88.50445,26.57711],[88.505,26.5704],[88.51055,26.57392],[88.51561,26.57597],[88.51709,26.5832],[88.51036,26.58828],[88.50832,26.59304],[88.49591,26.59255]]]},"properties":{"District":"Jalpaiguri","Dist_LGD":"328","Sub_dist":"Rajganj","Subdis_LGD":"2166","Subdis_Typ":"Cd_Block","Vill_name":"Balai Gachh","Vill_Cat":"Rural","Vill_LGD":"306875","arr_project":"asha1,asha2"}},
{"type":"Feature","geometry":{"type":"Polygon","coordinates":[[[88.4788,26.61575],[88.48113,26.61332],[88.48475,26.61237],[88.49025,26.61279],[88.49294,26.61451],[88.49837,26.61337],[88.49793,26.61865],[88.49961,26.6216],[88.49808,26.62651],[88.49202,26.62902],[88.4919,26.63074],[88.48413,26.63157],[88.48212,26.63345],[88.47764,26.6335],[88.47667,26.63825],[88.47056,26.63784],[88.4677,26.63195],[88.46791,26.62842],[88.47148,26.62611],[88.47121,26.62264],[88.47621,26.62128],[88.47836,26.61925],[88.4788,26.61575]]]},"properties":{"District":"Jalpaiguri","Dist_LGD":"328","Sub_dist":"Rajganj","Subdis_LGD":"2166","Subdis_Typ":"Cd_Block","Vill_name":"Gadheaganj","Vill_Cat":"Rural","Vill_LGD":"306863","arr_project":"asha1,asha2"}},
{"type":"Feature","geometry":{"type":"Polygon","coordinates":[[[88.45557,26.61893],[88.45418,26.61624],[88.45659,26.61375],[88.46616,26.6132],[88.46696,26.61475],[88.4738,26.61421],[88.4788,26.61575],[88.47836,26.61925],[88.47621,26.62128],[88.47121,26.62264],[88.47148,26.62611],[88.46791,26.62842],[88.4677,26.63195],[88.47056,26.63784],[88.46306,26.63872],[88.45809,26.63714],[88.45767,26.63416],[88.45287,26.63175],[88.45161,26.62656],[88.44971,26.62311],[88.45486,26.624],[88.45652,26.62151],[88.45557,26.61893]]]},"properties":{"District":"Jalpaiguri","Dist_LGD":"328","Sub_dist":"Rajganj","Subdis_LGD":"2166","Subdis_Typ":"Cd_Block","Vill_name":"Jugibhita","Vill_Cat":"Rural","Vill_LGD":"306864","arr_project":"asha1,asha2"}},
{"type":"Feature","geometry":{"type":"Polygon","coordinates":[[[88.4919,26.63074],[88.49202,26.62902],[88.49808,26.62651],[88.49961,26.6216],[88.50693,26.62195],[88.51152,26.62299],[88.51151,26.63076],[88.51467,26.63028],[88.51693,26.63214],[88.51688,26.6343],[88.51271,26.63747],[88.51208,26.64001],[88.5046,26.64038],[88.50127,26.64289],[88.49819,26.64275],[88.49791,26.63982],[88.49517,26.63737],[88.49531,26.63381],[88.4919,26.63074]]]},"properties":{"District":"Jalpaiguri","Dist_LGD":"328","Sub_dist":"Rajganj","Subdis_LGD":"2166","Subdis_Typ":"Cd_Block","Vill_name":"Kamarbhita (Ct)","Vill_Cat":"Partly_Urban","Vill_LGD":"306860","arr_project":"asha1,asha2"}},
{"type":"Feature","geometry":{"type":"Polygon","coordinates":[[[88.49819,26.64275],[88.50127,26.64289],[88.5046,26.64038],[88.51208,26.64001],[88.51271,26.63747],[88.51688,26.6343],[88.51863,26.63427],[88.52699,26.66132],[88.52214,26.6622],[88.51288,26.6559],[88.50972,26.64953],[88.50444,26.64965],[88.50465,26.64725],[88.49819,26.64275]]]},"properties":{"District":"Jalpaiguri","Dist_LGD":"328","Sub_dist":"Rajganj","Subdis_LGD":"2166","Subdis_Typ":"Cd_Block","Vill_name":"Chakiabhita (Ct)","Vill_Cat":"Partly_Urban","Vill_LGD":"306884","arr_project":"asha1,asha2"}},
{"type":"Feature","geometry":{"type":"Polygon","coordinates":[[[88.51693,26.63214],[88.52415,26.62802],[88.52439,26.6266],[88.53435,26.62753],[88.54395,26.63162],[88.54223,26.63318],[88.54121,26.64069],[88.54238,26.64509],[88.53961,26.65082],[88.54147,26.658],[88.53569,26.65753],[88.53642,26.66057],[88.52699,26.66132],[88.51863,26.63427],[88.51688,26.6343],[88.51693,26.63214]]]},"properties":{"District":"Jalpaiguri","Dist_LGD":"328","Sub_dist":"Rajganj","Subdis_LGD":"2166","Subdis_Typ":"Cd_Block","Vill_name":"Araji Binnaguri","Vill_Cat":"Rural","Vill_LGD":"306874","arr_project":"asha1,asha2"}},
{"type":"Feature","geometry":{"type":"Polygon","coordinates":[[[88.54238,26.64509],[88.54121,26.64069],[88.54223,26.63318],[88.54395,26.63162],[88.55122,26.63386],[88.54989,26.63838],[88.54975,26.6453],[88.54238,26.64509]]]},"properties":{"District":"Jalpaiguri","Dist_LGD":"328","Sub_dist":"Rajganj","Subdis_LGD":"2166","Subdis_Typ":"Cd_Block","Vill_name":"Chhat Shikarpur","Vill_Cat":"Rural","Vill_LGD":"306873","arr_project":"asha1,asha2"}},
{"type":"Feature","geometry":{"type":"Polygon","coordinates":[[[88.54445,26.62099],[88.55214,26.6216],[88.55298,26.62449],[88.54678,26.62733],[88.5424,26.62554],[88.54445,26.62099]]]},"properties":{"District":"Jalpaiguri","Dist_LGD":"328","Sub_dist":"Rajganj","Subdis_LGD":"2166","Subdis_Typ":"Cd_Block","Vill_name":"Araji Bhelakoba Iii","Vill_Cat":"Rural","Vill_LGD":"306872","arr_project":"asha1,asha2"}},
{"type":"Feature","geometry":{"type":"Polygon","coordinates":[[[88.54556,26.61371],[88.53607,26.61472],[88.53593,26.61209],[88.5324,26.61099],[88.53634,26.60578],[88.54043,26.60316],[88.54415,26.60311],[88.55056,26.60335],[88.55178,26.60619],[88.54849,26.60856],[88.54556,26.61371]]]},"properties":{"District":"Jalpaiguri","Dist_LGD":"328","Sub_dist":"Rajganj","Subdis_LGD":"2166","Subdis_Typ":"Cd_Block","Vill_name":"Araji Bhelakoba Ii","Vill_Cat":"Rural","Vill_LGD":"306871","arr_project":"asha1,asha2"}},
{"type":"Feature","geometry":{"type":"Polygon","coordinates":[[[88.46616,26.6132],[88.45659,26.61375],[88.45418,26.61624],[88.45557,26.61893],[88.45045,26.61781],[88.45018,26.61611],[88.44006,26.61055],[88.43463,26.61159],[88.42826,26.61169],[88.42834,26.6141],[88.42351,26.61406],[88.42326,26.61189],[88.41759,26.60865],[88.41984,26.59865],[88.41911,26.59049],[88.42246,26.58277],[88.42132,26.57105],[88.42264,26.56603],[88.42434,26.56514],[88.43214,26.54841],[88.43702,26.54407],[88.44273,26.54411],[88.44322,26.53929],[88.44813,26.53529],[88.45547,26.53623],[88.45505,26.53897],[88.4583,26.54023],[88.45875,26.54712],[88.46185,26.54672],[88.46243,26.54376],[88.47577,26.54447],[88.47805,26.54192],[88.48362,26.54128],[88.48455,26.53829],[88.48221,26.53617],[88.48245,26.5303],[88.48952,26.53195],[88.48848,26.52654],[88.48992,26.52507],[88.48858,26.51791],[88.49053,26.51437],[88.49011,26.51135],[88.49954,26.5125],[88.50052,26.51572],[88.5031,26.51793],[88.50311,26.52186],[88.49925,26.52435],[88.49823,26.52731],[88.50126,26.52885],[88.50379,26.53424],[88.50821,26.53414],[88.51011,26.53704],[88.50791,26.54201],[88.51238,26.54409],[88.51454,26.54636],[88.5144,26.55053],[88.51023,26.55281],[88.51473,26.55758],[88.51335,26.56141],[88.5123,26.5643],[88.5149,26.56569],[88.51428,26.57071],[88.51055,26.57392],[88.505,26.5704],[88.49088,26.57269],[88.47914,26.57412],[88.47539,26.57821],[88.47441,26.58342],[88.46815,26.58577],[88.46416,26.58565],[88.46488,26.58851],[88.46172,26.59055],[88.46151,26.59312],[88.45335,26.60093],[88.45914,26.60638],[88.46283,26.60482],[88.4669,26.60607],[88.46788,26.61106],[88.46616,26.6132]]]},"properties":{"District":"Jalpaiguri","Dist_LGD":"328","Sub_dist":"Rajganj","Subdis_LGD":"2166","Subdis_Typ":"Cd_Block","Vill_name":"Sannyasikata","Vill_Cat":"Rural","Vill_LGD":"306879","arr_project":"asha1,asha2"}},
{"type":"Feature","geometry":{"type":"Polygon","coordinates":[[[88.57837,26.55687],[88.57627,26.55797],[88.57201,26.5652],[88.56759,26.56529],[88.56581,26.5667],[88.56123,26.56464],[88.55626,26.56471],[88.55334,26.56135],[88.55489,26.55833],[88.5517,26.55276],[88.54856,26.55116],[88.54648,26.55701],[88.53989,26.56564],[88.53948,26.56791],[88.5371,26.56821],[88.53116,26.56341],[88.52785,26.56393],[88.52711,26.56643],[88.52251,26.56517],[88.51812,26.562],[88.51335,26.56141],[88.51473,26.55758],[88.51023,26.55281],[88.5144,26.55053],[88.51454,26.54636],[88.51238,26.54409],[88.50791,26.54201],[88.51011,26.53704],[88.50821,26.53414],[88.50379,26.53424],[88.50126,26.52885],[88.49823,26.52731],[88.49925,26.52435],[88.50311,26.52186],[88.5031,26.51793],[88.50052,26.51572],[88.50798,26.51617],[88.51055,26.51074],[88.51979,26.51126],[88.52211,26.50615],[88.52134,26.5034],[88.51856,26.50206],[88.52316,26.49611],[88.52459,26.49161],[88.52274,26.48671],[88.52736,26.48746],[88.52635,26.48138],[88.53009,26.4812],[88.55489,26.48472],[88.55426,26.48968],[88.55708,26.49776],[88.55533,26.49829],[88.5578,26.50504],[88.56323,26.50128],[88.56926,26.50088],[88.57049,26.50683],[88.57898,26.50775],[88.57822,26.51578],[88.58426,26.51579],[88.58415,26.51951],[88.57998,26.52076],[88.57789,26.52656],[88.57943,26.52725],[88.57883,26.53249],[88.58762,26.53343],[88.59072,26.53574],[88.58647,26.5385],[88.58224,26.53791],[88.58498,26.5437],[88.58367,26.54653],[88.57535,26.54699],[88.57379,26.54878],[88.57738,26.55298],[88.57837,26.55687]]]},"properties":{"District":"Jalpaiguri","Dist_LGD":"328","Sub_dist":"Rajganj","Subdis_LGD":"2166","Subdis_Typ":"Cd_Block","Vill_name":"Sukani","Vill_Cat":"Rural","Vill_LGD":"306880","arr_project":"asha1,asha2"}},
{"type":"Feature","geometry":{"type":"Polygon","coordinates":[[[88.66472,26.45081],[88.67136,26.45175],[88.67368,26.45091],[88.66954,26.45552],[88.67012,26.45856],[88.6636,26.45859],[88.66214,26.45745],[88.66472,26.45081]]]},"properties":{"District":"Jalpaiguri","Dist_LGD":"328","Sub_dist":"Jalpaiguri","Subdis_LGD":"2178","Subdis_Typ":"Cd_Block","Vill_name":"Amarkhana","Vill_Cat":"Rural","Vill_LGD":"307603","arr_project":"asha1,asha2"}},
{"type":"Feature","geometry":{"type":"Polygon","coordinates":[[[88.70218,26.47576],[88.70055,26.4692],[88.70216,26.46471],[88.7016,26.46201],[88.70768,26.45565],[88.71402,26.45356],[88.71703,26.45038],[88.7218,26.44757],[88.72558,26.44676],[88.72906,26.44449],[88.7333,26.4452],[88.73693,26.4436],[88.7438,26.44669],[88.74334,26.45228],[88.74867,26.45426],[88.75523,26.44901],[88.76043,26.45109],[88.7616,26.44658],[88.76254,26.44702],[88.76301,26.44741],[88.76296,26.45232],[88.76155,26.45972],[88.75556,26.46569],[88.75367,26.47312],[88.74793,26.48136],[88.74719,26.4842],[88.74935,26.48755],[88.74933,26.49132],[88.74247,26.49126],[88.73583,26.49209],[88.72973,26.49043],[88.72923,26.48513],[88.725,26.48576],[88.72474,26.49248],[88.72316,26.49482],[88.71291,26.4936],[88.71322,26.48861],[88.70784,26.48712],[88.70739,26.47852],[88.70218,26.47576]]]},"properties":{"District":"Jalpaiguri","Dist_LGD":"328","Sub_dist":"Jalpaiguri","Subdis_LGD":"2178","Subdis_Typ":"Cd_Block","Vill_name":"Mandalghat","Vill_Cat":"Rural","Vill_LGD":"307601","arr_project":"asha1,asha2"}},
{"type":"Feature","geometry":{"type":"Polygon","coordinates":[[[88.83267,26.40947],[88.82758,26.41469],[88.82139,26.41194],[88.81315,26.41203],[88.80629,26.41294],[88.8067,26.41006],[88.79956,26.40543],[88.79609,26.40904],[88.79112,26.41197],[88.79116,26.41568],[88.78486,26.41657],[88.78376,26.41471],[88.78809,26.40979],[88.78156,26.40979],[88.78243,26.40004],[88.77999,26.39801],[88.78383,26.39793],[88.7862,26.39284],[88.78953,26.39234],[88.78932,26.38781],[88.79877,26.3758],[88.80347,26.37592],[88.80809,26.37923],[88.81986,26.37744],[88.82745,26.37853],[88.83531,26.38066],[88.84078,26.3856],[88.8463,26.3844],[88.85061,26.38512],[88.8477,26.38752],[88.84583,26.39102],[88.84039,26.39671],[88.83267,26.40947]]]},"properties":{"District":"Jalpaiguri","Dist_LGD":"328","Sub_dist":"Jalpaiguri","Subdis_LGD":"2178","Subdis_Typ":"Cd_Block","Vill_name":"Boalmari","Vill_Cat":"Rural","Vill_LGD":"307622","arr_project":"asha1,asha2"}},
{"type":"Feature","geometry":{"type":"Polygon","coordinates":[[[88.74034,26.41104],[88.74412,26.41776],[88.74577,26.42269],[88.75318,26.41847],[88.75136,26.41158],[88.75129,26.40758],[88.75616,26.40693],[88.76462,26.40788],[88.77063,26.40688],[88.77331,26.41107],[88.77265,26.41355],[88.77873,26.42062],[88.77863,26.42516],[88.77654,26.42763],[88.77201,26.42936],[88.7685,26.43427],[88.76669,26.4391],[88.76306,26.44309],[88.76254,26.44702],[88.7616,26.44658],[88.75831,26.43814],[88.75481,26.43778],[88.75293,26.43237],[88.74535,26.43295],[88.74352,26.42787],[88.74036,26.42978],[88.73642,26.42769],[88.73698,26.42344],[88.73354,26.42153],[88.72979,26.4206],[88.72884,26.41406],[88.73441,26.41204],[88.74034,26.41104]]]},"properties":{"District":"Jalpaiguri","Dist_LGD":"328","Sub_dist":"Jalpaiguri","Subdis_LGD":"2178","Subdis_Typ":"Cd_Block","Vill_name":"Nandanpur","Vill_Cat":"Rural","Vill_LGD":"307619","arr_project":"asha1,asha2"}},
{"type":"Feature","geometry":{"type":"Polygon","coordinates":[[[88.87922,26.57091],[88.88111,26.57718],[88.8854,26.57613],[88.88615,26.57287],[88.89221,26.5706],[88.89477,26.57691],[88.89249,26.57814],[88.89628,26.58147],[88.89574,26.58645],[88.90037,26.58734],[88.89961,26.59123],[88.89567,26.59525],[88.89104,26.59572],[88.89019,26.59381],[88.89449,26.59226],[88.89485,26.58937],[88.89006,26.58893],[88.88916,26.59205],[88.88335,26.59133],[88.88096,26.58835],[88.87906,26.58272],[88.87712,26.57705],[88.87922,26.57091]]]},"properties":{"District":"Jalpaiguri","Dist_LGD":"328","Sub_dist":"Maynaguri","Subdis_LGD":"2177","Subdis_Typ":"Cd_Block","Vill_name":"Ratherhat","Vill_Cat":"Rural","Vill_LGD":"307579","arr_project":"asha1,asha2"}},
{"type":"Feature","geometry":{"type":"Polygon","coordinates":[[[88.89221,26.5706],[88.89354,26.56737],[88.8975,26.5652],[88.89851,26.55732],[88.90524,26.55679],[88.91236,26.55903],[88.91329,26.55738],[88.9206,26.55381],[88.92131,26.5511],[88.92174,26.54946],[88.92545,26.55362],[88.92143,26.55921],[88.91607,26.56212],[88.91169,26.56067],[88.90696,26.56288],[88.90497,26.56589],[88.90541,26.57132],[88.904,26.58085],[88.90426,26.58383],[88.90751,26.58965],[88.91213,26.59282],[88.91004,26.59652],[88.90414,26.59949],[88.90227,26.59738],[88.89567,26.59525],[88.89961,26.59123],[88.90037,26.58734],[88.89574,26.58645],[88.89628,26.58147],[88.89249,26.57814],[88.89477,26.57691],[88.89221,26.5706]]]},"properties":{"District":"Jalpaiguri","Dist_LGD":"328","Sub_dist":"Maynaguri","Subdis_LGD":"2177","Subdis_Typ":"Cd_Block","Vill_name":"Bhangarhat","Vill_Cat":"Rural","Vill_LGD":"307584","arr_project":"asha1,asha2"}},
{"type":"Feature","geometry":{"type":"Polygon","coordinates":[[[88.85304,26.57548],[88.86042,26.5722],[88.86388,26.57364],[88.86598,26.56939],[88.86905,26.56585],[88.87548,26.56186],[88.88123,26.56088],[88.87914,26.56573],[88.87922,26.57091],[88.87712,26.57705],[88.87906,26.58272],[88.87767,26.58449],[88.87318,26.58505],[88.86547,26.5875],[88.86136,26.58731],[88.85888,26.59103],[88.85457,26.59097],[88.85074,26.58693],[88.85201,26.58177],[88.85116,26.57878],[88.85304,26.57548]]]},"properties":{"District":"Jalpaiguri","Dist_LGD":"328","Sub_dist":"Maynaguri","Subdis_LGD":"2177","Subdis_Typ":"Cd_Block","Vill_name":"Dwarikamari","Vill_Cat":"Rural","Vill_LGD":"307576","arr_project":"asha1,asha2"}},
{"type":"Feature","geometry":{"type":"Polygon","coordinates":[[[88.74933,26.49132],[88.74935,26.48755],[88.74719,26.4842],[88.74793,26.48136],[88.75367,26.47312],[88.75556,26.46569],[88.76155,26.45972],[88.76296,26.45232],[88.76301,26.44741],[88.76396,26.44506],[88.76822,26.44266],[88.77267,26.44174],[88.78689,26.44652],[88.79464,26.43957],[88.79681,26.43907],[88.80146,26.43203],[88.80644,26.43001],[88.80936,26.42588],[88.81412,26.4273],[88.81157,26.43094],[88.81418,26.43175],[88.81125,26.44287],[88.81416,26.44401],[88.81437,26.45203],[88.81792,26.45216],[88.82057,26.45942],[88.81979,26.46086],[88.81715,26.46609],[88.81734,26.46972],[88.80899,26.47674],[88.80662,26.47617],[88.80583,26.47294],[88.80099,26.47306],[88.7992,26.4752],[88.79973,26.48089],[88.79698,26.48327],[88.79265,26.48223],[88.78587,26.48392],[88.77961,26.48342],[88.77716,26.48802],[88.76612,26.48652],[88.76276,26.48493],[88.75839,26.48485],[88.7551,26.48897],[88.74933,26.49132]]]},"properties":{"District":"Jalpaiguri","Dist_LGD":"328","Sub_dist":"Maynaguri","Subdis_LGD":"2177","Subdis_Typ":"Cd_Block","Vill_name":"Dharmmapur","Vill_Cat":"Rural","Vill_LGD":"307534","arr_project":"asha1,asha2"}},
{"type":"Feature","geometry":{"type":"Polygon","coordinates":[[[88.93974,26.50217],[88.93774,26.50409],[88.93885,26.50688],[88.93437,26.50836],[88.93315,26.51133],[88.9348,26.51354],[88.93615,26.51939],[88.93983,26.53038],[88.93296,26.53282],[88.93549,26.53778],[88.93316,26.54251],[88.93424,26.54662],[88.9294,26.54995],[88.92758,26.5544],[88.92545,26.55362],[88.92174,26.54946],[88.92061,26.54345],[88.92281,26.5394],[88.91683,26.52834],[88.91171,26.52743],[88.91131,26.52996],[88.90784,26.53195],[88.90261,26.5321],[88.90128,26.52815],[88.89823,26.52702],[88.89455,26.52224],[88.89685,26.51803],[88.89944,26.51422],[88.89392,26.51473],[88.89159,26.51246],[88.88464,26.51156],[88.88181,26.50931],[88.88159,26.50418],[88.87647,26.50402],[88.87263,26.50389],[88.87138,26.50086],[88.86854,26.49993],[88.86971,26.49831],[88.86886,26.49046],[88.87953,26.48345],[88.88,26.47986],[88.88102,26.47131],[88.88485,26.46629],[88.88858,26.46481],[88.89765,26.45945],[88.90059,26.45896],[88.90696,26.45798],[88.9112,26.45884],[88.91213,26.46085],[88.90931,26.46316],[88.91018,26.46942],[88.90608,26.46847],[88.9032,26.46566],[88.8993,26.46789],[88.89929,26.47064],[88.9036,26.47388],[88.90448,26.47651],[88.90839,26.47684],[88.9108,26.47338],[88.91591,26.47077],[88.91534,26.47868],[88.92593,26.48036],[88.93305,26.47809],[88.93274,26.48544],[88.93969,26.48526],[88.94296,26.4939],[88.94301,26.499],[88.93974,26.50217]]]},"properties":{"District":"Jalpaiguri","Dist_LGD":"328","Sub_dist":"Maynaguri","Subdis_LGD":"2177","Subdis_Typ":"Cd_Block","Vill_name":"Saptibari","Vill_Cat":"Rural","Vill_LGD":"307587","arr_project":"asha1,asha2"}},
{"type":"Feature","geometry":{"type":"Polygon","coordinates":[[[88.91591,26.47077],[88.92631,26.47068],[88.92589,26.46794],[88.9296,26.46501],[88.93699,26.46551],[88.94064,26.47269],[88.94629,26.47529],[88.94224,26.48232],[88.93969,26.48526],[88.93274,26.48544],[88.93305,26.47809],[88.92593,26.48036],[88.91534,26.47868],[88.91591,26.47077]]]},"properties":{"District":"Jalpaiguri","Dist_LGD":"328","Sub_dist":"Maynaguri","Subdis_LGD":"2177","Subdis_Typ":"Cd_Block","Vill_name":"Purbba Baragharia","Vill_Cat":"Rural","Vill_LGD":"307588","arr_project":"asha1,asha2"}},
{"type":"Feature","geometry":{"type":"Polygon","coordinates":[[[88.5914,26.53646],[88.59397,26.5389],[88.59952,26.5402],[88.60044,26.54355],[88.5987,26.5489],[88.60429,26.54681],[88.60786,26.54296],[88.61525,26.5423],[88.6171,26.54787],[88.62106,26.54694],[88.63088,26.54652],[88.63192,26.54929],[88.63188,26.5561],[88.63268,26.55855],[88.63254,26.56552],[88.63775,26.56656],[88.63603,26.5706],[88.63049,26.57076],[88.62853,26.57506],[88.62149,26.57479],[88.61935,26.57708],[88.61859,26.58102],[88.62254,26.58569],[88.62626,26.59333],[88.62625,26.59768],[88.62492,26.60113],[88.61923,26.60216],[88.61504,26.60625],[88.61167,26.60616],[88.60763,26.60454],[88.604,26.60157],[88.5961,26.59973],[88.59602,26.59331],[88.59318,26.59273],[88.594,26.59138],[88.59297,26.58416],[88.58914,26.58241],[88.58155,26.58242],[88.58296,26.57129],[88.58151,26.56592],[88.58494,26.56589],[88.5867,26.56368],[88.59057,26.56356],[88.59325,26.56715],[88.5963,26.56804],[88.60096,26.56746],[88.59988,26.56491],[88.60051,26.56073],[88.59348,26.55982],[88.58458,26.56185],[88.58301,26.5573],[88.57837,26.55687],[88.57738,26.55298],[88.57379,26.54878],[88.57535,26.54699],[88.58367,26.54653],[88.58498,26.5437],[88.58224,26.53791],[88.58647,26.5385],[88.59072,26.53574],[88.5914,26.53646]]]},"properties":{"District":"Jalpaiguri","Dist_LGD":"328","Sub_dist":"Jalpaiguri","Subdis_LGD":"2178","Subdis_Typ":"Cd_Block","Vill_name":"Bhelakoba","Vill_Cat":"Rural","Vill_LGD":"307596","arr_project":"asha1,asha2"}},
{"type":"Feature","geometry":{"type":"Polygon","coordinates":[[[88.5914,26.53646],[88.59249,26.53297],[88.59614,26.53295],[88.59968,26.52607],[88.59718,26.52527],[88.59634,26.51887],[88.59658,26.51402],[88.6001,26.51098],[88.60494,26.51524],[88.60473,26.51784],[88.60126,26.52036],[88.60213,26.52562],[88.60834,26.52726],[88.60715,26.53183],[88.60051,26.53186],[88.60056,26.5336],[88.60573,26.53513],[88.61364,26.53611],[88.61496,26.54016],[88.62181,26.54108],[88.62261,26.5396],[88.62865,26.54062],[88.62934,26.53858],[88.61797,26.53547],[88.61825,26.53114],[88.62604,26.52818],[88.61889,26.52533],[88.61798,26.51915],[88.61845,26.51112],[88.61741,26.50775],[88.61211,26.50624],[88.61105,26.502],[88.61482,26.49686],[88.61427,26.49297],[88.62145,26.49462],[88.62172,26.48781],[88.62331,26.48518],[88.63015,26.48297],[88.62589,26.4805],[88.62602,26.47557],[88.63276,26.47643],[88.63226,26.48015],[88.63645,26.4804],[88.6397,26.48315],[88.63943,26.48693],[88.64295,26.48803],[88.64379,26.48127],[88.65421,26.48205],[88.65784,26.48132],[88.66793,26.48764],[88.67021,26.48791],[88.67155,26.49062],[88.67853,26.48998],[88.67903,26.49326],[88.6815,26.49615],[88.67822,26.50245],[88.67411,26.50163],[88.67373,26.50933],[88.6775,26.50946],[88.68185,26.51203],[88.69228,26.51353],[88.69621,26.51701],[88.69566,26.52513],[88.6828,26.52276],[88.6844,26.51905],[88.6847,26.51417],[88.67583,26.51416],[88.67113,26.51308],[88.66811,26.5079],[88.66439,26.50758],[88.66225,26.51478],[88.65946,26.51566],[88.66022,26.51896],[88.65736,26.52452],[88.65226,26.52237],[88.64958,26.52453],[88.6496,26.52788],[88.64183,26.52902],[88.64071,26.53455],[88.63757,26.53753],[88.63751,26.54028],[88.62941,26.54108],[88.63088,26.54652],[88.62106,26.54694],[88.6171,26.54787],[88.61525,26.5423],[88.60786,26.54296],[88.60429,26.54681],[88.5987,26.5489],[88.60044,26.54355],[88.59952,26.5402],[88.59397,26.5389],[88.5914,26.53646]]]},"properties":{"District":"Jalpaiguri","Dist_LGD":"328","Sub_dist":"Jalpaiguri","Subdis_LGD":"2178","Subdis_Typ":"Cd_Block","Vill_name":"Bahadur","Vill_Cat":"Rural","Vill_LGD":"307598","arr_project":"asha1,asha2"}},
{"type":"Feature","geometry":{"type":"Polygon","coordinates":[[[88.62602,26.47557],[88.62589,26.4805],[88.63015,26.48297],[88.62331,26.48518],[88.62172,26.48781],[88.62145,26.49462],[88.61427,26.49297],[88.61482,26.49686],[88.61105,26.502],[88.61211,26.50624],[88.61741,26.50775],[88.61845,26.51112],[88.61798,26.51915],[88.61889,26.52533],[88.62604,26.52818],[88.61825,26.53114],[88.61797,26.53547],[88.62934,26.53858],[88.62865,26.54062],[88.62261,26.5396],[88.62181,26.54108],[88.61496,26.54016],[88.61364,26.53611],[88.60573,26.53513],[88.60056,26.5336],[88.60051,26.53186],[88.60715,26.53183],[88.60834,26.52726],[88.60213,26.52562],[88.60126,26.52036],[88.60473,26.51784],[88.60494,26.51524],[88.6001,26.51098],[88.59658,26.51402],[88.59634,26.51887],[88.59718,26.52527],[88.59968,26.52607],[88.59614,26.53295],[88.59249,26.53297],[88.5914,26.53646],[88.59072,26.53574],[88.58762,26.53343],[88.57883,26.53249],[88.57943,26.52725],[88.57789,26.52656],[88.57998,26.52076],[88.58415,26.51951],[88.58426,26.51579],[88.58468,26.51404],[88.59586,26.51326],[88.59748,26.50555],[88.59429,26.50371],[88.59431,26.49936],[88.59255,26.49609],[88.59611,26.49321],[88.59521,26.4887],[88.60092,26.48554],[88.60272,26.47999],[88.60005,26.47799],[88.60408,26.47475],[88.60429,26.47106],[88.62276,26.47108],[88.62302,26.46868],[88.62335,26.47141],[88.62723,26.47173],[88.62602,26.47557]]]},"properties":{"District":"Jalpaiguri","Dist_LGD":"328","Sub_dist":"Jalpaiguri","Subdis_LGD":"2178","Subdis_Typ":"Cd_Block","Vill_name":"Satkhamar","Vill_Cat":"Rural","Vill_LGD":"307597","arr_project":"asha1,asha2"}},
{"type":"Feature","geometry":{"type":"Polygon","coordinates":[[[88.70218,26.47576],[88.69936,26.47434],[88.6939,26.47405],[88.68889,26.46992],[88.68008,26.4826],[88.67923,26.48617],[88.67408,26.48455],[88.67021,26.48791],[88.66793,26.48764],[88.65784,26.48132],[88.65421,26.48205],[88.64379,26.48127],[88.64295,26.48803],[88.63943,26.48693],[88.6397,26.48315],[88.63645,26.4804],[88.63226,26.48015],[88.63276,26.47643],[88.62602,26.47557],[88.62723,26.47173],[88.62335,26.47141],[88.62302,26.46868],[88.62551,26.45081],[88.62671,26.45086],[88.62817,26.44105],[88.62305,26.43832],[88.62363,26.43502],[88.63032,26.43467],[88.63069,26.43141],[88.63502,26.43198],[88.63815,26.42948],[88.64279,26.42997],[88.64425,26.4287],[88.6454,26.43159],[88.65033,26.42935],[88.6561,26.43044],[88.65919,26.42825],[88.66443,26.4309],[88.66119,26.43471],[88.66238,26.439],[88.66676,26.44093],[88.66642,26.44364],[88.66642,26.44846],[88.66472,26.45081],[88.66214,26.45745],[88.6636,26.45859],[88.67012,26.45856],[88.66954,26.45552],[88.67368,26.45091],[88.67803,26.45147],[88.68054,26.45002],[88.68174,26.44925],[88.68149,26.44265],[88.68523,26.44079],[88.68775,26.43837],[88.68689,26.43472],[88.68925,26.43222],[88.68992,26.42495],[88.69015,26.4226],[88.69546,26.41834],[88.69566,26.41603],[88.70016,26.41659],[88.70071,26.41453],[88.70193,26.41022],[88.70756,26.40964],[88.70872,26.41169],[88.70638,26.41938],[88.71134,26.4207],[88.71614,26.42568],[88.71467,26.4306],[88.71959,26.4323],[88.71871,26.43995],[88.71979,26.44161],[88.7282,26.44333],[88.72906,26.44449],[88.72558,26.44676],[88.7218,26.44757],[88.71703,26.45038],[88.71402,26.45356],[88.70768,26.45565],[88.7016,26.46201],[88.70216,26.46471],[88.70055,26.4692],[88.70218,26.47576]]]},"properties":{"District":"Jalpaiguri","Dist_LGD":"328","Sub_dist":"Jalpaiguri","Subdis_LGD":"2178","Subdis_Typ":"Cd_Block","Vill_name":"Garalbari","Vill_Cat":"Rural","Vill_LGD":"307602","arr_project":"asha1,asha2"}},
{"type":"Feature","geometry":{"type":"Polygon","coordinates":[[[88.73354,26.42153],[88.73698,26.42344],[88.73642,26.42769],[88.74036,26.42978],[88.74352,26.42787],[88.74535,26.43295],[88.75293,26.43237],[88.75481,26.43778],[88.75382,26.44104],[88.74807,26.44046],[88.74686,26.44395],[88.74459,26.44373],[88.74463,26.43917],[88.74012,26.43805],[88.73899,26.43783],[88.7364,26.43003],[88.73438,26.42863],[88.73354,26.42153]]]},"properties":{"District":"Jalpaiguri","Dist_LGD":"328","Sub_dist":"Jalpaiguri","Subdis_LGD":"2178","Subdis_Typ":"Cd_Block","Vill_name":"Araji Garalbari","Vill_Cat":"Rural","Vill_LGD":"307618","arr_project":"asha1,asha2"}},
{"type":"Feature","geometry":{"type":"Polygon","coordinates":[[[88.7616,26.44658],[88.76043,26.45109],[88.75523,26.44901],[88.74867,26.45426],[88.74334,26.45228],[88.7438,26.44669],[88.73693,26.4436],[88.738,26.4393],[88.74012,26.43805],[88.74463,26.43917],[88.74459,26.44373],[88.74686,26.44395],[88.74807,26.44046],[88.75382,26.44104],[88.75481,26.43778],[88.75831,26.43814],[88.7616,26.44658]]]},"properties":{"District":"Jalpaiguri","Dist_LGD":"328","Sub_dist":"Jalpaiguri","Subdis_LGD":"2178","Subdis_Typ":"Cd_Block","Vill_name":"Banshkanthia","Vill_Cat":"Rural","Vill_LGD":"307617","arr_project":"asha1,asha2"}},
{"type":"Feature","geometry":{"type":"Polygon","coordinates":[[[88.77331,26.41107],[88.77063,26.40688],[88.76462,26.40788],[88.75616,26.40693],[88.75129,26.40758],[88.75136,26.41158],[88.75318,26.41847],[88.74577,26.42269],[88.74412,26.41776],[88.74034,26.41104],[88.74209,26.40778],[88.74007,26.40472],[88.74148,26.39639],[88.74366,26.39422],[88.75198,26.39386],[88.7556,26.38551],[88.75065,26.38293],[88.74852,26.38696],[88.74267,26.38394],[88.74315,26.37977],[88.73856,26.37917],[88.73858,26.38206],[88.73478,26.38329],[88.73121,26.37897],[88.72153,26.37787],[88.72488,26.36945],[88.72807,26.36933],[88.72962,26.37434],[88.73372,26.37295],[88.73653,26.37036],[88.73825,26.3759],[88.74008,26.37642],[88.74421,26.36906],[88.7437,26.36553],[88.73775,26.36367],[88.7392,26.35836],[88.74614,26.35755],[88.74577,26.35182],[88.75018,26.3489],[88.74807,26.35546],[88.74923,26.36086],[88.75365,26.36429],[88.75618,26.36841],[88.7571,26.37543],[88.76345,26.3838],[88.76583,26.38893],[88.76946,26.39273],[88.76981,26.39482],[88.77405,26.39562],[88.77501,26.39854],[88.77999,26.39801],[88.78243,26.40004],[88.78156,26.40979],[88.77331,26.41107]]]},"properties":{"District":"Jalpaiguri","Dist_LGD":"328","Sub_dist":"Jalpaiguri","Subdis_LGD":"2178","Subdis_Typ":"Cd_Block","Vill_name":"Kharija Berubari","Vill_Cat":"Rural","Vill_LGD":"307620","arr_project":"asha1,asha2"}},
{"type":"Feature","geometry":{"type":"MultiPolygon","coordinates":[[[[88.69842,26.28061],[88.69405,26.28111],[88.69185,26.27911],[88.68577,26.28152],[88.68337,26.27798],[88.68588,26.27499],[88.68595,26.27676],[88.69117,26.27776],[88.69604,26.27728],[88.69842,26.28061]]],[[[88.73693,26.4436],[88.7333,26.4452],[88.72906,26.44449],[88.7282,26.44333],[88.71979,26.44161],[88.71871,26.43995],[88.71959,26.4323],[88.71467,26.4306],[88.71614,26.42568],[88.71134,26.4207],[88.70638,26.41938],[88.70872,26.41169],[88.70756,26.40964],[88.70613,26.40508],[88.70102,26.40158],[88.69613,26.40265],[88.69612,26.40652],[88.68908,26.40248],[88.69012,26.39855],[88.68692,26.39844],[88.68577,26.40108],[88.68176,26.402],[88.67368,26.4009],[88.67185,26.39745],[88.67376,26.3952],[88.678,26.39559],[88.67959,26.39419],[88.68475,26.39439],[88.6876,26.39251],[88.68814,26.38669],[88.694,26.38757],[88.69933,26.39007],[88.70215,26.38845],[88.70204,26.38576],[88.69086,26.38454],[88.68992,26.38309],[88.68481,26.38334],[88.682,26.38221],[88.68118,26.3779],[88.68649,26.37882],[88.68521,26.37554],[88.68666,26.37379],[88.68826,26.36691],[88.69414,26.3676],[88.69669,26.36897],[88.69986,26.36681],[88.68876,26.36522],[88.69046,26.36333],[88.69376,26.36374],[88.69538,26.36085],[88.69137,26.35996],[88.69372,26.35641],[88.69837,26.35716],[88.69777,26.35259],[88.69893,26.35489],[88.70219,26.35467],[88.71121,26.3558],[88.71504,26.35523],[88.71442,26.34734],[88.71208,26.3449],[88.71281,26.3413],[88.71447,26.34386],[88.72197,26.34283],[88.72923,26.34464],[88.72951,26.34802],[88.73579,26.34797],[88.73624,26.34945],[88.74385,26.34873],[88.74552,26.34463],[88.74267,26.3367],[88.73933,26.3368],[88.73405,26.33045],[88.73376,26.3285],[88.74139,26.32987],[88.74561,26.33244],[88.74862,26.33193],[88.74639,26.32239],[88.73739,26.32345],[88.73053,26.32363],[88.73112,26.31836],[88.72619,26.31752],[88.72434,26.31465],[88.72012,26.31389],[88.71687,26.31757],[88.70985,26.31688],[88.70623,26.31469],[88.70034,26.3148],[88.69668,26.31229],[88.69359,26.30585],[88.69222,26.30596],[88.68905,26.30053],[88.68714,26.295],[88.69314,26.29287],[88.69539,26.28986],[88.70024,26.28893],[88.69975,26.29218],[88.70586,26.29016],[88.7042,26.28554],[88.70945,26.28663],[88.71391,26.28572],[88.71235,26.28266],[88.71814,26.28238],[88.72104,26.28328],[88.72957,26.29461],[88.73849,26.29346],[88.74101,26.29536],[88.74533,26.31041],[88.75138,26.3114],[88.75664,26.31067],[88.7579,26.3131],[88.75652,26.31694],[88.75693,26.32471],[88.76112,26.33142],[88.76002,26.33505],[88.75427,26.33769],[88.75433,26.34358],[88.75018,26.3489],[88.74577,26.35182],[88.74614,26.35755],[88.7392,26.35836],[88.73775,26.36367],[88.7437,26.36553],[88.74421,26.36906],[88.74008,26.37642],[88.73825,26.3759],[88.73653,26.37036],[88.73372,26.37295],[88.72962,26.37434],[88.72807,26.36933],[88.72488,26.36945],[88.72153,26.37787],[88.73121,26.37897],[88.73478,26.38329],[88.73858,26.38206],[88.73856,26.37917],[88.74315,26.37977],[88.74267,26.38394],[88.74852,26.38696],[88.75065,26.38293],[88.7556,26.38551],[88.75198,26.39386],[88.74366,26.39422],[88.74148,26.39639],[88.74007,26.40472],[88.74209,26.40778],[88.74034,26.41104],[88.73441,26.41204],[88.72884,26.41406],[88.72979,26.4206],[88.73354,26.42153],[88.73438,26.42863],[88.7364,26.43003],[88.73899,26.43783],[88.74012,26.43805],[88.738,26.4393],[88.73693,26.4436]]]]},"properties":{"District":"Jalpaiguri","Dist_LGD":"328","Sub_dist":"Jalpaiguri","Subdis_LGD":"2178","Subdis_Typ":"Cd_Block","Vill_name":"Berubari","Vill_Cat":"Rural","Vill_LGD":"307616","arr_project":"asha1,asha2"}},
{"type":"Feature","geometry":{"type":"Polygon","coordinates":[[[88.67451,26.43796],[88.67834,26.43605],[88.68175,26.44051],[88.68523,26.44079],[88.68149,26.44265],[88.68174,26.44925],[88.68054,26.45002],[88.6769,26.44798],[88.67701,26.44594],[88.67107,26.44425],[88.67234,26.44021],[88.67451,26.43796]]]},"properties":{"District":"Jalpaiguri","Dist_LGD":"328","Sub_dist":"Jalpaiguri","Subdis_LGD":"2178","Subdis_Typ":"Cd_Block","Vill_name":"Araji Amarkhana","Vill_Cat":"Rural","Vill_LGD":"307605","arr_project":"asha1,asha2"}},
{"type":"Feature","geometry":{"type":"Polygon","coordinates":[[[88.67834,26.43605],[88.68256,26.43035],[88.68391,26.42546],[88.68992,26.42495],[88.68925,26.43222],[88.68689,26.43472],[88.68775,26.43837],[88.68523,26.44079],[88.68175,26.44051],[88.67834,26.43605]]]},"properties":{"District":"Jalpaiguri","Dist_LGD":"328","Sub_dist":"Jalpaiguri","Subdis_LGD":"2178","Subdis_Typ":"Cd_Block","Vill_name":"Rarmmadeb","Vill_Cat":"Rural","Vill_LGD":"307606","arr_project":"asha1,asha2"}},
{"type":"Feature","geometry":{"type":"Polygon","coordinates":[[[88.67834,26.43605],[88.67451,26.43796],[88.67195,26.43637],[88.67491,26.43368],[88.67131,26.43084],[88.67094,26.4281],[88.6604,26.42382],[88.66017,26.42276],[88.65926,26.4165],[88.66198,26.41262],[88.66889,26.41226],[88.67417,26.41078],[88.67371,26.41455],[88.67952,26.41744],[88.6864,26.41311],[88.69435,26.41151],[88.70071,26.41453],[88.70016,26.41659],[88.69566,26.41603],[88.69546,26.41834],[88.69015,26.4226],[88.68992,26.42495],[88.68391,26.42546],[88.68256,26.43035],[88.67834,26.43605]]]},"properties":{"District":"Jalpaiguri","Dist_LGD":"328","Sub_dist":"Jalpaiguri","Subdis_LGD":"2178","Subdis_Typ":"Cd_Block","Vill_name":"Araji Maria Kamala Pukhari","Vill_Cat":"Rural","Vill_LGD":"307607","arr_project":"asha1,asha2"}},
{"type":"Feature","geometry":{"type":"Polygon","coordinates":[[[88.65919,26.42825],[88.6561,26.43044],[88.65033,26.42935],[88.6454,26.43159],[88.64425,26.4287],[88.64967,26.42959],[88.65157,26.42534],[88.65024,26.41743],[88.65576,26.41892],[88.65728,26.42308],[88.66017,26.42276],[88.6604,26.42382],[88.65919,26.42825]]]},"properties":{"District":"Jalpaiguri","Dist_LGD":"328","Sub_dist":"Jalpaiguri","Subdis_LGD":"2178","Subdis_Typ":"Cd_Block","Vill_name":"Maria Kamala Pukhari","Vill_Cat":"Rural","Vill_LGD":"307609","arr_project":"asha1,asha2"}},
{"type":"Feature","geometry":{"type":"Polygon","coordinates":[[[88.70756,26.40964],[88.70193,26.41022],[88.69612,26.40652],[88.69613,26.40265],[88.70102,26.40158],[88.70613,26.40508],[88.70756,26.40964]]]},"properties":{"District":"Jalpaiguri","Dist_LGD":"328","Sub_dist":"Jalpaiguri","Subdis_LGD":"2178","Subdis_Typ":"Cd_Block","Vill_name":"Berubarinagar","Vill_Cat":"Rural","Vill_LGD":"307612","arr_project":"asha1,asha2"}},
{"type":"Feature","geometry":{"type":"MultiPolygon","coordinates":[[[[88.69099,26.31806],[88.69248,26.32135],[88.69216,26.32561],[88.69667,26.32576],[88.69561,26.32873],[88.69088,26.32889],[88.68962,26.32301],[88.67919,26.32216],[88.67501,26.32008],[88.67575,26.31436],[88.67931,26.31332],[88.69099,26.31806]]],[[[88.71281,26.3413],[88.71208,26.3449],[88.71442,26.34734],[88.71504,26.35523],[88.71121,26.3558],[88.70219,26.35467],[88.69893,26.35489],[88.69777,26.35259],[88.69703,26.34798],[88.69498,26.34414],[88.69953,26.3416],[88.7039,26.34188],[88.70212,26.33537],[88.70457,26.33249],[88.71003,26.33468],[88.7123,26.33775],[88.71281,26.3413]]],[[[88.68876,26.36522],[88.69986,26.36681],[88.69669,26.36897],[88.69414,26.3676],[88.68826,26.36691],[88.68876,26.36522]]]]},"properties":{"District":"Jalpaiguri","Dist_LGD":"328","Sub_dist":"Jalpaiguri","Subdis_LGD":"2178","Subdis_Typ":"Cd_Block","Vill_name":"Shakati","Vill_Cat":"Rural","Vill_LGD":"307613","arr_project":"asha1,asha2"}},
{"type":"Feature","geometry":{"type":"Polygon","coordinates":[[[88.69668,26.31229],[88.69315,26.31399],[88.69099,26.31806],[88.67931,26.31332],[88.68244,26.31251],[88.68297,26.30846],[88.67866,26.30783],[88.67974,26.30367],[88.68007,26.30195],[88.68714,26.295],[88.68905,26.30053],[88.69222,26.30596],[88.69359,26.30585],[88.69668,26.31229]]]},"properties":{"District":"Jalpaiguri","Dist_LGD":"328","Sub_dist":"Jalpaiguri","Subdis_LGD":"2178","Subdis_Typ":"Cd_Block","Vill_name":"Binnaguri (Ct)","Vill_Cat":"Partly_Urban","Vill_LGD":"307614","arr_project":"asha1,asha2"}},
{"type":"Feature","geometry":{"type":"Polygon","coordinates":[[[88.68337,26.27798],[88.68047,26.27881],[88.68073,26.28265],[88.68425,26.28402],[88.683,26.28638],[88.67861,26.28942],[88.67862,26.29094],[88.67168,26.29459],[88.66848,26.29344],[88.66955,26.28956],[88.66606,26.28925],[88.66634,26.28505],[88.66952,26.28076],[88.66726,26.27808],[88.66751,26.27195],[88.67199,26.27227],[88.67175,26.26685],[88.66837,26.26728],[88.66729,26.2634],[88.67192,26.26308],[88.67803,26.26414],[88.67936,26.25891],[88.6862,26.26308],[88.68591,26.26757],[88.68997,26.26664],[88.69237,26.26904],[88.69172,26.27184],[88.68744,26.27268],[88.68588,26.27499],[88.68337,26.27798]]]},"properties":{"District":"Jalpaiguri","Dist_LGD":"328","Sub_dist":"Jalpaiguri","Subdis_LGD":"2178","Subdis_Typ":"Cd_Block","Vill_name":"Daikhata","Vill_Cat":"Rural","Vill_LGD":"307615","arr_project":"asha1,asha2"}},
{"type":"Feature","geometry":{"type":"Polygon","coordinates":[[[88.7995,26.61918],[88.8103,26.61901],[88.8072,26.61437],[88.80908,26.60969],[88.80971,26.60377],[88.81562,26.6035],[88.81587,26.60721],[88.8198,26.60793],[88.82036,26.60877],[88.81823,26.61776],[88.82236,26.61939],[88.82258,26.6229],[88.81854,26.62744],[88.81321,26.63132],[88.80693,26.63167],[88.80829,26.63712],[88.80172,26.63705],[88.79936,26.63537],[88.79973,26.63033],[88.79688,26.62874],[88.80107,26.62603],[88.7995,26.61918]]]},"properties":{"District":"Jalpaiguri","Dist_LGD":"328","Sub_dist":"Maynaguri","Subdis_LGD":"2177","Subdis_Typ":"Cd_Block","Vill_name":"Banglajhar","Vill_Cat":"Rural","Vill_LGD":"307546","arr_project":"asha1,asha2"}},
{"type":"Feature","geometry":{"type":"Polygon","coordinates":[[[88.79496,26.59586],[88.79339,26.59454],[88.79535,26.58984],[88.79247,26.58738],[88.79139,26.58315],[88.79479,26.58324],[88.79526,26.58636],[88.80154,26.58387],[88.80851,26.58408],[88.80915,26.59252],[88.80338,26.59728],[88.79997,26.59767],[88.79496,26.59586]]]},"properties":{"District":"Jalpaiguri","Dist_LGD":"328","Sub_dist":"Maynaguri","Subdis_LGD":"2177","Subdis_Typ":"Cd_Block","Vill_name":"Bagjan","Vill_Cat":"Rural","Vill_LGD":"307542","arr_project":"asha1,asha2"}},
{"type":"Feature","geometry":{"type":"Polygon","coordinates":[[[88.91213,26.59282],[88.90751,26.58965],[88.90426,26.58383],[88.904,26.58085],[88.90541,26.57132],[88.90497,26.56589],[88.90696,26.56288],[88.91169,26.56067],[88.91607,26.56212],[88.92143,26.55921],[88.92545,26.55362],[88.92758,26.5544],[88.92935,26.55555],[88.93333,26.5529],[88.93643,26.54752],[88.9449,26.54334],[88.94799,26.54108],[88.95508,26.54056],[88.96204,26.53875],[88.95748,26.54276],[88.95027,26.54531],[88.94714,26.54851],[88.94093,26.55527],[88.93652,26.56443],[88.93427,26.56818],[88.92505,26.57675],[88.92206,26.5794],[88.91723,26.58105],[88.91519,26.58677],[88.91493,26.59025],[88.91213,26.59282]]]},"properties":{"District":"Jalpaiguri","Dist_LGD":"328","Sub_dist":"Maynaguri","Subdis_LGD":"2177","Subdis_Typ":"Cd_Block","Vill_name":"Charchura Bhandar","Vill_Cat":"Rural","Vill_LGD":"307585","arr_project":"asha1,asha2"}},
{"type":"Feature","geometry":{"type":"Polygon","coordinates":[[[88.85455,26.47414],[88.8574,26.47186],[88.86066,26.47246],[88.86692,26.46542],[88.8734,26.46353],[88.88281,26.46469],[88.88485,26.46629],[88.88102,26.47131],[88.88,26.47986],[88.87704,26.48073],[88.87536,26.48345],[88.86876,26.48203],[88.86288,26.48161],[88.86269,26.47855],[88.85732,26.47845],[88.85476,26.47565],[88.85455,26.47414]]]},"properties":{"District":"Jalpaiguri","Dist_LGD":"328","Sub_dist":"Maynaguri","Subdis_LGD":"2177","Subdis_Typ":"Cd_Block","Vill_name":"Balasan","Vill_Cat":"Rural","Vill_LGD":"307565","arr_project":"asha1,asha2"}},
{"type":"Feature","geometry":{"type":"Polygon","coordinates":[[[88.84505,26.46146],[88.84989,26.46232],[88.85534,26.46103],[88.85584,26.45823],[88.85912,26.45534],[88.86604,26.45397],[88.86915,26.45676],[88.86761,26.46021],[88.87205,26.46084],[88.8734,26.46353],[88.86692,26.46542],[88.86066,26.47246],[88.8574,26.47186],[88.85455,26.47414],[88.84813,26.4749],[88.84854,26.4784],[88.84399,26.47876],[88.84154,26.47698],[88.83761,26.47806],[88.83395,26.4736],[88.83491,26.47088],[88.83786,26.46914],[88.83972,26.46579],[88.84335,26.46665],[88.84505,26.46146]]]},"properties":{"District":"Jalpaiguri","Dist_LGD":"328","Sub_dist":"Maynaguri","Subdis_LGD":"2177","Subdis_Typ":"Cd_Block","Vill_name":"Bhatpatti","Vill_Cat":"Rural","Vill_LGD":"307564","arr_project":"asha1,asha2"}},
{"type":"Feature","geometry":{"type":"Polygon","coordinates":[[[88.6604,26.42382],[88.67094,26.4281],[88.67131,26.43084],[88.67491,26.43368],[88.67195,26.43637],[88.67451,26.43796],[88.67234,26.44021],[88.67107,26.44425],[88.66642,26.44364],[88.66676,26.44093],[88.66238,26.439],[88.66119,26.43471],[88.66443,26.4309],[88.65919,26.42825],[88.6604,26.42382]]]},"properties":{"District":"Jalpaiguri","Dist_LGD":"328","Sub_dist":"Jalpaiguri","Subdis_LGD":"2178","Subdis_Typ":"Cd_Block","Vill_name":"Singimari Dwitiya Khanda","Vill_Cat":"Rural","Vill_LGD":"307608","arr_project":"asha1,asha2"}},
{"type":"Feature","geometry":{"type":"Polygon","coordinates":[[[88.66017,26.42276],[88.65728,26.42308],[88.65576,26.41892],[88.65024,26.41743],[88.65926,26.4165],[88.66017,26.42276]]]},"properties":{"District":"Jalpaiguri","Dist_LGD":"328","Sub_dist":"Jalpaiguri","Subdis_LGD":"2178","Subdis_Typ":"Cd_Block","Vill_name":"Singimari Pratham Khanda","Vill_Cat":"Rural","Vill_LGD":"307610","arr_project":"asha1,asha2"}},
{"type":"Feature","geometry":{"type":"Polygon","coordinates":[[[89.0267,26.86402],[89.02589,26.86256],[89.02723,26.86203],[89.02819,26.86401],[89.0267,26.86402]]]},"properties":{"District":"Jalpaiguri","Dist_LGD":"328","Sub_dist":"Banarhat","Subdis_LGD":"02176N004","Subdis_Typ":"Cd_Block","Vill_name":"Red Bank (D)","Vill_Cat":"Rural","Vill_LGD":"307403","arr_project":"asha1,asha2"}},
{"type":"Feature","geometry":{"type":"Polygon","coordinates":[[[89.03298,26.84976],[89.03324,26.86368],[89.03808,26.86583],[89.03859,26.87146],[89.04284,26.87187],[89.04409,26.88112],[89.03956,26.8772],[89.03791,26.87406],[89.03518,26.8731],[89.0301,26.86916],[89.03165,26.86815],[89.03011,26.86745],[89.02861,26.86828],[89.02398,26.86411],[89.01974,26.86298],[89.01393,26.85726],[89.0113,26.85589],[88.99998,26.85914],[88.99184,26.85089],[88.99028,26.84526],[88.98552,26.84086],[88.98987,26.8345],[88.99177,26.8368],[88.99888,26.83667],[89.0042,26.84251],[89.00291,26.84938],[89.01172,26.85055],[89.01248,26.8533],[89.01929,26.85297],[89.02474,26.85038],[89.03298,26.84976]],[[89.02628,26.86033],[89.02529,26.85789],[89.0226,26.8592],[89.02387,26.8611],[89.02628,26.86033]],[[89.03061,26.86285],[89.03268,26.86224],[89.03221,26.86009],[89.02962,26.86108],[89.03061,26.86285]],[[89.0267,26.86402],[89.02819,26.86401],[89.02723,26.86203],[89.02589,26.86256],[89.0267,26.86402]]]},"properties":{"District":"Jalpaiguri","Dist_LGD":"328","Sub_dist":"Banarhat","Subdis_LGD":"02176N004","Subdis_Typ":"Cd_Block","Vill_name":"Red Bank Tea Garden (D)","Vill_Cat":"Rural","Vill_LGD":"307404","arr_project":"asha1,asha2"}},
{"type":"Feature","geometry":{"type":"Polygon","coordinates":[[[89.03061,26.86285],[89.02962,26.86108],[89.03221,26.86009],[89.03268,26.86224],[89.03061,26.86285]]]},"properties":{"District":"Jalpaiguri","Dist_LGD":"328","Sub_dist":"Banarhat","Subdis_LGD":"02176N004","Subdis_Typ":"Cd_Block","Vill_name":"Red Bank (D)","Vill_Cat":"Rural","Vill_LGD":"307403","arr_project":"asha1,asha2"}},
{"type":"Feature","geometry":{"type":"Polygon","coordinates":[[[89.02628,26.86033],[89.02387,26.8611],[89.0226,26.8592],[89.02529,26.85789],[89.02628,26.86033]]]},"properties":{"District":"Jalpaiguri","Dist_LGD":"328","Sub_dist":"Banarhat","Subdis_LGD":"02176N004","Subdis_Typ":"Cd_Block","Vill_name":"Red Bank (D)","Vill_Cat":"Rural","Vill_LGD":"307403","arr_project":"asha1,asha2"}},
{"type":"Feature","geometry":{"type":"Polygon","coordinates":[[[88.98619,26.78762],[88.98624,26.79278],[88.97825,26.7934],[88.9788,26.79976],[88.97489,26.79999],[88.97808,26.80553],[88.97519,26.80802],[88.97421,26.8055],[88.97028,26.80274],[88.96475,26.79429],[88.96793,26.79456],[88.96799,26.78688],[88.96654,26.77196],[88.96814,26.77025],[88.96577,26.76499],[88.96612,26.7649],[88.97155,26.7694],[88.9733,26.77261],[88.98237,26.78375],[88.98619,26.78762]]]},"properties":{"District":"Jalpaiguri","Dist_LGD":"328","Sub_dist":"Banarhat","Subdis_LGD":"02176N004","Subdis_Typ":"Cd_Block","Vill_name":"Totopara Tea Garden (D)","Vill_Cat":"Rural","Vill_LGD":"307425","arr_project":"asha1,asha2"}},
{"type":"Feature","geometry":{"type":"Polygon","coordinates":[[[89.07384,26.84876],[89.05895,26.84942],[89.05265,26.84926],[89.03298,26.84976],[89.03147,26.83581],[89.02883,26.82126],[89.05015,26.82029],[89.05267,26.83516],[89.07248,26.83475],[89.07384,26.84876]]]},"properties":{"District":"Jalpaiguri","Dist_LGD":"328","Sub_dist":"Banarhat","Subdis_LGD":"02176N004","Subdis_Typ":"Cd_Block","Vill_name":"Haritalguri Tea Garden (D)","Vill_Cat":"Rural","Vill_LGD":"307411","arr_project":"asha1,asha2"}},
{"type":"Feature","geometry":{"type":"Polygon","coordinates":[[[89.09885,26.81592],[89.09871,26.81835],[89.09268,26.8194],[89.09169,26.82533],[89.09206,26.8307],[89.0979,26.83344],[89.1018,26.84785],[89.07384,26.84876],[89.07248,26.83475],[89.05267,26.83516],[89.05015,26.82029],[89.06908,26.81936],[89.07595,26.81854],[89.09044,26.81768],[89.09316,26.81801],[89.09885,26.81592]]]},"properties":{"District":"Jalpaiguri","Dist_LGD":"328","Sub_dist":"Banarhat","Subdis_LGD":"02176N004","Subdis_Typ":"Cd_Block","Vill_name":"Kathalguri Tea Garden (D)","Vill_Cat":"Rural","Vill_LGD":"307408","arr_project":"asha1,asha2"}},
{"type":"Feature","geometry":{"type":"Polygon","coordinates":[[[89.09885,26.81592],[89.09316,26.81801],[89.09044,26.81768],[89.07595,26.81854],[89.06908,26.81936],[89.05015,26.82029],[89.05021,26.8172],[89.05835,26.81682],[89.05769,26.80795],[89.05488,26.80549],[89.05633,26.80546],[89.06933,26.80503],[89.06953,26.80403],[89.08391,26.80297],[89.09198,26.79953],[89.09817,26.80738],[89.09885,26.81592]]]},"properties":{"District":"Jalpaiguri","Dist_LGD":"328","Sub_dist":"Banarhat","Subdis_LGD":"02176N004","Subdis_Typ":"Cd_Block","Vill_name":"Riabari Tea Garden   (D)","Vill_Cat":"Rural","Vill_LGD":"307409","arr_project":"asha1,asha2"}},
{"type":"Feature","geometry":{"type":"Polygon","coordinates":[[[89.09198,26.79953],[89.08391,26.80297],[89.06953,26.80403],[89.06933,26.80503],[89.05633,26.80546],[89.04593,26.79105],[89.04094,26.78516],[89.04184,26.77882],[89.05674,26.77767],[89.06764,26.77828],[89.07594,26.77807],[89.08089,26.77579],[89.08957,26.78463],[89.09219,26.79019],[89.09198,26.79953]]]},"properties":{"District":"Jalpaiguri","Dist_LGD":"328","Sub_dist":"Banarhat","Subdis_LGD":"02176N004","Subdis_Typ":"Cd_Block","Vill_name":"Karbala Tea Garden (D)","Vill_Cat":"Rural","Vill_LGD":"307419","arr_project":"asha1,asha2"}},
{"type":"Feature","geometry":{"type":"Polygon","coordinates":[[[88.77008,26.71284],[88.77185,26.71779],[88.77228,26.7267],[88.77144,26.72962],[88.76633,26.72827],[88.76569,26.72067],[88.77008,26.71284]]]},"properties":{"District":"Jalpaiguri","Dist_LGD":"328","Sub_dist":"Matiali","Subdis_LGD":"2168","Subdis_Typ":"Cd_Block","Vill_name":"Saraswati","Vill_Cat":"Rural","Vill_LGD":"307018N106","arr_project":"asha1,asha2"}},
{"type":"Feature","geometry":{"type":"Polygon","coordinates":[[[89.01669,26.7793],[89.03867,26.7789],[89.04184,26.77882],[89.04094,26.78516],[89.04593,26.79105],[89.05633,26.80546],[89.05488,26.80549],[89.02755,26.80739],[89.01983,26.80802],[89.01894,26.79812],[89.0171,26.79337],[89.01669,26.7793]]]},"properties":{"District":"Jalpaiguri","Dist_LGD":"328","Sub_dist":"Banarhat","Subdis_LGD":"02176N004","Subdis_Typ":"Cd_Block","Vill_name":"Banarhat Tea Garden (Ct)","Vill_Cat":"Partly_Urban","Vill_LGD":"307505","arr_project":"asha1,asha2"}},
{"type":"Feature","geometry":{"type":"Polygon","coordinates":[[[88.99765,26.77899],[89.01669,26.7793],[89.0171,26.79337],[89.01894,26.79812],[89.01573,26.80639],[89.00813,26.80703],[88.98737,26.80765],[88.9801,26.80769],[88.9788,26.79976],[88.97825,26.7934],[88.98624,26.79278],[88.98619,26.78762],[88.99765,26.77899]]]},"properties":{"District":"Jalpaiguri","Dist_LGD":"328","Sub_dist":"Banarhat","Subdis_LGD":"02176N004","Subdis_Typ":"Cd_Block","Vill_name":"Gendrapara Tea Garden (D)","Vill_Cat":"Rural","Vill_LGD":"307417","arr_project":"asha1,asha2"}},
{"type":"Feature","geometry":{"type":"Polygon","coordinates":[[[89.00044,26.76416],[89.00158,26.75412],[89.00314,26.74781],[89.00177,26.74436],[89.00387,26.74092],[89.00461,26.73649],[89.00165,26.72569],[89.00312,26.7216],[89.02579,26.72009],[89.02603,26.73039],[89.02701,26.73532],[89.02834,26.74962],[89.02739,26.75297],[89.02798,26.76347],[89.01573,26.76398],[89.00044,26.76416]]]},"properties":{"District":"Jalpaiguri","Dist_LGD":"328","Sub_dist":"Banarhat","Subdis_LGD":"02176N004","Subdis_Typ":"Cd_Block","Vill_name":"Haldibari Tea Garden (D)","Vill_Cat":"Rural","Vill_LGD":"307423","arr_project":"asha1,asha2"}},
{"type":"Feature","geometry":{"type":"Polygon","coordinates":[[[88.9569,26.78113],[88.95388,26.78122],[88.95094,26.778],[88.95562,26.77801],[88.9569,26.78113]]]},"properties":{"District":"Jalpaiguri","Dist_LGD":"328","Sub_dist":"Banarhat","Subdis_LGD":"02176N004","Subdis_Typ":"Cd_Block","Vill_name":"Chapaguri Khanda (D)","Vill_Cat":"Rural","Vill_LGD":"307428","arr_project":"asha1,asha2"}},
{"type":"Feature","geometry":{"type":"Polygon","coordinates":[[[88.92933,26.70484],[88.92669,26.70566],[88.91792,26.7043],[88.91656,26.70557],[88.91726,26.70374],[88.91523,26.69957],[88.92107,26.69585],[88.92198,26.69197],[88.92002,26.68972],[88.92127,26.68555],[88.91959,26.68339],[88.92366,26.68094],[88.9213,26.67848],[88.92447,26.67587],[88.92569,26.67112],[88.93134,26.67085],[88.93431,26.67571],[88.94051,26.67682],[88.94146,26.67916],[88.93993,26.68211],[88.94104,26.68435],[88.93517,26.68654],[88.93392,26.6892],[88.92893,26.69364],[88.92908,26.69743],[88.92536,26.70089],[88.92527,26.70418],[88.92933,26.70484]]]},"properties":{"District":"Jalpaiguri","Dist_LGD":"328","Sub_dist":"Banarhat","Subdis_LGD":"02176N004","Subdis_Typ":"Cd_Block","Vill_name":"Lakshmikantapur Tea Garden","Vill_Cat":"Rural","Vill_LGD":"307443","arr_project":"asha1,asha2"}},
{"type":"Feature","geometry":{"type":"Polygon","coordinates":[[[89.03853,26.7488],[89.02834,26.74962],[89.02701,26.73532],[89.02603,26.73039],[89.02579,26.72009],[89.02477,26.71215],[89.02503,26.70585],[89.03991,26.7049],[89.06305,26.70525],[89.06028,26.7093],[89.06101,26.71355],[89.06749,26.72473],[89.06897,26.72639],[89.06992,26.73339],[89.04784,26.73438],[89.04869,26.74818],[89.03853,26.7488]]]},"properties":{"District":"Jalpaiguri","Dist_LGD":"328","Sub_dist":"Banarhat","Subdis_LGD":"02176N004","Subdis_Typ":"Cd_Block","Vill_name":"Telipara Tea Garden (D)","Vill_Cat":"Rural","Vill_LGD":"307506","arr_project":"asha1,asha2"}},
{"type":"Feature","geometry":{"type":"Polygon","coordinates":[[[89.01961,26.61127],[89.01806,26.60886],[89.02415,26.60762],[89.02462,26.60961],[89.01961,26.61127]]]},"properties":{"District":"Jalpaiguri","Dist_LGD":"328","Sub_dist":"Dhupguri","Subdis_LGD":"2176","Subdis_Typ":"Cd_Block","Vill_name":"Gosairhat Chhits","Vill_Cat":"Rural","Vill_LGD":"307492","arr_project":"asha1,asha2"}},
{"type":"Feature","geometry":{"type":"Polygon","coordinates":[[[89.02321,26.61196],[89.02965,26.61037],[89.02843,26.61421],[89.02321,26.61196]]]},"properties":{"District":"Jalpaiguri","Dist_LGD":"328","Sub_dist":"Dhupguri","Subdis_LGD":"2176","Subdis_Typ":"Cd_Block","Vill_name":"Gosairhat Chhits","Vill_Cat":"Rural","Vill_LGD":"307492","arr_project":"asha1,asha2"}},
{"type":"Feature","geometry":{"type":"Polygon","coordinates":[[[89.02969,26.60431],[89.03378,26.60485],[89.03443,26.60789],[89.03111,26.60836],[89.02969,26.60431]]]},"properties":{"District":"Jalpaiguri","Dist_LGD":"328","Sub_dist":"Dhupguri","Subdis_LGD":"2176","Subdis_Typ":"Cd_Block","Vill_name":"Gosairhat Chhits","Vill_Cat":"Rural","Vill_LGD":"307492","arr_project":"asha1,asha2"}},
{"type":"Feature","geometry":{"type":"Polygon","coordinates":[[[88.74819,26.5488],[88.74532,26.55288],[88.73767,26.55189],[88.73849,26.54904],[88.73205,26.549],[88.72927,26.55001],[88.72413,26.5495],[88.7217,26.55105],[88.71988,26.54548],[88.71632,26.54491],[88.71268,26.54776],[88.70854,26.5453],[88.71115,26.54035],[88.71106,26.5379],[88.70783,26.5367],[88.7052,26.53893],[88.69968,26.53883],[88.69719,26.53606],[88.69886,26.52711],[88.69813,26.5254],[88.70964,26.52329],[88.71051,26.51647],[88.71278,26.50732],[88.71467,26.50637],[88.71782,26.50919],[88.71996,26.50433],[88.72408,26.50199],[88.73216,26.50204],[88.73457,26.50301],[88.73445,26.51213],[88.73643,26.51616],[88.73505,26.52752],[88.74003,26.53161],[88.74973,26.5451],[88.74819,26.5488]]]},"properties":{"District":"Jalpaiguri","Dist_LGD":"328","Sub_dist":"Jalpaiguri","Subdis_LGD":"2178","Subdis_Typ":"Cd_Block","Vill_name":"Jalpaiguri (M)","Vill_Cat":"Fully_Urban","Vill_LGD":"801640","arr_project":"asha1,asha2"}},
{"type":"Feature","geometry":{"type":"Polygon","coordinates":[[[88.53306,26.58699],[88.53257,26.5835],[88.54101,26.58584],[88.54826,26.5862],[88.54836,26.59149],[88.54509,26.59263],[88.53931,26.59045],[88.53306,26.58699]]]},"properties":{"District":"Jalpaiguri","Dist_LGD":"328","Sub_dist":"Rajganj","Subdis_LGD":"2166","Subdis_Typ":"Cd_Block","Vill_name":"Araji Bhelakoba I","Vill_Cat":"Rural","Vill_LGD":"306869","arr_project":"asha1,asha2"}},
{"type":"Feature","geometry":{"type":"Polygon","coordinates":[[[89.04493,26.63754],[89.04096,26.6385],[89.04162,26.64155],[89.03898,26.64436],[89.03662,26.6444],[89.0359,26.64828],[89.03075,26.65085],[89.02813,26.64912],[89.02885,26.64267],[89.02823,26.63703],[89.03156,26.63501],[89.04063,26.63423],[89.04243,26.63149],[89.04718,26.63228],[89.04493,26.63754]]]},"properties":{"District":"Jalpaiguri","Dist_LGD":"328","Sub_dist":"Banarhat","Subdis_LGD":"02176N004","Subdis_Typ":"Cd_Block","Vill_name":"Dakshin Sakojhora","Vill_Cat":"Rural","Vill_LGD":"307459","arr_project":"asha1,asha2"}},
{"type":"Feature","geometry":{"type":"Polygon","coordinates":[[[88.94876,26.73977],[88.94669,26.73997],[88.94474,26.73463],[88.93895,26.72963],[88.93974,26.72616],[88.93784,26.72107],[88.93479,26.71884],[88.93471,26.71408],[88.93892,26.71461],[88.94148,26.71348],[88.94784,26.71484],[88.94862,26.71591],[88.94962,26.72805],[88.94772,26.73151],[88.94695,26.73791],[88.94876,26.73977]]]},"properties":{"District":"Jalpaiguri","Dist_LGD":"328","Sub_dist":"Banarhat","Subdis_LGD":"02176N004","Subdis_Typ":"Cd_Block","Vill_name":"Dakshin Salbari (D)","Vill_Cat":"Rural","Vill_LGD":"307431","arr_project":"asha1,asha2"}},
{"type":"Feature","geometry":{"type":"Polygon","coordinates":[[[88.99655,26.66052],[89.00101,26.6621],[89.00721,26.65688],[89.01109,26.65634],[89.01218,26.66081],[89.00855,26.66153],[89.00896,26.66591],[89.005,26.67124],[89.00225,26.686],[89.00385,26.68854],[89.00328,26.69155],[89.00008,26.69301],[89.00106,26.69784],[89.00572,26.7019],[89.00787,26.70983],[89.00566,26.71202],[89.00452,26.71993],[89.00312,26.7216],[89.00165,26.72569],[89.00461,26.73649],[89.00387,26.74092],[89.00177,26.74436],[89.00314,26.74781],[89.00158,26.75412],[89.00044,26.76416],[89.00025,26.77043],[88.99902,26.7776],[88.99765,26.77899],[88.98619,26.78762],[88.98237,26.78375],[88.9733,26.77261],[88.97155,26.7694],[88.96612,26.7649],[88.96639,26.75928],[88.96367,26.75441],[88.95984,26.75001],[88.96252,26.74464],[88.96122,26.74082],[88.96389,26.73418],[88.96088,26.72409],[88.96556,26.72444],[88.97145,26.72279],[88.97394,26.71991],[88.97458,26.71593],[88.97225,26.71127],[88.96633,26.70458],[88.96548,26.70336],[88.97975,26.70965],[88.98293,26.69794],[88.98453,26.69603],[88.9876,26.68677],[88.98695,26.68516],[88.97581,26.68089],[88.96987,26.67967],[88.96898,26.67647],[88.97366,26.67451],[88.98097,26.67727],[88.99427,26.67899],[88.99521,26.67409],[88.99554,26.66622],[88.99655,26.66052]]]},"properties":{"District":"Jalpaiguri","Dist_LGD":"328","Sub_dist":"Banarhat","Subdis_LGD":"02176N004","Subdis_Typ":"Cd_Block","Vill_name":"Maraghat Forest (D)","Vill_Cat":"Rural","Vill_LGD":"307424","arr_project":"asha1,asha2"}},
{"type":"Feature","geometry":{"type":"Polygon","coordinates":[[[89.02503,26.70585],[89.02367,26.70084],[89.01598,26.70167],[89.01484,26.69572],[89.02076,26.6948],[89.02068,26.69027],[89.02324,26.68548],[89.0239,26.68629],[89.03403,26.68598],[89.03138,26.6873],[89.03366,26.69162],[89.03378,26.69542],[89.03292,26.69627],[89.03485,26.70376],[89.03991,26.7049],[89.02503,26.70585]]]},"properties":{"District":"Jalpaiguri","Dist_LGD":"328","Sub_dist":"Banarhat","Subdis_LGD":"02176N004","Subdis_Typ":"Cd_Block","Vill_name":"Gairkata (Ct)","Vill_Cat":"Partly_Urban","Vill_LGD":"307507","arr_project":"asha1,asha2"}},
{"type":"Feature","geometry":{"type":"Polygon","coordinates":[[[89.0591,26.66328],[89.05551,26.6638],[89.05034,26.67052],[89.03956,26.67213],[89.03499,26.67182],[89.03539,26.66963],[89.03338,26.66478],[89.02375,26.66445],[89.02361,26.66263],[89.01812,26.66277],[89.01634,26.66125],[89.0182,26.65587],[89.01755,26.65265],[89.01908,26.65443],[89.02415,26.65466],[89.02447,26.65121],[89.02813,26.64912],[89.03075,26.65085],[89.0359,26.64828],[89.03662,26.6444],[89.03898,26.64436],[89.04162,26.64155],[89.04096,26.6385],[89.04493,26.63754],[89.04716,26.63991],[89.04634,26.64259],[89.04861,26.64449],[89.04964,26.64844],[89.0545,26.65912],[89.0591,26.66328]]]},"properties":{"District":"Jalpaiguri","Dist_LGD":"328","Sub_dist":"Banarhat","Subdis_LGD":"02176N004","Subdis_Typ":"Cd_Block","Vill_name":"Uttar Dangapara","Vill_Cat":"Rural","Vill_LGD":"307441","arr_project":"asha1,asha2"}},
{"type":"Feature","geometry":{"type":"Polygon","coordinates":[[[89.06616,26.60067],[89.06213,26.6044],[89.06119,26.61103],[89.0562,26.60969],[89.05313,26.61134],[89.05261,26.61617],[89.04969,26.61937],[89.05361,26.62132],[89.05245,26.62404],[89.04754,26.6246],[89.04233,26.62416],[89.04041,26.61967],[89.03416,26.62476],[89.02571,26.62248],[89.02432,26.61952],[89.02427,26.61852],[89.02132,26.61443],[89.02321,26.61196],[89.02843,26.61421],[89.02965,26.61037],[89.03111,26.60836],[89.03443,26.60789],[89.04992,26.59623],[89.05255,26.59849],[89.05801,26.59426],[89.06155,26.59741],[89.06372,26.60049],[89.06616,26.60067]]]},"properties":{"District":"Jalpaiguri","Dist_LGD":"328","Sub_dist":"Dhupguri","Subdis_LGD":"2176","Subdis_Typ":"Cd_Block","Vill_name":"Purbba Mallikpara","Vill_Cat":"Rural","Vill_LGD":"307493","arr_project":"asha1,asha2"}},
{"type":"Feature","geometry":{"type":"Polygon","coordinates":[[[89.02432,26.61952],[89.02234,26.61814],[89.01553,26.61891],[89.0086,26.62253],[89.00296,26.61703],[89.00337,26.61572],[89.00744,26.613],[89.00826,26.61052],[89.00599,26.60814],[89.00864,26.60486],[89.00627,26.60202],[89.00981,26.60025],[89.01498,26.60196],[89.0164,26.60396],[89.02969,26.60431],[89.03111,26.60836],[89.02965,26.61037],[89.02321,26.61196],[89.02132,26.61443],[89.02089,26.6173],[89.02427,26.61852],[89.02432,26.61952]],[[89.01961,26.61127],[89.02462,26.60961],[89.02415,26.60762],[89.01806,26.60886],[89.01961,26.61127]]]},"properties":{"District":"Jalpaiguri","Dist_LGD":"328","Sub_dist":"Dhupguri","Subdis_LGD":"2176","Subdis_Typ":"Cd_Block","Vill_name":"Uttar Gosairhat","Vill_Cat":"Rural","Vill_LGD":"307491","arr_project":"asha1,asha2"}},
{"type":"Feature","geometry":{"type":"Polygon","coordinates":[[[89.04999,26.5949],[89.04827,26.59155],[89.04976,26.58833],[89.04737,26.58868],[89.04738,26.59129],[89.04485,26.59594],[89.04521,26.59155],[89.04252,26.59185],[89.04046,26.59176],[89.03793,26.58767],[89.03654,26.5827],[89.03429,26.57986],[89.04196,26.58068],[89.05019,26.57931],[89.05426,26.58105],[89.05772,26.57959],[89.05883,26.58038],[89.06041,26.58439],[89.0571,26.58955],[89.05801,26.59426],[89.05255,26.59849],[89.04999,26.5949]]]},"properties":{"District":"Jalpaiguri","Dist_LGD":"328","Sub_dist":"Dhupguri","Subdis_LGD":"2176","Subdis_Typ":"Cd_Block","Vill_name":"Kathapara","Vill_Cat":"Partly_Urban","Vill_LGD":"307496","arr_project":"asha1,asha2"}},
{"type":"Feature","geometry":{"type":"Polygon","coordinates":[[[89.08808,26.59177],[89.08546,26.59655],[89.0829,26.59235],[89.0806,26.59574],[89.07785,26.59722],[89.07461,26.59589],[89.07208,26.5981],[89.06709,26.59721],[89.06804,26.59419],[89.06685,26.59075],[89.06413,26.59054],[89.06155,26.59741],[89.05801,26.59426],[89.0571,26.58955],[89.06041,26.58439],[89.05883,26.58038],[89.05995,26.58016],[89.06206,26.58259],[89.06387,26.58483],[89.06515,26.58244],[89.06747,26.58309],[89.06988,26.58385],[89.07113,26.58016],[89.08281,26.58147],[89.08358,26.57901],[89.08737,26.58066],[89.08841,26.58399],[89.08642,26.5869],[89.08855,26.58913],[89.08808,26.59177]]]},"properties":{"District":"Jalpaiguri","Dist_LGD":"328","Sub_dist":"Dhupguri","Subdis_LGD":"2176","Subdis_Typ":"Cd_Block","Vill_name":"Kazipara","Vill_Cat":"Rural","Vill_LGD":"307497","arr_project":"asha1,asha2"}},
{"type":"Feature","geometry":{"type":"Polygon","coordinates":[[[89.07113,26.58016],[89.06767,26.58063],[89.06747,26.58309],[89.06515,26.58244],[89.06206,26.58259],[89.05995,26.58016],[89.06043,26.57607],[89.06007,26.57524],[89.06275,26.57475],[89.06242,26.57396],[89.06029,26.57402],[89.05805,26.57338],[89.05757,26.56935],[89.05943,26.56502],[89.0607,26.56643],[89.06831,26.56538],[89.06926,26.5654],[89.07054,26.57066],[89.07473,26.57285],[89.07786,26.56903],[89.08035,26.56988],[89.08511,26.56759],[89.08754,26.5698],[89.08871,26.57351],[89.08737,26.58066],[89.08358,26.57901],[89.08281,26.58147],[89.07113,26.58016]],[[89.0651,26.57092],[89.06352,26.57178],[89.06471,26.57343],[89.0651,26.57092]]]},"properties":{"District":"Jalpaiguri","Dist_LGD":"328","Sub_dist":"Dhupguri","Subdis_LGD":"2176","Subdis_Typ":"Cd_Block","Vill_name":"Purbba Dangapara","Vill_Cat":"Rural","Vill_LGD":"307499","arr_project":"asha1,asha2"}},
{"type":"Feature","geometry":{"type":"Polygon","coordinates":[[[89.07523,26.54913],[89.07238,26.54854],[89.06984,26.54528],[89.08215,26.5438],[89.08784,26.54134],[89.08629,26.53809],[89.08568,26.53226],[89.09036,26.53205],[89.09583,26.53436],[89.09859,26.54592],[89.09934,26.54689],[89.08544,26.55008],[89.08929,26.55354],[89.08651,26.55755],[89.08609,26.56642],[89.08754,26.5698],[89.08511,26.56759],[89.08035,26.56988],[89.07786,26.56903],[89.07631,26.56788],[89.07737,26.5657],[89.07579,26.55913],[89.0794,26.55606],[89.0762,26.55158],[89.07854,26.54991],[89.07805,26.54804],[89.07523,26.54913]]]},"properties":{"District":"Jalpaiguri","Dist_LGD":"328","Sub_dist":"Dhupguri","Subdis_LGD":"2176","Subdis_Typ":"Cd_Block","Vill_name":"Purbba Salbari","Vill_Cat":"Rural","Vill_LGD":"307501","arr_project":"asha1,asha2"}},
{"type":"Feature","geometry":{"type":"Polygon","coordinates":[[[88.97684,26.55166],[88.98072,26.55081],[88.98224,26.54768],[88.99094,26.54538],[88.99293,26.55366],[88.99755,26.55312],[89.00144,26.55716],[89.0053,26.554],[89.0046,26.55806],[89.00152,26.56012],[89.0016,26.56374],[89.00365,26.56652],[89.00175,26.57247],[88.99654,26.56827],[88.99417,26.56793],[88.98599,26.56954],[88.98399,26.57113],[88.978,26.56936],[88.97684,26.56797],[88.96995,26.56849],[88.96793,26.56948],[88.96748,26.56374],[88.96801,26.55736],[88.97348,26.55615],[88.97684,26.55166]]]},"properties":{"District":"Jalpaiguri","Dist_LGD":"328","Sub_dist":"Dhupguri","Subdis_LGD":"2176","Subdis_Typ":"Cd_Block","Vill_name":"Bara Gharia","Vill_Cat":"Rural","Vill_LGD":"307486","arr_project":"asha1,asha2"}},
{"type":"Feature","geometry":{"type":"Polygon","coordinates":[[[88.97509,26.63794],[88.97296,26.63751],[88.97211,26.63109],[88.97065,26.62762],[88.97343,26.62359],[88.97799,26.61922],[88.97727,26.61555],[88.981,26.61424],[88.9876,26.6138],[88.98943,26.61391],[88.99726,26.61398],[89.00337,26.61572],[89.00296,26.61703],[88.99412,26.61773],[88.99144,26.62309],[88.99498,26.6268],[88.99499,26.62999],[88.99175,26.63145],[88.98532,26.63656],[88.97727,26.63647],[88.97509,26.63794]]]},"properties":{"District":"Jalpaiguri","Dist_LGD":"328","Sub_dist":"Dhupguri","Subdis_LGD":"2176","Subdis_Typ":"Cd_Block","Vill_name":"Jhar Magurmari","Vill_Cat":"Rural","Vill_LGD":"307462","arr_project":"asha1,asha2"}},
{"type":"Feature","geometry":{"type":"Polygon","coordinates":[[[88.92453,26.60669],[88.92943,26.60756],[88.93475,26.60678],[88.93698,26.61023],[88.94244,26.60643],[88.94876,26.61335],[88.94973,26.62285],[88.94749,26.62397],[88.94656,26.62288],[88.93885,26.62404],[88.93675,26.62294],[88.93646,26.61935],[88.92811,26.61941],[88.92987,26.61271],[88.92623,26.61308],[88.92235,26.61052],[88.92453,26.60669]]]},"properties":{"District":"Jalpaiguri","Dist_LGD":"328","Sub_dist":"Dhupguri","Subdis_LGD":"2176","Subdis_Typ":"Cd_Block","Vill_name":"Tuklimari","Vill_Cat":"Rural","Vill_LGD":"307471","arr_project":"asha1,asha2"}},
{"type":"Feature","geometry":{"type":"Polygon","coordinates":[[[88.51226,26.83855],[88.50332,26.84],[88.4997,26.84231],[88.49951,26.84637],[88.49687,26.8496],[88.49247,26.85009],[88.49003,26.85271],[88.48599,26.85418],[88.48286,26.8533],[88.47572,26.84864],[88.47066,26.84762],[88.45462,26.84053],[88.44859,26.83987],[88.44438,26.83723],[88.44118,26.83716],[88.44127,26.83267],[88.43728,26.82818],[88.43394,26.82068],[88.43064,26.82067],[88.4303,26.81794],[88.43345,26.81529],[88.43565,26.81153],[88.43407,26.8102],[88.4345,26.802],[88.4295,26.80125],[88.43109,26.79552],[88.43718,26.79569],[88.4384,26.79463],[88.44243,26.79392],[88.44259,26.78852],[88.44431,26.78686],[88.44901,26.79008],[88.45132,26.786],[88.45515,26.77507],[88.45632,26.76866],[88.45295,26.76713],[88.45187,26.76009],[88.45259,26.75499],[88.45464,26.75038],[88.45356,26.74443],[88.45437,26.74265],[88.45675,26.73989],[88.45672,26.73723],[88.45966,26.7357],[88.46389,26.72836],[88.4675,26.72448],[88.4688,26.72005],[88.4673,26.71248],[88.4711,26.70955],[88.47739,26.71699],[88.47767,26.71888],[88.47518,26.72388],[88.47757,26.72757],[88.48545,26.72366],[88.4875,26.71342],[88.48674,26.71005],[88.49036,26.70609],[88.48716,26.7038],[88.48978,26.69983],[88.49217,26.69355],[88.49411,26.69173],[88.49286,26.689],[88.49372,26.68601],[88.49188,26.68344],[88.48824,26.68268],[88.49071,26.67961],[88.48968,26.6746],[88.49608,26.67357],[88.49198,26.67044],[88.49128,26.66678],[88.4964,26.66712],[88.49866,26.66338],[88.49876,26.65913],[88.50306,26.65308],[88.50561,26.65368],[88.51074,26.65956],[88.51227,26.66411],[88.5074,26.66914],[88.50756,26.67193],[88.51067,26.67531],[88.51484,26.67651],[88.51633,26.67957],[88.52108,26.67897],[88.52297,26.67327],[88.52172,26.66874],[88.52361,26.66661],[88.52381,26.6672],[88.53027,26.67704],[88.53132,26.68094],[88.52822,26.68652],[88.53192,26.69017],[88.53394,26.69991],[88.53907,26.70504],[88.53638,26.71292],[88.53881,26.71354],[88.54016,26.70996],[88.54293,26.71107],[88.54434,26.71392],[88.54912,26.71223],[88.55036,26.70868],[88.55542,26.70388],[88.5577,26.69955],[88.5629,26.69668],[88.56161,26.69052],[88.56295,26.68561],[88.56966,26.68452],[88.56956,26.673],[88.5738,26.66503],[88.57347,26.66298],[88.57768,26.65987],[88.57724,26.65692],[88.57973,26.65371],[88.58799,26.65041],[88.58877,26.64561],[88.59509,26.64217],[88.59825,26.63939],[88.59996,26.6432],[88.60358,26.64593],[88.59845,26.65027],[88.6006,26.65271],[88.60334,26.65036],[88.61235,26.65117],[88.61235,26.64856],[88.61947,26.64798],[88.62204,26.65239],[88.6162,26.6611],[88.6123,26.66481],[88.61143,26.66811],[88.61496,26.67467],[88.61549,26.68245],[88.6191,26.68225],[88.62508,26.67696],[88.63273,26.67369],[88.63866,26.67226],[88.65104,26.67089],[88.64329,26.67943],[88.62763,26.69111],[88.62435,26.69537],[88.62772,26.70077],[88.62846,26.70455],[88.62532,26.71082],[88.62022,26.71455],[88.61259,26.71587],[88.61062,26.7194],[88.61431,26.7265],[88.61691,26.72769],[88.61998,26.73106],[88.61866,26.73589],[88.61377,26.74348],[88.61374,26.75106],[88.61195,26.75333],[88.60714,26.75607],[88.60424,26.75628],[88.6001,26.7545],[88.59578,26.75463],[88.59348,26.75672],[88.59092,26.76152],[88.59178,26.76747],[88.5909,26.77073],[88.58767,26.77413],[88.58015,26.78209],[88.57988,26.7858],[88.57602,26.79187],[88.5678,26.79422],[88.55958,26.79795],[88.55315,26.79917],[88.54577,26.80546],[88.54309,26.81017],[88.5493,26.81834],[88.55039,26.82735],[88.54713,26.83087],[88.53679,26.83657],[88.52853,26.835],[88.52554,26.83809],[88.52548,26.84234],[88.52252,26.84438],[88.51904,26.84283],[88.51548,26.83835],[88.51226,26.83855]]]},"properties":{"District":"Jalpaiguri","Dist_LGD":"328","Sub_dist":"Rajganj","Subdis_LGD":"2166","Subdis_Typ":"Cd_Block","Vill_name":"Junglee Mohal","Vill_Cat":"Rural","Vill_LGD":"306856","arr_project":"asha1,asha2"}},
{"type":"Feature","geometry":{"type":"Polygon","coordinates":[[[89.05015,26.82029],[89.02883,26.82126],[89.02882,26.82122],[89.02755,26.80739],[89.05488,26.80549],[89.05769,26.80795],[89.05835,26.81682],[89.05021,26.8172],[89.05015,26.82029]]]},"properties":{"District":"Jalpaiguri","Dist_LGD":"328","Sub_dist":"Banarhat","Subdis_LGD":"02176N004","Subdis_Typ":"Cd_Block","Vill_name":"Palasbari Tea Garden (D)","Vill_Cat":"Rural","Vill_LGD":"307410","arr_project":"asha1,asha2"}},
{"type":"Feature","geometry":{"type":"Polygon","coordinates":[[[88.54556,26.61371],[88.54849,26.60856],[88.55178,26.60619],[88.55056,26.60335],[88.54415,26.60311],[88.54326,26.59543],[88.54509,26.59263],[88.54836,26.59149],[88.55359,26.59239],[88.56066,26.59221],[88.56004,26.58766],[88.56485,26.5889],[88.58887,26.58757],[88.59028,26.58366],[88.59297,26.58416],[88.594,26.59138],[88.59318,26.59273],[88.58837,26.59422],[88.5875,26.59703],[88.58308,26.59574],[88.57513,26.59703],[88.57489,26.59913],[88.57913,26.60102],[88.57885,26.60758],[88.58569,26.60576],[88.58962,26.61092],[88.58903,26.61243],[88.58001,26.61128],[88.57921,26.61399],[88.58155,26.61599],[88.58714,26.61595],[88.58853,26.61338],[88.59323,26.61422],[88.59205,26.62048],[88.58891,26.62565],[88.58412,26.62591],[88.58293,26.63132],[88.58293,26.63686],[88.58614,26.63706],[88.59056,26.64223],[88.59509,26.64217],[88.58877,26.64561],[88.58799,26.65041],[88.57973,26.65371],[88.57724,26.65692],[88.57768,26.65987],[88.57347,26.66298],[88.56736,26.66269],[88.5668,26.65886],[88.56236,26.65911],[88.55915,26.65665],[88.55545,26.65764],[88.55391,26.66251],[88.55114,26.66273],[88.54707,26.6751],[88.54403,26.67856],[88.53751,26.67963],[88.53495,26.67775],[88.53611,26.67512],[88.53476,26.66989],[88.53538,26.66777],[88.52381,26.6672],[88.52361,26.66661],[88.52214,26.6622],[88.52699,26.66132],[88.53642,26.66057],[88.53569,26.65753],[88.54147,26.658],[88.53961,26.65082],[88.54238,26.64509],[88.54975,26.6453],[88.54989,26.63838],[88.55122,26.63386],[88.54395,26.63162],[88.54678,26.62733],[88.55298,26.62449],[88.55214,26.6216],[88.54445,26.62099],[88.54339,26.61712],[88.54556,26.61371]]]},"properties":{"District":"Jalpaiguri","Dist_LGD":"328","Sub_dist":"Rajganj","Subdis_LGD":"2166","Subdis_Typ":"Cd_Block","Vill_name":"Shikarpur","Vill_Cat":"Rural","Vill_LGD":"306865","arr_project":"asha1,asha2"}},
{"type":"Feature","geometry":{"type":"Polygon","coordinates":[[[88.59509,26.64217],[88.59056,26.64223],[88.58614,26.63706],[88.58293,26.63686],[88.58293,26.63132],[88.58412,26.62591],[88.58891,26.62565],[88.59205,26.62048],[88.59323,26.61422],[88.58853,26.61338],[88.58714,26.61595],[88.58155,26.61599],[88.57921,26.61399],[88.58001,26.61128],[88.58903,26.61243],[88.58962,26.61092],[88.58569,26.60576],[88.57885,26.60758],[88.57913,26.60102],[88.57489,26.59913],[88.57513,26.59703],[88.58308,26.59574],[88.5875,26.59703],[88.58837,26.59422],[88.59318,26.59273],[88.59602,26.59331],[88.5961,26.59973],[88.604,26.60157],[88.60763,26.60454],[88.61167,26.60616],[88.60806,26.61087],[88.60537,26.60963],[88.60277,26.61278],[88.59689,26.61148],[88.5958,26.61528],[88.59699,26.61831],[88.6012,26.61882],[88.60267,26.62053],[88.59899,26.62894],[88.59726,26.63554],[88.59196,26.63729],[88.59216,26.64029],[88.59509,26.64217]]]},"properties":{"District":"Jalpaiguri","Dist_LGD":"328","Sub_dist":"Rajganj","Subdis_LGD":"2166","Subdis_Typ":"Cd_Block","Vill_name":"Guzrimari","Vill_Cat":"Rural","Vill_LGD":"306866","arr_project":"asha1,asha2"}},
{"type":"Feature","geometry":{"type":"Polygon","coordinates":[[[88.67922,26.62879],[88.67617,26.63287],[88.67703,26.63809],[88.67802,26.65119],[88.67883,26.65658],[88.67635,26.66012],[88.65942,26.6645],[88.65431,26.66662],[88.65104,26.67089],[88.63866,26.67226],[88.63273,26.67369],[88.62508,26.67696],[88.6191,26.68225],[88.61549,26.68245],[88.61496,26.67467],[88.61143,26.66811],[88.6123,26.66481],[88.6162,26.6611],[88.62204,26.65239],[88.61947,26.64798],[88.61235,26.64856],[88.61235,26.65117],[88.60334,26.65036],[88.6006,26.65271],[88.59845,26.65027],[88.60358,26.64593],[88.59996,26.6432],[88.59825,26.63939],[88.59509,26.64217],[88.59216,26.64029],[88.59196,26.63729],[88.59726,26.63554],[88.59899,26.62894],[88.60267,26.62053],[88.6012,26.61882],[88.59699,26.61831],[88.5958,26.61528],[88.59689,26.61148],[88.60277,26.61278],[88.60537,26.60963],[88.60806,26.61087],[88.61167,26.60616],[88.61504,26.60625],[88.61923,26.60216],[88.62492,26.60113],[88.62652,26.60474],[88.63324,26.6064],[88.63642,26.60549],[88.64595,26.60841],[88.64646,26.60979],[88.65213,26.6111],[88.65834,26.61102],[88.65934,26.61432],[88.66356,26.61533],[88.66713,26.61756],[88.67141,26.61767],[88.6729,26.61974],[88.6699,26.62195],[88.66693,26.62717],[88.66646,26.63116],[88.67197,26.63005],[88.67292,26.62838],[88.67922,26.62879]]]},"properties":{"District":"Jalpaiguri","Dist_LGD":"328","Sub_dist":"Jalpaiguri","Subdis_LGD":"2178","Subdis_Typ":"Cd_Block","Vill_name":"Barapatina Nutanbus","Vill_Cat":"Rural","Vill_LGD":"307595","arr_project":"asha1,asha2"}},
{"type":"Feature","geometry":{"type":"Polygon","coordinates":[[[88.67922,26.62879],[88.67292,26.62838],[88.67197,26.63005],[88.66646,26.63116],[88.66693,26.62717],[88.6699,26.62195],[88.6729,26.61974],[88.67141,26.61767],[88.66713,26.61756],[88.66356,26.61533],[88.65934,26.61432],[88.65834,26.61102],[88.65213,26.6111],[88.64646,26.60979],[88.64595,26.60841],[88.63642,26.60549],[88.63324,26.6064],[88.62652,26.60474],[88.62492,26.60113],[88.62625,26.59768],[88.62626,26.59333],[88.62254,26.58569],[88.61859,26.58102],[88.61935,26.57708],[88.62149,26.57479],[88.62853,26.57506],[88.63049,26.57076],[88.63603,26.5706],[88.63775,26.56656],[88.63254,26.56552],[88.63268,26.55855],[88.63188,26.5561],[88.63192,26.54929],[88.63088,26.54652],[88.62941,26.54108],[88.63751,26.54028],[88.63757,26.53753],[88.64071,26.53455],[88.64183,26.52902],[88.6496,26.52788],[88.64958,26.52453],[88.65226,26.52237],[88.65736,26.52452],[88.66022,26.51896],[88.65946,26.51566],[88.66225,26.51478],[88.66555,26.51531],[88.67116,26.51794],[88.67197,26.52754],[88.6758,26.52554],[88.67562,26.53623],[88.68399,26.53613],[88.68205,26.54066],[88.6939,26.54877],[88.6955,26.54689],[88.70587,26.54846],[88.70699,26.54921],[88.70193,26.55193],[88.70291,26.55706],[88.70067,26.56121],[88.69576,26.56454],[88.69597,26.57139],[88.69963,26.57463],[88.70948,26.57505],[88.71007,26.57853],[88.70588,26.57835],[88.70335,26.58474],[88.70608,26.58652],[88.70346,26.59033],[88.71151,26.59163],[88.71226,26.59478],[88.71641,26.59547],[88.72138,26.60126],[88.72199,26.60364],[88.7168,26.60861],[88.71344,26.61405],[88.70767,26.6185],[88.70556,26.61926],[88.69402,26.62044],[88.6888,26.62049],[88.6846,26.62215],[88.67922,26.62879]]]},"properties":{"District":"Jalpaiguri","Dist_LGD":"328","Sub_dist":"Jalpaiguri","Subdis_LGD":"2178","Subdis_Typ":"Cd_Block","Vill_name":"Patkata","Vill_Cat":"Rural","Vill_LGD":"307599","arr_project":"asha1,asha2"}},
{"type":"Feature","geometry":{"type":"Polygon","coordinates":[[[88.75113,26.59274],[88.74623,26.59121],[88.74599,26.59671],[88.7399,26.59984],[88.73418,26.60043],[88.72199,26.60364],[88.72138,26.60126],[88.71641,26.59547],[88.71226,26.59478],[88.71151,26.59163],[88.70346,26.59033],[88.70608,26.58652],[88.70335,26.58474],[88.70588,26.57835],[88.71007,26.57853],[88.70948,26.57505],[88.69963,26.57463],[88.69597,26.57139],[88.69576,26.56454],[88.70067,26.56121],[88.70291,26.55706],[88.70193,26.55193],[88.70699,26.54921],[88.71096,26.55269],[88.7164,26.55348],[88.71895,26.55748],[88.71981,26.56199],[88.72576,26.56295],[88.72763,26.5673],[88.73157,26.56613],[88.73099,26.56043],[88.73378,26.55771],[88.73694,26.56094],[88.73887,26.56497],[88.73996,26.57064],[88.74523,26.57238],[88.74946,26.56957],[88.7623,26.56848],[88.76292,26.57476],[88.76186,26.57918],[88.75869,26.58546],[88.75113,26.59274]]]},"properties":{"District":"Jalpaiguri","Dist_LGD":"328","Sub_dist":"Jalpaiguri","Subdis_LGD":"2178","Subdis_Typ":"Cd_Block","Vill_name":"Paharpur","Vill_Cat":"Rural","Vill_LGD":"307600","arr_project":"asha1,asha2"}},
{"type":"Feature","geometry":{"type":"Polygon","coordinates":[[[88.7623,26.56848],[88.74946,26.56957],[88.74523,26.57238],[88.73996,26.57064],[88.73887,26.56497],[88.73694,26.56094],[88.73378,26.55771],[88.73099,26.56043],[88.73157,26.56613],[88.72763,26.5673],[88.72576,26.56295],[88.71981,26.56199],[88.71895,26.55748],[88.7164,26.55348],[88.71096,26.55269],[88.70699,26.54921],[88.70587,26.54846],[88.6955,26.54689],[88.6939,26.54877],[88.68205,26.54066],[88.68399,26.53613],[88.67562,26.53623],[88.6758,26.52554],[88.67197,26.52754],[88.67116,26.51794],[88.66555,26.51531],[88.66225,26.51478],[88.66439,26.50758],[88.66811,26.5079],[88.67113,26.51308],[88.67583,26.51416],[88.6847,26.51417],[88.6844,26.51905],[88.6828,26.52276],[88.69566,26.52513],[88.69621,26.51701],[88.69228,26.51353],[88.68185,26.51203],[88.6775,26.50946],[88.67373,26.50933],[88.67411,26.50163],[88.67822,26.50245],[88.6815,26.49615],[88.67903,26.49326],[88.67853,26.48998],[88.67155,26.49062],[88.67021,26.48791],[88.67408,26.48455],[88.67923,26.48617],[88.68008,26.4826],[88.68889,26.46992],[88.6939,26.47405],[88.69936,26.47434],[88.70218,26.47576],[88.70739,26.47852],[88.70784,26.48712],[88.71322,26.48861],[88.71291,26.4936],[88.72316,26.49482],[88.72474,26.49248],[88.725,26.48576],[88.72923,26.48513],[88.72973,26.49043],[88.73583,26.49209],[88.74247,26.49126],[88.74933,26.49132],[88.7551,26.48897],[88.75839,26.48485],[88.76276,26.48493],[88.75471,26.49081],[88.75298,26.49646],[88.75463,26.50259],[88.75405,26.50718],[88.75433,26.51396],[88.74965,26.51583],[88.75128,26.51947],[88.7506,26.52459],[88.75322,26.52855],[88.75358,26.53374],[88.75696,26.54113],[88.75733,26.54778],[88.75782,26.55154],[88.76062,26.56067],[88.7623,26.56848]],[[88.74819,26.5488],[88.74973,26.5451],[88.74003,26.53161],[88.73505,26.52752],[88.73643,26.51616],[88.73445,26.51213],[88.73457,26.50301],[88.73216,26.50204],[88.72408,26.50199],[88.71996,26.50433],[88.71782,26.50919],[88.71467,26.50637],[88.71278,26.50732],[88.71051,26.51647],[88.70964,26.52329],[88.69813,26.5254],[88.69886,26.52711],[88.69719,26.53606],[88.69968,26.53883],[88.7052,26.53893],[88.70783,26.5367],[88.71106,26.5379],[88.71115,26.54035],[88.70854,26.5453],[88.71268,26.54776],[88.71632,26.54491],[88.71988,26.54548],[88.7217,26.55105],[88.72413,26.5495],[88.72927,26.55001],[88.73205,26.549],[88.73849,26.54904],[88.73767,26.55189],[88.74532,26.55288],[88.74819,26.5488]]]},"properties":{"District":"Jalpaiguri","Dist_LGD":"328","Sub_dist":"Jalpaiguri","Subdis_LGD":"2178","Subdis_Typ":"Cd_Block","Vill_name":"Kharia (P) (Ct)","Vill_Cat":"Partly_Urban","Vill_LGD":"307623","arr_project":"asha1,asha2"}},
{"type":"Feature","geometry":{"type":"Polygon","coordinates":[[[88.80936,26.42588],[88.80644,26.43001],[88.80146,26.43203],[88.79681,26.43907],[88.79464,26.43957],[88.78689,26.44652],[88.77267,26.44174],[88.76822,26.44266],[88.76396,26.44506],[88.76301,26.44741],[88.76254,26.44702],[88.76306,26.44309],[88.76669,26.4391],[88.7685,26.43427],[88.77201,26.42936],[88.77654,26.42763],[88.77863,26.42516],[88.77873,26.42062],[88.77265,26.41355],[88.77331,26.41107],[88.78156,26.40979],[88.78809,26.40979],[88.78376,26.41471],[88.78486,26.41657],[88.79116,26.41568],[88.79112,26.41197],[88.79609,26.40904],[88.79956,26.40543],[88.8067,26.41006],[88.80629,26.41294],[88.81315,26.41203],[88.82139,26.41194],[88.82758,26.41469],[88.82282,26.41854],[88.81149,26.42549],[88.80936,26.42588]]]},"properties":{"District":"Jalpaiguri","Dist_LGD":"328","Sub_dist":"Jalpaiguri","Subdis_LGD":"2178","Subdis_Typ":"Cd_Block","Vill_name":"Kathua","Vill_Cat":"Rural","Vill_LGD":"307621","arr_project":"asha1,asha2"}},
{"type":"Feature","geometry":{"type":"Polygon","coordinates":[[[88.66642,26.44364],[88.67107,26.44425],[88.67701,26.44594],[88.6769,26.44798],[88.68054,26.45002],[88.67803,26.45147],[88.67368,26.45091],[88.67136,26.45175],[88.66472,26.45081],[88.66642,26.44846],[88.66642,26.44364]]]},"properties":{"District":"Jalpaiguri","Dist_LGD":"328","Sub_dist":"Jalpaiguri","Subdis_LGD":"2178","Subdis_Typ":"Cd_Block","Vill_name":"Dharmmadeb","Vill_Cat":"Rural","Vill_LGD":"307604","arr_project":"asha1,asha2"}},
{"type":"Feature","geometry":{"type":"Polygon","coordinates":[[[88.83767,26.69963],[88.83298,26.70129],[88.83288,26.70332],[88.82855,26.704],[88.82786,26.70971],[88.82037,26.7047],[88.81668,26.70122],[88.81496,26.69566],[88.81752,26.69493],[88.81856,26.69129],[88.81682,26.68967],[88.82493,26.68896],[88.83357,26.6861],[88.83964,26.68544],[88.844,26.68665],[88.84434,26.69022],[88.83648,26.69493],[88.83767,26.69963]]]},"properties":{"District":"Jalpaiguri","Dist_LGD":"328","Sub_dist":"Maynaguri","Subdis_LGD":"2177","Subdis_Typ":"Cd_Block","Vill_name":"Kaoagap","Vill_Cat":"Rural","Vill_LGD":"307514","arr_project":"asha1,asha2"}},
{"type":"Feature","geometry":{"type":"Polygon","coordinates":[[[88.86406,26.66317],[88.86332,26.67487],[88.86427,26.6793],[88.86208,26.68924],[88.86065,26.6927],[88.85895,26.70075],[88.85474,26.70763],[88.85425,26.71229],[88.84948,26.72031],[88.84739,26.70356],[88.84017,26.70478],[88.83767,26.69963],[88.83648,26.69493],[88.84434,26.69022],[88.844,26.68665],[88.83964,26.68544],[88.83925,26.68087],[88.84765,26.67695],[88.84648,26.67131],[88.85011,26.66978],[88.85057,26.66368],[88.84664,26.66096],[88.8457,26.657],[88.851,26.65296],[88.85297,26.65691],[88.85646,26.65921],[88.863,26.66048],[88.86406,26.66317]]]},"properties":{"District":"Jalpaiguri","Dist_LGD":"328","Sub_dist":"Maynaguri","Subdis_LGD":"2177","Subdis_Typ":"Cd_Block","Vill_name":"Panbari","Vill_Cat":"Rural","Vill_LGD":"307511","arr_project":"asha1,asha2"}},
{"type":"Feature","geometry":{"type":"Polygon","coordinates":[[[88.81279,26.67785],[88.81511,26.67153],[88.81721,26.67309],[88.82455,26.67135],[88.82707,26.67501],[88.83592,26.67416],[88.83838,26.66818],[88.83812,26.66145],[88.83968,26.65915],[88.8457,26.657],[88.84664,26.66096],[88.85057,26.66368],[88.85011,26.66978],[88.84648,26.67131],[88.84765,26.67695],[88.83925,26.68087],[88.83964,26.68544],[88.83357,26.6861],[88.82493,26.68896],[88.81682,26.68967],[88.81467,26.68609],[88.81541,26.68252],[88.81279,26.67785]]]},"properties":{"District":"Jalpaiguri","Dist_LGD":"328","Sub_dist":"Maynaguri","Subdis_LGD":"2177","Subdis_Typ":"Cd_Block","Vill_name":"Jharbaragila","Vill_Cat":"Rural","Vill_LGD":"307513","arr_project":"asha1,asha2"}},
{"type":"Feature","geometry":{"type":"Polygon","coordinates":[[[88.79855,26.67897],[88.80202,26.67458],[88.80234,26.67004],[88.80602,26.6674],[88.80579,26.65838],[88.81335,26.65987],[88.81404,26.66512],[88.82282,26.6638],[88.8256,26.66886],[88.82455,26.67135],[88.81721,26.67309],[88.81511,26.67153],[88.81279,26.67785],[88.79948,26.68085],[88.79855,26.67897]]]},"properties":{"District":"Jalpaiguri","Dist_LGD":"328","Sub_dist":"Maynaguri","Subdis_LGD":"2177","Subdis_Typ":"Cd_Block","Vill_name":"Kajaldighi","Vill_Cat":"Rural","Vill_LGD":"307519","arr_project":"asha1,asha2"}},
{"type":"Feature","geometry":{"type":"Polygon","coordinates":[[[88.8457,26.657],[88.83968,26.65915],[88.83812,26.66145],[88.83838,26.66818],[88.83592,26.67416],[88.82707,26.67501],[88.82455,26.67135],[88.8256,26.66886],[88.82282,26.6638],[88.82171,26.65544],[88.824,26.65469],[88.82726,26.65087],[88.82778,26.65574],[88.83161,26.65333],[88.84129,26.65198],[88.851,26.65296],[88.8457,26.657]]]},"properties":{"District":"Jalpaiguri","Dist_LGD":"328","Sub_dist":"Maynaguri","Subdis_LGD":"2177","Subdis_Typ":"Cd_Block","Vill_name":"Satvendi","Vill_Cat":"Rural","Vill_LGD":"307512","arr_project":"asha1,asha2"}},
{"type":"Feature","geometry":{"type":"Polygon","coordinates":[[[88.82282,26.6638],[88.81404,26.66512],[88.81335,26.65987],[88.80579,26.65838],[88.8023,26.65481],[88.80098,26.64867],[88.80901,26.64812],[88.81878,26.652],[88.81897,26.65587],[88.82171,26.65544],[88.82282,26.6638]]]},"properties":{"District":"Jalpaiguri","Dist_LGD":"328","Sub_dist":"Maynaguri","Subdis_LGD":"2177","Subdis_Typ":"Cd_Block","Vill_name":"Dakshin Kalamati","Vill_Cat":"Rural","Vill_LGD":"307520","arr_project":"asha1,asha2"}},
{"type":"Feature","geometry":{"type":"Polygon","coordinates":[[[88.863,26.66048],[88.864,26.65396],[88.86769,26.65095],[88.86781,26.6471],[88.86505,26.64138],[88.86749,26.63958],[88.8729,26.6381],[88.87247,26.64283],[88.86944,26.64795],[88.87018,26.65047],[88.86918,26.65498],[88.86441,26.66079],[88.86406,26.66317],[88.863,26.66048]]]},"properties":{"District":"Jalpaiguri","Dist_LGD":"328","Sub_dist":"Maynaguri","Subdis_LGD":"2177","Subdis_Typ":"Cd_Block","Vill_name":"Dobbari","Vill_Cat":"Rural","Vill_LGD":"307510","arr_project":"asha1,asha2"}},
{"type":"Feature","geometry":{"type":"Polygon","coordinates":[[[88.82171,26.65544],[88.81897,26.65587],[88.81878,26.652],[88.80901,26.64812],[88.80098,26.64867],[88.79704,26.64886],[88.79864,26.6418],[88.79395,26.64202],[88.79242,26.63272],[88.79688,26.62874],[88.79973,26.63033],[88.79936,26.63537],[88.80172,26.63705],[88.80829,26.63712],[88.805,26.63959],[88.80629,26.64239],[88.81118,26.6398],[88.82143,26.6402],[88.82509,26.63838],[88.82426,26.63901],[88.82489,26.64679],[88.82726,26.65087],[88.824,26.65469],[88.82171,26.65544]]]},"properties":{"District":"Jalpaiguri","Dist_LGD":"328","Sub_dist":"Maynaguri","Subdis_LGD":"2177","Subdis_Typ":"Cd_Block","Vill_name":"Paschim Baragila","Vill_Cat":"Rural","Vill_LGD":"307548","arr_project":"asha1,asha2"}},
{"type":"Feature","geometry":{"type":"Polygon","coordinates":[[[88.84129,26.65198],[88.83161,26.65333],[88.82778,26.65574],[88.82726,26.65087],[88.82489,26.64679],[88.82426,26.63901],[88.82509,26.63838],[88.82549,26.63772],[88.83069,26.6374],[88.83335,26.63449],[88.83527,26.63638],[88.83967,26.6358],[88.84598,26.63327],[88.8493,26.63519],[88.85246,26.63268],[88.85422,26.63299],[88.85286,26.63929],[88.85755,26.64276],[88.85536,26.64558],[88.84838,26.64827],[88.84771,26.6509],[88.84129,26.65198]]]},"properties":{"District":"Jalpaiguri","Dist_LGD":"328","Sub_dist":"Maynaguri","Subdis_LGD":"2177","Subdis_Typ":"Cd_Block","Vill_name":"Chapgar","Vill_Cat":"Rural","Vill_LGD":"307549","arr_project":"asha1,asha2"}},
{"type":"Feature","geometry":{"type":"Polygon","coordinates":[[[88.8729,26.6381],[88.86749,26.63958],[88.86505,26.64138],[88.86781,26.6471],[88.86769,26.65095],[88.864,26.65396],[88.863,26.66048],[88.85646,26.65921],[88.85297,26.65691],[88.851,26.65296],[88.84129,26.65198],[88.84771,26.6509],[88.84838,26.64827],[88.85536,26.64558],[88.85755,26.64276],[88.85286,26.63929],[88.85422,26.63299],[88.85246,26.63268],[88.85242,26.63009],[88.85884,26.62766],[88.86401,26.62943],[88.86518,26.63107],[88.87935,26.62731],[88.87744,26.63657],[88.87414,26.63783],[88.8729,26.6381]]]},"properties":{"District":"Jalpaiguri","Dist_LGD":"328","Sub_dist":"Maynaguri","Subdis_LGD":"2177","Subdis_Typ":"Cd_Block","Vill_name":"Purbba Baragila","Vill_Cat":"Rural","Vill_LGD":"307550","arr_project":"asha1,asha2"}},
{"type":"Feature","geometry":{"type":"Polygon","coordinates":[[[88.80829,26.63712],[88.80693,26.63167],[88.81321,26.63132],[88.81854,26.62744],[88.82258,26.6229],[88.82236,26.61939],[88.81823,26.61776],[88.82036,26.60877],[88.82458,26.60938],[88.83178,26.60799],[88.83375,26.61122],[88.83302,26.61573],[88.8365,26.61906],[88.83834,26.62312],[88.83652,26.62632],[88.83261,26.6251],[88.82556,26.62691],[88.82458,26.63564],[88.82549,26.63772],[88.82509,26.63838],[88.82143,26.6402],[88.81118,26.6398],[88.80629,26.64239],[88.805,26.63959],[88.80829,26.63712]]]},"properties":{"District":"Jalpaiguri","Dist_LGD":"328","Sub_dist":"Maynaguri","Subdis_LGD":"2177","Subdis_Typ":"Cd_Block","Vill_name":"Dakshin Baragila","Vill_Cat":"Rural","Vill_LGD":"307547","arr_project":"asha1,asha2"}},
{"type":"Feature","geometry":{"type":"Polygon","coordinates":[[[88.82549,26.63772],[88.82458,26.63564],[88.82556,26.62691],[88.83261,26.6251],[88.83652,26.62632],[88.83834,26.62312],[88.8365,26.61906],[88.83302,26.61573],[88.83375,26.61122],[88.83619,26.60794],[88.83665,26.60315],[88.83085,26.59519],[88.84033,26.59561],[88.84232,26.59901],[88.84524,26.60865],[88.85065,26.60817],[88.85079,26.6181],[88.85097,26.62629],[88.84919,26.62951],[88.85242,26.63009],[88.85246,26.63268],[88.8493,26.63519],[88.84598,26.63327],[88.83967,26.6358],[88.83527,26.63638],[88.83335,26.63449],[88.83069,26.6374],[88.82549,26.63772]]]},"properties":{"District":"Jalpaiguri","Dist_LGD":"328","Sub_dist":"Maynaguri","Subdis_LGD":"2177","Subdis_Typ":"Cd_Block","Vill_name":"Amguri","Vill_Cat":"Rural","Vill_LGD":"307552","arr_project":"asha1,asha2"}},
{"type":"Feature","geometry":{"type":"Polygon","coordinates":[[[88.7995,26.61918],[88.79329,26.61791],[88.7915,26.62032],[88.79211,26.62401],[88.78782,26.62528],[88.78719,26.62085],[88.7803,26.62458],[88.77906,26.62115],[88.78208,26.6197],[88.78286,26.61745],[88.78938,26.61689],[88.79045,26.6135],[88.79759,26.61365],[88.79745,26.61006],[88.79402,26.60698],[88.79584,26.59995],[88.79401,26.59793],[88.79496,26.59586],[88.79997,26.59767],[88.80338,26.59728],[88.80693,26.59789],[88.80971,26.60377],[88.80908,26.60969],[88.8072,26.61437],[88.8103,26.61901],[88.7995,26.61918]]]},"properties":{"District":"Jalpaiguri","Dist_LGD":"328","Sub_dist":"Maynaguri","Subdis_LGD":"2177","Subdis_Typ":"Cd_Block","Vill_name":"Paitkakhocha","Vill_Cat":"Rural","Vill_LGD":"307545","arr_project":"asha1,asha2"}},
{"type":"Feature","geometry":{"type":"Polygon","coordinates":[[[88.76383,26.60449],[88.76098,26.60613],[88.75695,26.60355],[88.75221,26.60329],[88.7554,26.5993],[88.75126,26.59292],[88.75469,26.59084],[88.75857,26.58593],[88.76171,26.58497],[88.76438,26.58686],[88.76256,26.59007],[88.76679,26.59398],[88.76663,26.59658],[88.76411,26.59885],[88.76383,26.60449]]]},"properties":{"District":"Jalpaiguri","Dist_LGD":"328","Sub_dist":"Maynaguri","Subdis_LGD":"2177","Subdis_Typ":"Cd_Block","Vill_name":"Domohani","Vill_Cat":"Rural","Vill_LGD":"307525","arr_project":"asha1,asha2"}},
{"type":"Feature","geometry":{"type":"Polygon","coordinates":[[[88.83781,26.5799],[88.84349,26.58016],[88.85116,26.57878],[88.85201,26.58177],[88.85074,26.58693],[88.85457,26.59097],[88.85216,26.59251],[88.8513,26.59775],[88.84232,26.59901],[88.84033,26.59561],[88.83085,26.59519],[88.83665,26.60315],[88.83619,26.60794],[88.83375,26.61122],[88.83178,26.60799],[88.82458,26.60938],[88.82036,26.60877],[88.8198,26.60793],[88.81951,26.60388],[88.82183,26.59986],[88.82539,26.5987],[88.82507,26.5942],[88.83075,26.59416],[88.83166,26.58506],[88.8347,26.58354],[88.83781,26.5799]]]},"properties":{"District":"Jalpaiguri","Dist_LGD":"328","Sub_dist":"Maynaguri","Subdis_LGD":"2177","Subdis_Typ":"Cd_Block","Vill_name":"Uttar Khagrabari","Vill_Cat":"Rural","Vill_LGD":"307553","arr_project":"asha1,asha2"}},
{"type":"Feature","geometry":{"type":"Polygon","coordinates":[[[88.84232,26.59901],[88.8513,26.59775],[88.85216,26.59251],[88.85457,26.59097],[88.85888,26.59103],[88.86136,26.58731],[88.86547,26.5875],[88.86555,26.59192],[88.86693,26.59526],[88.86662,26.5988],[88.87039,26.6007],[88.87118,26.60397],[88.86779,26.60572],[88.85728,26.6035],[88.85831,26.60855],[88.85608,26.61189],[88.8566,26.61636],[88.85325,26.61882],[88.85079,26.6181],[88.85065,26.60817],[88.84524,26.60865],[88.84232,26.59901]]]},"properties":{"District":"Jalpaiguri","Dist_LGD":"328","Sub_dist":"Maynaguri","Subdis_LGD":"2177","Subdis_Typ":"Cd_Block","Vill_name":"Charesbari","Vill_Cat":"Rural","Vill_LGD":"307577","arr_project":"asha1,asha2"}},
{"type":"Feature","geometry":{"type":"Polygon","coordinates":[[[88.86547,26.5875],[88.87318,26.58505],[88.87767,26.58449],[88.87906,26.58272],[88.88096,26.58835],[88.88335,26.59133],[88.88916,26.59205],[88.89006,26.58893],[88.89485,26.58937],[88.89449,26.59226],[88.89019,26.59381],[88.89104,26.59572],[88.89567,26.59525],[88.90227,26.59738],[88.89489,26.60283],[88.89199,26.60128],[88.88082,26.60061],[88.88107,26.60351],[88.87118,26.60397],[88.87039,26.6007],[88.86662,26.5988],[88.86693,26.59526],[88.86555,26.59192],[88.86547,26.5875]]]},"properties":{"District":"Jalpaiguri","Dist_LGD":"328","Sub_dist":"Maynaguri","Subdis_LGD":"2177","Subdis_Typ":"Cd_Block","Vill_name":"Dhaolaguri","Vill_Cat":"Rural","Vill_LGD":"307578","arr_project":"asha1,asha2"}},
{"type":"Feature","geometry":{"type":"Polygon","coordinates":[[[88.83781,26.5799],[88.83834,26.57738],[88.83358,26.57336],[88.83545,26.56778],[88.83851,26.56532],[88.83861,26.56123],[88.84169,26.56121],[88.84189,26.56552],[88.84519,26.56539],[88.8458,26.56931],[88.84131,26.57128],[88.84204,26.57406],[88.85239,26.57335],[88.85304,26.57548],[88.85116,26.57878],[88.84349,26.58016],[88.83781,26.5799]]]},"properties":{"District":"Jalpaiguri","Dist_LGD":"328","Sub_dist":"Maynaguri","Subdis_LGD":"2177","Subdis_Typ":"Cd_Block","Vill_name":"Madhya Khagrabari","Vill_Cat":"Rural","Vill_LGD":"307554","arr_project":"asha1,asha2"}},
{"type":"Feature","geometry":{"type":"Polygon","coordinates":[[[88.84169,26.56121],[88.84636,26.55999],[88.84749,26.55781],[88.85326,26.55788],[88.85413,26.56161],[88.85822,26.55888],[88.86413,26.55778],[88.87031,26.55909],[88.8683,26.56151],[88.86905,26.56585],[88.86598,26.56939],[88.86388,26.57364],[88.86042,26.5722],[88.85304,26.57548],[88.85239,26.57335],[88.84204,26.57406],[88.84131,26.57128],[88.8458,26.56931],[88.84519,26.56539],[88.84189,26.56552],[88.84169,26.56121]]]},"properties":{"District":"Jalpaiguri","Dist_LGD":"328","Sub_dist":"Maynaguri","Subdis_LGD":"2177","Subdis_Typ":"Cd_Block","Vill_name":"Tekatali","Vill_Cat":"Rural","Vill_LGD":"307575","arr_project":"asha1,asha2"}},
{"type":"Feature","geometry":{"type":"Polygon","coordinates":[[[88.83781,26.5799],[88.8347,26.58354],[88.83166,26.58506],[88.83075,26.59416],[88.82507,26.5942],[88.82539,26.5987],[88.82183,26.59986],[88.81951,26.60388],[88.8198,26.60793],[88.81587,26.60721],[88.81562,26.6035],[88.80971,26.60377],[88.80693,26.59789],[88.80338,26.59728],[88.80915,26.59252],[88.80851,26.58408],[88.80803,26.57937],[88.81136,26.57348],[88.80866,26.56741],[88.80367,26.56885],[88.80243,26.57119],[88.79791,26.57149],[88.79353,26.56977],[88.78904,26.57003],[88.78883,26.56251],[88.78936,26.55944],[88.79437,26.55611],[88.80098,26.55544],[88.80406,26.56251],[88.80786,26.55838],[88.81222,26.55526],[88.81339,26.55659],[88.81966,26.55678],[88.81863,26.5511],[88.82372,26.5511],[88.82662,26.54621],[88.83597,26.54737],[88.83652,26.53735],[88.83753,26.53675],[88.84295,26.5375],[88.84468,26.53992],[88.84484,26.54464],[88.84377,26.54775],[88.84871,26.54873],[88.83861,26.56123],[88.83851,26.56532],[88.83545,26.56778],[88.83358,26.57336],[88.83834,26.57738],[88.83781,26.5799]]]},"properties":{"District":"Jalpaiguri","Dist_LGD":"328","Sub_dist":"Maynaguri","Subdis_LGD":"2177","Subdis_Typ":"Cd_Block","Vill_name":"Mainaguri (M)","Vill_Cat":"Fully_Urban","Vill_LGD":"307593","arr_project":"asha1,asha2"}},
{"type":"Feature","geometry":{"type":"Polygon","coordinates":[[[88.84484,26.54464],[88.84956,26.53848],[88.85925,26.53406],[88.85993,26.54252],[88.85715,26.54434],[88.85724,26.5472],[88.86193,26.55263],[88.86188,26.55519],[88.85801,26.55581],[88.85822,26.55888],[88.85413,26.56161],[88.85326,26.55788],[88.84749,26.55781],[88.84636,26.55999],[88.84169,26.56121],[88.83861,26.56123],[88.84871,26.54873],[88.84377,26.54775],[88.84484,26.54464]]]},"properties":{"District":"Jalpaiguri","Dist_LGD":"328","Sub_dist":"Maynaguri","Subdis_LGD":"2177","Subdis_Typ":"Cd_Block","Vill_name":"Nirendrapur","Vill_Cat":"Rural","Vill_LGD":"307574","arr_project":"asha1,asha2"}},
{"type":"Feature","geometry":{"type":"Polygon","coordinates":[[[88.83753,26.53675],[88.83652,26.53735],[88.83597,26.54737],[88.82662,26.54621],[88.82372,26.5511],[88.81863,26.5511],[88.81966,26.55678],[88.81339,26.55659],[88.81222,26.55526],[88.80786,26.55838],[88.80406,26.56251],[88.80098,26.55544],[88.79437,26.55611],[88.79474,26.55328],[88.80277,26.55283],[88.80339,26.54962],[88.81057,26.54884],[88.81186,26.54696],[88.81253,26.54074],[88.81609,26.54105],[88.81589,26.53692],[88.82805,26.53536],[88.8291,26.53762],[88.83464,26.53697],[88.83753,26.53675]]]},"properties":{"District":"Jalpaiguri","Dist_LGD":"328","Sub_dist":"Maynaguri","Subdis_LGD":"2177","Subdis_Typ":"Cd_Block","Vill_name":"Uttar Madhabdanga","Vill_Cat":"Rural","Vill_LGD":"307555","arr_project":"asha1,asha2"}},
{"type":"Feature","geometry":{"type":"Polygon","coordinates":[[[88.76858,26.54431],[88.77604,26.54323],[88.77666,26.53645],[88.77958,26.53967],[88.78264,26.53975],[88.78251,26.54545],[88.7859,26.54548],[88.78535,26.53706],[88.78976,26.53606],[88.78856,26.54364],[88.79297,26.54263],[88.79586,26.54054],[88.79748,26.54448],[88.79307,26.54728],[88.79474,26.55328],[88.79437,26.55611],[88.78936,26.55944],[88.78883,26.56251],[88.78303,26.56384],[88.78102,26.56127],[88.78303,26.55944],[88.7807,26.5564],[88.77673,26.55735],[88.77083,26.55687],[88.77084,26.55654],[88.7734,26.55178],[88.7679,26.5509],[88.76921,26.54882],[88.76858,26.54431]]]},"properties":{"District":"Jalpaiguri","Dist_LGD":"328","Sub_dist":"Maynaguri","Subdis_LGD":"2177","Subdis_Typ":"Cd_Block","Vill_name":"Ulladabri","Vill_Cat":"Rural","Vill_LGD":"307541","arr_project":"asha1,asha2"}},
{"type":"Feature","geometry":{"type":"Polygon","coordinates":[[[88.75733,26.54778],[88.76355,26.54919],[88.76351,26.5531],[88.77084,26.55654],[88.77083,26.55687],[88.77273,26.56202],[88.76259,26.56153],[88.76062,26.56067],[88.75782,26.55154],[88.75733,26.54778]]]},"properties":{"District":"Jalpaiguri","Dist_LGD":"328","Sub_dist":"Maynaguri","Subdis_LGD":"2177","Subdis_Typ":"Cd_Block","Vill_name":"Uttar Sisuabari","Vill_Cat":"Rural","Vill_LGD":"307528","arr_project":"asha1,asha2"}},
{"type":"Feature","geometry":{"type":"Polygon","coordinates":[[[88.75831,26.5396],[88.7616,26.54211],[88.76565,26.54232],[88.76837,26.54415],[88.76858,26.54431],[88.76921,26.54882],[88.7679,26.5509],[88.7734,26.55178],[88.77084,26.55654],[88.76351,26.5531],[88.76355,26.54919],[88.75733,26.54778],[88.75696,26.54113],[88.75831,26.5396]]]},"properties":{"District":"Jalpaiguri","Dist_LGD":"328","Sub_dist":"Maynaguri","Subdis_LGD":"2177","Subdis_Typ":"Cd_Block","Vill_name":"Dakshin Marichbari","Vill_Cat":"Rural","Vill_LGD":"307529","arr_project":"asha1,asha2"}},
{"type":"Feature","geometry":{"type":"Polygon","coordinates":[[[88.79925,26.54416],[88.80762,26.53785],[88.81026,26.5306],[88.80459,26.52689],[88.8073,26.52457],[88.80668,26.51925],[88.80664,26.51722],[88.80995,26.51732],[88.81469,26.51949],[88.81724,26.52361],[88.81511,26.52657],[88.81589,26.53692],[88.81609,26.54105],[88.81253,26.54074],[88.81186,26.54696],[88.81057,26.54884],[88.80339,26.54962],[88.80277,26.55283],[88.79474,26.55328],[88.79307,26.54728],[88.79748,26.54448],[88.79925,26.54416]]]},"properties":{"District":"Jalpaiguri","Dist_LGD":"328","Sub_dist":"Maynaguri","Subdis_LGD":"2177","Subdis_Typ":"Cd_Block","Vill_name":"Madhabdanga","Vill_Cat":"Rural","Vill_LGD":"307556","arr_project":"asha1,asha2"}},
{"type":"Feature","geometry":{"type":"Polygon","coordinates":[[[88.76438,26.58686],[88.7719,26.58808],[88.77695,26.58739],[88.77487,26.58328],[88.77422,26.57707],[88.76749,26.5778],[88.76334,26.57483],[88.76414,26.57181],[88.76859,26.57194],[88.77072,26.56912],[88.7818,26.57183],[88.78904,26.57003],[88.79353,26.56977],[88.78672,26.57639],[88.79016,26.58318],[88.78316,26.58403],[88.78248,26.5895],[88.78053,26.59438],[88.77678,26.59552],[88.77714,26.59172],[88.77284,26.59272],[88.76961,26.59182],[88.76855,26.59468],[88.77019,26.59829],[88.76673,26.59996],[88.76411,26.59885],[88.76663,26.59658],[88.76679,26.59398],[88.76256,26.59007],[88.76438,26.58686]]]},"properties":{"District":"Jalpaiguri","Dist_LGD":"328","Sub_dist":"Maynaguri","Subdis_LGD":"2177","Subdis_Typ":"Cd_Block","Vill_name":"Kanthalbari","Vill_Cat":"Rural","Vill_LGD":"307526","arr_project":"asha1,asha2"}},
{"type":"Feature","geometry":{"type":"Polygon","coordinates":[[[88.79353,26.56977],[88.79791,26.57149],[88.80243,26.57119],[88.80367,26.56885],[88.80866,26.56741],[88.81136,26.57348],[88.80803,26.57937],[88.80851,26.58408],[88.80154,26.58387],[88.79526,26.58636],[88.79479,26.58324],[88.79139,26.58315],[88.79247,26.58738],[88.79535,26.58984],[88.79339,26.59454],[88.79496,26.59586],[88.79401,26.59793],[88.78743,26.59814],[88.78137,26.59942],[88.77707,26.59873],[88.78053,26.59438],[88.78248,26.5895],[88.78316,26.58403],[88.79016,26.58318],[88.78672,26.57639],[88.79353,26.56977]]]},"properties":{"District":"Jalpaiguri","Dist_LGD":"328","Sub_dist":"Maynaguri","Subdis_LGD":"2177","Subdis_Typ":"Cd_Block","Vill_name":"Uttar Mauamari","Vill_Cat":"Rural","Vill_LGD":"307543","arr_project":"asha1,asha2"}},
{"type":"Feature","geometry":{"type":"Polygon","coordinates":[[[88.85079,26.6181],[88.85325,26.61882],[88.8566,26.61636],[88.85608,26.61189],[88.85831,26.60855],[88.85728,26.6035],[88.86779,26.60572],[88.87118,26.60397],[88.88107,26.60351],[88.88082,26.60061],[88.89199,26.60128],[88.89489,26.60283],[88.90227,26.59738],[88.90414,26.59949],[88.90017,26.60213],[88.89131,26.60637],[88.88855,26.60912],[88.88289,26.61501],[88.87999,26.62311],[88.87935,26.62731],[88.86518,26.63107],[88.86401,26.62943],[88.85884,26.62766],[88.85242,26.63009],[88.84919,26.62951],[88.85097,26.62629],[88.85079,26.6181]]]},"properties":{"District":"Jalpaiguri","Dist_LGD":"328","Sub_dist":"Maynaguri","Subdis_LGD":"2177","Subdis_Typ":"Cd_Block","Vill_name":"Betgara","Vill_Cat":"Rural","Vill_LGD":"307551","arr_project":"asha1,asha2"}},
{"type":"Feature","geometry":{"type":"Polygon","coordinates":[[[88.87031,26.55909],[88.87642,26.55542],[88.88391,26.55454],[88.88363,26.55271],[88.8898,26.55126],[88.89138,26.55437],[88.89795,26.55297],[88.89851,26.55732],[88.8975,26.5652],[88.89354,26.56737],[88.89221,26.5706],[88.88615,26.57287],[88.8854,26.57613],[88.88111,26.57718],[88.87922,26.57091],[88.87914,26.56573],[88.88123,26.56088],[88.87548,26.56186],[88.86905,26.56585],[88.8683,26.56151],[88.87031,26.55909]]]},"properties":{"District":"Jalpaiguri","Dist_LGD":"328","Sub_dist":"Maynaguri","Subdis_LGD":"2177","Subdis_Typ":"Cd_Block","Vill_name":"Chura Bhandar","Vill_Cat":"Rural","Vill_LGD":"307580","arr_project":"asha1,asha2"}},
{"type":"Feature","geometry":{"type":"Polygon","coordinates":[[[88.89795,26.55297],[88.89726,26.55128],[88.90182,26.54778],[88.90261,26.5435],[88.89498,26.54157],[88.8931,26.53474],[88.89393,26.53237],[88.9033,26.53574],[88.90889,26.5424],[88.91231,26.54763],[88.91643,26.54835],[88.92131,26.5511],[88.9206,26.55381],[88.91329,26.55738],[88.91236,26.55903],[88.90524,26.55679],[88.89851,26.55732],[88.89795,26.55297]]]},"properties":{"District":"Jalpaiguri","Dist_LGD":"328","Sub_dist":"Maynaguri","Subdis_LGD":"2177","Subdis_Typ":"Cd_Block","Vill_name":"Hasludanga","Vill_Cat":"Rural","Vill_LGD":"307583","arr_project":"asha1,asha2"}},
{"type":"Feature","geometry":{"type":"Polygon","coordinates":[[[88.89685,26.51803],[88.89455,26.52224],[88.89823,26.52702],[88.90128,26.52815],[88.90261,26.5321],[88.90784,26.53195],[88.91131,26.52996],[88.91171,26.52743],[88.91683,26.52834],[88.92281,26.5394],[88.92061,26.54345],[88.92174,26.54946],[88.92131,26.5511],[88.91643,26.54835],[88.91231,26.54763],[88.90889,26.5424],[88.9033,26.53574],[88.89393,26.53237],[88.88005,26.52816],[88.88567,26.5259],[88.88839,26.51865],[88.89178,26.51675],[88.89685,26.51803]]]},"properties":{"District":"Jalpaiguri","Dist_LGD":"328","Sub_dist":"Maynaguri","Subdis_LGD":"2177","Subdis_Typ":"Cd_Block","Vill_name":"Purbba Dehar","Vill_Cat":"Rural","Vill_LGD":"307582","arr_project":"asha1,asha2"}},
{"type":"Feature","geometry":{"type":"Polygon","coordinates":[[[88.88363,26.55271],[88.87776,26.55157],[88.87684,26.5475],[88.87216,26.54599],[88.87045,26.54341],[88.87443,26.53766],[88.87827,26.53367],[88.88005,26.52816],[88.89393,26.53237],[88.8931,26.53474],[88.89498,26.54157],[88.90261,26.5435],[88.90182,26.54778],[88.89726,26.55128],[88.89795,26.55297],[88.89138,26.55437],[88.8898,26.55126],[88.88363,26.55271]]]},"properties":{"District":"Jalpaiguri","Dist_LGD":"328","Sub_dist":"Maynaguri","Subdis_LGD":"2177","Subdis_Typ":"Cd_Block","Vill_name":"Bhangamali","Vill_Cat":"Rural","Vill_LGD":"307581","arr_project":"asha1,asha2"}},
{"type":"Feature","geometry":{"type":"Polygon","coordinates":[[[88.96204,26.53875],[88.95508,26.54056],[88.94799,26.54108],[88.9449,26.54334],[88.93643,26.54752],[88.93333,26.5529],[88.92935,26.55555],[88.92758,26.5544],[88.9294,26.54995],[88.93424,26.54662],[88.93316,26.54251],[88.93549,26.53778],[88.93296,26.53282],[88.93983,26.53038],[88.93615,26.51939],[88.9348,26.51354],[88.93315,26.51133],[88.93437,26.50836],[88.93885,26.50688],[88.93774,26.50409],[88.93974,26.50217],[88.94189,26.50585],[88.95169,26.5055],[88.95482,26.50765],[88.9568,26.51466],[88.96164,26.52276],[88.96217,26.52494],[88.96718,26.52481],[88.97052,26.53224],[88.96909,26.53563],[88.96377,26.53898],[88.96204,26.53875]]]},"properties":{"District":"Jalpaiguri","Dist_LGD":"328","Sub_dist":"Maynaguri","Subdis_LGD":"2177","Subdis_Typ":"Cd_Block","Vill_name":"Jabaramli","Vill_Cat":"Rural","Vill_LGD":"307586","arr_project":"asha1,asha2"}},
{"type":"Feature","geometry":{"type":"Polygon","coordinates":[[[88.87041,26.52021],[88.87161,26.51811],[88.87115,26.51351],[88.87323,26.50887],[88.8723,26.50604],[88.87647,26.50402],[88.88159,26.50418],[88.88181,26.50931],[88.88464,26.51156],[88.89159,26.51246],[88.89392,26.51473],[88.89944,26.51422],[88.89685,26.51803],[88.89178,26.51675],[88.88839,26.51865],[88.88567,26.5259],[88.88005,26.52816],[88.87827,26.53367],[88.86909,26.53419],[88.86811,26.53299],[88.86503,26.53102],[88.86589,26.52747],[88.86991,26.52934],[88.87197,26.52848],[88.87041,26.52021]]]},"properties":{"District":"Jalpaiguri","Dist_LGD":"328","Sub_dist":"Maynaguri","Subdis_LGD":"2177","Subdis_Typ":"Cd_Block","Vill_name":"Purbba Salbari","Vill_Cat":"Rural","Vill_LGD":"307572","arr_project":"asha1,asha2"}},
{"type":"Feature","geometry":{"type":"Polygon","coordinates":[[[88.85925,26.53406],[88.8596,26.53102],[88.8563,26.52708],[88.858,26.52181],[88.85464,26.51822],[88.8594,26.51707],[88.85979,26.51483],[88.8602,26.51444],[88.86289,26.51998],[88.8661,26.52135],[88.87041,26.52021],[88.87197,26.52848],[88.86991,26.52934],[88.86589,26.52747],[88.86503,26.53102],[88.86811,26.53299],[88.86433,26.53468],[88.85925,26.53406]]]},"properties":{"District":"Jalpaiguri","Dist_LGD":"328","Sub_dist":"Maynaguri","Subdis_LGD":"2177","Subdis_Typ":"Cd_Block","Vill_name":"Gartali Jalpes","Vill_Cat":"Rural","Vill_LGD":"307570","arr_project":"asha1,asha2"}},
{"type":"Feature","geometry":{"type":"Polygon","coordinates":[[[88.8602,26.51444],[88.85438,26.50811],[88.85762,26.50438],[88.86344,26.50012],[88.86854,26.49993],[88.87138,26.50086],[88.87263,26.50389],[88.87647,26.50402],[88.8723,26.50604],[88.87323,26.50887],[88.87115,26.51351],[88.87161,26.51811],[88.87041,26.52021],[88.8661,26.52135],[88.86289,26.51998],[88.8602,26.51444]]]},"properties":{"District":"Jalpaiguri","Dist_LGD":"328","Sub_dist":"Maynaguri","Subdis_LGD":"2177","Subdis_Typ":"Cd_Block","Vill_name":"Paschim Salbari","Vill_Cat":"Rural","Vill_LGD":"307571","arr_project":"asha1,asha2"}},
{"type":"Feature","geometry":{"type":"Polygon","coordinates":[[[88.83316,26.50064],[88.83408,26.50338],[88.84399,26.50045],[88.85156,26.49939],[88.85382,26.50189],[88.85301,26.50937],[88.85655,26.51139],[88.85979,26.51483],[88.8594,26.51707],[88.85464,26.51822],[88.854,26.51678],[88.84854,26.51688],[88.84728,26.51875],[88.84255,26.51767],[88.84008,26.51888],[88.83412,26.5178],[88.83463,26.51505],[88.82977,26.5132],[88.83136,26.50855],[88.82931,26.50547],[88.82637,26.50628],[88.82578,26.50269],[88.83006,26.5025],[88.83316,26.50064]]]},"properties":{"District":"Jalpaiguri","Dist_LGD":"328","Sub_dist":"Maynaguri","Subdis_LGD":"2177","Subdis_Typ":"Cd_Block","Vill_name":"Dakshin Bhuskadanga","Vill_Cat":"Rural","Vill_LGD":"307568","arr_project":"asha1,asha2"}},
{"type":"Feature","geometry":{"type":"Polygon","coordinates":[[[88.80363,26.51431],[88.80599,26.51227],[88.80788,26.50795],[88.80678,26.50656],[88.81148,26.49997],[88.81389,26.49993],[88.81648,26.49356],[88.82022,26.49487],[88.81866,26.49813],[88.82187,26.50049],[88.82516,26.49645],[88.82682,26.49784],[88.83517,26.49672],[88.83316,26.50064],[88.83006,26.5025],[88.82578,26.50269],[88.82637,26.50628],[88.82931,26.50547],[88.83136,26.50855],[88.82977,26.5132],[88.82426,26.5085],[88.81749,26.51518],[88.81754,26.51913],[88.81469,26.51949],[88.80995,26.51732],[88.80664,26.51722],[88.80363,26.51431]]]},"properties":{"District":"Jalpaiguri","Dist_LGD":"328","Sub_dist":"Maynaguri","Subdis_LGD":"2177","Subdis_Typ":"Cd_Block","Vill_name":"Dakshin Dangapara","Vill_Cat":"Rural","Vill_LGD":"307558","arr_project":"asha1,asha2"}},
{"type":"Feature","geometry":{"type":"Polygon","coordinates":[[[88.81469,26.51949],[88.81754,26.51913],[88.81749,26.51518],[88.82426,26.5085],[88.82977,26.5132],[88.83463,26.51505],[88.83412,26.5178],[88.82993,26.52551],[88.83114,26.52856],[88.83774,26.52698],[88.83555,26.53153],[88.83464,26.53697],[88.8291,26.53762],[88.82805,26.53536],[88.81589,26.53692],[88.81511,26.52657],[88.81724,26.52361],[88.81469,26.51949]]]},"properties":{"District":"Jalpaiguri","Dist_LGD":"328","Sub_dist":"Maynaguri","Subdis_LGD":"2177","Subdis_Typ":"Cd_Block","Vill_name":"Dakshin Madhabdanga","Vill_Cat":"Rural","Vill_LGD":"307557","arr_project":"asha1,asha2"}},
{"type":"Feature","geometry":{"type":"Polygon","coordinates":[[[88.83412,26.5178],[88.84008,26.51888],[88.84255,26.51767],[88.84728,26.51875],[88.84854,26.51688],[88.854,26.51678],[88.85464,26.51822],[88.858,26.52181],[88.8563,26.52708],[88.8596,26.53102],[88.85925,26.53406],[88.84956,26.53848],[88.84484,26.54464],[88.84468,26.53992],[88.84295,26.5375],[88.83753,26.53675],[88.83464,26.53697],[88.83555,26.53153],[88.83774,26.52698],[88.83114,26.52856],[88.82993,26.52551],[88.83412,26.5178]]]},"properties":{"District":"Jalpaiguri","Dist_LGD":"328","Sub_dist":"Maynaguri","Subdis_LGD":"2177","Subdis_Typ":"Cd_Block","Vill_name":"Uttar Bhuskadanga","Vill_Cat":"Rural","Vill_LGD":"307569","arr_project":"asha1,asha2"}},
{"type":"Feature","geometry":{"type":"Polygon","coordinates":[[[88.7899,26.5215],[88.79366,26.51924],[88.80352,26.51833],[88.80668,26.51925],[88.8073,26.52457],[88.80459,26.52689],[88.81026,26.5306],[88.80762,26.53785],[88.79925,26.54416],[88.79906,26.53819],[88.79746,26.53262],[88.78986,26.53211],[88.7916,26.5268],[88.7899,26.5215]]]},"properties":{"District":"Jalpaiguri","Dist_LGD":"328","Sub_dist":"Maynaguri","Subdis_LGD":"2177","Subdis_Typ":"Cd_Block","Vill_name":"Uttar Dangapara","Vill_Cat":"Rural","Vill_LGD":"307539","arr_project":"asha1,asha2"}},
{"type":"Feature","geometry":{"type":"Polygon","coordinates":[[[88.77183,26.5292],[88.77247,26.52671],[88.77816,26.52654],[88.7788,26.52089],[88.78233,26.51848],[88.78641,26.51864],[88.78982,26.52081],[88.7899,26.5215],[88.7916,26.5268],[88.78986,26.53211],[88.79746,26.53262],[88.79906,26.53819],[88.79925,26.54416],[88.79748,26.54448],[88.79586,26.54054],[88.79297,26.54263],[88.78856,26.54364],[88.78976,26.53606],[88.78535,26.53706],[88.7859,26.54548],[88.78251,26.54545],[88.78264,26.53975],[88.77958,26.53967],[88.77666,26.53645],[88.77604,26.54323],[88.76858,26.54431],[88.76837,26.54415],[88.76657,26.5425],[88.76816,26.53374],[88.77183,26.5292]]]},"properties":{"District":"Jalpaiguri","Dist_LGD":"328","Sub_dist":"Maynaguri","Subdis_LGD":"2177","Subdis_Typ":"Cd_Block","Vill_name":"Dakshin Ulladabari","Vill_Cat":"Rural","Vill_LGD":"307540","arr_project":"asha1,asha2"}},
{"type":"Feature","geometry":{"type":"Polygon","coordinates":[[[88.75891,26.50841],[88.76347,26.50835],[88.76639,26.51056],[88.7654,26.51298],[88.76811,26.5169],[88.77321,26.52212],[88.76914,26.52672],[88.77183,26.5292],[88.76816,26.53374],[88.76657,26.5425],[88.76837,26.54415],[88.76565,26.54232],[88.7616,26.54211],[88.75831,26.5396],[88.75745,26.53638],[88.7584,26.52885],[88.75631,26.52352],[88.75928,26.51685],[88.75663,26.51534],[88.75891,26.50841]]]},"properties":{"District":"Jalpaiguri","Dist_LGD":"328","Sub_dist":"Maynaguri","Subdis_LGD":"2177","Subdis_Typ":"Cd_Block","Vill_name":"Gopalganj","Vill_Cat":"Rural","Vill_LGD":"307531","arr_project":"asha1,asha2"}},
{"type":"Feature","geometry":{"type":"Polygon","coordinates":[[[88.75696,26.54113],[88.75358,26.53374],[88.75322,26.52855],[88.7506,26.52459],[88.75128,26.51947],[88.74965,26.51583],[88.75433,26.51396],[88.75405,26.50718],[88.75805,26.50719],[88.75891,26.50841],[88.75663,26.51534],[88.75928,26.51685],[88.75631,26.52352],[88.7584,26.52885],[88.75745,26.53638],[88.75831,26.5396],[88.75696,26.54113]]]},"properties":{"District":"Jalpaiguri","Dist_LGD":"328","Sub_dist":"Maynaguri","Subdis_LGD":"2177","Subdis_Typ":"Cd_Block","Vill_name":"Dakshin Sisuabari","Vill_Cat":"Rural","Vill_LGD":"307530","arr_project":"asha1,asha2"}},
{"type":"Feature","geometry":{"type":"Polygon","coordinates":[[[88.78982,26.52081],[88.79132,26.51327],[88.79568,26.51333],[88.79838,26.51159],[88.80093,26.51169],[88.80363,26.51431],[88.80664,26.51722],[88.80668,26.51925],[88.80352,26.51833],[88.79366,26.51924],[88.7899,26.5215],[88.78982,26.52081]]]},"properties":{"District":"Jalpaiguri","Dist_LGD":"328","Sub_dist":"Maynaguri","Subdis_LGD":"2177","Subdis_Typ":"Cd_Block","Vill_name":"Uttar Putimari","Vill_Cat":"Rural","Vill_LGD":"307538","arr_project":"asha1,asha2"}},
{"type":"Feature","geometry":{"type":"Polygon","coordinates":[[[88.75805,26.50719],[88.75842,26.50541],[88.76386,26.5042],[88.7701,26.50501],[88.77157,26.5113],[88.77464,26.50993],[88.77957,26.51027],[88.78044,26.50499],[88.78663,26.50547],[88.78321,26.5135],[88.78309,26.51593],[88.76811,26.5169],[88.7654,26.51298],[88.76639,26.51056],[88.76347,26.50835],[88.75891,26.50841],[88.75805,26.50719]]]},"properties":{"District":"Jalpaiguri","Dist_LGD":"328","Sub_dist":"Maynaguri","Subdis_LGD":"2177","Subdis_Typ":"Cd_Block","Vill_name":"Sisuabari","Vill_Cat":"Rural","Vill_LGD":"307532","arr_project":"asha1,asha2"}},
{"type":"Feature","geometry":{"type":"Polygon","coordinates":[[[88.76811,26.5169],[88.78309,26.51593],[88.78321,26.5135],[88.78663,26.50547],[88.78044,26.50499],[88.77946,26.49958],[88.78326,26.50094],[88.78751,26.50085],[88.79348,26.49911],[88.79725,26.49356],[88.80034,26.49752],[88.79983,26.50157],[88.79789,26.50229],[88.79668,26.50739],[88.79838,26.51159],[88.79568,26.51333],[88.79132,26.51327],[88.78982,26.52081],[88.78641,26.51864],[88.78233,26.51848],[88.7788,26.52089],[88.77816,26.52654],[88.77247,26.52671],[88.77183,26.5292],[88.76914,26.52672],[88.77321,26.52212],[88.76811,26.5169]]]},"properties":{"District":"Jalpaiguri","Dist_LGD":"328","Sub_dist":"Maynaguri","Subdis_LGD":"2177","Subdis_Typ":"Cd_Block","Vill_name":"Barnes","Vill_Cat":"Rural","Vill_LGD":"307537","arr_project":"asha1,asha2"}},
{"type":"Feature","geometry":{"type":"Polygon","coordinates":[[[88.75405,26.50718],[88.75463,26.50259],[88.75298,26.49646],[88.75471,26.49081],[88.76276,26.48493],[88.76612,26.48652],[88.77716,26.48802],[88.77961,26.48342],[88.78587,26.48392],[88.78692,26.4854],[88.78366,26.49135],[88.78052,26.49275],[88.77423,26.49231],[88.76619,26.49422],[88.76751,26.49919],[88.76991,26.49782],[88.77946,26.49958],[88.78044,26.50499],[88.77957,26.51027],[88.77464,26.50993],[88.77157,26.5113],[88.7701,26.50501],[88.76386,26.5042],[88.75842,26.50541],[88.75805,26.50719],[88.75405,26.50718]]]},"properties":{"District":"Jalpaiguri","Dist_LGD":"328","Sub_dist":"Maynaguri","Subdis_LGD":"2177","Subdis_Typ":"Cd_Block","Vill_name":"Paschim Bara Gharia","Vill_Cat":"Rural","Vill_LGD":"307533","arr_project":"asha1,asha2"}},
{"type":"Feature","geometry":{"type":"Polygon","coordinates":[[[88.78587,26.48392],[88.79265,26.48223],[88.79698,26.48327],[88.79973,26.48089],[88.7992,26.4752],[88.80099,26.47306],[88.80583,26.47294],[88.80662,26.47617],[88.80899,26.47674],[88.80716,26.47824],[88.8064,26.48216],[88.80315,26.48722],[88.79796,26.48898],[88.79383,26.48777],[88.7934,26.49036],[88.7885,26.49243],[88.78756,26.49853],[88.79127,26.49905],[88.79183,26.49353],[88.79519,26.49094],[88.79725,26.49356],[88.79348,26.49911],[88.78751,26.50085],[88.78326,26.50094],[88.77946,26.49958],[88.76991,26.49782],[88.76751,26.49919],[88.76619,26.49422],[88.77423,26.49231],[88.78052,26.49275],[88.78366,26.49135],[88.78692,26.4854],[88.78587,26.48392]]]},"properties":{"District":"Jalpaiguri","Dist_LGD":"328","Sub_dist":"Maynaguri","Subdis_LGD":"2177","Subdis_Typ":"Cd_Block","Vill_name":"Gaurgram","Vill_Cat":"Rural","Vill_LGD":"307535","arr_project":"asha1,asha2"}},
{"type":"Feature","geometry":{"type":"Polygon","coordinates":[[[88.79725,26.49356],[88.79519,26.49094],[88.79183,26.49353],[88.79127,26.49905],[88.78756,26.49853],[88.7885,26.49243],[88.7934,26.49036],[88.79383,26.48777],[88.79796,26.48898],[88.80315,26.48722],[88.8064,26.48216],[88.81165,26.48249],[88.80847,26.48835],[88.81422,26.48912],[88.81301,26.49285],[88.81648,26.49356],[88.81389,26.49993],[88.81148,26.49997],[88.80678,26.50656],[88.80788,26.50795],[88.80599,26.51227],[88.80363,26.51431],[88.80093,26.51169],[88.79838,26.51159],[88.79668,26.50739],[88.79789,26.50229],[88.79983,26.50157],[88.80034,26.49752],[88.79725,26.49356]]]},"properties":{"District":"Jalpaiguri","Dist_LGD":"328","Sub_dist":"Maynaguri","Subdis_LGD":"2177","Subdis_Typ":"Cd_Block","Vill_name":"Dakshin Putimari","Vill_Cat":"Rural","Vill_LGD":"307536","arr_project":"asha1,asha2"}},
{"type":"Feature","geometry":{"type":"Polygon","coordinates":[[[88.81422,26.48912],[88.82054,26.48893],[88.82457,26.48618],[88.82465,26.48952],[88.82152,26.49474],[88.82516,26.49645],[88.82187,26.50049],[88.81866,26.49813],[88.82022,26.49487],[88.81648,26.49356],[88.81301,26.49285],[88.81422,26.48912]]]},"properties":{"District":"Jalpaiguri","Dist_LGD":"328","Sub_dist":"Maynaguri","Subdis_LGD":"2177","Subdis_Typ":"Cd_Block","Vill_name":"Purba Sisuabari","Vill_Cat":"Rural","Vill_LGD":"307559","arr_project":"asha1,asha2"}},
{"type":"Feature","geometry":{"type":"Polygon","coordinates":[[[88.82457,26.48618],[88.82459,26.48113],[88.82779,26.4805],[88.82385,26.47599],[88.82388,26.4718],[88.82964,26.47178],[88.82997,26.46924],[88.83786,26.46914],[88.83491,26.47088],[88.83395,26.4736],[88.83761,26.47806],[88.84154,26.47698],[88.84399,26.47876],[88.84331,26.48328],[88.83945,26.48789],[88.83975,26.49606],[88.84399,26.50045],[88.83408,26.50338],[88.83316,26.50064],[88.83517,26.49672],[88.82682,26.49784],[88.82516,26.49645],[88.82152,26.49474],[88.82465,26.48952],[88.82457,26.48618]]]},"properties":{"District":"Jalpaiguri","Dist_LGD":"328","Sub_dist":"Maynaguri","Subdis_LGD":"2177","Subdis_Typ":"Cd_Block","Vill_name":"Bara Kamet","Vill_Cat":"Rural","Vill_LGD":"307560","arr_project":"asha1,asha2"}},
{"type":"Feature","geometry":{"type":"Polygon","coordinates":[[[88.80899,26.47674],[88.81734,26.46972],[88.81715,26.46609],[88.81979,26.46086],[88.82396,26.46141],[88.82476,26.4664],[88.82952,26.46705],[88.82997,26.46924],[88.82964,26.47178],[88.82388,26.4718],[88.82385,26.47599],[88.82779,26.4805],[88.82459,26.48113],[88.82457,26.48618],[88.82054,26.48893],[88.81422,26.48912],[88.80847,26.48835],[88.81165,26.48249],[88.8064,26.48216],[88.80716,26.47824],[88.80899,26.47674]]]},"properties":{"District":"Jalpaiguri","Dist_LGD":"328","Sub_dist":"Maynaguri","Subdis_LGD":"2177","Subdis_Typ":"Cd_Block","Vill_name":"Penchahahi","Vill_Cat":"Rural","Vill_LGD":"307561","arr_project":"asha1,asha2"}},
{"type":"Feature","geometry":{"type":"Polygon","coordinates":[[[88.84399,26.50045],[88.83975,26.49606],[88.83945,26.48789],[88.84331,26.48328],[88.84399,26.47876],[88.84854,26.4784],[88.84813,26.4749],[88.85455,26.47414],[88.85476,26.47565],[88.85449,26.47933],[88.85202,26.48291],[88.85755,26.48791],[88.8563,26.493],[88.86163,26.49253],[88.86105,26.49773],[88.86344,26.50012],[88.85762,26.50438],[88.85438,26.50811],[88.8602,26.51444],[88.85979,26.51483],[88.85655,26.51139],[88.85301,26.50937],[88.85382,26.50189],[88.85156,26.49939],[88.84399,26.50045]]]},"properties":{"District":"Jalpaiguri","Dist_LGD":"328","Sub_dist":"Maynaguri","Subdis_LGD":"2177","Subdis_Typ":"Cd_Block","Vill_name":"Paschim Harmati","Vill_Cat":"Rural","Vill_LGD":"307567","arr_project":"asha1,asha2"}},
{"type":"Feature","geometry":{"type":"Polygon","coordinates":[[[88.86344,26.50012],[88.86105,26.49773],[88.86163,26.49253],[88.8563,26.493],[88.85755,26.48791],[88.85202,26.48291],[88.85449,26.47933],[88.85476,26.47565],[88.85732,26.47845],[88.86269,26.47855],[88.86288,26.48161],[88.86876,26.48203],[88.87536,26.48345],[88.87704,26.48073],[88.88,26.47986],[88.87953,26.48345],[88.86886,26.49046],[88.86971,26.49831],[88.86854,26.49993],[88.86344,26.50012]]]},"properties":{"District":"Jalpaiguri","Dist_LGD":"328","Sub_dist":"Maynaguri","Subdis_LGD":"2177","Subdis_Typ":"Cd_Block","Vill_name":"Purbba Harmati","Vill_Cat":"Rural","Vill_LGD":"307566","arr_project":"asha1,asha2"}},
{"type":"Feature","geometry":{"type":"Polygon","coordinates":[[[88.86604,26.45397],[88.86777,26.45051],[88.86743,26.44559],[88.87261,26.44501],[88.87646,26.44668],[88.87712,26.44371],[88.88115,26.44367],[88.88388,26.45057],[88.88769,26.45071],[88.88716,26.45745],[88.88928,26.46062],[88.88858,26.46481],[88.88485,26.46629],[88.88281,26.46469],[88.8734,26.46353],[88.87205,26.46084],[88.86761,26.46021],[88.86915,26.45676],[88.86604,26.45397]]]},"properties":{"District":"Jalpaiguri","Dist_LGD":"328","Sub_dist":"Maynaguri","Subdis_LGD":"2177","Subdis_Typ":"Cd_Block","Vill_name":"Paharpur","Vill_Cat":"Rural","Vill_LGD":"307591","arr_project":"asha1,asha2"}},
{"type":"Feature","geometry":{"type":"Polygon","coordinates":[[[88.84505,26.46146],[88.84069,26.4614],[88.84034,26.4588],[88.84431,26.45812],[88.84489,26.45322],[88.84694,26.44912],[88.84874,26.44227],[88.85648,26.44215],[88.86818,26.44084],[88.86743,26.44559],[88.86777,26.45051],[88.86604,26.45397],[88.85912,26.45534],[88.85584,26.45823],[88.85534,26.46103],[88.84989,26.46232],[88.84505,26.46146]]]},"properties":{"District":"Jalpaiguri","Dist_LGD":"328","Sub_dist":"Maynaguri","Subdis_LGD":"2177","Subdis_Typ":"Cd_Block","Vill_name":"Khaer Khal","Vill_Cat":"Rural","Vill_LGD":"307563","arr_project":"asha1,asha2"}},
{"type":"Feature","geometry":{"type":"Polygon","coordinates":[[[88.81979,26.46086],[88.82057,26.45942],[88.81792,26.45216],[88.81437,26.45203],[88.81416,26.44401],[88.81125,26.44287],[88.81418,26.43175],[88.81157,26.43094],[88.81412,26.4273],[88.80936,26.42588],[88.81149,26.42549],[88.82282,26.41854],[88.82758,26.41469],[88.83267,26.40947],[88.83857,26.41382],[88.84038,26.4189],[88.84452,26.41926],[88.84745,26.42202],[88.84814,26.42591],[88.84612,26.42961],[88.84642,26.43386],[88.84361,26.43515],[88.84335,26.43869],[88.85005,26.43901],[88.84874,26.44227],[88.84694,26.44912],[88.84489,26.45322],[88.84431,26.45812],[88.84034,26.4588],[88.84069,26.4614],[88.84505,26.46146],[88.84335,26.46665],[88.83972,26.46579],[88.83786,26.46914],[88.82997,26.46924],[88.82952,26.46705],[88.82476,26.4664],[88.82396,26.46141],[88.81979,26.46086]]]},"properties":{"District":"Jalpaiguri","Dist_LGD":"328","Sub_dist":"Maynaguri","Subdis_LGD":"2177","Subdis_Typ":"Cd_Block","Vill_name":"Padamati","Vill_Cat":"Rural","Vill_LGD":"307562","arr_project":"asha1,asha2"}},
{"type":"Feature","geometry":{"type":"Polygon","coordinates":[[[88.88115,26.44367],[88.87712,26.44371],[88.87646,26.44668],[88.87261,26.44501],[88.86743,26.44559],[88.86818,26.44084],[88.85648,26.44215],[88.84874,26.44227],[88.85005,26.43901],[88.84335,26.43869],[88.84361,26.43515],[88.84642,26.43386],[88.84612,26.42961],[88.84814,26.42591],[88.84745,26.42202],[88.84452,26.41926],[88.84038,26.4189],[88.83857,26.41382],[88.83267,26.40947],[88.84039,26.39671],[88.84583,26.39102],[88.8477,26.38752],[88.85061,26.38512],[88.85315,26.38642],[88.85248,26.39002],[88.85448,26.3936],[88.86188,26.39371],[88.86492,26.39224],[88.86781,26.39361],[88.86985,26.39936],[88.87981,26.40475],[88.88163,26.40847],[88.88462,26.42133],[88.88366,26.42556],[88.8869,26.42621],[88.88825,26.42974],[88.88713,26.43172],[88.88194,26.43837],[88.88115,26.44367]]]},"properties":{"District":"Jalpaiguri","Dist_LGD":"328","Sub_dist":"Maynaguri","Subdis_LGD":"2177","Subdis_Typ":"Cd_Block","Vill_name":"Baikur Gourgram","Vill_Cat":"Rural","Vill_LGD":"307592","arr_project":"asha1,asha2"}},
{"type":"Feature","geometry":{"type":"Polygon","coordinates":[[[88.85389,26.73873],[88.84913,26.74297],[88.84662,26.7429],[88.84501,26.73933],[88.84783,26.73785],[88.85007,26.73456],[88.84862,26.7311],[88.85192,26.72984],[88.85125,26.72729],[88.84595,26.7291],[88.84639,26.71928],[88.84185,26.71778],[88.84128,26.72281],[88.83894,26.72279],[88.83527,26.71828],[88.83504,26.71621],[88.82828,26.71008],[88.82786,26.70971],[88.82855,26.704],[88.83288,26.70332],[88.83298,26.70129],[88.83767,26.69963],[88.84017,26.70478],[88.84739,26.70356],[88.84948,26.72031],[88.85425,26.71229],[88.85396,26.71783],[88.85593,26.72296],[88.85745,26.73206],[88.8566,26.73667],[88.85389,26.73873]]]},"properties":{"District":"Jalpaiguri","Dist_LGD":"328","Sub_dist":"Maynaguri","Subdis_LGD":"2177","Subdis_Typ":"Cd_Block","Vill_name":"Ramsai","Vill_Cat":"Rural","Vill_LGD":"307515","arr_project":"asha1,asha2"}},
{"type":"Feature","geometry":{"type":"Polygon","coordinates":[[[88.85822,26.55888],[88.85801,26.55581],[88.86188,26.55519],[88.86193,26.55263],[88.85724,26.5472],[88.85715,26.54434],[88.85993,26.54252],[88.85925,26.53406],[88.86433,26.53468],[88.86811,26.53299],[88.86909,26.53419],[88.87827,26.53367],[88.87443,26.53766],[88.87045,26.54341],[88.87216,26.54599],[88.87684,26.5475],[88.87776,26.55157],[88.88363,26.55271],[88.88391,26.55454],[88.87642,26.55542],[88.87031,26.55909],[88.86413,26.55778],[88.85822,26.55888]]]},"properties":{"District":"Jalpaiguri","Dist_LGD":"328","Sub_dist":"Maynaguri","Subdis_LGD":"2177","Subdis_Typ":"Cd_Block","Vill_name":"Basilardanga","Vill_Cat":"Rural","Vill_LGD":"307573","arr_project":"asha1,asha2"}},
{"type":"Feature","geometry":{"type":"Polygon","coordinates":[[[89.05546,26.86893],[89.05673,26.87912],[89.05675,26.88525],[89.05777,26.8887],[89.04733,26.88596],[89.04409,26.88112],[89.04284,26.87187],[89.03859,26.87146],[89.03808,26.86583],[89.03324,26.86368],[89.03298,26.84976],[89.05265,26.84926],[89.05372,26.86363],[89.05546,26.86893]]]},"properties":{"District":"Jalpaiguri","Dist_LGD":"328","Sub_dist":"Banarhat","Subdis_LGD":"02176N004","Subdis_Typ":"Cd_Block","Vill_name":"Ambari Tea Garden (D)","Vill_Cat":"Rural","Vill_LGD":"307405","arr_project":"asha1,asha2"}},
{"type":"Feature","geometry":{"type":"Polygon","coordinates":[[[89.0762,26.55158],[89.0794,26.55606],[89.07579,26.55913],[89.07737,26.5657],[89.07631,26.56788],[89.07276,26.56745],[89.06926,26.5654],[89.06831,26.56538],[89.06315,26.56236],[89.06207,26.55887],[89.06569,26.56023],[89.06916,26.55584],[89.06788,26.55062],[89.06886,26.54844],[89.06948,26.54657],[89.066,26.53873],[89.06815,26.53729],[89.07372,26.53709],[89.07911,26.53188],[89.08503,26.53086],[89.08471,26.52629],[89.08718,26.52483],[89.09092,26.52653],[89.08551,26.52821],[89.08568,26.53226],[89.08629,26.53809],[89.08784,26.54134],[89.08215,26.5438],[89.06984,26.54528],[89.07238,26.54854],[89.07523,26.54913],[89.0762,26.55158]]]},"properties":{"District":"Jalpaiguri","Dist_LGD":"328","Sub_dist":"Dhupguri","Subdis_LGD":"2176","Subdis_Typ":"Cd_Block","Vill_name":"Paschim Salbari","Vill_Cat":"Rural","Vill_LGD":"307500","arr_project":"asha1,asha2"}},
{"type":"Feature","geometry":{"type":"Polygon","coordinates":[[[88.97519,26.80802],[88.96954,26.80887],[88.97086,26.8175],[88.97448,26.81735],[88.97631,26.82076],[88.97146,26.82244],[88.96988,26.82068],[88.96477,26.81983],[88.964,26.81576],[88.95881,26.81004],[88.95713,26.80607],[88.95885,26.80086],[88.959,26.79699],[88.95707,26.79401],[88.96475,26.79429],[88.97028,26.80274],[88.97421,26.8055],[88.97519,26.80802]]]},"properties":{"District":"Jalpaiguri","Dist_LGD":"328","Sub_dist":"Banarhat","Subdis_LGD":"02176N004","Subdis_Typ":"Cd_Block","Vill_name":"Jalapara (D)","Vill_Cat":"Rural","Vill_LGD":"307426","arr_project":"asha1,asha2"}},
{"type":"Feature","geometry":{"type":"Polygon","coordinates":[[[89.05546,26.86893],[89.06411,26.86779],[89.07065,26.86567],[89.07381,26.86296],[89.08372,26.86268],[89.08555,26.86852],[89.09517,26.86995],[89.09237,26.87262],[89.09555,26.8917],[89.08436,26.89546],[89.08099,26.89542],[89.06907,26.89294],[89.0636,26.89011],[89.05777,26.8887],[89.05675,26.88525],[89.05673,26.87912],[89.05546,26.86893]]]},"properties":{"District":"Jalpaiguri","Dist_LGD":"328","Sub_dist":"Banarhat","Subdis_LGD":"02176N004","Subdis_Typ":"Cd_Block","Vill_name":"Chamurchi Tea Garden (D) (Ct)","Vill_Cat":"Rural","Vill_LGD":"307406","arr_project":"asha1,asha2"}},
{"type":"Feature","geometry":{"type":"Polygon","coordinates":[[[89.1018,26.84785],[89.10399,26.85687],[89.1061,26.86038],[89.1031,26.86244],[89.09517,26.86995],[89.08555,26.86852],[89.08372,26.86268],[89.07381,26.86296],[89.07065,26.86567],[89.06411,26.86779],[89.05546,26.86893],[89.05372,26.86363],[89.05265,26.84926],[89.05895,26.84942],[89.07384,26.84876],[89.1018,26.84785]]]},"properties":{"District":"Jalpaiguri","Dist_LGD":"328","Sub_dist":"Banarhat","Subdis_LGD":"02176N004","Subdis_Typ":"Cd_Block","Vill_name":"Chuna Bhati Tea Garden (D)","Vill_Cat":"Rural","Vill_LGD":"307407","arr_project":"asha1,asha2"}},
{"type":"Feature","geometry":{"type":"Polygon","coordinates":[[[89.03853,26.7488],[89.03488,26.75246],[89.03197,26.75949],[89.03125,26.76334],[89.03792,26.76277],[89.03867,26.7789],[89.01669,26.7793],[88.99765,26.77899],[88.99902,26.7776],[89.00025,26.77043],[89.00044,26.76416],[89.01573,26.76398],[89.02798,26.76347],[89.02739,26.75297],[89.02834,26.74962],[89.03853,26.7488]]]},"properties":{"District":"Jalpaiguri","Dist_LGD":"328","Sub_dist":"Banarhat","Subdis_LGD":"02176N004","Subdis_Typ":"Cd_Block","Vill_name":"Maraghat Tea Garden (D)","Vill_Cat":"Rural","Vill_LGD":"307418","arr_project":"asha1,asha2"}},
{"type":"Feature","geometry":{"type":"Polygon","coordinates":[[[89.08089,26.77579],[89.07594,26.77807],[89.06764,26.77828],[89.05674,26.77767],[89.04184,26.77882],[89.03867,26.7789],[89.03792,26.76277],[89.03125,26.76334],[89.03197,26.75949],[89.03488,26.75246],[89.03853,26.7488],[89.04869,26.74818],[89.04784,26.73438],[89.06992,26.73339],[89.07306,26.74423],[89.07641,26.74358],[89.08133,26.7477],[89.07449,26.75959],[89.07783,26.76535],[89.08089,26.77579]]]},"properties":{"District":"Jalpaiguri","Dist_LGD":"328","Sub_dist":"Banarhat","Subdis_LGD":"02176N004","Subdis_Typ":"Cd_Block","Vill_name":"Binaguri Tea Garden   (D)","Vill_Cat":"Rural","Vill_LGD":"307420","arr_project":"asha1,asha2"}},
{"type":"Feature","geometry":{"type":"Polygon","coordinates":[[[89.00312,26.7216],[89.00452,26.71993],[89.00566,26.71202],[89.00787,26.70983],[89.00572,26.7019],[89.00106,26.69784],[89.00008,26.69301],[89.00328,26.69155],[89.00385,26.68854],[89.00225,26.686],[89.005,26.67124],[89.00896,26.66591],[89.00855,26.66153],[89.01218,26.66081],[89.01373,26.65655],[89.01755,26.65265],[89.0182,26.65587],[89.01634,26.66125],[89.01812,26.66277],[89.02006,26.66652],[89.0223,26.66703],[89.02346,26.67139],[89.02165,26.67789],[89.02345,26.67916],[89.02324,26.68548],[89.02068,26.69027],[89.02076,26.6948],[89.01484,26.69572],[89.01598,26.70167],[89.02367,26.70084],[89.02503,26.70585],[89.02477,26.71215],[89.02579,26.72009],[89.00312,26.7216]]]},"properties":{"District":"Jalpaiguri","Dist_LGD":"328","Sub_dist":"Banarhat","Subdis_LGD":"02176N004","Subdis_Typ":"Cd_Block","Vill_name":"Gayerkata Tea Garden (D)","Vill_Cat":"Rural","Vill_LGD":"307422","arr_project":"asha1,asha2"}},
{"type":"Feature","geometry":{"type":"Polygon","coordinates":[[[88.78208,26.6197],[88.77844,26.61597],[88.77482,26.61481],[88.77289,26.60334],[88.76995,26.60187],[88.77019,26.59829],[88.76855,26.59468],[88.76961,26.59182],[88.77284,26.59272],[88.77714,26.59172],[88.77678,26.59552],[88.78053,26.59438],[88.77707,26.59873],[88.78137,26.59942],[88.78743,26.59814],[88.79401,26.59793],[88.79584,26.59995],[88.79402,26.60698],[88.79745,26.61006],[88.79759,26.61365],[88.79045,26.6135],[88.78938,26.61689],[88.78286,26.61745],[88.78208,26.6197]]]},"properties":{"District":"Jalpaiguri","Dist_LGD":"328","Sub_dist":"Maynaguri","Subdis_LGD":"2177","Subdis_Typ":"Cd_Block","Vill_name":"Singimari","Vill_Cat":"Rural","Vill_LGD":"307544","arr_project":"asha1,asha2"}},
{"type":"Feature","geometry":{"type":"Polygon","coordinates":[[[88.83894,26.72279],[88.84128,26.72281],[88.84185,26.71778],[88.84639,26.71928],[88.84595,26.7291],[88.85125,26.72729],[88.85192,26.72984],[88.84862,26.7311],[88.85007,26.73456],[88.84783,26.73785],[88.84501,26.73933],[88.84002,26.72916],[88.83894,26.72279]]]},"properties":{"District":"Jalpaiguri","Dist_LGD":"328","Sub_dist":"Maynaguri","Subdis_LGD":"2177","Subdis_Typ":"Cd_Block","Vill_name":"Jadabpur Tea Garden","Vill_Cat":"Rural","Vill_LGD":"307516","arr_project":"asha1,asha2"}},
{"type":"Feature","geometry":{"type":"Polygon","coordinates":[[[88.76438,26.58686],[88.76171,26.58497],[88.75857,26.58593],[88.75469,26.59084],[88.75126,26.59292],[88.75097,26.59296],[88.75113,26.59274],[88.75869,26.58546],[88.76186,26.57918],[88.76292,26.57476],[88.7623,26.56848],[88.76062,26.56067],[88.76259,26.56153],[88.77273,26.56202],[88.77083,26.55687],[88.77673,26.55735],[88.7807,26.5564],[88.78303,26.55944],[88.78102,26.56127],[88.78303,26.56384],[88.78883,26.56251],[88.78904,26.57003],[88.7818,26.57183],[88.77072,26.56912],[88.76859,26.57194],[88.76414,26.57181],[88.76334,26.57483],[88.76749,26.5778],[88.77422,26.57707],[88.77487,26.58328],[88.77695,26.58739],[88.7719,26.58808],[88.76438,26.58686]]]},"properties":{"District":"Jalpaiguri","Dist_LGD":"328","Sub_dist":"Maynaguri","Subdis_LGD":"2177","Subdis_Typ":"Cd_Block","Vill_name":"Uttar Marichbari","Vill_Cat":"Rural","Vill_LGD":"307527","arr_project":"asha1,asha2"}},
{"type":"Feature","geometry":{"type":"Polygon","coordinates":[[[88.7803,26.62458],[88.77677,26.62783],[88.77569,26.63545],[88.76941,26.64406],[88.76099,26.64614],[88.75585,26.63792],[88.75426,26.63869],[88.74922,26.63521],[88.74988,26.63469],[88.75592,26.63071],[88.75393,26.62809],[88.75512,26.62409],[88.75815,26.62397],[88.76389,26.61974],[88.76597,26.61563],[88.76359,26.61319],[88.76606,26.61066],[88.76704,26.60533],[88.76383,26.60449],[88.76411,26.59885],[88.76673,26.59996],[88.77019,26.59829],[88.76995,26.60187],[88.77289,26.60334],[88.77482,26.61481],[88.77844,26.61597],[88.78208,26.6197],[88.77906,26.62115],[88.7803,26.62458]]]},"properties":{"District":"Jalpaiguri","Dist_LGD":"328","Sub_dist":"Maynaguri","Subdis_LGD":"2177","Subdis_Typ":"Cd_Block","Vill_name":"Baulbari","Vill_Cat":"Rural","Vill_LGD":"307523","arr_project":"asha1,asha2"}},
{"type":"Feature","geometry":{"type":"Polygon","coordinates":[[[88.79704,26.64886],[88.7927,26.65726],[88.79001,26.65381],[88.7861,26.65298],[88.78072,26.64969],[88.77379,26.64881],[88.77381,26.64441],[88.76941,26.64406],[88.77569,26.63545],[88.77677,26.62783],[88.7803,26.62458],[88.78719,26.62085],[88.78782,26.62528],[88.79211,26.62401],[88.7915,26.62032],[88.79329,26.61791],[88.7995,26.61918],[88.80107,26.62603],[88.79688,26.62874],[88.79242,26.63272],[88.79395,26.64202],[88.79864,26.6418],[88.79704,26.64886]]]},"properties":{"District":"Jalpaiguri","Dist_LGD":"328","Sub_dist":"Maynaguri","Subdis_LGD":"2177","Subdis_Typ":"Cd_Block","Vill_name":"Kumarpara","Vill_Cat":"Rural","Vill_LGD":"307522","arr_project":"asha1,asha2"}},
{"type":"Feature","geometry":{"type":"Polygon","coordinates":[[[88.80579,26.65838],[88.80602,26.6674],[88.80234,26.67004],[88.80202,26.67458],[88.79855,26.67897],[88.79454,26.67788],[88.78829,26.67857],[88.78785,26.67397],[88.78139,26.67491],[88.77914,26.6711],[88.78352,26.66677],[88.77964,26.65986],[88.78139,26.65655],[88.7861,26.65298],[88.79001,26.65381],[88.7927,26.65726],[88.79704,26.64886],[88.80098,26.64867],[88.8023,26.65481],[88.80579,26.65838]]]},"properties":{"District":"Jalpaiguri","Dist_LGD":"328","Sub_dist":"Maynaguri","Subdis_LGD":"2177","Subdis_Typ":"Cd_Block","Vill_name":"Chengmari","Vill_Cat":"Rural","Vill_LGD":"307521","arr_project":"asha1,asha2"}},
{"type":"Feature","geometry":{"type":"Polygon","coordinates":[[[88.8978,26.67824],[88.88868,26.6801],[88.88041,26.68018],[88.88625,26.66979],[88.88326,26.66924],[88.88405,26.66229],[88.88233,26.65903],[88.88453,26.6555],[88.88965,26.65689],[88.89279,26.65662],[88.89537,26.65442],[88.90052,26.65883],[88.89937,26.66107],[88.90093,26.66462],[88.89638,26.66666],[88.89534,26.67212],[88.89812,26.67212],[88.89988,26.67701],[88.8978,26.67824]]]},"properties":{"District":"Jalpaiguri","Dist_LGD":"328","Sub_dist":"Dhupguri","Subdis_LGD":"2176","Subdis_Typ":"Cd_Block","Vill_name":"Garialtari","Vill_Cat":"Rural","Vill_LGD":"307448","arr_project":"asha1,asha2"}},
{"type":"Feature","geometry":{"type":"Polygon","coordinates":[[[88.88613,26.70184],[88.88081,26.70169],[88.8798,26.69877],[88.8715,26.70303],[88.87277,26.70063],[88.87437,26.69596],[88.87667,26.69408],[88.87502,26.68678],[88.88159,26.68666],[88.87852,26.68089],[88.88041,26.68018],[88.88868,26.6801],[88.8978,26.67824],[88.89844,26.67872],[88.89717,26.68039],[88.89849,26.68845],[88.90255,26.68854],[88.90125,26.69524],[88.9038,26.69605],[88.89621,26.69567],[88.89374,26.69931],[88.89055,26.70114],[88.88613,26.70184]]]},"properties":{"District":"Jalpaiguri","Dist_LGD":"328","Sub_dist":"Banarhat","Subdis_LGD":"02176N004","Subdis_Typ":"Cd_Block","Vill_name":"Fataktari (D)","Vill_Cat":"Rural","Vill_LGD":"307438","arr_project":"asha1,asha2"}},
{"type":"Feature","geometry":{"type":"Polygon","coordinates":[[[88.89765,26.45945],[88.88858,26.46481],[88.88928,26.46062],[88.88716,26.45745],[88.88769,26.45071],[88.88388,26.45057],[88.88115,26.44367],[88.88194,26.43837],[88.88713,26.43172],[88.88986,26.43307],[88.88728,26.43819],[88.89567,26.43882],[88.89903,26.4383],[88.90298,26.44072],[88.90572,26.44491],[88.90871,26.45297],[88.90696,26.45798],[88.90059,26.45896],[88.90271,26.45322],[88.89954,26.45374],[88.89691,26.45706],[88.89765,26.45945]]]},"properties":{"District":"Jalpaiguri","Dist_LGD":"328","Sub_dist":"Maynaguri","Subdis_LGD":"2177","Subdis_Typ":"Cd_Block","Vill_name":"Brahmapur","Vill_Cat":"Rural","Vill_LGD":"307590","arr_project":"asha1,asha2"}},
{"type":"Feature","geometry":{"type":"Polygon","coordinates":[[[88.93022,26.85905],[88.9406,26.85656],[88.95297,26.85624],[88.9585,26.8568],[88.95947,26.86041],[88.96578,26.86201],[88.96897,26.86536],[88.97098,26.8698],[88.97216,26.87617],[88.9534,26.87813],[88.94448,26.87952],[88.94071,26.88711],[88.93352,26.89002],[88.9321,26.88463],[88.92803,26.87751],[88.92772,26.86934],[88.92543,26.86629],[88.92498,26.86073],[88.93022,26.85905]]]},"properties":{"District":"Jalpaiguri","Dist_LGD":"328","Sub_dist":"Nagrakata","Subdis_LGD":"2169","Subdis_Typ":"Cd_Block","Vill_name":"Grassmore Tea Garden","Vill_Cat":"Rural","Vill_LGD":"307036","arr_project":"asha1,asha2"}},
{"type":"Feature","geometry":{"type":"Polygon","coordinates":[[[88.90599,26.69999],[88.90409,26.7003],[88.90464,26.70664],[88.90395,26.70937],[88.90649,26.71117],[88.90712,26.71455],[88.90396,26.71604],[88.90221,26.71904],[88.90079,26.71918],[88.89476,26.71401],[88.89388,26.70832],[88.8949,26.70294],[88.88613,26.70184],[88.89055,26.70114],[88.89374,26.69931],[88.89621,26.69567],[88.9038,26.69605],[88.90599,26.69999]]]},"properties":{"District":"Jalpaiguri","Dist_LGD":"328","Sub_dist":"Banarhat","Subdis_LGD":"02176N004","Subdis_Typ":"Cd_Block","Vill_name":"Bhatiapara  (D)","Vill_Cat":"Rural","Vill_LGD":"307437","arr_project":"asha1,asha2"}},
{"type":"Feature","geometry":{"type":"Polygon","coordinates":[[[88.93471,26.71408],[88.92424,26.71395],[88.92367,26.71732],[88.91481,26.71666],[88.91526,26.71031],[88.91656,26.70557],[88.91792,26.7043],[88.92669,26.70566],[88.92933,26.70484],[88.9318,26.70434],[88.93527,26.70855],[88.93471,26.71408]]]},"properties":{"District":"Jalpaiguri","Dist_LGD":"328","Sub_dist":"Banarhat","Subdis_LGD":"02176N004","Subdis_Typ":"Cd_Block","Vill_name":"Uttar Jhor Altagram (D)","Vill_Cat":"Rural","Vill_LGD":"307435","arr_project":"asha1,asha2"}},
{"type":"Feature","geometry":{"type":"Polygon","coordinates":[[[88.88453,26.6555],[88.88082,26.66041],[88.87887,26.65899],[88.88299,26.65281],[88.87816,26.64866],[88.87708,26.64298],[88.87414,26.63783],[88.87744,26.63657],[88.88244,26.63724],[88.88315,26.63274],[88.88619,26.63058],[88.89063,26.63199],[88.89141,26.63387],[88.89631,26.63678],[88.89496,26.64089],[88.89177,26.64408],[88.89495,26.64678],[88.89625,26.65105],[88.89537,26.65442],[88.89279,26.65662],[88.88965,26.65689],[88.88453,26.6555]]]},"properties":{"District":"Jalpaiguri","Dist_LGD":"328","Sub_dist":"Dhupguri","Subdis_LGD":"2176","Subdis_Typ":"Cd_Block","Vill_name":"Chauhaddi","Vill_Cat":"Rural","Vill_LGD":"307450","arr_project":"asha1,asha2"}},
{"type":"Feature","geometry":{"type":"Polygon","coordinates":[[[88.50957,26.86551],[88.49758,26.87184],[88.49582,26.86541],[88.49733,26.8641],[88.49722,26.85234],[88.50238,26.84867],[88.50594,26.84903],[88.50914,26.84653],[88.51063,26.8409],[88.51226,26.83855],[88.51548,26.83835],[88.51904,26.84283],[88.52252,26.84438],[88.52364,26.84638],[88.51964,26.85028],[88.51513,26.85093],[88.51314,26.85527],[88.51346,26.86105],[88.50974,26.86227],[88.50957,26.86551]]]},"properties":{"District":"Jalpaiguri","Dist_LGD":"328","Sub_dist":"Mal","Subdis_LGD":"2167","Subdis_Typ":"Cd_Block","Vill_name":"Purbba Totgaon","Vill_Cat":"Rural","Vill_LGD":"306886","arr_project":"asha1,asha2"}},
{"type":"Feature","geometry":{"type":"Polygon","coordinates":[[[88.5485,26.83324],[88.54132,26.83941],[88.53783,26.84062],[88.53904,26.84622],[88.54284,26.85297],[88.54152,26.85468],[88.54291,26.85836],[88.5417,26.86299],[88.53887,26.86505],[88.54051,26.8634],[88.54047,26.85501],[88.53813,26.85077],[88.53504,26.84773],[88.53276,26.85004],[88.52695,26.85295],[88.52833,26.8586],[88.52445,26.85861],[88.52025,26.8561],[88.51346,26.86105],[88.51314,26.85527],[88.51513,26.85093],[88.51964,26.85028],[88.52364,26.84638],[88.52252,26.84438],[88.52548,26.84234],[88.52554,26.83809],[88.52853,26.835],[88.53679,26.83657],[88.54713,26.83087],[88.5485,26.83324]]]},"properties":{"District":"Jalpaiguri","Dist_LGD":"328","Sub_dist":"Mal","Subdis_LGD":"2167","Subdis_Typ":"Cd_Block","Vill_name":"Sundaribasti","Vill_Cat":"Rural","Vill_LGD":"306887","arr_project":"asha1,asha2"}},
{"type":"Feature","geometry":{"type":"Polygon","coordinates":[[[88.56558,26.85929],[88.56462,26.86398],[88.56527,26.87486],[88.56722,26.88117],[88.56544,26.88549],[88.56142,26.88266],[88.56252,26.87655],[88.56036,26.87144],[88.55785,26.86018],[88.55469,26.86069],[88.55243,26.85202],[88.54935,26.84371],[88.55306,26.84234],[88.55221,26.83853],[88.56107,26.83855],[88.56382,26.84549],[88.56558,26.85929]]]},"properties":{"District":"Jalpaiguri","Dist_LGD":"328","Sub_dist":"Mal","Subdis_LGD":"2167","Subdis_Typ":"Cd_Block","Vill_name":"Kalagaity","Vill_Cat":"Rural","Vill_LGD":"306890","arr_project":"asha1,asha2"}},
{"type":"Feature","geometry":{"type":"Polygon","coordinates":[[[88.58002,26.81648],[88.57551,26.81597],[88.57338,26.82161],[88.5684,26.82775],[88.56444,26.8277],[88.56164,26.8312],[88.56355,26.83464],[88.56107,26.83855],[88.55221,26.83853],[88.5485,26.83324],[88.54713,26.83087],[88.55039,26.82735],[88.5493,26.81834],[88.54309,26.81017],[88.54577,26.80546],[88.55315,26.79917],[88.55958,26.79795],[88.5678,26.79422],[88.57076,26.79815],[88.57124,26.80409],[88.57695,26.80928],[88.57919,26.81318],[88.58002,26.81648]]]},"properties":{"District":"Jalpaiguri","Dist_LGD":"328","Sub_dist":"Mal","Subdis_LGD":"2167","Subdis_Typ":"Cd_Block","Vill_name":"Saogaon","Vill_Cat":"Rural","Vill_LGD":"306892","arr_project":"asha1,asha2"}},
{"type":"Feature","geometry":{"type":"Polygon","coordinates":[[[88.60033,26.77404],[88.58767,26.77413],[88.5909,26.77073],[88.59178,26.76747],[88.59092,26.76152],[88.59348,26.75672],[88.59578,26.75463],[88.6001,26.7545],[88.60424,26.75628],[88.60714,26.75607],[88.60618,26.76043],[88.60784,26.76621],[88.60434,26.77108],[88.60033,26.77404]]]},"properties":{"District":"Jalpaiguri","Dist_LGD":"328","Sub_dist":"Mal","Subdis_LGD":"2167","Subdis_Typ":"Cd_Block","Vill_name":"Gojaldoba Tea Garden","Vill_Cat":"Rural","Vill_LGD":"306899","arr_project":"asha1,asha2"}},
{"type":"Feature","geometry":{"type":"Polygon","coordinates":[[[88.64814,26.896],[88.64711,26.8998],[88.64956,26.90336],[88.64965,26.90697],[88.6444,26.90684],[88.64167,26.90809],[88.63922,26.90577],[88.63466,26.90658],[88.63179,26.90596],[88.62112,26.90558],[88.61927,26.89961],[88.61533,26.89748],[88.61155,26.89169],[88.61439,26.89119],[88.61256,26.87878],[88.61841,26.87936],[88.61979,26.8906],[88.62722,26.8905],[88.62821,26.89392],[88.63422,26.89393],[88.63523,26.89755],[88.63867,26.89676],[88.63701,26.8903],[88.63997,26.89024],[88.64485,26.88711],[88.64814,26.896]]]},"properties":{"District":"Jalpaiguri","Dist_LGD":"328","Sub_dist":"Mal","Subdis_LGD":"2167","Subdis_Typ":"Cd_Block","Vill_name":"Manabari","Vill_Cat":"Rural","Vill_LGD":"306904","arr_project":"asha1,asha2"}},
{"type":"Feature","geometry":{"type":"Polygon","coordinates":[[[88.73371,26.866],[88.72658,26.86803],[88.72301,26.86754],[88.71606,26.86417],[88.72415,26.85421],[88.72836,26.85975],[88.72806,26.86438],[88.73016,26.86694],[88.73371,26.866]]]},"properties":{"District":"Jalpaiguri","Dist_LGD":"328","Sub_dist":"Mal","Subdis_LGD":"2167","Subdis_Typ":"Cd_Block","Vill_name":"Haihai Pathar Tea Garden I(P)","Vill_Cat":"Rural","Vill_LGD":"306925","arr_project":"asha1,asha2"}},
{"type":"Feature","geometry":{"type":"Polygon","coordinates":[[[88.71959,26.79135],[88.71793,26.79392],[88.71982,26.79568],[88.7193,26.80494],[88.72301,26.80353],[88.72263,26.79966],[88.73039,26.80037],[88.7287,26.8059],[88.73045,26.81478],[88.72865,26.81646],[88.73086,26.82081],[88.72592,26.82026],[88.72306,26.82229],[88.72368,26.82576],[88.72197,26.83077],[88.72117,26.83597],[88.71859,26.83618],[88.71576,26.83604],[88.71227,26.82776],[88.7178,26.8267],[88.71774,26.82463],[88.7142,26.82118],[88.71484,26.81598],[88.71793,26.8127],[88.71945,26.80576],[88.71605,26.80546],[88.71788,26.80323],[88.71501,26.79505],[88.71671,26.79075],[88.71959,26.79135]]]},"properties":{"District":"Jalpaiguri","Dist_LGD":"328","Sub_dist":"Mal","Subdis_LGD":"2167","Subdis_Typ":"Cd_Block","Vill_name":"Demkajhora","Vill_Cat":"Rural","Vill_LGD":"306929","arr_project":"asha1,asha2"}},
{"type":"Feature","geometry":{"type":"Polygon","coordinates":[[[88.63382,26.72035],[88.63447,26.7287],[88.63688,26.73716],[88.6336,26.73947],[88.6316,26.74492],[88.62532,26.74149],[88.62381,26.73614],[88.61866,26.73589],[88.61998,26.73106],[88.61691,26.72769],[88.62018,26.72201],[88.62214,26.72072],[88.62984,26.72139],[88.63382,26.72035]]]},"properties":{"District":"Jalpaiguri","Dist_LGD":"328","Sub_dist":"Kranti","Subdis_LGD":"02167N003","Subdis_Typ":"Cd_Block","Vill_name":"Sidabari","Vill_Cat":"Rural","Vill_LGD":"306944","arr_project":"asha1,asha2"}},
{"type":"Feature","geometry":{"type":"Polygon","coordinates":[[[88.65922,26.68084],[88.65786,26.67738],[88.65839,26.67099],[88.66147,26.66954],[88.66712,26.67036],[88.67473,26.67032],[88.67124,26.67751],[88.66984,26.68451],[88.67168,26.68616],[88.67567,26.68402],[88.67655,26.68735],[88.68093,26.68864],[88.68311,26.69502],[88.67955,26.69967],[88.67542,26.703],[88.67247,26.70368],[88.66715,26.69881],[88.66589,26.69495],[88.66805,26.694],[88.66807,26.68999],[88.66514,26.68977],[88.66387,26.6864],[88.66613,26.68241],[88.65922,26.68084]]]},"properties":{"District":"Jalpaiguri","Dist_LGD":"328","Sub_dist":"Kranti","Subdis_LGD":"02167N003","Subdis_Typ":"Cd_Block","Vill_name":"Purbba Dolaicaon","Vill_Cat":"Rural","Vill_LGD":"306950","arr_project":"asha1,asha2"}},
{"type":"Feature","geometry":{"type":"Polygon","coordinates":[[[88.67793,26.88708],[88.68164,26.88694],[88.68239,26.88978],[88.679,26.88982],[88.67793,26.88708]]]},"properties":{"District":"Jalpaiguri","Dist_LGD":"328","Sub_dist":"Mal","Subdis_LGD":"2167","Subdis_Typ":"Cd_Block","Vill_name":"Khas Jangal I","Vill_Cat":"Rural","Vill_LGD":"306914","arr_project":"asha1,asha2"}},
{"type":"Feature","geometry":{"type":"Polygon","coordinates":[[[88.67756,26.88],[88.67793,26.88708],[88.67455,26.88672],[88.67504,26.87952],[88.67756,26.88]]]},"properties":{"District":"Jalpaiguri","Dist_LGD":"328","Sub_dist":"Mal","Subdis_LGD":"2167","Subdis_Typ":"Cd_Block","Vill_name":"Khasjangal-Ii","Vill_Cat":"Rural","Vill_LGD":"306917","arr_project":"asha1,asha2"}},
{"type":"Feature","geometry":{"type":"Polygon","coordinates":[[[88.75572,26.68884],[88.76401,26.69126],[88.76472,26.6893],[88.76939,26.69],[88.77174,26.69634],[88.77172,26.70144],[88.75632,26.70368],[88.74698,26.70551],[88.74598,26.70135],[88.74259,26.70093],[88.73815,26.70331],[88.73451,26.70283],[88.73306,26.69953],[88.73688,26.69339],[88.73657,26.68777],[88.74557,26.6894],[88.75012,26.6866],[88.75572,26.68884]]]},"properties":{"District":"Jalpaiguri","Dist_LGD":"328","Sub_dist":"Kranti","Subdis_LGD":"02167N003","Subdis_Typ":"Cd_Block","Vill_name":"Uttar Matiali","Vill_Cat":"Rural","Vill_LGD":"306971","arr_project":"asha1,asha2"}},
{"type":"Feature","geometry":{"type":"Polygon","coordinates":[[[88.77757,26.66104],[88.77195,26.66153],[88.77058,26.65837],[88.76289,26.659],[88.76213,26.65808],[88.7526,26.65862],[88.7481,26.66011],[88.7431,26.65914],[88.74023,26.65698],[88.74477,26.65287],[88.7507,26.64779],[88.75567,26.64992],[88.75962,26.64832],[88.76099,26.64614],[88.76941,26.64406],[88.77381,26.64441],[88.77379,26.64881],[88.78072,26.64969],[88.7861,26.65298],[88.78139,26.65655],[88.77964,26.65986],[88.77757,26.66104]]]},"properties":{"District":"Jalpaiguri","Dist_LGD":"328","Sub_dist":"Kranti","Subdis_LGD":"02167N003","Subdis_Typ":"Cd_Block","Vill_name":"Dakshin Matiali","Vill_Cat":"Rural","Vill_LGD":"306985","arr_project":"asha1,asha2"}},
{"type":"Feature","geometry":{"type":"Polygon","coordinates":[[[89.04166,26.92225],[89.04062,26.92297],[89.02984,26.92314],[89.02142,26.94071],[89.00913,26.93304],[89.00856,26.93075],[89.00061,26.91806],[88.9988,26.91438],[88.98721,26.90405],[88.98376,26.89705],[88.98212,26.89196],[88.97688,26.8857],[88.97962,26.88447],[88.97848,26.88036],[88.97385,26.87078],[88.97799,26.86359],[88.98894,26.86511],[88.99512,26.86691],[89.0016,26.87083],[89.01732,26.8818],[89.02634,26.88974],[89.03098,26.89163],[89.03117,26.89616],[89.03313,26.90009],[89.03569,26.91851],[89.04166,26.92225]]]},"properties":{"District":"Jalpaiguri","Dist_LGD":"328","Sub_dist":"Nagrakata","Subdis_LGD":"2169","Subdis_Typ":"Cd_Block","Vill_name":"Chengmari Tea Garden","Vill_Cat":"Rural","Vill_LGD":"307035","arr_project":"asha1,asha2"}},
{"type":"Feature","geometry":{"type":"Polygon","coordinates":[[[88.80581,26.93046],[88.81098,26.92974],[88.80989,26.93706],[88.80463,26.93733],[88.80581,26.93046]]]},"properties":{"District":"Jalpaiguri","Dist_LGD":"328","Sub_dist":"Matiali","Subdis_LGD":"2168","Subdis_Typ":"Cd_Block","Vill_name":"Matialihat (Ct)","Vill_Cat":"Partly_Urban","Vill_LGD":"307019","arr_project":"asha1,asha2"}},
{"type":"Feature","geometry":{"type":"Polygon","coordinates":[[[88.81098,26.92974],[88.81657,26.92909],[88.81154,26.93673],[88.80989,26.93706],[88.81098,26.92974]]]},"properties":{"District":"Jalpaiguri","Dist_LGD":"328","Sub_dist":"Matiali","Subdis_LGD":"2168","Subdis_Typ":"Cd_Block","Vill_name":"Chhut","Vill_Cat":"Rural","Vill_LGD":"307001","arr_project":"asha1,asha2"}},
{"type":"Feature","geometry":{"type":"Polygon","coordinates":[[[88.78053,26.83181],[88.77889,26.82024],[88.78429,26.82045],[88.78641,26.82228],[88.78512,26.82802],[88.79029,26.83383],[88.78985,26.83882],[88.78562,26.8401],[88.78053,26.83181]]]},"properties":{"District":"Jalpaiguri","Dist_LGD":"328","Sub_dist":"Matiali","Subdis_LGD":"2168","Subdis_Typ":"Cd_Block","Vill_name":"Paschim Batabari","Vill_Cat":"Rural","Vill_LGD":"307011","arr_project":"asha1,asha2"}},
{"type":"Feature","geometry":{"type":"Polygon","coordinates":[[[88.74874,26.8548],[88.74523,26.85198],[88.74961,26.84624],[88.74761,26.84191],[88.75185,26.83861],[88.75195,26.83278],[88.75717,26.83208],[88.76767,26.83172],[88.76888,26.8296],[88.77311,26.83105],[88.78053,26.83181],[88.78562,26.8401],[88.78613,26.84304],[88.78291,26.84538],[88.78412,26.84767],[88.78035,26.85345],[88.77715,26.85455],[88.77443,26.85119],[88.76669,26.85344],[88.76322,26.85539],[88.75941,26.85472],[88.75465,26.85552],[88.75384,26.8524],[88.74874,26.8548]]]},"properties":{"District":"Jalpaiguri","Dist_LGD":"328","Sub_dist":"Matiali","Subdis_LGD":"2168","Subdis_Typ":"Cd_Block","Vill_name":"Salbari (Ct)","Vill_Cat":"Partly_Urban","Vill_LGD":"307008","arr_project":"asha1,asha2"}},
{"type":"Feature","geometry":{"type":"Polygon","coordinates":[[[88.74874,26.8548],[88.75384,26.8524],[88.75465,26.85552],[88.75941,26.85472],[88.76322,26.85539],[88.76669,26.85344],[88.77443,26.85119],[88.77715,26.85455],[88.77193,26.86017],[88.77101,26.86472],[88.77181,26.87132],[88.77561,26.8753],[88.77266,26.87995],[88.77075,26.88047],[88.76693,26.87262],[88.76204,26.8682],[88.76327,26.86475],[88.75965,26.86253],[88.75291,26.86398],[88.75093,26.86227],[88.74874,26.8548]]]},"properties":{"District":"Jalpaiguri","Dist_LGD":"328","Sub_dist":"Matiali","Subdis_LGD":"2168","Subdis_Typ":"Cd_Block","Vill_name":"Neora Majhiali (Ct)","Vill_Cat":"Partly_Urban","Vill_LGD":"307007","arr_project":"asha1,asha2"}},
{"type":"Feature","geometry":{"type":"Polygon","coordinates":[[[88.82689,26.88431],[88.81299,26.88555],[88.79539,26.88775],[88.79232,26.88093],[88.79237,26.87849],[88.80277,26.87767],[88.82134,26.87691],[88.82609,26.87629],[88.82689,26.88431]]]},"properties":{"District":"Jalpaiguri","Dist_LGD":"328","Sub_dist":"Matiali","Subdis_LGD":"2168","Subdis_Typ":"Cd_Block","Vill_name":"Chalsa Mahabari (Ct)","Vill_Cat":"Partly_Urban","Vill_LGD":"307020","arr_project":"asha1,asha2"}},
{"type":"Feature","geometry":{"type":"Polygon","coordinates":[[[88.80466,26.79662],[88.81102,26.80153],[88.82226,26.80021],[88.83053,26.80545],[88.83153,26.80778],[88.82896,26.81201],[88.8244,26.81683],[88.8249,26.82369],[88.81423,26.82469],[88.81402,26.81929],[88.81171,26.81306],[88.80714,26.80601],[88.8045,26.79855],[88.80466,26.79662]]]},"properties":{"District":"Jalpaiguri","Dist_LGD":"328","Sub_dist":"Matiali","Subdis_LGD":"2168","Subdis_Typ":"Cd_Block","Vill_name":"Dakshin Dhupjhora","Vill_Cat":"Rural","Vill_LGD":"307015","arr_project":"asha1,asha2"}},
{"type":"Feature","geometry":{"type":"Polygon","coordinates":[[[88.80183,26.79602],[88.79508,26.79664],[88.78658,26.78963],[88.77984,26.78953],[88.76217,26.79045],[88.7613,26.77788],[88.76725,26.77444],[88.76432,26.77192],[88.7563,26.76243],[88.75462,26.75824],[88.75902,26.75548],[88.75773,26.75318],[88.74943,26.75382],[88.74884,26.75209],[88.74997,26.75006],[88.75583,26.74961],[88.75594,26.74977],[88.76132,26.74858],[88.76213,26.74469],[88.75724,26.73875],[88.75659,26.73468],[88.7569,26.73211],[88.75695,26.73119],[88.76612,26.73089],[88.76633,26.72827],[88.77144,26.72962],[88.77228,26.7267],[88.77185,26.71779],[88.77008,26.71284],[88.7713,26.70784],[88.774,26.70253],[88.78497,26.69705],[88.79049,26.69792],[88.78644,26.69955],[88.78652,26.70181],[88.79217,26.70551],[88.78957,26.71344],[88.79034,26.71848],[88.7897,26.72212],[88.78533,26.72075],[88.78543,26.7252],[88.79359,26.74003],[88.79879,26.74047],[88.80076,26.74357],[88.80175,26.74877],[88.80459,26.75144],[88.80836,26.7625],[88.80958,26.76796],[88.80989,26.7753],[88.81286,26.78078],[88.82161,26.78682],[88.81332,26.79147],[88.80763,26.79211],[88.80325,26.79361],[88.80202,26.7955],[88.80183,26.79602]]]},"properties":{"District":"Jalpaiguri","Dist_LGD":"328","Sub_dist":"Matiali","Subdis_LGD":"2168","Subdis_Typ":"Cd_Block","Vill_name":"Nimna Tandu Forest","Vill_Cat":"Rural","Vill_LGD":"307018","arr_project":"asha1,asha2"}},
{"type":"Feature","geometry":{"type":"Polygon","coordinates":[[[88.98132,26.91764],[88.98023,26.9172],[88.96961,26.92214],[88.9652,26.91787],[88.9618,26.91207],[88.96116,26.90904],[88.95548,26.90056],[88.9526,26.89797],[88.95154,26.89266],[88.94071,26.88711],[88.94448,26.87952],[88.9534,26.87813],[88.97216,26.87617],[88.97376,26.8872],[88.97259,26.89042],[88.97328,26.89619],[88.9787,26.90517],[88.97977,26.91433],[88.98132,26.91764]]]},"properties":{"District":"Jalpaiguri","Dist_LGD":"328","Sub_dist":"Nagrakata","Subdis_LGD":"2169","Subdis_Typ":"Cd_Block","Vill_name":"Luksan Tea Garden","Vill_Cat":"Rural","Vill_LGD":"307033","arr_project":"asha1,asha2"}},
{"type":"Feature","geometry":{"type":"Polygon","coordinates":[[[88.98132,26.91764],[88.97977,26.91433],[88.9787,26.90517],[88.97328,26.89619],[88.97259,26.89042],[88.97376,26.8872],[88.97216,26.87617],[88.97688,26.8857],[88.98212,26.89196],[88.98376,26.89705],[88.98721,26.90405],[88.9988,26.91438],[89.00061,26.91806],[89.00856,26.93075],[89.00913,26.93304],[88.99122,26.92166],[88.98132,26.91764]]]},"properties":{"District":"Jalpaiguri","Dist_LGD":"328","Sub_dist":"Nagrakata","Subdis_LGD":"2169","Subdis_Typ":"Cd_Block","Vill_name":"Carron Tea Garden","Vill_Cat":"Rural","Vill_LGD":"307034","arr_project":"asha1,asha2"}},
{"type":"Feature","geometry":{"type":"Polygon","coordinates":[[[88.96944,26.82938],[88.96373,26.82733],[88.96192,26.82971],[88.95595,26.82891],[88.95313,26.83084],[88.94947,26.8308],[88.94486,26.8274],[88.93868,26.82561],[88.93287,26.81318],[88.93471,26.81027],[88.93546,26.8149],[88.94102,26.81787],[88.94637,26.81579],[88.94787,26.8171],[88.95315,26.81414],[88.95774,26.81337],[88.95881,26.81004],[88.964,26.81576],[88.96477,26.81983],[88.96841,26.82265],[88.96944,26.82938]]]},"properties":{"District":"Jalpaiguri","Dist_LGD":"328","Sub_dist":"Nagrakata","Subdis_LGD":"2169","Subdis_Typ":"Cd_Block","Vill_name":"Upper Kalabari(N)","Vill_Cat":"Rural","Vill_LGD":"307051","arr_project":"asha1,asha2"}},
{"type":"Feature","geometry":{"type":"Polygon","coordinates":[[[88.90454,26.83058],[88.91164,26.83548],[88.91919,26.8348],[88.92312,26.83647],[88.92416,26.83932],[88.93078,26.84526],[88.92842,26.84766],[88.93022,26.85905],[88.92498,26.86073],[88.92296,26.85764],[88.91884,26.85712],[88.91734,26.8538],[88.91263,26.85491],[88.91031,26.84625],[88.9086,26.84405],[88.9108,26.83755],[88.90454,26.83058]]]},"properties":{"District":"Jalpaiguri","Dist_LGD":"328","Sub_dist":"Nagrakata","Subdis_LGD":"2169","Subdis_Typ":"Cd_Block","Vill_name":"Chhar Tandu","Vill_Cat":"Rural","Vill_LGD":"307038","arr_project":"asha1,asha2"}},
{"type":"Feature","geometry":{"type":"Polygon","coordinates":[[[88.93078,26.84526],[88.93981,26.8455],[88.94467,26.84661],[88.95096,26.84992],[88.95561,26.85382],[88.9601,26.85559],[88.96578,26.86201],[88.95947,26.86041],[88.9585,26.8568],[88.95297,26.85624],[88.9406,26.85656],[88.93022,26.85905],[88.92842,26.84766],[88.93078,26.84526]]]},"properties":{"District":"Jalpaiguri","Dist_LGD":"328","Sub_dist":"Nagrakata","Subdis_LGD":"2169","Subdis_Typ":"Cd_Block","Vill_name":"Ghasmari","Vill_Cat":"Rural","Vill_LGD":"307037","arr_project":"asha1,asha2"}},
{"type":"Feature","geometry":{"type":"Polygon","coordinates":[[[88.88507,26.82148],[88.88339,26.81345],[88.88,26.80385],[88.87892,26.79448],[88.88237,26.79961],[88.88688,26.80469],[88.89052,26.80354],[88.89526,26.80176],[88.89912,26.80469],[88.89889,26.81443],[88.89819,26.81637],[88.8951,26.81856],[88.89528,26.82095],[88.89069,26.82185],[88.88507,26.82148]]]},"properties":{"District":"Jalpaiguri","Dist_LGD":"328","Sub_dist":"Nagrakata","Subdis_LGD":"2169","Subdis_Typ":"Cd_Block","Vill_name":"Tandu","Vill_Cat":"Rural","Vill_LGD":"307041","arr_project":"asha1,asha2"}},
{"type":"Feature","geometry":{"type":"Polygon","coordinates":[[[88.95881,26.81004],[88.95774,26.81337],[88.95315,26.81414],[88.94787,26.8171],[88.94637,26.81579],[88.94102,26.81787],[88.93546,26.8149],[88.93471,26.81027],[88.93513,26.8062],[88.93968,26.80481],[88.93764,26.79797],[88.93738,26.79426],[88.94068,26.79319],[88.94658,26.795],[88.95518,26.79486],[88.95548,26.79234],[88.95707,26.79401],[88.959,26.79699],[88.95885,26.80086],[88.95713,26.80607],[88.95881,26.81004]]]},"properties":{"District":"Jalpaiguri","Dist_LGD":"328","Sub_dist":"Nagrakata","Subdis_LGD":"2169","Subdis_Typ":"Cd_Block","Vill_name":"Hridaypur (N)","Vill_Cat":"Rural","Vill_LGD":"307052","arr_project":"asha1,asha2"}},
{"type":"Feature","geometry":{"type":"Polygon","coordinates":[[[88.91055,26.7752],[88.91197,26.77918],[88.92532,26.77899],[88.92837,26.7824],[88.93071,26.78946],[88.9317,26.7956],[88.93738,26.79426],[88.93764,26.79797],[88.93968,26.80481],[88.93513,26.8062],[88.93471,26.81027],[88.93287,26.81318],[88.92788,26.80642],[88.92026,26.80704],[88.91699,26.80464],[88.91406,26.805],[88.90912,26.79985],[88.90688,26.79606],[88.90694,26.78393],[88.90645,26.77702],[88.91055,26.7752]]]},"properties":{"District":"Jalpaiguri","Dist_LGD":"328","Sub_dist":"Nagrakata","Subdis_LGD":"2169","Subdis_Typ":"Cd_Block","Vill_name":"Kalabari (N)","Vill_Cat":"Rural","Vill_LGD":"307050","arr_project":"asha1,asha2"}},
{"type":"Feature","geometry":{"type":"Polygon","coordinates":[[[88.89952,26.7385],[88.90431,26.73664],[88.90595,26.73984],[88.90945,26.73572],[88.91279,26.73717],[88.92083,26.73747],[88.92129,26.73593],[88.92203,26.74142],[88.91668,26.74832],[88.91811,26.75171],[88.91724,26.7613],[88.91867,26.76362],[88.91043,26.7644],[88.91055,26.7752],[88.90645,26.77702],[88.90487,26.76245],[88.90359,26.75835],[88.9044,26.74984],[88.89892,26.74396],[88.89952,26.7385]]]},"properties":{"District":"Jalpaiguri","Dist_LGD":"328","Sub_dist":"Nagrakata","Subdis_LGD":"2169","Subdis_Typ":"Cd_Block","Vill_name":"Dhumpara (N)","Vill_Cat":"Rural","Vill_LGD":"307048","arr_project":"asha1,asha2"}},
{"type":"Feature","geometry":{"type":"Polygon","coordinates":[[[88.90221,26.71904],[88.90469,26.72131],[88.90959,26.71937],[88.91223,26.71927],[88.91802,26.72348],[88.91924,26.72683],[88.9178,26.73045],[88.92129,26.73593],[88.92083,26.73747],[88.91279,26.73717],[88.90945,26.73572],[88.90595,26.73984],[88.90431,26.73664],[88.89952,26.7385],[88.8989,26.73576],[88.89924,26.72664],[88.89946,26.72163],[88.90079,26.71918],[88.90221,26.71904]]]},"properties":{"District":"Jalpaiguri","Dist_LGD":"328","Sub_dist":"Nagrakata","Subdis_LGD":"2169","Subdis_Typ":"Cd_Block","Vill_name":"Khayerkata (N)","Vill_Cat":"Rural","Vill_LGD":"307047","arr_project":"asha1,asha2"}},
{"type":"Feature","geometry":{"type":"Polygon","coordinates":[[[88.76647,26.96906],[88.76202,26.96894],[88.75756,26.96497],[88.75598,26.96124],[88.75716,26.95485],[88.76857,26.95335],[88.76823,26.96666],[88.76647,26.96906]]]},"properties":{"District":"Jalpaiguri","Dist_LGD":"328","Sub_dist":"Matiali","Subdis_LGD":"2168","Subdis_Typ":"Cd_Block","Vill_name":"Engo Tea Garden","Vill_Cat":"Rural","Vill_LGD":"306991","arr_project":"asha1,asha2"}},
{"type":"Feature","geometry":{"type":"Polygon","coordinates":[[[88.76857,26.95335],[88.75716,26.95485],[88.75706,26.95101],[88.75947,26.9304],[88.75921,26.92588],[88.75973,26.91767],[88.76193,26.91249],[88.76696,26.91342],[88.77066,26.918],[88.77413,26.93218],[88.77894,26.93539],[88.78676,26.93816],[88.78898,26.94142],[88.78543,26.94492],[88.78116,26.94749],[88.78062,26.95186],[88.76857,26.95335]]]},"properties":{"District":"Jalpaiguri","Dist_LGD":"328","Sub_dist":"Matiali","Subdis_LGD":"2168","Subdis_Typ":"Cd_Block","Vill_name":"Juranti Tea Garden","Vill_Cat":"Rural","Vill_LGD":"306992","arr_project":"asha1,asha2"}},
{"type":"Feature","geometry":{"type":"Polygon","coordinates":[[[88.77066,26.918],[88.79512,26.91603],[88.80432,26.91563],[88.80592,26.91795],[88.80422,26.92536],[88.80581,26.93046],[88.80463,26.93733],[88.80572,26.94502],[88.80677,26.94657],[88.80453,26.95168],[88.78062,26.95186],[88.78116,26.94749],[88.78543,26.94492],[88.78898,26.94142],[88.78676,26.93816],[88.77894,26.93539],[88.77413,26.93218],[88.77066,26.918]]]},"properties":{"District":"Jalpaiguri","Dist_LGD":"328","Sub_dist":"Matiali","Subdis_LGD":"2168","Subdis_Typ":"Cd_Block","Vill_name":"Nagaisuri Tea Garden","Vill_Cat":"Rural","Vill_LGD":"306996","arr_project":"asha1,asha2"}},
{"type":"Feature","geometry":{"type":"Polygon","coordinates":[[[88.81657,26.92909],[88.84704,26.9263],[88.85152,26.92431],[88.85828,26.92686],[88.86003,26.9299],[88.85876,26.9336],[88.86375,26.9418],[88.84903,26.94279],[88.84525,26.94348],[88.83162,26.9443],[88.8333,26.93504],[88.81154,26.93673],[88.81657,26.92909]]]},"properties":{"District":"Jalpaiguri","Dist_LGD":"328","Sub_dist":"Matiali","Subdis_LGD":"2168","Subdis_Typ":"Cd_Block","Vill_name":"Chalsa Tea Garden","Vill_Cat":"Rural","Vill_LGD":"307002","arr_project":"asha1,asha2"}},
{"type":"Feature","geometry":{"type":"Polygon","coordinates":[[[88.76193,26.91249],[88.75973,26.91767],[88.75921,26.92588],[88.74158,26.92604],[88.73795,26.91833],[88.73791,26.91377],[88.73903,26.90947],[88.75194,26.90843],[88.75336,26.90562],[88.76238,26.904],[88.76277,26.90945],[88.76193,26.91249]]]},"properties":{"District":"Jalpaiguri","Dist_LGD":"328","Sub_dist":"Matiali","Subdis_LGD":"2168","Subdis_Typ":"Cd_Block","Vill_name":"Nakhati Tea Garden","Vill_Cat":"Rural","Vill_LGD":"306993","arr_project":"asha1,asha2"}},
{"type":"Feature","geometry":{"type":"Polygon","coordinates":[[[88.76834,26.89929],[88.7818,26.89777],[88.79591,26.89786],[88.80053,26.89717],[88.80132,26.89838],[88.79885,26.90445],[88.80512,26.90804],[88.80297,26.91231],[88.80432,26.91563],[88.79512,26.91603],[88.77066,26.918],[88.76696,26.91342],[88.76193,26.91249],[88.76277,26.90945],[88.76238,26.904],[88.76834,26.89929]]]},"properties":{"District":"Jalpaiguri","Dist_LGD":"328","Sub_dist":"Matiali","Subdis_LGD":"2168","Subdis_Typ":"Cd_Block","Vill_name":"Aibhil Tea Garden","Vill_Cat":"Rural","Vill_LGD":"306995","arr_project":"asha1,asha2"}},
{"type":"Feature","geometry":{"type":"Polygon","coordinates":[[[88.6721,26.74938],[88.67912,26.75103],[88.67989,26.7532],[88.69764,26.75345],[88.69797,26.75402],[88.69223,26.76723],[88.69441,26.77027],[88.69186,26.77374],[88.69092,26.77252],[88.68452,26.77433],[88.68278,26.77158],[88.67699,26.77273],[88.67603,26.76937],[88.67673,26.76484],[88.67306,26.76225],[88.67455,26.75768],[88.67265,26.75458],[88.6721,26.74938]]]},"properties":{"District":"Jalpaiguri","Dist_LGD":"328","Sub_dist":"Kranti","Subdis_LGD":"02167N003","Subdis_Typ":"Cd_Block","Vill_name":"Anandapur","Vill_Cat":"Rural","Vill_LGD":"306939","arr_project":"asha1,asha2"}},
{"type":"Feature","geometry":{"type":"Polygon","coordinates":[[[88.68452,26.77433],[88.67963,26.77577],[88.67672,26.7733],[88.67367,26.76955],[88.66427,26.7692],[88.65989,26.7682],[88.6593,26.76132],[88.66052,26.75449],[88.66878,26.75484],[88.66884,26.75022],[88.66062,26.75019],[88.66186,26.74806],[88.66788,26.74724],[88.6682,26.74302],[88.67381,26.74091],[88.67618,26.73636],[88.67681,26.73844],[88.67499,26.74023],[88.67568,26.7436],[88.67239,26.74365],[88.67107,26.74672],[88.6721,26.74938],[88.67265,26.75458],[88.67455,26.75768],[88.67306,26.76225],[88.67673,26.76484],[88.67603,26.76937],[88.67699,26.77273],[88.68278,26.77158],[88.68452,26.77433]]]},"properties":{"District":"Jalpaiguri","Dist_LGD":"328","Sub_dist":"Kranti","Subdis_LGD":"02167N003","Subdis_Typ":"Cd_Block","Vill_name":"Anandapur Tea Garden","Vill_Cat":"Rural","Vill_LGD":"306940","arr_project":"asha1,asha2"}},
{"type":"Feature","geometry":{"type":"Polygon","coordinates":[[[88.66062,26.75019],[88.66884,26.75022],[88.66878,26.75484],[88.66052,26.75449],[88.6593,26.76132],[88.65989,26.7682],[88.64743,26.76007],[88.64002,26.75944],[88.63857,26.75739],[88.63798,26.75101],[88.63973,26.75518],[88.64583,26.75575],[88.649,26.75392],[88.65542,26.75402],[88.65982,26.7555],[88.66062,26.75019]]]},"properties":{"District":"Jalpaiguri","Dist_LGD":"328","Sub_dist":"Kranti","Subdis_LGD":"02167N003","Subdis_Typ":"Cd_Block","Vill_name":"Uttar Hanskhali","Vill_Cat":"Rural","Vill_LGD":"306941","arr_project":"asha1,asha2"}},
{"type":"Feature","geometry":{"type":"Polygon","coordinates":[[[88.55243,26.85202],[88.55469,26.86069],[88.55785,26.86018],[88.56036,26.87144],[88.56252,26.87655],[88.56142,26.88266],[88.55568,26.8803],[88.54587,26.88064],[88.53922,26.87475],[88.54054,26.87068],[88.53887,26.86505],[88.5417,26.86299],[88.54291,26.85836],[88.54152,26.85468],[88.54284,26.85297],[88.55243,26.85202]]]},"properties":{"District":"Jalpaiguri","Dist_LGD":"328","Sub_dist":"Mal","Subdis_LGD":"2167","Subdis_Typ":"Cd_Block","Vill_name":"Washabari Tea Garden","Vill_Cat":"Rural","Vill_LGD":"306889","arr_project":"asha1,asha2"}},
{"type":"Feature","geometry":{"type":"Polygon","coordinates":[[[88.53887,26.86505],[88.54054,26.87068],[88.53922,26.87475],[88.5329,26.87239],[88.50957,26.86551],[88.50974,26.86227],[88.51346,26.86105],[88.52025,26.8561],[88.52445,26.85861],[88.52833,26.8586],[88.52695,26.85295],[88.53276,26.85004],[88.53504,26.84773],[88.53813,26.85077],[88.54047,26.85501],[88.54051,26.8634],[88.53887,26.86505]]]},"properties":{"District":"Jalpaiguri","Dist_LGD":"328","Sub_dist":"Mal","Subdis_LGD":"2167","Subdis_Typ":"Cd_Block","Vill_name":"Ellenbury Tea Garden","Vill_Cat":"Rural","Vill_LGD":"306888","arr_project":"asha1,asha2"}},
{"type":"Feature","geometry":{"type":"Polygon","coordinates":[[[88.49758,26.87184],[88.49608,26.87307],[88.48677,26.87663],[88.48212,26.87727],[88.47969,26.87516],[88.47981,26.86863],[88.48368,26.86436],[88.49079,26.85825],[88.49303,26.85491],[88.49722,26.85234],[88.49733,26.8641],[88.49582,26.86541],[88.49758,26.87184]]]},"properties":{"District":"Jalpaiguri","Dist_LGD":"328","Sub_dist":"Mal","Subdis_LGD":"2167","Subdis_Typ":"Cd_Block","Vill_name":"Paschim Totgaon","Vill_Cat":"Rural","Vill_LGD":"306885","arr_project":"asha1,asha2"}},
{"type":"Feature","geometry":{"type":"Polygon","coordinates":[[[88.95318,26.9497],[88.94853,26.95103],[88.93894,26.95213],[88.92959,26.95259],[88.92586,26.94412],[88.93058,26.94381],[88.92846,26.93754],[88.92844,26.9297],[88.92561,26.92608],[88.92444,26.91771],[88.92269,26.91499],[88.92037,26.90633],[88.92807,26.90953],[88.931,26.90801],[88.93036,26.90317],[88.93883,26.90266],[88.94043,26.91067],[88.94167,26.92069],[88.9398,26.92378],[88.93986,26.92965],[88.94664,26.93286],[88.94381,26.93425],[88.94892,26.9378],[88.94706,26.94119],[88.95346,26.94736],[88.95318,26.9497]]]},"properties":{"District":"Jalpaiguri","Dist_LGD":"328","Sub_dist":"Nagrakata","Subdis_LGD":"2169","Subdis_Typ":"Cd_Block","Vill_name":"Kurti Tea Garden","Vill_Cat":"Rural","Vill_LGD":"307031","arr_project":"asha1,asha2"}},
{"type":"Feature","geometry":{"type":"Polygon","coordinates":[[[88.96961,26.92214],[88.94664,26.93286],[88.93986,26.92965],[88.9398,26.92378],[88.94167,26.92069],[88.94043,26.91067],[88.93883,26.90266],[88.93352,26.89002],[88.94071,26.88711],[88.95154,26.89266],[88.9526,26.89797],[88.95548,26.90056],[88.96116,26.90904],[88.9618,26.91207],[88.9652,26.91787],[88.96961,26.92214]]]},"properties":{"District":"Jalpaiguri","Dist_LGD":"328","Sub_dist":"Nagrakata","Subdis_LGD":"2169","Subdis_Typ":"Cd_Block","Vill_name":"Ghatia Tea Garden","Vill_Cat":"Rural","Vill_LGD":"307032","arr_project":"asha1,asha2"}},
{"type":"Feature","geometry":{"type":"Polygon","coordinates":[[[88.88101,26.77938],[88.88168,26.78484],[88.88724,26.79779],[88.89062,26.80082],[88.89052,26.80354],[88.88688,26.80469],[88.88237,26.79961],[88.87892,26.79448],[88.87892,26.78848],[88.87553,26.78786],[88.86904,26.78366],[88.86765,26.77969],[88.87494,26.78301],[88.87743,26.77738],[88.88101,26.77938]]]},"properties":{"District":"Jalpaiguri","Dist_LGD":"328","Sub_dist":"Nagrakata","Subdis_LGD":"2169","Subdis_Typ":"Cd_Block","Vill_name":"Tandu Tea Garden","Vill_Cat":"Rural","Vill_LGD":"307042","arr_project":"asha1,asha2"}},
{"type":"Feature","geometry":{"type":"Polygon","coordinates":[[[88.73006,26.78398],[88.73233,26.78248],[88.73914,26.7821],[88.73916,26.78361],[88.75032,26.78357],[88.75576,26.78179],[88.7575,26.78589],[88.75376,26.78767],[88.7546,26.7938],[88.75517,26.79666],[88.75648,26.80092],[88.75025,26.80409],[88.74641,26.80507],[88.7433,26.80242],[88.73704,26.80063],[88.73564,26.79707],[88.74093,26.79795],[88.7407,26.80024],[88.7452,26.8011],[88.74514,26.7986],[88.7411,26.79244],[88.73503,26.78866],[88.73116,26.78881],[88.73006,26.78398]]]},"properties":{"District":"Jalpaiguri","Dist_LGD":"328","Sub_dist":"Mal","Subdis_LGD":"2167","Subdis_Typ":"Cd_Block","Vill_name":"Nichchalsa","Vill_Cat":"Rural","Vill_LGD":"306934","arr_project":"asha1,asha2"}},
{"type":"Feature","geometry":{"type":"Polygon","coordinates":[[[88.75032,26.78357],[88.73916,26.78361],[88.73914,26.7821],[88.73233,26.78248],[88.73006,26.78398],[88.72988,26.7802],[88.72713,26.77922],[88.72519,26.77683],[88.72945,26.77514],[88.72955,26.77218],[88.73305,26.76847],[88.73805,26.76647],[88.74481,26.76657],[88.74583,26.769],[88.75754,26.76735],[88.75633,26.76891],[88.74943,26.7728],[88.75128,26.77434],[88.75649,26.77528],[88.75653,26.77667],[88.75194,26.78048],[88.75032,26.78357]]]},"properties":{"District":"Jalpaiguri","Dist_LGD":"328","Sub_dist":"Mal","Subdis_LGD":"2167","Subdis_Typ":"Cd_Block","Vill_name":"Kantadighi Kumarpara","Vill_Cat":"Rural","Vill_LGD":"306935","arr_project":"asha1,asha2"}},
{"type":"Feature","geometry":{"type":"Polygon","coordinates":[[[88.73657,26.75634],[88.74884,26.75209],[88.74943,26.75382],[88.75773,26.75318],[88.75902,26.75548],[88.75462,26.75824],[88.75191,26.76103],[88.7568,26.76355],[88.75754,26.76735],[88.74583,26.769],[88.74481,26.76657],[88.73805,26.76647],[88.73305,26.76847],[88.73047,26.7669],[88.72661,26.76767],[88.72224,26.76701],[88.72563,26.76555],[88.734,26.75792],[88.73657,26.75634]]]},"properties":{"District":"Jalpaiguri","Dist_LGD":"328","Sub_dist":"Mal","Subdis_LGD":"2167","Subdis_Typ":"Cd_Block","Vill_name":"Kumali","Vill_Cat":"Rural","Vill_LGD":"306936","arr_project":"asha1,asha2"}},
{"type":"Feature","geometry":{"type":"Polygon","coordinates":[[[88.72979,26.74212],[88.7358,26.74206],[88.74407,26.74421],[88.74508,26.74326],[88.75163,26.74489],[88.75123,26.74794],[88.75583,26.74961],[88.74997,26.75006],[88.74884,26.75209],[88.73657,26.75634],[88.73561,26.7535],[88.73066,26.75501],[88.72621,26.75278],[88.72605,26.75058],[88.7274,26.7481],[88.72562,26.74338],[88.72979,26.74212]]]},"properties":{"District":"Jalpaiguri","Dist_LGD":"328","Sub_dist":"Mal","Subdis_LGD":"2167","Subdis_Typ":"Cd_Block","Vill_name":"Neora","Vill_Cat":"Rural","Vill_LGD":"306959","arr_project":"asha1,asha2"}},
{"type":"Feature","geometry":{"type":"Polygon","coordinates":[[[88.76633,26.72827],[88.76612,26.73089],[88.75695,26.73119],[88.75573,26.72379],[88.76172,26.72181],[88.76394,26.71845],[88.7623,26.71586],[88.75502,26.71909],[88.75043,26.71253],[88.75336,26.71071],[88.75973,26.71076],[88.76709,26.7076],[88.7713,26.70784],[88.77008,26.71284],[88.76569,26.72067],[88.76633,26.72827]]]},"properties":{"District":"Jalpaiguri","Dist_LGD":"328","Sub_dist":"Kranti","Subdis_LGD":"02167N003","Subdis_Typ":"Cd_Block","Vill_name":"Lataguri (Ct)","Vill_Cat":"Partly_Urban","Vill_LGD":"306990","arr_project":"asha1,asha2"}},
{"type":"Feature","geometry":{"type":"Polygon","coordinates":[[[88.75835,26.67369],[88.76233,26.66913],[88.76447,26.66908],[88.76801,26.6726],[88.77568,26.67104],[88.77427,26.67324],[88.77652,26.67924],[88.77936,26.68345],[88.77652,26.68898],[88.76939,26.69],[88.76472,26.6893],[88.76401,26.69126],[88.75572,26.68884],[88.757,26.68623],[88.75373,26.68208],[88.75835,26.67369]]]},"properties":{"District":"Jalpaiguri","Dist_LGD":"328","Sub_dist":"Kranti","Subdis_LGD":"02167N003","Subdis_Typ":"Cd_Block","Vill_name":"Chak Maulani","Vill_Cat":"Rural","Vill_LGD":"306973","arr_project":"asha1,asha2"}},
{"type":"Feature","geometry":{"type":"Polygon","coordinates":[[[88.73403,26.68193],[88.74277,26.67986],[88.74484,26.67211],[88.7536,26.67472],[88.75505,26.67243],[88.75835,26.67369],[88.75373,26.68208],[88.757,26.68623],[88.75572,26.68884],[88.75012,26.6866],[88.74557,26.6894],[88.73657,26.68777],[88.73248,26.68395],[88.73403,26.68193]]]},"properties":{"District":"Jalpaiguri","Dist_LGD":"328","Sub_dist":"Kranti","Subdis_LGD":"02167N003","Subdis_Typ":"Cd_Block","Vill_name":"Adabari","Vill_Cat":"Rural","Vill_LGD":"306970","arr_project":"asha1,asha2"}},
{"type":"Feature","geometry":{"type":"Polygon","coordinates":[[[88.74477,26.65287],[88.74178,26.64952],[88.73938,26.64243],[88.74162,26.63948],[88.74922,26.63521],[88.75426,26.63869],[88.75585,26.63792],[88.76099,26.64614],[88.75962,26.64832],[88.75567,26.64992],[88.7507,26.64779],[88.74477,26.65287]]]},"properties":{"District":"Jalpaiguri","Dist_LGD":"328","Sub_dist":"Kranti","Subdis_LGD":"02167N003","Subdis_Typ":"Cd_Block","Vill_name":"Bidurerdanga","Vill_Cat":"Rural","Vill_LGD":"306986","arr_project":"asha1,asha2"}},
{"type":"Feature","geometry":{"type":"Polygon","coordinates":[[[88.74922,26.63521],[88.74162,26.63948],[88.73938,26.64243],[88.73636,26.64209],[88.73488,26.63618],[88.72615,26.63729],[88.72646,26.63307],[88.72967,26.62595],[88.72976,26.6242],[88.73544,26.62443],[88.73296,26.62071],[88.73669,26.61368],[88.74228,26.61122],[88.74499,26.60672],[88.74508,26.60396],[88.74964,26.59791],[88.75097,26.59296],[88.75126,26.59292],[88.7554,26.5993],[88.75221,26.60329],[88.74568,26.60993],[88.74399,26.61345],[88.74732,26.61637],[88.75409,26.61256],[88.75432,26.61444],[88.7511,26.61822],[88.74596,26.62219],[88.74393,26.62611],[88.74947,26.62999],[88.74988,26.63469],[88.74922,26.63521]]]},"properties":{"District":"Jalpaiguri","Dist_LGD":"328","Sub_dist":"Kranti","Subdis_LGD":"02167N003","Subdis_Typ":"Cd_Block","Vill_name":"Basusuba","Vill_Cat":"Rural","Vill_LGD":"306987","arr_project":"asha1,asha2"}},
{"type":"Feature","geometry":{"type":"Polygon","coordinates":[[[88.72967,26.62595],[88.72589,26.62249],[88.72547,26.6303],[88.72236,26.6302],[88.71558,26.63247],[88.7071,26.63105],[88.70767,26.6185],[88.71344,26.61405],[88.7168,26.60861],[88.72199,26.60364],[88.73418,26.60043],[88.7399,26.59984],[88.74599,26.59671],[88.74623,26.59121],[88.75113,26.59274],[88.75097,26.59296],[88.74964,26.59791],[88.74508,26.60396],[88.74499,26.60672],[88.74228,26.61122],[88.73669,26.61368],[88.73296,26.62071],[88.73544,26.62443],[88.72976,26.6242],[88.72967,26.62595]]]},"properties":{"District":"Jalpaiguri","Dist_LGD":"328","Sub_dist":"Kranti","Subdis_LGD":"02167N003","Subdis_Typ":"Cd_Block","Vill_name":"Premganj Majhiali","Vill_Cat":"Rural","Vill_LGD":"306982","arr_project":"asha1,asha2"}},
{"type":"Feature","geometry":{"type":"Polygon","coordinates":[[[88.63914,26.83505],[88.64078,26.8312],[88.64932,26.82385],[88.65188,26.82364],[88.65564,26.81735],[88.65848,26.8155],[88.65954,26.81523],[88.66306,26.81613],[88.66054,26.82088],[88.65818,26.82988],[88.65634,26.83153],[88.6552,26.8383],[88.64732,26.84746],[88.6401,26.85267],[88.64645,26.85316],[88.64551,26.85615],[88.64658,26.86446],[88.63987,26.86396],[88.63402,26.86317],[88.63578,26.85904],[88.63552,26.85517],[88.6335,26.84901],[88.63438,26.8452],[88.62909,26.84129],[88.63325,26.83867],[88.63414,26.83624],[88.63914,26.83505]]]},"properties":{"District":"Jalpaiguri","Dist_LGD":"328","Sub_dist":"Mal","Subdis_LGD":"2167","Subdis_Typ":"Cd_Block","Vill_name":"Paschim Damdim","Vill_Cat":"Rural","Vill_LGD":"306921","arr_project":"asha1,asha2"}},
{"type":"Feature","geometry":{"type":"Polygon","coordinates":[[[88.61484,26.82186],[88.62122,26.81974],[88.62963,26.81818],[88.6475,26.81733],[88.65349,26.81482],[88.65848,26.8155],[88.65564,26.81735],[88.65188,26.82364],[88.64932,26.82385],[88.64078,26.8312],[88.63914,26.83505],[88.62708,26.82998],[88.62581,26.82684],[88.62091,26.82718],[88.62067,26.82378],[88.61614,26.82417],[88.61484,26.82186]]]},"properties":{"District":"Jalpaiguri","Dist_LGD":"328","Sub_dist":"Mal","Subdis_LGD":"2167","Subdis_Typ":"Cd_Block","Vill_name":"Targhera","Vill_Cat":"Rural","Vill_LGD":"306901","arr_project":"asha1,asha2"}},
{"type":"Feature","geometry":{"type":"Polygon","coordinates":[[[88.6691,26.84666],[88.67138,26.8466],[88.67309,26.85388],[88.67021,26.86152],[88.67004,26.85832],[88.66893,26.85077],[88.6691,26.84666]]]},"properties":{"District":"Jalpaiguri","Dist_LGD":"328","Sub_dist":"Mal","Subdis_LGD":"2167","Subdis_Typ":"Cd_Block","Vill_name":"Damdimhat","Vill_Cat":"Rural","Vill_LGD":"306919","arr_project":"asha1,asha2"}},
{"type":"Feature","geometry":{"type":"Polygon","coordinates":[[[88.62909,26.84129],[88.63438,26.8452],[88.6335,26.84901],[88.63552,26.85517],[88.63578,26.85904],[88.63402,26.86317],[88.63987,26.86396],[88.63976,26.86938],[88.64244,26.87523],[88.64185,26.88222],[88.64485,26.88711],[88.63997,26.89024],[88.63434,26.87465],[88.6278,26.87353],[88.62726,26.86886],[88.61147,26.86914],[88.61143,26.87164],[88.60921,26.87149],[88.60712,26.86198],[88.60741,26.85957],[88.60731,26.85477],[88.60339,26.85321],[88.60295,26.85049],[88.61536,26.84833],[88.61563,26.85008],[88.62574,26.84898],[88.62264,26.84247],[88.62909,26.84129]]]},"properties":{"District":"Jalpaiguri","Dist_LGD":"328","Sub_dist":"Mal","Subdis_LGD":"2167","Subdis_Typ":"Cd_Block","Vill_name":"Odlabari (Ct)","Vill_Cat":"Partly_Urban","Vill_LGD":"306988","arr_project":"asha1,asha2"}},
{"type":"Feature","geometry":{"type":"Polygon","coordinates":[[[88.59825,26.82034],[88.60074,26.82461],[88.60423,26.8279],[88.61131,26.82921],[88.61439,26.83314],[88.61302,26.83533],[88.62358,26.83407],[88.62091,26.82718],[88.62581,26.82684],[88.62708,26.82998],[88.63914,26.83505],[88.63414,26.83624],[88.63325,26.83867],[88.62909,26.84129],[88.62264,26.84247],[88.62574,26.84898],[88.61563,26.85008],[88.61536,26.84833],[88.60295,26.85049],[88.60289,26.84703],[88.601,26.84365],[88.60294,26.8387],[88.60379,26.8322],[88.5994,26.82685],[88.59708,26.82068],[88.59825,26.82034]]]},"properties":{"District":"Jalpaiguri","Dist_LGD":"328","Sub_dist":"Mal","Subdis_LGD":"2167","Subdis_Typ":"Cd_Block","Vill_name":"Dakshin Odlabari","Vill_Cat":"Rural","Vill_LGD":"306989","arr_project":"asha1,asha2"}},
{"type":"Feature","geometry":{"type":"Polygon","coordinates":[[[88.57919,26.81318],[88.58481,26.81571],[88.59585,26.81708],[88.59708,26.82068],[88.5994,26.82685],[88.60379,26.8322],[88.60294,26.8387],[88.601,26.84365],[88.60289,26.84703],[88.60295,26.85049],[88.60339,26.85321],[88.60731,26.85477],[88.60741,26.85957],[88.60171,26.85947],[88.59707,26.85911],[88.59681,26.85369],[88.5937,26.84476],[88.59351,26.83974],[88.58651,26.82925],[88.58753,26.82749],[88.58421,26.82107],[88.58002,26.81648],[88.57919,26.81318]]]},"properties":{"District":"Jalpaiguri","Dist_LGD":"328","Sub_dist":"Mal","Subdis_LGD":"2167","Subdis_Typ":"Cd_Block","Vill_name":"Dakshin Phulbari","Vill_Cat":"Rural","Vill_LGD":"306897","arr_project":"asha1,asha2"}},
{"type":"Feature","geometry":{"type":"Polygon","coordinates":[[[88.71605,26.80546],[88.71372,26.80777],[88.71004,26.8068],[88.7047,26.80166],[88.69264,26.80391],[88.69036,26.80553],[88.68786,26.80319],[88.6825,26.80331],[88.67915,26.80561],[88.67457,26.80681],[88.6766,26.80241],[88.68377,26.79803],[88.69049,26.79239],[88.69578,26.78982],[88.70123,26.78772],[88.70492,26.79234],[88.70901,26.79163],[88.71484,26.79213],[88.71671,26.79075],[88.71501,26.79505],[88.71788,26.80323],[88.71605,26.80546]]]},"properties":{"District":"Jalpaiguri","Dist_LGD":"328","Sub_dist":"Mal","Subdis_LGD":"2167","Subdis_Typ":"Cd_Block","Vill_name":"Purba Damdim","Vill_Cat":"Rural","Vill_LGD":"306931","arr_project":"asha1,asha2"}},
{"type":"Feature","geometry":{"type":"Polygon","coordinates":[[[88.71671,26.79075],[88.71484,26.79213],[88.70901,26.79163],[88.70492,26.79234],[88.70123,26.78772],[88.69578,26.78982],[88.69831,26.78345],[88.69614,26.78175],[88.69531,26.77892],[88.69979,26.77819],[88.70564,26.77959],[88.71173,26.77773],[88.71448,26.77304],[88.71243,26.76667],[88.72224,26.76701],[88.72661,26.76767],[88.73047,26.7669],[88.73305,26.76847],[88.72955,26.77218],[88.72945,26.77514],[88.72519,26.77683],[88.72713,26.77922],[88.72241,26.77876],[88.72339,26.78628],[88.71887,26.78426],[88.71959,26.79135],[88.71671,26.79075]]]},"properties":{"District":"Jalpaiguri","Dist_LGD":"328","Sub_dist":"Mal","Subdis_LGD":"2167","Subdis_Typ":"Cd_Block","Vill_name":"Nipuchhapur","Vill_Cat":"Rural","Vill_LGD":"306932","arr_project":"asha1,asha2"}},
{"type":"Feature","geometry":{"type":"Polygon","coordinates":[[[88.69186,26.77374],[88.69441,26.77027],[88.69223,26.76723],[88.69797,26.75402],[88.70668,26.75467],[88.70771,26.755],[88.70882,26.76499],[88.71243,26.76667],[88.71448,26.77304],[88.71173,26.77773],[88.70564,26.77959],[88.69979,26.77819],[88.69531,26.77892],[88.69186,26.77374]]]},"properties":{"District":"Jalpaiguri","Dist_LGD":"328","Sub_dist":"Kranti","Subdis_LGD":"02167N003","Subdis_Typ":"Cd_Block","Vill_name":"Bara Gharia","Vill_Cat":"Rural","Vill_LGD":"306938","arr_project":"asha1,asha2"}},
{"type":"Feature","geometry":{"type":"Polygon","coordinates":[[[88.72605,26.75058],[88.72621,26.75278],[88.73066,26.75501],[88.73561,26.7535],[88.73657,26.75634],[88.734,26.75792],[88.72563,26.76555],[88.72224,26.76701],[88.71243,26.76667],[88.70882,26.76499],[88.70771,26.755],[88.70668,26.75467],[88.71,26.75451],[88.71014,26.75099],[88.72061,26.74951],[88.72605,26.75058]]]},"properties":{"District":"Jalpaiguri","Dist_LGD":"328","Sub_dist":"Kranti","Subdis_LGD":"02167N003","Subdis_Typ":"Cd_Block","Vill_name":"Rajadanga","Vill_Cat":"Rural","Vill_LGD":"306937","arr_project":"asha1,asha2"}},
{"type":"Feature","geometry":{"type":"Polygon","coordinates":[[[88.7019,26.73834],[88.70515,26.73449],[88.70812,26.73374],[88.71533,26.73397],[88.72021,26.73248],[88.72131,26.72615],[88.72335,26.72591],[88.72485,26.72833],[88.72995,26.73004],[88.72782,26.73471],[88.72179,26.73497],[88.72349,26.73749],[88.72677,26.73834],[88.72979,26.74212],[88.72562,26.74338],[88.7274,26.7481],[88.72605,26.75058],[88.72061,26.74951],[88.71014,26.75099],[88.70975,26.74872],[88.70611,26.7483],[88.70551,26.74502],[88.7084,26.74149],[88.7019,26.73834]]]},"properties":{"District":"Jalpaiguri","Dist_LGD":"328","Sub_dist":"Kranti","Subdis_LGD":"02167N003","Subdis_Typ":"Cd_Block","Vill_name":"Kodalkati","Vill_Cat":"Rural","Vill_LGD":"306958","arr_project":"asha1,asha2"}},
{"type":"Feature","geometry":{"type":"Polygon","coordinates":[[[88.66288,26.73388],[88.66233,26.72959],[88.66916,26.72467],[88.67515,26.72534],[88.6793,26.72764],[88.67949,26.73745],[88.67681,26.73844],[88.67618,26.73636],[88.67431,26.7329],[88.66288,26.73388]]]},"properties":{"District":"Jalpaiguri","Dist_LGD":"328","Sub_dist":"Kranti","Subdis_LGD":"02167N003","Subdis_Typ":"Cd_Block","Vill_name":"Uttar Chengmari","Vill_Cat":"Rural","Vill_LGD":"306954","arr_project":"asha1,asha2"}},
{"type":"Feature","geometry":{"type":"Polygon","coordinates":[[[88.69289,26.73884],[88.68608,26.74472],[88.68371,26.74259],[88.67969,26.74433],[88.67568,26.7436],[88.67499,26.74023],[88.67681,26.73844],[88.67949,26.73745],[88.6793,26.72764],[88.68162,26.72532],[88.68124,26.72087],[88.68416,26.71981],[88.68326,26.71573],[88.68446,26.71421],[88.69074,26.7129],[88.69515,26.71632],[88.69626,26.7192],[88.69537,26.72738],[88.69357,26.72689],[88.69289,26.73884]]]},"properties":{"District":"Jalpaiguri","Dist_LGD":"328","Sub_dist":"Kranti","Subdis_LGD":"02167N003","Subdis_Typ":"Cd_Block","Vill_name":"Uttar Majhgram","Vill_Cat":"Rural","Vill_LGD":"306955","arr_project":"asha1,asha2"}},
{"type":"Feature","geometry":{"type":"Polygon","coordinates":[[[88.69537,26.72738],[88.70047,26.72941],[88.70735,26.73072],[88.71363,26.73084],[88.715,26.72515],[88.72398,26.72349],[88.72335,26.72591],[88.72131,26.72615],[88.72021,26.73248],[88.71533,26.73397],[88.70812,26.73374],[88.70515,26.73449],[88.7019,26.73834],[88.70005,26.7403],[88.69289,26.73884],[88.69357,26.72689],[88.69537,26.72738]]]},"properties":{"District":"Jalpaiguri","Dist_LGD":"328","Sub_dist":"Kranti","Subdis_LGD":"02167N003","Subdis_Typ":"Cd_Block","Vill_name":"Jhar Majhgram","Vill_Cat":"Rural","Vill_LGD":"306957","arr_project":"asha1,asha2"}},
{"type":"Feature","geometry":{"type":"Polygon","coordinates":[[[88.69515,26.71632],[88.69829,26.71532],[88.69639,26.71219],[88.69887,26.71026],[88.70476,26.71007],[88.71117,26.70509],[88.71302,26.70747],[88.71804,26.70919],[88.72078,26.70773],[88.7262,26.70798],[88.72559,26.71686],[88.72506,26.7213],[88.73086,26.72104],[88.73377,26.72425],[88.73103,26.72571],[88.72398,26.72349],[88.715,26.72515],[88.71363,26.73084],[88.70735,26.73072],[88.70047,26.72941],[88.69537,26.72738],[88.69626,26.7192],[88.69515,26.71632]]]},"properties":{"District":"Jalpaiguri","Dist_LGD":"328","Sub_dist":"Kranti","Subdis_LGD":"02167N003","Subdis_Typ":"Cd_Block","Vill_name":"Kranti","Vill_Cat":"Rural","Vill_LGD":"306964","arr_project":"asha1,asha2"}},
{"type":"Feature","geometry":{"type":"Polygon","coordinates":[[[88.69104,26.70661],[88.70083,26.70341],[88.70774,26.698],[88.71065,26.698],[88.71204,26.69701],[88.71879,26.69822],[88.72234,26.70071],[88.72808,26.69953],[88.7262,26.70798],[88.72078,26.70773],[88.71804,26.70919],[88.71302,26.70747],[88.71117,26.70509],[88.70476,26.71007],[88.69887,26.71026],[88.69639,26.71219],[88.69829,26.71532],[88.69515,26.71632],[88.69074,26.7129],[88.69104,26.70661]]]},"properties":{"District":"Jalpaiguri","Dist_LGD":"328","Sub_dist":"Kranti","Subdis_LGD":"02167N003","Subdis_Typ":"Cd_Block","Vill_name":"Dakshin Majhgram","Vill_Cat":"Rural","Vill_LGD":"306965","arr_project":"asha1,asha2"}},
{"type":"Feature","geometry":{"type":"Polygon","coordinates":[[[88.68093,26.68864],[88.68063,26.68551],[88.68321,26.68067],[88.68643,26.67953],[88.69235,26.68186],[88.69473,26.68801],[88.70697,26.68746],[88.70697,26.69349],[88.71065,26.698],[88.70774,26.698],[88.70083,26.70341],[88.69104,26.70661],[88.68814,26.70526],[88.68931,26.69996],[88.68402,26.70225],[88.68016,26.70171],[88.67955,26.69967],[88.68311,26.69502],[88.68093,26.68864]]]},"properties":{"District":"Jalpaiguri","Dist_LGD":"328","Sub_dist":"Kranti","Subdis_LGD":"02167N003","Subdis_Typ":"Cd_Block","Vill_name":"Uttar Khalpara","Vill_Cat":"Rural","Vill_LGD":"306966","arr_project":"asha1,asha2"}},
{"type":"Feature","geometry":{"type":"Polygon","coordinates":[[[88.70697,26.68746],[88.71134,26.6836],[88.71622,26.67645],[88.7187,26.67893],[88.72463,26.67829],[88.73137,26.67943],[88.73403,26.68193],[88.73248,26.68395],[88.73657,26.68777],[88.73688,26.69339],[88.73306,26.69953],[88.72808,26.69953],[88.72234,26.70071],[88.71879,26.69822],[88.71204,26.69701],[88.71065,26.698],[88.70697,26.69349],[88.70697,26.68746]]]},"properties":{"District":"Jalpaiguri","Dist_LGD":"328","Sub_dist":"Kranti","Subdis_LGD":"02167N003","Subdis_Typ":"Cd_Block","Vill_name":"Uttar Saripakuri","Vill_Cat":"Rural","Vill_LGD":"306969","arr_project":"asha1,asha2"}},
{"type":"Feature","geometry":{"type":"Polygon","coordinates":[[[88.69112,26.67645],[88.69847,26.67082],[88.70159,26.66969],[88.70484,26.67179],[88.71405,26.66575],[88.71772,26.67412],[88.71622,26.67645],[88.71134,26.6836],[88.70697,26.68746],[88.69473,26.68801],[88.69235,26.68186],[88.68643,26.67953],[88.68841,26.67598],[88.69112,26.67645]]]},"properties":{"District":"Jalpaiguri","Dist_LGD":"328","Sub_dist":"Kranti","Subdis_LGD":"02167N003","Subdis_Typ":"Cd_Block","Vill_name":"Dakshin Khalpara","Vill_Cat":"Rural","Vill_LGD":"306968","arr_project":"asha1,asha2"}},
{"type":"Feature","geometry":{"type":"Polygon","coordinates":[[[88.66664,26.71369],[88.66651,26.71858],[88.67303,26.71974],[88.6782,26.71235],[88.68065,26.70774],[88.67777,26.70494],[88.67444,26.70547],[88.67542,26.703],[88.67955,26.69967],[88.68016,26.70171],[88.68402,26.70225],[88.68931,26.69996],[88.68814,26.70526],[88.69104,26.70661],[88.69074,26.7129],[88.68446,26.71421],[88.68326,26.71573],[88.68416,26.71981],[88.68124,26.72087],[88.68162,26.72532],[88.6793,26.72764],[88.67515,26.72534],[88.66916,26.72467],[88.66233,26.72959],[88.66288,26.73388],[88.66074,26.73179],[88.65551,26.73165],[88.65847,26.72566],[88.66044,26.7192],[88.6575,26.71678],[88.65838,26.71459],[88.66404,26.71273],[88.66664,26.71369]]]},"properties":{"District":"Jalpaiguri","Dist_LGD":"328","Sub_dist":"Kranti","Subdis_LGD":"02167N003","Subdis_Typ":"Cd_Block","Vill_name":"Jogesh Chandra Tea Garden","Vill_Cat":"Rural","Vill_LGD":"306953","arr_project":"asha1,asha2"}},
{"type":"Feature","geometry":{"type":"Polygon","coordinates":[[[88.66664,26.71369],[88.6715,26.7097],[88.67444,26.70547],[88.67777,26.70494],[88.68065,26.70774],[88.6782,26.71235],[88.67303,26.71974],[88.66651,26.71858],[88.66664,26.71369]]]},"properties":{"District":"Jalpaiguri","Dist_LGD":"328","Sub_dist":"Kranti","Subdis_LGD":"02167N003","Subdis_Typ":"Cd_Block","Vill_name":"Mal Hati Forest","Vill_Cat":"Rural","Vill_LGD":"306952","arr_project":"asha1,asha2"}},
{"type":"Feature","geometry":{"type":"Polygon","coordinates":[[[88.65867,26.70521],[88.66383,26.70501],[88.6625,26.70129],[88.66385,26.69632],[88.65628,26.69713],[88.65843,26.69061],[88.66068,26.69015],[88.66613,26.68241],[88.66387,26.6864],[88.66514,26.68977],[88.66807,26.68999],[88.66805,26.694],[88.66589,26.69495],[88.66715,26.69881],[88.67247,26.70368],[88.67542,26.703],[88.67444,26.70547],[88.6715,26.7097],[88.66664,26.71369],[88.66404,26.71273],[88.65838,26.71459],[88.6575,26.71678],[88.65468,26.71535],[88.65293,26.71172],[88.65894,26.7071],[88.65867,26.70521]]]},"properties":{"District":"Jalpaiguri","Dist_LGD":"328","Sub_dist":"Kranti","Subdis_LGD":"02167N003","Subdis_Typ":"Cd_Block","Vill_name":"Paschim Dolaigaon","Vill_Cat":"Rural","Vill_LGD":"306951","arr_project":"asha1,asha2"}},
{"type":"Feature","geometry":{"type":"Polygon","coordinates":[[[88.65628,26.69713],[88.65247,26.69645],[88.65236,26.69377],[88.64857,26.69432],[88.64675,26.69126],[88.64296,26.68961],[88.63853,26.68985],[88.63932,26.69807],[88.63778,26.70022],[88.63141,26.69789],[88.6265,26.69386],[88.62435,26.69537],[88.62763,26.69111],[88.62841,26.69256],[88.63802,26.68952],[88.64071,26.68517],[88.64759,26.68179],[88.65173,26.68346],[88.65922,26.68084],[88.66613,26.68241],[88.66068,26.69015],[88.65843,26.69061],[88.65628,26.69713]]]},"properties":{"District":"Jalpaiguri","Dist_LGD":"328","Sub_dist":"Kranti","Subdis_LGD":"02167N003","Subdis_Typ":"Cd_Block","Vill_name":"Chengmari Forest","Vill_Cat":"Rural","Vill_LGD":"306948","arr_project":"asha1,asha2"}},
{"type":"Feature","geometry":{"type":"Polygon","coordinates":[[[88.65922,26.68084],[88.65173,26.68346],[88.64759,26.68179],[88.64071,26.68517],[88.63802,26.68952],[88.62841,26.69256],[88.62763,26.69111],[88.64329,26.67943],[88.65104,26.67089],[88.65431,26.66662],[88.65942,26.6645],[88.67635,26.66012],[88.67883,26.65658],[88.67802,26.65119],[88.68173,26.65204],[88.68139,26.65519],[88.68302,26.65782],[88.68227,26.66365],[88.6828,26.66746],[88.67473,26.67032],[88.66712,26.67036],[88.66147,26.66954],[88.65839,26.67099],[88.65786,26.67738],[88.65922,26.68084]]]},"properties":{"District":"Jalpaiguri","Dist_LGD":"328","Sub_dist":"Kranti","Subdis_LGD":"02167N003","Subdis_Typ":"Cd_Block","Vill_name":"Chengmari Dangapara","Vill_Cat":"Rural","Vill_LGD":"306949","arr_project":"asha1,asha2"}},
{"type":"Feature","geometry":{"type":"Polygon","coordinates":[[[88.67473,26.67032],[88.6828,26.66746],[88.68592,26.66875],[88.68979,26.66709],[88.69002,26.67383],[88.69112,26.67645],[88.68841,26.67598],[88.68643,26.67953],[88.68321,26.68067],[88.68063,26.68551],[88.68093,26.68864],[88.67655,26.68735],[88.67567,26.68402],[88.67168,26.68616],[88.66984,26.68451],[88.67124,26.67751],[88.67473,26.67032]]]},"properties":{"District":"Jalpaiguri","Dist_LGD":"328","Sub_dist":"Kranti","Subdis_LGD":"02167N003","Subdis_Typ":"Cd_Block","Vill_name":"Chengmarihat","Vill_Cat":"Rural","Vill_LGD":"306967","arr_project":"asha1,asha2"}},
{"type":"Feature","geometry":{"type":"Polygon","coordinates":[[[88.6828,26.66746],[88.68227,26.66365],[88.68302,26.65782],[88.68139,26.65519],[88.68173,26.65204],[88.68588,26.65271],[88.69192,26.65422],[88.69579,26.65036],[88.69965,26.65121],[88.70731,26.65088],[88.70719,26.66029],[88.70159,26.66969],[88.69847,26.67082],[88.69112,26.67645],[88.69002,26.67383],[88.68979,26.66709],[88.68592,26.66875],[88.6828,26.66746]]]},"properties":{"District":"Jalpaiguri","Dist_LGD":"328","Sub_dist":"Kranti","Subdis_LGD":"02167N003","Subdis_Typ":"Cd_Block","Vill_name":"Dakshin Chengmari","Vill_Cat":"Rural","Vill_LGD":"306978","arr_project":"asha1,asha2"}},
{"type":"Feature","geometry":{"type":"Polygon","coordinates":[[[88.7262,26.70798],[88.72808,26.69953],[88.73306,26.69953],[88.73451,26.70283],[88.73815,26.70331],[88.74259,26.70093],[88.74598,26.70135],[88.74698,26.70551],[88.74102,26.70818],[88.73996,26.71076],[88.7374,26.71599],[88.73567,26.7185],[88.73066,26.71816],[88.72973,26.71566],[88.72559,26.71686],[88.7262,26.70798]]]},"properties":{"District":"Jalpaiguri","Dist_LGD":"328","Sub_dist":"Kranti","Subdis_LGD":"02167N003","Subdis_Typ":"Cd_Block","Vill_name":"Chikanmati","Vill_Cat":"Rural","Vill_LGD":"306963","arr_project":"asha1,asha2"}},
{"type":"Feature","geometry":{"type":"Polygon","coordinates":[[[88.74484,26.67211],[88.74277,26.67986],[88.73403,26.68193],[88.73137,26.67943],[88.72463,26.67829],[88.7187,26.67893],[88.71622,26.67645],[88.71772,26.67412],[88.72736,26.67624],[88.72728,26.67008],[88.72292,26.66956],[88.72477,26.66593],[88.72972,26.66772],[88.73118,26.66943],[88.73499,26.66697],[88.73902,26.66651],[88.73963,26.66148],[88.74175,26.65993],[88.7431,26.65914],[88.7481,26.66011],[88.75041,26.66136],[88.75275,26.66529],[88.75212,26.66843],[88.74976,26.67069],[88.74484,26.67211]]]},"properties":{"District":"Jalpaiguri","Dist_LGD":"328","Sub_dist":"Kranti","Subdis_LGD":"02167N003","Subdis_Typ":"Cd_Block","Vill_name":"Dakshin Saripakuri","Vill_Cat":"Rural","Vill_LGD":"306975","arr_project":"asha1,asha2"}},
{"type":"Feature","geometry":{"type":"Polygon","coordinates":[[[88.71405,26.66575],[88.71873,26.66478],[88.7221,26.66228],[88.72383,26.65549],[88.72757,26.65487],[88.72828,26.64709],[88.73333,26.64615],[88.73376,26.65117],[88.73896,26.65154],[88.73925,26.65961],[88.74175,26.65993],[88.73963,26.66148],[88.73902,26.66651],[88.73499,26.66697],[88.73118,26.66943],[88.72972,26.66772],[88.72477,26.66593],[88.72292,26.66956],[88.72728,26.67008],[88.72736,26.67624],[88.71772,26.67412],[88.71405,26.66575]]]},"properties":{"District":"Jalpaiguri","Dist_LGD":"328","Sub_dist":"Kranti","Subdis_LGD":"02167N003","Subdis_Typ":"Cd_Block","Vill_name":"Chapadanga","Vill_Cat":"Rural","Vill_LGD":"306976","arr_project":"asha1,asha2"}},
{"type":"Feature","geometry":{"type":"Polygon","coordinates":[[[88.71981,26.64419],[88.72615,26.63729],[88.73488,26.63618],[88.73636,26.64209],[88.73938,26.64243],[88.74178,26.64952],[88.74477,26.65287],[88.74023,26.65698],[88.7431,26.65914],[88.74175,26.65993],[88.73925,26.65961],[88.73896,26.65154],[88.73376,26.65117],[88.73333,26.64615],[88.72828,26.64709],[88.72757,26.65487],[88.72383,26.65549],[88.72456,26.65121],[88.71981,26.64419]]]},"properties":{"District":"Jalpaiguri","Dist_LGD":"328","Sub_dist":"Kranti","Subdis_LGD":"02167N003","Subdis_Typ":"Cd_Block","Vill_name":"Purbba Sangapara","Vill_Cat":"Rural","Vill_LGD":"306984","arr_project":"asha1,asha2"}},
{"type":"Feature","geometry":{"type":"Polygon","coordinates":[[[88.68588,26.65271],[88.68745,26.65269],[88.69044,26.64764],[88.68827,26.64047],[88.69337,26.63554],[88.69551,26.64016],[88.70017,26.64324],[88.70399,26.64371],[88.70882,26.64218],[88.71153,26.64092],[88.71595,26.64363],[88.71435,26.6458],[88.70731,26.65088],[88.69965,26.65121],[88.69579,26.65036],[88.69192,26.65422],[88.68588,26.65271]]]},"properties":{"District":"Jalpaiguri","Dist_LGD":"328","Sub_dist":"Kranti","Subdis_LGD":"02167N003","Subdis_Typ":"Cd_Block","Vill_name":"Purbba Mauamari","Vill_Cat":"Rural","Vill_LGD":"306979","arr_project":"asha1,asha2"}},
{"type":"Feature","geometry":{"type":"Polygon","coordinates":[[[88.68827,26.64047],[88.69044,26.64764],[88.68745,26.65269],[88.68588,26.65271],[88.68173,26.65204],[88.67802,26.65119],[88.67703,26.63809],[88.67617,26.63287],[88.67922,26.62879],[88.68799,26.63291],[88.68667,26.63543],[88.68827,26.64047]]]},"properties":{"District":"Jalpaiguri","Dist_LGD":"328","Sub_dist":"Kranti","Subdis_LGD":"02167N003","Subdis_Typ":"Cd_Block","Vill_name":"Paschim Mauamari","Vill_Cat":"Rural","Vill_LGD":"306980","arr_project":"asha1,asha2"}},
{"type":"Feature","geometry":{"type":"Polygon","coordinates":[[[88.70882,26.64218],[88.70399,26.64371],[88.70017,26.64324],[88.69551,26.64016],[88.69337,26.63554],[88.68827,26.64047],[88.68667,26.63543],[88.68799,26.63291],[88.67922,26.62879],[88.6846,26.62215],[88.6888,26.62049],[88.69402,26.62044],[88.70556,26.61926],[88.70767,26.6185],[88.7071,26.63105],[88.705,26.63168],[88.7043,26.63661],[88.70505,26.64194],[88.70882,26.64218]]]},"properties":{"District":"Jalpaiguri","Dist_LGD":"328","Sub_dist":"Kranti","Subdis_LGD":"02167N003","Subdis_Typ":"Cd_Block","Vill_name":"Paschim Premganj","Vill_Cat":"Rural","Vill_LGD":"306981","arr_project":"asha1,asha2"}},
{"type":"Feature","geometry":{"type":"Polygon","coordinates":[[[88.70882,26.64218],[88.70505,26.64194],[88.7043,26.63661],[88.705,26.63168],[88.7071,26.63105],[88.71558,26.63247],[88.72236,26.6302],[88.72547,26.6303],[88.72589,26.62249],[88.72967,26.62595],[88.72646,26.63307],[88.72615,26.63729],[88.71981,26.64419],[88.71595,26.64363],[88.71153,26.64092],[88.70882,26.64218]]]},"properties":{"District":"Jalpaiguri","Dist_LGD":"328","Sub_dist":"Kranti","Subdis_LGD":"02167N003","Subdis_Typ":"Cd_Block","Vill_name":"Purbba Premganj","Vill_Cat":"Rural","Vill_LGD":"306983","arr_project":"asha1,asha2"}},
{"type":"Feature","geometry":{"type":"Polygon","coordinates":[[[88.61155,26.89169],[88.60796,26.89154],[88.60705,26.88593],[88.60822,26.88181],[88.60402,26.88234],[88.60264,26.87978],[88.60309,26.87529],[88.60229,26.86803],[88.59895,26.86442],[88.60171,26.85947],[88.60741,26.85957],[88.60712,26.86198],[88.60921,26.87149],[88.61143,26.87164],[88.61349,26.87398],[88.61256,26.87878],[88.61439,26.89119],[88.61155,26.89169]]]},"properties":{"District":"Jalpaiguri","Dist_LGD":"328","Sub_dist":"Mal","Subdis_LGD":"2167","Subdis_Typ":"Cd_Block","Vill_name":"Uttar Phulbari","Vill_Cat":"Rural","Vill_LGD":"306896","arr_project":"asha1,asha2"}},
{"type":"Feature","geometry":{"type":"Polygon","coordinates":[[[88.71014,26.75099],[88.71,26.75451],[88.70668,26.75467],[88.69797,26.75402],[88.69764,26.75345],[88.67989,26.7532],[88.67912,26.75103],[88.6721,26.74938],[88.67107,26.74672],[88.67239,26.74365],[88.67568,26.7436],[88.67969,26.74433],[88.68371,26.74259],[88.68608,26.74472],[88.69289,26.73884],[88.70005,26.7403],[88.7019,26.73834],[88.7084,26.74149],[88.70551,26.74502],[88.70611,26.7483],[88.70975,26.74872],[88.71014,26.75099]]]},"properties":{"District":"Jalpaiguri","Dist_LGD":"328","Sub_dist":"Kranti","Subdis_LGD":"02167N003","Subdis_Typ":"Cd_Block","Vill_name":"Dhalabari","Vill_Cat":"Rural","Vill_LGD":"306956","arr_project":"asha1,asha2"}},
{"type":"Feature","geometry":{"type":"Polygon","coordinates":[[[88.68154,26.86999],[88.69128,26.87013],[88.69702,26.86941],[88.70594,26.86925],[88.71549,26.87152],[88.71552,26.87164],[88.71591,26.87653],[88.71258,26.88225],[88.71566,26.88942],[88.71532,26.89217],[88.711,26.89575],[88.70891,26.90174],[88.71434,26.90894],[88.71307,26.91267],[88.70851,26.91265],[88.70329,26.91284],[88.70641,26.90536],[88.70333,26.90478],[88.68925,26.90576],[88.68683,26.90256],[88.6835,26.89516],[88.68239,26.88978],[88.68164,26.88694],[88.67793,26.88708],[88.67756,26.88],[88.68065,26.87912],[88.68018,26.87566],[88.68154,26.86999]]]},"properties":{"District":"Jalpaiguri","Dist_LGD":"328","Sub_dist":"Mal","Subdis_LGD":"2167","Subdis_Typ":"Cd_Block","Vill_name":"Rangamati Tea Garden","Vill_Cat":"Rural","Vill_LGD":"306913","arr_project":"asha1,asha2"}},
{"type":"Feature","geometry":{"type":"Polygon","coordinates":[[[88.77715,26.85455],[88.78035,26.85345],[88.78412,26.84767],[88.78291,26.84538],[88.78613,26.84304],[88.78842,26.84416],[88.78742,26.84964],[88.79161,26.85049],[88.79367,26.85249],[88.78971,26.85416],[88.78951,26.86095],[88.78776,26.85826],[88.78769,26.85294],[88.78326,26.85142],[88.78423,26.85791],[88.78332,26.86027],[88.77617,26.8621],[88.78034,26.86819],[88.77865,26.87355],[88.77561,26.8753],[88.77181,26.87132],[88.77101,26.86472],[88.77193,26.86017],[88.77715,26.85455]]]},"properties":{"District":"Jalpaiguri","Dist_LGD":"328","Sub_dist":"Matiali","Subdis_LGD":"2168","Subdis_Typ":"Cd_Block","Vill_name":"Khariarbandar","Vill_Cat":"Rural","Vill_LGD":"307006","arr_project":"asha1,asha2"}},
{"type":"Feature","geometry":{"type":"Polygon","coordinates":[[[88.82609,26.87629],[88.82134,26.87691],[88.80277,26.87767],[88.80243,26.87071],[88.80305,26.86712],[88.79485,26.86755],[88.79671,26.86345],[88.79261,26.85953],[88.78951,26.86095],[88.78971,26.85416],[88.79367,26.85249],[88.80157,26.84834],[88.8063,26.84832],[88.80657,26.85431],[88.81013,26.84945],[88.81341,26.84785],[88.81408,26.84858],[88.81598,26.85177],[88.81916,26.85215],[88.81946,26.85905],[88.81959,26.86329],[88.82119,26.87023],[88.82505,26.87487],[88.82609,26.87629]]]},"properties":{"District":"Jalpaiguri","Dist_LGD":"328","Sub_dist":"Matiali","Subdis_LGD":"2168","Subdis_Typ":"Cd_Block","Vill_name":"Mangalbari (Ct)","Vill_Cat":"Partly_Urban","Vill_LGD":"307021","arr_project":"asha1,asha2"}},
{"type":"Feature","geometry":{"type":"MultiPolygon","coordinates":[[[[88.8249,26.82837],[88.81447,26.82949],[88.81007,26.82839],[88.81187,26.82574],[88.81423,26.82469],[88.8249,26.82369],[88.8249,26.82837]]],[[[88.82806,26.84036],[88.82263,26.84116],[88.81162,26.84418],[88.80735,26.84408],[88.8058,26.84215],[88.8118,26.83713],[88.8089,26.83501],[88.81316,26.8345],[88.8212,26.83195],[88.82666,26.8351],[88.82806,26.84036]]]]},"properties":{"District":"Jalpaiguri","Dist_LGD":"328","Sub_dist":"Matiali","Subdis_LGD":"2168","Subdis_Typ":"Cd_Block","Vill_name":"Uttar Dhupjhora","Vill_Cat":"Rural","Vill_LGD":"307014","arr_project":"asha1,asha2"}},
{"type":"Feature","geometry":{"type":"Polygon","coordinates":[[[89.0029,26.63382],[89.00839,26.62867],[89.01529,26.63136],[89.01633,26.63578],[89.01107,26.63581],[89.0029,26.63382]]]},"properties":{"District":"Jalpaiguri","Dist_LGD":"328","Sub_dist":"Dhupguri","Subdis_LGD":"2176","Subdis_Typ":"Cd_Block","Vill_name":"Sonakhali","Vill_Cat":"Rural","Vill_LGD":"307457N117","arr_project":"asha1,asha2"}},
{"type":"Feature","geometry":{"type":"Polygon","coordinates":[[[88.59271,26.78741],[88.59222,26.79054],[88.58861,26.7953],[88.58201,26.79474],[88.5838,26.79096],[88.58897,26.78652],[88.59271,26.78741]]]},"properties":{"District":"Jalpaiguri","Dist_LGD":"328","Sub_dist":"Kranti","Subdis_LGD":"02167N003","Subdis_Typ":"Cd_Block","Vill_name":"Gajol Doba","Vill_Cat":"Rural","Vill_LGD":"306900N097","arr_project":"asha1,asha2"}},
{"type":"Feature","geometry":{"type":"Polygon","coordinates":[[[88.67672,26.7733],[88.67621,26.7765],[88.66387,26.77362],[88.66427,26.7692],[88.67367,26.76955],[88.67672,26.7733]]]},"properties":{"District":"Jalpaiguri","Dist_LGD":"328","Sub_dist":"Kranti","Subdis_LGD":"02167N003","Subdis_Typ":"Cd_Block","Vill_name":"Magurmari","Vill_Cat":"Rural","Vill_LGD":"306900N098","arr_project":"asha1,asha2"}},
{"type":"Feature","geometry":{"type":"Polygon","coordinates":[[[88.69614,26.78175],[88.69831,26.78345],[88.69578,26.78982],[88.69049,26.79239],[88.68964,26.78563],[88.69614,26.78175]]]},"properties":{"District":"Jalpaiguri","Dist_LGD":"328","Sub_dist":"Kranti","Subdis_LGD":"02167N003","Subdis_Typ":"Cd_Block","Vill_name":"Sologharia","Vill_Cat":"Rural","Vill_LGD":"306900N099","arr_project":"asha1,asha2"}},
{"type":"Feature","geometry":{"type":"Polygon","coordinates":[[[88.67457,26.80681],[88.66843,26.81238],[88.66306,26.81613],[88.65954,26.81523],[88.66074,26.81155],[88.66342,26.80896],[88.66603,26.80352],[88.67081,26.80392],[88.67457,26.80681]]]},"properties":{"District":"Jalpaiguri","Dist_LGD":"328","Sub_dist":"Kranti","Subdis_LGD":"02167N003","Subdis_Typ":"Cd_Block","Vill_name":"Mech Basti","Vill_Cat":"Rural","Vill_LGD":"306900N100","arr_project":"asha1,asha2"}},
{"type":"Feature","geometry":{"type":"Polygon","coordinates":[[[88.79879,26.74047],[88.79359,26.74003],[88.78543,26.7252],[88.78533,26.72075],[88.7897,26.72212],[88.79003,26.72614],[88.79459,26.73129],[88.79436,26.73413],[88.79782,26.73752],[88.79879,26.74047]]]},"properties":{"District":"Jalpaiguri","Dist_LGD":"328","Sub_dist":"Matiali","Subdis_LGD":"2168","Subdis_Typ":"Cd_Block","Vill_name":"Bicha Bhanga","Vill_Cat":"Rural","Vill_LGD":"307018N107","arr_project":"asha1,asha2"}},
{"type":"Feature","geometry":{"type":"Polygon","coordinates":[[[88.7613,26.77788],[88.75333,26.78134],[88.75194,26.78048],[88.75653,26.77667],[88.75649,26.77528],[88.76432,26.77192],[88.76725,26.77444],[88.7613,26.77788]]]},"properties":{"District":"Jalpaiguri","Dist_LGD":"328","Sub_dist":"Matiali","Subdis_LGD":"2168","Subdis_Typ":"Cd_Block","Vill_name":"Bamni","Vill_Cat":"Rural","Vill_LGD":"307017N105","arr_project":"asha1,asha2"}},
{"type":"Feature","geometry":{"type":"Polygon","coordinates":[[[88.81423,26.82469],[88.81187,26.82574],[88.81067,26.82199],[88.80715,26.82267],[88.80844,26.81652],[88.80391,26.81461],[88.80528,26.81163],[88.80107,26.80944],[88.80213,26.80533],[88.80061,26.80343],[88.80298,26.79788],[88.80183,26.79602],[88.80202,26.7955],[88.80466,26.79662],[88.8045,26.79855],[88.80714,26.80601],[88.81171,26.81306],[88.81402,26.81929],[88.81423,26.82469]]]},"properties":{"District":"Jalpaiguri","Dist_LGD":"328","Sub_dist":"Matiali","Subdis_LGD":"2168","Subdis_Typ":"Cd_Block","Vill_name":"Murti","Vill_Cat":"Rural","Vill_LGD":"307015N104","arr_project":"asha1,asha2"}},
{"type":"Feature","geometry":{"type":"Polygon","coordinates":[[[88.81945,26.84829],[88.81408,26.84858],[88.81341,26.84785],[88.80843,26.84541],[88.80735,26.84408],[88.81162,26.84418],[88.82263,26.84116],[88.82806,26.84036],[88.82826,26.84309],[88.82224,26.84519],[88.81945,26.84829]]]},"properties":{"District":"Jalpaiguri","Dist_LGD":"328","Sub_dist":"Matiali","Subdis_LGD":"2168","Subdis_Typ":"Cd_Block","Vill_name":"South Indong","Vill_Cat":"Rural","Vill_LGD":"307014N102","arr_project":"asha1,asha2"}},
{"type":"Feature","geometry":{"type":"Polygon","coordinates":[[[88.80843,26.84541],[88.80402,26.84574],[88.80094,26.83451],[88.80345,26.83383],[88.8039,26.82944],[88.80014,26.82891],[88.7967,26.83022],[88.79858,26.83295],[88.79901,26.83701],[88.79526,26.83654],[88.79481,26.83009],[88.79003,26.82729],[88.78857,26.81718],[88.78858,26.8158],[88.79365,26.80869],[88.79354,26.80542],[88.79928,26.80467],[88.80061,26.80343],[88.80213,26.80533],[88.80107,26.80944],[88.80528,26.81163],[88.80391,26.81461],[88.80844,26.81652],[88.80715,26.82267],[88.81067,26.82199],[88.81187,26.82574],[88.81007,26.82839],[88.80743,26.83318],[88.8089,26.83501],[88.8118,26.83713],[88.8058,26.84215],[88.80735,26.84408],[88.80843,26.84541]]]},"properties":{"District":"Jalpaiguri","Dist_LGD":"328","Sub_dist":"Matiali","Subdis_LGD":"2168","Subdis_Typ":"Cd_Block","Vill_name":"Purbba Batabari","Vill_Cat":"Rural","Vill_LGD":"307013","arr_project":"asha1,asha2"}},
{"type":"Feature","geometry":{"type":"MultiPolygon","coordinates":[[[[88.75632,26.80552],[88.76233,26.80887],[88.75403,26.81194],[88.75246,26.80955],[88.75632,26.80552]]],[[[88.78053,26.83181],[88.77311,26.83105],[88.76888,26.8296],[88.76767,26.83172],[88.75717,26.83208],[88.75195,26.83278],[88.75223,26.83184],[88.75378,26.8285],[88.75183,26.82285],[88.75509,26.81413],[88.76427,26.81251],[88.76812,26.81634],[88.77354,26.81584],[88.77889,26.82024],[88.78053,26.83181]]]]},"properties":{"District":"Jalpaiguri","Dist_LGD":"328","Sub_dist":"Matiali","Subdis_LGD":"2168","Subdis_Typ":"Cd_Block","Vill_name":"Mathachulka","Vill_Cat":"Rural","Vill_LGD":"307009","arr_project":"asha1,asha2"}},
{"type":"Feature","geometry":{"type":"MultiPolygon","coordinates":[[[[88.76432,26.77192],[88.75649,26.77528],[88.75128,26.77434],[88.74943,26.7728],[88.75633,26.76891],[88.75754,26.76735],[88.7568,26.76355],[88.75191,26.76103],[88.75462,26.75824],[88.7563,26.76243],[88.76432,26.77192]]],[[[88.7613,26.77788],[88.76217,26.79045],[88.75602,26.79086],[88.7546,26.7938],[88.75376,26.78767],[88.7575,26.78589],[88.75576,26.78179],[88.75032,26.78357],[88.75194,26.78048],[88.75333,26.78134],[88.7613,26.77788]]]]},"properties":{"District":"Jalpaiguri","Dist_LGD":"328","Sub_dist":"Matiali","Subdis_LGD":"2168","Subdis_Typ":"Cd_Block","Vill_name":"Chhaoaphali","Vill_Cat":"Rural","Vill_LGD":"307017","arr_project":"asha1,asha2"}},
{"type":"Feature","geometry":{"type":"Polygon","coordinates":[[[88.75043,26.71253],[88.74828,26.7103],[88.74389,26.71227],[88.73996,26.71076],[88.74102,26.70818],[88.74698,26.70551],[88.75632,26.70368],[88.77172,26.70144],[88.77174,26.69634],[88.76939,26.69],[88.77652,26.68898],[88.77936,26.68345],[88.77652,26.67924],[88.77427,26.67324],[88.77568,26.67104],[88.7762,26.66797],[88.77417,26.66298],[88.77757,26.66104],[88.77964,26.65986],[88.78352,26.66677],[88.77914,26.6711],[88.78139,26.67491],[88.78785,26.67397],[88.78829,26.67857],[88.79013,26.68446],[88.78853,26.68625],[88.78888,26.69577],[88.79049,26.69792],[88.78497,26.69705],[88.774,26.70253],[88.7713,26.70784],[88.76709,26.7076],[88.75973,26.71076],[88.75336,26.71071],[88.75043,26.71253]]]},"properties":{"District":"Jalpaiguri","Dist_LGD":"328","Sub_dist":"Kranti","Subdis_LGD":"02167N003","Subdis_Typ":"Cd_Block","Vill_name":"Jhar Matiali","Vill_Cat":"Rural","Vill_LGD":"306972","arr_project":"asha1,asha2"}},
{"type":"Feature","geometry":{"type":"Polygon","coordinates":[[[89.08436,26.89546],[89.0693,26.90371],[89.05784,26.9008],[89.04857,26.89939],[89.05075,26.91599],[89.04166,26.92225],[89.03569,26.91851],[89.03313,26.90009],[89.03117,26.89616],[89.03098,26.89163],[89.02634,26.88974],[89.01732,26.8818],[89.0016,26.87083],[88.99512,26.86691],[88.98894,26.86511],[88.97799,26.86359],[88.97385,26.87078],[88.97848,26.88036],[88.97962,26.88447],[88.97688,26.8857],[88.97216,26.87617],[88.97098,26.8698],[88.96897,26.86536],[88.96578,26.86201],[88.9601,26.85559],[88.95561,26.85382],[88.95096,26.84992],[88.94467,26.84661],[88.93981,26.8455],[88.93078,26.84526],[88.92416,26.83932],[88.92312,26.83647],[88.91919,26.8348],[88.91164,26.83548],[88.90454,26.83058],[88.90091,26.82897],[88.90078,26.81912],[88.89819,26.81637],[88.89889,26.81443],[88.89912,26.80469],[88.89526,26.80176],[88.89052,26.80354],[88.89062,26.80082],[88.88724,26.79779],[88.88168,26.78484],[88.88101,26.77938],[88.88183,26.77391],[88.87975,26.76834],[88.88143,26.76231],[88.88491,26.75775],[88.88319,26.7533],[88.88392,26.75162],[88.88161,26.74682],[88.88252,26.7397],[88.88069,26.73373],[88.87681,26.73257],[88.87319,26.73302],[88.8725,26.72927],[88.8684,26.729],[88.8659,26.72701],[88.87039,26.72166],[88.87115,26.71942],[88.86973,26.71225],[88.87191,26.71612],[88.88116,26.72153],[88.88302,26.72598],[88.89524,26.72364],[88.89924,26.72664],[88.8989,26.73576],[88.89952,26.7385],[88.89892,26.74396],[88.9044,26.74984],[88.90359,26.75835],[88.90487,26.76245],[88.90645,26.77702],[88.90694,26.78393],[88.90688,26.79606],[88.90912,26.79985],[88.91406,26.805],[88.91699,26.80464],[88.92026,26.80704],[88.92788,26.80642],[88.93287,26.81318],[88.93868,26.82561],[88.94486,26.8274],[88.94947,26.8308],[88.95313,26.83084],[88.95595,26.82891],[88.96192,26.82971],[88.96373,26.82733],[88.96944,26.82938],[88.97022,26.8313],[88.97514,26.83325],[88.97763,26.83241],[88.98552,26.84086],[88.99028,26.84526],[88.99184,26.85089],[88.99998,26.85914],[89.0113,26.85589],[89.01393,26.85726],[89.01974,26.86298],[89.02398,26.86411],[89.02861,26.86828],[89.0301,26.86916],[89.03518,26.8731],[89.03791,26.87406],[89.03956,26.8772],[89.04409,26.88112],[89.04733,26.88596],[89.05777,26.8887],[89.0636,26.89011],[89.06907,26.89294],[89.08099,26.89542],[89.08436,26.89546]]]},"properties":{"District":"Jalpaiguri","Dist_LGD":"328","Sub_dist":"Nagrakata","Subdis_LGD":"2169","Subdis_Typ":"Cd_Block","Vill_name":"Deana Forest  (N)","Vill_Cat":"Rural","Vill_LGD":"307045","arr_project":"asha1,asha2"}},
{"type":"Feature","geometry":{"type":"Polygon","coordinates":[[[88.89149,26.85484],[88.89548,26.85349],[88.89534,26.84344],[88.90327,26.84512],[88.9086,26.84405],[88.91031,26.84625],[88.91263,26.85491],[88.91069,26.8596],[88.9117,26.86388],[88.90389,26.86585],[88.8985,26.86616],[88.89347,26.86767],[88.89149,26.85484]]]},"properties":{"District":"Jalpaiguri","Dist_LGD":"328","Sub_dist":"Nagrakata","Subdis_LGD":"2169","Subdis_Typ":"Cd_Block","Vill_name":"Sulkapara","Vill_Cat":"Rural","Vill_LGD":"307039","arr_project":"asha1,asha2"}},
{"type":"Feature","geometry":{"type":"Polygon","coordinates":[[[88.89819,26.81637],[88.90078,26.81912],[88.90091,26.82897],[88.90454,26.83058],[88.9108,26.83755],[88.9086,26.84405],[88.90327,26.84512],[88.89534,26.84344],[88.89548,26.85349],[88.89149,26.85484],[88.89107,26.84908],[88.88709,26.84373],[88.88667,26.83401],[88.8848,26.82449],[88.88507,26.82148],[88.89069,26.82185],[88.89528,26.82095],[88.8951,26.81856],[88.89819,26.81637]]]},"properties":{"District":"Jalpaiguri","Dist_LGD":"328","Sub_dist":"Nagrakata","Subdis_LGD":"2169","Subdis_Typ":"Cd_Block","Vill_name":"Khairbari","Vill_Cat":"Rural","Vill_LGD":"307040","arr_project":"asha1,asha2"}},
{"type":"Feature","geometry":{"type":"Polygon","coordinates":[[[88.93738,26.79426],[88.9317,26.7956],[88.93071,26.78946],[88.93998,26.78826],[88.94104,26.78719],[88.93809,26.76853],[88.93589,26.76425],[88.93222,26.76502],[88.9296,26.76289],[88.91867,26.76362],[88.91724,26.7613],[88.91811,26.75171],[88.92806,26.75509],[88.92836,26.75317],[88.93669,26.75284],[88.93863,26.75843],[88.94282,26.76004],[88.94375,26.76431],[88.94269,26.76905],[88.94502,26.77173],[88.94177,26.7733],[88.94325,26.77746],[88.94955,26.77808],[88.95279,26.78883],[88.95548,26.79234],[88.95518,26.79486],[88.94658,26.795],[88.94068,26.79319],[88.93738,26.79426]]]},"properties":{"District":"Jalpaiguri","Dist_LGD":"328","Sub_dist":"Nagrakata","Subdis_LGD":"2169","Subdis_Typ":"Cd_Block","Vill_name":"Angrabhasa  (N)","Vill_Cat":"Rural","Vill_LGD":"307053","arr_project":"asha1,asha2"}},
{"type":"Feature","geometry":{"type":"Polygon","coordinates":[[[88.93669,26.75284],[88.92836,26.75317],[88.92806,26.75509],[88.91811,26.75171],[88.91668,26.74832],[88.92203,26.74142],[88.92129,26.73593],[88.9178,26.73045],[88.92913,26.72642],[88.93093,26.72697],[88.93974,26.72616],[88.93895,26.72963],[88.94474,26.73463],[88.94669,26.73997],[88.94147,26.74016],[88.93482,26.74209],[88.93486,26.74624],[88.9378,26.74829],[88.94225,26.74877],[88.93669,26.75284]]]},"properties":{"District":"Jalpaiguri","Dist_LGD":"328","Sub_dist":"Nagrakata","Subdis_LGD":"2169","Subdis_Typ":"Cd_Block","Vill_name":"Dhonda Simla (N)","Vill_Cat":"Rural","Vill_LGD":"307054","arr_project":"asha1,asha2"}},
{"type":"Feature","geometry":{"type":"Polygon","coordinates":[[[88.87588,26.94586],[88.87474,26.94868],[88.87394,26.95767],[88.87153,26.95921],[88.87232,26.96417],[88.85567,26.96539],[88.85781,26.96271],[88.86014,26.95551],[88.86305,26.9498],[88.86452,26.94477],[88.86375,26.9418],[88.85876,26.9336],[88.86003,26.9299],[88.85828,26.92686],[88.85152,26.92431],[88.85099,26.92086],[88.84768,26.91749],[88.84312,26.91561],[88.83913,26.91256],[88.83517,26.90263],[88.83331,26.89751],[88.82862,26.89541],[88.82689,26.88431],[88.82609,26.87629],[88.82505,26.87487],[88.82911,26.87227],[88.82916,26.86054],[88.82615,26.86062],[88.81959,26.86329],[88.81946,26.85905],[88.8223,26.8586],[88.82644,26.84804],[88.81945,26.84829],[88.82224,26.84519],[88.82826,26.84309],[88.82806,26.84036],[88.82666,26.8351],[88.8249,26.82837],[88.8249,26.82369],[88.8244,26.81683],[88.82896,26.81201],[88.83153,26.80778],[88.83053,26.80545],[88.82226,26.80021],[88.81102,26.80153],[88.80466,26.79662],[88.80202,26.7955],[88.80325,26.79361],[88.80763,26.79211],[88.81332,26.79147],[88.82161,26.78682],[88.82356,26.78566],[88.83903,26.784],[88.84316,26.77249],[88.84633,26.76514],[88.84718,26.76131],[88.84529,26.75776],[88.84653,26.75504],[88.84971,26.75516],[88.85791,26.74161],[88.86014,26.73636],[88.85998,26.73246],[88.85727,26.72955],[88.86077,26.72527],[88.8603,26.72205],[88.86258,26.71747],[88.86841,26.7114],[88.86608,26.70875],[88.86611,26.70366],[88.86808,26.70109],[88.87038,26.70647],[88.86973,26.71225],[88.87115,26.71942],[88.87039,26.72166],[88.8659,26.72701],[88.86866,26.73355],[88.87158,26.73551],[88.87254,26.73937],[88.86717,26.75119],[88.86402,26.75186],[88.85729,26.76073],[88.85953,26.76892],[88.86579,26.77198],[88.86585,26.77691],[88.86765,26.77969],[88.86904,26.78366],[88.87553,26.78786],[88.87892,26.78848],[88.87892,26.79448],[88.88,26.80385],[88.88339,26.81345],[88.88507,26.82148],[88.8848,26.82449],[88.88667,26.83401],[88.88709,26.84373],[88.89107,26.84908],[88.89149,26.85484],[88.89347,26.86767],[88.89432,26.87503],[88.89262,26.88986],[88.89329,26.89367],[88.89196,26.8958],[88.89246,26.90106],[88.89442,26.90464],[88.89446,26.90774],[88.89041,26.91754],[88.88505,26.9176],[88.88182,26.92258],[88.87853,26.92603],[88.87842,26.93198],[88.87823,26.93593],[88.87626,26.93671],[88.87588,26.94586]],[[88.86371,26.93778],[88.8657,26.94502],[88.86918,26.94535],[88.86858,26.94856],[88.87293,26.9485],[88.87109,26.93373],[88.86598,26.9338],[88.86371,26.93778]],[[88.83823,26.87586],[88.83549,26.87734],[88.83544,26.8817],[88.84572,26.88421],[88.84738,26.87931],[88.84749,26.87068],[88.84719,26.867],[88.84439,26.85729],[88.83974,26.85693],[88.83822,26.85483],[88.83488,26.85561],[88.8385,26.87058],[88.83823,26.87586]]]},"properties":{"District":"Jalpaiguri","Dist_LGD":"328","Sub_dist":"Nagrakata","Subdis_LGD":"2169","Subdis_Typ":"Cd_Block","Vill_name":"Upper Tendu Forest (M)","Vill_Cat":"Rural","Vill_LGD":"307044","arr_project":"asha1,asha2"}},
{"type":"Feature","geometry":{"type":"Polygon","coordinates":[[[88.84653,26.75504],[88.84529,26.75776],[88.84718,26.76131],[88.84633,26.76514],[88.84316,26.77249],[88.83903,26.784],[88.82356,26.78566],[88.82161,26.78682],[88.81286,26.78078],[88.80989,26.7753],[88.80958,26.76796],[88.80836,26.7625],[88.80459,26.75144],[88.80175,26.74877],[88.80076,26.74357],[88.79879,26.74047],[88.79782,26.73752],[88.79436,26.73413],[88.79459,26.73129],[88.79003,26.72614],[88.7897,26.72212],[88.79034,26.71848],[88.78957,26.71344],[88.79217,26.70551],[88.78652,26.70181],[88.78644,26.69955],[88.79049,26.69792],[88.78888,26.69577],[88.79084,26.69239],[88.80346,26.69344],[88.81496,26.69566],[88.81668,26.70122],[88.82037,26.7047],[88.81687,26.70935],[88.81937,26.7159],[88.82393,26.71609],[88.82828,26.71008],[88.83504,26.71621],[88.83527,26.71828],[88.83894,26.72279],[88.84002,26.72916],[88.84501,26.73933],[88.84662,26.7429],[88.84913,26.74297],[88.85389,26.73873],[88.85295,26.74174],[88.84951,26.74493],[88.84895,26.75355],[88.84653,26.75504]],[[88.83298,26.77252],[88.8333,26.77783],[88.83591,26.77927],[88.83868,26.77594],[88.8394,26.77159],[88.83282,26.77051],[88.83298,26.77252]],[[88.83825,26.76193],[88.83747,26.75914],[88.83317,26.7594],[88.83459,26.76744],[88.83866,26.76711],[88.83977,26.7651],[88.83825,26.76193]],[[88.80396,26.73134],[88.80425,26.73873],[88.80686,26.74017],[88.81064,26.73701],[88.81058,26.73093],[88.80719,26.72992],[88.80396,26.73134]]]},"properties":{"District":"Jalpaiguri","Dist_LGD":"328","Sub_dist":"Maynaguri","Subdis_LGD":"2177","Subdis_Typ":"Cd_Block","Vill_name":"Nimna Tandu Forest","Vill_Cat":"Rural","Vill_LGD":"307517","arr_project":"asha1,asha2"}},
{"type":"Feature","geometry":{"type":"Polygon","coordinates":[[[88.87038,26.70647],[88.86808,26.70109],[88.86611,26.70366],[88.86608,26.70875],[88.86841,26.7114],[88.86258,26.71747],[88.8603,26.72205],[88.86077,26.72527],[88.85727,26.72955],[88.85998,26.73246],[88.86014,26.73636],[88.85791,26.74161],[88.84971,26.75516],[88.84653,26.75504],[88.84895,26.75355],[88.84951,26.74493],[88.85295,26.74174],[88.85389,26.73873],[88.8566,26.73667],[88.85745,26.73206],[88.85593,26.72296],[88.85396,26.71783],[88.85425,26.71229],[88.85474,26.70763],[88.85895,26.70075],[88.86065,26.6927],[88.86208,26.68924],[88.86427,26.6793],[88.86332,26.67487],[88.86406,26.66317],[88.86441,26.66079],[88.86918,26.65498],[88.87018,26.65047],[88.86944,26.64795],[88.87247,26.64283],[88.8729,26.6381],[88.87414,26.63783],[88.87708,26.64298],[88.87816,26.64866],[88.87774,26.65542],[88.87878,26.65857],[88.87174,26.66649],[88.86978,26.6703],[88.87043,26.67436],[88.87258,26.67795],[88.87126,26.68443],[88.87301,26.69231],[88.87046,26.69816],[88.87277,26.70063],[88.8715,26.70303],[88.87038,26.70647]]]},"properties":{"District":"Jalpaiguri","Dist_LGD":"328","Sub_dist":"Maynaguri","Subdis_LGD":"2177","Subdis_Typ":"Cd_Block","Vill_name":"Purbba Dobbari","Vill_Cat":"Rural","Vill_LGD":"307508","arr_project":"asha1,asha2"}},
{"type":"Feature","geometry":{"type":"Polygon","coordinates":[[[88.81682,26.68967],[88.81856,26.69129],[88.81752,26.69493],[88.81496,26.69566],[88.80346,26.69344],[88.79084,26.69239],[88.78888,26.69577],[88.78853,26.68625],[88.79013,26.68446],[88.78829,26.67857],[88.79454,26.67788],[88.79855,26.67897],[88.79948,26.68085],[88.81279,26.67785],[88.81541,26.68252],[88.81467,26.68609],[88.81682,26.68967]]]},"properties":{"District":"Jalpaiguri","Dist_LGD":"328","Sub_dist":"Maynaguri","Subdis_LGD":"2177","Subdis_Typ":"Cd_Block","Vill_name":"Uttar Kalamati","Vill_Cat":"Rural","Vill_LGD":"307518","arr_project":"asha1,asha2"}},
{"type":"Feature","geometry":{"type":"Polygon","coordinates":[[[88.76383,26.60449],[88.76704,26.60533],[88.76606,26.61066],[88.76359,26.61319],[88.76597,26.61563],[88.76389,26.61974],[88.75815,26.62397],[88.75512,26.62409],[88.75393,26.62809],[88.75592,26.63071],[88.74988,26.63469],[88.74947,26.62999],[88.74393,26.62611],[88.74596,26.62219],[88.7511,26.61822],[88.75432,26.61444],[88.75409,26.61256],[88.74732,26.61637],[88.74399,26.61345],[88.74568,26.60993],[88.75221,26.60329],[88.75695,26.60355],[88.76098,26.60613],[88.76383,26.60449]]]},"properties":{"District":"Jalpaiguri","Dist_LGD":"328","Sub_dist":"Maynaguri","Subdis_LGD":"2177","Subdis_Typ":"Cd_Block","Vill_name":"Chat Rarpar","Vill_Cat":"Rural","Vill_LGD":"307524","arr_project":"asha1,asha2"}},
{"type":"Feature","geometry":{"type":"Polygon","coordinates":[[[88.87277,26.70063],[88.87046,26.69816],[88.87301,26.69231],[88.87126,26.68443],[88.87502,26.68678],[88.87667,26.69408],[88.87437,26.69596],[88.87277,26.70063]]]},"properties":{"District":"Jalpaiguri","Dist_LGD":"328","Sub_dist":"Maynaguri","Subdis_LGD":"2177","Subdis_Typ":"Cd_Block","Vill_name":"Forest Ramsai","Vill_Cat":"Rural","Vill_LGD":"307509","arr_project":"asha1,asha2"}},
{"type":"Feature","geometry":{"type":"Polygon","coordinates":[[[88.84339,26.97634],[88.84209,26.97847],[88.83799,26.97844],[88.83105,26.98454],[88.82452,26.98428],[88.82296,26.98807],[88.81905,26.98843],[88.8126,26.99177],[88.80984,26.99095],[88.80016,26.9904],[88.79287,26.99102],[88.78637,26.97843],[88.78468,26.97657],[88.78765,26.97558],[88.80369,26.97427],[88.80501,26.9662],[88.80372,26.95996],[88.82661,26.95825],[88.82116,26.96421],[88.81777,26.96892],[88.81631,26.97287],[88.82708,26.97571],[88.83191,26.97163],[88.83818,26.97253],[88.84339,26.97634]]]},"properties":{"District":"Jalpaiguri","Dist_LGD":"328","Sub_dist":"Matiali","Subdis_LGD":"2168","Subdis_Typ":"Cd_Block","Vill_name":"Samsing Tea Garden","Vill_Cat":"Rural","Vill_LGD":"306998","arr_project":"asha1,asha2"}},
{"type":"Feature","geometry":{"type":"Polygon","coordinates":[[[88.80372,26.95996],[88.80501,26.9662],[88.80369,26.97427],[88.78765,26.97558],[88.78468,26.97657],[88.78206,26.97509],[88.77533,26.97481],[88.76982,26.96864],[88.76647,26.96906],[88.76823,26.96666],[88.76857,26.95335],[88.78062,26.95186],[88.80453,26.95168],[88.80344,26.95354],[88.80372,26.95996]]]},"properties":{"District":"Jalpaiguri","Dist_LGD":"328","Sub_dist":"Matiali","Subdis_LGD":"2168","Subdis_Typ":"Cd_Block","Vill_name":"Chalauni Tea Garden","Vill_Cat":"Rural","Vill_LGD":"306997","arr_project":"asha1,asha2"}},
{"type":"Feature","geometry":{"type":"Polygon","coordinates":[[[88.85567,26.96539],[88.85224,26.96635],[88.85205,26.96947],[88.84808,26.97439],[88.84339,26.97634],[88.83818,26.97253],[88.83191,26.97163],[88.82708,26.97571],[88.81631,26.97287],[88.81777,26.96892],[88.82116,26.96421],[88.82661,26.95825],[88.83295,26.95805],[88.84733,26.95613],[88.86014,26.95551],[88.85781,26.96271],[88.85567,26.96539]]]},"properties":{"District":"Jalpaiguri","Dist_LGD":"328","Sub_dist":"Matiali","Subdis_LGD":"2168","Subdis_Typ":"Cd_Block","Vill_name":"Yongttong Tea Garden","Vill_Cat":"Rural","Vill_LGD":"306999","arr_project":"asha1,asha2"}},
{"type":"Feature","geometry":{"type":"Polygon","coordinates":[[[88.80512,26.90804],[88.8121,26.90677],[88.82719,26.90539],[88.83361,26.90421],[88.83517,26.90263],[88.83913,26.91256],[88.84312,26.91561],[88.84768,26.91749],[88.85099,26.92086],[88.85152,26.92431],[88.84704,26.9263],[88.81657,26.92909],[88.81098,26.92974],[88.80581,26.93046],[88.80422,26.92536],[88.80592,26.91795],[88.80432,26.91563],[88.80297,26.91231],[88.80512,26.90804]]]},"properties":{"District":"Jalpaiguri","Dist_LGD":"328","Sub_dist":"Matiali","Subdis_LGD":"2168","Subdis_Typ":"Cd_Block","Vill_name":"Indong Tea Garden","Vill_Cat":"Rural","Vill_LGD":"307003","arr_project":"asha1,asha2"}},
{"type":"Feature","geometry":{"type":"Polygon","coordinates":[[[88.75291,26.86398],[88.75965,26.86253],[88.76327,26.86475],[88.76204,26.8682],[88.76693,26.87262],[88.77075,26.88047],[88.77226,26.89465],[88.76834,26.89929],[88.76238,26.904],[88.75336,26.90562],[88.75194,26.90843],[88.73903,26.90947],[88.73873,26.90639],[88.74027,26.90279],[88.73948,26.89614],[88.74492,26.88953],[88.74631,26.8851],[88.74612,26.88136],[88.75059,26.87815],[88.75288,26.87052],[88.75291,26.86398]]]},"properties":{"District":"Jalpaiguri","Dist_LGD":"328","Sub_dist":"Matiali","Subdis_LGD":"2168","Subdis_Typ":"Cd_Block","Vill_name":"Son Gachhi Tea Garden","Vill_Cat":"Rural","Vill_LGD":"306994","arr_project":"asha1,asha2"}},
{"type":"Feature","geometry":{"type":"Polygon","coordinates":[[[88.81341,26.84785],[88.81013,26.84945],[88.80657,26.85431],[88.8063,26.84832],[88.80157,26.84834],[88.79367,26.85249],[88.79161,26.85049],[88.78742,26.84964],[88.78842,26.84416],[88.78613,26.84304],[88.78562,26.8401],[88.78985,26.83882],[88.79029,26.83383],[88.78512,26.82802],[88.78641,26.82228],[88.78429,26.82045],[88.78857,26.81718],[88.79003,26.82729],[88.79481,26.83009],[88.79526,26.83654],[88.79901,26.83701],[88.79858,26.83295],[88.7967,26.83022],[88.80014,26.82891],[88.8039,26.82944],[88.80345,26.83383],[88.80094,26.83451],[88.80402,26.84574],[88.80843,26.84541],[88.81341,26.84785]]]},"properties":{"District":"Jalpaiguri","Dist_LGD":"328","Sub_dist":"Matiali","Subdis_LGD":"2168","Subdis_Typ":"Cd_Block","Vill_name":"Batabari Tea Garden","Vill_Cat":"Rural","Vill_LGD":"307012","arr_project":"asha1,asha2"}},
{"type":"Feature","geometry":{"type":"Polygon","coordinates":[[[88.76217,26.79045],[88.77984,26.78953],[88.78658,26.78963],[88.79508,26.79664],[88.80183,26.79602],[88.80298,26.79788],[88.80061,26.80343],[88.79928,26.80467],[88.79354,26.80542],[88.79365,26.80869],[88.78858,26.8158],[88.7855,26.8123],[88.78161,26.80985],[88.77724,26.81217],[88.77494,26.80773],[88.7679,26.80623],[88.76575,26.80324],[88.76048,26.80178],[88.75517,26.79666],[88.7546,26.7938],[88.75602,26.79086],[88.76217,26.79045]]]},"properties":{"District":"Jalpaiguri","Dist_LGD":"328","Sub_dist":"Matiali","Subdis_LGD":"2168","Subdis_Typ":"Cd_Block","Vill_name":"Bara Dighi Tea Garden","Vill_Cat":"Rural","Vill_LGD":"307016","arr_project":"asha1,asha2"}},
{"type":"Feature","geometry":{"type":"Polygon","coordinates":[[[88.6641,26.92754],[88.66463,26.93384],[88.6729,26.94822],[88.66256,26.96289],[88.66036,26.96877],[88.6578,26.96774],[88.65544,26.96444],[88.65623,26.9602],[88.65002,26.95013],[88.64786,26.9423],[88.63901,26.93432],[88.63713,26.92912],[88.63902,26.92522],[88.64215,26.92562],[88.65372,26.92525],[88.65885,26.92609],[88.66305,26.92522],[88.6641,26.92754]]]},"properties":{"District":"Jalpaiguri","Dist_LGD":"328","Sub_dist":"Mal","Subdis_LGD":"2167","Subdis_Typ":"Cd_Block","Vill_name":"Patharjhora Tea Garden","Vill_Cat":"Rural","Vill_LGD":"306906","arr_project":"asha1,asha2"}},
{"type":"Feature","geometry":{"type":"Polygon","coordinates":[[[88.70851,26.91265],[88.70863,26.92661],[88.68873,26.92675],[88.6641,26.92754],[88.66305,26.92522],[88.65897,26.91339],[88.66622,26.91268],[88.68757,26.91341],[88.70329,26.91284],[88.70851,26.91265]]]},"properties":{"District":"Jalpaiguri","Dist_LGD":"328","Sub_dist":"Mal","Subdis_LGD":"2167","Subdis_Typ":"Cd_Block","Vill_name":"Menglass Tea Garden","Vill_Cat":"Rural","Vill_LGD":"306907","arr_project":"asha1,asha2"}},
{"type":"Feature","geometry":{"type":"Polygon","coordinates":[[[88.73791,26.91377],[88.73795,26.91833],[88.74158,26.92604],[88.70863,26.92661],[88.70851,26.91265],[88.71307,26.91267],[88.7206,26.91266],[88.73432,26.91306],[88.73791,26.91377]]]},"properties":{"District":"Jalpaiguri","Dist_LGD":"328","Sub_dist":"Mal","Subdis_LGD":"2167","Subdis_Typ":"Cd_Block","Vill_name":"Dalingkote Tea Garden","Vill_Cat":"Rural","Vill_LGD":"306908","arr_project":"asha1,asha2"}},
{"type":"Feature","geometry":{"type":"Polygon","coordinates":[[[88.67455,26.88672],[88.6724,26.88602],[88.66614,26.89674],[88.65828,26.89752],[88.65251,26.90112],[88.64814,26.896],[88.64485,26.88711],[88.64185,26.88222],[88.64244,26.87523],[88.63976,26.86938],[88.63987,26.86396],[88.64658,26.86446],[88.64785,26.8631],[88.67004,26.85832],[88.67021,26.86152],[88.66901,26.86992],[88.68154,26.86999],[88.68018,26.87566],[88.68065,26.87912],[88.67756,26.88],[88.67504,26.87952],[88.67455,26.88672]]]},"properties":{"District":"Jalpaiguri","Dist_LGD":"328","Sub_dist":"Mal","Subdis_LGD":"2167","Subdis_Typ":"Cd_Block","Vill_name":"Ranichera Tea Garden","Vill_Cat":"Rural","Vill_LGD":"306916","arr_project":"asha1,asha2"}},
{"type":"Feature","geometry":{"type":"Polygon","coordinates":[[[88.54284,26.85297],[88.53904,26.84622],[88.53783,26.84062],[88.54132,26.83941],[88.5485,26.83324],[88.55221,26.83853],[88.55306,26.84234],[88.54935,26.84371],[88.55243,26.85202],[88.54284,26.85297]]]},"properties":{"District":"Jalpaiguri","Dist_LGD":"328","Sub_dist":"Mal","Subdis_LGD":"2167","Subdis_Typ":"Cd_Block","Vill_name":"Kalagaity Tea Garden","Vill_Cat":"Rural","Vill_LGD":"306891","arr_project":"asha1,asha2"}},
{"type":"Feature","geometry":{"type":"Polygon","coordinates":[[[88.75659,26.73468],[88.75304,26.73493],[88.74999,26.7373],[88.75003,26.74019],[88.75698,26.74318],[88.75594,26.74977],[88.75583,26.74961],[88.75123,26.74794],[88.75163,26.74489],[88.74508,26.74326],[88.74407,26.74421],[88.7358,26.74206],[88.72979,26.74212],[88.72677,26.73834],[88.72349,26.73749],[88.72179,26.73497],[88.72782,26.73471],[88.72995,26.73004],[88.72485,26.72833],[88.72335,26.72591],[88.72398,26.72349],[88.73103,26.72571],[88.73377,26.72425],[88.73086,26.72104],[88.72506,26.7213],[88.72559,26.71686],[88.72973,26.71566],[88.73066,26.71816],[88.73567,26.7185],[88.7374,26.71599],[88.74139,26.7194],[88.74509,26.72084],[88.74479,26.72416],[88.74757,26.72787],[88.7569,26.73211],[88.75659,26.73468]]]},"properties":{"District":"Jalpaiguri","Dist_LGD":"328","Sub_dist":"Mal","Subdis_LGD":"2167","Subdis_Typ":"Cd_Block","Vill_name":"Neoranadi Tea Garden","Vill_Cat":"Rural","Vill_LGD":"306960","arr_project":"asha1,asha2"}},
{"type":"Feature","geometry":{"type":"Polygon","coordinates":[[[88.74484,26.67211],[88.74976,26.67069],[88.75212,26.66843],[88.75275,26.66529],[88.75041,26.66136],[88.7481,26.66011],[88.7526,26.65862],[88.76213,26.65808],[88.76289,26.659],[88.77058,26.65837],[88.77195,26.66153],[88.77757,26.66104],[88.77417,26.66298],[88.7762,26.66797],[88.77568,26.67104],[88.76801,26.6726],[88.76447,26.66908],[88.76233,26.66913],[88.75835,26.67369],[88.75505,26.67243],[88.7536,26.67472],[88.74484,26.67211]]]},"properties":{"District":"Jalpaiguri","Dist_LGD":"328","Sub_dist":"Kranti","Subdis_LGD":"02167N003","Subdis_Typ":"Cd_Block","Vill_name":"Dakshin Chak Maulani","Vill_Cat":"Rural","Vill_LGD":"306974","arr_project":"asha1,asha2"}},
{"type":"Feature","geometry":{"type":"Polygon","coordinates":[[[88.70159,26.66969],[88.70719,26.66029],[88.70731,26.65088],[88.71435,26.6458],[88.71595,26.64363],[88.71981,26.64419],[88.72456,26.65121],[88.72383,26.65549],[88.7221,26.66228],[88.71873,26.66478],[88.71405,26.66575],[88.70484,26.67179],[88.70159,26.66969]]]},"properties":{"District":"Jalpaiguri","Dist_LGD":"328","Sub_dist":"Kranti","Subdis_LGD":"02167N003","Subdis_Typ":"Cd_Block","Vill_name":"Paschim Sangapara","Vill_Cat":"Rural","Vill_LGD":"306977","arr_project":"asha1,asha2"}},
{"type":"Feature","geometry":{"type":"Polygon","coordinates":[[[88.90277,26.94035],[88.90233,26.93468],[88.90691,26.93404],[88.90382,26.92943],[88.91616,26.92814],[88.91388,26.92596],[88.91505,26.92219],[88.91308,26.91632],[88.91442,26.91511],[88.92269,26.91499],[88.92444,26.91771],[88.92561,26.92608],[88.92844,26.9297],[88.92846,26.93754],[88.93058,26.94381],[88.92586,26.94412],[88.92959,26.95259],[88.90431,26.95459],[88.90277,26.94035]]]},"properties":{"District":"Jalpaiguri","Dist_LGD":"328","Sub_dist":"Nagrakata","Subdis_LGD":"2169","Subdis_Typ":"Cd_Block","Vill_name":"Naya Saili Tea Garden","Vill_Cat":"Rural","Vill_LGD":"307024","arr_project":"asha1,asha2"}},
{"type":"Feature","geometry":{"type":"Polygon","coordinates":[[[88.88182,26.92258],[88.88505,26.9176],[88.89041,26.91754],[88.89446,26.90774],[88.89442,26.90464],[88.89738,26.90108],[88.89757,26.89806],[88.89539,26.89566],[88.89626,26.89273],[88.89731,26.89243],[88.89928,26.88425],[88.90199,26.88063],[88.90416,26.88139],[88.90115,26.89393],[88.90163,26.89598],[88.90954,26.90592],[88.91208,26.91292],[88.91442,26.91511],[88.91308,26.91632],[88.91505,26.92219],[88.91388,26.92596],[88.91616,26.92814],[88.90382,26.92943],[88.90691,26.93404],[88.90233,26.93468],[88.90277,26.94035],[88.8953,26.93733],[88.89501,26.93425],[88.88771,26.9322],[88.88221,26.93265],[88.88278,26.92983],[88.88338,26.92708],[88.88182,26.92258]]]},"properties":{"District":"Jalpaiguri","Dist_LGD":"328","Sub_dist":"Nagrakata","Subdis_LGD":"2169","Subdis_Typ":"Cd_Block","Vill_name":"Nagrakata Tea Garden","Vill_Cat":"Rural","Vill_LGD":"307027","arr_project":"asha1,asha2"}},
{"type":"Feature","geometry":{"type":"Polygon","coordinates":[[[88.90199,26.88063],[88.90351,26.8767],[88.91012,26.87569],[88.91348,26.869],[88.9117,26.86388],[88.91069,26.8596],[88.91263,26.85491],[88.91734,26.8538],[88.91884,26.85712],[88.92296,26.85764],[88.92498,26.86073],[88.92543,26.86629],[88.92772,26.86934],[88.92803,26.87751],[88.9321,26.88463],[88.93352,26.89002],[88.93883,26.90266],[88.93036,26.90317],[88.931,26.90801],[88.92807,26.90953],[88.92037,26.90633],[88.92269,26.91499],[88.91442,26.91511],[88.91208,26.91292],[88.90954,26.90592],[88.90163,26.89598],[88.90115,26.89393],[88.90416,26.88139],[88.90199,26.88063]]]},"properties":{"District":"Jalpaiguri","Dist_LGD":"328","Sub_dist":"Nagrakata","Subdis_LGD":"2169","Subdis_Typ":"Cd_Block","Vill_name":"Bhagatpur Tea Garden","Vill_Cat":"Rural","Vill_LGD":"307030","arr_project":"asha1,asha2"}},
{"type":"Feature","geometry":{"type":"Polygon","coordinates":[[[88.87588,26.94586],[88.87626,26.93671],[88.87823,26.93593],[88.87842,26.93198],[88.88278,26.92983],[88.88221,26.93265],[88.88771,26.9322],[88.89501,26.93425],[88.8953,26.93733],[88.90277,26.94035],[88.90431,26.95459],[88.88516,26.95662],[88.88407,26.94945],[88.88279,26.9477],[88.87701,26.94439],[88.87588,26.94586]]]},"properties":{"District":"Jalpaiguri","Dist_LGD":"328","Sub_dist":"Nagrakata","Subdis_LGD":"2169","Subdis_Typ":"Cd_Block","Vill_name":"Hilla Tea Garden","Vill_Cat":"Rural","Vill_LGD":"307025","arr_project":"asha1,asha2"}},
{"type":"Feature","geometry":{"type":"Polygon","coordinates":[[[88.75659,26.73468],[88.75724,26.73875],[88.76213,26.74469],[88.76132,26.74858],[88.75594,26.74977],[88.75698,26.74318],[88.75003,26.74019],[88.74999,26.7373],[88.75304,26.73493],[88.75659,26.73468]]]},"properties":{"District":"Jalpaiguri","Dist_LGD":"328","Sub_dist":"Mal","Subdis_LGD":"2167","Subdis_Typ":"Cd_Block","Vill_name":"Purba Kantadighi Kumarpara","Vill_Cat":"Rural","Vill_LGD":"306961","arr_project":"asha1,asha2"}},
{"type":"Feature","geometry":{"type":"Polygon","coordinates":[[[88.75695,26.73119],[88.7569,26.73211],[88.74757,26.72787],[88.74479,26.72416],[88.74509,26.72084],[88.74139,26.7194],[88.7374,26.71599],[88.73996,26.71076],[88.74389,26.71227],[88.74828,26.7103],[88.75043,26.71253],[88.75502,26.71909],[88.7623,26.71586],[88.76394,26.71845],[88.76172,26.72181],[88.75573,26.72379],[88.75695,26.73119]]]},"properties":{"District":"Jalpaiguri","Dist_LGD":"328","Sub_dist":"Mal","Subdis_LGD":"2167","Subdis_Typ":"Cd_Block","Vill_name":"Dakshin Kantadighi Kumarpara","Vill_Cat":"Rural","Vill_LGD":"306962","arr_project":"asha1,asha2"}},
{"type":"Feature","geometry":{"type":"Polygon","coordinates":[[[88.80053,26.89717],[88.79591,26.89786],[88.7818,26.89777],[88.76834,26.89929],[88.77226,26.89465],[88.77075,26.88047],[88.77266,26.87995],[88.77561,26.8753],[88.77865,26.87355],[88.78034,26.86819],[88.77617,26.8621],[88.78332,26.86027],[88.78423,26.85791],[88.78326,26.85142],[88.78769,26.85294],[88.78776,26.85826],[88.78951,26.86095],[88.79261,26.85953],[88.79671,26.86345],[88.79485,26.86755],[88.80305,26.86712],[88.80243,26.87071],[88.80277,26.87767],[88.79237,26.87849],[88.79232,26.88093],[88.79539,26.88775],[88.79499,26.89385],[88.79792,26.89429],[88.80053,26.89717]]]},"properties":{"District":"Jalpaiguri","Dist_LGD":"328","Sub_dist":"Matiali","Subdis_LGD":"2168","Subdis_Typ":"Cd_Block","Vill_name":"Sathkaya Tea Garden","Vill_Cat":"Rural","Vill_LGD":"307005","arr_project":"asha1,asha2"}},
{"type":"Feature","geometry":{"type":"Polygon","coordinates":[[[88.81154,26.93673],[88.8333,26.93504],[88.83162,26.9443],[88.84525,26.94348],[88.84903,26.94279],[88.86375,26.9418],[88.86452,26.94477],[88.86305,26.9498],[88.86014,26.95551],[88.84733,26.95613],[88.83295,26.95805],[88.82661,26.95825],[88.80372,26.95996],[88.80344,26.95354],[88.80453,26.95168],[88.80677,26.94657],[88.80572,26.94502],[88.80463,26.93733],[88.80989,26.93706],[88.81154,26.93673]]]},"properties":{"District":"Jalpaiguri","Dist_LGD":"328","Sub_dist":"Matiali","Subdis_LGD":"2168","Subdis_Typ":"Cd_Block","Vill_name":"Matiali Tea Garden","Vill_Cat":"Rural","Vill_LGD":"307000","arr_project":"asha1,asha2"}},
{"type":"Feature","geometry":{"type":"Polygon","coordinates":[[[88.88041,26.68018],[88.87852,26.68089],[88.88159,26.68666],[88.87502,26.68678],[88.87126,26.68443],[88.87258,26.67795],[88.87043,26.67436],[88.86978,26.6703],[88.87174,26.66649],[88.87878,26.65857],[88.87774,26.65542],[88.87816,26.64866],[88.88299,26.65281],[88.87887,26.65899],[88.88082,26.66041],[88.88453,26.6555],[88.88233,26.65903],[88.88405,26.66229],[88.88326,26.66924],[88.88625,26.66979],[88.88041,26.68018]]]},"properties":{"District":"Jalpaiguri","Dist_LGD":"328","Sub_dist":"Banarhat","Subdis_LGD":"02176N004","Subdis_Typ":"Cd_Block","Vill_name":"Ramsai Forest Ii","Vill_Cat":"Rural","Vill_LGD":"307449","arr_project":"asha1,asha2"}},
{"type":"Feature","geometry":{"type":"Polygon","coordinates":[[[88.68714,26.295],[88.68007,26.30195],[88.67974,26.30367],[88.67855,26.29882],[88.67056,26.2982],[88.66792,26.29718],[88.66848,26.29344],[88.67168,26.29459],[88.67862,26.29094],[88.67861,26.28942],[88.683,26.28638],[88.68425,26.28402],[88.68073,26.28265],[88.68047,26.27881],[88.68337,26.27798],[88.68577,26.28152],[88.69185,26.27911],[88.69405,26.28111],[88.69842,26.28061],[88.69962,26.28417],[88.7042,26.28554],[88.70586,26.29016],[88.69975,26.29218],[88.70024,26.28893],[88.69539,26.28986],[88.69314,26.29287],[88.68714,26.295]]]},"properties":{"District":"Jalpaiguri","Dist_LGD":"328","Sub_dist":"Jalpaiguri","Subdis_LGD":"2178","Subdis_Typ":"Cd_Block","Vill_name":"Garteshwari","Vill_Cat":"Rural","Vill_LGD":"307144N155","arr_project":"asha1,asha2"}},
{"type":"Feature","geometry":{"type":"Polygon","coordinates":[[[88.74101,26.29536],[88.74248,26.29926],[88.74778,26.29879],[88.7474,26.29551],[88.75846,26.29477],[88.76017,26.30313],[88.75664,26.31067],[88.75138,26.3114],[88.74533,26.31041],[88.74101,26.29536]]]},"properties":{"District":"Jalpaiguri","Dist_LGD":"328","Sub_dist":"Jalpaiguri","Subdis_LGD":"2178","Subdis_Typ":"Cd_Block","Vill_name":"Moringatari","Vill_Cat":"Rural","Vill_LGD":null,"arr_project":"asha1,asha2"}},
{"type":"Feature","geometry":{"type":"Polygon","coordinates":[[[88.70071,26.41453],[88.69435,26.41151],[88.6864,26.41311],[88.67952,26.41744],[88.67371,26.41455],[88.67417,26.41078],[88.66889,26.41226],[88.66198,26.41262],[88.66376,26.41033],[88.66759,26.40951],[88.6677,26.40719],[88.67781,26.40773],[88.6796,26.40635],[88.68567,26.40578],[88.68577,26.40108],[88.68692,26.39844],[88.69012,26.39855],[88.68908,26.40248],[88.69612,26.40652],[88.70193,26.41022],[88.70071,26.41453]],[[88.69232,26.40543],[88.69172,26.40645],[88.69267,26.40663],[88.69232,26.40543]]]},"properties":{"District":"Jalpaiguri","Dist_LGD":"328","Sub_dist":"Jalpaiguri","Subdis_LGD":"2178","Subdis_Typ":"Cd_Block","Vill_name":"Singimari Pratham Khanda","Vill_Cat":"Rural","Vill_LGD":"307610","arr_project":"asha1,asha2"}},
{"type":"Feature","geometry":{"type":"Polygon","coordinates":[[[88.95422,26.95693],[88.94719,26.95711],[88.93835,26.96212],[88.9267,26.96397],[88.92241,26.96595],[88.91768,26.96669],[88.90524,26.96576],[88.89998,26.96647],[88.89736,26.96813],[88.89632,26.96548],[88.89267,26.96376],[88.88516,26.95662],[88.90431,26.95459],[88.92959,26.95259],[88.93894,26.95213],[88.94853,26.95103],[88.95318,26.9497],[88.95422,26.95693]]]},"properties":{"District":"Jalpaiguri","Dist_LGD":"328","Sub_dist":"Nagrakata","Subdis_LGD":"2169","Subdis_Typ":"Cd_Block","Vill_name":"Hope Tea Garden","Vill_Cat":"Rural","Vill_LGD":"307023","arr_project":"asha1,asha2"}},
{"type":"Feature","geometry":{"type":"Polygon","coordinates":[[[88.95422,26.95693],[88.95425,26.95957],[88.95203,26.96314],[88.95233,26.96843],[88.92153,26.99395],[88.91589,26.9893],[88.91153,26.98672],[88.9085,26.97948],[88.90391,26.97559],[88.90276,26.97321],[88.89736,26.96813],[88.89998,26.96647],[88.90524,26.96576],[88.91768,26.96669],[88.92241,26.96595],[88.9267,26.96397],[88.93835,26.96212],[88.94719,26.95711],[88.95422,26.95693]]]},"properties":{"District":"Jalpaiguri","Dist_LGD":"328","Sub_dist":"Nagrakata","Subdis_LGD":"2169","Subdis_Typ":"Cd_Block","Vill_name":"Jiti Tea Garden","Vill_Cat":"Rural","Vill_LGD":"307022","arr_project":"asha1,asha2"}},
{"type":"Feature","geometry":{"type":"Polygon","coordinates":[[[88.8249,26.82837],[88.82666,26.8351],[88.8212,26.83195],[88.81316,26.8345],[88.8089,26.83501],[88.80743,26.83318],[88.81007,26.82839],[88.81447,26.82949],[88.8249,26.82837]]]},"properties":{"District":"Jalpaiguri","Dist_LGD":"328","Sub_dist":"Matiali","Subdis_LGD":"2168","Subdis_Typ":"Cd_Block","Vill_name":"Uttar Dhup Jhora","Vill_Cat":"Rural","Vill_LGD":"307014N103","arr_project":"asha1,asha2"}},
{"type":"Feature","geometry":{"type":"Polygon","coordinates":[[[88.82828,26.71008],[88.82393,26.71609],[88.81937,26.7159],[88.81687,26.70935],[88.82037,26.7047],[88.82786,26.70971],[88.82828,26.71008]]]},"properties":{"District":"Jalpaiguri","Dist_LGD":"328","Sub_dist":"Maynaguri","Subdis_LGD":"2177","Subdis_Typ":"Cd_Block","Vill_name":"Kalamati","Vill_Cat":"Rural","Vill_LGD":"307517N118","arr_project":"asha1,asha2"}},
{"type":"Feature","geometry":{"type":"Polygon","coordinates":[[[88.80396,26.73134],[88.80719,26.72992],[88.81058,26.73093],[88.81064,26.73701],[88.80686,26.74017],[88.80425,26.73873],[88.80396,26.73134]]]},"properties":{"District":"Jalpaiguri","Dist_LGD":"328","Sub_dist":"Maynaguri","Subdis_LGD":"2177","Subdis_Typ":"Cd_Block","Vill_name":"Budhuram","Vill_Cat":"Rural","Vill_LGD":"307517N119","arr_project":"asha1,asha2"}},
{"type":"Feature","geometry":{"type":"Polygon","coordinates":[[[88.83298,26.77252],[88.83282,26.77051],[88.8394,26.77159],[88.83868,26.77594],[88.83591,26.77927],[88.8333,26.77783],[88.83298,26.77252]]]},"properties":{"District":"Jalpaiguri","Dist_LGD":"328","Sub_dist":"Maynaguri","Subdis_LGD":"2177","Subdis_Typ":"Cd_Block","Vill_name":"Kalipur","Vill_Cat":"Rural","Vill_LGD":"307517N120","arr_project":"asha1,asha2"}},
{"type":"Feature","geometry":{"type":"Polygon","coordinates":[[[88.83825,26.76193],[88.83977,26.7651],[88.83866,26.76711],[88.83459,26.76744],[88.83317,26.7594],[88.83747,26.75914],[88.83825,26.76193]]]},"properties":{"District":"Jalpaiguri","Dist_LGD":"328","Sub_dist":"Maynaguri","Subdis_LGD":"2177","Subdis_Typ":"Cd_Block","Vill_name":"Chakowa","Vill_Cat":"Rural","Vill_LGD":"307517N121","arr_project":"asha1,asha2"}},
{"type":"Feature","geometry":{"type":"Polygon","coordinates":[[[88.81959,26.86329],[88.82615,26.86062],[88.82916,26.86054],[88.82911,26.87227],[88.82505,26.87487],[88.82119,26.87023],[88.81959,26.86329]]]},"properties":{"District":"Jalpaiguri","Dist_LGD":"328","Sub_dist":"Nagrakata","Subdis_LGD":"2169","Subdis_Typ":"Cd_Block","Vill_name":"New Khurnia","Vill_Cat":"Rural","Vill_LGD":"307044N108","arr_project":"asha1,asha2"}},
{"type":"Feature","geometry":{"type":"Polygon","coordinates":[[[88.84749,26.87068],[88.84602,26.87067],[88.83823,26.87586],[88.8385,26.87058],[88.83488,26.85561],[88.83822,26.85483],[88.83974,26.85693],[88.84439,26.85729],[88.84719,26.867],[88.84749,26.87068]]]},"properties":{"District":"Jalpaiguri","Dist_LGD":"328","Sub_dist":"Nagrakata","Subdis_LGD":"2169","Subdis_Typ":"Cd_Block","Vill_name":"Dakshin Panjhora","Vill_Cat":"Rural","Vill_LGD":"307044N109","arr_project":"asha1,asha2"}},
{"type":"Feature","geometry":{"type":"Polygon","coordinates":[[[88.81945,26.84829],[88.82644,26.84804],[88.8223,26.8586],[88.81946,26.85905],[88.81916,26.85215],[88.81598,26.85177],[88.81408,26.84858],[88.81945,26.84829]]]},"properties":{"District":"Jalpaiguri","Dist_LGD":"328","Sub_dist":"Nagrakata","Subdis_LGD":"2169","Subdis_Typ":"Cd_Block","Vill_name":"North Indong","Vill_Cat":"Rural","Vill_LGD":"307044N110","arr_project":"asha1,asha2"}},
{"type":"Feature","geometry":{"type":"Polygon","coordinates":[[[88.86371,26.93778],[88.86598,26.9338],[88.87109,26.93373],[88.87293,26.9485],[88.86858,26.94856],[88.86918,26.94535],[88.8657,26.94502],[88.86371,26.93778]]]},"properties":{"District":"Jalpaiguri","Dist_LGD":"328","Sub_dist":"Nagrakata","Subdis_LGD":"2169","Subdis_Typ":"Cd_Block","Vill_name":"Sipchu","Vill_Cat":"Rural","Vill_LGD":"307044N111","arr_project":"asha1,asha2"}},
{"type":"Feature","geometry":{"type":"Polygon","coordinates":[[[88.84749,26.87068],[88.84738,26.87931],[88.84572,26.88421],[88.83544,26.8817],[88.83549,26.87734],[88.83823,26.87586],[88.84602,26.87067],[88.84749,26.87068]]]},"properties":{"District":"Jalpaiguri","Dist_LGD":"328","Sub_dist":"Nagrakata","Subdis_LGD":"2169","Subdis_Typ":"Cd_Block","Vill_name":"Panjhora","Vill_Cat":"Rural","Vill_LGD":"307044N112","arr_project":"asha1,asha2"}},
{"type":"Feature","geometry":{"type":"Polygon","coordinates":[[[89.01717,26.59233],[89.01654,26.59312],[89.01392,26.5909],[89.01588,26.5898],[89.01717,26.59233]]]},"properties":{"District":"Jalpaiguri","Dist_LGD":"328","Sub_dist":"Dhupguri","Subdis_LGD":"2176","Subdis_Typ":"Cd_Block","Vill_name":"Gosairhat Chhits","Vill_Cat":"Fully_Urban","Vill_LGD":"307492","arr_project":"asha1,asha2"}},
{"type":"Feature","geometry":{"type":"Polygon","coordinates":[[[89.02917,26.58924],[89.03006,26.5912],[89.02972,26.59736],[89.02529,26.59655],[89.0266,26.59053],[89.02917,26.58924]]]},"properties":{"District":"Jalpaiguri","Dist_LGD":"328","Sub_dist":"Dhupguri","Subdis_LGD":"2176","Subdis_Typ":"Cd_Block","Vill_name":"Gosairhat Chhits","Vill_Cat":"Partly_Urban","Vill_LGD":"307492","arr_project":"asha1,asha2"}},
{"type":"Feature","geometry":{"type":"Polygon","coordinates":[[[89.04046,26.59176],[89.03687,26.58842],[89.03793,26.58767],[89.04046,26.59176]]]},"properties":{"District":"Jalpaiguri","Dist_LGD":"328","Sub_dist":"Dhupguri","Subdis_LGD":"2176","Subdis_Typ":"Cd_Block","Vill_name":"Gosairhat Chhits","Vill_Cat":"Partly_Urban","Vill_LGD":"307492","arr_project":"asha1,asha2"}},
{"type":"Feature","geometry":{"type":"Polygon","coordinates":[[[88.90059,26.45896],[88.89765,26.45945],[88.89691,26.45706],[88.89954,26.45374],[88.90271,26.45322],[88.90059,26.45896]]]},"properties":{"District":"Jalpaiguri","Dist_LGD":"328","Sub_dist":"Maynaguri","Subdis_LGD":"2177","Subdis_Typ":"Cd_Block","Vill_name":"Panishala","Vill_Cat":"Rural","Vill_LGD":"307589","arr_project":"asha1,asha2"}},
{"type":"Feature","geometry":{"type":"Polygon","coordinates":[[[89.06831,26.56538],[89.0607,26.56643],[89.05943,26.56502],[89.05704,26.56322],[89.06041,26.56163],[89.06207,26.55887],[89.06315,26.56236],[89.06831,26.56538]]]},"properties":{"District":"Jalpaiguri","Dist_LGD":"328","Sub_dist":"Dhupguri","Subdis_LGD":"2176","Subdis_Typ":"Cd_Block","Vill_name":"Gadang Dwitia Khanda","Vill_Cat":"Rural","Vill_LGD":"307498","arr_project":"asha1,asha2"}},
{"type":"Feature","geometry":{"type":"Polygon","coordinates":[[[89.05995,26.58016],[89.05883,26.58038],[89.05772,26.57959],[89.06043,26.57607],[89.05995,26.58016]]]},"properties":{"District":"Jalpaiguri","Dist_LGD":"328","Sub_dist":"Dhupguri","Subdis_LGD":"2176","Subdis_Typ":"Cd_Block","Vill_name":"Gadang Dwitia Khanda","Vill_Cat":"Rural","Vill_LGD":"307498","arr_project":"asha1,asha2"}},
{"type":"Feature","geometry":{"type":"Polygon","coordinates":[[[89.07786,26.56903],[89.07473,26.57285],[89.07054,26.57066],[89.06926,26.5654],[89.07276,26.56745],[89.07631,26.56788],[89.07786,26.56903]]]},"properties":{"District":"Jalpaiguri","Dist_LGD":"328","Sub_dist":"Dhupguri","Subdis_LGD":"2176","Subdis_Typ":"Cd_Block","Vill_name":"Gadang Dwitia Khanda","Vill_Cat":"Rural","Vill_LGD":"307498","arr_project":"asha1,asha2"}},
{"type":"Feature","geometry":{"type":"Polygon","coordinates":[[[89.0651,26.57092],[89.06471,26.57343],[89.06352,26.57178],[89.0651,26.57092]]]},"properties":{"District":"Jalpaiguri","Dist_LGD":"328","Sub_dist":"Dhupguri","Subdis_LGD":"2176","Subdis_Typ":"Cd_Block","Vill_name":"Gadang Dwitia Khanda","Vill_Cat":"Rural","Vill_LGD":"307498","arr_project":"asha1,asha2"}},
{"type":"Feature","geometry":{"type":"Polygon","coordinates":[[[89.04252,26.59185],[89.04521,26.59155],[89.04485,26.59594],[89.04252,26.59185]]]},"properties":{"District":"Jalpaiguri","Dist_LGD":"328","Sub_dist":"Dhupguri","Subdis_LGD":"2176","Subdis_Typ":"Cd_Block","Vill_name":"Gosairhat Chhits","Vill_Cat":"Rural","Vill_LGD":"307492","arr_project":"asha1,asha2"}},
{"type":"Feature","geometry":{"type":"Polygon","coordinates":[[[89.04738,26.59129],[89.04737,26.58868],[89.04976,26.58833],[89.04827,26.59155],[89.04738,26.59129]]]},"properties":{"District":"Jalpaiguri","Dist_LGD":"328","Sub_dist":"Dhupguri","Subdis_LGD":"2176","Subdis_Typ":"Cd_Block","Vill_name":"Gosairhat Chhits","Vill_Cat":"Rural","Vill_LGD":"307492","arr_project":"asha1,asha2"}},
{"type":"Feature","geometry":{"type":"Polygon","coordinates":[[[89.05255,26.59849],[89.04992,26.59623],[89.04999,26.5949],[89.05255,26.59849]]]},"properties":{"District":"Jalpaiguri","Dist_LGD":"328","Sub_dist":"Dhupguri","Subdis_LGD":"2176","Subdis_Typ":"Cd_Block","Vill_name":"Gosairhat Chhits","Vill_Cat":"Rural","Vill_LGD":"307492","arr_project":"asha1,asha2"}},
{"type":"Feature","geometry":{"type":"Polygon","coordinates":[[[88.98896,26.59406],[88.98762,26.59739],[88.98535,26.59578],[88.98573,26.59267],[88.98896,26.59406]]]},"properties":{"District":"Jalpaiguri","Dist_LGD":"328","Sub_dist":"Dhupguri","Subdis_LGD":"2176","Subdis_Typ":"Cd_Block","Vill_name":"Magurmari","Vill_Cat":"Rural","Vill_LGD":"307489","arr_project":"asha1,asha2"}},
{"type":"Feature","geometry":{"type":"Polygon","coordinates":[[[88.98943,26.6009],[88.98807,26.60196],[88.98619,26.59966],[88.9882,26.59926],[88.98943,26.6009]]]},"properties":{"District":"Jalpaiguri","Dist_LGD":"328","Sub_dist":"Dhupguri","Subdis_LGD":"2176","Subdis_Typ":"Cd_Block","Vill_name":"Magurmari","Vill_Cat":"Rural","Vill_LGD":"307489","arr_project":"asha1,asha2"}},
{"type":"Feature","geometry":{"type":"Polygon","coordinates":[[[88.98494,26.59739],[88.98554,26.5982],[88.98465,26.59834],[88.98402,26.59764],[88.98494,26.59739]]]},"properties":{"District":"Jalpaiguri","Dist_LGD":"328","Sub_dist":"Dhupguri","Subdis_LGD":"2176","Subdis_Typ":"Cd_Block","Vill_name":"Magurmari","Vill_Cat":"Rural","Vill_LGD":"307489","arr_project":"asha1,asha2"}},
{"type":"Feature","geometry":{"type":"Polygon","coordinates":[[[88.98976,26.60134],[88.98923,26.59815],[88.99062,26.59826],[88.99128,26.60083],[88.99069,26.60225],[88.98976,26.60134]]]},"properties":{"District":"Jalpaiguri","Dist_LGD":"328","Sub_dist":"Dhupguri","Subdis_LGD":"2176","Subdis_Typ":"Cd_Block","Vill_name":"Magurmari","Vill_Cat":"Rural","Vill_LGD":"307489","arr_project":"asha1,asha2"}}
]}