{"type":"FeatureCollection", "features": [
{"type":"Feature","geometry":{"type":"Polygon","coordinates":[[[88.58199,27.11583],[88.58371,27.11941],[88.57982,27.12092],[88.5763,27.11732],[88.57813,27.1163],[88.58199,27.11583]]]},"properties":{"District":"Kalimpong","Dist_LGD":"327N001","Sub_dist":"Lava","Subdis_LGD":"2157","Subdis_Typ":"Cd_Block","Vill_name":"Algarah Bazer D.I.F.","Vill_Cat":"Forest_Village","Vill_LGD":"306294","arr_project":"asha2"}},
{"type":"Feature","geometry":{"type":"Polygon","coordinates":[[[88.43441,27.04492],[88.44498,27.03707],[88.44907,27.03915],[88.453,27.04475],[88.45378,27.0504],[88.45552,27.05249],[88.45306,27.05822],[88.45338,27.06297],[88.45692,27.06549],[88.46259,27.05918],[88.4678,27.06053],[88.467,27.06379],[88.46229,27.0668],[88.46076,27.0716],[88.45685,27.07396],[88.45031,27.07094],[88.44463,27.07531],[88.44041,27.07189],[88.43886,27.06446],[88.43507,27.0564],[88.43441,27.04492]]]},"properties":{"District":"Kalimpong","Dist_LGD":"327N001","Sub_dist":"Kalimpong - I","Subdis_LGD":"2156","Subdis_Typ":"Cd_Block","Vill_name":"Kalimpong Khasmahal (Ct)","Vill_Cat":"Partly _Urban","Vill_LGD":"306235","arr_project":"asha2"}},
{"type":"Feature","geometry":{"type":"Polygon","coordinates":[[[88.62596,27.12144],[88.62862,27.11936],[88.63308,27.11882],[88.63588,27.12019],[88.64971,27.12187],[88.6467,27.13701],[88.64763,27.14526],[88.64671,27.14724],[88.63943,27.14038],[88.63914,27.13264],[88.63481,27.12886],[88.63255,27.12282],[88.62596,27.12144]]]},"properties":{"District":"Kalimpong","Dist_LGD":"327N001","Sub_dist":"Pedong","Subdis_LGD":"02157N001","Subdis_Typ":"Cd_Block","Vill_name":"Maria Khasmahal","Vill_Cat":"Forest_Village","Vill_LGD":"306279","arr_project":"asha2"}},
{"type":"Feature","geometry":{"type":"Polygon","coordinates":[[[88.57941,27.0436],[88.57108,27.04163],[88.56941,27.0425],[88.56269,27.03959],[88.54357,27.0424],[88.53829,27.04119],[88.52831,27.04076],[88.52557,27.0396],[88.52537,27.03401],[88.52371,27.03103],[88.52621,27.028],[88.53478,27.02515],[88.53581,27.02499],[88.54272,27.02847],[88.55378,27.02633],[88.55675,27.02691],[88.56388,27.03099],[88.57324,27.03529],[88.57941,27.0436]]]},"properties":{"District":"Kalimpong","Dist_LGD":"327N001","Sub_dist":"Kalimpong - I","Subdis_LGD":"2156","Subdis_Typ":"Cd_Block","Vill_name":"Kanke Bong Khasmahal","Vill_Cat":"Forest_Village","Vill_LGD":"306225","arr_project":"asha2"}},
{"type":"Feature","geometry":{"type":"Polygon","coordinates":[[[88.5287,27.04332],[88.53548,27.04637],[88.54674,27.05299],[88.55768,27.05788],[88.56351,27.05951],[88.56172,27.06385],[88.5653,27.07056],[88.56381,27.07269],[88.55666,27.07667],[88.55551,27.07596],[88.54969,27.07286],[88.54516,27.06956],[88.54017,27.06891],[88.5322,27.06269],[88.52929,27.05707],[88.53205,27.05386],[88.52864,27.05277],[88.52789,27.04736],[88.5287,27.04332]]]},"properties":{"District":"Kalimpong","Dist_LGD":"327N001","Sub_dist":"Lava","Subdis_LGD":"2157","Subdis_Typ":"Cd_Block","Vill_name":"Lolay Khasmahal","Vill_Cat":"Forest_Village","Vill_LGD":"306310","arr_project":"asha2"}},
{"type":"Feature","geometry":{"type":"Polygon","coordinates":[[[88.42812,27.0443],[88.4265,27.05468],[88.42678,27.06223],[88.42363,27.06038],[88.42178,27.05604],[88.42614,27.04857],[88.42405,27.04317],[88.42861,27.04294],[88.42812,27.0443]],[[88.42438,27.05529],[88.42483,27.05571],[88.42493,27.05505],[88.42438,27.05529]]]},"properties":{"District":"Kalimpong","Dist_LGD":"327N001","Sub_dist":"Kalimpong - I","Subdis_LGD":"2156","Subdis_Typ":"Cd_Block","Vill_name":"Tista Bazar D.I.F.","Vill_Cat":"Rural","Vill_LGD":"306232","arr_project":"asha2"}},
{"type":"Feature","geometry":{"type":"Polygon","coordinates":[[[88.53346,27.0969],[88.53341,27.09699],[88.53201,27.09601],[88.51343,27.08993],[88.50783,27.08918],[88.50357,27.09079],[88.5013,27.08823],[88.50314,27.0857],[88.51089,27.08322],[88.51265,27.08365],[88.52108,27.08773],[88.52852,27.08999],[88.53195,27.09297],[88.53428,27.09561],[88.53417,27.09574],[88.53346,27.0969]]]},"properties":{"District":"Kalimpong","Dist_LGD":"327N001","Sub_dist":"Kalimpong - I","Subdis_LGD":"2156","Subdis_Typ":"Cd_Block","Vill_name":"Homes St.And Graihms","Vill_Cat":"Rural","Vill_LGD":"306222","arr_project":"asha2"}},
{"type":"Feature","geometry":{"type":"Polygon","coordinates":[[[88.42688,27.06612],[88.42531,27.06743],[88.42678,27.06223],[88.4265,27.05468],[88.42812,27.0443],[88.43441,27.04492],[88.43507,27.0564],[88.43886,27.06446],[88.42953,27.06492],[88.42688,27.06612]]]},"properties":{"District":"Kalimpong","Dist_LGD":"327N001","Sub_dist":"Kalimpong - I","Subdis_LGD":"2156","Subdis_Typ":"Cd_Block","Vill_name":"Mangber Forest","Vill_Cat":"Others","Vill_LGD":"306231","arr_project":"asha2"}},
{"type":"Feature","geometry":{"type":"Polygon","coordinates":[[[88.43441,27.04492],[88.42812,27.0443],[88.42861,27.04294],[88.4274,27.03743],[88.429,27.03291],[88.42855,27.02739],[88.43512,27.02004],[88.43626,27.01644],[88.44114,27.01876],[88.44879,27.02524],[88.45394,27.03143],[88.45011,27.03307],[88.44498,27.03707],[88.43441,27.04492]],[[88.43689,27.04087],[88.43717,27.04179],[88.43834,27.04163],[88.43727,27.04074],[88.43689,27.04087]],[[88.43102,27.03031],[88.43097,27.03152],[88.43148,27.03142],[88.43164,27.03028],[88.43102,27.03031]],[[88.43732,27.02007],[88.43738,27.02105],[88.43808,27.0205],[88.43732,27.02007]]]},"properties":{"District":"Kalimpong","Dist_LGD":"327N001","Sub_dist":"Kalimpong - I","Subdis_LGD":"2156","Subdis_Typ":"Cd_Block","Vill_name":"Tashiding Forest","Vill_Cat":"Others","Vill_LGD":"306234","arr_project":"asha2"}},
{"type":"Feature","geometry":{"type":"Polygon","coordinates":[[[88.40486,26.98445],[88.40691,26.98472],[88.40686,26.98573],[88.40498,26.98626],[88.40486,26.98445]]]},"properties":{"District":"Kalimpong","Dist_LGD":"327N001","Sub_dist":"Kalimpong - I","Subdis_LGD":"2156","Subdis_Typ":"Cd_Block","Vill_name":"Rambi Bazar D.I.F.","Vill_Cat":"Forest_Village","Vill_LGD":"306255","arr_project":"asha2"}},
{"type":"Feature","geometry":{"type":"Polygon","coordinates":[[[88.4135,26.98462],[88.41874,26.99164],[88.42576,26.9948],[88.43136,26.9998],[88.43955,27.00515],[88.43966,27.00767],[88.43434,27.01034],[88.43209,27.01324],[88.43315,27.01935],[88.42689,27.02647],[88.42353,27.02286],[88.41524,27.02348],[88.42191,27.01524],[88.42284,27.00827],[88.41575,27.0099],[88.40939,27.00494],[88.41275,27.00056],[88.40962,26.99806],[88.40644,26.99029],[88.40006,26.98766],[88.39706,26.98762],[88.39351,26.99024],[88.39187,26.9877],[88.40901,26.98157],[88.4135,26.98462]],[[88.42336,27.0083],[88.42719,27.00952],[88.42933,27.00626],[88.42249,27.00523],[88.42336,27.0083]],[[88.40486,26.98445],[88.40498,26.98626],[88.40686,26.98573],[88.40691,26.98472],[88.40486,26.98445]]]},"properties":{"District":"Kalimpong","Dist_LGD":"327N001","Sub_dist":"Kalimpong - I","Subdis_LGD":"2156","Subdis_Typ":"Cd_Block","Vill_name":"Riyong Forest","Vill_Cat":"Others","Vill_LGD":"306253","arr_project":"asha2"}},
{"type":"Feature","geometry":{"type":"Polygon","coordinates":[[[88.42711,26.96872],[88.42896,26.97042],[88.43738,26.97272],[88.44118,26.97843],[88.44271,26.98552],[88.43686,26.99163],[88.43691,26.99679],[88.43148,26.99492],[88.42626,26.9896],[88.42111,26.98773],[88.41908,26.98167],[88.4207,26.97733],[88.41829,26.97037],[88.41938,26.96467],[88.41736,26.96225],[88.42298,26.95723],[88.42884,26.95793],[88.43563,26.96157],[88.42711,26.96872]],[[88.42236,26.97897],[88.42145,26.98024],[88.42386,26.9817],[88.42427,26.97972],[88.42236,26.97897]],[[88.43507,26.97855],[88.43505,26.97915],[88.43578,26.97917],[88.4358,26.97833],[88.43507,26.97855]]]},"properties":{"District":"Kalimpong","Dist_LGD":"327N001","Sub_dist":"Kalimpong - I","Subdis_LGD":"2156","Subdis_Typ":"Cd_Block","Vill_name":"Birik Forest","Vill_Cat":"Others","Vill_LGD":"306257","arr_project":"asha2"}},
{"type":"Feature","geometry":{"type":"Polygon","coordinates":[[[88.76037,27.07423],[88.76291,27.06757],[88.76687,27.06506],[88.77274,27.06402],[88.77429,27.06252],[88.7749,27.0521],[88.78276,27.03586],[88.79168,27.03656],[88.79827,27.03858],[88.80069,27.03819],[88.80944,27.04211],[88.80839,27.04983],[88.81063,27.06102],[88.81067,27.06759],[88.79539,27.07448],[88.78539,27.08166],[88.78021,27.08746],[88.77474,27.08943],[88.77069,27.08957],[88.76936,27.08922],[88.76157,27.07866],[88.76037,27.07423]]]},"properties":{"District":"Kalimpong","Dist_LGD":"327N001","Sub_dist":"Gorubathan","Subdis_LGD":"2158","Subdis_Typ":"Cd_Block","Vill_name":"Mo Forest","Vill_Cat":"Others","Vill_LGD":"306319","arr_project":"asha2"}},
{"type":"Feature","geometry":{"type":"Polygon","coordinates":[[[88.81233,26.99179],[88.80958,26.99993],[88.80535,27.00165],[88.8001,27.00892],[88.80352,27.01205],[88.80077,27.01371],[88.79921,27.0187],[88.80097,27.01984],[88.80134,27.02775],[88.79773,27.0351],[88.79827,27.03858],[88.79168,27.03656],[88.78276,27.03586],[88.78088,27.03],[88.78293,27.02669],[88.78526,27.01805],[88.79213,27.01212],[88.79883,27.00371],[88.80267,26.99989],[88.80817,26.99107],[88.81233,26.99179]]]},"properties":{"District":"Kalimpong","Dist_LGD":"327N001","Sub_dist":"Gorubathan","Subdis_LGD":"2158","Subdis_Typ":"Cd_Block","Vill_name":"Samsing Khasmahal","Vill_Cat":"Forest_Village","Vill_LGD":"306322","arr_project":"asha2"}},
{"type":"Feature","geometry":{"type":"Polygon","coordinates":[[[88.49269,26.99349],[88.49889,26.99367],[88.50853,26.99048],[88.51573,26.98901],[88.51806,26.98598],[88.53107,26.99033],[88.53429,26.99058],[88.53344,26.99274],[88.52658,26.99532],[88.51964,27.00356],[88.50105,27.00822],[88.49365,27.00873],[88.49023,27.00586],[88.49355,26.99744],[88.49269,26.99349]]]},"properties":{"District":"Kalimpong","Dist_LGD":"327N001","Sub_dist":"Kalimpong - I","Subdis_LGD":"2156","Subdis_Typ":"Cd_Block","Vill_name":"Sinji Khasmahal","Vill_Cat":"Forest_Village","Vill_LGD":"306249","arr_project":"asha2"}},
{"type":"Feature","geometry":{"type":"Polygon","coordinates":[[[88.70976,27.02099],[88.70568,27.01564],[88.70343,27.00702],[88.70026,27.00075],[88.70009,26.99483],[88.69818,26.99062],[88.69724,26.98493],[88.69817,26.97847],[88.70003,26.97842],[88.69996,26.98151],[88.70509,26.98933],[88.70832,26.99114],[88.70953,26.9996],[88.71034,27.0062],[88.70834,27.01572],[88.7108,27.01853],[88.70976,27.02099]]]},"properties":{"District":"Kalimpong","Dist_LGD":"327N001","Sub_dist":"Gorubathan","Subdis_LGD":"2158","Subdis_Typ":"Cd_Block","Vill_name":"Dalingma Khasmahal","Vill_Cat":"Forest_Village","Vill_LGD":"306342","arr_project":"asha2"}},
{"type":"Feature","geometry":{"type":"Polygon","coordinates":[[[88.57027,26.88932],[88.56134,26.90974],[88.55825,26.92049],[88.55807,26.92397],[88.55976,26.93133],[88.55058,26.93568],[88.54407,26.92159],[88.53674,26.92457],[88.52748,26.91783],[88.52291,26.91661],[88.51985,26.90551],[88.52752,26.89963],[88.53173,26.88881],[88.53295,26.87752],[88.53503,26.87319],[88.54079,26.8753],[88.54587,26.88064],[88.55568,26.8803],[88.5628,26.88344],[88.57027,26.88932]],[[88.56294,26.89339],[88.56451,26.89238],[88.56308,26.89087],[88.56141,26.89305],[88.56294,26.89339]]]},"properties":{"District":"Kalimpong","Dist_LGD":"327N001","Sub_dist":"Kalimpong - I","Subdis_LGD":"2156","Subdis_Typ":"Cd_Block","Vill_name":"Lish Forest","Vill_Cat":"Others","Vill_LGD":"306265","arr_project":"asha2"}},
{"type":"Feature","geometry":{"type":"Polygon","coordinates":[[[88.5013,27.08823],[88.50357,27.09079],[88.50783,27.08918],[88.51343,27.08993],[88.53201,27.09601],[88.53341,27.09699],[88.53251,27.10214],[88.53414,27.11097],[88.52871,27.11099],[88.52118,27.11402],[88.50744,27.10815],[88.50286,27.10474],[88.48922,27.10478],[88.47983,27.10409],[88.4785,27.09898],[88.47919,27.0952],[88.48407,27.09788],[88.49,27.0974],[88.49543,27.09547],[88.5013,27.08823]]]},"properties":{"District":"Kalimpong","Dist_LGD":"327N001","Sub_dist":"Lava","Subdis_LGD":"2157","Subdis_Typ":"Cd_Block","Vill_name":"Sangser Khasmahal","Vill_Cat":"Forest_Village","Vill_LGD":"306297","arr_project":"asha2"}},
{"type":"Feature","geometry":{"type":"Polygon","coordinates":[[[88.57627,27.00609],[88.57043,27.00764],[88.56229,27.00784],[88.56045,27.00962],[88.55953,27.00884],[88.55868,27.00619],[88.55376,26.99239],[88.56334,26.98635],[88.56661,26.98223],[88.57234,26.98744],[88.57277,26.99253],[88.57627,27.00609]],[[88.56525,26.99871],[88.56609,27.00394],[88.56885,27.00162],[88.56525,26.99871]]]},"properties":{"District":"Kalimpong","Dist_LGD":"327N001","Sub_dist":"Kalimpong - I","Subdis_LGD":"2156","Subdis_Typ":"Cd_Block","Vill_name":"Pemling Forest","Vill_Cat":"Others","Vill_LGD":"306242","arr_project":"asha2"}},
{"type":"Feature","geometry":{"type":"Polygon","coordinates":[[[88.82457,27.02702],[88.82172,27.03237],[88.81349,27.04211],[88.80944,27.04211],[88.80069,27.03819],[88.79827,27.03858],[88.79773,27.0351],[88.80134,27.02775],[88.80097,27.01984],[88.79921,27.0187],[88.80077,27.01371],[88.80352,27.01205],[88.8001,27.00892],[88.80535,27.00165],[88.80958,26.99993],[88.81233,26.99179],[88.81604,26.99028],[88.82171,26.99959],[88.82066,27.00965],[88.82174,27.01351],[88.82534,27.01864],[88.82457,27.02702]]]},"properties":{"District":"Kalimpong","Dist_LGD":"327N001","Sub_dist":"Gorubathan","Subdis_LGD":"2158","Subdis_Typ":"Cd_Block","Vill_name":"Kumai Khasmahal","Vill_Cat":"Forest_Village","Vill_LGD":"306323","arr_project":"asha2"}},
{"type":"Feature","geometry":{"type":"Polygon","coordinates":[[[88.53394,26.98309],[88.53373,26.97733],[88.54295,26.9754],[88.54916,26.97531],[88.55276,26.97678],[88.56135,26.97639],[88.56737,26.97013],[88.56789,26.97639],[88.56661,26.98223],[88.56334,26.98635],[88.55376,26.99239],[88.55284,26.99482],[88.54504,26.99678],[88.54524,26.99101],[88.53833,26.98489],[88.53394,26.98309]]]},"properties":{"District":"Kalimpong","Dist_LGD":"327N001","Sub_dist":"Kalimpong - I","Subdis_LGD":"2156","Subdis_Typ":"Cd_Block","Vill_name":"Samthar Forest","Vill_Cat":"Others","Vill_LGD":"306247","arr_project":"asha2"}},
{"type":"Feature","geometry":{"type":"Polygon","coordinates":[[[88.58,26.93547],[88.57661,26.93563],[88.57145,26.94026],[88.56857,26.94753],[88.56428,26.95042],[88.56082,26.94987],[88.55405,26.94555],[88.55058,26.93568],[88.55976,26.93133],[88.55807,26.92397],[88.55825,26.92049],[88.56134,26.90974],[88.57027,26.88932],[88.57325,26.89199],[88.58097,26.89026],[88.59011,26.88736],[88.59206,26.88799],[88.59762,26.88434],[88.60126,26.88364],[88.60234,26.88635],[88.60681,26.88911],[88.59774,26.90143],[88.5896,26.90759],[88.58848,26.91075],[88.58092,26.9153],[88.57791,26.91927],[88.58033,26.92287],[88.58595,26.92289],[88.58505,26.92622],[88.58192,26.93028],[88.58,26.93547]],[[88.5771,26.89741],[88.57782,26.90069],[88.58055,26.90002],[88.57914,26.89685],[88.5771,26.89741]]]},"properties":{"District":"Kalimpong","Dist_LGD":"327N001","Sub_dist":"Kalimpong - I","Subdis_LGD":"2156","Subdis_Typ":"Cd_Block","Vill_name":"Churanthi Forest","Vill_Cat":"Others","Vill_LGD":"306267","arr_project":"asha2"}},
{"type":"Feature","geometry":{"type":"Polygon","coordinates":[[[88.53204,26.94687],[88.53147,26.93319],[88.53674,26.92457],[88.54407,26.92159],[88.55058,26.93568],[88.55405,26.94555],[88.56082,26.94987],[88.56428,26.95042],[88.56857,26.94753],[88.57145,26.94026],[88.57661,26.93563],[88.58,26.93547],[88.58434,26.93667],[88.58514,26.94296],[88.58478,26.94862],[88.58243,26.95222],[88.575,26.95428],[88.57302,26.95607],[88.5641,26.95977],[88.55922,26.95142],[88.54916,26.95031],[88.54335,26.95704],[88.53789,26.9556],[88.53448,26.95174],[88.53272,26.94728],[88.53204,26.94687]]]},"properties":{"District":"Kalimpong","Dist_LGD":"327N001","Sub_dist":"Kalimpong - I","Subdis_LGD":"2156","Subdis_Typ":"Cd_Block","Vill_name":"Nabgaon Khasmahal","Vill_Cat":"Forest_Village","Vill_LGD":"306245","arr_project":"asha2"}},
{"type":"Feature","geometry":{"type":"Polygon","coordinates":[[[88.68984,27.00337],[88.68861,26.99688],[88.69003,26.99519],[88.69146,26.99243],[88.69202,26.98278],[88.69624,26.97692],[88.69817,26.97847],[88.69724,26.98493],[88.69818,26.99062],[88.70009,26.99483],[88.70026,27.00075],[88.70343,27.00702],[88.70568,27.01564],[88.70976,27.02099],[88.70154,27.02319],[88.69709,27.0107],[88.68984,27.00337]]]},"properties":{"District":"Kalimpong","Dist_LGD":"327N001","Sub_dist":"Gorubathan","Subdis_LGD":"2158","Subdis_Typ":"Cd_Block","Vill_name":"Ambiok Tea Garden","Vill_Cat":"Others","Vill_LGD":"306339L","arr_project":"asha2"}},
{"type":"Feature","geometry":{"type":"Polygon","coordinates":[[[88.52978,27.08517],[88.53195,27.09297],[88.52852,27.08999],[88.52108,27.08773],[88.51265,27.08365],[88.51381,27.07835],[88.52247,27.08106],[88.52978,27.08517]]]},"properties":{"District":"Kalimpong","Dist_LGD":"327N001","Sub_dist":"Lava","Subdis_LGD":"2157","Subdis_Typ":"Cd_Block","Vill_name":"Dalapchand Ridge Reserve Forest","Vill_Cat":"Others","Vill_LGD":"306298","arr_project":"asha2"}},
{"type":"Feature","geometry":{"type":"Polygon","coordinates":[[[88.56294,26.89339],[88.56141,26.89305],[88.56308,26.89087],[88.56451,26.89238],[88.56294,26.89339]]]},"properties":{"District":"Kalimpong","Dist_LGD":"327N001","Sub_dist":"Kalimpong - I","Subdis_LGD":"2156","Subdis_Typ":"Cd_Block","Vill_name":"Chunabhati Bazar D.I.F.","Vill_Cat":"Rural","Vill_LGD":"306266","arr_project":"asha2"}},
{"type":"Feature","geometry":{"type":"Polygon","coordinates":[[[88.42236,26.97897],[88.42427,26.97972],[88.42386,26.9817],[88.42145,26.98024],[88.42236,26.97897]]]},"properties":{"District":"Kalimpong","Dist_LGD":"327N001","Sub_dist":"Kalimpong - I","Subdis_LGD":"2156","Subdis_Typ":"Cd_Block","Vill_name":"Suntalay Khasmahal","Vill_Cat":"Forest_Village","Vill_LGD":"306270","arr_project":"asha2"}},
{"type":"Feature","geometry":{"type":"Polygon","coordinates":[[[88.51706,26.96772],[88.51094,26.96651],[88.50536,26.96734],[88.49962,26.96435],[88.49603,26.96969],[88.49251,26.96726],[88.49257,26.96333],[88.49521,26.95801],[88.49563,26.95058],[88.50307,26.94956],[88.51417,26.94903],[88.51875,26.94733],[88.53065,26.94624],[88.53204,26.94687],[88.53272,26.94728],[88.52764,26.95082],[88.52446,26.95716],[88.51833,26.96211],[88.51706,26.96772]]]},"properties":{"District":"Kalimpong","Dist_LGD":"327N001","Sub_dist":"Kalimpong - I","Subdis_LGD":"2156","Subdis_Typ":"Cd_Block","Vill_name":"Lish Cashment Area Forest","Vill_Cat":"Others","Vill_LGD":"306260","arr_project":"asha2"}},
{"type":"Feature","geometry":{"type":"Polygon","coordinates":[[[88.56824,27.01829],[88.57476,27.0237],[88.57721,27.03424],[88.58271,27.04672],[88.58123,27.04653],[88.57941,27.0436],[88.57324,27.03529],[88.56388,27.03099],[88.56733,27.02364],[88.56824,27.01829]]]},"properties":{"District":"Kalimpong","Dist_LGD":"327N001","Sub_dist":"Kalimpong - I","Subdis_LGD":"2156","Subdis_Typ":"Cd_Block","Vill_name":"Kaffer Forest","Vill_Cat":"Others","Vill_LGD":"306223","arr_project":"asha2"}},
{"type":"Feature","geometry":{"type":"Polygon","coordinates":[[[88.63901,26.93432],[88.63736,26.93216],[88.63559,26.92091],[88.63642,26.91725],[88.63492,26.91458],[88.63755,26.91453],[88.63902,26.92527],[88.63713,26.92912],[88.63901,26.93432]]]},"properties":{"District":"Kalimpong","Dist_LGD":"327N001","Sub_dist":"Gorubathan","Subdis_LGD":"2158","Subdis_Typ":"Cd_Block","Vill_name":"Turibari Khasmahal","Vill_Cat":"Forest_Village","Vill_LGD":"306336","arr_project":"asha2"}},
{"type":"Feature","geometry":{"type":"Polygon","coordinates":[[[88.63397,26.90651],[88.63616,26.90667],[88.63755,26.91453],[88.63492,26.91458],[88.63397,26.90651]]]},"properties":{"District":"Kalimpong","Dist_LGD":"327N001","Sub_dist":"Gorubathan","Subdis_LGD":"2158","Subdis_Typ":"Cd_Block","Vill_name":"Manabari Khasmahal","Vill_Cat":"Forest_Village","Vill_LGD":"306335","arr_project":"asha2"}},
{"type":"Feature","geometry":{"type":"Polygon","coordinates":[[[88.87786,27.03365],[88.88088,27.03773],[88.87674,27.04199],[88.87628,27.04619],[88.87898,27.04896],[88.87811,27.05481],[88.87859,27.05942],[88.88105,27.06199],[88.87974,27.06612],[88.87488,27.07041],[88.87685,27.07364],[88.87459,27.07624],[88.87392,27.08657],[88.87548,27.08964],[88.87368,27.09236],[88.87323,27.09845],[88.87094,27.10137],[88.87074,27.10787],[88.86647,27.11038],[88.85712,27.10951],[88.85117,27.10803],[88.84597,27.11225],[88.84358,27.11128],[88.84107,27.10779],[88.83534,27.10289],[88.83082,27.09342],[88.82903,27.08717],[88.81866,27.08404],[88.81889,27.07724],[88.82324,27.07673],[88.82825,27.07883],[88.83876,27.07924],[88.8476,27.07002],[88.85139,27.07058],[88.85351,27.06859],[88.85902,27.05919],[88.86649,27.05495],[88.86916,27.05254],[88.86864,27.04799],[88.86479,27.04403],[88.86731,27.03957],[88.87014,27.0391],[88.87786,27.03365]]]},"properties":{"District":"Kalimpong","Dist_LGD":"327N001","Sub_dist":"Gorubathan","Subdis_LGD":"2158","Subdis_Typ":"Cd_Block","Vill_name":"Paten Godak Khasmahal","Vill_Cat":"Forest_Village","Vill_LGD":"306315","arr_project":"asha2"}},
{"type":"Feature","geometry":{"type":"Polygon","coordinates":[[[88.87032,26.99407],[88.86551,26.99651],[88.8685,27.00501],[88.86365,27.00925],[88.8589,27.0087],[88.85625,27.01074],[88.85024,27.01229],[88.84218,27.01724],[88.83411,27.02103],[88.82457,27.02702],[88.82534,27.01864],[88.82174,27.01351],[88.82066,27.00965],[88.82298,27.00673],[88.834,26.99931],[88.83738,26.99824],[88.83803,26.99521],[88.83763,26.98588],[88.83862,26.97805],[88.84209,26.97847],[88.84434,26.9753],[88.84808,26.97439],[88.85205,26.96947],[88.85288,26.96561],[88.87232,26.96417],[88.87346,26.96944],[88.8723,26.97499],[88.87426,26.98544],[88.87032,26.99407]]]},"properties":{"District":"Kalimpong","Dist_LGD":"327N001","Sub_dist":"Gorubathan","Subdis_LGD":"2158","Subdis_Typ":"Cd_Block","Vill_name":"Kumai Forest","Vill_Cat":"Others","Vill_LGD":"306325","arr_project":"asha2"}},
{"type":"Feature","geometry":{"type":"Polygon","coordinates":[[[88.78755,27.13497],[88.78257,27.13457],[88.77345,27.13529],[88.76364,27.14026],[88.75453,27.14121],[88.74623,27.14413],[88.74412,27.14049],[88.73862,27.1354],[88.73654,27.13536],[88.73712,27.12703],[88.74013,27.12392],[88.74616,27.12575],[88.75039,27.12519],[88.75805,27.11689],[88.76278,27.1081],[88.76556,27.09543],[88.76936,27.08922],[88.77069,27.08957],[88.77741,27.09435],[88.79042,27.09946],[88.79277,27.10694],[88.79199,27.11685],[88.79241,27.1224],[88.79141,27.12521],[88.79337,27.12995],[88.78901,27.13055],[88.78755,27.13497]]]},"properties":{"District":"Kalimpong","Dist_LGD":"327N001","Sub_dist":"Gorubathan","Subdis_LGD":"2158","Subdis_Typ":"Cd_Block","Vill_name":"Ruka Forest","Vill_Cat":"Others","Vill_LGD":"306313","arr_project":"asha2"}},
{"type":"Feature","geometry":{"type":"Polygon","coordinates":[[[88.70815,27.11886],[88.71163,27.11789],[88.71497,27.11417],[88.7179,27.11614],[88.71982,27.12447],[88.71448,27.1267],[88.71014,27.12268],[88.70815,27.11886]]]},"properties":{"District":"Kalimpong","Dist_LGD":"327N001","Sub_dist":"Gorubathan","Subdis_LGD":"2158","Subdis_Typ":"Cd_Block","Vill_name":"Rechela Chak Khasmahal","Vill_Cat":"Forest_Village","Vill_LGD":"306311","arr_project":"asha2"}},
{"type":"Feature","geometry":{"type":"Polygon","coordinates":[[[88.86731,27.03957],[88.86479,27.04403],[88.86864,27.04799],[88.86916,27.05254],[88.86649,27.05495],[88.85902,27.05919],[88.85351,27.06859],[88.85139,27.07058],[88.8476,27.07002],[88.83876,27.07924],[88.82825,27.07883],[88.82324,27.07673],[88.81889,27.07724],[88.8127,27.07236],[88.81067,27.06759],[88.81677,27.06578],[88.82101,27.06174],[88.82562,27.05534],[88.82895,27.04706],[88.83157,27.04372],[88.84236,27.03977],[88.85058,27.0381],[88.85222,27.04344],[88.85949,27.04367],[88.86731,27.03957]],[[88.84089,27.0711],[88.84161,27.0731],[88.84369,27.07288],[88.84339,27.07063],[88.84089,27.0711]],[[88.84477,27.07063],[88.84658,27.0693],[88.84444,27.06833],[88.84477,27.07063]]]},"properties":{"District":"Kalimpong","Dist_LGD":"327N001","Sub_dist":"Gorubathan","Subdis_LGD":"2158","Subdis_Typ":"Cd_Block","Vill_name":"Paren Forest","Vill_Cat":"Others","Vill_LGD":"306317","arr_project":"asha2"}},
{"type":"Feature","geometry":{"type":"Polygon","coordinates":[[[88.84358,27.11128],[88.84272,27.11417],[88.83868,27.11636],[88.83351,27.11561],[88.82602,27.12173],[88.81942,27.12227],[88.81543,27.12566],[88.81156,27.12695],[88.80802,27.13307],[88.80486,27.13578],[88.80389,27.1389],[88.79546,27.13646],[88.79337,27.12995],[88.79141,27.12521],[88.79241,27.1224],[88.79199,27.11685],[88.79277,27.10694],[88.79042,27.09946],[88.79616,27.09594],[88.79621,27.0886],[88.80135,27.08272],[88.81382,27.0848],[88.81866,27.08404],[88.82903,27.08717],[88.83082,27.09342],[88.83534,27.10289],[88.84107,27.10779],[88.84358,27.11128]]]},"properties":{"District":"Kalimpong","Dist_LGD":"327N001","Sub_dist":"Gorubathan","Subdis_LGD":"2158","Subdis_Typ":"Cd_Block","Vill_name":"Today Tangta Khasmahal","Vill_Cat":"Forest_Village","Vill_LGD":"306314","arr_project":"asha2"}},
{"type":"Feature","geometry":{"type":"Polygon","coordinates":[[[88.77069,27.08957],[88.77474,27.08943],[88.78021,27.08746],[88.78539,27.08166],[88.79539,27.07448],[88.81067,27.06759],[88.8127,27.07236],[88.81889,27.07724],[88.81866,27.08404],[88.81382,27.0848],[88.80135,27.08272],[88.79621,27.0886],[88.79616,27.09594],[88.79042,27.09946],[88.77741,27.09435],[88.77069,27.08957]]]},"properties":{"District":"Kalimpong","Dist_LGD":"327N001","Sub_dist":"Gorubathan","Subdis_LGD":"2158","Subdis_Typ":"Cd_Block","Vill_name":"Chichu Forest","Vill_Cat":"Others","Vill_LGD":"306316","arr_project":"asha2"}},
{"type":"Feature","geometry":{"type":"Polygon","coordinates":[[[88.73654,27.13536],[88.72846,27.13647],[88.71448,27.1267],[88.71982,27.12447],[88.7179,27.11614],[88.71497,27.11417],[88.71163,27.11789],[88.70815,27.11886],[88.70629,27.11332],[88.70613,27.10911],[88.70781,27.09765],[88.71243,27.0902],[88.7099,27.08358],[88.71156,27.07689],[88.71644,27.07564],[88.72575,27.06863],[88.72492,27.0585],[88.72546,27.05486],[88.72615,27.05486],[88.73852,27.05837],[88.73699,27.0633],[88.73914,27.06938],[88.7423,27.07064],[88.74439,27.0757],[88.74625,27.07636],[88.74759,27.08253],[88.74784,27.09256],[88.74262,27.10415],[88.74417,27.11201],[88.74239,27.11664],[88.74227,27.12245],[88.74013,27.12392],[88.73712,27.12703],[88.73654,27.13536]]]},"properties":{"District":"Kalimpong","Dist_LGD":"327N001","Sub_dist":"Gorubathan","Subdis_LGD":"2158","Subdis_Typ":"Cd_Block","Vill_name":"Rachela Forest","Vill_Cat":"Others","Vill_LGD":"306312","arr_project":"asha2"}},
{"type":"Feature","geometry":{"type":"Polygon","coordinates":[[[88.74013,27.12392],[88.74227,27.12245],[88.74239,27.11664],[88.74417,27.11201],[88.74262,27.10415],[88.74784,27.09256],[88.74759,27.08253],[88.74625,27.07636],[88.74439,27.0757],[88.7423,27.07064],[88.73914,27.06938],[88.73699,27.0633],[88.73852,27.05837],[88.73978,27.05754],[88.7492,27.06584],[88.76037,27.07423],[88.76157,27.07866],[88.76936,27.08922],[88.76556,27.09543],[88.76278,27.1081],[88.75805,27.11689],[88.75039,27.12519],[88.74616,27.12575],[88.74013,27.12392]]]},"properties":{"District":"Kalimpong","Dist_LGD":"327N001","Sub_dist":"Gorubathan","Subdis_LGD":"2158","Subdis_Typ":"Cd_Block","Vill_name":"Thousum Forest","Vill_Cat":"Others","Vill_LGD":"306320","arr_project":"asha2"}},
{"type":"Feature","geometry":{"type":"Polygon","coordinates":[[[88.86731,27.03957],[88.85949,27.04367],[88.85222,27.04344],[88.85058,27.0381],[88.84236,27.03977],[88.83157,27.04372],[88.82895,27.04706],[88.82562,27.05534],[88.82101,27.06174],[88.81677,27.06578],[88.81067,27.06759],[88.81063,27.06102],[88.80839,27.04983],[88.80944,27.04211],[88.81349,27.04211],[88.82172,27.03237],[88.82457,27.02702],[88.83411,27.02103],[88.84218,27.01724],[88.85024,27.01229],[88.85625,27.01074],[88.8589,27.0087],[88.86365,27.00925],[88.8685,27.00501],[88.86551,26.99651],[88.87032,26.99407],[88.87175,26.99747],[88.87509,27.01193],[88.87463,27.01892],[88.87598,27.02753],[88.87786,27.03365],[88.87014,27.0391],[88.86731,27.03957]],[[88.81401,27.04285],[88.81258,27.04555],[88.81662,27.04533],[88.81401,27.04285]],[[88.83355,27.0417],[88.83516,27.04181],[88.83507,27.03963],[88.83306,27.04065],[88.83355,27.0417]],[[88.84331,27.03484],[88.84121,27.03123],[88.83902,27.03348],[88.84331,27.03484]],[[88.83532,27.03377],[88.83613,27.0313],[88.83285,27.03067],[88.83241,27.03216],[88.83532,27.03377]],[[88.84991,27.0154],[88.84883,27.0174],[88.85178,27.01707],[88.84991,27.0154]]]},"properties":{"District":"Kalimpong","Dist_LGD":"327N001","Sub_dist":"Gorubathan","Subdis_LGD":"2158","Subdis_Typ":"Cd_Block","Vill_name":"Rango Forest","Vill_Cat":"Others","Vill_LGD":"306318","arr_project":"asha2"}},
{"type":"Feature","geometry":{"type":"Polygon","coordinates":[[[88.57982,27.12092],[88.5825,27.12848],[88.58159,27.13261],[88.57244,27.14248],[88.56573,27.13739],[88.55592,27.13551],[88.54806,27.1285],[88.55471,27.11471],[88.53712,27.10073],[88.53346,27.0969],[88.53417,27.09574],[88.54129,27.10029],[88.54688,27.10418],[88.55225,27.10385],[88.56132,27.10533],[88.57052,27.11035],[88.57227,27.1127],[88.5763,27.11732],[88.57982,27.12092]],[[88.56768,27.1329],[88.5703,27.13473],[88.57052,27.13272],[88.56768,27.1329]],[[88.53405,27.09631],[88.53432,27.09725],[88.53519,27.0978],[88.53601,27.09749],[88.53405,27.09631]]]},"properties":{"District":"Kalimpong","Dist_LGD":"327N001","Sub_dist":"Lava","Subdis_LGD":"2157","Subdis_Typ":"Cd_Block","Vill_name":"Ichay Forest","Vill_Cat":"Others","Vill_LGD":"306295","arr_project":"asha2"}},
{"type":"Feature","geometry":{"type":"Polygon","coordinates":[[[88.48076,27.07514],[88.47664,27.07335],[88.47784,27.06999],[88.47227,27.06441],[88.47889,27.06219],[88.48534,27.0558],[88.49478,27.05183],[88.49638,27.05323],[88.49464,27.05541],[88.49238,27.06312],[88.49428,27.07218],[88.49998,27.08353],[88.49052,27.08036],[88.48076,27.07514]]]},"properties":{"District":"Kalimpong","Dist_LGD":"327N001","Sub_dist":"Kalimpong - I","Subdis_LGD":"2156","Subdis_Typ":"Cd_Block","Vill_name":"Dungra Khasmahal","Vill_Cat":"Forest_Village","Vill_LGD":"306271","arr_project":"asha2"}},
{"type":"Feature","geometry":{"type":"Polygon","coordinates":[[[88.83862,26.97805],[88.83763,26.98588],[88.83803,26.99521],[88.83738,26.99824],[88.834,26.99931],[88.82298,27.00673],[88.82066,27.00965],[88.82171,26.99959],[88.81604,26.99028],[88.82296,26.98807],[88.82452,26.98428],[88.83105,26.98454],[88.83862,26.97805]]]},"properties":{"District":"Kalimpong","Dist_LGD":"327N001","Sub_dist":"Gorubathan","Subdis_LGD":"2158","Subdis_Typ":"Cd_Block","Vill_name":"Kumai Tea Garden","Vill_Cat":"Others","Vill_LGD":"306324","arr_project":"asha2"}},
{"type":"Feature","geometry":{"type":"Polygon","coordinates":[[[88.43691,26.99679],[88.4422,27.00065],[88.4456,27.00711],[88.4432,27.01029],[88.43701,27.01284],[88.43626,27.01644],[88.43512,27.02004],[88.42855,27.02739],[88.42689,27.02647],[88.43315,27.01935],[88.43209,27.01324],[88.43434,27.01034],[88.43966,27.00767],[88.43955,27.00515],[88.43136,26.9998],[88.42576,26.9948],[88.41874,26.99164],[88.4135,26.98462],[88.41908,26.98167],[88.42111,26.98773],[88.42626,26.9896],[88.43148,26.99492],[88.43691,26.99679]],[[88.4205,26.98935],[88.42103,26.98826],[88.4198,26.98741],[88.41993,26.98873],[88.4205,26.98935]],[[88.41904,26.98864],[88.41825,26.9878],[88.41785,26.98864],[88.41904,26.98864]],[[88.41849,26.98582],[88.41884,26.98652],[88.4193,26.9861],[88.41849,26.98582]]]},"properties":{"District":"Kalimpong","Dist_LGD":"327N001","Sub_dist":"Kalimpong - I","Subdis_LGD":"2156","Subdis_Typ":"Cd_Block","Vill_name":"Riayang Railway Station","Vill_Cat":"Rural","Vill_LGD":"306256","arr_project":"asha2"}},
{"type":"Feature","geometry":{"type":"Polygon","coordinates":[[[88.52831,27.04076],[88.53829,27.04119],[88.54357,27.0424],[88.56269,27.03959],[88.56941,27.0425],[88.57108,27.04163],[88.57941,27.0436],[88.58123,27.04653],[88.57654,27.05165],[88.57312,27.0529],[88.56351,27.05951],[88.55768,27.05788],[88.54674,27.05299],[88.53548,27.04637],[88.5287,27.04332],[88.52831,27.04076]]]},"properties":{"District":"Kalimpong","Dist_LGD":"327N001","Sub_dist":"Lava","Subdis_LGD":"2157","Subdis_Typ":"Cd_Block","Vill_name":"Pala Khasmahal","Vill_Cat":"Forest_Village","Vill_LGD":"306309","arr_project":"asha2"}},
{"type":"Feature","geometry":{"type":"Polygon","coordinates":[[[88.53386,27.01532],[88.53564,27.01264],[88.54069,27.00939],[88.55525,27.00781],[88.55868,27.00619],[88.55953,27.00884],[88.55481,27.01444],[88.55325,27.0181],[88.54825,27.02408],[88.53864,27.02286],[88.53581,27.02499],[88.53478,27.02515],[88.52823,27.01857],[88.53386,27.01532]]]},"properties":{"District":"Kalimpong","Dist_LGD":"327N001","Sub_dist":"Kalimpong - I","Subdis_LGD":"2156","Subdis_Typ":"Cd_Block","Vill_name":"Lolaygaon Forest","Vill_Cat":"Others","Vill_LGD":"306241","arr_project":"asha2"}},
{"type":"Feature","geometry":{"type":"Polygon","coordinates":[[[88.48592,26.91551],[88.48156,26.92239],[88.47759,26.93099],[88.47741,26.9363],[88.47101,26.93982],[88.46951,26.94197],[88.46795,26.94883],[88.45897,26.94526],[88.45614,26.9451],[88.45443,26.94084],[88.44995,26.94167],[88.44293,26.9415],[88.4424,26.93778],[88.45055,26.93689],[88.45317,26.935],[88.45582,26.92944],[88.45626,26.92461],[88.46203,26.92103],[88.46489,26.91522],[88.47317,26.91385],[88.47765,26.91496],[88.48592,26.91551]]]},"properties":{"District":"Kalimpong","Dist_LGD":"327N001","Sub_dist":"Kalimpong - I","Subdis_LGD":"2156","Subdis_Typ":"Cd_Block","Vill_name":"Panbu Forest Village","Vill_Cat":"Others","Vill_LGD":"306263","arr_project":"asha2"}},
{"type":"Feature","geometry":{"type":"Polygon","coordinates":[[[88.55666,27.07667],[88.56381,27.07269],[88.5653,27.07056],[88.56878,27.06807],[88.57382,27.06845],[88.57824,27.07049],[88.58313,27.07652],[88.58948,27.07904],[88.59435,27.08204],[88.60473,27.08506],[88.60702,27.08367],[88.61343,27.08566],[88.61524,27.08302],[88.62091,27.0851],[88.62575,27.0901],[88.61645,27.09136],[88.60513,27.09375],[88.60434,27.0939],[88.59609,27.09295],[88.59277,27.08961],[88.58955,27.09094],[88.58746,27.09924],[88.58641,27.1],[88.58346,27.10016],[88.57662,27.09565],[88.57505,27.09277],[88.56654,27.08718],[88.56007,27.07886],[88.55666,27.07667]]]},"properties":{"District":"Kalimpong","Dist_LGD":"327N001","Sub_dist":"Lava","Subdis_LGD":"2157","Subdis_Typ":"Cd_Block","Vill_name":"Santook Khasmahal","Vill_Cat":"Forest_Village","Vill_LGD":"306302","arr_project":"asha2"}},
{"type":"Feature","geometry":{"type":"Polygon","coordinates":[[[88.49638,27.05323],[88.50212,27.05297],[88.50458,27.05131],[88.50567,27.04486],[88.5148,27.04202],[88.51656,27.04033],[88.52264,27.03981],[88.51916,27.04994],[88.5139,27.05752],[88.51533,27.0655],[88.51356,27.07077],[88.51089,27.08322],[88.50314,27.0857],[88.49998,27.08353],[88.49428,27.07218],[88.49238,27.06312],[88.49464,27.05541],[88.49638,27.05323]]]},"properties":{"District":"Kalimpong","Dist_LGD":"327N001","Sub_dist":"Kalimpong - I","Subdis_LGD":"2156","Subdis_Typ":"Cd_Block","Vill_name":"Sindepong Khasmahal","Vill_Cat":"Forest_Village","Vill_LGD":"306228","arr_project":"asha2"}},
{"type":"Feature","geometry":{"type":"Polygon","coordinates":[[[88.47547,27.03481],[88.4755,27.05005],[88.47812,27.05722],[88.47889,27.06219],[88.47227,27.06441],[88.47784,27.06999],[88.47664,27.07335],[88.48076,27.07514],[88.47469,27.07576],[88.4687,27.07127],[88.467,27.06379],[88.4678,27.06053],[88.46259,27.05918],[88.45692,27.06549],[88.45338,27.06297],[88.45306,27.05822],[88.45552,27.05249],[88.45378,27.0504],[88.453,27.04475],[88.44907,27.03915],[88.44498,27.03707],[88.45011,27.03307],[88.45394,27.03143],[88.46109,27.03446],[88.46958,27.03358],[88.47547,27.03481]]]},"properties":{"District":"Kalimpong","Dist_LGD":"327N001","Sub_dist":"Kalimpong - I","Subdis_LGD":"2156","Subdis_Typ":"Cd_Block","Vill_name":"Kalimpong","Vill_Cat":"Fully_Urban","Vill_LGD":"801635","arr_project":"asha2"}},
{"type":"Feature","geometry":{"type":"Polygon","coordinates":[[[88.49374,27.05093],[88.49651,27.04796],[88.49812,27.04109],[88.50464,27.0327],[88.51021,27.03125],[88.51875,27.03174],[88.52371,27.03103],[88.52537,27.03401],[88.52557,27.0396],[88.52264,27.03981],[88.51656,27.04033],[88.5148,27.04202],[88.50567,27.04486],[88.50458,27.05131],[88.50212,27.05297],[88.49638,27.05323],[88.49478,27.05183],[88.49374,27.05093]]]},"properties":{"District":"Kalimpong","Dist_LGD":"327N001","Sub_dist":"Kalimpong - I","Subdis_LGD":"2156","Subdis_Typ":"Cd_Block","Vill_name":"Yokprimtam Khasmahal","Vill_Cat":"Forest_Village","Vill_LGD":"306237","arr_project":"asha2"}},
{"type":"Feature","geometry":{"type":"Polygon","coordinates":[[[88.47889,27.06219],[88.47812,27.05722],[88.4755,27.05005],[88.47547,27.03481],[88.47918,27.03652],[88.48883,27.0358],[88.49222,27.03748],[88.49121,27.04507],[88.49374,27.05093],[88.49478,27.05183],[88.48534,27.0558],[88.47889,27.06219]]]},"properties":{"District":"Kalimpong","Dist_LGD":"327N001","Sub_dist":"Kalimpong - I","Subdis_LGD":"2156","Subdis_Typ":"Cd_Block","Vill_name":"Bong Khasmahal","Vill_Cat":"Forest_Village","Vill_LGD":"306236","arr_project":"asha2"}},
{"type":"Feature","geometry":{"type":"Polygon","coordinates":[[[88.61784,27.06177],[88.61989,27.05089],[88.61865,27.04048],[88.62178,27.03324],[88.6203,27.02832],[88.62173,27.02261],[88.6204,27.01674],[88.62534,27.01707],[88.63175,27.01323],[88.63287,27.01884],[88.63194,27.02138],[88.63418,27.02627],[88.64004,27.02622],[88.64045,27.0285],[88.64127,27.0309],[88.63684,27.03561],[88.63654,27.03944],[88.63825,27.04395],[88.63762,27.04782],[88.63853,27.05475],[88.63778,27.06196],[88.63434,27.06747],[88.62362,27.07171],[88.61963,27.06593],[88.61784,27.06177]]]},"properties":{"District":"Kalimpong","Dist_LGD":"327N001","Sub_dist":"Lava","Subdis_LGD":"2157","Subdis_Typ":"Cd_Block","Vill_name":"Git Beong Khasmahal","Vill_Cat":"Forest_Village","Vill_LGD":"306305","arr_project":"asha2"}},
{"type":"Feature","geometry":{"type":"Polygon","coordinates":[[[88.58955,27.04864],[88.58924,27.04406],[88.59377,27.04031],[88.59563,27.03564],[88.59857,27.03324],[88.59823,27.02884],[88.59365,27.03013],[88.58469,27.0272],[88.58023,27.02045],[88.59253,27.02006],[88.60521,27.01686],[88.60994,27.01665],[88.61313,27.01018],[88.61745,27.01075],[88.6184,27.01562],[88.6204,27.01674],[88.62173,27.02261],[88.6203,27.02832],[88.62178,27.03324],[88.61865,27.04048],[88.61989,27.05089],[88.61784,27.06177],[88.60813,27.05718],[88.59923,27.05222],[88.59598,27.05463],[88.58955,27.04864]]]},"properties":{"District":"Kalimpong","Dist_LGD":"327N001","Sub_dist":"Lava","Subdis_LGD":"2157","Subdis_Typ":"Cd_Block","Vill_name":"Git Dubling Khasmahal","Vill_Cat":"Forest_Village","Vill_LGD":"306306","arr_project":"asha2"}},
{"type":"Feature","geometry":{"type":"Polygon","coordinates":[[[88.5868,27.04787],[88.58064,27.03433],[88.58469,27.0272],[88.59365,27.03013],[88.59823,27.02884],[88.59857,27.03324],[88.59563,27.03564],[88.59377,27.04031],[88.58924,27.04406],[88.58955,27.04864],[88.5868,27.04787]]]},"properties":{"District":"Kalimpong","Dist_LGD":"327N001","Sub_dist":"Lava","Subdis_LGD":"2157","Subdis_Typ":"Cd_Block","Vill_name":"Pagang Khasmahal","Vill_Cat":"Forest_Village","Vill_LGD":"306307","arr_project":"asha2"}},
{"type":"Feature","geometry":{"type":"Polygon","coordinates":[[[88.55551,27.07596],[88.54882,27.09466],[88.54129,27.10029],[88.53417,27.09574],[88.53428,27.09561],[88.53894,27.08662],[88.54472,27.08014],[88.54969,27.07286],[88.55551,27.07596]]]},"properties":{"District":"Kalimpong","Dist_LGD":"327N001","Sub_dist":"Lava","Subdis_LGD":"2157","Subdis_Typ":"Cd_Block","Vill_name":"Dalapchand Khasmahal","Vill_Cat":"Forest_Village","Vill_LGD":"306300","arr_project":"asha2"}},
{"type":"Feature","geometry":{"type":"Polygon","coordinates":[[[88.51964,27.00356],[88.52658,26.99532],[88.53344,26.99274],[88.53429,26.99058],[88.53394,26.98309],[88.53833,26.98489],[88.54524,26.99101],[88.54504,26.99678],[88.55284,26.99482],[88.55376,26.99239],[88.55868,27.00619],[88.55525,27.00781],[88.54069,27.00939],[88.53564,27.01264],[88.53386,27.01532],[88.52644,27.0078],[88.51964,27.00356]]]},"properties":{"District":"Kalimpong","Dist_LGD":"327N001","Sub_dist":"Kalimpong - I","Subdis_LGD":"2156","Subdis_Typ":"Cd_Block","Vill_name":"Lolaygaon Khasmahal","Vill_Cat":"Forest_Village","Vill_LGD":"306240","arr_project":"asha2"}},
{"type":"Feature","geometry":{"type":"Polygon","coordinates":[[[88.51381,27.07835],[88.51265,27.08365],[88.51089,27.08322],[88.51356,27.07077],[88.51533,27.0655],[88.5139,27.05752],[88.51916,27.04994],[88.52264,27.03981],[88.52557,27.0396],[88.52831,27.04076],[88.5287,27.04332],[88.52789,27.04736],[88.52864,27.05277],[88.53205,27.05386],[88.52929,27.05707],[88.52672,27.05908],[88.52636,27.06233],[88.5161,27.07368],[88.51381,27.07835]]]},"properties":{"District":"Kalimpong","Dist_LGD":"327N001","Sub_dist":"Kalimpong - I","Subdis_LGD":"2156","Subdis_Typ":"Cd_Block","Vill_name":"Pudung Khasmahal","Vill_Cat":"Forest_Village","Vill_LGD":"306227","arr_project":"asha2"}},
{"type":"Feature","geometry":{"type":"Polygon","coordinates":[[[88.49127,27.02463],[88.50436,27.02331],[88.50749,27.02397],[88.51718,27.02094],[88.52289,27.02159],[88.52823,27.01857],[88.53478,27.02515],[88.52621,27.028],[88.52371,27.03103],[88.51875,27.03174],[88.51021,27.03125],[88.50464,27.0327],[88.49812,27.04109],[88.49651,27.04796],[88.49374,27.05093],[88.49121,27.04507],[88.49222,27.03748],[88.49158,27.03331],[88.49314,27.03084],[88.49127,27.02463]]]},"properties":{"District":"Kalimpong","Dist_LGD":"327N001","Sub_dist":"Kalimpong - I","Subdis_LGD":"2156","Subdis_Typ":"Cd_Block","Vill_name":"Seokbir Khasmahal","Vill_Cat":"Forest_Village","Vill_LGD":"306238","arr_project":"asha2"}},
{"type":"Feature","geometry":{"type":"Polygon","coordinates":[[[88.49127,27.02463],[88.49314,27.03084],[88.49158,27.03331],[88.49222,27.03748],[88.48883,27.0358],[88.47918,27.03652],[88.47547,27.03481],[88.46958,27.03358],[88.46109,27.03446],[88.46076,27.02544],[88.46359,27.0181],[88.47015,27.01102],[88.47474,27.01322],[88.47761,27.017],[88.48214,27.0206],[88.48592,27.02075],[88.48802,27.02361],[88.49127,27.02463]],[[88.47294,27.02324],[88.47024,27.02949],[88.47369,27.03064],[88.47635,27.02879],[88.47294,27.02324]]]},"properties":{"District":"Kalimpong","Dist_LGD":"327N001","Sub_dist":"Kalimpong - I","Subdis_LGD":"2156","Subdis_Typ":"Cd_Block","Vill_name":"Kameshi Forest","Vill_Cat":"Others","Vill_LGD":"306251","arr_project":"asha2"}},
{"type":"Feature","geometry":{"type":"Polygon","coordinates":[[[88.4644,27.00537],[88.46942,26.99946],[88.47188,26.99836],[88.48104,26.99615],[88.48528,26.99336],[88.49026,26.99397],[88.49269,26.99349],[88.49355,26.99744],[88.49023,27.00586],[88.49365,27.00873],[88.49389,27.0155],[88.50455,27.02118],[88.50749,27.02397],[88.50436,27.02331],[88.49127,27.02463],[88.48802,27.02361],[88.48592,27.02075],[88.48214,27.0206],[88.47761,27.017],[88.47474,27.01322],[88.47015,27.01102],[88.46898,27.00755],[88.4644,27.00537]]]},"properties":{"District":"Kalimpong","Dist_LGD":"327N001","Sub_dist":"Kalimpong - I","Subdis_LGD":"2156","Subdis_Typ":"Cd_Block","Vill_name":"Tunang Forest","Vill_Cat":"Others","Vill_LGD":"306250","arr_project":"asha2"}},
{"type":"Feature","geometry":{"type":"Polygon","coordinates":[[[88.43626,27.01644],[88.43701,27.01284],[88.4432,27.01029],[88.4456,27.00711],[88.4422,27.00065],[88.43691,26.99679],[88.44331,26.99701],[88.44867,26.9947],[88.45384,26.99882],[88.45858,27.00035],[88.45914,27.00422],[88.4644,27.00537],[88.46898,27.00755],[88.47015,27.01102],[88.46359,27.0181],[88.46076,27.02544],[88.46109,27.03446],[88.45394,27.03143],[88.44879,27.02524],[88.44114,27.01876],[88.43626,27.01644]]]},"properties":{"District":"Kalimpong","Dist_LGD":"327N001","Sub_dist":"Kalimpong - I","Subdis_LGD":"2156","Subdis_Typ":"Cd_Block","Vill_name":"Ringking Pong Forest","Vill_Cat":"Others","Vill_LGD":"306252","arr_project":"asha2"}},
{"type":"Feature","geometry":{"type":"Polygon","coordinates":[[[88.39351,26.99024],[88.39706,26.98762],[88.40006,26.98766],[88.40644,26.99029],[88.40962,26.99806],[88.41275,27.00056],[88.40939,27.00494],[88.39969,26.99454],[88.39351,26.99024]]]},"properties":{"District":"Kalimpong","Dist_LGD":"327N001","Sub_dist":"Kalimpong - I","Subdis_LGD":"2156","Subdis_Typ":"Cd_Block","Vill_name":"Turzam Forest","Vill_Cat":"Others","Vill_LGD":"306254","arr_project":"asha2"}},
{"type":"Feature","geometry":{"type":"Polygon","coordinates":[[[88.4644,27.00537],[88.45914,27.00422],[88.45858,27.00035],[88.45384,26.99882],[88.44867,26.9947],[88.44331,26.99701],[88.43691,26.99679],[88.43686,26.99163],[88.44271,26.98552],[88.44118,26.97843],[88.43738,26.97272],[88.42896,26.97042],[88.42711,26.96872],[88.43343,26.96838],[88.43964,26.96644],[88.45236,26.96507],[88.45838,26.96633],[88.45905,26.96858],[88.4564,26.97753],[88.46143,26.98336],[88.46364,26.98887],[88.4678,26.99513],[88.47188,26.99836],[88.46942,26.99946],[88.4644,27.00537]],[[88.44756,26.99267],[88.44728,26.99404],[88.4494,26.99364],[88.44939,26.99288],[88.44756,26.99267]]]},"properties":{"District":"Kalimpong","Dist_LGD":"327N001","Sub_dist":"Kalimpong - I","Subdis_LGD":"2156","Subdis_Typ":"Cd_Block","Vill_name":"Nazok Forest","Vill_Cat":"Others","Vill_LGD":"306258","arr_project":"asha2"}},
{"type":"Feature","geometry":{"type":"Polygon","coordinates":[[[88.53429,26.99058],[88.53107,26.99033],[88.51806,26.98598],[88.51573,26.98901],[88.50853,26.99048],[88.49889,26.99367],[88.49269,26.99349],[88.49026,26.99397],[88.49009,26.9834],[88.49339,26.97734],[88.49603,26.96969],[88.49962,26.96435],[88.50536,26.96734],[88.51094,26.96651],[88.51706,26.96772],[88.52367,26.96675],[88.52702,26.9673],[88.53041,26.97131],[88.53373,26.97733],[88.53394,26.98309],[88.53429,26.99058]]]},"properties":{"District":"Kalimpong","Dist_LGD":"327N001","Sub_dist":"Kalimpong - I","Subdis_LGD":"2156","Subdis_Typ":"Cd_Block","Vill_name":"Samthar Khasmahal","Vill_Cat":"Forest_Village","Vill_LGD":"306248","arr_project":"asha2"}},
{"type":"Feature","geometry":{"type":"Polygon","coordinates":[[[88.47188,26.99836],[88.4678,26.99513],[88.46364,26.98887],[88.46143,26.98336],[88.4564,26.97753],[88.45905,26.96858],[88.4603,26.96943],[88.4665,26.96463],[88.46954,26.96611],[88.48843,26.96738],[88.49075,26.96909],[88.49603,26.96969],[88.49339,26.97734],[88.49009,26.9834],[88.49026,26.99397],[88.48528,26.99336],[88.48104,26.99615],[88.47188,26.99836]]]},"properties":{"District":"Kalimpong","Dist_LGD":"327N001","Sub_dist":"Kalimpong - I","Subdis_LGD":"2156","Subdis_Typ":"Cd_Block","Vill_name":"Suruk Khasmahal","Vill_Cat":"Forest_Village","Vill_LGD":"306259","arr_project":"asha2"}},
{"type":"Feature","geometry":{"type":"Polygon","coordinates":[[[88.53204,26.94687],[88.53065,26.94624],[88.51875,26.94733],[88.51417,26.94903],[88.50307,26.94956],[88.49563,26.95058],[88.49521,26.95801],[88.49257,26.96333],[88.49251,26.96726],[88.49603,26.96969],[88.49075,26.96909],[88.48843,26.96738],[88.46954,26.96611],[88.4665,26.96463],[88.4603,26.96943],[88.45905,26.96858],[88.45838,26.96633],[88.45831,26.95796],[88.46429,26.95395],[88.46795,26.94883],[88.46951,26.94197],[88.47101,26.93982],[88.47741,26.9363],[88.47759,26.93099],[88.48156,26.92239],[88.48592,26.91551],[88.49466,26.91294],[88.50062,26.91001],[88.50715,26.91003],[88.51183,26.91468],[88.5138,26.92141],[88.51796,26.91779],[88.52291,26.91661],[88.52748,26.91783],[88.53674,26.92457],[88.53147,26.93319],[88.53204,26.94687]]]},"properties":{"District":"Kalimpong","Dist_LGD":"327N001","Sub_dist":"Kalimpong - I","Subdis_LGD":"2156","Subdis_Typ":"Cd_Block","Vill_name":"Yang Makum Khasmahal","Vill_Cat":"Forest_Village","Vill_LGD":"306261","arr_project":"asha2"}},
{"type":"Feature","geometry":{"type":"Polygon","coordinates":[[[88.60332,26.99196],[88.60558,26.98804],[88.61023,26.98344],[88.6125,26.97567],[88.60921,26.97492],[88.6084,26.96358],[88.61079,26.96161],[88.61143,26.9564],[88.60631,26.95524],[88.60662,26.95015],[88.60951,26.95038],[88.61067,26.95018],[88.61847,26.95448],[88.63016,26.95799],[88.63131,26.96492],[88.63009,26.97754],[88.62811,26.98162],[88.63018,26.98749],[88.63905,26.99562],[88.63766,27.00006],[88.63221,27.00626],[88.63525,27.01095],[88.64184,27.01389],[88.65,27.02007],[88.64936,27.02342],[88.644,27.02768],[88.64045,27.0285],[88.64004,27.02622],[88.63418,27.02627],[88.63194,27.02138],[88.63287,27.01884],[88.63175,27.01323],[88.62534,27.01707],[88.6204,27.01674],[88.6184,27.01562],[88.61745,27.01075],[88.61313,27.01018],[88.6126,27.00421],[88.61074,27.00295],[88.60627,27.00748],[88.60272,27.0063],[88.6051,26.99938],[88.60352,26.99671],[88.60332,26.99196]]]},"properties":{"District":"Kalimpong","Dist_LGD":"327N001","Sub_dist":"Gorubathan","Subdis_LGD":"2158","Subdis_Typ":"Cd_Block","Vill_name":"Pagrang Bong Khasmahal","Vill_Cat":"Forest_Village","Vill_LGD":"306332","arr_project":"asha2"}},
{"type":"Feature","geometry":{"type":"Polygon","coordinates":[[[88.61313,27.01018],[88.60994,27.01665],[88.60521,27.01686],[88.59253,27.02006],[88.58023,27.02045],[88.57627,27.00609],[88.57277,26.99253],[88.57234,26.98744],[88.58472,26.98429],[88.59209,26.98707],[88.59665,26.99114],[88.60332,26.99196],[88.60352,26.99671],[88.6051,26.99938],[88.60272,27.0063],[88.60627,27.00748],[88.61074,27.00295],[88.6126,27.00421],[88.61313,27.01018]]]},"properties":{"District":"Kalimpong","Dist_LGD":"327N001","Sub_dist":"Kalimpong - I","Subdis_LGD":"2156","Subdis_Typ":"Cd_Block","Vill_name":"Pemling Khasmahal","Vill_Cat":"Forest_Village","Vill_LGD":"306243","arr_project":"asha2"}},
{"type":"Feature","geometry":{"type":"Polygon","coordinates":[[[88.64982,27.06861],[88.65958,27.0736],[88.6547,27.0756],[88.65455,27.08418],[88.64922,27.08917],[88.64227,27.0846],[88.63302,27.08068],[88.6253,27.07829],[88.61737,27.07006],[88.61963,27.06593],[88.62362,27.07171],[88.63434,27.06747],[88.63778,27.06196],[88.63853,27.05475],[88.64321,27.05736],[88.64318,27.05987],[88.6475,27.06348],[88.64982,27.06861]],[[88.64137,27.0708],[88.64257,27.06939],[88.64146,27.06879],[88.64068,27.07011],[88.64137,27.0708]]]},"properties":{"District":"Kalimpong","Dist_LGD":"327N001","Sub_dist":"Lava","Subdis_LGD":"2157","Subdis_Typ":"Cd_Block","Vill_name":"Lava Forest","Vill_Cat":"Others","Vill_LGD":"306287","arr_project":"asha2"}},
{"type":"Feature","geometry":{"type":"Polygon","coordinates":[[[88.48018,27.09058],[88.47901,27.08808],[88.46516,27.0795],[88.46174,27.07636],[88.46076,27.0716],[88.46229,27.0668],[88.467,27.06379],[88.4687,27.07127],[88.47469,27.07576],[88.48076,27.07514],[88.49052,27.08036],[88.49998,27.08353],[88.50314,27.0857],[88.5013,27.08823],[88.49543,27.09547],[88.49,27.0974],[88.48407,27.09788],[88.47919,27.0952],[88.48018,27.09058]]]},"properties":{"District":"Kalimpong","Dist_LGD":"327N001","Sub_dist":"Kalimpong - I","Subdis_LGD":"2156","Subdis_Typ":"Cd_Block","Vill_name":"Bhalukhop Khasmahal","Vill_Cat":"Forest_Village","Vill_LGD":"306229","arr_project":"asha2"}},
{"type":"Feature","geometry":{"type":"Polygon","coordinates":[[[88.48018,27.09058],[88.47188,27.09241],[88.46014,27.09118],[88.45445,27.08786],[88.45053,27.08389],[88.43859,27.0822],[88.43289,27.07901],[88.43108,27.07653],[88.42901,27.06927],[88.42688,27.06612],[88.42953,27.06492],[88.43886,27.06446],[88.44041,27.07189],[88.44463,27.07531],[88.45031,27.07094],[88.45685,27.07396],[88.46076,27.0716],[88.46174,27.07636],[88.46516,27.0795],[88.47901,27.08808],[88.48018,27.09058]],[[88.46024,27.09065],[88.46102,27.09015],[88.4606,27.08928],[88.45934,27.08864],[88.46024,27.09065]]]},"properties":{"District":"Kalimpong","Dist_LGD":"327N001","Sub_dist":"Kalimpong - I","Subdis_LGD":"2156","Subdis_Typ":"Cd_Block","Vill_name":"Kalimpong Damsang Forest","Vill_Cat":"Others","Vill_LGD":"306230","arr_project":"asha2"}},
{"type":"Feature","geometry":{"type":"Polygon","coordinates":[[[88.69501,27.1458],[88.69031,27.15078],[88.68361,27.14967],[88.6799,27.15254],[88.67382,27.15407],[88.66142,27.15484],[88.65579,27.15961],[88.65465,27.16214],[88.65336,27.16194],[88.65478,27.1567],[88.65996,27.14984],[88.66119,27.1417],[88.66523,27.13503],[88.66483,27.12995],[88.66715,27.12922],[88.6687,27.1197],[88.67177,27.11633],[88.66874,27.1123],[88.67033,27.10613],[88.6684,27.10351],[88.6716,27.09761],[88.67786,27.09842],[88.67962,27.10605],[88.68361,27.11324],[88.68139,27.1157],[88.682,27.12253],[88.68223,27.13491],[88.68661,27.14181],[88.69183,27.14296],[88.69501,27.1458]]]},"properties":{"District":"Kalimpong","Dist_LGD":"327N001","Sub_dist":"Pedong","Subdis_LGD":"02157N001","Subdis_Typ":"Cd_Block","Vill_name":"Lingsaykha Khasmahal","Vill_Cat":"Forest_Village","Vill_LGD":"306281","arr_project":"asha2"}},
{"type":"Feature","geometry":{"type":"Polygon","coordinates":[[[88.6291,27.13915],[88.62077,27.14455],[88.60716,27.14718],[88.60294,27.14902],[88.59764,27.13669],[88.58983,27.1304],[88.58925,27.129],[88.5884,27.12699],[88.58926,27.12081],[88.59489,27.11457],[88.59779,27.10589],[88.6038,27.10201],[88.60491,27.10227],[88.6083,27.10513],[88.61096,27.11188],[88.61488,27.115],[88.61819,27.12203],[88.61823,27.12596],[88.62275,27.13127],[88.62568,27.13618],[88.6291,27.13915]]]},"properties":{"District":"Kalimpong","Dist_LGD":"327N001","Sub_dist":"Pedong","Subdis_LGD":"02157N001","Subdis_Typ":"Cd_Block","Vill_name":"Sakyong Khasmahal","Vill_Cat":"Forest_Village","Vill_LGD":"306292","arr_project":"asha2"}},
{"type":"Feature","geometry":{"type":"Polygon","coordinates":[[[88.6291,27.13915],[88.62893,27.14231],[88.63148,27.1453],[88.63196,27.14978],[88.63478,27.15653],[88.63417,27.16256],[88.63549,27.16673],[88.63488,27.16822],[88.63029,27.16602],[88.62229,27.16527],[88.61476,27.16137],[88.60903,27.1602],[88.60396,27.1567],[88.59931,27.15483],[88.59991,27.15371],[88.60371,27.15108],[88.60294,27.14902],[88.60716,27.14718],[88.62077,27.14455],[88.6291,27.13915]],[[88.61443,27.15743],[88.61483,27.15984],[88.61735,27.15875],[88.61443,27.15743]]]},"properties":{"District":"Kalimpong","Dist_LGD":"327N001","Sub_dist":"Pedong","Subdis_LGD":"02157N001","Subdis_Typ":"Cd_Block","Vill_name":"Pedong Khasmahal","Vill_Cat":"Forest_Village","Vill_LGD":"306277","arr_project":"asha2"}},
{"type":"Feature","geometry":{"type":"Polygon","coordinates":[[[88.58469,27.0272],[88.58064,27.03433],[88.5868,27.04787],[88.58308,27.04683],[88.58271,27.04672],[88.57721,27.03424],[88.57476,27.0237],[88.56824,27.01829],[88.56468,27.01559],[88.56045,27.00962],[88.56229,27.00784],[88.57043,27.00764],[88.57627,27.00609],[88.58023,27.02045],[88.58469,27.0272]]]},"properties":{"District":"Kalimpong","Dist_LGD":"327N001","Sub_dist":"Lava","Subdis_LGD":"2157","Subdis_Typ":"Cd_Block","Vill_name":"Bakhim Khasmahal","Vill_Cat":"Forest_Village","Vill_LGD":"306308","arr_project":"asha2"}},
{"type":"Feature","geometry":{"type":"Polygon","coordinates":[[[88.63488,27.16822],[88.63364,27.17319],[88.62301,27.17935],[88.62228,27.18245],[88.61843,27.18326],[88.6128,27.18194],[88.60339,27.18629],[88.60114,27.18594],[88.59797,27.18977],[88.59461,27.18781],[88.59327,27.19098],[88.59025,27.19033],[88.58907,27.18644],[88.58504,27.18998],[88.5735,27.18674],[88.57438,27.1782],[88.57684,27.17419],[88.58861,27.17051],[88.59445,27.16548],[88.59696,27.15846],[88.59931,27.15483],[88.60396,27.1567],[88.60903,27.1602],[88.61476,27.16137],[88.62229,27.16527],[88.63029,27.16602],[88.63488,27.16822]]]},"properties":{"District":"Kalimpong","Dist_LGD":"327N001","Sub_dist":"Pedong","Subdis_LGD":"02157N001","Subdis_Typ":"Cd_Block","Vill_name":"Kashyong Khasmahal","Vill_Cat":"Forest_Village","Vill_LGD":"306275","arr_project":"asha2"}},
{"type":"Feature","geometry":{"type":"Polygon","coordinates":[[[88.61737,27.11072],[88.62319,27.10519],[88.62289,27.10104],[88.62605,27.10005],[88.63683,27.10441],[88.64389,27.10359],[88.64495,27.10606],[88.65117,27.11395],[88.64971,27.12187],[88.63588,27.12019],[88.63308,27.11882],[88.62862,27.11936],[88.62596,27.12144],[88.61998,27.11728],[88.61737,27.11072]]]},"properties":{"District":"Kalimpong","Dist_LGD":"327N001","Sub_dist":"Lava","Subdis_LGD":"2157","Subdis_Typ":"Cd_Block","Vill_name":"Pakthang Forest","Vill_Cat":"Others","Vill_LGD":"306290","arr_project":"asha2"}},
{"type":"Feature","geometry":{"type":"Polygon","coordinates":[[[88.58641,27.1],[88.58741,27.10694],[88.57793,27.11236],[88.57227,27.1127],[88.57052,27.11035],[88.56132,27.10533],[88.55225,27.10385],[88.54688,27.10418],[88.54129,27.10029],[88.54882,27.09466],[88.55551,27.07596],[88.55666,27.07667],[88.56007,27.07886],[88.56654,27.08718],[88.57505,27.09277],[88.57662,27.09565],[88.58346,27.10016],[88.58641,27.1]]]},"properties":{"District":"Kalimpong","Dist_LGD":"327N001","Sub_dist":"Lava","Subdis_LGD":"2157","Subdis_Typ":"Cd_Block","Vill_name":"Paiyong Khasmahal","Vill_Cat":"Forest_Village","Vill_LGD":"306301","arr_project":"asha2"}},
{"type":"Feature","geometry":{"type":"Polygon","coordinates":[[[88.6716,27.09761],[88.66688,27.0982],[88.66359,27.09702],[88.65833,27.09851],[88.651,27.10388],[88.64495,27.10606],[88.64389,27.10359],[88.64683,27.09622],[88.64637,27.09273],[88.64922,27.08917],[88.65455,27.08418],[88.66373,27.08302],[88.66744,27.07713],[88.6748,27.07756],[88.68065,27.07892],[88.68521,27.08169],[88.68427,27.08894],[88.68186,27.09585],[88.67786,27.09842],[88.6716,27.09761]],[[88.67349,27.09615],[88.67714,27.09346],[88.674,27.09026],[88.67054,27.09145],[88.67042,27.09441],[88.67349,27.09615]]]},"properties":{"District":"Kalimpong","Dist_LGD":"327N001","Sub_dist":"Lava","Subdis_LGD":"2157","Subdis_Typ":"Cd_Block","Vill_name":"Kolbong Forest","Vill_Cat":"Others","Vill_LGD":"306285","arr_project":"asha2"}},
{"type":"Feature","geometry":{"type":"Polygon","coordinates":[[[88.682,27.12253],[88.68139,27.1157],[88.68361,27.11324],[88.67962,27.10605],[88.67786,27.09842],[88.68186,27.09585],[88.68427,27.08894],[88.68521,27.08169],[88.69081,27.0815],[88.69871,27.09123],[88.70781,27.09765],[88.70613,27.10911],[88.70055,27.11477],[88.69095,27.11985],[88.682,27.12253]]]},"properties":{"District":"Kalimpong","Dist_LGD":"327N001","Sub_dist":"Pedong","Subdis_LGD":"02157N001","Subdis_Typ":"Cd_Block","Vill_name":"Reset Forest","Vill_Cat":"Others","Vill_LGD":"306284","arr_project":"asha2"}},
{"type":"Feature","geometry":{"type":"Polygon","coordinates":[[[88.65455,27.08418],[88.6547,27.0756],[88.65958,27.0736],[88.66744,27.07713],[88.66373,27.08302],[88.65455,27.08418]],[[88.65518,27.07934],[88.65615,27.08153],[88.65751,27.08104],[88.65725,27.07961],[88.65518,27.07934]]]},"properties":{"District":"Kalimpong","Dist_LGD":"327N001","Sub_dist":"Lava","Subdis_LGD":"2157","Subdis_Typ":"Cd_Block","Vill_name":"Lava Bazar D.I.F.","Vill_Cat":"Rural","Vill_LGD":"306286","arr_project":"asha2"}},
{"type":"Feature","geometry":{"type":"Polygon","coordinates":[[[88.61343,27.08566],[88.60896,27.07416],[88.61047,27.07169],[88.61737,27.07006],[88.6253,27.07829],[88.63302,27.08068],[88.64227,27.0846],[88.64922,27.08917],[88.64637,27.09273],[88.64683,27.09622],[88.64389,27.10359],[88.63327,27.09857],[88.62575,27.0901],[88.62091,27.0851],[88.61524,27.08302],[88.61343,27.08566]]]},"properties":{"District":"Kalimpong","Dist_LGD":"327N001","Sub_dist":"Lava","Subdis_LGD":"2157","Subdis_Typ":"Cd_Block","Vill_name":"Khampong Forest","Vill_Cat":"Others","Vill_LGD":"306288","arr_project":"asha2"}},
{"type":"Feature","geometry":{"type":"Polygon","coordinates":[[[88.56351,27.05951],[88.57312,27.0529],[88.57654,27.05165],[88.58123,27.04653],[88.58271,27.04672],[88.58308,27.04683],[88.58067,27.05212],[88.5861,27.055],[88.59345,27.06597],[88.59942,27.07144],[88.60896,27.07416],[88.61343,27.08566],[88.60702,27.08367],[88.60473,27.08506],[88.59435,27.08204],[88.58948,27.07904],[88.58313,27.07652],[88.57824,27.07049],[88.57382,27.06845],[88.56878,27.06807],[88.5653,27.07056],[88.56172,27.06385],[88.56351,27.05951]]]},"properties":{"District":"Kalimpong","Dist_LGD":"327N001","Sub_dist":"Lava","Subdis_LGD":"2157","Subdis_Typ":"Cd_Block","Vill_name":"Saihur Forest","Vill_Cat":"Others","Vill_LGD":"306303","arr_project":"asha2"}},
{"type":"Feature","geometry":{"type":"Polygon","coordinates":[[[88.55042,27.16751],[88.54443,27.16141],[88.54424,27.15664],[88.54689,27.14757],[88.54647,27.13541],[88.54745,27.12944],[88.54806,27.1285],[88.55592,27.13551],[88.56573,27.13739],[88.57244,27.14248],[88.5721,27.14291],[88.56637,27.14825],[88.55666,27.15999],[88.55276,27.1676],[88.55042,27.16751]]]},"properties":{"District":"Kalimpong","Dist_LGD":"327N001","Sub_dist":"Lava","Subdis_LGD":"2157","Subdis_Typ":"Cd_Block","Vill_name":"Mangchu Forest","Vill_Cat":"Others","Vill_LGD":"306273","arr_project":"asha2"}},
{"type":"Feature","geometry":{"type":"Polygon","coordinates":[[[88.50744,27.10815],[88.50391,27.11391],[88.50593,27.12408],[88.50459,27.12926],[88.50194,27.13272],[88.49885,27.12959],[88.49901,27.12551],[88.49579,27.12352],[88.48748,27.12592],[88.48451,27.12081],[88.47778,27.12282],[88.47541,27.12171],[88.4688,27.11532],[88.46742,27.11239],[88.46645,27.10274],[88.46197,27.09838],[88.46014,27.09118],[88.47188,27.09241],[88.48018,27.09058],[88.47919,27.0952],[88.4785,27.09898],[88.47983,27.10409],[88.48922,27.10478],[88.50286,27.10474],[88.50744,27.10815]],[[88.47356,27.11058],[88.47416,27.11193],[88.47576,27.11073],[88.47418,27.10978],[88.47356,27.11058]],[[88.46895,27.1094],[88.46956,27.10684],[88.46812,27.10699],[88.46895,27.1094]]]},"properties":{"District":"Kalimpong","Dist_LGD":"327N001","Sub_dist":"Kalimpong - I","Subdis_LGD":"2156","Subdis_Typ":"Cd_Block","Vill_name":"Bhalukhop Forest","Vill_Cat":"Others","Vill_LGD":"306221","arr_project":"asha2"}},
{"type":"Feature","geometry":{"type":"Polygon","coordinates":[[[88.60294,27.14902],[88.60371,27.15108],[88.59991,27.15371],[88.59654,27.14895],[88.58826,27.14397],[88.57997,27.14426],[88.5721,27.14291],[88.57244,27.14248],[88.58159,27.13261],[88.5825,27.12848],[88.57982,27.12092],[88.58371,27.11941],[88.58199,27.11583],[88.58193,27.11331],[88.5782,27.11259],[88.57813,27.1163],[88.5763,27.11732],[88.57227,27.1127],[88.57793,27.11236],[88.58741,27.10694],[88.58641,27.1],[88.58746,27.09924],[88.58955,27.09094],[88.59277,27.08961],[88.59609,27.09295],[88.60434,27.0939],[88.60129,27.09712],[88.59756,27.10399],[88.58921,27.11703],[88.58719,27.11926],[88.58636,27.12675],[88.58925,27.129],[88.58983,27.1304],[88.59764,27.13669],[88.60294,27.14902]],[[88.58702,27.11235],[88.58733,27.10984],[88.58374,27.11041],[88.58338,27.1119],[88.58702,27.11235]],[[88.59117,27.10376],[88.59332,27.10197],[88.59273,27.09974],[88.5907,27.10217],[88.59117,27.10376]]]},"properties":{"District":"Kalimpong","Dist_LGD":"327N001","Sub_dist":"Lava","Subdis_LGD":"2157","Subdis_Typ":"Cd_Block","Vill_name":"Paiyong Forest","Vill_Cat":"Others","Vill_LGD":"306293","arr_project":"asha2"}},
{"type":"Feature","geometry":{"type":"Polygon","coordinates":[[[88.54745,27.12944],[88.53942,27.13836],[88.53218,27.13742],[88.52886,27.14003],[88.53023,27.14526],[88.52918,27.14912],[88.52814,27.149],[88.52828,27.14796],[88.52686,27.14784],[88.52681,27.14919],[88.52097,27.14871],[88.51824,27.14643],[88.52041,27.14737],[88.51978,27.14592],[88.51796,27.14512],[88.51693,27.14238],[88.51324,27.14075],[88.51077,27.137],[88.50673,27.13704],[88.50194,27.13272],[88.50459,27.12926],[88.50593,27.12408],[88.50391,27.11391],[88.50744,27.10815],[88.52118,27.11402],[88.52871,27.11099],[88.53414,27.11097],[88.53251,27.10214],[88.53341,27.09699],[88.53346,27.0969],[88.53712,27.10073],[88.55471,27.11471],[88.54806,27.1285],[88.54745,27.12944]],[[88.51145,27.13697],[88.51329,27.13719],[88.51282,27.13586],[88.51145,27.13697]],[[88.50348,27.13275],[88.50336,27.13338],[88.50451,27.13352],[88.50418,27.13267],[88.50348,27.13275]],[[88.51285,27.11559],[88.51473,27.11531],[88.51508,27.11392],[88.51262,27.1144],[88.51285,27.11559]]]},"properties":{"District":"Kalimpong","Dist_LGD":"327N001","Sub_dist":"Lava","Subdis_LGD":"2157","Subdis_Typ":"Cd_Block","Vill_name":"Sangser Forest","Vill_Cat":"Others","Vill_LGD":"306296","arr_project":"asha2"}},
{"type":"Feature","geometry":{"type":"Polygon","coordinates":[[[88.55042,27.16751],[88.54649,27.17003],[88.54851,27.17219],[88.562,27.17616],[88.56543,27.17812],[88.56101,27.18565],[88.55551,27.18527],[88.54832,27.18269],[88.54298,27.18318],[88.53874,27.1773],[88.53507,27.17889],[88.53274,27.17379],[88.5299,27.17237],[88.52716,27.17368],[88.52077,27.17289],[88.52758,27.16651],[88.53158,27.16423],[88.52771,27.15849],[88.53352,27.15456],[88.53204,27.14982],[88.52918,27.14912],[88.53023,27.14526],[88.52886,27.14003],[88.53218,27.13742],[88.53942,27.13836],[88.54745,27.12944],[88.54647,27.13541],[88.54689,27.14757],[88.54424,27.15664],[88.54443,27.16141],[88.55042,27.16751]],[[88.52586,27.17341],[88.52793,27.17048],[88.5234,27.17113],[88.52586,27.17341]],[[88.53043,27.14597],[88.53056,27.14924],[88.53251,27.14861],[88.53258,27.14715],[88.53043,27.14597]]]},"properties":{"District":"Kalimpong","Dist_LGD":"327N001","Sub_dist":"Lava","Subdis_LGD":"2157","Subdis_Typ":"Cd_Block","Vill_name":"Rangpo Forest","Vill_Cat":"Others","Vill_LGD":"306272","arr_project":"asha2"}},
{"type":"Feature","geometry":{"type":"Polygon","coordinates":[[[88.51381,27.07835],[88.5161,27.07368],[88.52636,27.06233],[88.52672,27.05908],[88.52929,27.05707],[88.5322,27.06269],[88.54017,27.06891],[88.53686,27.07859],[88.52978,27.08517],[88.52247,27.08106],[88.51381,27.07835]]]},"properties":{"District":"Kalimpong","Dist_LGD":"327N001","Sub_dist":"Kalimpong - I","Subdis_LGD":"2156","Subdis_Typ":"Cd_Block","Vill_name":"Echhey Khasmahal","Vill_Cat":"Forest_Village","Vill_LGD":"306226","arr_project":"asha2"}},
{"type":"Feature","geometry":{"type":"Polygon","coordinates":[[[88.71781,27.14331],[88.71705,27.15597],[88.71599,27.16003],[88.71248,27.16248],[88.71012,27.16684],[88.70544,27.16885],[88.70173,27.17387],[88.69153,27.17839],[88.68506,27.17988],[88.67744,27.17802],[88.67102,27.173],[88.66477,27.16552],[88.66284,27.16168],[88.66026,27.16055],[88.65465,27.16214],[88.65579,27.15961],[88.66142,27.15484],[88.67382,27.15407],[88.6799,27.15254],[88.68361,27.14967],[88.69031,27.15078],[88.69501,27.1458],[88.69806,27.14538],[88.70673,27.14184],[88.71645,27.14146],[88.71781,27.14331]]]},"properties":{"District":"Kalimpong","Dist_LGD":"327N001","Sub_dist":"Pedong","Subdis_LGD":"02157N001","Subdis_Typ":"Cd_Block","Vill_name":"Lingsay Khasmahal","Vill_Cat":"Forest_Village","Vill_LGD":"306282","arr_project":"asha2"}},
{"type":"Feature","geometry":{"type":"Polygon","coordinates":[[[88.49365,27.00873],[88.50105,27.00822],[88.51964,27.00356],[88.52644,27.0078],[88.53386,27.01532],[88.52823,27.01857],[88.52289,27.02159],[88.51718,27.02094],[88.50749,27.02397],[88.50455,27.02118],[88.49389,27.0155],[88.49365,27.00873]]]},"properties":{"District":"Kalimpong","Dist_LGD":"327N001","Sub_dist":"Kalimpong - I","Subdis_LGD":"2156","Subdis_Typ":"Cd_Block","Vill_name":"Samalbong Khasmahal","Vill_Cat":"Forest_Village","Vill_LGD":"306239","arr_project":"asha2"}},
{"type":"Feature","geometry":{"type":"Polygon","coordinates":[[[88.61067,26.95018],[88.60951,26.95038],[88.61075,26.94528],[88.60449,26.94515],[88.60351,26.93681],[88.5992,26.93799],[88.59509,26.94106],[88.58434,26.93667],[88.58,26.93547],[88.58192,26.93028],[88.58505,26.92622],[88.58595,26.92289],[88.58033,26.92287],[88.57791,26.91927],[88.58092,26.9153],[88.58848,26.91075],[88.5896,26.90759],[88.59774,26.90143],[88.60681,26.88911],[88.60754,26.88871],[88.60796,26.89154],[88.61246,26.89194],[88.61533,26.89748],[88.61927,26.89961],[88.62112,26.90558],[88.61601,26.90936],[88.61168,26.9101],[88.61212,26.91913],[88.6095,26.92701],[88.61344,26.93039],[88.61249,26.9356],[88.61452,26.93955],[88.61448,26.94334],[88.61067,26.95018]]]},"properties":{"District":"Kalimpong","Dist_LGD":"327N001","Sub_dist":"Kalimpong - I","Subdis_LGD":"2156","Subdis_Typ":"Cd_Block","Vill_name":"Ramthi Forest","Vill_Cat":"Others","Vill_LGD":"306269","arr_project":"asha2"}},
{"type":"Feature","geometry":{"type":"Polygon","coordinates":[[[88.45838,26.96633],[88.45236,26.96507],[88.43964,26.96644],[88.43343,26.96838],[88.42711,26.96872],[88.43563,26.96157],[88.4405,26.95834],[88.44197,26.94952],[88.445,26.94535],[88.44293,26.9415],[88.44995,26.94167],[88.45443,26.94084],[88.45614,26.9451],[88.45897,26.94526],[88.46795,26.94883],[88.46429,26.95395],[88.45831,26.95796],[88.45838,26.96633]]]},"properties":{"District":"Kalimpong","Dist_LGD":"327N001","Sub_dist":"Kalimpong - I","Subdis_LGD":"2156","Subdis_Typ":"Cd_Block","Vill_name":"Gulling Forest","Vill_Cat":"Others","Vill_LGD":"306262","arr_project":"asha2"}},
{"type":"Feature","geometry":{"type":"Polygon","coordinates":[[[88.51706,26.96772],[88.51833,26.96211],[88.52446,26.95716],[88.52764,26.95082],[88.53272,26.94728],[88.53448,26.95174],[88.53789,26.9556],[88.54335,26.95704],[88.54916,26.95031],[88.55922,26.95142],[88.5641,26.95977],[88.57302,26.95607],[88.57257,26.95809],[88.56726,26.96358],[88.56737,26.97013],[88.56135,26.97639],[88.55276,26.97678],[88.54916,26.97531],[88.54295,26.9754],[88.53373,26.97733],[88.53041,26.97131],[88.52702,26.9673],[88.52367,26.96675],[88.51706,26.96772]]]},"properties":{"District":"Kalimpong","Dist_LGD":"327N001","Sub_dist":"Kalimpong - I","Subdis_LGD":"2156","Subdis_Typ":"Cd_Block","Vill_name":"Pabringtar Khasmahal","Vill_Cat":"Forest_Village","Vill_LGD":"306246","arr_project":"asha2"}},
{"type":"Feature","geometry":{"type":"Polygon","coordinates":[[[88.59931,27.15483],[88.59696,27.15846],[88.59445,27.16548],[88.58861,27.17051],[88.57684,27.17419],[88.57438,27.1782],[88.5735,27.18674],[88.56779,27.18491],[88.56101,27.18565],[88.56543,27.17812],[88.562,27.17616],[88.54851,27.17219],[88.54649,27.17003],[88.55042,27.16751],[88.55276,27.1676],[88.55666,27.15999],[88.56637,27.14825],[88.5721,27.14291],[88.57997,27.14426],[88.58826,27.14397],[88.59654,27.14895],[88.59991,27.15371],[88.59931,27.15483]]]},"properties":{"District":"Kalimpong","Dist_LGD":"327N001","Sub_dist":"Lava","Subdis_LGD":"2157","Subdis_Typ":"Cd_Block","Vill_name":"Mansong Cinchona Plantation","Vill_Cat":"Rural","Vill_LGD":"306274","arr_project":"asha2"}},
{"type":"Feature","geometry":{"type":"Polygon","coordinates":[[[88.64389,27.10359],[88.63683,27.10441],[88.62605,27.10005],[88.62289,27.10104],[88.60925,27.0982],[88.60513,27.09375],[88.61645,27.09136],[88.62575,27.0901],[88.63327,27.09857],[88.64389,27.10359]],[[88.62844,27.10021],[88.6294,27.10104],[88.63005,27.1005],[88.62899,27.1],[88.62844,27.10021]]]},"properties":{"District":"Kalimpong","Dist_LGD":"327N001","Sub_dist":"Lava","Subdis_LGD":"2157","Subdis_Typ":"Cd_Block","Vill_name":"Rissium Forest","Vill_Cat":"Others","Vill_LGD":"306289","arr_project":"asha2"}},
{"type":"Feature","geometry":{"type":"Polygon","coordinates":[[[88.64982,27.06861],[88.65349,27.06678],[88.66866,27.06528],[88.6747,27.06083],[88.68652,27.06857],[88.69093,27.07334],[88.69582,27.07226],[88.69999,27.06859],[88.70216,27.06253],[88.70776,27.0582],[88.71091,27.05379],[88.71622,27.05206],[88.71186,27.04732],[88.71042,27.04116],[88.71304,27.03798],[88.71476,27.04122],[88.72546,27.05486],[88.72492,27.0585],[88.72575,27.06863],[88.71644,27.07564],[88.71156,27.07689],[88.7099,27.08358],[88.71243,27.0902],[88.70781,27.09765],[88.69871,27.09123],[88.69081,27.0815],[88.68521,27.08169],[88.68065,27.07892],[88.6748,27.07756],[88.66744,27.07713],[88.65958,27.0736],[88.64982,27.06861]]]},"properties":{"District":"Kalimpong","Dist_LGD":"327N001","Sub_dist":"Gorubathan","Subdis_LGD":"2158","Subdis_Typ":"Cd_Block","Vill_name":"Westnar Forest","Vill_Cat":"Others","Vill_LGD":"306327","arr_project":"asha2"}},
{"type":"Feature","geometry":{"type":"Polygon","coordinates":[[[88.58955,27.04864],[88.59598,27.05463],[88.59923,27.05222],[88.60813,27.05718],[88.61784,27.06177],[88.61963,27.06593],[88.61737,27.07006],[88.61047,27.07169],[88.60896,27.07416],[88.59942,27.07144],[88.59345,27.06597],[88.5861,27.055],[88.58067,27.05212],[88.58308,27.04683],[88.5868,27.04787],[88.58955,27.04864]],[[88.58497,27.05225],[88.58516,27.05439],[88.58721,27.05485],[88.58675,27.05261],[88.58497,27.05225]]]},"properties":{"District":"Kalimpong","Dist_LGD":"327N001","Sub_dist":"Lava","Subdis_LGD":"2157","Subdis_Typ":"Cd_Block","Vill_name":"Chumang Forest","Vill_Cat":"Others","Vill_LGD":"306304","arr_project":"asha2"}},
{"type":"Feature","geometry":{"type":"Polygon","coordinates":[[[88.73687,26.96493],[88.73511,26.96389],[88.73541,26.9585],[88.72956,26.96172],[88.72696,26.95869],[88.72354,26.95805],[88.72161,26.95473],[88.7179,26.95494],[88.71516,26.95314],[88.71772,26.9494],[88.72488,26.94786],[88.73457,26.94825],[88.74327,26.94765],[88.74546,26.95086],[88.74286,26.95833],[88.73943,26.96322],[88.73687,26.96493]]]},"properties":{"District":"Kalimpong","Dist_LGD":"327N001","Sub_dist":"Gorubathan","Subdis_LGD":"2158","Subdis_Typ":"Rd_Block","Vill_name":"Darjeeling Hilldoars Tea Garden","Vill_Cat":"Others","Vill_LGD":"306347","arr_project":"asha2"}},
{"type":"Feature","geometry":{"type":"Polygon","coordinates":[[[88.68052,26.95829],[88.68381,26.95464],[88.6825,26.95041],[88.68856,26.94738],[88.69215,26.94955],[88.69529,26.94938],[88.69762,26.95104],[88.69517,26.95611],[88.68991,26.95654],[88.68052,26.95829]]]},"properties":{"District":"Kalimpong","Dist_LGD":"327N001","Sub_dist":"Gorubathan","Subdis_LGD":"2158","Subdis_Typ":"Cd_Block","Vill_name":"Mal Khasmahal","Vill_Cat":"Forest_Village","Vill_LGD":"306344","arr_project":"asha2"}},
{"type":"Feature","geometry":{"type":"Polygon","coordinates":[[[88.69529,26.94938],[88.69126,26.94404],[88.71086,26.94177],[88.72492,26.94179],[88.72488,26.94786],[88.71772,26.9494],[88.70979,26.94988],[88.70104,26.94935],[88.69762,26.95104],[88.69529,26.94938]]]},"properties":{"District":"Kalimpong","Dist_LGD":"327N001","Sub_dist":"Gorubathan","Subdis_LGD":"2158","Subdis_Typ":"Cd_Block","Vill_name":"Lower Fagu Tea Garden","Vill_Cat":"Others","Vill_LGD":"306346","arr_project":"asha2"}},
{"type":"Feature","geometry":{"type":"Polygon","coordinates":[[[88.66778,26.93969],[88.66463,26.93384],[88.66363,26.9275],[88.68873,26.92675],[88.70004,26.92692],[88.72991,26.9261],[88.75935,26.92588],[88.75947,26.9304],[88.75706,26.95101],[88.7572,26.95631],[88.75598,26.96124],[88.75983,26.96655],[88.75658,26.96871],[88.73687,26.96493],[88.73943,26.96322],[88.74286,26.95833],[88.74546,26.95086],[88.74327,26.94765],[88.73457,26.94825],[88.72488,26.94786],[88.72492,26.94179],[88.71086,26.94177],[88.69126,26.94404],[88.69529,26.94938],[88.69215,26.94955],[88.68856,26.94738],[88.6825,26.95041],[88.67958,26.94566],[88.66778,26.93969]],[[88.74748,26.93513],[88.74811,26.9363],[88.75005,26.93479],[88.74807,26.93326],[88.74748,26.93513]],[[88.75334,26.93292],[88.75844,26.93278],[88.7591,26.92649],[88.75287,26.9265],[88.75334,26.93292]],[[88.70167,26.93064],[88.7019,26.9291],[88.69943,26.92871],[88.69936,26.93095],[88.70167,26.93064]],[[88.69798,26.93202],[88.69801,26.93741],[88.70046,26.93733],[88.70006,26.93335],[88.69798,26.93202]]]},"properties":{"District":"Kalimpong","Dist_LGD":"327N001","Sub_dist":"Gorubathan","Subdis_LGD":"2158","Subdis_Typ":"Cd_Block","Vill_name":"Mal Forest","Vill_Cat":"Others","Vill_LGD":"306345","arr_project":"asha2"}},
{"type":"Feature","geometry":{"type":"Polygon","coordinates":[[[88.69624,26.97692],[88.69471,26.9721],[88.69547,26.96532],[88.69168,26.96193],[88.68991,26.95654],[88.69517,26.95611],[88.69762,26.95104],[88.70104,26.94935],[88.70979,26.94988],[88.71772,26.9494],[88.71516,26.95314],[88.7179,26.95494],[88.72161,26.95473],[88.72354,26.95805],[88.72696,26.95869],[88.72956,26.96172],[88.73541,26.9585],[88.73511,26.96389],[88.73687,26.96493],[88.72716,26.96929],[88.72004,26.97651],[88.72131,26.97987],[88.71581,26.98115],[88.71158,26.98333],[88.70803,26.97832],[88.70003,26.97842],[88.69817,26.97847],[88.69624,26.97692]]]},"properties":{"District":"Kalimpong","Dist_LGD":"327N001","Sub_dist":"Gorubathan","Subdis_LGD":"2158","Subdis_Typ":"Cd_Block","Vill_name":"Gorubathan Khasmahal","Vill_Cat":"Forest_Village","Vill_LGD":"306343","arr_project":"asha2"}},
{"type":"Feature","geometry":{"type":"Polygon","coordinates":[[[88.68543,26.99761],[88.68422,26.99584],[88.68211,26.9819],[88.68052,26.95829],[88.68991,26.95654],[88.69168,26.96193],[88.69547,26.96532],[88.69471,26.9721],[88.69624,26.97692],[88.69202,26.98278],[88.69146,26.99243],[88.69003,26.99519],[88.68543,26.99761]]]},"properties":{"District":"Kalimpong","Dist_LGD":"327N001","Sub_dist":"Gorubathan","Subdis_LGD":"2158","Subdis_Typ":"Cd_Block","Vill_name":"Upper Fagu Tea Garden","Vill_Cat":"Others","Vill_LGD":"306338","arr_project":"asha2"}},
{"type":"Feature","geometry":{"type":"Polygon","coordinates":[[[88.42861,27.04294],[88.42405,27.04317],[88.42614,27.04857],[88.42178,27.05604],[88.42363,27.06038],[88.42678,27.06223],[88.42531,27.06743],[88.42225,27.06911],[88.42124,27.06499],[88.41708,27.06096],[88.41708,27.05375],[88.41533,27.04475],[88.41768,27.04243],[88.41789,27.03711],[88.41943,27.03235],[88.41537,27.02537],[88.41524,27.02348],[88.42353,27.02286],[88.42689,27.02647],[88.42855,27.02739],[88.429,27.03291],[88.4274,27.03743],[88.42861,27.04294]],[[88.41988,27.04268],[88.41952,27.04469],[88.42179,27.04433],[88.42124,27.04254],[88.41988,27.04268]]]},"properties":{"District":"Kalimpong","Dist_LGD":"327N001","Sub_dist":"Kalimpong - I","Subdis_LGD":"2156","Subdis_Typ":"Cd_Block","Vill_name":"Mangwa Forest","Vill_Cat":"Others","Vill_LGD":"306233","arr_project":"asha2"}},
{"type":"Feature","geometry":{"type":"Polygon","coordinates":[[[88.56824,27.01829],[88.56733,27.02364],[88.56388,27.03099],[88.55675,27.02691],[88.55378,27.02633],[88.54272,27.02847],[88.53581,27.02499],[88.53864,27.02286],[88.54825,27.02408],[88.55325,27.0181],[88.55481,27.01444],[88.55953,27.00884],[88.56045,27.00962],[88.56468,27.01559],[88.56824,27.01829]],[[88.56689,27.01809],[88.56705,27.01873],[88.56757,27.01841],[88.56743,27.0178],[88.56689,27.01809]],[[88.56703,27.01757],[88.56663,27.01733],[88.56615,27.01754],[88.56645,27.01793],[88.56703,27.01757]]]},"properties":{"District":"Kalimpong","Dist_LGD":"327N001","Sub_dist":"Kalimpong - I","Subdis_LGD":"2156","Subdis_Typ":"Cd_Block","Vill_name":"Kaffer Khasmahal","Vill_Cat":"Forest_Village","Vill_LGD":"306224","arr_project":"asha2"}},
{"type":"Feature","geometry":{"type":"Polygon","coordinates":[[[88.65336,27.16194],[88.65185,27.16457],[88.64681,27.16616],[88.63978,27.16484],[88.63549,27.16673],[88.63417,27.16256],[88.64177,27.15616],[88.64671,27.14724],[88.64763,27.14526],[88.6467,27.13701],[88.64971,27.12187],[88.65117,27.11395],[88.64495,27.10606],[88.651,27.10388],[88.65833,27.09851],[88.66359,27.09702],[88.66688,27.0982],[88.6716,27.09761],[88.6684,27.10351],[88.67033,27.10613],[88.66874,27.1123],[88.67177,27.11633],[88.6687,27.1197],[88.66715,27.12922],[88.66483,27.12995],[88.66523,27.13503],[88.66119,27.1417],[88.65996,27.14984],[88.65478,27.1567],[88.65336,27.16194]]]},"properties":{"District":"Kalimpong","Dist_LGD":"327N001","Sub_dist":"Pedong","Subdis_LGD":"02157N001","Subdis_Typ":"Cd_Block","Vill_name":"Ladam Khasmahal","Vill_Cat":"Forest_Village","Vill_LGD":"306280","arr_project":"asha2"}},
{"type":"Feature","geometry":{"type":"Polygon","coordinates":[[[88.60525,27.10222],[88.61737,27.11072],[88.61998,27.11728],[88.62596,27.12144],[88.63255,27.12282],[88.63481,27.12886],[88.63914,27.13264],[88.63943,27.14038],[88.64671,27.14724],[88.64177,27.15616],[88.63417,27.16256],[88.63478,27.15653],[88.63196,27.14978],[88.63148,27.1453],[88.62893,27.14231],[88.6291,27.13915],[88.62568,27.13618],[88.62275,27.13127],[88.61823,27.12596],[88.61819,27.12203],[88.61488,27.115],[88.61096,27.11188],[88.6083,27.10513],[88.60491,27.10227],[88.60525,27.10222]]]},"properties":{"District":"Kalimpong","Dist_LGD":"327N001","Sub_dist":"Pedong","Subdis_LGD":"02157N001","Subdis_Typ":"Cd_Block","Vill_name":"Kagey Khasmahal","Vill_Cat":"Forest_Village","Vill_LGD":"306278","arr_project":"asha2"}},
{"type":"Feature","geometry":{"type":"Polygon","coordinates":[[[88.6038,27.10201],[88.59779,27.10589],[88.59489,27.11457],[88.58926,27.12081],[88.5884,27.12699],[88.58925,27.129],[88.58636,27.12675],[88.58719,27.11926],[88.58921,27.11703],[88.59756,27.10399],[88.60129,27.09712],[88.60434,27.0939],[88.60513,27.09375],[88.60925,27.0982],[88.62289,27.10104],[88.62319,27.10519],[88.61737,27.11072],[88.60525,27.10222],[88.6038,27.10201]]]},"properties":{"District":"Kalimpong","Dist_LGD":"327N001","Sub_dist":"Pedong","Subdis_LGD":"02157N001","Subdis_Typ":"Cd_Block","Vill_name":"Mairung Forest","Vill_Cat":"Others","Vill_LGD":"306291","arr_project":"asha2"}},
{"type":"Feature","geometry":{"type":"Polygon","coordinates":[[[88.72423,27.01659],[88.71428,27.02036],[88.70997,27.01472],[88.71168,27.00736],[88.71121,26.99953],[88.7092,26.9909],[88.70539,26.98695],[88.70133,26.97973],[88.70598,26.97898],[88.71016,26.98337],[88.71413,26.98398],[88.72122,26.98152],[88.72388,26.98416],[88.72481,26.98943],[88.72717,26.99168],[88.72569,26.99799],[88.72802,27.00276],[88.72635,27.01214],[88.72423,27.01659]],[[88.70591,26.98068],[88.70915,26.98759],[88.70771,26.98865],[88.71377,26.99409],[88.71137,26.998],[88.71749,27.00161],[88.72279,26.99693],[88.71783,26.99566],[88.717,26.99085],[88.71274,26.99036],[88.71159,26.98632],[88.70591,26.98068]]]},"properties":{"District":"Kalimpong","Dist_LGD":"327N001","Sub_dist":"Gorubathan","Subdis_LGD":"2158","Subdis_Typ":"Cd_Block","Vill_name":"Dalingkot Forest","Vill_Cat":"Others","Vill_LGD":"306341","arr_project":"asha2"}},
{"type":"Feature","geometry":{"type":"Polygon","coordinates":[[[88.65058,27.01759],[88.65542,27.01737],[88.67435,27.01131],[88.67942,27.00654],[88.68543,26.99761],[88.69003,26.99519],[88.68861,26.99688],[88.68984,27.00337],[88.68815,27.00584],[88.68837,27.01606],[88.68574,27.0208],[88.68327,27.02158],[88.6761,27.0301],[88.67429,27.03646],[88.67084,27.03905],[88.66281,27.03578],[88.6582,27.03695],[88.65575,27.02844],[88.64661,27.031],[88.64127,27.0309],[88.64045,27.0285],[88.644,27.02768],[88.64936,27.02342],[88.65,27.02007],[88.65058,27.01759]]]},"properties":{"District":"Kalimpong","Dist_LGD":"327N001","Sub_dist":"Gorubathan","Subdis_LGD":"2158","Subdis_Typ":"Cd_Block","Vill_name":"Nim Khasmahal","Vill_Cat":"Forest_Village","Vill_LGD":"306331","arr_project":"asha2"}},
{"type":"Feature","geometry":{"type":"Polygon","coordinates":[[[88.57302,26.95607],[88.575,26.95428],[88.58243,26.95222],[88.58478,26.94862],[88.58514,26.94296],[88.58434,26.93667],[88.59509,26.94106],[88.5992,26.93799],[88.60351,26.93681],[88.60449,26.94515],[88.61075,26.94528],[88.60951,26.95038],[88.60662,26.95015],[88.60631,26.95524],[88.61143,26.9564],[88.61079,26.96161],[88.6084,26.96358],[88.60921,26.97492],[88.6125,26.97567],[88.61023,26.98344],[88.60558,26.98804],[88.60332,26.99196],[88.59665,26.99114],[88.59209,26.98707],[88.58472,26.98429],[88.57234,26.98744],[88.56661,26.98223],[88.56789,26.97639],[88.56737,26.97013],[88.56726,26.96358],[88.57257,26.95809],[88.57302,26.95607]]]},"properties":{"District":"Kalimpong","Dist_LGD":"327N001","Sub_dist":"Kalimpong - I","Subdis_LGD":"2156","Subdis_Typ":"Cd_Block","Vill_name":"Nimbong Khasmahal","Vill_Cat":"Forest_Village","Vill_LGD":"306244","arr_project":"asha2"}},
{"type":"Feature","geometry":{"type":"Polygon","coordinates":[[[88.71781,27.14331],[88.71645,27.14146],[88.70673,27.14184],[88.69806,27.14538],[88.69501,27.1458],[88.69183,27.14296],[88.68661,27.14181],[88.68223,27.13491],[88.682,27.12253],[88.69095,27.11985],[88.70055,27.11477],[88.70613,27.10911],[88.70629,27.11332],[88.70815,27.11886],[88.71014,27.12268],[88.71448,27.1267],[88.72846,27.13647],[88.72394,27.13855],[88.72201,27.14179],[88.71781,27.14331]]]},"properties":{"District":"Kalimpong","Dist_LGD":"327N001","Sub_dist":"Pedong","Subdis_LGD":"02157N001","Subdis_Typ":"Cd_Block","Vill_name":"Rhenok Forest","Vill_Cat":"Others","Vill_LGD":"306283","arr_project":"asha2"}},
{"type":"Feature","geometry":{"type":"Polygon","coordinates":[[[88.78276,27.03586],[88.7749,27.0521],[88.77429,27.06252],[88.77274,27.06402],[88.76687,27.06506],[88.76291,27.06757],[88.76037,27.07423],[88.7492,27.06584],[88.73978,27.05754],[88.74432,27.05277],[88.7438,27.04935],[88.74901,27.04538],[88.74731,27.03999],[88.74968,27.03654],[88.75407,27.03391],[88.75298,27.03216],[88.75583,27.02526],[88.75782,27.0238],[88.7565,27.02013],[88.75351,27.02062],[88.75261,27.01467],[88.75609,27.00929],[88.75457,27.00627],[88.75746,27.00388],[88.75898,26.99438],[88.76517,26.99107],[88.76698,26.98358],[88.76623,26.9785],[88.75992,26.97504],[88.75658,26.96871],[88.75983,26.96655],[88.76202,26.96894],[88.76982,26.96864],[88.77533,26.97481],[88.78206,26.97509],[88.78637,26.97843],[88.79287,26.99102],[88.80016,26.9904],[88.80817,26.99107],[88.80267,26.99989],[88.79883,27.00371],[88.79213,27.01212],[88.78526,27.01805],[88.78293,27.02669],[88.78088,27.03],[88.78276,27.03586]],[[88.79111,26.99912],[88.79173,26.99621],[88.78932,26.99301],[88.78587,26.99661],[88.78639,27.00196],[88.79052,27.00195],[88.78945,27.00895],[88.79261,27.01075],[88.79608,27.0062],[88.7964,27.0032],[88.79111,26.99912]],[[88.79504,26.99312],[88.80034,26.99389],[88.80066,26.99169],[88.79547,26.99151],[88.79504,26.99312]]]},"properties":{"District":"Kalimpong","Dist_LGD":"327N001","Sub_dist":"Gorubathan","Subdis_LGD":"2158","Subdis_Typ":"Cd_Block","Vill_name":"Eastnar Forest","Vill_Cat":"Others","Vill_LGD":"306321","arr_project":"asha2"}},
{"type":"Feature","geometry":{"type":"Polygon","coordinates":[[[88.75658,26.96871],[88.75355,26.97065],[88.75197,26.97531],[88.75141,26.98412],[88.7488,26.98881],[88.7442,26.99287],[88.73642,26.9953],[88.73216,26.99854],[88.72941,27.00946],[88.72635,27.01214],[88.72802,27.00276],[88.72569,26.99799],[88.72717,26.99168],[88.72481,26.98943],[88.72388,26.98416],[88.72122,26.98152],[88.71413,26.98398],[88.71016,26.98337],[88.70598,26.97898],[88.70133,26.97973],[88.70539,26.98695],[88.7092,26.9909],[88.71121,26.99953],[88.70953,26.9996],[88.70832,26.99114],[88.70509,26.98933],[88.69996,26.98151],[88.70003,26.97842],[88.70803,26.97832],[88.71158,26.98333],[88.71581,26.98115],[88.72131,26.97987],[88.72004,26.97651],[88.72716,26.96929],[88.73687,26.96493],[88.75658,26.96871]],[[88.72846,26.99991],[88.72786,27.00083],[88.7297,27.00266],[88.73076,26.99974],[88.72846,26.99991]],[[88.74767,26.97724],[88.74707,26.97925],[88.75011,26.97887],[88.7496,26.97657],[88.74767,26.97724]],[[88.73388,26.97171],[88.73912,26.97471],[88.73773,26.96884],[88.73343,26.97055],[88.72976,26.97154],[88.72979,26.97465],[88.73397,26.97391],[88.73388,26.97171]]]},"properties":{"District":"Kalimpong","Dist_LGD":"327N001","Sub_dist":"Gorubathan","Subdis_LGD":"2158","Subdis_Typ":"Cd_Block","Vill_name":"Sakham Forest","Vill_Cat":"Others","Vill_LGD":"306348","arr_project":"asha2"}},
{"type":"Feature","geometry":{"type":"Polygon","coordinates":[[[88.71304,27.03798],[88.70976,27.02099],[88.7108,27.01853],[88.70834,27.01572],[88.71034,27.0062],[88.70953,26.9996],[88.71121,26.99953],[88.71168,27.00736],[88.70997,27.01472],[88.71428,27.02036],[88.72423,27.01659],[88.72738,27.02183],[88.72446,27.02877],[88.7244,27.03415],[88.72903,27.03932],[88.72939,27.04851],[88.72615,27.05486],[88.72546,27.05486],[88.71476,27.04122],[88.71304,27.03798]]]},"properties":{"District":"Kalimpong","Dist_LGD":"327N001","Sub_dist":"Gorubathan","Subdis_LGD":"2158","Subdis_Typ":"Cd_Block","Vill_name":"Ambeok Forest","Vill_Cat":"Others","Vill_LGD":"306340","arr_project":"asha2"}},
{"type":"Feature","geometry":{"type":"Polygon","coordinates":[[[88.68543,26.99761],[88.67942,27.00654],[88.67435,27.01131],[88.65542,27.01737],[88.65058,27.01759],[88.65428,27.00406],[88.65415,26.99691],[88.65787,26.99313],[88.65799,26.98436],[88.65523,26.9807],[88.65814,26.97194],[88.66036,26.96877],[88.66256,26.96289],[88.6729,26.94822],[88.66778,26.93969],[88.67958,26.94566],[88.6825,26.95041],[88.68381,26.95464],[88.68052,26.95829],[88.68211,26.9819],[88.68422,26.99584],[88.68543,26.99761]],[[88.67655,26.96694],[88.67654,26.95731],[88.67057,26.95756],[88.67094,26.96509],[88.67655,26.96694]],[[88.67957,26.9572],[88.68109,26.95457],[88.67828,26.95371],[88.67957,26.9572]]]},"properties":{"District":"Kalimpong","Dist_LGD":"327N001","Sub_dist":"Gorubathan","Subdis_LGD":"2158","Subdis_Typ":"Cd_Block","Vill_name":"Pogu Forest","Vill_Cat":"Others","Vill_LGD":"306337","arr_project":"asha2"}},
{"type":"Feature","geometry":{"type":"Polygon","coordinates":[[[88.66036,26.96877],[88.65814,26.97194],[88.65523,26.9807],[88.65799,26.98436],[88.65787,26.99313],[88.65415,26.99691],[88.65428,27.00406],[88.65058,27.01759],[88.65,27.02007],[88.64184,27.01389],[88.63525,27.01095],[88.63221,27.00626],[88.63766,27.00006],[88.63905,26.99562],[88.63018,26.98749],[88.62811,26.98162],[88.63009,26.97754],[88.63131,26.96492],[88.64298,26.9672],[88.64705,26.96635],[88.65451,26.96218],[88.65675,26.96347],[88.6578,26.96774],[88.66036,26.96877]],[[88.6557,26.97426],[88.65347,26.97627],[88.65476,26.97858],[88.6557,26.97426]]]},"properties":{"District":"Kalimpong","Dist_LGD":"327N001","Sub_dist":"Gorubathan","Subdis_LGD":"2158","Subdis_Typ":"Cd_Block","Vill_name":"Noam Forest","Vill_Cat":"Others","Vill_LGD":"306333","arr_project":"asha2"}},
{"type":"Feature","geometry":{"type":"Polygon","coordinates":[[[88.65675,26.96347],[88.65451,26.96218],[88.64705,26.96635],[88.64298,26.9672],[88.63131,26.96492],[88.63016,26.95799],[88.61847,26.95448],[88.61067,26.95018],[88.61448,26.94334],[88.61452,26.93955],[88.61249,26.9356],[88.61344,26.93039],[88.6095,26.92701],[88.61212,26.91913],[88.61168,26.9101],[88.61601,26.90936],[88.62112,26.90558],[88.63397,26.90651],[88.63492,26.91458],[88.63642,26.91725],[88.63559,26.92091],[88.63736,26.93216],[88.63901,26.93432],[88.64786,26.9423],[88.65002,26.95013],[88.65623,26.9602],[88.65675,26.96347]],[[88.62822,26.90918],[88.63046,26.91959],[88.63464,26.91915],[88.63057,26.90672],[88.62822,26.90918]]]},"properties":{"District":"Kalimpong","Dist_LGD":"327N001","Sub_dist":"Gorubathan","Subdis_LGD":"2158","Subdis_Typ":"Cd_Block","Vill_name":"Lehti Forest","Vill_Cat":"Others","Vill_LGD":"306334","arr_project":"asha2"}},
{"type":"Feature","geometry":{"type":"Polygon","coordinates":[[[88.63762,27.04782],[88.63825,27.04395],[88.63654,27.03944],[88.63684,27.03561],[88.64127,27.0309],[88.64661,27.031],[88.65575,27.02844],[88.6582,27.03695],[88.65069,27.04216],[88.64881,27.04657],[88.64472,27.04796],[88.63762,27.04782]]]},"properties":{"District":"Kalimpong","Dist_LGD":"327N001","Sub_dist":"Gorubathan","Subdis_LGD":"2158","Subdis_Typ":"Cd_Block","Vill_name":"Pashiting Khasmahal","Vill_Cat":"Forest_Village","Vill_LGD":"306330","arr_project":"asha2"}},
{"type":"Feature","geometry":{"type":"Polygon","coordinates":[[[88.67084,27.03905],[88.66859,27.04124],[88.66313,27.04999],[88.66269,27.05534],[88.65717,27.05603],[88.65056,27.05892],[88.6475,27.06348],[88.64318,27.05987],[88.64321,27.05736],[88.63853,27.05475],[88.63762,27.04782],[88.64472,27.04796],[88.64881,27.04657],[88.65069,27.04216],[88.6582,27.03695],[88.66281,27.03578],[88.67084,27.03905]]]},"properties":{"District":"Kalimpong","Dist_LGD":"327N001","Sub_dist":"Gorubathan","Subdis_LGD":"2158","Subdis_Typ":"Cd_Block","Vill_name":"Samabeong Tea Garden","Vill_Cat":"Others","Vill_LGD":"306329","arr_project":"asha2"}},
{"type":"Feature","geometry":{"type":"Polygon","coordinates":[[[88.71304,27.03798],[88.71042,27.04116],[88.71186,27.04732],[88.71622,27.05206],[88.71091,27.05379],[88.70776,27.0582],[88.70216,27.06253],[88.69999,27.06859],[88.69582,27.07226],[88.69093,27.07334],[88.68652,27.06857],[88.6747,27.06083],[88.66866,27.06528],[88.65349,27.06678],[88.64982,27.06861],[88.6475,27.06348],[88.65056,27.05892],[88.65717,27.05603],[88.66269,27.05534],[88.66313,27.04999],[88.66859,27.04124],[88.67084,27.03905],[88.67429,27.03646],[88.6761,27.0301],[88.68327,27.02158],[88.68574,27.0208],[88.68837,27.01606],[88.68815,27.00584],[88.68984,27.00337],[88.69709,27.0107],[88.70154,27.02319],[88.70976,27.02099],[88.71304,27.03798]]]},"properties":{"District":"Kalimpong","Dist_LGD":"327N001","Sub_dist":"Gorubathan","Subdis_LGD":"2158","Subdis_Typ":"Cd_Block","Vill_name":"Pankhasari Khasmahal","Vill_Cat":"Forest_Village","Vill_LGD":"306328","arr_project":"asha2"}},
{"type":"Feature","geometry":{"type":"Polygon","coordinates":[[[88.75658,26.96871],[88.75992,26.97504],[88.76623,26.9785],[88.76698,26.98358],[88.76517,26.99107],[88.75898,26.99438],[88.75746,27.00388],[88.75457,27.00627],[88.75609,27.00929],[88.75261,27.01467],[88.75351,27.02062],[88.7565,27.02013],[88.75782,27.0238],[88.75583,27.02526],[88.75298,27.03216],[88.75407,27.03391],[88.74968,27.03654],[88.74731,27.03999],[88.74901,27.04538],[88.7438,27.04935],[88.74432,27.05277],[88.73978,27.05754],[88.73852,27.05837],[88.72615,27.05486],[88.72939,27.04851],[88.72903,27.03932],[88.7244,27.03415],[88.72446,27.02877],[88.72738,27.02183],[88.72423,27.01659],[88.72635,27.01214],[88.72941,27.00946],[88.73216,26.99854],[88.73642,26.9953],[88.7442,26.99287],[88.7488,26.98881],[88.75141,26.98412],[88.75197,26.97531],[88.75355,26.97065],[88.75658,26.96871]],[[88.75589,26.97869],[88.75622,26.98074],[88.76036,26.98442],[88.76128,26.99123],[88.76499,26.98672],[88.76344,26.97829],[88.76136,26.97943],[88.75589,26.97869]]]},"properties":{"District":"Kalimpong","Dist_LGD":"327N001","Sub_dist":"Gorubathan","Subdis_LGD":"2158","Subdis_Typ":"Cd_Block","Vill_name":"Pankhasari Forest","Vill_Cat":"Others","Vill_LGD":"306326","arr_project":"asha2"}},
{"type":"Feature","geometry":{"type":"Polygon","coordinates":[[[88.61443,27.15743],[88.61735,27.15875],[88.61483,27.15984],[88.61443,27.15743]]]},"properties":{"District":"Kalimpong","Dist_LGD":"327N001","Sub_dist":"Pedong","Subdis_LGD":"02157N001","Subdis_Typ":"Cd_Block","Vill_name":"Pedong Bazar D.I.F.","Vill_Cat":"Forest_Village","Vill_LGD":"306276","arr_project":"asha2"}},
{"type":"Feature","geometry":{"type":"Polygon","coordinates":[[[88.60126,26.88364],[88.60766,26.88167],[88.60754,26.88871],[88.60681,26.88911],[88.60234,26.88635],[88.60126,26.88364]]]},"properties":{"District":"Kalimpong","Dist_LGD":"327N001","Sub_dist":"Kalimpong - I","Subdis_LGD":"2156","Subdis_Typ":"Cd_Block","Vill_name":"Uttar Fulbari Khasmahal","Vill_Cat":"Forest_Village","Vill_LGD":"306268","arr_project":"asha2"}},
{"type":"Feature","geometry":{"type":"Polygon","coordinates":[[[88.54969,27.07286],[88.54472,27.08014],[88.53894,27.08662],[88.53428,27.09561],[88.53195,27.09297],[88.52978,27.08517],[88.53686,27.07859],[88.54017,27.06891],[88.54516,27.06956],[88.54969,27.07286]]]},"properties":{"District":"Kalimpong","Dist_LGD":"327N001","Sub_dist":"Lava","Subdis_LGD":"2157","Subdis_Typ":"Cd_Block","Vill_name":"Dalapchand Slip Reserve Forest","Vill_Cat":"Others","Vill_LGD":"306299","arr_project":"asha2"}},
{"type":"Feature","geometry":{"type":"Polygon","coordinates":[[[88.75334,26.93292],[88.75287,26.9265],[88.7591,26.92649],[88.75844,26.93278],[88.75334,26.93292]]]},"properties":{"District":"Kalimpong","Dist_LGD":"327N001","Sub_dist":"Gorubathan","Subdis_LGD":"02158","Subdis_Typ":"Cd_Block","Vill_name":"Mal-4 F V","Vill_Cat":"Rural","Vill_LGD":"306345N068","arr_project":"asha2"}},
{"type":"Feature","geometry":{"type":"Polygon","coordinates":[[[88.74748,26.93513],[88.74807,26.93326],[88.75005,26.93479],[88.74811,26.9363],[88.74748,26.93513]]]},"properties":{"District":"Kalimpong","Dist_LGD":"327N001","Sub_dist":"Gorubathan","Subdis_LGD":"02158","Subdis_Typ":"Cd_Block","Vill_name":"Buri Khola F V","Vill_Cat":"Rural","Vill_LGD":"306345N069","arr_project":"asha2"}},
{"type":"Feature","geometry":{"type":"Polygon","coordinates":[[[88.70167,26.93064],[88.69936,26.93095],[88.69943,26.92871],[88.7019,26.9291],[88.70167,26.93064]]]},"properties":{"District":"Kalimpong","Dist_LGD":"327N001","Sub_dist":"Gorubathan","Subdis_LGD":"02158","Subdis_Typ":"Cd_Block","Vill_name":"Special Busty F V","Vill_Cat":"Rural","Vill_LGD":"306345N070","arr_project":"asha2"}},
{"type":"Feature","geometry":{"type":"Polygon","coordinates":[[[88.69798,26.93202],[88.70006,26.93335],[88.70046,26.93733],[88.69801,26.93741],[88.69798,26.93202]]]},"properties":{"District":"Kalimpong","Dist_LGD":"327N001","Sub_dist":"Gorubathan","Subdis_LGD":"02158","Subdis_Typ":"Cd_Block","Vill_name":"Bhutta Bari Forest Village","Vill_Cat":"Rural","Vill_LGD":"306345N071","arr_project":"asha2"}},
{"type":"Feature","geometry":{"type":"Polygon","coordinates":[[[88.67957,26.9572],[88.67828,26.95371],[88.68109,26.95457],[88.67957,26.9572]]]},"properties":{"District":"Kalimpong","Dist_LGD":"327N001","Sub_dist":"Gorubathan","Subdis_LGD":"02158","Subdis_Typ":"Cd_Block","Vill_name":"Fagu 2 F V","Vill_Cat":"Rural","Vill_LGD":"306337N065","arr_project":"asha2"}},
{"type":"Feature","geometry":{"type":"Polygon","coordinates":[[[88.67655,26.96694],[88.67094,26.96509],[88.67057,26.95756],[88.67654,26.95731],[88.67655,26.96694]]]},"properties":{"District":"Kalimpong","Dist_LGD":"327N001","Sub_dist":"Gorubathan","Subdis_LGD":"02158","Subdis_Typ":"Cd_Block","Vill_name":"Fagu F V","Vill_Cat":"Rural","Vill_LGD":"306337N066","arr_project":"asha2"}},
{"type":"Feature","geometry":{"type":"Polygon","coordinates":[[[88.73343,26.97055],[88.73773,26.96884],[88.73912,26.97471],[88.73388,26.97171],[88.73343,26.97055]]]},"properties":{"District":"Kalimpong","Dist_LGD":"327N001","Sub_dist":"Gorubathan","Subdis_LGD":"02158","Subdis_Typ":"Cd_Block","Vill_name":"Kharhola F V","Vill_Cat":"Rural","Vill_LGD":"306348N072","arr_project":"asha2"}},
{"type":"Feature","geometry":{"type":"Polygon","coordinates":[[[88.73343,26.97055],[88.73388,26.97171],[88.73397,26.97391],[88.72979,26.97465],[88.72976,26.97154],[88.73343,26.97055]]]},"properties":{"District":"Kalimpong","Dist_LGD":"327N001","Sub_dist":"Gorubathan","Subdis_LGD":"02158","Subdis_Typ":"Cd_Block","Vill_name":"Kharkhola Milan Tar F V","Vill_Cat":"Rural","Vill_LGD":"306348N073","arr_project":"asha2"}},
{"type":"Feature","geometry":{"type":"Polygon","coordinates":[[[88.74767,26.97724],[88.7496,26.97657],[88.75011,26.97887],[88.74707,26.97925],[88.74767,26.97724]]]},"properties":{"District":"Kalimpong","Dist_LGD":"327N001","Sub_dist":"Gorubathan","Subdis_LGD":"02158","Subdis_Typ":"Cd_Block","Vill_name":"Sakham F V","Vill_Cat":"Rural","Vill_LGD":"306348N074","arr_project":"asha2"}},
{"type":"Feature","geometry":{"type":"Polygon","coordinates":[[[88.75589,26.97869],[88.76136,26.97943],[88.76344,26.97829],[88.76499,26.98672],[88.76128,26.99123],[88.76036,26.98442],[88.75622,26.98074],[88.75589,26.97869]]]},"properties":{"District":"Kalimpong","Dist_LGD":"327N001","Sub_dist":"Gorubathan","Subdis_LGD":"02158","Subdis_Typ":"Cd_Block","Vill_name":"Bhotey Tar F V","Vill_Cat":"Rural","Vill_LGD":"306326N062","arr_project":"asha2"}},
{"type":"Feature","geometry":{"type":"Polygon","coordinates":[[[88.72846,26.99991],[88.73076,26.99974],[88.7297,27.00266],[88.72786,27.00083],[88.72846,26.99991]]]},"properties":{"District":"Kalimpong","Dist_LGD":"327N001","Sub_dist":"Gorubathan","Subdis_LGD":"02158","Subdis_Typ":"Cd_Block","Vill_name":"Soureni F V","Vill_Cat":"Rural","Vill_LGD":"306348N075","arr_project":"asha2"}},
{"type":"Feature","geometry":{"type":"Polygon","coordinates":[[[88.70591,26.98068],[88.71159,26.98632],[88.71274,26.99036],[88.717,26.99085],[88.71783,26.99566],[88.72279,26.99693],[88.71749,27.00161],[88.71137,26.998],[88.71377,26.99409],[88.70771,26.98865],[88.70915,26.98759],[88.70591,26.98068]]]},"properties":{"District":"Kalimpong","Dist_LGD":"327N001","Sub_dist":"Gorubathan","Subdis_LGD":"02158","Subdis_Typ":"Cd_Block","Vill_name":"Dalim F V","Vill_Cat":"Rural","Vill_LGD":"306341N067","arr_project":"asha2"}},
{"type":"Feature","geometry":{"type":"Polygon","coordinates":[[[88.79504,26.99312],[88.79547,26.99151],[88.80066,26.99169],[88.80034,26.99389],[88.79504,26.99312]]]},"properties":{"District":"Kalimpong","Dist_LGD":"327N001","Sub_dist":"Gorubathan","Subdis_LGD":"02158","Subdis_Typ":"Cd_Block","Vill_name":"Chilouney F V","Vill_Cat":"Rural","Vill_LGD":"306321N059","arr_project":"asha2"}},
{"type":"Feature","geometry":{"type":"Polygon","coordinates":[[[88.79111,26.99912],[88.7964,27.0032],[88.79608,27.0062],[88.79261,27.01075],[88.78945,27.00895],[88.79052,27.00195],[88.79111,26.99912]]]},"properties":{"District":"Kalimpong","Dist_LGD":"327N001","Sub_dist":"Gorubathan","Subdis_LGD":"02158","Subdis_Typ":"Cd_Block","Vill_name":"Samsing Fari F V","Vill_Cat":"Rural","Vill_LGD":"306321N060","arr_project":"asha2"}},
{"type":"Feature","geometry":{"type":"Polygon","coordinates":[[[88.79052,27.00195],[88.78639,27.00196],[88.78587,26.99661],[88.78932,26.99301],[88.79173,26.99621],[88.79111,26.99912],[88.79052,27.00195]]]},"properties":{"District":"Kalimpong","Dist_LGD":"327N001","Sub_dist":"Gorubathan","Subdis_LGD":"02158","Subdis_Typ":"Cd_Block","Vill_name":"Samsing Compound F V","Vill_Cat":"Rural","Vill_LGD":"306321N061","arr_project":"asha2"}},
{"type":"Feature","geometry":{"type":"Polygon","coordinates":[[[88.84991,27.0154],[88.85178,27.01707],[88.84883,27.0174],[88.84991,27.0154]]]},"properties":{"District":"Kalimpong","Dist_LGD":"327N001","Sub_dist":"Gorubathan","Subdis_LGD":"02158","Subdis_Typ":"Cd_Block","Vill_name":"Kumani F V","Vill_Cat":"Rural","Vill_LGD":"306318N054","arr_project":"asha2"}},
{"type":"Feature","geometry":{"type":"Polygon","coordinates":[[[88.84331,27.03484],[88.83902,27.03348],[88.84121,27.03123],[88.84331,27.03484]]]},"properties":{"District":"Kalimpong","Dist_LGD":"327N001","Sub_dist":"Gorubathan","Subdis_LGD":"02158","Subdis_Typ":"Cd_Block","Vill_name":"Mourey F V","Vill_Cat":"Rural","Vill_LGD":"306318N055","arr_project":"asha2"}},
{"type":"Feature","geometry":{"type":"Polygon","coordinates":[[[88.83532,27.03377],[88.83241,27.03216],[88.83285,27.03067],[88.83613,27.0313],[88.83532,27.03377]]]},"properties":{"District":"Kalimpong","Dist_LGD":"327N001","Sub_dist":"Gorubathan","Subdis_LGD":"02158","Subdis_Typ":"Cd_Block","Vill_name":"Kopish F V","Vill_Cat":"Rural","Vill_LGD":"306318N056","arr_project":"asha2"}},
{"type":"Feature","geometry":{"type":"Polygon","coordinates":[[[88.81401,27.04285],[88.81662,27.04533],[88.81258,27.04555],[88.81401,27.04285]]]},"properties":{"District":"Kalimpong","Dist_LGD":"327N001","Sub_dist":"Gorubathan","Subdis_LGD":"02158","Subdis_Typ":"Cd_Block","Vill_name":"Rango Dhap F V","Vill_Cat":"Rural","Vill_LGD":"306318N057","arr_project":"asha2"}},
{"type":"Feature","geometry":{"type":"Polygon","coordinates":[[[88.83355,27.0417],[88.83306,27.04065],[88.83507,27.03963],[88.83516,27.04181],[88.83355,27.0417]]]},"properties":{"District":"Kalimpong","Dist_LGD":"327N001","Sub_dist":"Gorubathan","Subdis_LGD":"02158","Subdis_Typ":"Cd_Block","Vill_name":"Rango Cfc F V","Vill_Cat":"Rural","Vill_LGD":"306318N058","arr_project":"asha2"}},
{"type":"Feature","geometry":{"type":"Polygon","coordinates":[[[88.84477,27.07063],[88.84444,27.06833],[88.84658,27.0693],[88.84477,27.07063]]]},"properties":{"District":"Kalimpong","Dist_LGD":"327N001","Sub_dist":"Gorubathan","Subdis_LGD":"02158","Subdis_Typ":"Cd_Block","Vill_name":"Paren Compound F V","Vill_Cat":"Rural","Vill_LGD":"306317N052","arr_project":"asha2"}},
{"type":"Feature","geometry":{"type":"Polygon","coordinates":[[[88.84089,27.0711],[88.84339,27.07063],[88.84369,27.07288],[88.84161,27.0731],[88.84089,27.0711]]]},"properties":{"District":"Kalimpong","Dist_LGD":"327N001","Sub_dist":"Gorubathan","Subdis_LGD":"02158","Subdis_Typ":"Cd_Block","Vill_name":"Dholouley F V","Vill_Cat":"Rural","Vill_LGD":"306317N053","arr_project":"asha2"}},
{"type":"Feature","geometry":{"type":"Polygon","coordinates":[[[88.78755,27.13497],[88.78901,27.13055],[88.79337,27.12995],[88.79546,27.13646],[88.78872,27.13521],[88.78871,27.13521],[88.78755,27.13497]]]},"properties":{"District":"Kalimpong","Dist_LGD":"327N001","Sub_dist":"Gorubathan","Subdis_LGD":"02158","Subdis_Typ":"Cd_Block","Vill_name":"Tangta F V","Vill_Cat":"Rural","Vill_LGD":"306313N051","arr_project":"asha2"}},
{"type":"Feature","geometry":{"type":"Polygon","coordinates":[[[88.6557,26.97426],[88.65476,26.97858],[88.65347,26.97627],[88.6557,26.97426]]]},"properties":{"District":"Kalimpong","Dist_LGD":"327N001","Sub_dist":"Gorubathan","Subdis_LGD":"02158","Subdis_Typ":"Cd_Block","Vill_name":"Noam F V","Vill_Cat":"Rural","Vill_LGD":"306333N063","arr_project":"asha2"}},
{"type":"Feature","geometry":{"type":"Polygon","coordinates":[[[88.62822,26.90918],[88.63057,26.90672],[88.63464,26.91915],[88.63046,26.91959],[88.62822,26.90918]]]},"properties":{"District":"Kalimpong","Dist_LGD":"327N001","Sub_dist":"Gorubathan","Subdis_LGD":"02158","Subdis_Typ":"Cd_Block","Vill_name":"Ghish F V (12/15 Gharey)","Vill_Cat":"Rural","Vill_LGD":"306334N064","arr_project":"asha2"}},
{"type":"Feature","geometry":{"type":"Polygon","coordinates":[[[88.47356,27.11058],[88.47418,27.10978],[88.47576,27.11073],[88.47416,27.11193],[88.47356,27.11058]]]},"properties":{"District":"Kalimpong","Dist_LGD":"327N001","Sub_dist":"Kalimpong-I","Subdis_LGD":"02156","Subdis_Typ":"Cd_Block","Vill_name":"Bhalukhop F V","Vill_Cat":"Rural","Vill_LGD":"306221N012","arr_project":"asha2"}},
{"type":"Feature","geometry":{"type":"Polygon","coordinates":[[[88.46895,27.1094],[88.46812,27.10699],[88.46956,27.10684],[88.46895,27.1094]]]},"properties":{"District":"Kalimpong","Dist_LGD":"327N001","Sub_dist":"Kalimpong-I","Subdis_LGD":"02156","Subdis_Typ":"Cd_Block","Vill_name":"Kirmay F V","Vill_Cat":"Rural","Vill_LGD":"306221N013","arr_project":"asha2"}},
{"type":"Feature","geometry":{"type":"Polygon","coordinates":[[[88.46024,27.09065],[88.45934,27.08864],[88.4606,27.08928],[88.46102,27.09015],[88.46024,27.09065]]]},"properties":{"District":"Kalimpong","Dist_LGD":"327N001","Sub_dist":"Kalimpong-I","Subdis_LGD":"02156","Subdis_Typ":"Cd_Block","Vill_name":"Melli F V","Vill_Cat":"Rural","Vill_LGD":"306230N016","arr_project":"asha2"}},
{"type":"Feature","geometry":{"type":"Polygon","coordinates":[[[88.42438,27.05529],[88.42493,27.05505],[88.42483,27.05571],[88.42438,27.05529]]]},"properties":{"District":"Kalimpong","Dist_LGD":"327N001","Sub_dist":"Kalimpong-I","Subdis_LGD":"02156","Subdis_Typ":"Cd_Block","Vill_name":"Chitrey F V","Vill_Cat":"Rural","Vill_LGD":"306232N017","arr_project":"asha2"}},
{"type":"Feature","geometry":{"type":"Polygon","coordinates":[[[88.41988,27.04268],[88.42124,27.04254],[88.42179,27.04433],[88.41952,27.04469],[88.41988,27.04268]]]},"properties":{"District":"Kalimpong","Dist_LGD":"327N001","Sub_dist":"Kalimpong-I","Subdis_LGD":"02156","Subdis_Typ":"Cd_Block","Vill_name":"Mongwa 3 Block F V","Vill_Cat":"Rural","Vill_LGD":"306233N018","arr_project":"asha2"}},
{"type":"Feature","geometry":{"type":"Polygon","coordinates":[[[88.43689,27.04087],[88.43727,27.04074],[88.43834,27.04163],[88.43717,27.04179],[88.43689,27.04087]]]},"properties":{"District":"Kalimpong","Dist_LGD":"327N001","Sub_dist":"Kalimpong-I","Subdis_LGD":"02156","Subdis_Typ":"Cd_Block","Vill_name":"Nazok F V","Vill_Cat":"Rural","Vill_LGD":"306234N019","arr_project":"asha2"}},
{"type":"Feature","geometry":{"type":"Polygon","coordinates":[[[88.43102,27.03031],[88.43164,27.03028],[88.43148,27.03142],[88.43097,27.03152],[88.43102,27.03031]]]},"properties":{"District":"Kalimpong","Dist_LGD":"327N001","Sub_dist":"Kalimpong-I","Subdis_LGD":"02156","Subdis_Typ":"Cd_Block","Vill_name":"Gelikhola F V","Vill_Cat":"Rural","Vill_LGD":"306253N022","arr_project":"asha2"}},
{"type":"Feature","geometry":{"type":"Polygon","coordinates":[[[88.42336,27.0083],[88.42249,27.00523],[88.42933,27.00626],[88.42719,27.00952],[88.42336,27.0083]]]},"properties":{"District":"Kalimpong","Dist_LGD":"327N001","Sub_dist":"Kalimpong-I","Subdis_LGD":"02156","Subdis_Typ":"Cd_Block","Vill_name":"Tarzam F V","Vill_Cat":"Rural","Vill_LGD":"306253N023","arr_project":"asha2"}},
{"type":"Feature","geometry":{"type":"Polygon","coordinates":[[[88.43732,27.02007],[88.43808,27.0205],[88.43738,27.02105],[88.43732,27.02007]]]},"properties":{"District":"Kalimpong","Dist_LGD":"327N001","Sub_dist":"Kalimpong-I","Subdis_LGD":"02156","Subdis_Typ":"Cd_Block","Vill_name":"29 Mile Baluwakhani F V","Vill_Cat":"Rural","Vill_LGD":"306253N024","arr_project":"asha2"}},
{"type":"Feature","geometry":{"type":"Polygon","coordinates":[[[88.47294,27.02324],[88.47635,27.02879],[88.47369,27.03064],[88.47024,27.02949],[88.47294,27.02324]]]},"properties":{"District":"Kalimpong","Dist_LGD":"327N001","Sub_dist":"Kalimpong-I","Subdis_LGD":"02156","Subdis_Typ":"Cd_Block","Vill_name":"Kamshi F V","Vill_Cat":"Rural","Vill_LGD":"306251N021","arr_project":"asha2"}},
{"type":"Feature","geometry":{"type":"Polygon","coordinates":[[[88.44756,26.99267],[88.44939,26.99288],[88.4494,26.99364],[88.44728,26.99404],[88.44756,26.99267]]]},"properties":{"District":"Kalimpong","Dist_LGD":"327N001","Sub_dist":"Kalimpong-I","Subdis_LGD":"02156","Subdis_Typ":"Cd_Block","Vill_name":"Nazok F V","Vill_Cat":"Rural","Vill_LGD":"306258N029","arr_project":"asha2"}},
{"type":"Feature","geometry":{"type":"Polygon","coordinates":[[[88.43507,26.97855],[88.4358,26.97833],[88.43578,26.97917],[88.43505,26.97915],[88.43507,26.97855]]]},"properties":{"District":"Kalimpong","Dist_LGD":"327N001","Sub_dist":"Kalimpong-I","Subdis_LGD":"02156","Subdis_Typ":"Cd_Block","Vill_name":"Birik Forest Village","Vill_Cat":"Rural","Vill_LGD":"306257N028","arr_project":"asha2"}},
{"type":"Feature","geometry":{"type":"Polygon","coordinates":[[[88.41849,26.98582],[88.4193,26.9861],[88.41884,26.98652],[88.41849,26.98582]]]},"properties":{"District":"Kalimpong","Dist_LGD":"327N001","Sub_dist":"Kalimpong-I","Subdis_LGD":"02156","Subdis_Typ":"Cd_Block","Vill_name":"Tangey F V","Vill_Cat":"Rural","Vill_LGD":"306253N025","arr_project":"asha2"}},
{"type":"Feature","geometry":{"type":"Polygon","coordinates":[[[88.4205,26.98935],[88.41993,26.98873],[88.4198,26.98741],[88.42103,26.98826],[88.4205,26.98935]]]},"properties":{"District":"Kalimpong","Dist_LGD":"327N001","Sub_dist":"Kalimpong-I","Subdis_LGD":"02156","Subdis_Typ":"Cd_Block","Vill_name":"Saraswati F V","Vill_Cat":"Rural","Vill_LGD":"306253N026","arr_project":"asha2"}},
{"type":"Feature","geometry":{"type":"Polygon","coordinates":[[[88.41904,26.98864],[88.41785,26.98864],[88.41825,26.9878],[88.41904,26.98864]]]},"properties":{"District":"Kalimpong","Dist_LGD":"327N001","Sub_dist":"Kalimpong-I","Subdis_LGD":"02156","Subdis_Typ":"Cd_Block","Vill_name":"Shivagram F V","Vill_Cat":"Rural","Vill_LGD":"306253N027","arr_project":"asha2"}},
{"type":"Feature","geometry":{"type":"Polygon","coordinates":[[[88.5771,26.89741],[88.57914,26.89685],[88.58055,26.90002],[88.57782,26.90069],[88.5771,26.89741]]]},"properties":{"District":"Kalimpong","Dist_LGD":"327N001","Sub_dist":"Kalimpong-I","Subdis_LGD":"02156","Subdis_Typ":"Cd_Block","Vill_name":"Chunabhati F V Chel Range","Vill_Cat":"Rural","Vill_LGD":"306267N032","arr_project":"asha2"}},
{"type":"Feature","geometry":{"type":"Polygon","coordinates":[[[88.52291,26.91661],[88.51796,26.91779],[88.5138,26.92141],[88.51183,26.91468],[88.50715,26.91003],[88.50062,26.91001],[88.49466,26.91294],[88.48592,26.91551],[88.47765,26.91496],[88.47317,26.91385],[88.4709,26.90999],[88.47245,26.90668],[88.4742,26.89776],[88.47565,26.87983],[88.48212,26.87727],[88.48677,26.87663],[88.49608,26.87307],[88.50933,26.86551],[88.53503,26.87319],[88.53295,26.87752],[88.53173,26.88881],[88.52752,26.89963],[88.51985,26.90551],[88.52291,26.91661]],[[88.50104,26.88513],[88.49964,26.88643],[88.50057,26.88822],[88.50255,26.88626],[88.50104,26.88513]],[[88.51136,26.88447],[88.51364,26.8815],[88.5233,26.87405],[88.52404,26.87024],[88.5057,26.88051],[88.50745,26.88368],[88.51136,26.88447]]]},"properties":{"District":"Kalimpong","Dist_LGD":"327N001","Sub_dist":"Kalimpong-I","Subdis_LGD":"02156","Subdis_Typ":"Cd_Block","Vill_name":"Mongpong F V(Chaa Acre)","Vill_Cat":"Rural","Vill_LGD":"306264N030","arr_project":"asha2"}},
{"type":"Feature","geometry":{"type":"Polygon","coordinates":[[[88.50104,26.88513],[88.50255,26.88626],[88.50057,26.88822],[88.49964,26.88643],[88.50104,26.88513]]]},"properties":{"District":"Kalimpong","Dist_LGD":"327N001","Sub_dist":"Kalimpong-I","Subdis_LGD":"02156","Subdis_Typ":"Cd_Block","Vill_name":"Mongpong F V(Check Post)","Vill_Cat":"Rural","Vill_LGD":"306264N031","arr_project":"asha2"}},
{"type":"Feature","geometry":{"type":"Polygon","coordinates":[[[88.56525,26.99871],[88.56885,27.00162],[88.56609,27.00394],[88.56525,26.99871]]]},"properties":{"District":"Kalimpong","Dist_LGD":"327N001","Sub_dist":"Kalimpong-I","Subdis_LGD":"02156","Subdis_Typ":"Cd_Block","Vill_name":"Pemling F V","Vill_Cat":"Rural","Vill_LGD":"306242N020","arr_project":"asha2"}},
{"type":"Feature","geometry":{"type":"Polygon","coordinates":[[[88.56703,27.01757],[88.56645,27.01793],[88.56615,27.01754],[88.56663,27.01733],[88.56703,27.01757]]]},"properties":{"District":"Kalimpong","Dist_LGD":"327N001","Sub_dist":"Kalimpong-I","Subdis_LGD":"02156","Subdis_Typ":"Cd_Block","Vill_name":"Lolay Gaon Forest Village","Vill_Cat":"Rural","Vill_LGD":"306224N014","arr_project":"asha2"}},
{"type":"Feature","geometry":{"type":"Polygon","coordinates":[[[88.56689,27.01809],[88.56743,27.0178],[88.56757,27.01841],[88.56705,27.01873],[88.56689,27.01809]]]},"properties":{"District":"Kalimpong","Dist_LGD":"327N001","Sub_dist":"Kalimpong-I","Subdis_LGD":"02156","Subdis_Typ":"Cd_Block","Vill_name":"Kaffer Forest Village","Vill_Cat":"Rural","Vill_LGD":"306224N015","arr_project":"asha2"}},
{"type":"Feature","geometry":{"type":"Polygon","coordinates":[[[88.6038,27.10201],[88.60525,27.10222],[88.60491,27.10227],[88.6038,27.10201]]]},"properties":{"District":"Kalimpong","Dist_LGD":"327N001","Sub_dist":"Pedong","Subdis_LGD":"02157N001","Subdis_Typ":"Cd_Block","Vill_name":"Mairung Forest Village","Vill_Cat":"Rural","Vill_LGD":"306291N039","arr_project":"asha2"}},
{"type":"Feature","geometry":{"type":"Polygon","coordinates":[[[88.52586,27.17341],[88.5234,27.17113],[88.52793,27.17048],[88.52586,27.17341]]]},"properties":{"District":"Kalimpong","Dist_LGD":"327N001","Sub_dist":"Lava","Subdis_LGD":"02157","Subdis_Typ":"Cd_Block","Vill_name":"Rangpo F V","Vill_Cat":"Rural","Vill_LGD":"306272N033","arr_project":"asha2"}},
{"type":"Feature","geometry":{"type":"Polygon","coordinates":[[[88.52681,27.14919],[88.52686,27.14784],[88.52828,27.14796],[88.52814,27.149],[88.52681,27.14919]]]},"properties":{"District":"Kalimpong","Dist_LGD":"327N001","Sub_dist":"Lava","Subdis_LGD":"02157","Subdis_Typ":"Cd_Block","Vill_name":"Mangchu 11 Th Mile","Vill_Cat":"Rural","Vill_LGD":"306296N044","arr_project":"asha2"}},
{"type":"Feature","geometry":{"type":"Polygon","coordinates":[[[88.53043,27.14597],[88.53258,27.14715],[88.53251,27.14861],[88.53056,27.14924],[88.53043,27.14597]]]},"properties":{"District":"Kalimpong","Dist_LGD":"327N001","Sub_dist":"Lava","Subdis_LGD":"02157","Subdis_Typ":"Cd_Block","Vill_name":"Mangchu 12 Th Mile","Vill_Cat":"Rural","Vill_LGD":"306272N034","arr_project":"asha2"}},
{"type":"Feature","geometry":{"type":"Polygon","coordinates":[[[88.51796,27.14512],[88.51978,27.14592],[88.52041,27.14737],[88.51824,27.14643],[88.51796,27.14512]]]},"properties":{"District":"Kalimpong","Dist_LGD":"327N001","Sub_dist":"Lava","Subdis_LGD":"02157","Subdis_Typ":"Cd_Block","Vill_name":"Mangchu 10 Th Mile","Vill_Cat":"Rural","Vill_LGD":"306296N045","arr_project":"asha2"}},
{"type":"Feature","geometry":{"type":"Polygon","coordinates":[[[88.51145,27.13697],[88.51282,27.13586],[88.51329,27.13719],[88.51145,27.13697]]]},"properties":{"District":"Kalimpong","Dist_LGD":"327N001","Sub_dist":"Lava","Subdis_LGD":"02157","Subdis_Typ":"Cd_Block","Vill_name":"Tarkhola F V","Vill_Cat":"Rural","Vill_LGD":"306296N046","arr_project":"asha2"}},
{"type":"Feature","geometry":{"type":"Polygon","coordinates":[[[88.50348,27.13275],[88.50418,27.13267],[88.50451,27.13352],[88.50336,27.13338],[88.50348,27.13275]]]},"properties":{"District":"Kalimpong","Dist_LGD":"327N001","Sub_dist":"Lava","Subdis_LGD":"02157","Subdis_Typ":"Cd_Block","Vill_name":"Mamkhola","Vill_Cat":"Rural","Vill_LGD":"306296N047","arr_project":"asha2"}},
{"type":"Feature","geometry":{"type":"Polygon","coordinates":[[[88.51285,27.11559],[88.51262,27.1144],[88.51508,27.11392],[88.51473,27.11531],[88.51285,27.11559]]]},"properties":{"District":"Kalimpong","Dist_LGD":"327N001","Sub_dist":"Lava","Subdis_LGD":"02157","Subdis_Typ":"Cd_Block","Vill_name":"Kharka F V","Vill_Cat":"Rural","Vill_LGD":"306296N048","arr_project":"asha2"}},
{"type":"Feature","geometry":{"type":"Polygon","coordinates":[[[88.53405,27.09631],[88.53601,27.09749],[88.53519,27.0978],[88.53432,27.09725],[88.53405,27.09631]]]},"properties":{"District":"Kalimpong","Dist_LGD":"327N001","Sub_dist":"Lava","Subdis_LGD":"02157","Subdis_Typ":"Cd_Block","Vill_name":"Dalapchand F V","Vill_Cat":"Rural","Vill_LGD":"306300N049","arr_project":"asha2"}},
{"type":"Feature","geometry":{"type":"Polygon","coordinates":[[[88.56768,27.1329],[88.57052,27.13272],[88.5703,27.13473],[88.56768,27.1329]]]},"properties":{"District":"Kalimpong","Dist_LGD":"327N001","Sub_dist":"Lava","Subdis_LGD":"02157","Subdis_Typ":"Cd_Block","Vill_name":"Echhey Forest Village","Vill_Cat":"Rural","Vill_LGD":"306295N043","arr_project":"asha2"}},
{"type":"Feature","geometry":{"type":"Polygon","coordinates":[[[88.58702,27.11235],[88.58338,27.1119],[88.58374,27.11041],[88.58733,27.10984],[88.58702,27.11235]]]},"properties":{"District":"Kalimpong","Dist_LGD":"327N001","Sub_dist":"Lava","Subdis_LGD":"02157","Subdis_Typ":"Cd_Block","Vill_name":"Dalapchand F V","Vill_Cat":"Rural","Vill_LGD":"306293N040","arr_project":"asha2"}},
{"type":"Feature","geometry":{"type":"Polygon","coordinates":[[[88.59117,27.10376],[88.5907,27.10217],[88.59273,27.09974],[88.59332,27.10197],[88.59117,27.10376]]]},"properties":{"District":"Kalimpong","Dist_LGD":"327N001","Sub_dist":"Lava","Subdis_LGD":"02157","Subdis_Typ":"Cd_Block","Vill_name":"Paiyong Parment F V","Vill_Cat":"Rural","Vill_LGD":"306293N041","arr_project":"asha2"}},
{"type":"Feature","geometry":{"type":"Polygon","coordinates":[[[88.62844,27.10021],[88.62899,27.1],[88.63005,27.1005],[88.6294,27.10104],[88.62844,27.10021]]]},"properties":{"District":"Kalimpong","Dist_LGD":"327N001","Sub_dist":"Lava","Subdis_LGD":"02157","Subdis_Typ":"Cd_Block","Vill_name":"Rissisum F V","Vill_Cat":"Rural","Vill_LGD":"306289N038","arr_project":"asha2"}},
{"type":"Feature","geometry":{"type":"Polygon","coordinates":[[[88.67349,27.09615],[88.67042,27.09441],[88.67054,27.09145],[88.674,27.09026],[88.67714,27.09346],[88.67349,27.09615]]]},"properties":{"District":"Kalimpong","Dist_LGD":"327N001","Sub_dist":"Lava","Subdis_LGD":"02157","Subdis_Typ":"Cd_Block","Vill_name":"Kolbong F V","Vill_Cat":"Rural","Vill_LGD":"306285N035","arr_project":"asha2"}},
{"type":"Feature","geometry":{"type":"Polygon","coordinates":[[[88.65518,27.07934],[88.65725,27.07961],[88.65751,27.08104],[88.65615,27.08153],[88.65518,27.07934]]]},"properties":{"District":"Kalimpong","Dist_LGD":"327N001","Sub_dist":"Lava","Subdis_LGD":"02157","Subdis_Typ":"Cd_Block","Vill_name":"Lava F V","Vill_Cat":"Rural","Vill_LGD":"306286N036","arr_project":"asha2"}},
{"type":"Feature","geometry":{"type":"Polygon","coordinates":[[[88.64137,27.0708],[88.64068,27.07011],[88.64146,27.06879],[88.64257,27.06939],[88.64137,27.0708]]]},"properties":{"District":"Kalimpong","Dist_LGD":"327N001","Sub_dist":"Lava","Subdis_LGD":"02157","Subdis_Typ":"Cd_Block","Vill_name":"Maneydara F V","Vill_Cat":"Rural","Vill_LGD":"306287N037","arr_project":"asha2"}},
{"type":"Feature","geometry":{"type":"Polygon","coordinates":[[[88.58497,27.05225],[88.58675,27.05261],[88.58721,27.05485],[88.58516,27.05439],[88.58497,27.05225]]]},"properties":{"District":"Kalimpong","Dist_LGD":"327N001","Sub_dist":"Lava","Subdis_LGD":"02157","Subdis_Typ":"Cd_Block","Vill_name":"Chumang Forest Village","Vill_Cat":"Rural","Vill_LGD":"306304N050","arr_project":"asha2"}},
{"type":"Feature","geometry":{"type":"Polygon","coordinates":[[[88.57813,27.1163],[88.5782,27.11259],[88.58193,27.11331],[88.58199,27.11583],[88.57813,27.1163]]]},"properties":{"District":"Kalimpong","Dist_LGD":"327N001","Sub_dist":"Lava","Subdis_LGD":"02157","Subdis_Typ":"Cd_Block","Vill_name":"Algarah F V","Vill_Cat":"Rural","Vill_LGD":"306293N042","arr_project":"asha2"}},
{"type":"Feature","geometry":{"type":"Polygon","coordinates":[[[88.51136,26.88447],[88.50745,26.88368],[88.5057,26.88051],[88.52404,26.87024],[88.5233,26.87405],[88.51364,26.8815],[88.51136,26.88447]]]},"properties":{"District":"Kalimpong","Dist_LGD":"327N001","Sub_dist":"Kalimpong-I","Subdis_LGD":"02156","Subdis_Typ":"Cd_Block","Vill_name":"Mongpong F V(Chaa Acre)","Vill_Cat":"Rural","Vill_LGD":"306264N030","arr_project":"asha2"}}
]}