{"type":"FeatureCollection", "features": [
{"type":"Feature","geometry":{"type":"Polygon","coordinates":[[[89.15935,26.34693],[89.16197,26.34562],[89.17024,26.3452],[89.17051,26.346],[89.17241,26.34905],[89.17877,26.35647],[89.17979,26.36125],[89.17671,26.36139],[89.17633,26.36314],[89.17286,26.36355],[89.17061,26.36663],[89.1669,26.36799],[89.16703,26.36564],[89.16227,26.36305],[89.16358,26.35793],[89.16087,26.3558],[89.16185,26.35133],[89.15925,26.34849],[89.15935,26.34693]]]},"properties":{"District":"Koch Bihar","Dist_LGD":"329","Sub_dist":"Mathabhanga - I","Subdis_LGD":"2181","Subdis_Typ":"Cd_Block","Vill_name":"Bara Dola Gadalerkuthi","Vill_Cat":"Rural","Vill_LGD":"307939","arr_project":"asha1,asha2"}},
{"type":"Feature","geometry":{"type":"Polygon","coordinates":[[[89.20677,26.35049],[89.20542,26.3536],[89.20703,26.35843],[89.20608,26.36235],[89.19876,26.36586],[89.19916,26.37211],[89.1954,26.37493],[89.1907,26.37504],[89.18876,26.37263],[89.18925,26.3707],[89.18788,26.36792],[89.18803,26.36362],[89.1901,26.35765],[89.18959,26.35411],[89.19045,26.34791],[89.18657,26.34751],[89.18475,26.34883],[89.18206,26.34794],[89.18208,26.34356],[89.18765,26.34259],[89.19254,26.33998],[89.19801,26.33826],[89.20459,26.33867],[89.20214,26.33882],[89.20086,26.34232],[89.20193,26.34406],[89.20511,26.34527],[89.20677,26.35049]]]},"properties":{"District":"Koch Bihar","Dist_LGD":"329","Sub_dist":"Mathabhanga - I","Subdis_LGD":"2181","Subdis_Typ":"Cd_Block","Vill_name":"Khaterbari","Vill_Cat":"Rural","Vill_LGD":"307959","arr_project":"asha1,asha2"}},
{"type":"Feature","geometry":{"type":"Polygon","coordinates":[[[89.21875,26.34439],[89.222,26.34508],[89.22294,26.34665],[89.21829,26.35096],[89.21631,26.35887],[89.21622,26.3661],[89.21366,26.37137],[89.2067,26.37797],[89.20023,26.37885],[89.1931,26.37717],[89.1907,26.37504],[89.1954,26.37493],[89.19916,26.37211],[89.19876,26.36586],[89.20608,26.36235],[89.20703,26.35843],[89.20542,26.3536],[89.20677,26.35049],[89.20771,26.3522],[89.21199,26.35483],[89.21367,26.35341],[89.21576,26.34656],[89.21875,26.34439]]]},"properties":{"District":"Koch Bihar","Dist_LGD":"329","Sub_dist":"Mathabhanga - I","Subdis_LGD":"2181","Subdis_Typ":"Cd_Block","Vill_name":"Chhat Khaterbari","Vill_Cat":"Rural","Vill_LGD":"307960","arr_project":"asha1,asha2"}},
{"type":"Feature","geometry":{"type":"Polygon","coordinates":[[[89.10219,26.36914],[89.0999,26.37542],[89.09694,26.37332],[89.09548,26.37456],[89.09053,26.3751],[89.08988,26.37125],[89.08793,26.36572],[89.07991,26.36668],[89.07959,26.36284],[89.08282,26.36212],[89.08569,26.36274],[89.08958,26.36198],[89.08973,26.36051],[89.09379,26.36053],[89.09565,26.36335],[89.09754,26.36035],[89.10133,26.36005],[89.10294,26.35766],[89.10564,26.36047],[89.10944,26.36028],[89.10966,26.36158],[89.10583,26.36495],[89.10199,26.3678],[89.10219,26.36914]]]},"properties":{"District":"Koch Bihar","Dist_LGD":"329","Sub_dist":"Mathabhanga - I","Subdis_LGD":"2181","Subdis_Typ":"Cd_Block","Vill_name":"Chenakata","Vill_Cat":"Rural","Vill_LGD":"307926","arr_project":"asha1,asha2"}},
{"type":"Feature","geometry":{"type":"Polygon","coordinates":[[[89.10944,26.36028],[89.10564,26.36047],[89.10294,26.35766],[89.10133,26.36005],[89.09754,26.36035],[89.09565,26.36335],[89.09379,26.36053],[89.09618,26.3601],[89.0963,26.35718],[89.09508,26.35215],[89.09783,26.34981],[89.09806,26.3452],[89.1006,26.34595],[89.10564,26.3459],[89.10655,26.34744],[89.11087,26.34801],[89.11162,26.34937],[89.11058,26.35513],[89.10944,26.36028]]]},"properties":{"District":"Koch Bihar","Dist_LGD":"329","Sub_dist":"Mathabhanga - I","Subdis_LGD":"2181","Subdis_Typ":"Cd_Block","Vill_name":"Satgachi","Vill_Cat":"Rural","Vill_LGD":"307927","arr_project":"asha1,asha2"}},
{"type":"Feature","geometry":{"type":"Polygon","coordinates":[[[89.10219,26.36914],[89.10199,26.3678],[89.10583,26.36495],[89.11078,26.36693],[89.11145,26.37109],[89.10922,26.37217],[89.10617,26.37084],[89.10604,26.36904],[89.10219,26.36914]]]},"properties":{"District":"Koch Bihar","Dist_LGD":"329","Sub_dist":"Mathabhanga - I","Subdis_LGD":"2181","Subdis_Typ":"Cd_Block","Vill_name":"Garibpur","Vill_Cat":"Rural","Vill_LGD":"307925","arr_project":"asha1,asha2"}},
{"type":"Feature","geometry":{"type":"Polygon","coordinates":[[[89.11208,26.3435],[89.11274,26.34345],[89.11864,26.34364],[89.1217,26.34495],[89.12327,26.34838],[89.12393,26.35182],[89.12156,26.3543],[89.12367,26.35746],[89.12022,26.3565],[89.11886,26.35846],[89.11483,26.35763],[89.11441,26.35539],[89.11058,26.35513],[89.11162,26.34937],[89.11087,26.34801],[89.11208,26.3435]]]},"properties":{"District":"Koch Bihar","Dist_LGD":"329","Sub_dist":"Mathabhanga - I","Subdis_LGD":"2181","Subdis_Typ":"Cd_Block","Vill_name":"Tetuler Chhara","Vill_Cat":"Rural","Vill_LGD":"307932","arr_project":"asha1,asha2"}},
{"type":"Feature","geometry":{"type":"Polygon","coordinates":[[[89.12367,26.35746],[89.12156,26.3543],[89.12393,26.35182],[89.12327,26.34838],[89.12798,26.34699],[89.12883,26.34801],[89.12679,26.35175],[89.13,26.3531],[89.12782,26.35709],[89.13263,26.35765],[89.13203,26.36012],[89.12763,26.3621],[89.12714,26.36456],[89.12576,26.36137],[89.1239,26.36111],[89.12367,26.35746]]]},"properties":{"District":"Koch Bihar","Dist_LGD":"329","Sub_dist":"Mathabhanga - I","Subdis_LGD":"2181","Subdis_Typ":"Cd_Block","Vill_name":"Bengaldai","Vill_Cat":"Rural","Vill_LGD":"307933","arr_project":"asha1,asha2"}},
{"type":"Feature","geometry":{"type":"Polygon","coordinates":[[[89.16469,26.33545],[89.16916,26.33479],[89.17001,26.33129],[89.17303,26.33116],[89.17308,26.33432],[89.1759,26.33451],[89.17651,26.33706],[89.17531,26.34197],[89.17024,26.3452],[89.16197,26.34562],[89.15935,26.34693],[89.16103,26.34358],[89.1675,26.34043],[89.168,26.33883],[89.16411,26.33778],[89.16469,26.33545]]]},"properties":{"District":"Koch Bihar","Dist_LGD":"329","Sub_dist":"Mathabhanga - I","Subdis_LGD":"2181","Subdis_Typ":"Cd_Block","Vill_name":"Daribas","Vill_Cat":"Rural","Vill_LGD":"307942","arr_project":"asha1,asha2"}},
{"type":"Feature","geometry":{"type":"Polygon","coordinates":[[[89.15953,26.33126],[89.16192,26.32734],[89.16496,26.32427],[89.16918,26.32336],[89.17399,26.32021],[89.17701,26.32041],[89.17654,26.32331],[89.18133,26.32409],[89.18166,26.32992],[89.1804,26.334],[89.17651,26.33706],[89.1759,26.33451],[89.17308,26.33432],[89.17303,26.33116],[89.17001,26.33129],[89.16916,26.33479],[89.16469,26.33545],[89.1614,26.33695],[89.15825,26.33606],[89.15953,26.33126]]]},"properties":{"District":"Koch Bihar","Dist_LGD":"329","Sub_dist":"Mathabhanga - I","Subdis_LGD":"2181","Subdis_Typ":"Cd_Block","Vill_name":"Satgaon","Vill_Cat":"Rural","Vill_LGD":"307944","arr_project":"asha1,asha2"}},
{"type":"Feature","geometry":{"type":"Polygon","coordinates":[[[89.17651,26.33706],[89.1804,26.334],[89.18166,26.32992],[89.18133,26.32409],[89.17654,26.32331],[89.17701,26.32041],[89.1781,26.31922],[89.18351,26.3224],[89.19044,26.32252],[89.19159,26.3265],[89.18892,26.32991],[89.18865,26.33372],[89.18752,26.3354],[89.18702,26.34102],[89.18152,26.34304],[89.18029,26.34657],[89.17626,26.34584],[89.17051,26.346],[89.17024,26.3452],[89.17531,26.34197],[89.17651,26.33706]]]},"properties":{"District":"Koch Bihar","Dist_LGD":"329","Sub_dist":"Mathabhanga - I","Subdis_LGD":"2181","Subdis_Typ":"Cd_Block","Vill_name":"Dangkoba","Vill_Cat":"Rural","Vill_LGD":"307943","arr_project":"asha1,asha2"}},
{"type":"Feature","geometry":{"type":"Polygon","coordinates":[[[89.20459,26.33867],[89.19801,26.33826],[89.19254,26.33998],[89.18765,26.34259],[89.18208,26.34356],[89.18152,26.34304],[89.18702,26.34102],[89.18752,26.3354],[89.18865,26.33372],[89.18892,26.32991],[89.19159,26.3265],[89.19044,26.32252],[89.19132,26.31958],[89.19415,26.31893],[89.19586,26.32005],[89.19732,26.31606],[89.19914,26.31832],[89.2015,26.31874],[89.20574,26.31831],[89.20628,26.32191],[89.20345,26.32511],[89.20141,26.33027],[89.20228,26.33574],[89.20459,26.33867]]]},"properties":{"District":"Koch Bihar","Dist_LGD":"329","Sub_dist":"Mathabhanga - I","Subdis_LGD":"2181","Subdis_Typ":"Cd_Block","Vill_name":"Pachagar (P)","Vill_Cat":"Rural","Vill_LGD":"307958","arr_project":"asha1,asha2"}},
{"type":"Feature","geometry":{"type":"Polygon","coordinates":[[[89.17313,26.30929],[89.17136,26.30713],[89.17369,26.30606],[89.17597,26.30182],[89.1784,26.29953],[89.18171,26.3024],[89.1838,26.30743],[89.18799,26.30748],[89.1879,26.31244],[89.18984,26.31273],[89.19179,26.31578],[89.19132,26.31958],[89.19044,26.32252],[89.18351,26.3224],[89.1781,26.31922],[89.17701,26.32041],[89.17399,26.32021],[89.17313,26.30929]]]},"properties":{"District":"Koch Bihar","Dist_LGD":"329","Sub_dist":"Mathabhanga - I","Subdis_LGD":"2181","Subdis_Typ":"Cd_Block","Vill_name":"Kurshamari","Vill_Cat":"Rural","Vill_LGD":"307951","arr_project":"asha1,asha2"}},
{"type":"Feature","geometry":{"type":"Polygon","coordinates":[[[89.15953,26.33126],[89.153,26.33137],[89.15346,26.32807],[89.14974,26.3278],[89.14692,26.32548],[89.14793,26.32244],[89.15283,26.31778],[89.15491,26.315],[89.15568,26.31115],[89.15934,26.31335],[89.16347,26.31154],[89.16516,26.30826],[89.17044,26.30929],[89.17313,26.30929],[89.17399,26.32021],[89.16918,26.32336],[89.16496,26.32427],[89.16192,26.32734],[89.15953,26.33126]]]},"properties":{"District":"Koch Bihar","Dist_LGD":"329","Sub_dist":"Mathabhanga - I","Subdis_LGD":"2181","Subdis_Typ":"Cd_Block","Vill_name":"Daluarpar","Vill_Cat":"Rural","Vill_LGD":"307945","arr_project":"asha1,asha2"}},
{"type":"Feature","geometry":{"type":"Polygon","coordinates":[[[89.15096,26.29932],[89.14365,26.29957],[89.14293,26.29224],[89.14993,26.29121],[89.15069,26.29597],[89.15096,26.29932]]]},"properties":{"District":"Koch Bihar","Dist_LGD":"329","Sub_dist":"Mathabhanga - I","Subdis_LGD":"2181","Subdis_Typ":"Cd_Block","Vill_name":"Kharija Ratanpur","Vill_Cat":"Rural","Vill_LGD":"307948","arr_project":"asha1,asha2"}},
{"type":"Feature","geometry":{"type":"Polygon","coordinates":[[[89.16406,26.29143],[89.16462,26.28893],[89.17251,26.28646],[89.17277,26.28407],[89.17042,26.28306],[89.17111,26.28019],[89.1732,26.27916],[89.1726,26.28253],[89.17504,26.28353],[89.17843,26.28295],[89.18141,26.28633],[89.18438,26.28797],[89.18733,26.28646],[89.19107,26.28814],[89.18945,26.2948],[89.1874,26.29792],[89.18249,26.30051],[89.18171,26.3024],[89.1784,26.29953],[89.17597,26.30182],[89.17369,26.30606],[89.17136,26.30713],[89.17313,26.30929],[89.17044,26.30929],[89.16865,26.30599],[89.16951,26.30295],[89.17212,26.3013],[89.17038,26.29881],[89.17054,26.29335],[89.16799,26.29346],[89.16406,26.29143]]]},"properties":{"District":"Koch Bihar","Dist_LGD":"329","Sub_dist":"Mathabhanga - I","Subdis_LGD":"2181","Subdis_Typ":"Cd_Block","Vill_name":"Bara Khalisamari","Vill_Cat":"Rural","Vill_LGD":"307950","arr_project":"asha1,asha2"}},
{"type":"Feature","geometry":{"type":"Polygon","coordinates":[[[89.14575,26.34148],[89.14504,26.33896],[89.1423,26.33839],[89.13479,26.33858],[89.13491,26.34057],[89.13003,26.34372],[89.1266,26.34279],[89.12525,26.34426],[89.12798,26.34699],[89.12327,26.34838],[89.1217,26.34495],[89.11864,26.34364],[89.11274,26.34345],[89.11347,26.33787],[89.11935,26.33754],[89.12397,26.33347],[89.129,26.33182],[89.13192,26.33201],[89.13334,26.32761],[89.14154,26.31852],[89.14375,26.31972],[89.14413,26.32211],[89.14793,26.32244],[89.14692,26.32548],[89.14974,26.3278],[89.15346,26.32807],[89.153,26.33137],[89.15953,26.33126],[89.15825,26.33606],[89.15544,26.34001],[89.14781,26.34016],[89.14575,26.34148]]]},"properties":{"District":"Koch Bihar","Dist_LGD":"329","Sub_dist":"Mathabhanga - I","Subdis_LGD":"2181","Subdis_Typ":"Cd_Block","Vill_name":"Bara Gharia Garkuta","Vill_Cat":"Rural","Vill_LGD":"307931","arr_project":"asha1,asha2"}},
{"type":"Feature","geometry":{"type":"Polygon","coordinates":[[[89.14154,26.31852],[89.13334,26.32761],[89.13192,26.33201],[89.129,26.33182],[89.12397,26.33347],[89.11935,26.33754],[89.11347,26.33787],[89.11274,26.34345],[89.11208,26.3435],[89.11242,26.33918],[89.10531,26.33622],[89.10682,26.33329],[89.10961,26.33063],[89.10564,26.3265],[89.10776,26.32658],[89.11134,26.32365],[89.11041,26.32206],[89.11262,26.31841],[89.11538,26.31993],[89.12341,26.32167],[89.1271,26.32048],[89.13619,26.32013],[89.13592,26.31462],[89.13481,26.31215],[89.13919,26.31217],[89.13908,26.31444],[89.13718,26.31574],[89.1397,26.3183],[89.14154,26.31852]]]},"properties":{"District":"Koch Bihar","Dist_LGD":"329","Sub_dist":"Mathabhanga - I","Subdis_LGD":"2181","Subdis_Typ":"Cd_Block","Vill_name":"Nalangibari","Vill_Cat":"Rural","Vill_LGD":"307930","arr_project":"asha1,asha2"}},
{"type":"Feature","geometry":{"type":"Polygon","coordinates":[[[89.10531,26.33622],[89.10282,26.33351],[89.10108,26.33709],[89.09641,26.33396],[89.09523,26.3298],[89.09134,26.32975],[89.09153,26.3281],[89.08715,26.32313],[89.08457,26.32407],[89.08348,26.32204],[89.08626,26.32109],[89.08966,26.32241],[89.0918,26.32031],[89.09351,26.3258],[89.09829,26.32506],[89.10039,26.32333],[89.10421,26.3233],[89.10564,26.3265],[89.10961,26.33063],[89.10682,26.33329],[89.10531,26.33622]]]},"properties":{"District":"Koch Bihar","Dist_LGD":"329","Sub_dist":"Mathabhanga - I","Subdis_LGD":"2181","Subdis_Typ":"Cd_Block","Vill_name":"Satgaon Manabari Sitallahiri","Vill_Cat":"Rural","Vill_LGD":"307929","arr_project":"asha1,asha2"}},
{"type":"Feature","geometry":{"type":"Polygon","coordinates":[[[89.19316,26.28046],[89.19445,26.27633],[89.19758,26.27668],[89.20051,26.27519],[89.2068,26.27827],[89.20936,26.27745],[89.21243,26.28121],[89.21445,26.28116],[89.21464,26.28505],[89.21971,26.28604],[89.21984,26.28808],[89.21175,26.28808],[89.2052,26.29165],[89.20094,26.29443],[89.19398,26.29642],[89.19287,26.2991],[89.19207,26.29568],[89.19449,26.29374],[89.19573,26.29019],[89.1949,26.28366],[89.19862,26.2838],[89.19926,26.28096],[89.19316,26.28046]]]},"properties":{"District":"Koch Bihar","Dist_LGD":"329","Sub_dist":"Mathabhanga - I","Subdis_LGD":"2181","Subdis_Typ":"Cd_Block","Vill_name":"Nendarpar","Vill_Cat":"Rural","Vill_LGD":"307954","arr_project":"asha1,asha2"}},
{"type":"Feature","geometry":{"type":"Polygon","coordinates":[[[89.2052,26.29165],[89.21175,26.28808],[89.21984,26.28808],[89.2211,26.28713],[89.22538,26.28945],[89.23051,26.28935],[89.23268,26.2929],[89.23638,26.29214],[89.23788,26.2942],[89.23783,26.29723],[89.23458,26.29753],[89.23298,26.29889],[89.22604,26.29597],[89.22331,26.29391],[89.22206,26.29602],[89.21648,26.29679],[89.21303,26.30061],[89.21068,26.30041],[89.20949,26.29783],[89.20638,26.29772],[89.2052,26.29165]]]},"properties":{"District":"Koch Bihar","Dist_LGD":"329","Sub_dist":"Mathabhanga - I","Subdis_LGD":"2181","Subdis_Typ":"Cd_Block","Vill_name":"Kharija Kawardara","Vill_Cat":"Rural","Vill_LGD":"307955","arr_project":"asha1,asha2"}},
{"type":"Feature","geometry":{"type":"Polygon","coordinates":[[[89.20051,26.27519],[89.20029,26.26997],[89.20161,26.26632],[89.2009,26.26232],[89.20627,26.263],[89.20874,26.26504],[89.21539,26.26432],[89.21861,26.2628],[89.22086,26.26519],[89.22462,26.26507],[89.22715,26.26534],[89.23167,26.27159],[89.23144,26.27642],[89.23221,26.27761],[89.23494,26.27912],[89.23728,26.27767],[89.23841,26.27281],[89.24142,26.27097],[89.24497,26.27089],[89.24699,26.27253],[89.24799,26.27735],[89.24953,26.28127],[89.25446,26.28191],[89.25444,26.28604],[89.24646,26.28577],[89.24665,26.28702],[89.2407,26.28713],[89.23498,26.28372],[89.23431,26.28775],[89.23087,26.28784],[89.23051,26.28935],[89.22538,26.28945],[89.2211,26.28713],[89.21984,26.28808],[89.21971,26.28604],[89.21464,26.28505],[89.21445,26.28116],[89.21243,26.28121],[89.20936,26.27745],[89.2068,26.27827],[89.20051,26.27519]]]},"properties":{"District":"Koch Bihar","Dist_LGD":"329","Sub_dist":"Mathabhanga - I","Subdis_LGD":"2181","Subdis_Typ":"Cd_Block","Vill_name":"Jorpatki","Vill_Cat":"Rural","Vill_LGD":"307966","arr_project":"asha1,asha2"}},
{"type":"Feature","geometry":{"type":"Polygon","coordinates":[[[89.22944,26.2583],[89.22751,26.25577],[89.22611,26.25171],[89.23309,26.24826],[89.23637,26.24778],[89.24095,26.24617],[89.24135,26.24877],[89.24352,26.2495],[89.24561,26.25297],[89.24383,26.25529],[89.24329,26.25893],[89.24355,26.26419],[89.24512,26.26446],[89.24705,26.26939],[89.25187,26.27256],[89.25185,26.27522],[89.24949,26.27532],[89.24799,26.27735],[89.24699,26.27253],[89.24497,26.27089],[89.24142,26.27097],[89.23841,26.27281],[89.23728,26.27767],[89.23494,26.27912],[89.23221,26.27761],[89.23326,26.27397],[89.23327,26.26897],[89.2355,26.26699],[89.23258,26.2645],[89.22967,26.26015],[89.22944,26.2583]]]},"properties":{"District":"Koch Bihar","Dist_LGD":"329","Sub_dist":"Mathabhanga - I","Subdis_LGD":"2181","Subdis_Typ":"Cd_Block","Vill_name":"Bochagari","Vill_Cat":"Rural","Vill_LGD":"307968","arr_project":"asha1,asha2"}},
{"type":"Feature","geometry":{"type":"Polygon","coordinates":[[[89.24781,26.24857],[89.25116,26.25047],[89.25558,26.24954],[89.25889,26.25158],[89.26213,26.24868],[89.26407,26.25066],[89.26696,26.24906],[89.26962,26.25009],[89.26924,26.25211],[89.26888,26.25803],[89.26664,26.2635],[89.26853,26.26984],[89.26462,26.27132],[89.26336,26.2677],[89.25904,26.26669],[89.25965,26.26011],[89.25803,26.25913],[89.25345,26.259],[89.25219,26.26507],[89.24843,26.26589],[89.24512,26.26446],[89.24355,26.26419],[89.24329,26.25893],[89.24383,26.25529],[89.24561,26.25297],[89.24352,26.2495],[89.24781,26.24857]]]},"properties":{"District":"Koch Bihar","Dist_LGD":"329","Sub_dist":"Mathabhanga - I","Subdis_LGD":"2181","Subdis_Typ":"Cd_Block","Vill_name":"Shibpur","Vill_Cat":"Rural","Vill_LGD":"307971","arr_project":"asha1,asha2"}},
{"type":"Feature","geometry":{"type":"Polygon","coordinates":[[[89.36132,26.43103],[89.35948,26.432],[89.35644,26.43098],[89.3514,26.43147],[89.34238,26.43359],[89.3397,26.43067],[89.33789,26.4262],[89.33507,26.42434],[89.33605,26.42053],[89.33221,26.41707],[89.32982,26.41347],[89.33386,26.41176],[89.33072,26.40839],[89.32358,26.40729],[89.32307,26.40313],[89.32387,26.40067],[89.32716,26.40031],[89.32693,26.39634],[89.33133,26.39887],[89.32945,26.39895],[89.32959,26.40263],[89.33103,26.40305],[89.33159,26.40683],[89.33321,26.40788],[89.33933,26.40668],[89.34723,26.40626],[89.35108,26.40488],[89.35354,26.4076],[89.35811,26.40835],[89.35721,26.4105],[89.35798,26.41414],[89.35576,26.42133],[89.35717,26.42522],[89.36053,26.42775],[89.36132,26.43103]]]},"properties":{"District":"Koch Bihar","Dist_LGD":"329","Sub_dist":"Koch Bihar - Ii","Subdis_LGD":"2184","Subdis_Typ":"Cd_Block","Vill_name":"Sajherpar Ghoramara","Vill_Cat":"Rural","Vill_LGD":"308216","arr_project":"asha1,asha2"}},
{"type":"Feature","geometry":{"type":"Polygon","coordinates":[[[89.40027,26.46457],[89.39435,26.46431],[89.38817,26.46592],[89.38543,26.46971],[89.38321,26.47064],[89.37791,26.46873],[89.37845,26.46676],[89.37567,26.46056],[89.36755,26.45423],[89.36082,26.45745],[89.35657,26.45255],[89.36248,26.44965],[89.36975,26.44673],[89.37264,26.44859],[89.3762,26.44806],[89.38199,26.4453],[89.38546,26.43962],[89.38612,26.43437],[89.38497,26.43209],[89.38722,26.431],[89.39155,26.42661],[89.395,26.42844],[89.3943,26.4314],[89.39443,26.44074],[89.39365,26.44161],[89.39729,26.45404],[89.4001,26.4615],[89.40027,26.46457]]]},"properties":{"District":"Koch Bihar","Dist_LGD":"329","Sub_dist":"Koch Bihar - Ii","Subdis_LGD":"2184","Subdis_Typ":"Cd_Block","Vill_name":"Sakunibala","Vill_Cat":"Rural","Vill_LGD":"308221","arr_project":"asha1,asha2"}},
{"type":"Feature","geometry":{"type":"Polygon","coordinates":[[[89.44934,26.4755],[89.44375,26.47593],[89.44188,26.47085],[89.43799,26.46958],[89.43461,26.46745],[89.43185,26.46724],[89.43476,26.46317],[89.43766,26.46401],[89.439,26.46211],[89.44301,26.45949],[89.4439,26.46036],[89.44974,26.45998],[89.45103,26.46143],[89.45151,26.46637],[89.45317,26.47044],[89.4558,26.47224],[89.44934,26.4755]]]},"properties":{"District":"Koch Bihar","Dist_LGD":"329","Sub_dist":"Koch Bihar - Ii","Subdis_LGD":"2184","Subdis_Typ":"Cd_Block","Vill_name":"Dudumari","Vill_Cat":"Rural","Vill_LGD":"308230","arr_project":"asha1,asha2"}},
{"type":"Feature","geometry":{"type":"Polygon","coordinates":[[[89.45934,26.47458],[89.45682,26.47495],[89.45719,26.47808],[89.45451,26.47859],[89.4525,26.48104],[89.45239,26.47685],[89.44934,26.4755],[89.4558,26.47224],[89.45317,26.47044],[89.45639,26.47055],[89.45934,26.47458]]]},"properties":{"District":"Koch Bihar","Dist_LGD":"329","Sub_dist":"Koch Bihar - Ii","Subdis_LGD":"2184","Subdis_Typ":"Cd_Block","Vill_name":"Daldali","Vill_Cat":"Rural","Vill_LGD":"308231","arr_project":"asha1,asha2"}},
{"type":"Feature","geometry":{"type":"Polygon","coordinates":[[[89.45934,26.47458],[89.46033,26.47792],[89.46242,26.47888],[89.46201,26.4824],[89.45796,26.48446],[89.45384,26.48433],[89.4525,26.48104],[89.45451,26.47859],[89.45719,26.47808],[89.45682,26.47495],[89.45934,26.47458]]]},"properties":{"District":"Koch Bihar","Dist_LGD":"329","Sub_dist":"Koch Bihar - Ii","Subdis_LGD":"2184","Subdis_Typ":"Cd_Block","Vill_name":"Tapsikhata","Vill_Cat":"Rural","Vill_LGD":"308232","arr_project":"asha1,asha2"}},
{"type":"Feature","geometry":{"type":"Polygon","coordinates":[[[89.49484,26.4727],[89.49542,26.47565],[89.49278,26.47771],[89.49256,26.47996],[89.48924,26.48332],[89.48395,26.48396],[89.48222,26.48309],[89.47916,26.48625],[89.47232,26.48751],[89.47064,26.48438],[89.47079,26.48059],[89.47349,26.47991],[89.472,26.47176],[89.47604,26.46951],[89.48073,26.46989],[89.48546,26.47117],[89.48819,26.47272],[89.49484,26.4727]]]},"properties":{"District":"Koch Bihar","Dist_LGD":"329","Sub_dist":"Koch Bihar - Ii","Subdis_LGD":"2184","Subdis_Typ":"Cd_Block","Vill_name":"Kumirghat","Vill_Cat":"Rural","Vill_LGD":"308233","arr_project":"asha1,asha2"}},
{"type":"Feature","geometry":{"type":"Polygon","coordinates":[[[89.54169,26.44473],[89.53863,26.44456],[89.53826,26.44675],[89.54396,26.44961],[89.54432,26.45168],[89.53718,26.45378],[89.54165,26.45797],[89.54148,26.46063],[89.53819,26.46245],[89.53646,26.46494],[89.53753,26.46995],[89.53613,26.47259],[89.53146,26.47064],[89.52917,26.47189],[89.52854,26.47617],[89.52492,26.47644],[89.52276,26.47237],[89.51852,26.47171],[89.51228,26.47603],[89.50937,26.47241],[89.50821,26.4726],[89.50448,26.46866],[89.50147,26.46494],[89.50106,26.46269],[89.49751,26.46062],[89.49686,26.4561],[89.49557,26.45366],[89.49783,26.4509],[89.50125,26.44841],[89.50111,26.44278],[89.50894,26.4417],[89.50961,26.44028],[89.5083,26.4351],[89.50947,26.43092],[89.51338,26.43078],[89.514,26.42909],[89.51723,26.4297],[89.5193,26.43127],[89.51939,26.43435],[89.52089,26.4408],[89.52866,26.44157],[89.54129,26.43937],[89.54216,26.4411],[89.54169,26.44473]]]},"properties":{"District":"Koch Bihar","Dist_LGD":"329","Sub_dist":"Koch Bihar - Ii","Subdis_LGD":"2184","Subdis_Typ":"Cd_Block","Vill_name":"Kholta","Vill_Cat":"Rural","Vill_LGD":"308240","arr_project":"asha1,asha2"}},
{"type":"Feature","geometry":{"type":"Polygon","coordinates":[[[89.55513,26.4101],[89.55834,26.41256],[89.55759,26.41506],[89.54965,26.41508],[89.54973,26.41879],[89.55571,26.41878],[89.55658,26.42254],[89.55238,26.4242],[89.55744,26.42612],[89.55883,26.42977],[89.55602,26.43184],[89.55223,26.43156],[89.55274,26.43586],[89.55199,26.43911],[89.5483,26.44093],[89.54933,26.44479],[89.54648,26.44624],[89.54169,26.44473],[89.54216,26.4411],[89.54129,26.43937],[89.52866,26.44157],[89.52089,26.4408],[89.51939,26.43435],[89.5193,26.43127],[89.52244,26.42871],[89.52043,26.42294],[89.52164,26.418],[89.51885,26.41482],[89.5158,26.41506],[89.51519,26.41327],[89.52062,26.40996],[89.52154,26.40715],[89.52194,26.40148],[89.52671,26.39982],[89.52994,26.39987],[89.53276,26.3979],[89.5344,26.39495],[89.54038,26.3921],[89.54378,26.39345],[89.5483,26.3941],[89.55493,26.39749],[89.55035,26.40134],[89.55026,26.40253],[89.55434,26.40572],[89.55488,26.40729],[89.55513,26.4101]]]},"properties":{"District":"Koch Bihar","Dist_LGD":"329","Sub_dist":"Koch Bihar - Ii","Subdis_LGD":"2184","Subdis_Typ":"Cd_Block","Vill_name":"Ambari","Vill_Cat":"Rural","Vill_LGD":"308242","arr_project":"asha1,asha2"}},
{"type":"Feature","geometry":{"type":"Polygon","coordinates":[[[89.49783,26.4509],[89.49662,26.44876],[89.49344,26.4469],[89.48982,26.44998],[89.48489,26.44926],[89.48429,26.4465],[89.48077,26.4463],[89.48328,26.4429],[89.48529,26.43581],[89.48523,26.42841],[89.48533,26.42711],[89.48953,26.42847],[89.48986,26.43379],[89.49122,26.43538],[89.49445,26.4353],[89.49777,26.43647],[89.50081,26.43427],[89.50512,26.43298],[89.5083,26.4351],[89.50961,26.44028],[89.50894,26.4417],[89.50111,26.44278],[89.50125,26.44841],[89.49783,26.4509]]]},"properties":{"District":"Koch Bihar","Dist_LGD":"329","Sub_dist":"Koch Bihar - Ii","Subdis_LGD":"2184","Subdis_Typ":"Cd_Block","Vill_name":"Bhatlaguri","Vill_Cat":"Rural","Vill_LGD":"308238","arr_project":"asha1,asha2"}},
{"type":"Feature","geometry":{"type":"Polygon","coordinates":[[[89.50081,26.43427],[89.50125,26.43142],[89.49989,26.42986],[89.50102,26.42418],[89.50456,26.42455],[89.50597,26.42273],[89.50832,26.42153],[89.51078,26.42498],[89.51325,26.42622],[89.514,26.42909],[89.51338,26.43078],[89.50947,26.43092],[89.5083,26.4351],[89.50512,26.43298],[89.50081,26.43427]]]},"properties":{"District":"Koch Bihar","Dist_LGD":"329","Sub_dist":"Koch Bihar - Ii","Subdis_LGD":"2184","Subdis_Typ":"Cd_Block","Vill_name":"Baraibari Dwitia Khanda","Vill_Cat":"Rural","Vill_LGD":"308239","arr_project":"asha1,asha2"}},
{"type":"Feature","geometry":{"type":"Polygon","coordinates":[[[89.55493,26.39749],[89.5483,26.3941],[89.54378,26.39345],[89.54038,26.3921],[89.5344,26.39495],[89.53276,26.3979],[89.52994,26.39987],[89.52671,26.39982],[89.52194,26.40148],[89.52154,26.40715],[89.52062,26.40996],[89.51519,26.41327],[89.51545,26.41047],[89.51716,26.40659],[89.5139,26.40626],[89.5118,26.39892],[89.50638,26.39922],[89.50477,26.40019],[89.50365,26.39917],[89.50346,26.39291],[89.50535,26.39426],[89.51047,26.39361],[89.51247,26.38815],[89.51779,26.38786],[89.51958,26.38241],[89.52132,26.38221],[89.52115,26.37812],[89.52282,26.3765],[89.52596,26.37647],[89.52941,26.37434],[89.52755,26.36746],[89.53378,26.37209],[89.5374,26.37814],[89.5487,26.38285],[89.55276,26.38551],[89.55622,26.38666],[89.56199,26.38743],[89.56361,26.38676],[89.56202,26.39218],[89.55602,26.39469],[89.55493,26.39749]]]},"properties":{"District":"Koch Bihar","Dist_LGD":"329","Sub_dist":"Koch Bihar - Ii","Subdis_LGD":"2184","Subdis_Typ":"Cd_Block","Vill_name":"Kaljani","Vill_Cat":"Rural","Vill_LGD":"308243","arr_project":"asha1,asha2"}},
{"type":"Feature","geometry":{"type":"Polygon","coordinates":[[[89.50466,26.37441],[89.51104,26.37272],[89.52105,26.37164],[89.52693,26.36738],[89.52755,26.36746],[89.52941,26.37434],[89.52596,26.37647],[89.52282,26.3765],[89.52115,26.37812],[89.52132,26.38221],[89.51958,26.38241],[89.51779,26.38786],[89.51247,26.38815],[89.51047,26.39361],[89.50535,26.39426],[89.50346,26.39291],[89.50047,26.39259],[89.49772,26.38946],[89.49351,26.38842],[89.49262,26.38987],[89.48733,26.38911],[89.48716,26.38788],[89.48776,26.38663],[89.48674,26.38227],[89.48398,26.37983],[89.48612,26.37746],[89.49371,26.37721],[89.49493,26.3741],[89.5,26.37522],[89.50466,26.37441]]]},"properties":{"District":"Koch Bihar","Dist_LGD":"329","Sub_dist":"Koch Bihar - Ii","Subdis_LGD":"2184","Subdis_Typ":"Cd_Block","Vill_name":"Sidheshwari","Vill_Cat":"Rural","Vill_LGD":"308308","arr_project":"asha1,asha2"}},
{"type":"Feature","geometry":{"type":"Polygon","coordinates":[[[89.46817,26.44048],[89.46698,26.43539],[89.46878,26.43007],[89.46696,26.42776],[89.4711,26.42689],[89.47478,26.42735],[89.47664,26.42982],[89.47723,26.43338],[89.47431,26.43226],[89.47269,26.43372],[89.47585,26.43633],[89.4739,26.44192],[89.47356,26.44499],[89.47149,26.44509],[89.46817,26.44048]]]},"properties":{"District":"Koch Bihar","Dist_LGD":"329","Sub_dist":"Koch Bihar - Ii","Subdis_LGD":"2184","Subdis_Typ":"Cd_Block","Vill_name":"Konkaguri","Vill_Cat":"Rural","Vill_LGD":"308235","arr_project":"asha1,asha2"}},
{"type":"Feature","geometry":{"type":"Polygon","coordinates":[[[89.47478,26.42735],[89.47671,26.4237],[89.48151,26.42301],[89.48385,26.4224],[89.48533,26.42711],[89.48523,26.42841],[89.48431,26.42932],[89.47664,26.42982],[89.47478,26.42735]]]},"properties":{"District":"Koch Bihar","Dist_LGD":"329","Sub_dist":"Koch Bihar - Ii","Subdis_LGD":"2184","Subdis_Typ":"Cd_Block","Vill_name":"Mahishbathan Dwitia Khanda","Vill_Cat":"Rural","Vill_LGD":"308236","arr_project":"asha1,asha2"}},
{"type":"Feature","geometry":{"type":"Polygon","coordinates":[[[89.49275,26.41329],[89.49199,26.41786],[89.49412,26.42],[89.49854,26.4166],[89.50253,26.41878],[89.50597,26.42273],[89.50456,26.42455],[89.50102,26.42418],[89.49989,26.42986],[89.50125,26.43142],[89.50081,26.43427],[89.49777,26.43647],[89.49445,26.4353],[89.49122,26.43538],[89.48986,26.43379],[89.48953,26.42847],[89.48533,26.42711],[89.48385,26.4224],[89.48472,26.41962],[89.48753,26.41867],[89.48811,26.41615],[89.49275,26.41329]]]},"properties":{"District":"Koch Bihar","Dist_LGD":"329","Sub_dist":"Koch Bihar - Ii","Subdis_LGD":"2184","Subdis_Typ":"Cd_Block","Vill_name":"Dhalaguri","Vill_Cat":"Rural","Vill_LGD":"308237","arr_project":"asha1,asha2"}},
{"type":"Feature","geometry":{"type":"Polygon","coordinates":[[[89.50832,26.42153],[89.50819,26.41832],[89.51488,26.41971],[89.51412,26.41659],[89.51062,26.41706],[89.50981,26.41285],[89.51139,26.41043],[89.51545,26.41047],[89.51519,26.41327],[89.5158,26.41506],[89.51885,26.41482],[89.52164,26.418],[89.52043,26.42294],[89.52244,26.42871],[89.5193,26.43127],[89.51723,26.4297],[89.514,26.42909],[89.51325,26.42622],[89.51078,26.42498],[89.50832,26.42153]]]},"properties":{"District":"Koch Bihar","Dist_LGD":"329","Sub_dist":"Koch Bihar - Ii","Subdis_LGD":"2184","Subdis_Typ":"Cd_Block","Vill_name":"Bokalirmath","Vill_Cat":"Rural","Vill_LGD":"308241","arr_project":"asha1,asha2"}},
{"type":"Feature","geometry":{"type":"Polygon","coordinates":[[[89.49255,26.411],[89.50091,26.41125],[89.50464,26.41094],[89.50981,26.41285],[89.51062,26.41706],[89.51412,26.41659],[89.51488,26.41971],[89.50819,26.41832],[89.50832,26.42153],[89.50597,26.42273],[89.50253,26.41878],[89.49854,26.4166],[89.49412,26.42],[89.49199,26.41786],[89.49275,26.41329],[89.49255,26.411]]]},"properties":{"District":"Koch Bihar","Dist_LGD":"329","Sub_dist":"Koch Bihar - Ii","Subdis_LGD":"2184","Subdis_Typ":"Cd_Block","Vill_name":"Baraibari Pratham Khanda","Vill_Cat":"Rural","Vill_LGD":"308247","arr_project":"asha1,asha2"}},
{"type":"Feature","geometry":{"type":"Polygon","coordinates":[[[89.46633,26.40421],[89.46949,26.40634],[89.47291,26.4055],[89.47449,26.40733],[89.47795,26.40743],[89.48431,26.40399],[89.48872,26.40403],[89.48769,26.40811],[89.49056,26.40845],[89.49255,26.411],[89.49275,26.41329],[89.48811,26.41615],[89.48753,26.41867],[89.48472,26.41962],[89.48385,26.4224],[89.48151,26.42301],[89.48014,26.42169],[89.47974,26.41818],[89.47763,26.41844],[89.47454,26.41623],[89.47204,26.41644],[89.47118,26.41325],[89.46516,26.40871],[89.46633,26.40421]]]},"properties":{"District":"Koch Bihar","Dist_LGD":"329","Sub_dist":"Koch Bihar - Ii","Subdis_LGD":"2184","Subdis_Typ":"Cd_Block","Vill_name":"Hatiduba","Vill_Cat":"Rural","Vill_LGD":"308248","arr_project":"asha1,asha2"}},
{"type":"Feature","geometry":{"type":"Polygon","coordinates":[[[89.50568,26.4019],[89.50477,26.40019],[89.50638,26.39922],[89.5118,26.39892],[89.5139,26.40626],[89.51234,26.40935],[89.50941,26.40706],[89.50652,26.40728],[89.50568,26.4019]]]},"properties":{"District":"Koch Bihar","Dist_LGD":"329","Sub_dist":"Koch Bihar - Ii","Subdis_LGD":"2184","Subdis_Typ":"Cd_Block","Vill_name":"Boragari","Vill_Cat":"Rural","Vill_LGD":"308244","arr_project":"asha1,asha2"}},
{"type":"Feature","geometry":{"type":"Polygon","coordinates":[[[89.50652,26.40728],[89.50941,26.40706],[89.51234,26.40935],[89.5139,26.40626],[89.51716,26.40659],[89.51545,26.41047],[89.51139,26.41043],[89.50981,26.41285],[89.50464,26.41094],[89.50091,26.41125],[89.5019,26.40838],[89.50695,26.40955],[89.50652,26.40728]]]},"properties":{"District":"Koch Bihar","Dist_LGD":"329","Sub_dist":"Koch Bihar - Ii","Subdis_LGD":"2184","Subdis_Typ":"Cd_Block","Vill_name":"Borakhata","Vill_Cat":"Rural","Vill_LGD":"308245","arr_project":"asha1,asha2"}},
{"type":"Feature","geometry":{"type":"Polygon","coordinates":[[[89.48031,26.39378],[89.48443,26.39375],[89.485,26.39123],[89.48718,26.39091],[89.48716,26.38788],[89.48733,26.38911],[89.49262,26.38987],[89.49351,26.38842],[89.49772,26.38946],[89.50047,26.39259],[89.50346,26.39291],[89.50365,26.39917],[89.50477,26.40019],[89.50568,26.4019],[89.49701,26.40192],[89.49264,26.40023],[89.48872,26.40403],[89.48431,26.40399],[89.48648,26.40166],[89.48882,26.39565],[89.48315,26.39724],[89.48278,26.39419],[89.48031,26.39378]]]},"properties":{"District":"Koch Bihar","Dist_LGD":"329","Sub_dist":"Koch Bihar - Ii","Subdis_LGD":"2184","Subdis_Typ":"Cd_Block","Vill_name":"Baneswar (Ct)","Vill_Cat":"Partly_Urban","Vill_LGD":"308325","arr_project":"asha1,asha2"}},
{"type":"Feature","geometry":{"type":"Polygon","coordinates":[[[89.46633,26.40421],[89.47077,26.39722],[89.47312,26.39692],[89.47305,26.39196],[89.4782,26.39141],[89.48031,26.39378],[89.48278,26.39419],[89.48315,26.39724],[89.48882,26.39565],[89.48648,26.40166],[89.48431,26.40399],[89.47795,26.40743],[89.47449,26.40733],[89.47291,26.4055],[89.46949,26.40634],[89.46633,26.40421]]]},"properties":{"District":"Koch Bihar","Dist_LGD":"329","Sub_dist":"Koch Bihar - Ii","Subdis_LGD":"2184","Subdis_Typ":"Cd_Block","Vill_name":"Ichamari","Vill_Cat":"Rural","Vill_LGD":"308249","arr_project":"asha1,asha2"}},
{"type":"Feature","geometry":{"type":"Polygon","coordinates":[[[89.46995,26.38232],[89.47567,26.38105],[89.47826,26.37701],[89.48164,26.37652],[89.47897,26.37349],[89.47628,26.37352],[89.47583,26.37067],[89.48256,26.37091],[89.4885,26.37285],[89.49257,26.3712],[89.49493,26.3741],[89.49371,26.37721],[89.48612,26.37746],[89.48398,26.37983],[89.48674,26.38227],[89.48776,26.38663],[89.48716,26.38788],[89.48718,26.39091],[89.485,26.39123],[89.48443,26.39375],[89.48031,26.39378],[89.4782,26.39141],[89.4792,26.38687],[89.47494,26.38527],[89.47232,26.38745],[89.46923,26.38528],[89.46995,26.38232]]]},"properties":{"District":"Koch Bihar","Dist_LGD":"329","Sub_dist":"Koch Bihar - Ii","Subdis_LGD":"2184","Subdis_Typ":"Cd_Block","Vill_name":"Sonari","Vill_Cat":"Rural","Vill_LGD":"308307","arr_project":"asha1,asha2"}},
{"type":"Feature","geometry":{"type":"Polygon","coordinates":[[[89.44982,26.39284],[89.44687,26.38927],[89.44627,26.38587],[89.45,26.38511],[89.45522,26.38631],[89.4579,26.38671],[89.46297,26.3891],[89.46425,26.39067],[89.47036,26.3893],[89.47232,26.38745],[89.47494,26.38527],[89.4792,26.38687],[89.4782,26.39141],[89.47305,26.39196],[89.47039,26.39178],[89.46853,26.39407],[89.46899,26.39695],[89.46587,26.39671],[89.46539,26.399],[89.45901,26.39839],[89.45507,26.40142],[89.45652,26.40496],[89.45331,26.4049],[89.4533,26.4107],[89.44851,26.40966],[89.44693,26.41018],[89.4462,26.40471],[89.44553,26.40082],[89.44671,26.39914],[89.45169,26.39949],[89.44982,26.39284]]]},"properties":{"District":"Koch Bihar","Dist_LGD":"329","Sub_dist":"Koch Bihar - Ii","Subdis_LGD":"2184","Subdis_Typ":"Cd_Block","Vill_name":"Ikarchala","Vill_Cat":"Rural","Vill_LGD":"308251","arr_project":"asha1,asha2"}},
{"type":"Feature","geometry":{"type":"Polygon","coordinates":[[[89.45522,26.38631],[89.45569,26.3843],[89.46514,26.38543],[89.46923,26.38528],[89.47232,26.38745],[89.47036,26.3893],[89.46425,26.39067],[89.46297,26.3891],[89.4579,26.38671],[89.45522,26.38631]]]},"properties":{"District":"Koch Bihar","Dist_LGD":"329","Sub_dist":"Koch Bihar - Ii","Subdis_LGD":"2184","Subdis_Typ":"Cd_Block","Vill_name":"Uttar Gayergari","Vill_Cat":"Rural","Vill_LGD":"308306","arr_project":"asha1,asha2"}},
{"type":"Feature","geometry":{"type":"Polygon","coordinates":[[[89.41949,26.19625],[89.4202,26.19287],[89.41624,26.19182],[89.41313,26.19258],[89.41071,26.19187],[89.41117,26.18893],[89.4145,26.18838],[89.41684,26.18357],[89.42134,26.18335],[89.42229,26.18614],[89.42444,26.18773],[89.42892,26.18723],[89.43017,26.1823],[89.42849,26.18143],[89.43031,26.17967],[89.43097,26.17489],[89.43365,26.17468],[89.43633,26.17531],[89.43954,26.17403],[89.44038,26.179],[89.4415,26.18139],[89.44658,26.18085],[89.44854,26.17543],[89.4525,26.17206],[89.4556,26.17484],[89.44701,26.18266],[89.44524,26.18693],[89.4455,26.19234],[89.45306,26.19325],[89.45448,26.19511],[89.45698,26.19524],[89.45776,26.19297],[89.4623,26.19459],[89.4606,26.20183],[89.45428,26.20204],[89.45141,26.2033],[89.44596,26.20266],[89.44396,26.20028],[89.44359,26.19698],[89.43688,26.19842],[89.43463,26.19639],[89.43264,26.19673],[89.43299,26.19968],[89.43075,26.20147],[89.42497,26.20068],[89.42358,26.20237],[89.42176,26.1983],[89.41949,26.19625]]]},"properties":{"District":"Koch Bihar","Dist_LGD":"329","Sub_dist":"Dinhata - I","Subdis_LGD":"2187","Subdis_Typ":"Cd_Block","Vill_name":"Bhutkura","Vill_Cat":"Rural","Vill_LGD":"308508","arr_project":"asha1,asha2"}},
{"type":"Feature","geometry":{"type":"Polygon","coordinates":[[[89.3405,26.05836],[89.33537,26.05977],[89.33183,26.05774],[89.33297,26.05493],[89.33321,26.04988],[89.33568,26.04832],[89.33612,26.04319],[89.33381,26.03871],[89.32693,26.03764],[89.32565,26.0362],[89.32941,26.03027],[89.33314,26.0284],[89.33302,26.0269],[89.33641,26.02358],[89.33541,26.02132],[89.33999,26.01529],[89.34339,26.01597],[89.3451,26.01937],[89.34179,26.02984],[89.34032,26.03768],[89.33965,26.04484],[89.34105,26.05645],[89.3405,26.05836]]]},"properties":{"District":"Koch Bihar","Dist_LGD":"329","Sub_dist":"Sitai","Subdis_LGD":"2189","Subdis_Typ":"Cd_Block","Vill_name":"Satbhandari","Vill_Cat":"Rural","Vill_LGD":"308744","arr_project":"asha1,asha2"}},
{"type":"Feature","geometry":{"type":"Polygon","coordinates":[[[89.59669,26.14229],[89.59807,26.14641],[89.59669,26.14943],[89.59781,26.15416],[89.59597,26.15638],[89.59252,26.15664],[89.59084,26.1558],[89.58999,26.15226],[89.59104,26.14799],[89.5906,26.14223],[89.58889,26.14137],[89.59106,26.13776],[89.59399,26.1413],[89.59669,26.14229]]]},"properties":{"District":"Koch Bihar","Dist_LGD":"329","Sub_dist":"Dinhata - Ii","Subdis_LGD":"2188","Subdis_Typ":"Cd_Block","Vill_name":"Kharija Kalaighati","Vill_Cat":"Rural","Vill_LGD":"308658","arr_project":"asha1,asha2"}},
{"type":"Feature","geometry":{"type":"Polygon","coordinates":[[[89.6289,26.19354],[89.62112,26.19638],[89.61965,26.19556],[89.61779,26.1917],[89.61684,26.18879],[89.6122,26.1917],[89.60769,26.19095],[89.60721,26.18818],[89.60457,26.188],[89.60499,26.18368],[89.60866,26.18062],[89.60922,26.1786],[89.61272,26.17794],[89.61852,26.17934],[89.6238,26.17917],[89.62323,26.17433],[89.62193,26.1718],[89.62468,26.17126],[89.62555,26.17631],[89.63004,26.17825],[89.63239,26.18066],[89.63284,26.18274],[89.62913,26.18205],[89.6277,26.18395],[89.62756,26.18935],[89.6289,26.19354]]]},"properties":{"District":"Koch Bihar","Dist_LGD":"329","Sub_dist":"Dinhata - Ii","Subdis_LGD":"2188","Subdis_Typ":"Cd_Block","Vill_name":"Dighaltari","Vill_Cat":"Rural","Vill_LGD":"308607","arr_project":"asha1,asha2"}},
{"type":"Feature","geometry":{"type":"Polygon","coordinates":[[[89.64318,26.19609],[89.63811,26.19638],[89.63611,26.1993],[89.63161,26.20214],[89.63306,26.19574],[89.63594,26.19368],[89.63505,26.19022],[89.63782,26.18975],[89.63793,26.18678],[89.64493,26.18474],[89.64734,26.18523],[89.64658,26.18769],[89.64831,26.19173],[89.64633,26.19505],[89.64318,26.19609]]]},"properties":{"District":"Koch Bihar","Dist_LGD":"329","Sub_dist":"Dinhata - Ii","Subdis_LGD":"2188","Subdis_Typ":"Cd_Block","Vill_name":"Bara Garol Jhora","Vill_Cat":"Rural","Vill_LGD":"308605","arr_project":"asha1,asha2"}},
{"type":"Feature","geometry":{"type":"Polygon","coordinates":[[[89.59836,26.17816],[89.5962,26.17988],[89.59291,26.18009],[89.59193,26.18323],[89.58705,26.18193],[89.58565,26.18664],[89.58216,26.18332],[89.58538,26.17948],[89.59177,26.1784],[89.59771,26.17393],[89.59707,26.1718],[89.59107,26.17365],[89.59019,26.16909],[89.58833,26.16943],[89.58608,26.1674],[89.58711,26.16403],[89.59091,26.16351],[89.59309,26.15925],[89.59498,26.16055],[89.5995,26.16084],[89.60035,26.16429],[89.60473,26.16431],[89.60597,26.16549],[89.60516,26.16993],[89.60262,26.17203],[89.60078,26.17625],[89.59836,26.17816]]]},"properties":{"District":"Koch Bihar","Dist_LGD":"329","Sub_dist":"Dinhata - Ii","Subdis_LGD":"2188","Subdis_Typ":"Cd_Block","Vill_name":"Kumarganj","Vill_Cat":"Rural","Vill_LGD":"308653","arr_project":"asha1,asha2"}},
{"type":"Feature","geometry":{"type":"Polygon","coordinates":[[[89.63712,26.07494],[89.6333,26.08143],[89.63384,26.08419],[89.63632,26.08689],[89.63652,26.08874],[89.63916,26.09111],[89.63481,26.09282],[89.63208,26.09681],[89.63612,26.09941],[89.63235,26.10177],[89.63021,26.1068],[89.62518,26.10831],[89.62338,26.10691],[89.62352,26.10366],[89.62223,26.101],[89.6197,26.1006],[89.61609,26.10418],[89.61361,26.10342],[89.61359,26.10082],[89.6157,26.09866],[89.61719,26.09473],[89.6146,26.09453],[89.6127,26.0961],[89.60958,26.09561],[89.60881,26.09355],[89.6101,26.0914],[89.60728,26.08922],[89.60608,26.09306],[89.60415,26.09476],[89.59732,26.09744],[89.59378,26.10239],[89.59237,26.10041],[89.59305,26.09227],[89.5985,26.09297],[89.59737,26.08658],[89.59965,26.08443],[89.60108,26.08148],[89.60357,26.08108],[89.60609,26.08312],[89.60985,26.08234],[89.60963,26.07846],[89.60461,26.07779],[89.60285,26.0754],[89.60245,26.07397],[89.60479,26.07053],[89.60782,26.06992],[89.60806,26.06484],[89.60963,26.06091],[89.61218,26.06335],[89.6123,26.06602],[89.62007,26.067],[89.62215,26.06779],[89.62185,26.07049],[89.6235,26.0733],[89.63001,26.07382],[89.62903,26.07138],[89.63252,26.07092],[89.6345,26.07421],[89.63712,26.07494]]]},"properties":{"District":"Koch Bihar","Dist_LGD":"329","Sub_dist":"Dinhata - Ii","Subdis_LGD":"2188","Subdis_Typ":"Cd_Block","Vill_name":"Kalamati","Vill_Cat":"Rural","Vill_LGD":"308675","arr_project":"asha1,asha2"}},
{"type":"Feature","geometry":{"type":"Polygon","coordinates":[[[89.59785,26.11046],[89.59833,26.11292],[89.60299,26.11169],[89.60552,26.10637],[89.60892,26.10838],[89.61402,26.10682],[89.61706,26.10727],[89.62136,26.11103],[89.6274,26.11403],[89.63022,26.11815],[89.62951,26.12371],[89.62807,26.12714],[89.62627,26.12847],[89.62376,26.12789],[89.62233,26.12584],[89.62179,26.12181],[89.6203,26.11971],[89.61705,26.12047],[89.61348,26.12538],[89.61089,26.12702],[89.60847,26.12306],[89.60876,26.12028],[89.60548,26.11714],[89.60415,26.11754],[89.60223,26.12164],[89.60378,26.1239],[89.60676,26.12562],[89.60514,26.1281],[89.6017,26.12825],[89.60082,26.12585],[89.59399,26.12025],[89.5874,26.11974],[89.58526,26.11707],[89.58145,26.11523],[89.58123,26.11321],[89.58424,26.11284],[89.58737,26.11424],[89.59161,26.11416],[89.59283,26.11128],[89.59785,26.11046]]]},"properties":{"District":"Koch Bihar","Dist_LGD":"329","Sub_dist":"Dinhata - Ii","Subdis_LGD":"2188","Subdis_Typ":"Cd_Block","Vill_name":"Sahebganj","Vill_Cat":"Rural","Vill_LGD":"308664","arr_project":"asha1,asha2"}},
{"type":"Feature","geometry":{"type":"Polygon","coordinates":[[[89.59212,26.04355],[89.58803,26.04766],[89.58571,26.04555],[89.58522,26.03998],[89.58682,26.03836],[89.59029,26.03826],[89.5914,26.03559],[89.59499,26.03524],[89.59767,26.03803],[89.59653,26.04144],[89.59363,26.04121],[89.59212,26.04355]]]},"properties":{"District":"Koch Bihar","Dist_LGD":"329","Sub_dist":"Dinhata - Ii","Subdis_LGD":"2188","Subdis_Typ":"Cd_Block","Vill_name":"Khitaber Kuthi","Vill_Cat":"Rural","Vill_LGD":"308689","arr_project":"asha1,asha2"}},
{"type":"Feature","geometry":{"type":"Polygon","coordinates":[[[88.87569,26.28648],[88.87688,26.2867],[88.8758,26.2934],[88.87373,26.29735],[88.87285,26.29794],[88.87281,26.30371],[88.87175,26.30663],[88.86935,26.30924],[88.86531,26.3194],[88.86423,26.31852],[88.8651,26.30979],[88.86755,26.30095],[88.86717,26.29692],[88.87012,26.29155],[88.8717,26.2898],[88.87553,26.28809],[88.87569,26.28648]]]},"properties":{"District":"Koch Bihar","Dist_LGD":"329","Sub_dist":"Haldibari","Subdis_LGD":"2179","Subdis_Typ":"Cd_Block","Vill_name":"Daribas","Vill_Cat":"Rural","Vill_LGD":"307677","arr_project":"asha1,asha2"}},
{"type":"Feature","geometry":{"type":"Polygon","coordinates":[[[88.99288,26.44919],[88.99052,26.44974],[88.98971,26.45276],[88.98685,26.45238],[88.9871,26.44809],[88.98437,26.44724],[88.98403,26.44187],[88.98275,26.43797],[88.98102,26.43648],[88.98279,26.43521],[88.99159,26.43319],[88.99849,26.43274],[89.00131,26.43413],[88.99755,26.43415],[88.99738,26.43622],[88.99441,26.43756],[88.99387,26.4403],[88.99695,26.44427],[89.00035,26.44316],[89.00049,26.44342],[88.99765,26.44712],[88.99288,26.44919]]]},"properties":{"District":"Koch Bihar","Dist_LGD":"329","Sub_dist":"Mekliganj","Subdis_LGD":"2180","Subdis_Typ":"Cd_Block","Vill_name":"Madhya Jamaldaha","Vill_Cat":"Rural","Vill_LGD":"307781","arr_project":"asha1,asha2"}},
{"type":"Feature","geometry":{"type":"Polygon","coordinates":[[[89.28449,26.06546],[89.28234,26.06419],[89.28094,26.06193],[89.28157,26.05776],[89.27894,26.0507],[89.27675,26.05141],[89.27565,26.04911],[89.27847,26.04858],[89.28915,26.04817],[89.28908,26.04676],[89.29653,26.04536],[89.2979,26.04961],[89.29671,26.05441],[89.29896,26.05905],[89.30055,26.05898],[89.30074,26.06151],[89.29768,26.06292],[89.29276,26.06407],[89.2876,26.06345],[89.28449,26.06546]]]},"properties":{"District":"Koch Bihar","Dist_LGD":"329","Sub_dist":"Sitai","Subdis_LGD":"2189","Subdis_Typ":"Cd_Block","Vill_name":"Kayeterbari","Vill_Cat":"Rural","Vill_LGD":"308736","arr_project":"asha1,asha2"}},
{"type":"Feature","geometry":{"type":"Polygon","coordinates":[[[88.90571,26.4714],[88.90207,26.47267],[88.89929,26.47064],[88.8993,26.46789],[88.9032,26.46566],[88.90479,26.4658],[88.90731,26.46962],[88.90571,26.4714]]]},"properties":{"District":"Koch Bihar","Dist_LGD":"329","Sub_dist":"Mekliganj","Subdis_LGD":"2180","Subdis_Typ":"Cd_Block","Vill_name":"Paschim Kamat Changrabandha","Vill_Cat":"Rural","Vill_LGD":"307800","arr_project":"asha1,asha2"}},
{"type":"Feature","geometry":{"type":"Polygon","coordinates":[[[89.63257,26.20999],[89.63401,26.21541],[89.6339,26.218],[89.63568,26.22355],[89.63465,26.22542],[89.6344,26.22945],[89.63423,26.22948],[89.63045,26.22877],[89.62816,26.22404],[89.6273,26.22072],[89.62462,26.22041],[89.62703,26.21384],[89.63257,26.20999]]]},"properties":{"District":"Koch Bihar","Dist_LGD":"329","Sub_dist":"Dinhata - Ii","Subdis_LGD":"2188","Subdis_Typ":"Cd_Block","Vill_name":"Uttar Chhat Lotafela","Vill_Cat":"Rural","Vill_LGD":"308604","arr_project":"asha1,asha2"}},
{"type":"Feature","geometry":{"type":"Polygon","coordinates":[[[89.79836,26.36011],[89.80482,26.36284],[89.8081,26.36524],[89.81349,26.37068],[89.81577,26.37137],[89.82017,26.37072],[89.8218,26.36944],[89.81998,26.36663],[89.81558,26.36435],[89.81331,26.36151],[89.81283,26.3571],[89.81518,26.35302],[89.82107,26.35138],[89.82276,26.35163],[89.82577,26.35485],[89.82197,26.35967],[89.82207,26.36315],[89.82436,26.36513],[89.82764,26.36631],[89.82948,26.37078],[89.82717,26.37374],[89.82783,26.37553],[89.82592,26.37763],[89.82802,26.38113],[89.83202,26.38392],[89.83445,26.38418],[89.83655,26.38136],[89.84,26.37842],[89.84302,26.37781],[89.84503,26.3836],[89.84705,26.38525],[89.8524,26.38486],[89.8545,26.38216],[89.8589,26.38403],[89.85661,26.3875],[89.85542,26.39087],[89.85661,26.39701],[89.85457,26.3977],[89.85101,26.40275],[89.84781,26.40415],[89.8472,26.3989],[89.84328,26.3938],[89.8376,26.39098],[89.83219,26.39182],[89.83031,26.39358],[89.82995,26.397],[89.83243,26.40001],[89.83205,26.40243],[89.83319,26.40901],[89.83525,26.41202],[89.83458,26.41661],[89.83189,26.41592],[89.8302,26.4178],[89.8296,26.42202],[89.82664,26.42132],[89.82082,26.41428],[89.81928,26.41438],[89.81854,26.41142],[89.81463,26.40852],[89.80775,26.40646],[89.80355,26.40697],[89.79617,26.40561],[89.79392,26.40276],[89.79235,26.39859],[89.79502,26.3902],[89.79482,26.38756],[89.78835,26.38078],[89.78878,26.37918],[89.79027,26.37942],[89.79198,26.37533],[89.79742,26.37407],[89.80201,26.37093],[89.80269,26.36781],[89.80119,26.36392],[89.79836,26.36011]]]},"properties":{"District":"Koch Bihar","Dist_LGD":"329","Sub_dist":"Tufanganj - Ii","Subdis_LGD":"2186","Subdis_Typ":"Cd_Block","Vill_name":"Falimari","Vill_Cat":"Rural","Vill_LGD":"308428","arr_project":"asha1,asha2"}},
{"type":"Feature","geometry":{"type":"Polygon","coordinates":[[[89.73442,26.32137],[89.72987,26.3227],[89.72673,26.32803],[89.7251,26.33243],[89.7225,26.33173],[89.71901,26.33017],[89.72056,26.32793],[89.71899,26.32535],[89.71663,26.32752],[89.71701,26.33117],[89.71497,26.32992],[89.71579,26.32535],[89.71493,26.32125],[89.71291,26.3223],[89.7086,26.32223],[89.70831,26.32018],[89.71129,26.31816],[89.70974,26.31506],[89.71166,26.31443],[89.71512,26.31076],[89.72301,26.30915],[89.72317,26.30918],[89.72568,26.31069],[89.73227,26.31112],[89.73426,26.31277],[89.73303,26.31622],[89.73127,26.31768],[89.73275,26.32105],[89.73442,26.32137]]]},"properties":{"District":"Koch Bihar","Dist_LGD":"329","Sub_dist":"Tufanganj - Ii","Subdis_LGD":"2186","Subdis_Typ":"Cd_Block","Vill_name":"Jhingapuni","Vill_Cat":"Rural","Vill_LGD":"308439","arr_project":"asha1,asha2"}},
{"type":"Feature","geometry":{"type":"Polygon","coordinates":[[[89.70492,26.26709],[89.70585,26.27043],[89.71155,26.27126],[89.71471,26.26994],[89.71446,26.26572],[89.71258,26.26191],[89.71468,26.25994],[89.71991,26.25757],[89.73153,26.25859],[89.734,26.25941],[89.73557,26.26149],[89.73428,26.26703],[89.73692,26.26809],[89.73853,26.27142],[89.735,26.27767],[89.72971,26.28357],[89.72733,26.28474],[89.72367,26.28329],[89.71652,26.28226],[89.71182,26.28084],[89.71173,26.27847],[89.70415,26.27936],[89.70284,26.27378],[89.70103,26.27408],[89.69924,26.26538],[89.70085,26.26803],[89.70492,26.26709]]]},"properties":{"District":"Koch Bihar","Dist_LGD":"329","Sub_dist":"Tufanganj - Ii","Subdis_LGD":"2186","Subdis_Typ":"Cd_Block","Vill_name":"Mansai","Vill_Cat":"Rural","Vill_LGD":"308447","arr_project":"asha1,asha2"}},
{"type":"Feature","geometry":{"type":"Polygon","coordinates":[[[89.6505,26.24249],[89.64516,26.23948],[89.64141,26.2399],[89.63895,26.23688],[89.63628,26.23769],[89.6327,26.23616],[89.63496,26.23388],[89.63423,26.22948],[89.6344,26.22945],[89.63767,26.22913],[89.64009,26.22581],[89.64556,26.22562],[89.65035,26.22102],[89.65498,26.22048],[89.65784,26.21927],[89.65709,26.22698],[89.65521,26.2283],[89.6508,26.22764],[89.65006,26.2302],[89.64493,26.23075],[89.64527,26.23643],[89.64914,26.23676],[89.6505,26.24249]]]},"properties":{"District":"Koch Bihar","Dist_LGD":"329","Sub_dist":"Tufanganj - I","Subdis_LGD":"2185","Subdis_Typ":"Cd_Block","Vill_name":"Chengmari","Vill_Cat":"Rural","Vill_LGD":"308395","arr_project":"asha1,asha2"}},
{"type":"Feature","geometry":{"type":"Polygon","coordinates":[[[89.69912,26.18993],[89.70921,26.18715],[89.71307,26.18772],[89.7188,26.192],[89.72037,26.1956],[89.71781,26.20135],[89.7118,26.20316],[89.70771,26.20404],[89.70828,26.20898],[89.71079,26.21231],[89.70888,26.21204],[89.70382,26.2138],[89.70092,26.21628],[89.70039,26.21845],[89.7032,26.21928],[89.70447,26.21719],[89.70907,26.21728],[89.71201,26.21919],[89.71364,26.22212],[89.71396,26.23008],[89.71271,26.23277],[89.70808,26.23771],[89.70467,26.2391],[89.7017,26.23825],[89.70338,26.23333],[89.7019,26.23047],[89.6993,26.2282],[89.69758,26.22911],[89.69631,26.23266],[89.69323,26.23036],[89.68997,26.23119],[89.6897,26.2345],[89.68839,26.23748],[89.68542,26.23978],[89.68376,26.23819],[89.68491,26.23618],[89.6856,26.23075],[89.68659,26.22856],[89.68474,26.22258],[89.68814,26.22298],[89.68681,26.21991],[89.68151,26.22124],[89.67892,26.22413],[89.67849,26.21993],[89.67934,26.21468],[89.68501,26.20867],[89.67829,26.21021],[89.67489,26.20846],[89.67341,26.20572],[89.67336,26.20147],[89.67474,26.19905],[89.67802,26.19757],[89.68101,26.19758],[89.68292,26.1993],[89.68624,26.19827],[89.68352,26.19627],[89.68206,26.19246],[89.68734,26.18149],[89.69396,26.17555],[89.70193,26.17397],[89.70349,26.17806],[89.69862,26.18032],[89.69739,26.18561],[89.6979,26.18961],[89.69912,26.18993]]]},"properties":{"District":"Koch Bihar","Dist_LGD":"329","Sub_dist":"Tufanganj - I","Subdis_LGD":"2185","Subdis_Typ":"Cd_Block","Vill_name":"Balabhut","Vill_Cat":"Rural","Vill_LGD":"308400","arr_project":"asha1,asha2"}},
{"type":"Feature","geometry":{"type":"Polygon","coordinates":[[[89.8161,26.34278],[89.80674,26.3491],[89.80228,26.35057],[89.7977,26.35032],[89.79559,26.34937],[89.79408,26.34383],[89.79159,26.34269],[89.7964,26.33969],[89.79806,26.33785],[89.79612,26.33299],[89.79983,26.32973],[89.80283,26.32965],[89.808,26.32651],[89.81114,26.32371],[89.81741,26.32094],[89.82024,26.32325],[89.82312,26.32794],[89.82303,26.32978],[89.81968,26.33302],[89.81937,26.33683],[89.8161,26.34278]]]},"properties":{"District":"Koch Bihar","Dist_LGD":"329","Sub_dist":"Tufanganj - Ii","Subdis_LGD":"2186","Subdis_Typ":"Cd_Block","Vill_name":"Chhit Bara Laukuthi","Vill_Cat":"Rural","Vill_LGD":"308455","arr_project":"asha1,asha2"}},
{"type":"Feature","geometry":{"type":"Polygon","coordinates":[[[89.35606,26.1878],[89.35782,26.19085],[89.35807,26.19354],[89.35342,26.19576],[89.3488,26.19274],[89.34816,26.19012],[89.34388,26.18859],[89.34114,26.19022],[89.3411,26.18133],[89.34123,26.18014],[89.34541,26.17826],[89.34798,26.17809],[89.34834,26.17997],[89.35239,26.18093],[89.35636,26.18009],[89.35909,26.18219],[89.36082,26.18052],[89.36307,26.18532],[89.36291,26.18903],[89.36145,26.18963],[89.35887,26.18683],[89.35606,26.1878]]]},"properties":{"District":"Koch Bihar","Dist_LGD":"329","Sub_dist":"Dinhata - I","Subdis_LGD":"2187","Subdis_Typ":"Cd_Block","Vill_name":"Chhota Naldhondra","Vill_Cat":"Rural","Vill_LGD":"308457","arr_project":"asha1,asha2"}},
{"type":"Feature","geometry":{"type":"Polygon","coordinates":[[[89.37275,26.01166],[89.37506,26.00991],[89.38256,26.01082],[89.39112,26.00946],[89.39338,26.00854],[89.39366,26.01197],[89.3929,26.01595],[89.39103,26.01674],[89.39043,26.02185],[89.38839,26.02208],[89.38779,26.02082],[89.3835,26.02089],[89.3801,26.01867],[89.37543,26.01855],[89.37477,26.01466],[89.37275,26.01166]]]},"properties":{"District":"Koch Bihar","Dist_LGD":"329","Sub_dist":"Sitai","Subdis_LGD":"2189","Subdis_Typ":"Cd_Block","Vill_name":"Kaimari","Vill_Cat":"Rural","Vill_LGD":"308759","arr_project":"asha1,asha2"}},
{"type":"Feature","geometry":{"type":"Polygon","coordinates":[[[89.61541,26.2572],[89.61252,26.26127],[89.60894,26.26438],[89.60211,26.2686],[89.59702,26.27089],[89.5956,26.2729],[89.59503,26.27633],[89.58858,26.27911],[89.58589,26.27781],[89.58299,26.27908],[89.57197,26.27564],[89.56612,26.2741],[89.56391,26.27236],[89.55559,26.27095],[89.55416,26.2689],[89.55434,26.2663],[89.54967,26.26268],[89.54839,26.25972],[89.54417,26.25484],[89.5423,26.25318],[89.53994,26.23718],[89.54111,26.23409],[89.54517,26.23034],[89.55234,26.22107],[89.55406,26.21747],[89.55975,26.21348],[89.5622,26.21346],[89.56546,26.20943],[89.57328,26.20831],[89.5765,26.20734],[89.57901,26.20655],[89.58564,26.20864],[89.5889,26.20684],[89.59207,26.20881],[89.59621,26.20841],[89.60249,26.20978],[89.60382,26.21357],[89.60719,26.21402],[89.60933,26.21636],[89.61129,26.2161],[89.61544,26.21954],[89.61735,26.22019],[89.62462,26.22041],[89.6273,26.22072],[89.62816,26.22404],[89.63045,26.22877],[89.62674,26.22873],[89.62435,26.23336],[89.62033,26.23548],[89.62065,26.24316],[89.62181,26.24597],[89.61941,26.25109],[89.61521,26.25493],[89.61541,26.2572]]]},"properties":{"District":"Koch Bihar","Dist_LGD":"329","Sub_dist":"Tufanganj - I","Subdis_LGD":"2185","Subdis_Typ":"Cd_Block","Vill_name":"Balarampur","Vill_Cat":"Rural","Vill_LGD":"308384","arr_project":"asha1,asha2"}},
{"type":"Feature","geometry":{"type":"Polygon","coordinates":[[[89.72415,26.42364],[89.72798,26.41563],[89.72775,26.41378],[89.72038,26.40568],[89.72376,26.40325],[89.72373,26.40159],[89.72093,26.39819],[89.7245,26.39557],[89.72802,26.38983],[89.72971,26.38965],[89.73091,26.3909],[89.73039,26.39754],[89.73391,26.39964],[89.74005,26.39984],[89.74474,26.40224],[89.74558,26.40529],[89.741,26.40834],[89.74314,26.41111],[89.74199,26.414],[89.73856,26.41764],[89.74035,26.42043],[89.74723,26.41958],[89.75021,26.42181],[89.74671,26.42876],[89.74412,26.42952],[89.74287,26.42796],[89.73928,26.42681],[89.73584,26.42823],[89.73361,26.4304],[89.73025,26.4275],[89.72415,26.42364]]]},"properties":{"District":"Koch Bihar","Dist_LGD":"329","Sub_dist":"Tufanganj - Ii","Subdis_LGD":"2186","Subdis_Typ":"Cd_Block","Vill_name":"Rasikbil","Vill_Cat":"Rural","Vill_LGD":"308416","arr_project":"asha1,asha2"}},
{"type":"Feature","geometry":{"type":"Polygon","coordinates":[[[89.67649,26.4306],[89.67776,26.43485],[89.6655,26.43648],[89.66416,26.43436],[89.65936,26.43319],[89.6616,26.43137],[89.659,26.42966],[89.65761,26.42659],[89.66303,26.42677],[89.66655,26.42577],[89.66845,26.42768],[89.67131,26.4274],[89.67202,26.43068],[89.67649,26.4306]],[[89.6706,26.43122],[89.67005,26.43368],[89.67245,26.43387],[89.67212,26.43192],[89.6706,26.43122]]]},"properties":{"District":"Koch Bihar","Dist_LGD":"329","Sub_dist":"Tufanganj - I","Subdis_LGD":"2185","Subdis_Typ":"Cd_Block","Vill_name":"Chikliguri Pratham Khanda","Vill_Cat":"Rural","Vill_LGD":"308339","arr_project":"asha1,asha2"}},
{"type":"Feature","geometry":{"type":"Polygon","coordinates":[[[89.67131,26.4274],[89.66845,26.42768],[89.66655,26.42577],[89.66303,26.42677],[89.65761,26.42659],[89.65532,26.42382],[89.65843,26.42001],[89.66099,26.41971],[89.66698,26.41868],[89.66952,26.42042],[89.66883,26.4266],[89.67131,26.4274]]]},"properties":{"District":"Koch Bihar","Dist_LGD":"329","Sub_dist":"Tufanganj - I","Subdis_LGD":"2185","Subdis_Typ":"Cd_Block","Vill_name":"Bhurkush","Vill_Cat":"Rural","Vill_LGD":"308338","arr_project":"asha1,asha2"}},
{"type":"Feature","geometry":{"type":"Polygon","coordinates":[[[89.67649,26.4306],[89.67202,26.43068],[89.67131,26.4274],[89.66883,26.4266],[89.66952,26.42042],[89.66698,26.41868],[89.66099,26.41971],[89.65862,26.41627],[89.65939,26.41205],[89.65599,26.40926],[89.65797,26.40339],[89.65695,26.40092],[89.65994,26.39725],[89.66655,26.3989],[89.66861,26.40043],[89.67007,26.39536],[89.67236,26.3941],[89.67403,26.39537],[89.67339,26.40205],[89.6763,26.40282],[89.67864,26.40586],[89.68073,26.40611],[89.68229,26.41323],[89.68556,26.41302],[89.68561,26.41726],[89.6804,26.41783],[89.68082,26.42337],[89.6806,26.4288],[89.67649,26.4306]]]},"properties":{"District":"Koch Bihar","Dist_LGD":"329","Sub_dist":"Tufanganj - I","Subdis_LGD":"2185","Subdis_Typ":"Cd_Block","Vill_name":"Sikdarerkhata","Vill_Cat":"Rural","Vill_LGD":"308341","arr_project":"asha1,asha2"}},
{"type":"Feature","geometry":{"type":"Polygon","coordinates":[[[89.5962,26.3558],[89.5895,26.35656],[89.59118,26.35916],[89.59034,26.36362],[89.58708,26.36588],[89.58017,26.36639],[89.57812,26.36771],[89.57583,26.37169],[89.57185,26.37134],[89.57059,26.36858],[89.5707,26.36368],[89.56493,26.36742],[89.56642,26.36602],[89.56481,26.36284],[89.55604,26.36067],[89.55445,26.35931],[89.55663,26.35836],[89.56195,26.35816],[89.56759,26.35942],[89.57273,26.35877],[89.57551,26.35576],[89.57544,26.35294],[89.56704,26.34815],[89.56797,26.34659],[89.57214,26.34624],[89.57911,26.34951],[89.58071,26.35117],[89.58026,26.35593],[89.58448,26.35566],[89.58552,26.35306],[89.58512,26.34841],[89.58217,26.34589],[89.58499,26.34417],[89.58946,26.34563],[89.59013,26.34946],[89.59504,26.35019],[89.59758,26.35042],[89.59755,26.35405],[89.5962,26.3558]]]},"properties":{"District":"Koch Bihar","Dist_LGD":"329","Sub_dist":"Tufanganj - I","Subdis_LGD":"2185","Subdis_Typ":"Cd_Block","Vill_name":"Bhelapeta","Vill_Cat":"Rural","Vill_LGD":"308351","arr_project":"asha1,asha2"}},
{"type":"Feature","geometry":{"type":"Polygon","coordinates":[[[89.61589,26.36133],[89.61396,26.36015],[89.61513,26.3559],[89.61313,26.35358],[89.61202,26.34929],[89.61483,26.34643],[89.61909,26.34571],[89.61845,26.3477],[89.62291,26.35294],[89.61923,26.35715],[89.62067,26.35942],[89.61901,26.36118],[89.61589,26.36133]]]},"properties":{"District":"Koch Bihar","Dist_LGD":"329","Sub_dist":"Tufanganj - I","Subdis_LGD":"2185","Subdis_Typ":"Cd_Block","Vill_name":"Bilsi Dwitia Khanda","Vill_Cat":"Rural","Vill_LGD":"308359","arr_project":"asha1,asha2"}},
{"type":"Feature","geometry":{"type":"Polygon","coordinates":[[[89.62081,26.34447],[89.6225,26.34058],[89.62221,26.33672],[89.62062,26.33447],[89.62338,26.33261],[89.62363,26.33036],[89.62703,26.32948],[89.62861,26.32721],[89.63351,26.32695],[89.63888,26.32999],[89.63889,26.33193],[89.64188,26.3327],[89.64292,26.33728],[89.63979,26.33781],[89.6382,26.34127],[89.63979,26.34488],[89.63672,26.34456],[89.63514,26.34879],[89.62897,26.34947],[89.62745,26.34916],[89.62081,26.34447]]]},"properties":{"District":"Koch Bihar","Dist_LGD":"329","Sub_dist":"Tufanganj - I","Subdis_LGD":"2185","Subdis_Typ":"Cd_Block","Vill_name":"Bilsi","Vill_Cat":"Rural","Vill_LGD":"308363","arr_project":"asha1,asha2"}},
{"type":"Feature","geometry":{"type":"Polygon","coordinates":[[[89.5762,26.33594],[89.57931,26.33485],[89.58399,26.33521],[89.58486,26.33822],[89.58581,26.34092],[89.58499,26.34417],[89.58217,26.34589],[89.57901,26.34285],[89.57602,26.33732],[89.5762,26.33594]]]},"properties":{"District":"Koch Bihar","Dist_LGD":"329","Sub_dist":"Tufanganj - I","Subdis_LGD":"2185","Subdis_Typ":"Cd_Block","Vill_name":"Amlaguri Dwitia Khanda","Vill_Cat":"Rural","Vill_LGD":"308355","arr_project":"asha1,asha2"}},
{"type":"Feature","geometry":{"type":"Polygon","coordinates":[[[89.68376,26.23819],[89.68542,26.23978],[89.68839,26.23748],[89.6897,26.2345],[89.68997,26.23119],[89.69323,26.23036],[89.69631,26.23266],[89.69758,26.22911],[89.6993,26.2282],[89.7019,26.23047],[89.70338,26.23333],[89.7017,26.23825],[89.70467,26.2391],[89.69503,26.2453],[89.69228,26.24469],[89.69066,26.24648],[89.68868,26.24652],[89.68446,26.24246],[89.68311,26.24021],[89.68376,26.23819]]]},"properties":{"District":"Koch Bihar","Dist_LGD":"329","Sub_dist":"Tufanganj - I","Subdis_LGD":"2185","Subdis_Typ":"Cd_Block","Vill_name":"Rajarkuthi","Vill_Cat":"Rural","Vill_LGD":"308398","arr_project":"asha1,asha2"}},
{"type":"Feature","geometry":{"type":"Polygon","coordinates":[[[89.67857,26.23822],[89.67998,26.24321],[89.6771,26.24555],[89.67473,26.24551],[89.67367,26.24356],[89.66993,26.24471],[89.67428,26.24733],[89.66708,26.25217],[89.66477,26.24637],[89.66293,26.2438],[89.66017,26.24449],[89.66208,26.24692],[89.66196,26.25018],[89.66042,26.25196],[89.656,26.25201],[89.65145,26.25474],[89.64874,26.25433],[89.64864,26.25255],[89.65347,26.25106],[89.6505,26.24249],[89.64914,26.23676],[89.64527,26.23643],[89.64493,26.23075],[89.65006,26.2302],[89.6508,26.22764],[89.65521,26.2283],[89.65709,26.22698],[89.65784,26.21927],[89.66188,26.21926],[89.66471,26.22116],[89.67179,26.21989],[89.67138,26.22313],[89.6721,26.22895],[89.67329,26.23164],[89.67722,26.23391],[89.67857,26.23822]]]},"properties":{"District":"Koch Bihar","Dist_LGD":"329","Sub_dist":"Tufanganj - I","Subdis_LGD":"2185","Subdis_Typ":"Cd_Block","Vill_name":"Krishnapur","Vill_Cat":"Rural","Vill_LGD":"308396","arr_project":"asha1,asha2"}},
{"type":"Feature","geometry":{"type":"Polygon","coordinates":[[[89.75213,26.31265],[89.74901,26.3125],[89.74566,26.31496],[89.7394,26.31733],[89.73599,26.31578],[89.73426,26.31277],[89.73872,26.30843],[89.73928,26.30409],[89.7422,26.30201],[89.74471,26.29669],[89.7471,26.29175],[89.75476,26.28823],[89.7598,26.2897],[89.76089,26.2921],[89.75784,26.29813],[89.75442,26.30164],[89.75213,26.31265]]]},"properties":{"District":"Koch Bihar","Dist_LGD":"329","Sub_dist":"Tufanganj - Ii","Subdis_LGD":"2186","Subdis_Typ":"Cd_Block","Vill_name":"Bala Kuthi","Vill_Cat":"Rural","Vill_LGD":"308445","arr_project":"asha1,asha2"}},
{"type":"Feature","geometry":{"type":"Polygon","coordinates":[[[89.62291,26.35294],[89.6278,26.35259],[89.62745,26.34916],[89.62897,26.34947],[89.63083,26.35231],[89.63203,26.35768],[89.63189,26.36116],[89.62617,26.35972],[89.62324,26.36066],[89.62067,26.35942],[89.61923,26.35715],[89.62291,26.35294]]]},"properties":{"District":"Koch Bihar","Dist_LGD":"329","Sub_dist":"Tufanganj - I","Subdis_LGD":"2185","Subdis_Typ":"Cd_Block","Vill_name":"Genduguri","Vill_Cat":"Rural","Vill_LGD":"308360","arr_project":"asha1,asha2"}},
{"type":"Feature","geometry":{"type":"Polygon","coordinates":[[[89.62897,26.34947],[89.63514,26.34879],[89.63629,26.3502],[89.63678,26.35296],[89.63873,26.3546],[89.63745,26.35747],[89.63975,26.35822],[89.63782,26.35875],[89.63472,26.3573],[89.63203,26.35768],[89.63083,26.35231],[89.62897,26.34947]]]},"properties":{"District":"Koch Bihar","Dist_LGD":"329","Sub_dist":"Tufanganj - I","Subdis_LGD":"2185","Subdis_Typ":"Cd_Block","Vill_name":"Mugabhog","Vill_Cat":"Rural","Vill_LGD":"308361","arr_project":"asha1,asha2"}},
{"type":"Feature","geometry":{"type":"Polygon","coordinates":[[[89.63629,26.3502],[89.64061,26.35107],[89.64192,26.34858],[89.64672,26.34766],[89.64866,26.34796],[89.64577,26.3547],[89.64614,26.35854],[89.63975,26.35822],[89.63745,26.35747],[89.63873,26.3546],[89.63678,26.35296],[89.63629,26.3502]]]},"properties":{"District":"Koch Bihar","Dist_LGD":"329","Sub_dist":"Tufanganj - I","Subdis_LGD":"2185","Subdis_Typ":"Cd_Block","Vill_name":"Balapukhari","Vill_Cat":"Rural","Vill_LGD":"308365","arr_project":"asha1,asha2"}},
{"type":"Feature","geometry":{"type":"Polygon","coordinates":[[[89.69263,26.40868],[89.69676,26.40581],[89.70351,26.40472],[89.70247,26.40221],[89.69687,26.4023],[89.69441,26.39986],[89.69646,26.39544],[89.70186,26.39266],[89.70321,26.38927],[89.69823,26.38527],[89.69773,26.38149],[89.69914,26.37972],[89.70266,26.37933],[89.7059,26.38128],[89.70941,26.38131],[89.705,26.37533],[89.70482,26.37365],[89.71393,26.37038],[89.71767,26.36969],[89.722,26.3691],[89.72302,26.3711],[89.72618,26.37373],[89.72782,26.37421],[89.73159,26.37825],[89.73248,26.3841],[89.72971,26.38965],[89.72802,26.38983],[89.7245,26.39557],[89.72093,26.39819],[89.72373,26.40159],[89.72376,26.40325],[89.72038,26.40568],[89.72775,26.41378],[89.72798,26.41563],[89.72415,26.42364],[89.72338,26.42533],[89.71994,26.42376],[89.7189,26.421],[89.71598,26.42251],[89.71283,26.42192],[89.70871,26.41857],[89.70837,26.41414],[89.70617,26.41303],[89.69764,26.41311],[89.69471,26.41213],[89.69263,26.40868]]]},"properties":{"District":"Koch Bihar","Dist_LGD":"329","Sub_dist":"Tufanganj - Ii","Subdis_LGD":"2186","Subdis_Typ":"Cd_Block","Vill_name":"Bara Salbari","Vill_Cat":"Rural","Vill_LGD":"308417","arr_project":"asha1,asha2"}},
{"type":"Feature","geometry":{"type":"Polygon","coordinates":[[[89.66458,26.37257],[89.66788,26.37078],[89.67222,26.37401],[89.67385,26.37391],[89.67593,26.37106],[89.67556,26.36809],[89.67267,26.36578],[89.67957,26.3664],[89.68117,26.36326],[89.6837,26.36084],[89.68733,26.36076],[89.6885,26.36297],[89.68672,26.36538],[89.68944,26.36795],[89.69141,26.36412],[89.69369,26.36432],[89.69432,26.36554],[89.69948,26.36623],[89.70169,26.37187],[89.70482,26.37365],[89.705,26.37533],[89.70941,26.38131],[89.7059,26.38128],[89.70266,26.37933],[89.69914,26.37972],[89.69773,26.38149],[89.69823,26.38527],[89.70321,26.38927],[89.70186,26.39266],[89.69646,26.39544],[89.69441,26.39986],[89.69687,26.4023],[89.70247,26.40221],[89.70351,26.40472],[89.69676,26.40581],[89.69263,26.40868],[89.69029,26.41099],[89.68887,26.41531],[89.68556,26.41302],[89.68229,26.41323],[89.68073,26.40611],[89.67864,26.40586],[89.6763,26.40282],[89.67339,26.40205],[89.67403,26.39537],[89.67708,26.39356],[89.66942,26.39306],[89.66848,26.39063],[89.67408,26.38852],[89.67508,26.3863],[89.67435,26.3814],[89.67124,26.38172],[89.6662,26.38],[89.66672,26.3769],[89.66458,26.37257]]]},"properties":{"District":"Koch Bihar","Dist_LGD":"329","Sub_dist":"Tufanganj - Ii","Subdis_LGD":"2186","Subdis_Typ":"Cd_Block","Vill_name":"Salbari","Vill_Cat":"Rural","Vill_LGD":"308418","arr_project":"asha1,asha2"}},
{"type":"Feature","geometry":{"type":"Polygon","coordinates":[[[89.72971,26.38965],[89.73248,26.3841],[89.7405,26.38775],[89.74343,26.38983],[89.74692,26.38957],[89.75084,26.38679],[89.75058,26.38457],[89.75427,26.38432],[89.75451,26.39257],[89.75255,26.39286],[89.75156,26.39732],[89.74863,26.39871],[89.74786,26.39581],[89.74386,26.39353],[89.74039,26.39507],[89.74005,26.39984],[89.73391,26.39964],[89.73039,26.39754],[89.73091,26.3909],[89.72971,26.38965]]]},"properties":{"District":"Koch Bihar","Dist_LGD":"329","Sub_dist":"Tufanganj - Ii","Subdis_LGD":"2186","Subdis_Typ":"Cd_Block","Vill_name":"Bakla","Vill_Cat":"Rural","Vill_LGD":"308426","arr_project":"asha1,asha2"}},
{"type":"Feature","geometry":{"type":"Polygon","coordinates":[[[89.64956,26.3573],[89.65248,26.35628],[89.65811,26.35678],[89.65786,26.35533],[89.66084,26.3508],[89.66704,26.3505],[89.671,26.35107],[89.66975,26.35254],[89.67095,26.35632],[89.66816,26.35839],[89.66849,26.36173],[89.66728,26.36492],[89.66405,26.36675],[89.66207,26.36748],[89.65871,26.3749],[89.65548,26.37556],[89.65348,26.37455],[89.65291,26.37066],[89.64903,26.37159],[89.64784,26.375],[89.63998,26.37561],[89.63732,26.37507],[89.6357,26.36933],[89.63925,26.36855],[89.64261,26.36779],[89.64459,26.36448],[89.64709,26.36362],[89.6503,26.36017],[89.64956,26.3573]]]},"properties":{"District":"Koch Bihar","Dist_LGD":"329","Sub_dist":"Tufanganj - I","Subdis_LGD":"2185","Subdis_Typ":"Cd_Block","Vill_name":"Guriarpar","Vill_Cat":"Rural","Vill_LGD":"308342","arr_project":"asha1,asha2"}},
{"type":"Feature","geometry":{"type":"Polygon","coordinates":[[[89.64672,26.34766],[89.64959,26.34607],[89.65154,26.34642],[89.65344,26.3479],[89.65989,26.34725],[89.66843,26.34282],[89.66844,26.34548],[89.67285,26.34495],[89.67287,26.3486],[89.671,26.35107],[89.66704,26.3505],[89.66084,26.3508],[89.65786,26.35533],[89.65811,26.35678],[89.65248,26.35628],[89.64956,26.3573],[89.64614,26.35854],[89.64577,26.3547],[89.64866,26.34796],[89.64672,26.34766]]]},"properties":{"District":"Koch Bihar","Dist_LGD":"329","Sub_dist":"Tufanganj - I","Subdis_LGD":"2185","Subdis_Typ":"Cd_Block","Vill_name":"Uttar Chhat Jaygir Chilakhana","Vill_Cat":"Rural","Vill_LGD":"308366","arr_project":"asha1,asha2"}},
{"type":"Feature","geometry":{"type":"Polygon","coordinates":[[[89.67285,26.34495],[89.67522,26.34223],[89.67945,26.34252],[89.68295,26.33899],[89.68137,26.33428],[89.68545,26.33563],[89.68667,26.33197],[89.68507,26.32732],[89.68684,26.32161],[89.68805,26.32039],[89.68616,26.31764],[89.69049,26.3187],[89.69156,26.32084],[89.69009,26.32422],[89.69267,26.3264],[89.69294,26.33169],[89.69672,26.33857],[89.69686,26.34388],[89.69237,26.34518],[89.69445,26.35117],[89.69033,26.35362],[89.6902,26.35566],[89.69411,26.35541],[89.69565,26.35831],[89.70125,26.35701],[89.70191,26.36194],[89.69659,26.36299],[89.69369,26.36432],[89.69141,26.36412],[89.68944,26.36795],[89.68672,26.36538],[89.6885,26.36297],[89.68733,26.36076],[89.6837,26.36084],[89.68117,26.36326],[89.67957,26.3664],[89.67267,26.36578],[89.67556,26.36809],[89.67593,26.37106],[89.67385,26.37391],[89.67222,26.37401],[89.66788,26.37078],[89.66458,26.37257],[89.66405,26.36675],[89.66728,26.36492],[89.66849,26.36173],[89.66816,26.35839],[89.67095,26.35632],[89.66975,26.35254],[89.671,26.35107],[89.67287,26.3486],[89.67285,26.34495]]]},"properties":{"District":"Koch Bihar","Dist_LGD":"329","Sub_dist":"Tufanganj - Ii","Subdis_LGD":"2186","Subdis_Typ":"Cd_Block","Vill_name":"Basraja Pratham Khanda","Vill_Cat":"Rural","Vill_LGD":"308420","arr_project":"asha1,asha2"}},
{"type":"Feature","geometry":{"type":"Polygon","coordinates":[[[89.85635,26.46612],[89.85107,26.46847],[89.84968,26.4704],[89.84716,26.46935],[89.82582,26.47086],[89.82451,26.46846],[89.83156,26.46745],[89.83098,26.46286],[89.84063,26.4577],[89.8449,26.45674],[89.84958,26.45687],[89.84997,26.45946],[89.85291,26.46123],[89.85635,26.46612]]]},"properties":{"District":"Koch Bihar","Dist_LGD":"329","Sub_dist":"Tufanganj - Ii","Subdis_LGD":"2186","Subdis_Typ":"Cd_Block","Vill_name":"Najiran Deutikhanda","Vill_Cat":"Rural","Vill_LGD":"308410","arr_project":"asha1,asha2"}},
{"type":"Feature","geometry":{"type":"Polygon","coordinates":[[[89.82992,26.44771],[89.83595,26.44686],[89.84613,26.44607],[89.84752,26.44463],[89.8539,26.44449],[89.85403,26.44751],[89.85078,26.44791],[89.85114,26.45235],[89.8534,26.45562],[89.85813,26.45623],[89.86191,26.45474],[89.8632,26.45713],[89.86371,26.46443],[89.85807,26.46461],[89.85635,26.46612],[89.85291,26.46123],[89.84997,26.45946],[89.84958,26.45687],[89.8449,26.45674],[89.84063,26.4577],[89.83866,26.45689],[89.83178,26.45695],[89.82859,26.45155],[89.82765,26.44853],[89.82992,26.44771]]]},"properties":{"District":"Koch Bihar","Dist_LGD":"329","Sub_dist":"Tufanganj - Ii","Subdis_LGD":"2186","Subdis_Typ":"Cd_Block","Vill_name":"Chhat Bhalka","Vill_Cat":"Rural","Vill_LGD":"308411","arr_project":"asha1,asha2"}},
{"type":"Feature","geometry":{"type":"Polygon","coordinates":[[[89.75825,26.44213],[89.75971,26.44343],[89.76776,26.44554],[89.76796,26.44813],[89.77015,26.45069],[89.76745,26.45568],[89.76771,26.46129],[89.76642,26.46465],[89.7586,26.46469],[89.74879,26.46325],[89.74928,26.46011],[89.74833,26.45667],[89.74501,26.45596],[89.74628,26.4511],[89.74777,26.44915],[89.74774,26.4418],[89.74887,26.44024],[89.7547,26.44192],[89.75825,26.44213]]]},"properties":{"District":"Koch Bihar","Dist_LGD":"329","Sub_dist":"Tufanganj - Ii","Subdis_LGD":"2186","Subdis_Typ":"Cd_Block","Vill_name":"Khagribari","Vill_Cat":"Rural","Vill_LGD":"308407","arr_project":"asha1,asha2"}},
{"type":"Feature","geometry":{"type":"Polygon","coordinates":[[[89.75817,26.43936],[89.7577,26.43724],[89.75959,26.43421],[89.76593,26.42964],[89.76568,26.43327],[89.76921,26.43399],[89.77399,26.43395],[89.77583,26.43566],[89.77922,26.43572],[89.77836,26.43768],[89.77916,26.44537],[89.77086,26.44236],[89.76347,26.4439],[89.761,26.44289],[89.75817,26.43936]]]},"properties":{"District":"Koch Bihar","Dist_LGD":"329","Sub_dist":"Tufanganj - Ii","Subdis_LGD":"2186","Subdis_Typ":"Cd_Block","Vill_name":"Madhurbhasa","Vill_Cat":"Rural","Vill_LGD":"308408","arr_project":"asha1,asha2"}},
{"type":"Feature","geometry":{"type":"Polygon","coordinates":[[[89.74774,26.4418],[89.74716,26.43867],[89.74194,26.44008],[89.73989,26.44437],[89.74003,26.44031],[89.74204,26.43684],[89.74483,26.43779],[89.75058,26.43639],[89.75443,26.43847],[89.7547,26.44192],[89.74887,26.44024],[89.74774,26.4418]]]},"properties":{"District":"Koch Bihar","Dist_LGD":"329","Sub_dist":"Tufanganj - Ii","Subdis_LGD":"2186","Subdis_Typ":"Cd_Block","Vill_name":"Paglirkuthi","Vill_Cat":"Rural","Vill_LGD":"308406","arr_project":"asha1,asha2"}},
{"type":"Feature","geometry":{"type":"Polygon","coordinates":[[[89.73989,26.44437],[89.7388,26.4455],[89.73343,26.4425],[89.7284,26.44431],[89.72654,26.44319],[89.72601,26.43863],[89.72892,26.43592],[89.73288,26.43356],[89.73361,26.4304],[89.73584,26.42823],[89.73928,26.42681],[89.74287,26.42796],[89.74412,26.42952],[89.74217,26.43163],[89.74204,26.43684],[89.74003,26.44031],[89.73989,26.44437]]]},"properties":{"District":"Koch Bihar","Dist_LGD":"329","Sub_dist":"Tufanganj - Ii","Subdis_LGD":"2186","Subdis_Typ":"Cd_Block","Vill_name":"Atia Mochar","Vill_Cat":"Rural","Vill_LGD":"308405","arr_project":"asha1,asha2"}},
{"type":"Feature","geometry":{"type":"Polygon","coordinates":[[[89.73361,26.4304],[89.73288,26.43356],[89.72892,26.43592],[89.72601,26.43863],[89.72535,26.43649],[89.72204,26.43451],[89.71494,26.43367],[89.71112,26.43449],[89.71087,26.42729],[89.70714,26.42623],[89.7053,26.42437],[89.70261,26.42405],[89.69921,26.42132],[89.70231,26.4189],[89.70871,26.41857],[89.71283,26.42192],[89.71598,26.42251],[89.7189,26.421],[89.71994,26.42376],[89.72338,26.42533],[89.72415,26.42364],[89.73025,26.4275],[89.73361,26.4304]]]},"properties":{"District":"Koch Bihar","Dist_LGD":"329","Sub_dist":"Tufanganj - Ii","Subdis_LGD":"2186","Subdis_Typ":"Cd_Block","Vill_name":"Chengtimari","Vill_Cat":"Rural","Vill_LGD":"308404","arr_project":"asha1,asha2"}},
{"type":"Feature","geometry":{"type":"Polygon","coordinates":[[[89.74412,26.42952],[89.74671,26.42876],[89.75021,26.42181],[89.74723,26.41958],[89.74035,26.42043],[89.73856,26.41764],[89.74199,26.414],[89.74314,26.41111],[89.741,26.40834],[89.74558,26.40529],[89.74861,26.40527],[89.74963,26.4011],[89.75304,26.39944],[89.75376,26.40271],[89.7553,26.40365],[89.75937,26.40304],[89.75988,26.40699],[89.75905,26.40759],[89.76326,26.41504],[89.76604,26.42146],[89.76593,26.42964],[89.75959,26.43421],[89.7577,26.43724],[89.75817,26.43936],[89.75825,26.44213],[89.7547,26.44192],[89.75443,26.43847],[89.75058,26.43639],[89.74483,26.43779],[89.74204,26.43684],[89.74217,26.43163],[89.74412,26.42952]]]},"properties":{"District":"Koch Bihar","Dist_LGD":"329","Sub_dist":"Tufanganj - Ii","Subdis_LGD":"2186","Subdis_Typ":"Cd_Block","Vill_name":"Takoamari","Vill_Cat":"Rural","Vill_LGD":"308415","arr_project":"asha1,asha2"}},
{"type":"Feature","geometry":{"type":"Polygon","coordinates":[[[89.65289,26.42316],[89.65002,26.41944],[89.63707,26.41793],[89.63282,26.41773],[89.62858,26.41632],[89.62689,26.41889],[89.62427,26.41985],[89.62279,26.41644],[89.62394,26.41337],[89.62714,26.41117],[89.6278,26.40835],[89.62782,26.40295],[89.63,26.39956],[89.63372,26.39901],[89.63805,26.40051],[89.63737,26.40276],[89.63888,26.40544],[89.63858,26.41594],[89.64262,26.41675],[89.64422,26.41382],[89.64342,26.41067],[89.64738,26.4116],[89.64831,26.41353],[89.6476,26.41792],[89.65252,26.41741],[89.65357,26.41958],[89.65289,26.42316]]]},"properties":{"District":"Koch Bihar","Dist_LGD":"329","Sub_dist":"Tufanganj - I","Subdis_LGD":"2185","Subdis_Typ":"Cd_Block","Vill_name":"Chikliguri Dwitia Khanda","Vill_Cat":"Rural","Vill_LGD":"308336","arr_project":"asha1,asha2"}},
{"type":"Feature","geometry":{"type":"Polygon","coordinates":[[[89.63737,26.40276],[89.63805,26.40051],[89.63372,26.39901],[89.63,26.39956],[89.62782,26.40295],[89.6278,26.40835],[89.62621,26.40558],[89.62472,26.39986],[89.61973,26.39988],[89.62075,26.39738],[89.61908,26.39554],[89.61692,26.39103],[89.61224,26.38945],[89.61235,26.38729],[89.6166,26.38403],[89.61574,26.38171],[89.61325,26.38039],[89.61577,26.3777],[89.62442,26.37894],[89.62671,26.37703],[89.62518,26.37255],[89.6299,26.37192],[89.63125,26.36994],[89.6357,26.36933],[89.63732,26.37507],[89.63998,26.37561],[89.63897,26.37856],[89.63682,26.38047],[89.63851,26.3831],[89.64657,26.38319],[89.64664,26.38692],[89.64805,26.39012],[89.6468,26.3915],[89.64356,26.39137],[89.63925,26.39398],[89.64057,26.40243],[89.63737,26.40276]]]},"properties":{"District":"Koch Bihar","Dist_LGD":"329","Sub_dist":"Tufanganj - I","Subdis_LGD":"2185","Subdis_Typ":"Cd_Block","Vill_name":"Chhat Rampur Dwitia Khanda","Vill_Cat":"Rural","Vill_LGD":"308335","arr_project":"asha1,asha2"}},
{"type":"Feature","geometry":{"type":"Polygon","coordinates":[[[89.65695,26.40092],[89.65715,26.39317],[89.66243,26.39124],[89.66377,26.38922],[89.66332,26.38539],[89.66215,26.38352],[89.6662,26.38],[89.67124,26.38172],[89.67435,26.3814],[89.67508,26.3863],[89.67408,26.38852],[89.66848,26.39063],[89.66942,26.39306],[89.67708,26.39356],[89.67403,26.39537],[89.67236,26.3941],[89.67007,26.39536],[89.66861,26.40043],[89.66655,26.3989],[89.65994,26.39725],[89.65695,26.40092]]]},"properties":{"District":"Koch Bihar","Dist_LGD":"329","Sub_dist":"Tufanganj - Ii","Subdis_LGD":"2186","Subdis_Typ":"Cd_Block","Vill_name":"Bashraja Dwitia Khanda","Vill_Cat":"Rural","Vill_LGD":"308419","arr_project":"asha1,asha2"}},
{"type":"Feature","geometry":{"type":"Polygon","coordinates":[[[89.66099,26.41971],[89.65843,26.42001],[89.65532,26.42382],[89.65289,26.42316],[89.65357,26.41958],[89.65252,26.41741],[89.6476,26.41792],[89.64831,26.41353],[89.64738,26.4116],[89.64342,26.41067],[89.64422,26.41382],[89.64262,26.41675],[89.63858,26.41594],[89.63888,26.40544],[89.63737,26.40276],[89.64057,26.40243],[89.63925,26.39398],[89.64356,26.39137],[89.6468,26.3915],[89.64805,26.39012],[89.64664,26.38692],[89.64657,26.38319],[89.63851,26.3831],[89.63682,26.38047],[89.63897,26.37856],[89.63998,26.37561],[89.64784,26.375],[89.64903,26.37159],[89.65291,26.37066],[89.65348,26.37455],[89.65548,26.37556],[89.65871,26.3749],[89.66207,26.36748],[89.66405,26.36675],[89.66458,26.37257],[89.66672,26.3769],[89.6662,26.38],[89.66215,26.38352],[89.66332,26.38539],[89.66377,26.38922],[89.66243,26.39124],[89.65715,26.39317],[89.65695,26.40092],[89.65797,26.40339],[89.65599,26.40926],[89.65939,26.41205],[89.65862,26.41627],[89.66099,26.41971]]]},"properties":{"District":"Koch Bihar","Dist_LGD":"329","Sub_dist":"Tufanganj - I","Subdis_LGD":"2185","Subdis_Typ":"Cd_Block","Vill_name":"Dhalpal","Vill_Cat":"Rural","Vill_LGD":"308337","arr_project":"asha1,asha2"}},
{"type":"Feature","geometry":{"type":"Polygon","coordinates":[[[89.58251,26.41639],[89.5851,26.41873],[89.58443,26.4207],[89.5864,26.42694],[89.58401,26.42984],[89.57746,26.42633],[89.57274,26.4251],[89.56766,26.42781],[89.56366,26.42794],[89.56543,26.42504],[89.56586,26.42176],[89.56859,26.42231],[89.57054,26.41987],[89.57513,26.41963],[89.5769,26.4166],[89.58251,26.41639]]]},"properties":{"District":"Koch Bihar","Dist_LGD":"329","Sub_dist":"Tufanganj - I","Subdis_LGD":"2185","Subdis_Typ":"Cd_Block","Vill_name":"Chhat Bara Chowki","Vill_Cat":"Rural","Vill_LGD":"308330","arr_project":"asha1,asha2"}},
{"type":"Feature","geometry":{"type":"Polygon","coordinates":[[[89.61207,26.40049],[89.60348,26.40802],[89.60283,26.41028],[89.60044,26.41124],[89.59364,26.41994],[89.5864,26.42694],[89.58443,26.4207],[89.5851,26.41873],[89.58251,26.41639],[89.57998,26.41122],[89.5829,26.41018],[89.58128,26.40537],[89.5861,26.40361],[89.58807,26.4001],[89.58848,26.39829],[89.59351,26.39751],[89.60564,26.39544],[89.60647,26.39321],[89.61056,26.3931],[89.61087,26.39467],[89.60805,26.39837],[89.61207,26.40049]]]},"properties":{"District":"Koch Bihar","Dist_LGD":"329","Sub_dist":"Tufanganj - I","Subdis_LGD":"2185","Subdis_Typ":"Cd_Block","Vill_name":"Natabari","Vill_Cat":"Rural","Vill_LGD":"308332","arr_project":"asha1,asha2"}},
{"type":"Feature","geometry":{"type":"Polygon","coordinates":[[[89.57421,26.39709],[89.57358,26.40013],[89.5709,26.40197],[89.57125,26.40401],[89.56346,26.40589],[89.56064,26.4052],[89.55488,26.40729],[89.55434,26.40572],[89.55026,26.40253],[89.55035,26.40134],[89.55493,26.39749],[89.55602,26.39469],[89.56202,26.39218],[89.56361,26.38676],[89.56453,26.38328],[89.56914,26.38519],[89.57104,26.3893],[89.57324,26.39071],[89.57421,26.39709]]]},"properties":{"District":"Koch Bihar","Dist_LGD":"329","Sub_dist":"Tufanganj - I","Subdis_LGD":"2185","Subdis_Typ":"Cd_Block","Vill_name":"Bhuchungmari","Vill_Cat":"Rural","Vill_LGD":"308349","arr_project":"asha1,asha2"}},
{"type":"Feature","geometry":{"type":"Polygon","coordinates":[[[89.57324,26.39071],[89.57459,26.38929],[89.57392,26.38269],[89.57292,26.38041],[89.57637,26.37999],[89.575,26.37574],[89.57662,26.37267],[89.57934,26.37356],[89.57988,26.37627],[89.58263,26.38153],[89.58113,26.38437],[89.58667,26.3901],[89.58985,26.39302],[89.59452,26.39277],[89.59563,26.39418],[89.59351,26.39751],[89.58848,26.39829],[89.58807,26.4001],[89.57886,26.39998],[89.57674,26.39783],[89.57421,26.39709],[89.57324,26.39071]]]},"properties":{"District":"Koch Bihar","Dist_LGD":"329","Sub_dist":"Tufanganj - I","Subdis_LGD":"2185","Subdis_Typ":"Cd_Block","Vill_name":"Debottar Charaljani","Vill_Cat":"Rural","Vill_LGD":"308348","arr_project":"asha1,asha2"}},
{"type":"Feature","geometry":{"type":"Polygon","coordinates":[[[89.58667,26.3901],[89.593,26.38834],[89.59445,26.38653],[89.59752,26.38786],[89.60278,26.38891],[89.61032,26.38935],[89.61224,26.38945],[89.61056,26.3931],[89.60647,26.39321],[89.60564,26.39544],[89.59351,26.39751],[89.59563,26.39418],[89.59452,26.39277],[89.58985,26.39302],[89.58667,26.3901]]]},"properties":{"District":"Koch Bihar","Dist_LGD":"329","Sub_dist":"Tufanganj - I","Subdis_LGD":"2185","Subdis_Typ":"Cd_Block","Vill_name":"Dwarikamari","Vill_Cat":"Rural","Vill_LGD":"308333","arr_project":"asha1,asha2"}},
{"type":"Feature","geometry":{"type":"Polygon","coordinates":[[[89.61908,26.39554],[89.61692,26.39646],[89.61207,26.40049],[89.60805,26.39837],[89.61087,26.39467],[89.61056,26.3931],[89.61224,26.38945],[89.61692,26.39103],[89.61908,26.39554]]]},"properties":{"District":"Koch Bihar","Dist_LGD":"329","Sub_dist":"Tufanganj - I","Subdis_LGD":"2185","Subdis_Typ":"Cd_Block","Vill_name":"Khasbas","Vill_Cat":"Rural","Vill_LGD":"308334","arr_project":"asha1,asha2"}},
{"type":"Feature","geometry":{"type":"Polygon","coordinates":[[[89.57324,26.39071],[89.57104,26.3893],[89.56914,26.38519],[89.56453,26.38328],[89.5642,26.38099],[89.56211,26.37939],[89.55525,26.37731],[89.55293,26.37448],[89.5568,26.36736],[89.55819,26.36514],[89.56138,26.36734],[89.56493,26.36742],[89.5707,26.36368],[89.57059,26.36858],[89.57185,26.37134],[89.57583,26.37169],[89.57662,26.37267],[89.575,26.37574],[89.57637,26.37999],[89.57292,26.38041],[89.57392,26.38269],[89.57459,26.38929],[89.57324,26.39071]]]},"properties":{"District":"Koch Bihar","Dist_LGD":"329","Sub_dist":"Tufanganj - I","Subdis_LGD":"2185","Subdis_Typ":"Cd_Block","Vill_name":"Dhopguri","Vill_Cat":"Rural","Vill_LGD":"308350","arr_project":"asha1,asha2"}},
{"type":"Feature","geometry":{"type":"Polygon","coordinates":[[[89.59926,26.36976],[89.60204,26.36893],[89.60771,26.3719],[89.61164,26.37237],[89.61141,26.37488],[89.60545,26.37616],[89.60347,26.37862],[89.60166,26.37748],[89.60113,26.37364],[89.59955,26.37292],[89.59926,26.36976]]]},"properties":{"District":"Koch Bihar","Dist_LGD":"329","Sub_dist":"Tufanganj - I","Subdis_LGD":"2185","Subdis_Typ":"Cd_Block","Vill_name":"Bajejama Chilakhana Pratham Khanda","Vill_Cat":"Rural","Vill_LGD":"308346","arr_project":"asha1,asha2"}},
{"type":"Feature","geometry":{"type":"Polygon","coordinates":[[[89.61561,26.36637],[89.62142,26.36639],[89.62852,26.36533],[89.62967,26.36754],[89.63221,26.36768],[89.63491,26.36498],[89.63912,26.36746],[89.63925,26.36855],[89.6357,26.36933],[89.63125,26.36994],[89.6299,26.37192],[89.62518,26.37255],[89.62671,26.37703],[89.62442,26.37894],[89.61577,26.3777],[89.6152,26.37604],[89.61646,26.37016],[89.61561,26.36637]]]},"properties":{"District":"Koch Bihar","Dist_LGD":"329","Sub_dist":"Tufanganj - I","Subdis_LGD":"2185","Subdis_Typ":"Cd_Block","Vill_name":"Chhat Genduguri","Vill_Cat":"Rural","Vill_LGD":"308345","arr_project":"asha1,asha2"}},
{"type":"Feature","geometry":{"type":"Polygon","coordinates":[[[89.5962,26.3558],[89.59755,26.35405],[89.59758,26.35042],[89.59504,26.35019],[89.59579,26.34769],[89.60271,26.34703],[89.604,26.35142],[89.60193,26.35305],[89.60244,26.35884],[89.59667,26.35779],[89.5962,26.3558]]]},"properties":{"District":"Koch Bihar","Dist_LGD":"329","Sub_dist":"Tufanganj - I","Subdis_LGD":"2185","Subdis_Typ":"Cd_Block","Vill_name":"Bajejama Chilakhana Dwitia Khanda","Vill_Cat":"Rural","Vill_LGD":"308358","arr_project":"asha1,asha2"}},
{"type":"Feature","geometry":{"type":"Polygon","coordinates":[[[89.62067,26.35942],[89.62324,26.36066],[89.62617,26.35972],[89.63189,26.36116],[89.63287,26.36346],[89.62919,26.36373],[89.62852,26.36533],[89.62142,26.36639],[89.61561,26.36637],[89.61589,26.36133],[89.61901,26.36118],[89.62067,26.35942]]]},"properties":{"District":"Koch Bihar","Dist_LGD":"329","Sub_dist":"Tufanganj - I","Subdis_LGD":"2185","Subdis_Typ":"Cd_Block","Vill_name":"Chhat Chilakhana Dwitia Khanda","Vill_Cat":"Rural","Vill_LGD":"308344","arr_project":"asha1,asha2"}},
{"type":"Feature","geometry":{"type":"Polygon","coordinates":[[[89.63975,26.35822],[89.64614,26.35854],[89.64956,26.3573],[89.6503,26.36017],[89.64709,26.36362],[89.64459,26.36448],[89.64261,26.36779],[89.63925,26.36855],[89.63912,26.36746],[89.63491,26.36498],[89.63221,26.36768],[89.62967,26.36754],[89.62852,26.36533],[89.62919,26.36373],[89.63287,26.36346],[89.63189,26.36116],[89.63203,26.35768],[89.63472,26.3573],[89.63782,26.35875],[89.63975,26.35822]]]},"properties":{"District":"Koch Bihar","Dist_LGD":"329","Sub_dist":"Tufanganj - I","Subdis_LGD":"2185","Subdis_Typ":"Cd_Block","Vill_name":"Chhat Rampur Pratham Khanda","Vill_Cat":"Rural","Vill_LGD":"308343","arr_project":"asha1,asha2"}},
{"type":"Feature","geometry":{"type":"Polygon","coordinates":[[[89.73248,26.3841],[89.73159,26.37825],[89.72782,26.37421],[89.72618,26.37373],[89.72802,26.36959],[89.73113,26.36811],[89.73424,26.36845],[89.73844,26.37097],[89.74064,26.3774],[89.7417,26.37866],[89.74196,26.38261],[89.74866,26.3812],[89.75058,26.38457],[89.75084,26.38679],[89.74692,26.38957],[89.74343,26.38983],[89.7405,26.38775],[89.73248,26.3841]]]},"properties":{"District":"Koch Bihar","Dist_LGD":"329","Sub_dist":"Tufanganj - Ii","Subdis_LGD":"2186","Subdis_Typ":"Cd_Block","Vill_name":"Taterkuthi","Vill_Cat":"Rural","Vill_LGD":"308425","arr_project":"asha1,asha2"}},
{"type":"Feature","geometry":{"type":"Polygon","coordinates":[[[89.73844,26.37097],[89.74046,26.36616],[89.74277,26.36315],[89.74929,26.35825],[89.75483,26.35488],[89.75544,26.36041],[89.75788,26.36046],[89.7575,26.36387],[89.75497,26.36637],[89.75383,26.36929],[89.75815,26.36795],[89.76508,26.36806],[89.76332,26.37219],[89.75862,26.37239],[89.75514,26.37368],[89.75192,26.37733],[89.7552,26.38141],[89.75427,26.38432],[89.75058,26.38457],[89.74866,26.3812],[89.74196,26.38261],[89.7417,26.37866],[89.74064,26.3774],[89.73844,26.37097]]]},"properties":{"District":"Koch Bihar","Dist_LGD":"329","Sub_dist":"Tufanganj - Ii","Subdis_LGD":"2186","Subdis_Typ":"Cd_Block","Vill_name":"Palika","Vill_Cat":"Rural","Vill_LGD":"308432","arr_project":"asha1,asha2"}},
{"type":"Feature","geometry":{"type":"Polygon","coordinates":[[[89.7575,26.36387],[89.76007,26.36311],[89.76179,26.36429],[89.76481,26.36388],[89.76683,26.36531],[89.77052,26.36551],[89.77063,26.36788],[89.76508,26.36806],[89.75815,26.36795],[89.75383,26.36929],[89.75497,26.36637],[89.7575,26.36387]]]},"properties":{"District":"Koch Bihar","Dist_LGD":"329","Sub_dist":"Tufanganj - Ii","Subdis_LGD":"2186","Subdis_Typ":"Cd_Block","Vill_name":"Atra","Vill_Cat":"Rural","Vill_LGD":"308431","arr_project":"asha1,asha2"}},
{"type":"Feature","geometry":{"type":"Polygon","coordinates":[[[89.70457,26.36644],[89.70829,26.36604],[89.71008,26.36744],[89.71348,26.36546],[89.7167,26.36589],[89.71767,26.36969],[89.71393,26.37038],[89.70482,26.37365],[89.70169,26.37187],[89.69948,26.36623],[89.70205,26.36443],[89.70457,26.36644]]]},"properties":{"District":"Koch Bihar","Dist_LGD":"329","Sub_dist":"Tufanganj - Ii","Subdis_LGD":"2186","Subdis_Typ":"Cd_Block","Vill_name":"Jiratisalbari","Vill_Cat":"Rural","Vill_LGD":"308422","arr_project":"asha1,asha2"}},
{"type":"Feature","geometry":{"type":"Polygon","coordinates":[[[89.71348,26.36546],[89.7117,26.36355],[89.71333,26.35982],[89.71857,26.35916],[89.72256,26.36182],[89.72467,26.36115],[89.7262,26.36102],[89.72777,26.36442],[89.72633,26.36854],[89.72302,26.3711],[89.722,26.3691],[89.71767,26.36969],[89.7167,26.36589],[89.71348,26.36546]]]},"properties":{"District":"Koch Bihar","Dist_LGD":"329","Sub_dist":"Tufanganj - Ii","Subdis_LGD":"2186","Subdis_Typ":"Cd_Block","Vill_name":"Turkanirkuthi","Vill_Cat":"Rural","Vill_LGD":"308424","arr_project":"asha1,asha2"}},
{"type":"Feature","geometry":{"type":"Polygon","coordinates":[[[89.58143,26.28626],[89.58783,26.28482],[89.59124,26.28921],[89.59287,26.2879],[89.59698,26.28729],[89.59878,26.28807],[89.60463,26.28806],[89.60649,26.29167],[89.60687,26.29549],[89.60316,26.29621],[89.60526,26.2994],[89.6041,26.30443],[89.60475,26.30519],[89.60332,26.30705],[89.59954,26.30765],[89.59951,26.31094],[89.59817,26.31415],[89.60289,26.31517],[89.60338,26.31657],[89.59965,26.32237],[89.59679,26.32044],[89.59342,26.31613],[89.59065,26.31802],[89.58933,26.31561],[89.58896,26.31226],[89.58523,26.30431],[89.58347,26.30243],[89.58019,26.30333],[89.5799,26.30171],[89.58434,26.30026],[89.58476,26.29687],[89.58815,26.29439],[89.5924,26.29389],[89.59349,26.29235],[89.58913,26.29104],[89.58515,26.29469],[89.58329,26.29314],[89.5814,26.28836],[89.58143,26.28626]]]},"properties":{"District":"Koch Bihar","Dist_LGD":"329","Sub_dist":"Tufanganj - I","Subdis_LGD":"2185","Subdis_Typ":"Cd_Block","Vill_name":"Chilakhana","Vill_Cat":"Rural","Vill_LGD":"308375","arr_project":"asha1,asha2"}},
{"type":"Feature","geometry":{"type":"Polygon","coordinates":[[[89.60463,26.28806],[89.60246,26.28329],[89.60544,26.28338],[89.60627,26.28141],[89.60964,26.28138],[89.60994,26.28345],[89.61231,26.28619],[89.61984,26.2851],[89.62394,26.28226],[89.62533,26.28585],[89.62975,26.28737],[89.63201,26.29403],[89.63035,26.30016],[89.6321,26.30061],[89.63683,26.29813],[89.64154,26.29961],[89.64013,26.30217],[89.6419,26.30535],[89.64236,26.3075],[89.63687,26.30869],[89.63427,26.30889],[89.63384,26.31195],[89.63152,26.31463],[89.63214,26.31859],[89.62199,26.31794],[89.62096,26.31903],[89.61905,26.31638],[89.61752,26.31952],[89.61464,26.32047],[89.61076,26.31968],[89.611,26.31575],[89.60338,26.31657],[89.60289,26.31517],[89.59817,26.31415],[89.59951,26.31094],[89.59954,26.30765],[89.60332,26.30705],[89.60475,26.30519],[89.60782,26.30338],[89.60946,26.29831],[89.60649,26.29167],[89.60463,26.28806]]]},"properties":{"District":"Koch Bihar","Dist_LGD":"329","Sub_dist":"Tufanganj - I","Subdis_LGD":"2185","Subdis_Typ":"Cd_Block","Vill_name":"Ghogarkuthi Pratham Khanda","Vill_Cat":"Rural","Vill_LGD":"308373","arr_project":"asha1,asha2"}},
{"type":"Feature","geometry":{"type":"Polygon","coordinates":[[[89.62737,26.27231],[89.63121,26.27131],[89.63464,26.26771],[89.63668,26.26768],[89.63859,26.27049],[89.64114,26.27065],[89.63852,26.27372],[89.63386,26.27323],[89.62899,26.2735],[89.62737,26.27231]]]},"properties":{"District":"Koch Bihar","Dist_LGD":"329","Sub_dist":"Tufanganj - I","Subdis_LGD":"2185","Subdis_Typ":"Cd_Block","Vill_name":"Neplerkuthi","Vill_Cat":"Rural","Vill_LGD":"308392","arr_project":"asha1,asha2"}},
{"type":"Feature","geometry":{"type":"Polygon","coordinates":[[[89.61941,26.25109],[89.62464,26.25044],[89.62831,26.24784],[89.63163,26.24772],[89.63168,26.25106],[89.62633,26.25227],[89.6274,26.25459],[89.6334,26.25609],[89.63681,26.2562],[89.64198,26.25364],[89.64286,26.25849],[89.63927,26.26274],[89.63719,26.2637],[89.638,26.26645],[89.64372,26.26875],[89.64114,26.27065],[89.63859,26.27049],[89.63668,26.26768],[89.63464,26.26771],[89.63121,26.27131],[89.62737,26.27231],[89.62589,26.26956],[89.61979,26.26513],[89.61552,26.2636],[89.61499,26.26213],[89.61777,26.25953],[89.61883,26.2569],[89.61541,26.2572],[89.61521,26.25493],[89.61941,26.25109]]]},"properties":{"District":"Koch Bihar","Dist_LGD":"329","Sub_dist":"Tufanganj - I","Subdis_LGD":"2185","Subdis_Typ":"Cd_Block","Vill_name":"Santoshpur","Vill_Cat":"Rural","Vill_LGD":"308393","arr_project":"asha1,asha2"}},
{"type":"Feature","geometry":{"type":"Polygon","coordinates":[[[89.68267,26.31877],[89.67929,26.31841],[89.679,26.32022],[89.67563,26.32213],[89.67409,26.31757],[89.6709,26.31338],[89.67214,26.30921],[89.67486,26.30864],[89.67463,26.30643],[89.67154,26.3073],[89.66825,26.30607],[89.66108,26.30811],[89.66075,26.30562],[89.66339,26.3033],[89.66343,26.30109],[89.66628,26.29922],[89.66859,26.2957],[89.67383,26.30057],[89.6727,26.30292],[89.67654,26.30439],[89.67859,26.30178],[89.68088,26.30544],[89.68018,26.30725],[89.67659,26.30988],[89.67647,26.31137],[89.68054,26.31441],[89.68267,26.31877]]]},"properties":{"District":"Koch Bihar","Dist_LGD":"329","Sub_dist":"Tufanganj - I","Subdis_LGD":"2185","Subdis_Typ":"Cd_Block","Vill_name":"Kamat Phulbari (P) (Ct)","Vill_Cat":"Partly_Urban","Vill_LGD":"308402","arr_project":"asha1,asha2"}},
{"type":"Feature","geometry":{"type":"Polygon","coordinates":[[[89.58019,26.30333],[89.58347,26.30243],[89.58523,26.30431],[89.58896,26.31226],[89.58594,26.31266],[89.58261,26.3082],[89.57858,26.31002],[89.57897,26.31265],[89.58221,26.3132],[89.58237,26.31528],[89.5792,26.3163],[89.57663,26.31834],[89.57212,26.31853],[89.56974,26.31647],[89.57362,26.31103],[89.57236,26.30948],[89.57721,26.30472],[89.58019,26.30333]]]},"properties":{"District":"Koch Bihar","Dist_LGD":"329","Sub_dist":"Tufanganj - I","Subdis_LGD":"2185","Subdis_Typ":"Cd_Block","Vill_name":"Bhelakopa Dwitia Khanda","Vill_Cat":"Rural","Vill_LGD":"308377","arr_project":"asha1,asha2"}},
{"type":"Feature","geometry":{"type":"Polygon","coordinates":[[[89.57663,26.31834],[89.5792,26.3163],[89.58237,26.31528],[89.58221,26.3132],[89.57897,26.31265],[89.57858,26.31002],[89.58261,26.3082],[89.58594,26.31266],[89.58896,26.31226],[89.58933,26.31561],[89.58832,26.32439],[89.59053,26.32649],[89.59111,26.32907],[89.58989,26.33226],[89.58399,26.33521],[89.57931,26.33485],[89.5762,26.33594],[89.57512,26.33424],[89.57413,26.32866],[89.57133,26.32626],[89.57422,26.32477],[89.57493,26.32232],[89.57663,26.31834]]]},"properties":{"District":"Koch Bihar","Dist_LGD":"329","Sub_dist":"Tufanganj - I","Subdis_LGD":"2185","Subdis_Typ":"Cd_Block","Vill_name":"Chhatoa","Vill_Cat":"Rural","Vill_LGD":"308354","arr_project":"asha1,asha2"}},
{"type":"Feature","geometry":{"type":"Polygon","coordinates":[[[89.7118,26.20316],[89.71916,26.20662],[89.72721,26.20596],[89.73092,26.20839],[89.73323,26.21199],[89.73171,26.21616],[89.7257,26.21818],[89.71914,26.21471],[89.71079,26.21231],[89.70828,26.20898],[89.70771,26.20404],[89.7118,26.20316]]]},"properties":{"District":"Koch Bihar","Dist_LGD":"329","Sub_dist":"Tufanganj - I","Subdis_LGD":"2185","Subdis_Typ":"Cd_Block","Vill_name":"Gopalerkuthi","Vill_Cat":"Rural","Vill_LGD":"308399","arr_project":"asha1,asha2"}},
{"type":"Feature","geometry":{"type":"Polygon","coordinates":[[[89.70193,26.17397],[89.70112,26.17226],[89.69779,26.16995],[89.69341,26.16923],[89.68858,26.17019],[89.68409,26.16966],[89.68096,26.16617],[89.68119,26.16366],[89.68441,26.16185],[89.68921,26.16118],[89.69705,26.15858],[89.70007,26.15554],[89.70127,26.1518],[89.70822,26.15449],[89.70986,26.15626],[89.71082,26.16056],[89.71038,26.16261],[89.7127,26.16812],[89.71663,26.16828],[89.71692,26.16531],[89.72184,26.16747],[89.72761,26.16735],[89.72883,26.17003],[89.72748,26.17196],[89.73012,26.17428],[89.73523,26.17249],[89.73293,26.17753],[89.73089,26.17797],[89.72235,26.17771],[89.71365,26.17266],[89.70924,26.17281],[89.70855,26.17465],[89.70352,26.17865],[89.70349,26.17806],[89.70193,26.17397]]]},"properties":{"District":"Koch Bihar","Dist_LGD":"329","Sub_dist":"Tufanganj - I","Subdis_LGD":"2185","Subdis_Typ":"Cd_Block","Vill_name":"Jhaukuthi","Vill_Cat":"Rural","Vill_LGD":"308401","arr_project":"asha1,asha2"}},
{"type":"Feature","geometry":{"type":"Polygon","coordinates":[[[89.57583,26.37169],[89.57812,26.36771],[89.58017,26.36639],[89.58708,26.36588],[89.59034,26.36362],[89.59118,26.35916],[89.5895,26.35656],[89.5962,26.3558],[89.59667,26.35779],[89.60244,26.35884],[89.60163,26.36355],[89.60219,26.36605],[89.59926,26.36976],[89.59955,26.37292],[89.60113,26.37364],[89.60166,26.37748],[89.60347,26.37862],[89.60481,26.38388],[89.60663,26.38446],[89.60674,26.38716],[89.61032,26.38935],[89.60278,26.38891],[89.59752,26.38786],[89.59445,26.38653],[89.593,26.38834],[89.58667,26.3901],[89.58113,26.38437],[89.58263,26.38153],[89.57988,26.37627],[89.57934,26.37356],[89.57662,26.37267],[89.57583,26.37169]]]},"properties":{"District":"Koch Bihar","Dist_LGD":"329","Sub_dist":"Tufanganj - I","Subdis_LGD":"2185","Subdis_Typ":"Cd_Block","Vill_name":"Charaljani","Vill_Cat":"Rural","Vill_LGD":"308347","arr_project":"asha1,asha2"}},
{"type":"Feature","geometry":{"type":"Polygon","coordinates":[[[89.34147,26.06138],[89.34414,26.06094],[89.34515,26.05903],[89.35232,26.05546],[89.35673,26.05618],[89.36028,26.05443],[89.36403,26.05408],[89.366,26.05532],[89.36722,26.05897],[89.36337,26.06027],[89.36351,26.06544],[89.36054,26.06476],[89.35434,26.06482],[89.35462,26.06763],[89.35274,26.06892],[89.35171,26.07248],[89.34782,26.07136],[89.34205,26.06749],[89.33957,26.06789],[89.33897,26.06534],[89.34147,26.06138]]]},"properties":{"District":"Koch Bihar","Dist_LGD":"329","Sub_dist":"Sitai","Subdis_LGD":"2189","Subdis_Typ":"Cd_Block","Vill_name":"Panikhawa","Vill_Cat":"Rural","Vill_LGD":"308748","arr_project":"asha1,asha2"}},
{"type":"Feature","geometry":{"type":"Polygon","coordinates":[[[89.36028,26.05443],[89.35673,26.05618],[89.35232,26.05546],[89.34515,26.05903],[89.34414,26.06094],[89.34147,26.06138],[89.3405,26.05836],[89.34105,26.05645],[89.33965,26.04484],[89.34737,26.04241],[89.34886,26.03494],[89.35246,26.03478],[89.35477,26.03747],[89.35416,26.04317],[89.36059,26.04352],[89.36084,26.04049],[89.36417,26.03943],[89.36558,26.04328],[89.36458,26.04438],[89.36187,26.04455],[89.35776,26.05261],[89.36028,26.05443]]]},"properties":{"District":"Koch Bihar","Dist_LGD":"329","Sub_dist":"Sitai","Subdis_LGD":"2189","Subdis_Typ":"Cd_Block","Vill_name":"Balapukhari","Vill_Cat":"Rural","Vill_LGD":"308745","arr_project":"asha1,asha2"}},
{"type":"Feature","geometry":{"type":"Polygon","coordinates":[[[89.33183,26.05774],[89.32841,26.05872],[89.32847,26.06133],[89.3239,26.06031],[89.32391,26.05859],[89.32007,26.05826],[89.31772,26.05958],[89.31181,26.05974],[89.30648,26.05858],[89.3047,26.05664],[89.3041,26.05591],[89.30524,26.04775],[89.30456,26.04719],[89.30643,26.04436],[89.31423,26.03906],[89.31531,26.03738],[89.32243,26.03802],[89.32565,26.0362],[89.32693,26.03764],[89.33381,26.03871],[89.33612,26.04319],[89.33568,26.04832],[89.33321,26.04988],[89.33297,26.05493],[89.33183,26.05774]]]},"properties":{"District":"Koch Bihar","Dist_LGD":"329","Sub_dist":"Sitai","Subdis_LGD":"2189","Subdis_Typ":"Cd_Block","Vill_name":"Sitai","Vill_Cat":"Rural","Vill_LGD":"308743","arr_project":"asha1,asha2"}},
{"type":"Feature","geometry":{"type":"Polygon","coordinates":[[[89.30296,26.05751],[89.30055,26.05898],[89.29896,26.05905],[89.29671,26.05441],[89.2979,26.04961],[89.29988,26.04762],[89.30456,26.04719],[89.30524,26.04775],[89.3041,26.05591],[89.3047,26.05664],[89.30296,26.05751]]]},"properties":{"District":"Koch Bihar","Dist_LGD":"329","Sub_dist":"Sitai","Subdis_LGD":"2189","Subdis_Typ":"Cd_Block","Vill_name":"Arazi Khamarsitai","Vill_Cat":"Rural","Vill_LGD":"308737","arr_project":"asha1,asha2"}},
{"type":"Feature","geometry":{"type":"Polygon","coordinates":[[[89.3047,26.05664],[89.30648,26.05858],[89.31181,26.05974],[89.31772,26.05958],[89.32007,26.05826],[89.32391,26.05859],[89.3239,26.06031],[89.31772,26.06148],[89.31232,26.06122],[89.30868,26.06208],[89.30296,26.06126],[89.30296,26.05751],[89.3047,26.05664]]]},"properties":{"District":"Koch Bihar","Dist_LGD":"329","Sub_dist":"Sitai","Subdis_LGD":"2189","Subdis_Typ":"Cd_Block","Vill_name":"Pirpalsitai","Vill_Cat":"Rural","Vill_LGD":"308738","arr_project":"asha1,asha2"}},
{"type":"Feature","geometry":{"type":"Polygon","coordinates":[[[89.28092,26.06565],[89.28142,26.07038],[89.28381,26.07184],[89.28433,26.0766],[89.27843,26.0779],[89.27959,26.08408],[89.27678,26.08793],[89.27762,26.09114],[89.27551,26.09161],[89.27391,26.09444],[89.27446,26.09619],[89.26988,26.09194],[89.26673,26.09249],[89.26544,26.09079],[89.26576,26.08787],[89.26133,26.08581],[89.2608,26.08288],[89.25648,26.0789],[89.25465,26.07424],[89.25593,26.07005],[89.25481,26.06858],[89.2543,26.06415],[89.25934,26.06225],[89.26423,26.06185],[89.26695,26.06083],[89.27039,26.06193],[89.27239,26.06068],[89.27514,26.06113],[89.27584,26.06399],[89.27819,26.06651],[89.28092,26.06565]]]},"properties":{"District":"Koch Bihar","Dist_LGD":"329","Sub_dist":"Sitai","Subdis_LGD":"2189","Subdis_Typ":"Cd_Block","Vill_name":"Dhumerkhata","Vill_Cat":"Rural","Vill_LGD":"308735","arr_project":"asha1,asha2"}},
{"type":"Feature","geometry":{"type":"Polygon","coordinates":[[[89.30757,26.09716],[89.30693,26.10249],[89.30575,26.10283],[89.3001,26.09744],[89.29627,26.09667],[89.29499,26.09805],[89.28813,26.09743],[89.28636,26.09611],[89.28302,26.09688],[89.2748,26.09697],[89.27446,26.09619],[89.27391,26.09444],[89.27551,26.09161],[89.27762,26.09114],[89.27678,26.08793],[89.27959,26.08408],[89.27843,26.0779],[89.28433,26.0766],[89.28381,26.07184],[89.28142,26.07038],[89.28092,26.06565],[89.28234,26.06419],[89.28449,26.06546],[89.28634,26.06791],[89.29062,26.0691],[89.29001,26.07338],[89.29302,26.0759],[89.29824,26.07654],[89.29935,26.07402],[89.30073,26.07661],[89.30133,26.08211],[89.30424,26.08473],[89.30085,26.08853],[89.30371,26.09045],[89.30683,26.08842],[89.30757,26.09716]]]},"properties":{"District":"Koch Bihar","Dist_LGD":"329","Sub_dist":"Sitai","Subdis_LGD":"2189","Subdis_Typ":"Cd_Block","Vill_name":"Kesaribari","Vill_Cat":"Rural","Vill_LGD":"308734","arr_project":"asha1,asha2"}},
{"type":"Feature","geometry":{"type":"Polygon","coordinates":[[[89.29936,26.07103],[89.30802,26.07442],[89.31162,26.07492],[89.31116,26.07973],[89.31188,26.08769],[89.3083,26.08815],[89.30731,26.08575],[89.30424,26.08473],[89.30133,26.08211],[89.30073,26.07661],[89.29935,26.07402],[89.29936,26.07103]]]},"properties":{"District":"Koch Bihar","Dist_LGD":"329","Sub_dist":"Sitai","Subdis_LGD":"2189","Subdis_Typ":"Cd_Block","Vill_name":"Bholachatra","Vill_Cat":"Rural","Vill_LGD":"308741","arr_project":"asha1,asha2"}},
{"type":"Feature","geometry":{"type":"Polygon","coordinates":[[[89.40486,26.0344],[89.40233,26.03737],[89.40207,26.04108],[89.39923,26.04506],[89.39487,26.04958],[89.3903,26.04671],[89.38667,26.04939],[89.38548,26.0513],[89.38354,26.0489],[89.38575,26.04154],[89.38393,26.03498],[89.38481,26.0321],[89.38029,26.02991],[89.38084,26.02625],[89.38207,26.02276],[89.38582,26.02417],[89.38839,26.02208],[89.39043,26.02185],[89.39545,26.02383],[89.39719,26.02533],[89.4031,26.02758],[89.40486,26.0344]]]},"properties":{"District":"Koch Bihar","Dist_LGD":"329","Sub_dist":"Sitai","Subdis_LGD":"2189","Subdis_Typ":"Cd_Block","Vill_name":"Bathar","Vill_Cat":"Rural","Vill_LGD":"308755","arr_project":"asha1,asha2"}},
{"type":"Feature","geometry":{"type":"Polygon","coordinates":[[[89.36584,26.04826],[89.36924,26.04623],[89.37444,26.04986],[89.37388,26.05266],[89.37059,26.05938],[89.36722,26.05897],[89.366,26.05532],[89.36372,26.05032],[89.36584,26.04826]]]},"properties":{"District":"Koch Bihar","Dist_LGD":"329","Sub_dist":"Sitai","Subdis_LGD":"2189","Subdis_Typ":"Cd_Block","Vill_name":"Sonarhat","Vill_Cat":"Rural","Vill_LGD":"308747","arr_project":"asha1,asha2"}},
{"type":"Feature","geometry":{"type":"Polygon","coordinates":[[[89.36028,26.05443],[89.35776,26.05261],[89.36187,26.04455],[89.36458,26.04438],[89.36584,26.04826],[89.36372,26.05032],[89.366,26.05532],[89.36403,26.05408],[89.36028,26.05443]]]},"properties":{"District":"Koch Bihar","Dist_LGD":"329","Sub_dist":"Sitai","Subdis_LGD":"2189","Subdis_Typ":"Cd_Block","Vill_name":"Nagargidari","Vill_Cat":"Rural","Vill_LGD":"308746","arr_project":"asha1,asha2"}},
{"type":"Feature","geometry":{"type":"Polygon","coordinates":[[[89.38245,26.34358],[89.38246,26.34055],[89.38592,26.33984],[89.38918,26.34101],[89.39221,26.34741],[89.38805,26.3503],[89.38687,26.34922],[89.38245,26.34358]]]},"properties":{"District":"Koch Bihar","Dist_LGD":"329","Sub_dist":"Koch Bihar - Ii","Subdis_LGD":"2184","Subdis_Typ":"Cd_Block","Vill_name":"Malatiguri","Vill_Cat":"Rural","Vill_LGD":"308290","arr_project":"asha1,asha2"}},
{"type":"Feature","geometry":{"type":"Polygon","coordinates":[[[89.3692,26.36105],[89.36548,26.36112],[89.36489,26.35597],[89.36852,26.35607],[89.37166,26.35336],[89.37172,26.35134],[89.37766,26.35894],[89.37361,26.36064],[89.3692,26.36105]]]},"properties":{"District":"Koch Bihar","Dist_LGD":"329","Sub_dist":"Koch Bihar - Ii","Subdis_LGD":"2184","Subdis_Typ":"Cd_Block","Vill_name":"Kawalipara","Vill_Cat":"Rural","Vill_LGD":"308279","arr_project":"asha1,asha2"}},
{"type":"Feature","geometry":{"type":"Polygon","coordinates":[[[89.35593,26.36125],[89.36028,26.36078],[89.36008,26.3575],[89.36489,26.35597],[89.36548,26.36112],[89.3692,26.36105],[89.36905,26.3642],[89.37162,26.36404],[89.37219,26.36615],[89.36904,26.36733],[89.36916,26.36994],[89.3604,26.37216],[89.35976,26.37201],[89.3569,26.3669],[89.35767,26.36425],[89.35593,26.36125]]]},"properties":{"District":"Koch Bihar","Dist_LGD":"329","Sub_dist":"Koch Bihar - Ii","Subdis_LGD":"2184","Subdis_Typ":"Cd_Block","Vill_name":"Haripur","Vill_Cat":"Rural","Vill_LGD":"308280","arr_project":"asha1,asha2"}},
{"type":"Feature","geometry":{"type":"Polygon","coordinates":[[[89.34315,26.37334],[89.342,26.37583],[89.34307,26.38078],[89.33581,26.3809],[89.33285,26.37924],[89.33316,26.37411],[89.33588,26.36534],[89.33906,26.36232],[89.34167,26.36228],[89.34358,26.36385],[89.34626,26.36288],[89.35089,26.36391],[89.35436,26.36339],[89.35767,26.36425],[89.3569,26.3669],[89.35976,26.37201],[89.35726,26.37371],[89.35373,26.37349],[89.35274,26.36939],[89.346,26.36954],[89.34291,26.37159],[89.34315,26.37334]]]},"properties":{"District":"Koch Bihar","Dist_LGD":"329","Sub_dist":"Koch Bihar - Ii","Subdis_LGD":"2184","Subdis_Typ":"Cd_Block","Vill_name":"Ichhamari Chapaguri","Vill_Cat":"Rural","Vill_LGD":"308275","arr_project":"asha1,asha2"}},
{"type":"Feature","geometry":{"type":"Polygon","coordinates":[[[89.34315,26.37334],[89.34291,26.37159],[89.346,26.36954],[89.35274,26.36939],[89.35373,26.37349],[89.35726,26.37371],[89.35976,26.37201],[89.3604,26.37216],[89.36021,26.37612],[89.35437,26.37768],[89.35187,26.37929],[89.34799,26.37954],[89.34723,26.37501],[89.3486,26.37257],[89.34315,26.37334]]]},"properties":{"District":"Koch Bihar","Dist_LGD":"329","Sub_dist":"Koch Bihar - Ii","Subdis_LGD":"2184","Subdis_Typ":"Cd_Block","Vill_name":"Hokakura","Vill_Cat":"Rural","Vill_LGD":"308274","arr_project":"asha1,asha2"}},
{"type":"Feature","geometry":{"type":"Polygon","coordinates":[[[89.36489,26.35597],[89.36008,26.3575],[89.36028,26.36078],[89.35593,26.36125],[89.35467,26.35902],[89.34751,26.35455],[89.34536,26.35556],[89.34763,26.35307],[89.35187,26.34592],[89.35168,26.34381],[89.34487,26.339],[89.34145,26.33788],[89.34049,26.33508],[89.33938,26.33303],[89.33913,26.32954],[89.35018,26.33091],[89.35764,26.33307],[89.36154,26.33364],[89.36954,26.33087],[89.37198,26.32935],[89.37855,26.32877],[89.38006,26.33055],[89.3796,26.33356],[89.38641,26.33433],[89.39017,26.33584],[89.39372,26.33538],[89.39716,26.33337],[89.39522,26.33609],[89.39462,26.33911],[89.39273,26.34109],[89.38918,26.34101],[89.38592,26.33984],[89.38246,26.34055],[89.38245,26.34358],[89.38136,26.34558],[89.37832,26.34365],[89.37467,26.34275],[89.37121,26.34818],[89.37172,26.35134],[89.37166,26.35336],[89.36852,26.35607],[89.36489,26.35597]]]},"properties":{"District":"Koch Bihar","Dist_LGD":"329","Sub_dist":"Koch Bihar - Ii","Subdis_LGD":"2184","Subdis_Typ":"Cd_Block","Vill_name":"Kalapani","Vill_Cat":"Rural","Vill_LGD":"308277","arr_project":"asha1,asha2"}},
{"type":"Feature","geometry":{"type":"Polygon","coordinates":[[[89.335,26.32474],[89.34543,26.32063],[89.34405,26.31773],[89.34865,26.31845],[89.35206,26.317],[89.35521,26.31781],[89.35651,26.32227],[89.36158,26.32935],[89.36154,26.33364],[89.35764,26.33307],[89.35018,26.33091],[89.33913,26.32954],[89.33798,26.32729],[89.335,26.32474]]]},"properties":{"District":"Koch Bihar","Dist_LGD":"329","Sub_dist":"Koch Bihar - I","Subdis_LGD":"2183","Subdis_Typ":"Cd_Block","Vill_name":"Barabhita","Vill_Cat":"Rural","Vill_LGD":"308087","arr_project":"asha1,asha2"}},
{"type":"Feature","geometry":{"type":"Polygon","coordinates":[[[89.3667,26.31284],[89.36594,26.31834],[89.36713,26.31952],[89.37198,26.32935],[89.36954,26.33087],[89.36154,26.33364],[89.36158,26.32935],[89.35651,26.32227],[89.35521,26.31781],[89.35206,26.317],[89.34865,26.31845],[89.34405,26.31773],[89.34543,26.32063],[89.335,26.32474],[89.33075,26.32415],[89.32818,26.32127],[89.32787,26.31716],[89.33054,26.31453],[89.33574,26.31397],[89.33724,26.31464],[89.3421,26.31696],[89.34622,26.3161],[89.34633,26.30489],[89.34244,26.30335],[89.34312,26.30061],[89.348,26.29299],[89.34897,26.29486],[89.3527,26.2932],[89.35322,26.29641],[89.35491,26.29876],[89.35781,26.30535],[89.35657,26.30636],[89.36436,26.31185],[89.3667,26.31284]]]},"properties":{"District":"Koch Bihar","Dist_LGD":"329","Sub_dist":"Koch Bihar - I","Subdis_LGD":"2183","Subdis_Typ":"Cd_Block","Vill_name":"Paschim Moamari","Vill_Cat":"Rural","Vill_LGD":"308088","arr_project":"asha1,asha2"}},
{"type":"Feature","geometry":{"type":"Polygon","coordinates":[[[89.3617,26.29368],[89.36522,26.29664],[89.37182,26.29537],[89.377,26.29742],[89.37948,26.30019],[89.38004,26.30594],[89.37855,26.30989],[89.37634,26.31182],[89.36959,26.31185],[89.3667,26.31284],[89.36436,26.31185],[89.35657,26.30636],[89.35781,26.30535],[89.35491,26.29876],[89.35601,26.29409],[89.35734,26.29724],[89.35926,26.29712],[89.3617,26.29368]]]},"properties":{"District":"Koch Bihar","Dist_LGD":"329","Sub_dist":"Koch Bihar - I","Subdis_LGD":"2183","Subdis_Typ":"Cd_Block","Vill_name":"Mainaguri Dighalhati","Vill_Cat":"Rural","Vill_LGD":"308089","arr_project":"asha1,asha2"}},
{"type":"Feature","geometry":{"type":"Polygon","coordinates":[[[89.56361,26.38676],[89.56199,26.38743],[89.55622,26.38666],[89.55276,26.38551],[89.5487,26.38285],[89.5374,26.37814],[89.53378,26.37209],[89.52755,26.36746],[89.52693,26.36738],[89.52634,26.36387],[89.52988,26.35955],[89.52801,26.35665],[89.52769,26.35295],[89.52385,26.35266],[89.52197,26.35106],[89.52214,26.34687],[89.52969,26.33841],[89.53259,26.33848],[89.53389,26.33561],[89.53724,26.33534],[89.54362,26.33696],[89.54729,26.33955],[89.54794,26.34259],[89.55086,26.34365],[89.54983,26.34663],[89.54382,26.34784],[89.54603,26.35149],[89.54624,26.35427],[89.53923,26.35452],[89.53496,26.35627],[89.53576,26.36142],[89.53844,26.36443],[89.5406,26.36294],[89.54137,26.3668],[89.54864,26.36443],[89.55061,26.36587],[89.55432,26.36576],[89.5568,26.36736],[89.55293,26.37448],[89.55525,26.37731],[89.56211,26.37939],[89.5642,26.38099],[89.56453,26.38328],[89.56361,26.38676]]]},"properties":{"District":"Koch Bihar","Dist_LGD":"329","Sub_dist":"Koch Bihar - Ii","Subdis_LGD":"2184","Subdis_Typ":"Cd_Block","Vill_name":"Chaudanga","Vill_Cat":"Rural","Vill_LGD":"308322","arr_project":"asha1,asha2"}},
{"type":"Feature","geometry":{"type":"Polygon","coordinates":[[[89.55234,26.22107],[89.54517,26.23034],[89.54125,26.22951],[89.54075,26.22613],[89.54243,26.2256],[89.54289,26.22253],[89.54557,26.22118],[89.54946,26.22077],[89.55234,26.22107]]]},"properties":{"District":"Koch Bihar","Dist_LGD":"329","Sub_dist":"Koch Bihar - I","Subdis_LGD":"2183","Subdis_Typ":"Cd_Block","Vill_name":"Daharerpar","Vill_Cat":"Rural","Vill_LGD":"308208","arr_project":"asha1,asha2"}},
{"type":"Feature","geometry":{"type":"Polygon","coordinates":[[[89.53702,26.22908],[89.53697,26.22562],[89.53832,26.22259],[89.5406,26.22047],[89.54379,26.22036],[89.54557,26.22118],[89.54289,26.22253],[89.54243,26.2256],[89.54075,26.22613],[89.54125,26.22951],[89.53702,26.22908]]]},"properties":{"District":"Koch Bihar","Dist_LGD":"329","Sub_dist":"Koch Bihar - I","Subdis_LGD":"2183","Subdis_Typ":"Cd_Block","Vill_name":"Chaukuri","Vill_Cat":"Rural","Vill_LGD":"308206","arr_project":"asha1,asha2"}},
{"type":"Feature","geometry":{"type":"Polygon","coordinates":[[[89.54804,26.21139],[89.54877,26.21438],[89.55073,26.21432],[89.55097,26.2185],[89.54946,26.22077],[89.54557,26.22118],[89.54379,26.22036],[89.54183,26.21812],[89.54505,26.21426],[89.54137,26.21387],[89.54349,26.21324],[89.54491,26.21211],[89.54804,26.21139]]]},"properties":{"District":"Koch Bihar","Dist_LGD":"329","Sub_dist":"Koch Bihar - I","Subdis_LGD":"2183","Subdis_Typ":"Cd_Block","Vill_name":"Chatra Chekapdara","Vill_Cat":"Rural","Vill_LGD":"308209","arr_project":"asha1,asha2"}},
{"type":"Feature","geometry":{"type":"Polygon","coordinates":[[[89.57328,26.20831],[89.56546,26.20943],[89.5622,26.21346],[89.55975,26.21348],[89.55406,26.21747],[89.55234,26.22107],[89.54946,26.22077],[89.55097,26.2185],[89.55073,26.21432],[89.54877,26.21438],[89.54804,26.21139],[89.55092,26.20682],[89.55493,26.21048],[89.55786,26.21141],[89.56098,26.20984],[89.56397,26.20955],[89.5701,26.20764],[89.57328,26.20831]]]},"properties":{"District":"Koch Bihar","Dist_LGD":"329","Sub_dist":"Koch Bihar - I","Subdis_LGD":"2183","Subdis_Typ":"Cd_Block","Vill_name":"Kanikata Seoraguri","Vill_Cat":"Rural","Vill_LGD":"308210","arr_project":"asha1,asha2"}},
{"type":"Feature","geometry":{"type":"Polygon","coordinates":[[[89.52852,26.23066],[89.53202,26.22691],[89.53475,26.22091],[89.53554,26.21683],[89.5394,26.21678],[89.54137,26.21387],[89.54505,26.21426],[89.54183,26.21812],[89.54379,26.22036],[89.5406,26.22047],[89.53832,26.22259],[89.53697,26.22562],[89.53702,26.22908],[89.53559,26.2311],[89.53187,26.23281],[89.52708,26.23208],[89.52852,26.23066]]]},"properties":{"District":"Koch Bihar","Dist_LGD":"329","Sub_dist":"Koch Bihar - I","Subdis_LGD":"2183","Subdis_Typ":"Cd_Block","Vill_name":"Barapak","Vill_Cat":"Rural","Vill_LGD":"308205","arr_project":"asha1,asha2"}},
{"type":"Feature","geometry":{"type":"Polygon","coordinates":[[[89.54137,26.21387],[89.5394,26.21678],[89.53554,26.21683],[89.53475,26.22091],[89.53202,26.22691],[89.52852,26.23066],[89.52598,26.22901],[89.52972,26.22568],[89.52906,26.22423],[89.53,26.21754],[89.52796,26.21239],[89.52184,26.20655],[89.52024,26.20481],[89.51285,26.20354],[89.51219,26.20166],[89.51528,26.20088],[89.51786,26.20191],[89.52551,26.20297],[89.52929,26.20449],[89.53411,26.20821],[89.53594,26.20622],[89.53867,26.20732],[89.54182,26.20901],[89.54117,26.20999],[89.54337,26.21313],[89.54491,26.21211],[89.54349,26.21324],[89.54137,26.21387]]]},"properties":{"District":"Koch Bihar","Dist_LGD":"329","Sub_dist":"Koch Bihar - I","Subdis_LGD":"2183","Subdis_Typ":"Cd_Block","Vill_name":"Dhumpur Balasi","Vill_Cat":"Rural","Vill_LGD":"308204","arr_project":"asha1,asha2"}},
{"type":"Feature","geometry":{"type":"Polygon","coordinates":[[[89.52184,26.20655],[89.52796,26.21239],[89.53,26.21754],[89.52906,26.22423],[89.52972,26.22568],[89.52598,26.22901],[89.52524,26.22931],[89.52244,26.22663],[89.52001,26.22628],[89.51932,26.2208],[89.51708,26.21759],[89.51869,26.2165],[89.52219,26.21474],[89.52247,26.20975],[89.52184,26.20655]]]},"properties":{"District":"Koch Bihar","Dist_LGD":"329","Sub_dist":"Koch Bihar - I","Subdis_LGD":"2183","Subdis_Typ":"Cd_Block","Vill_name":"Panimarar Kuthi","Vill_Cat":"Rural","Vill_LGD":"308203","arr_project":"asha1,asha2"}},
{"type":"Feature","geometry":{"type":"Polygon","coordinates":[[[89.46073,26.23104],[89.4561,26.22967],[89.45551,26.22733],[89.45178,26.22223],[89.44866,26.22224],[89.44784,26.22551],[89.44994,26.22774],[89.45138,26.23237],[89.4507,26.2334],[89.44527,26.23529],[89.44372,26.23935],[89.43922,26.23581],[89.43453,26.23671],[89.43189,26.23812],[89.43165,26.2331],[89.43687,26.23211],[89.43456,26.22883],[89.43512,26.21965],[89.44102,26.21954],[89.44427,26.22043],[89.4433,26.21589],[89.44608,26.21389],[89.44809,26.21633],[89.44776,26.21971],[89.44982,26.22138],[89.45522,26.22097],[89.45905,26.22356],[89.46108,26.2289],[89.46235,26.23007],[89.46073,26.23104]]]},"properties":{"District":"Koch Bihar","Dist_LGD":"329","Sub_dist":"Koch Bihar - I","Subdis_LGD":"2183","Subdis_Typ":"Cd_Block","Vill_name":"Nakkati","Vill_Cat":"Rural","Vill_LGD":"308180","arr_project":"asha1,asha2"}},
{"type":"Feature","geometry":{"type":"Polygon","coordinates":[[[89.43189,26.23812],[89.43453,26.23671],[89.43922,26.23581],[89.44372,26.23935],[89.44853,26.24209],[89.44924,26.24342],[89.45032,26.25228],[89.44644,26.25277],[89.44601,26.2572],[89.44443,26.25817],[89.44135,26.25576],[89.44146,26.25358],[89.43949,26.25116],[89.43834,26.24676],[89.43267,26.2427],[89.4312,26.24418],[89.42857,26.24223],[89.42393,26.24182],[89.42338,26.23938],[89.43088,26.2393],[89.43189,26.23812]]]},"properties":{"District":"Koch Bihar","Dist_LGD":"329","Sub_dist":"Koch Bihar - I","Subdis_LGD":"2183","Subdis_Typ":"Cd_Block","Vill_name":"Dayaler Chhara","Vill_Cat":"Rural","Vill_LGD":"308179","arr_project":"asha1,asha2"}},
{"type":"Feature","geometry":{"type":"Polygon","coordinates":[[[89.41905,26.24839],[89.42487,26.24797],[89.42991,26.24636],[89.4312,26.24418],[89.43267,26.2427],[89.43834,26.24676],[89.43949,26.25116],[89.44146,26.25358],[89.44135,26.25576],[89.44443,26.25817],[89.4434,26.25997],[89.43984,26.26024],[89.4369,26.25856],[89.42945,26.25932],[89.42851,26.26334],[89.42593,26.26474],[89.42307,26.26783],[89.41692,26.26791],[89.41532,26.26574],[89.41613,26.25812],[89.41738,26.2537],[89.41878,26.253],[89.41905,26.24839]]]},"properties":{"District":"Koch Bihar","Dist_LGD":"329","Sub_dist":"Koch Bihar - I","Subdis_LGD":"2183","Subdis_Typ":"Cd_Block","Vill_name":"Simulguri","Vill_Cat":"Rural","Vill_LGD":"308097","arr_project":"asha1,asha2"}},
{"type":"Feature","geometry":{"type":"Polygon","coordinates":[[[89.40732,26.27467],[89.40226,26.27354],[89.39914,26.27055],[89.39958,26.26442],[89.39769,26.26124],[89.398,26.2585],[89.40216,26.25632],[89.40889,26.25701],[89.409,26.25995],[89.40739,26.26133],[89.40356,26.26499],[89.40395,26.27031],[89.40712,26.27204],[89.40732,26.27467]]]},"properties":{"District":"Koch Bihar","Dist_LGD":"329","Sub_dist":"Koch Bihar - I","Subdis_LGD":"2183","Subdis_Typ":"Cd_Block","Vill_name":"Sonakhuli","Vill_Cat":"Rural","Vill_LGD":"308165","arr_project":"asha1,asha2"}},
{"type":"Feature","geometry":{"type":"Polygon","coordinates":[[[89.39574,26.23887],[89.39932,26.23624],[89.40209,26.23266],[89.40286,26.23007],[89.40537,26.22765],[89.40792,26.22765],[89.41087,26.2303],[89.41164,26.23518],[89.4141,26.23916],[89.41173,26.24008],[89.40877,26.23771],[89.40804,26.24548],[89.40922,26.24663],[89.40491,26.24884],[89.40458,26.24671],[89.40184,26.24456],[89.39695,26.24631],[89.39317,26.24411],[89.39523,26.24225],[89.39574,26.23887]]]},"properties":{"District":"Koch Bihar","Dist_LGD":"329","Sub_dist":"Koch Bihar - I","Subdis_LGD":"2183","Subdis_Typ":"Cd_Block","Vill_name":"Rasidanga Pratham Khanda","Vill_Cat":"Rural","Vill_LGD":"308170","arr_project":"asha1,asha2"}},
{"type":"Feature","geometry":{"type":"Polygon","coordinates":[[[89.32805,26.28671],[89.33092,26.28692],[89.33109,26.29123],[89.32776,26.2918],[89.32569,26.29077],[89.32805,26.28671]]]},"properties":{"District":"Koch Bihar","Dist_LGD":"329","Sub_dist":"Koch Bihar - I","Subdis_LGD":"2183","Subdis_Typ":"Cd_Block","Vill_name":"Bengdubgiriar Kuthi","Vill_Cat":"Rural","Vill_LGD":"308107","arr_project":"asha1,asha2"}},
{"type":"Feature","geometry":{"type":"Polygon","coordinates":[[[89.32569,26.29077],[89.32155,26.29338],[89.31708,26.29119],[89.31216,26.28335],[89.30833,26.28566],[89.30709,26.28234],[89.31011,26.27931],[89.30887,26.27607],[89.30926,26.27005],[89.30817,26.26465],[89.31027,26.26343],[89.31373,26.26453],[89.31959,26.26828],[89.32383,26.27251],[89.32278,26.27512],[89.32331,26.27757],[89.32872,26.285],[89.32805,26.28671],[89.32569,26.29077]]]},"properties":{"District":"Koch Bihar","Dist_LGD":"329","Sub_dist":"Koch Bihar - I","Subdis_LGD":"2183","Subdis_Typ":"Cd_Block","Vill_name":"Brahmottar Kasal Danga","Vill_Cat":"Rural","Vill_LGD":"308110","arr_project":"asha1,asha2"}},
{"type":"Feature","geometry":{"type":"Polygon","coordinates":[[[89.32872,26.285],[89.33344,26.28133],[89.33859,26.28062],[89.34103,26.28423],[89.34155,26.28805],[89.34435,26.29111],[89.33568,26.29225],[89.33109,26.29123],[89.33092,26.28692],[89.32805,26.28671],[89.32872,26.285]]]},"properties":{"District":"Koch Bihar","Dist_LGD":"329","Sub_dist":"Koch Bihar - I","Subdis_LGD":"2183","Subdis_Typ":"Cd_Block","Vill_name":"Baghmara","Vill_Cat":"Rural","Vill_LGD":"308108","arr_project":"asha1,asha2"}},
{"type":"Feature","geometry":{"type":"Polygon","coordinates":[[[89.34762,26.29241],[89.35122,26.28797],[89.35142,26.28324],[89.35015,26.28102],[89.35505,26.28109],[89.3595,26.28356],[89.35897,26.28844],[89.35654,26.2892],[89.35601,26.29409],[89.35491,26.29876],[89.35322,26.29641],[89.3527,26.2932],[89.34897,26.29486],[89.348,26.29299],[89.34762,26.29241]]]},"properties":{"District":"Koch Bihar","Dist_LGD":"329","Sub_dist":"Koch Bihar - I","Subdis_LGD":"2183","Subdis_Typ":"Cd_Block","Vill_name":"Chhat Elajan","Vill_Cat":"Rural","Vill_LGD":"308104","arr_project":"asha1,asha2"}},
{"type":"Feature","geometry":{"type":"Polygon","coordinates":[[[89.35897,26.28844],[89.36191,26.28814],[89.3639,26.29181],[89.3617,26.29368],[89.35926,26.29712],[89.35734,26.29724],[89.35601,26.29409],[89.35654,26.2892],[89.35897,26.28844]]]},"properties":{"District":"Koch Bihar","Dist_LGD":"329","Sub_dist":"Koch Bihar - I","Subdis_LGD":"2183","Subdis_Typ":"Cd_Block","Vill_name":"Mainaguri Singijani","Vill_Cat":"Rural","Vill_LGD":"308103","arr_project":"asha1,asha2"}},
{"type":"Feature","geometry":{"type":"Polygon","coordinates":[[[89.38596,26.24569],[89.39317,26.24411],[89.39695,26.24631],[89.40184,26.24456],[89.40458,26.24671],[89.40491,26.24884],[89.40417,26.25267],[89.40216,26.25632],[89.398,26.2585],[89.39769,26.26124],[89.39611,26.26238],[89.39284,26.25921],[89.38337,26.25828],[89.38013,26.25274],[89.38034,26.25143],[89.38329,26.24768],[89.38596,26.24569]]]},"properties":{"District":"Koch Bihar","Dist_LGD":"329","Sub_dist":"Koch Bihar - I","Subdis_LGD":"2183","Subdis_Typ":"Cd_Block","Vill_name":"Silkhuri Bas","Vill_Cat":"Rural","Vill_LGD":"308163","arr_project":"asha1,asha2"}},
{"type":"Feature","geometry":{"type":"Polygon","coordinates":[[[89.36179,26.27141],[89.36461,26.26398],[89.36146,26.26348],[89.36197,26.25822],[89.35765,26.25615],[89.35669,26.25869],[89.35042,26.25745],[89.34653,26.25753],[89.34447,26.25491],[89.34656,26.25327],[89.35205,26.2539],[89.35423,26.24933],[89.34916,26.24695],[89.34723,26.24782],[89.34356,26.24582],[89.34415,26.24213],[89.3496,26.24016],[89.35444,26.2394],[89.35837,26.24075],[89.36269,26.23794],[89.36515,26.2353],[89.36586,26.2366],[89.37052,26.23632],[89.37293,26.23776],[89.37303,26.24191],[89.36958,26.24364],[89.37389,26.24574],[89.37708,26.24548],[89.37889,26.25006],[89.38034,26.25143],[89.38013,26.25274],[89.37703,26.25468],[89.37329,26.2554],[89.37191,26.25355],[89.37285,26.24957],[89.36944,26.25009],[89.36861,26.25201],[89.36985,26.2566],[89.37715,26.25903],[89.38001,26.25861],[89.38132,26.2614],[89.38031,26.26164],[89.36999,26.26033],[89.36564,26.26134],[89.36677,26.26545],[89.36493,26.26948],[89.36373,26.27198],[89.36179,26.27141]]]},"properties":{"District":"Koch Bihar","Dist_LGD":"329","Sub_dist":"Koch Bihar - I","Subdis_LGD":"2183","Subdis_Typ":"Cd_Block","Vill_name":"Haldimohan","Vill_Cat":"Rural","Vill_LGD":"308152","arr_project":"asha1,asha2"}},
{"type":"Feature","geometry":{"type":"Polygon","coordinates":[[[89.34356,26.24582],[89.34723,26.24782],[89.34916,26.24695],[89.35423,26.24933],[89.35205,26.2539],[89.34656,26.25327],[89.34501,26.24985],[89.34197,26.24772],[89.34356,26.24582]]]},"properties":{"District":"Koch Bihar","Dist_LGD":"329","Sub_dist":"Koch Bihar - I","Subdis_LGD":"2183","Subdis_Typ":"Cd_Block","Vill_name":"Khalisaguri","Vill_Cat":"Rural","Vill_LGD":"308151","arr_project":"asha1,asha2"}},
{"type":"Feature","geometry":{"type":"Polygon","coordinates":[[[89.33731,26.2676],[89.33737,26.26431],[89.33898,26.26086],[89.34158,26.25957],[89.34007,26.25599],[89.34569,26.25821],[89.34653,26.25753],[89.35042,26.25745],[89.35669,26.25869],[89.35765,26.25615],[89.36197,26.25822],[89.36146,26.26348],[89.36461,26.26398],[89.36179,26.27141],[89.35735,26.27106],[89.35223,26.27146],[89.34868,26.27528],[89.34685,26.27383],[89.33963,26.27242],[89.33793,26.27275],[89.33731,26.2676]]]},"properties":{"District":"Koch Bihar","Dist_LGD":"329","Sub_dist":"Koch Bihar - I","Subdis_LGD":"2183","Subdis_Typ":"Cd_Block","Vill_name":"Morangamari","Vill_Cat":"Rural","Vill_LGD":"308153","arr_project":"asha1,asha2"}},
{"type":"Feature","geometry":{"type":"Polygon","coordinates":[[[89.32383,26.27251],[89.3287,26.27165],[89.33549,26.27402],[89.33497,26.27688],[89.33891,26.27847],[89.33859,26.28062],[89.33344,26.28133],[89.32872,26.285],[89.32331,26.27757],[89.32278,26.27512],[89.32383,26.27251]]]},"properties":{"District":"Koch Bihar","Dist_LGD":"329","Sub_dist":"Koch Bihar - I","Subdis_LGD":"2183","Subdis_Typ":"Cd_Block","Vill_name":"Katamari","Vill_Cat":"Rural","Vill_LGD":"308109","arr_project":"asha1,asha2"}},
{"type":"Feature","geometry":{"type":"Polygon","coordinates":[[[89.31027,26.26343],[89.30838,26.26165],[89.31261,26.25932],[89.31421,26.26084],[89.31949,26.26142],[89.32396,26.25939],[89.32635,26.25968],[89.32753,26.26582],[89.33003,26.26797],[89.33504,26.26857],[89.33731,26.2676],[89.33793,26.27275],[89.33549,26.27402],[89.3287,26.27165],[89.32383,26.27251],[89.31959,26.26828],[89.31373,26.26453],[89.31027,26.26343]]]},"properties":{"District":"Koch Bihar","Dist_LGD":"329","Sub_dist":"Koch Bihar - I","Subdis_LGD":"2183","Subdis_Typ":"Cd_Block","Vill_name":"Hastabud Kasaldanga","Vill_Cat":"Rural","Vill_LGD":"308121","arr_project":"asha1,asha2"}},
{"type":"Feature","geometry":{"type":"Polygon","coordinates":[[[89.31949,26.26142],[89.32053,26.25659],[89.32503,26.25704],[89.32635,26.25968],[89.32396,26.25939],[89.31949,26.26142]]]},"properties":{"District":"Koch Bihar","Dist_LGD":"329","Sub_dist":"Koch Bihar - I","Subdis_LGD":"2183","Subdis_Typ":"Cd_Block","Vill_name":"Andaran Kasaldanga","Vill_Cat":"Rural","Vill_LGD":"308120","arr_project":"asha1,asha2"}},
{"type":"Feature","geometry":{"type":"Polygon","coordinates":[[[89.30817,26.26465],[89.30343,26.26484],[89.29564,26.2611],[89.29456,26.2598],[89.29556,26.25809],[89.3026,26.25598],[89.30426,26.25194],[89.30681,26.25014],[89.31137,26.24716],[89.31036,26.24411],[89.30772,26.24402],[89.30414,26.24731],[89.30265,26.24456],[89.29922,26.24408],[89.29659,26.24197],[89.30325,26.2384],[89.30549,26.23367],[89.30938,26.2332],[89.3114,26.23538],[89.31114,26.23928],[89.31212,26.24186],[89.31618,26.24361],[89.32121,26.24462],[89.3266,26.24433],[89.32883,26.24568],[89.32765,26.24836],[89.32243,26.24955],[89.32277,26.25139],[89.32552,26.25222],[89.3283,26.25529],[89.32503,26.25704],[89.32053,26.25659],[89.31949,26.26142],[89.31421,26.26084],[89.31261,26.25932],[89.30838,26.26165],[89.31027,26.26343],[89.30817,26.26465]]]},"properties":{"District":"Koch Bihar","Dist_LGD":"329","Sub_dist":"Koch Bihar - I","Subdis_LGD":"2183","Subdis_Typ":"Cd_Block","Vill_name":"Rajpur","Vill_Cat":"Rural","Vill_LGD":"308119","arr_project":"asha1,asha2"}},
{"type":"Feature","geometry":{"type":"Polygon","coordinates":[[[89.30414,26.24731],[89.30772,26.24402],[89.31036,26.24411],[89.31137,26.24716],[89.30681,26.25014],[89.30414,26.24731]]]},"properties":{"District":"Koch Bihar","Dist_LGD":"329","Sub_dist":"Koch Bihar - I","Subdis_LGD":"2183","Subdis_Typ":"Cd_Block","Vill_name":"Kasiabari","Vill_Cat":"Rural","Vill_LGD":"308125","arr_project":"asha1,asha2"}},
{"type":"Feature","geometry":{"type":"Polygon","coordinates":[[[89.46697,26.32701],[89.46669,26.32828],[89.46972,26.33226],[89.46941,26.33416],[89.46353,26.33918],[89.4606,26.3383],[89.45748,26.3359],[89.45636,26.33148],[89.45278,26.33221],[89.44314,26.3327],[89.44068,26.3345],[89.43684,26.33439],[89.43633,26.3323],[89.43255,26.32922],[89.42826,26.32175],[89.42726,26.31814],[89.42757,26.31582],[89.42997,26.31361],[89.43437,26.31182],[89.43693,26.31104],[89.4394,26.30759],[89.44415,26.30546],[89.44612,26.30593],[89.4477,26.3099],[89.44738,26.3145],[89.44902,26.31639],[89.45598,26.31818],[89.46332,26.31651],[89.4674,26.31611],[89.46805,26.32146],[89.46641,26.32318],[89.46697,26.32701]]]},"properties":{"District":"Koch Bihar","Dist_LGD":"329","Sub_dist":"Koch Bihar - I","Subdis_LGD":"2183","Subdis_Typ":"Cd_Block","Vill_name":"Koch Bihar (M)","Vill_Cat":"Fully_Urban","Vill_LGD":"801646","arr_project":"asha1,asha2"}},
{"type":"Feature","geometry":{"type":"Polygon","coordinates":[[[89.29308,26.19158],[89.2931,26.18953],[89.29975,26.19],[89.30141,26.1914],[89.30174,26.19551],[89.29975,26.19604],[89.2969,26.19204],[89.29308,26.19158]]]},"properties":{"District":"Koch Bihar","Dist_LGD":"329","Sub_dist":"Koch Bihar - I","Subdis_LGD":"2183","Subdis_Typ":"Cd_Block","Vill_name":"Dakshin Putimari Phuleswari","Vill_Cat":"Rural","Vill_LGD":"308133","arr_project":"asha1,asha2"}},
{"type":"Feature","geometry":{"type":"Polygon","coordinates":[[[89.3271,26.18705],[89.32243,26.18947],[89.31969,26.18789],[89.31734,26.18534],[89.31724,26.18205],[89.31514,26.17903],[89.3179,26.17826],[89.3206,26.1798],[89.32381,26.17848],[89.32452,26.18472],[89.3271,26.18705]]]},"properties":{"District":"Koch Bihar","Dist_LGD":"329","Sub_dist":"Koch Bihar - I","Subdis_LGD":"2183","Subdis_Typ":"Cd_Block","Vill_name":"Brahmattar Garkhola","Vill_Cat":"Rural","Vill_LGD":"308141","arr_project":"asha1,asha2"}},
{"type":"Feature","geometry":{"type":"Polygon","coordinates":[[[89.31969,26.18789],[89.32243,26.18947],[89.3271,26.18705],[89.32977,26.18878],[89.32993,26.19138],[89.32738,26.19141],[89.32868,26.19599],[89.32832,26.19992],[89.33298,26.20023],[89.335,26.20252],[89.3296,26.20303],[89.32629,26.20036],[89.32315,26.19697],[89.31899,26.19604],[89.31969,26.18789]]]},"properties":{"District":"Koch Bihar","Dist_LGD":"329","Sub_dist":"Koch Bihar - I","Subdis_LGD":"2183","Subdis_Typ":"Cd_Block","Vill_name":"Hatiram Salbari","Vill_Cat":"Rural","Vill_LGD":"308140","arr_project":"asha1,asha2"}},
{"type":"Feature","geometry":{"type":"Polygon","coordinates":[[[89.31275,26.20179],[89.3166,26.20063],[89.32533,26.20216],[89.32629,26.20036],[89.3296,26.20303],[89.335,26.20252],[89.33745,26.20486],[89.33668,26.20664],[89.33058,26.20608],[89.329,26.2071],[89.32233,26.20639],[89.32359,26.21048],[89.31943,26.21203],[89.31668,26.20921],[89.31631,26.20699],[89.31357,26.20641],[89.31275,26.20179]]]},"properties":{"District":"Koch Bihar","Dist_LGD":"329","Sub_dist":"Koch Bihar - I","Subdis_LGD":"2183","Subdis_Typ":"Cd_Block","Vill_name":"Paitakapara","Vill_Cat":"Rural","Vill_LGD":"308139","arr_project":"asha1,asha2"}},
{"type":"Feature","geometry":{"type":"Polygon","coordinates":[[[89.39574,26.23887],[89.39537,26.23288],[89.39361,26.22864],[89.39381,26.22112],[89.39729,26.22178],[89.40067,26.22921],[89.40286,26.23007],[89.40209,26.23266],[89.39932,26.23624],[89.39574,26.23887]]]},"properties":{"District":"Koch Bihar","Dist_LGD":"329","Sub_dist":"Koch Bihar - I","Subdis_LGD":"2183","Subdis_Typ":"Cd_Block","Vill_name":"Sialdaha Pratham Khanda","Vill_Cat":"Rural","Vill_LGD":"308171","arr_project":"asha1,asha2"}},
{"type":"Feature","geometry":{"type":"Polygon","coordinates":[[[89.39443,26.21317],[89.3983,26.21294],[89.39972,26.21437],[89.39901,26.21693],[89.39542,26.2177],[89.39443,26.21317]]]},"properties":{"District":"Koch Bihar","Dist_LGD":"329","Sub_dist":"Koch Bihar - I","Subdis_LGD":"2183","Subdis_Typ":"Cd_Block","Vill_name":"Sialdaha Dwitia Khanda","Vill_Cat":"Rural","Vill_LGD":"308173","arr_project":"asha1,asha2"}},
{"type":"Feature","geometry":{"type":"Polygon","coordinates":[[[89.39391,26.21314],[89.39162,26.21377],[89.38994,26.20959],[89.39161,26.20794],[89.39049,26.20211],[89.3911,26.20009],[89.38815,26.19934],[89.38661,26.20266],[89.38757,26.20552],[89.38548,26.20695],[89.38322,26.20621],[89.38433,26.20162],[89.38631,26.19963],[89.38676,26.19409],[89.39319,26.19538],[89.39759,26.19717],[89.39326,26.1977],[89.39564,26.20072],[89.39675,26.20412],[89.39576,26.20745],[89.39349,26.21078],[89.39391,26.21314]]]},"properties":{"District":"Koch Bihar","Dist_LGD":"329","Sub_dist":"Koch Bihar - I","Subdis_LGD":"2183","Subdis_Typ":"Cd_Block","Vill_name":"Jhal Jhali","Vill_Cat":"Rural","Vill_LGD":"308174","arr_project":"asha1,asha2"}},
{"type":"Feature","geometry":{"type":"Polygon","coordinates":[[[89.41781,26.20382],[89.41346,26.20402],[89.4106,26.20534],[89.40927,26.20784],[89.40522,26.20606],[89.39675,26.20412],[89.39564,26.20072],[89.39326,26.1977],[89.39759,26.19717],[89.40359,26.19732],[89.41147,26.19692],[89.41182,26.19518],[89.41587,26.19473],[89.41625,26.19814],[89.41797,26.20318],[89.41781,26.20382]]]},"properties":{"District":"Koch Bihar","Dist_LGD":"329","Sub_dist":"Koch Bihar - I","Subdis_LGD":"2183","Subdis_Typ":"Cd_Block","Vill_name":"Chhota Nalangibari","Vill_Cat":"Rural","Vill_LGD":"308175","arr_project":"asha1,asha2"}},
{"type":"Feature","geometry":{"type":"Polygon","coordinates":[[[89.39675,26.20412],[89.40522,26.20606],[89.40927,26.20784],[89.4106,26.20534],[89.41346,26.20402],[89.41781,26.20382],[89.41826,26.20618],[89.41715,26.21025],[89.41341,26.21221],[89.41216,26.2149],[89.41657,26.21633],[89.41437,26.21867],[89.41194,26.21789],[89.41007,26.22051],[89.40983,26.22506],[89.40792,26.22765],[89.40537,26.22765],[89.40286,26.23007],[89.40067,26.22921],[89.39729,26.22178],[89.39542,26.2177],[89.39901,26.21693],[89.39972,26.21437],[89.3983,26.21294],[89.39443,26.21317],[89.39391,26.21314],[89.39349,26.21078],[89.39576,26.20745],[89.39675,26.20412]]]},"properties":{"District":"Koch Bihar","Dist_LGD":"329","Sub_dist":"Koch Bihar - I","Subdis_LGD":"2183","Subdis_Typ":"Cd_Block","Vill_name":"Bara Nalangibari","Vill_Cat":"Rural","Vill_LGD":"308172","arr_project":"asha1,asha2"}},
{"type":"Feature","geometry":{"type":"Polygon","coordinates":[[[89.37293,26.23776],[89.37712,26.23912],[89.37983,26.23809],[89.38461,26.24041],[89.38412,26.24314],[89.38596,26.24569],[89.38329,26.24768],[89.38034,26.25143],[89.37889,26.25006],[89.37708,26.24548],[89.37389,26.24574],[89.36958,26.24364],[89.37303,26.24191],[89.37293,26.23776]]]},"properties":{"District":"Koch Bihar","Dist_LGD":"329","Sub_dist":"Koch Bihar - I","Subdis_LGD":"2183","Subdis_Typ":"Cd_Block","Vill_name":"Silkhuri Pratham Khanda","Vill_Cat":"Rural","Vill_LGD":"308162","arr_project":"asha1,asha2"}},
{"type":"Feature","geometry":{"type":"Polygon","coordinates":[[[89.34106,26.24758],[89.34067,26.2451],[89.33585,26.24433],[89.33562,26.24254],[89.34128,26.24111],[89.33799,26.23962],[89.34106,26.23776],[89.33909,26.2335],[89.34128,26.23093],[89.34813,26.23015],[89.35044,26.22839],[89.354,26.23079],[89.35429,26.22633],[89.35779,26.22856],[89.36142,26.22924],[89.36438,26.23096],[89.36515,26.2353],[89.36269,26.23794],[89.35837,26.24075],[89.35444,26.2394],[89.3496,26.24016],[89.34415,26.24213],[89.34356,26.24582],[89.34197,26.24772],[89.34106,26.24758]]]},"properties":{"District":"Koch Bihar","Dist_LGD":"329","Sub_dist":"Koch Bihar - I","Subdis_LGD":"2183","Subdis_Typ":"Cd_Block","Vill_name":"Kachamari","Vill_Cat":"Rural","Vill_LGD":"308150","arr_project":"asha1,asha2"}},
{"type":"Feature","geometry":{"type":"Polygon","coordinates":[[[89.3114,26.23538],[89.3143,26.23521],[89.31518,26.23247],[89.31375,26.22955],[89.31515,26.22654],[89.31905,26.22381],[89.32415,26.22329],[89.33033,26.22476],[89.33081,26.22193],[89.33313,26.22287],[89.33032,26.22683],[89.33285,26.23035],[89.33918,26.2291],[89.34018,26.22815],[89.34394,26.22731],[89.34876,26.22485],[89.35053,26.22724],[89.35429,26.22633],[89.354,26.23079],[89.35044,26.22839],[89.34813,26.23015],[89.34128,26.23093],[89.33909,26.2335],[89.34106,26.23776],[89.33799,26.23962],[89.34128,26.24111],[89.33562,26.24254],[89.33585,26.24433],[89.34067,26.2451],[89.34106,26.24758],[89.33769,26.24672],[89.33543,26.24742],[89.33344,26.25136],[89.33085,26.2546],[89.3283,26.25529],[89.32552,26.25222],[89.32277,26.25139],[89.32243,26.24955],[89.32765,26.24836],[89.32883,26.24568],[89.3266,26.24433],[89.32121,26.24462],[89.31618,26.24361],[89.31212,26.24186],[89.31114,26.23928],[89.3114,26.23538]]]},"properties":{"District":"Koch Bihar","Dist_LGD":"329","Sub_dist":"Koch Bihar - I","Subdis_LGD":"2183","Subdis_Typ":"Cd_Block","Vill_name":"Chandamari","Vill_Cat":"Rural","Vill_LGD":"308124","arr_project":"asha1,asha2"}},
{"type":"Feature","geometry":{"type":"Polygon","coordinates":[[[89.3514,26.21295],[89.35301,26.21615],[89.35683,26.21556],[89.3607,26.21844],[89.36252,26.21876],[89.36362,26.22109],[89.3631,26.22485],[89.35781,26.22094],[89.35374,26.22225],[89.35117,26.22109],[89.34876,26.22485],[89.34394,26.22731],[89.34018,26.22815],[89.3389,26.2258],[89.34131,26.22059],[89.34724,26.21454],[89.3514,26.21295]]]},"properties":{"District":"Koch Bihar","Dist_LGD":"329","Sub_dist":"Koch Bihar - I","Subdis_LGD":"2183","Subdis_Typ":"Cd_Block","Vill_name":"Jibramerkuthi","Vill_Cat":"Rural","Vill_LGD":"308149","arr_project":"asha1,asha2"}},
{"type":"Feature","geometry":{"type":"Polygon","coordinates":[[[89.69369,26.36432],[89.69659,26.36299],[89.70191,26.36194],[89.70457,26.36644],[89.70205,26.36443],[89.69948,26.36623],[89.69432,26.36554],[89.69369,26.36432]]]},"properties":{"District":"Koch Bihar","Dist_LGD":"329","Sub_dist":"Tufanganj - Ii","Subdis_LGD":"2186","Subdis_Typ":"Cd_Block","Vill_name":"Bichhandai","Vill_Cat":"Rural","Vill_LGD":"308421","arr_project":"asha1,asha2"}},
{"type":"Feature","geometry":{"type":"Polygon","coordinates":[[[89.70125,26.35701],[89.70432,26.34858],[89.7079,26.34737],[89.71116,26.34906],[89.71259,26.34754],[89.71926,26.34678],[89.71922,26.34864],[89.72282,26.35202],[89.72894,26.35371],[89.72495,26.3585],[89.72467,26.36115],[89.72256,26.36182],[89.71857,26.35916],[89.71333,26.35982],[89.7117,26.36355],[89.71348,26.36546],[89.71008,26.36744],[89.70829,26.36604],[89.70457,26.36644],[89.70191,26.36194],[89.70125,26.35701]]]},"properties":{"District":"Koch Bihar","Dist_LGD":"329","Sub_dist":"Tufanganj - Ii","Subdis_LGD":"2186","Subdis_Typ":"Cd_Block","Vill_name":"Bajrapur","Vill_Cat":"Rural","Vill_LGD":"308423","arr_project":"asha1,asha2"}},
{"type":"Feature","geometry":{"type":"Polygon","coordinates":[[[89.71926,26.34678],[89.72192,26.34362],[89.72728,26.34251],[89.72728,26.34124],[89.73317,26.34126],[89.73455,26.34399],[89.74004,26.34332],[89.74137,26.34412],[89.74002,26.34859],[89.74393,26.34772],[89.74634,26.35051],[89.75059,26.34612],[89.75291,26.34629],[89.75537,26.35018],[89.75483,26.35488],[89.74929,26.35825],[89.74277,26.36315],[89.74046,26.36616],[89.73844,26.37097],[89.73424,26.36845],[89.73113,26.36811],[89.72802,26.36959],[89.72618,26.37373],[89.72302,26.3711],[89.72633,26.36854],[89.72777,26.36442],[89.7262,26.36102],[89.72467,26.36115],[89.72495,26.3585],[89.72894,26.35371],[89.72282,26.35202],[89.71922,26.34864],[89.71926,26.34678]]]},"properties":{"District":"Koch Bihar","Dist_LGD":"329","Sub_dist":"Tufanganj - Ii","Subdis_LGD":"2186","Subdis_Typ":"Cd_Block","Vill_name":"Dhaldabri","Vill_Cat":"Rural","Vill_LGD":"308433","arr_project":"asha1,asha2"}},
{"type":"Feature","geometry":{"type":"Polygon","coordinates":[[[89.78471,26.35271],[89.77999,26.3556],[89.77942,26.35896],[89.7812,26.36295],[89.77756,26.36258],[89.77301,26.36316],[89.77052,26.36551],[89.76683,26.36531],[89.76481,26.36388],[89.76179,26.36429],[89.76007,26.36311],[89.7575,26.36387],[89.75788,26.36046],[89.75544,26.36041],[89.75483,26.35488],[89.75537,26.35018],[89.75291,26.34629],[89.75375,26.34294],[89.75301,26.34008],[89.75613,26.33684],[89.75663,26.33334],[89.75346,26.32962],[89.75197,26.32649],[89.75302,26.32432],[89.75429,26.32293],[89.75784,26.32093],[89.76031,26.3166],[89.7627,26.31597],[89.76569,26.31695],[89.76909,26.32129],[89.76929,26.32429],[89.76623,26.32707],[89.7607,26.32899],[89.75935,26.33152],[89.76278,26.33629],[89.76537,26.3384],[89.76877,26.33882],[89.76776,26.33606],[89.77078,26.33394],[89.77937,26.33395],[89.78357,26.33518],[89.7816,26.34088],[89.78183,26.34545],[89.78318,26.3514],[89.78471,26.35271]]]},"properties":{"District":"Koch Bihar","Dist_LGD":"329","Sub_dist":"Tufanganj - Ii","Subdis_LGD":"2186","Subdis_Typ":"Cd_Block","Vill_name":"Bhanukumari","Vill_Cat":"Rural","Vill_LGD":"308430","arr_project":"asha1,asha2"}},
{"type":"Feature","geometry":{"type":"Polygon","coordinates":[[[89.79836,26.36011],[89.80119,26.36392],[89.80269,26.36781],[89.80201,26.37093],[89.79742,26.37407],[89.79198,26.37533],[89.79027,26.37942],[89.78878,26.37918],[89.78557,26.37849],[89.78569,26.37416],[89.77716,26.37283],[89.78068,26.36866],[89.77665,26.36775],[89.7745,26.37096],[89.77243,26.372],[89.77028,26.36989],[89.77063,26.36788],[89.77052,26.36551],[89.77301,26.36316],[89.77756,26.36258],[89.7812,26.36295],[89.77942,26.35896],[89.77999,26.3556],[89.78471,26.35271],[89.79002,26.35694],[89.79305,26.35868],[89.79836,26.36011]]]},"properties":{"District":"Koch Bihar","Dist_LGD":"329","Sub_dist":"Tufanganj - Ii","Subdis_LGD":"2186","Subdis_Typ":"Cd_Block","Vill_name":"Phersabari","Vill_Cat":"Rural","Vill_LGD":"308429","arr_project":"asha1,asha2"}},
{"type":"Feature","geometry":{"type":"Polygon","coordinates":[[[89.75427,26.38432],[89.7552,26.38141],[89.75192,26.37733],[89.75514,26.37368],[89.75862,26.37239],[89.76332,26.37219],[89.76508,26.36806],[89.77063,26.36788],[89.77028,26.36989],[89.77243,26.372],[89.7745,26.37096],[89.77665,26.36775],[89.78068,26.36866],[89.77716,26.37283],[89.77915,26.37822],[89.78476,26.38053],[89.77827,26.3848],[89.77961,26.39288],[89.77657,26.3929],[89.77519,26.40352],[89.77237,26.40725],[89.76737,26.40942],[89.76241,26.40899],[89.75988,26.40699],[89.75937,26.40304],[89.7553,26.40365],[89.75376,26.40271],[89.75304,26.39944],[89.74963,26.4011],[89.74861,26.40527],[89.74558,26.40529],[89.74474,26.40224],[89.74005,26.39984],[89.74039,26.39507],[89.74386,26.39353],[89.74786,26.39581],[89.74863,26.39871],[89.75156,26.39732],[89.75255,26.39286],[89.75451,26.39257],[89.75427,26.38432]]]},"properties":{"District":"Koch Bihar","Dist_LGD":"329","Sub_dist":"Tufanganj - Ii","Subdis_LGD":"2186","Subdis_Typ":"Cd_Block","Vill_name":"Mahishkuchi","Vill_Cat":"Rural","Vill_LGD":"308427","arr_project":"asha1,asha2"}},
{"type":"Feature","geometry":{"type":"Polygon","coordinates":[[[89.75988,26.40699],[89.76241,26.40899],[89.76737,26.40942],[89.77237,26.40725],[89.77519,26.40352],[89.77657,26.3929],[89.77961,26.39288],[89.77827,26.3848],[89.78476,26.38053],[89.77915,26.37822],[89.77716,26.37283],[89.78569,26.37416],[89.78557,26.37849],[89.78878,26.37918],[89.78835,26.38078],[89.79482,26.38756],[89.79502,26.3902],[89.79235,26.39859],[89.79392,26.40276],[89.79617,26.40561],[89.80355,26.40697],[89.80775,26.40646],[89.81463,26.40852],[89.81854,26.41142],[89.81928,26.41438],[89.81562,26.41738],[89.81329,26.41655],[89.80978,26.41799],[89.80341,26.41589],[89.80193,26.41786],[89.80217,26.42033],[89.79238,26.42058],[89.79013,26.42057],[89.78988,26.41615],[89.78512,26.41475],[89.78462,26.41099],[89.78195,26.40979],[89.77717,26.4105],[89.77435,26.4139],[89.77251,26.41358],[89.7693,26.41873],[89.77041,26.42095],[89.76856,26.42216],[89.76759,26.42794],[89.76593,26.42964],[89.76604,26.42146],[89.76326,26.41504],[89.75905,26.40759],[89.75988,26.40699]]]},"properties":{"District":"Koch Bihar","Dist_LGD":"329","Sub_dist":"Tufanganj - Ii","Subdis_LGD":"2186","Subdis_Typ":"Cd_Block","Vill_name":"Jaldhoa","Vill_Cat":"Rural","Vill_LGD":"308413","arr_project":"asha1,asha2"}},
{"type":"Feature","geometry":{"type":"Polygon","coordinates":[[[89.76593,26.42964],[89.76759,26.42794],[89.76856,26.42216],[89.77041,26.42095],[89.7693,26.41873],[89.77251,26.41358],[89.77435,26.4139],[89.77717,26.4105],[89.78195,26.40979],[89.78462,26.41099],[89.78512,26.41475],[89.78988,26.41615],[89.79013,26.42057],[89.79238,26.42058],[89.79385,26.43128],[89.78845,26.43178],[89.78837,26.43428],[89.78241,26.43473],[89.77922,26.43572],[89.77583,26.43566],[89.77399,26.43395],[89.76921,26.43399],[89.76568,26.43327],[89.76593,26.42964]]]},"properties":{"District":"Koch Bihar","Dist_LGD":"329","Sub_dist":"Tufanganj - Ii","Subdis_LGD":"2186","Subdis_Typ":"Cd_Block","Vill_name":"Singimari","Vill_Cat":"Rural","Vill_LGD":"308414","arr_project":"asha1,asha2"}},
{"type":"Feature","geometry":{"type":"Polygon","coordinates":[[[89.84063,26.4577],[89.83098,26.46286],[89.82776,26.45939],[89.81842,26.45993],[89.79459,26.46179],[89.78502,26.46186],[89.77274,26.4652],[89.76642,26.46465],[89.76771,26.46129],[89.76745,26.45568],[89.77015,26.45069],[89.76796,26.44813],[89.76776,26.44554],[89.75971,26.44343],[89.75825,26.44213],[89.75817,26.43936],[89.761,26.44289],[89.76347,26.4439],[89.77086,26.44236],[89.77916,26.44537],[89.77836,26.43768],[89.77922,26.43572],[89.78241,26.43473],[89.78837,26.43428],[89.78845,26.43178],[89.79385,26.43128],[89.79238,26.42058],[89.80217,26.42033],[89.80752,26.42163],[89.80984,26.42524],[89.81266,26.42653],[89.81519,26.42594],[89.81765,26.42713],[89.81387,26.43047],[89.81391,26.43157],[89.82066,26.4316],[89.82355,26.43298],[89.82506,26.44062],[89.83088,26.43906],[89.83349,26.44126],[89.83163,26.44286],[89.83188,26.44565],[89.82992,26.44771],[89.82765,26.44853],[89.82859,26.45155],[89.83178,26.45695],[89.83866,26.45689],[89.84063,26.4577]]]},"properties":{"District":"Koch Bihar","Dist_LGD":"329","Sub_dist":"Tufanganj - Ii","Subdis_LGD":"2186","Subdis_Typ":"Cd_Block","Vill_name":"Rampur","Vill_Cat":"Rural","Vill_LGD":"308409","arr_project":"asha1,asha2"}},
{"type":"Feature","geometry":{"type":"Polygon","coordinates":[[[89.82355,26.43298],[89.82066,26.4316],[89.81391,26.43157],[89.81387,26.43047],[89.81765,26.42713],[89.81519,26.42594],[89.81266,26.42653],[89.80984,26.42524],[89.80752,26.42163],[89.80217,26.42033],[89.80193,26.41786],[89.80341,26.41589],[89.80978,26.41799],[89.81329,26.41655],[89.81562,26.41738],[89.81928,26.41438],[89.82082,26.41428],[89.82664,26.42132],[89.8296,26.42202],[89.83137,26.42382],[89.83375,26.43131],[89.82281,26.43138],[89.82355,26.43298]]]},"properties":{"District":"Koch Bihar","Dist_LGD":"329","Sub_dist":"Tufanganj - Ii","Subdis_LGD":"2186","Subdis_Typ":"Cd_Block","Vill_name":"Gorbhanga","Vill_Cat":"Rural","Vill_LGD":"308412","arr_project":"asha1,asha2"}},
{"type":"Feature","geometry":{"type":"Polygon","coordinates":[[[89.62081,26.34447],[89.62745,26.34916],[89.6278,26.35259],[89.62291,26.35294],[89.61845,26.3477],[89.61909,26.34571],[89.62081,26.34447]]]},"properties":{"District":"Koch Bihar","Dist_LGD":"329","Sub_dist":"Tufanganj - I","Subdis_LGD":"2185","Subdis_Typ":"Cd_Block","Vill_name":"Chhat Chilakhana Pratham Khanda","Vill_Cat":"Rural","Vill_LGD":"308362","arr_project":"asha1,asha2"}},
{"type":"Feature","geometry":{"type":"Polygon","coordinates":[[[89.63514,26.34879],[89.63672,26.34456],[89.63979,26.34488],[89.6382,26.34127],[89.63979,26.33781],[89.64292,26.33728],[89.64705,26.33575],[89.65263,26.33669],[89.65107,26.3402],[89.65384,26.34223],[89.65477,26.34457],[89.65154,26.34642],[89.64959,26.34607],[89.64672,26.34766],[89.64192,26.34858],[89.64061,26.35107],[89.63629,26.3502],[89.63514,26.34879]]]},"properties":{"District":"Koch Bihar","Dist_LGD":"329","Sub_dist":"Tufanganj - I","Subdis_LGD":"2185","Subdis_Typ":"Cd_Block","Vill_name":"Chhalapak","Vill_Cat":"Rural","Vill_LGD":"308364","arr_project":"asha1,asha2"}},
{"type":"Feature","geometry":{"type":"Polygon","coordinates":[[[89.78357,26.33518],[89.77937,26.33395],[89.77078,26.33394],[89.76776,26.33606],[89.76877,26.33882],[89.76537,26.3384],[89.76278,26.33629],[89.75935,26.33152],[89.7607,26.32899],[89.76623,26.32707],[89.76929,26.32429],[89.77894,26.32673],[89.78332,26.33041],[89.78357,26.33518]]]},"properties":{"District":"Koch Bihar","Dist_LGD":"329","Sub_dist":"Tufanganj - Ii","Subdis_LGD":"2186","Subdis_Typ":"Cd_Block","Vill_name":"Chhota Laukuthi (Ct)","Vill_Cat":"Partly_Urban","Vill_LGD":"308456","arr_project":"asha1,asha2"}},
{"type":"Feature","geometry":{"type":"Polygon","coordinates":[[[89.74767,26.32433],[89.75302,26.32432],[89.75197,26.32649],[89.75346,26.32962],[89.75084,26.33214],[89.74772,26.32909],[89.74767,26.32433]]]},"properties":{"District":"Koch Bihar","Dist_LGD":"329","Sub_dist":"Tufanganj - Ii","Subdis_LGD":"2186","Subdis_Typ":"Cd_Block","Vill_name":"Chhat Balakuthi","Vill_Cat":"Rural","Vill_LGD":"308442","arr_project":"asha1,asha2"}},
{"type":"Feature","geometry":{"type":"Polygon","coordinates":[[[89.72728,26.34124],[89.72864,26.3352],[89.72814,26.33178],[89.73353,26.32891],[89.7344,26.32473],[89.73913,26.32331],[89.74047,26.32495],[89.74385,26.32394],[89.74767,26.32433],[89.74772,26.32909],[89.75084,26.33214],[89.75346,26.32962],[89.75663,26.33334],[89.75613,26.33684],[89.75301,26.34008],[89.75375,26.34294],[89.75291,26.34629],[89.75059,26.34612],[89.74634,26.35051],[89.74393,26.34772],[89.74002,26.34859],[89.74137,26.34412],[89.74004,26.34332],[89.73455,26.34399],[89.73317,26.34126],[89.72728,26.34124]]]},"properties":{"District":"Koch Bihar","Dist_LGD":"329","Sub_dist":"Tufanganj - Ii","Subdis_LGD":"2186","Subdis_Typ":"Cd_Block","Vill_name":"Nakarkhana","Vill_Cat":"Rural","Vill_LGD":"308441","arr_project":"asha1,asha2"}},
{"type":"Feature","geometry":{"type":"Polygon","coordinates":[[[89.7225,26.33173],[89.7251,26.33243],[89.72673,26.32803],[89.72987,26.3227],[89.73442,26.32137],[89.73905,26.32014],[89.73913,26.32331],[89.7344,26.32473],[89.73353,26.32891],[89.72814,26.33178],[89.72864,26.3352],[89.72728,26.34124],[89.724,26.34061],[89.7225,26.33173]]]},"properties":{"District":"Koch Bihar","Dist_LGD":"329","Sub_dist":"Tufanganj - Ii","Subdis_LGD":"2186","Subdis_Typ":"Cd_Block","Vill_name":"Mantani","Vill_Cat":"Rural","Vill_LGD":"308440","arr_project":"asha1,asha2"}},
{"type":"Feature","geometry":{"type":"Polygon","coordinates":[[[89.71701,26.33117],[89.71663,26.32752],[89.71899,26.32535],[89.72056,26.32793],[89.71901,26.33017],[89.7225,26.33173],[89.724,26.34061],[89.72728,26.34124],[89.72728,26.34251],[89.72192,26.34362],[89.72017,26.33976],[89.71788,26.33738],[89.71494,26.33685],[89.71507,26.33486],[89.71839,26.33372],[89.71701,26.33117]]]},"properties":{"District":"Koch Bihar","Dist_LGD":"329","Sub_dist":"Tufanganj - Ii","Subdis_LGD":"2186","Subdis_Typ":"Cd_Block","Vill_name":"Chhat Bhareya","Vill_Cat":"Rural","Vill_LGD":"308434","arr_project":"asha1,asha2"}},
{"type":"Feature","geometry":{"type":"Polygon","coordinates":[[[89.74767,26.32433],[89.74385,26.32394],[89.74047,26.32495],[89.73913,26.32331],[89.73905,26.32014],[89.7394,26.31733],[89.74566,26.31496],[89.74901,26.3125],[89.75213,26.31265],[89.75124,26.32095],[89.75429,26.32293],[89.75302,26.32432],[89.74767,26.32433]]]},"properties":{"District":"Koch Bihar","Dist_LGD":"329","Sub_dist":"Tufanganj - Ii","Subdis_LGD":"2186","Subdis_Typ":"Cd_Block","Vill_name":"Purba Jhaukuthi","Vill_Cat":"Rural","Vill_LGD":"308443","arr_project":"asha1,asha2"}},
{"type":"Feature","geometry":{"type":"Polygon","coordinates":[[[89.73442,26.32137],[89.73275,26.32105],[89.73127,26.31768],[89.73303,26.31622],[89.73426,26.31277],[89.73599,26.31578],[89.7394,26.31733],[89.73905,26.32014],[89.73442,26.32137]]]},"properties":{"District":"Koch Bihar","Dist_LGD":"329","Sub_dist":"Tufanganj - Ii","Subdis_LGD":"2186","Subdis_Typ":"Cd_Block","Vill_name":"Boalimohan Dwitia Khanda","Vill_Cat":"Rural","Vill_LGD":"308444","arr_project":"asha1,asha2"}},
{"type":"Feature","geometry":{"type":"Polygon","coordinates":[[[89.56295,26.32316],[89.56806,26.32588],[89.56909,26.32251],[89.57493,26.32232],[89.57422,26.32477],[89.57133,26.32626],[89.57413,26.32866],[89.57512,26.33424],[89.5762,26.33594],[89.57602,26.33732],[89.57901,26.34285],[89.58217,26.34589],[89.58512,26.34841],[89.58552,26.35306],[89.58448,26.35566],[89.58026,26.35593],[89.58071,26.35117],[89.57911,26.34951],[89.57214,26.34624],[89.56797,26.34659],[89.56704,26.34815],[89.56494,26.34636],[89.56528,26.34402],[89.57118,26.34198],[89.56689,26.34074],[89.56843,26.33711],[89.55921,26.33368],[89.5561,26.33404],[89.55633,26.32954],[89.56232,26.32685],[89.56295,26.32316]]]},"properties":{"District":"Koch Bihar","Dist_LGD":"329","Sub_dist":"Tufanganj - I","Subdis_LGD":"2185","Subdis_Typ":"Cd_Block","Vill_name":"Amlaguri","Vill_Cat":"Rural","Vill_LGD":"308353","arr_project":"asha1,asha2"}},
{"type":"Feature","geometry":{"type":"Polygon","coordinates":[[[89.58399,26.33521],[89.58989,26.33226],[89.59075,26.33543],[89.59271,26.3383],[89.58904,26.33896],[89.58486,26.33822],[89.58399,26.33521]]]},"properties":{"District":"Koch Bihar","Dist_LGD":"329","Sub_dist":"Tufanganj - I","Subdis_LGD":"2185","Subdis_Typ":"Cd_Block","Vill_name":"Moamari","Vill_Cat":"Rural","Vill_LGD":"308356","arr_project":"asha1,asha2"}},
{"type":"Feature","geometry":{"type":"Polygon","coordinates":[[[89.64532,26.33096],[89.64188,26.3327],[89.63889,26.33193],[89.63888,26.32999],[89.63351,26.32695],[89.62861,26.32721],[89.62782,26.32582],[89.62874,26.32197],[89.63249,26.31958],[89.63542,26.31978],[89.63734,26.32196],[89.63951,26.32162],[89.64032,26.32292],[89.64563,26.32195],[89.64857,26.32004],[89.65146,26.3216],[89.65015,26.32638],[89.64371,26.32602],[89.64532,26.33096]]]},"properties":{"District":"Koch Bihar","Dist_LGD":"329","Sub_dist":"Tufanganj - I","Subdis_LGD":"2185","Subdis_Typ":"Cd_Block","Vill_name":"Ghogar Kuthi Dwitia Khanda","Vill_Cat":"Rural","Vill_LGD":"308370","arr_project":"asha1,asha2"}},
{"type":"Feature","geometry":{"type":"Polygon","coordinates":[[[89.63214,26.31859],[89.63152,26.31463],[89.63384,26.31195],[89.63427,26.30889],[89.63687,26.30869],[89.63923,26.31717],[89.63951,26.32162],[89.63734,26.32196],[89.63542,26.31978],[89.63249,26.31958],[89.63214,26.31859]]]},"properties":{"District":"Koch Bihar","Dist_LGD":"329","Sub_dist":"Tufanganj - I","Subdis_LGD":"2185","Subdis_Typ":"Cd_Block","Vill_name":"Khorarpar","Vill_Cat":"Rural","Vill_LGD":"308371","arr_project":"asha1,asha2"}},
{"type":"Feature","geometry":{"type":"Polygon","coordinates":[[[89.64532,26.33096],[89.64371,26.32602],[89.65015,26.32638],[89.65471,26.32865],[89.65287,26.33159],[89.64794,26.33265],[89.64532,26.33096]]]},"properties":{"District":"Koch Bihar","Dist_LGD":"329","Sub_dist":"Tufanganj - I","Subdis_LGD":"2185","Subdis_Typ":"Cd_Block","Vill_name":"Chhat Phulbari","Vill_Cat":"Rural","Vill_LGD":"308369","arr_project":"asha1,asha2"}},
{"type":"Feature","geometry":{"type":"Polygon","coordinates":[[[89.64532,26.33096],[89.64794,26.33265],[89.65287,26.33159],[89.65457,26.33301],[89.65263,26.33669],[89.64705,26.33575],[89.64292,26.33728],[89.64188,26.3327],[89.64532,26.33096]]]},"properties":{"District":"Koch Bihar","Dist_LGD":"329","Sub_dist":"Tufanganj - I","Subdis_LGD":"2185","Subdis_Typ":"Cd_Block","Vill_name":"Dakshin Chhat Jaygir Chilakhana","Vill_Cat":"Rural","Vill_LGD":"308368","arr_project":"asha1,asha2"}},
{"type":"Feature","geometry":{"type":"Polygon","coordinates":[[[89.69951,26.31312],[89.70213,26.31181],[89.70374,26.31399],[89.70237,26.31627],[89.70373,26.31872],[89.70619,26.31639],[89.70851,26.31676],[89.70831,26.32018],[89.7086,26.32223],[89.71291,26.3223],[89.71493,26.32125],[89.71579,26.32535],[89.71497,26.32992],[89.71701,26.33117],[89.71839,26.33372],[89.71507,26.33486],[89.71494,26.33685],[89.71788,26.33738],[89.72017,26.33976],[89.72192,26.34362],[89.71926,26.34678],[89.71259,26.34754],[89.71116,26.34906],[89.7079,26.34737],[89.70432,26.34858],[89.70125,26.35701],[89.69565,26.35831],[89.69411,26.35541],[89.6902,26.35566],[89.69033,26.35362],[89.69445,26.35117],[89.69237,26.34518],[89.69686,26.34388],[89.69672,26.33857],[89.69294,26.33169],[89.69267,26.3264],[89.69009,26.32422],[89.69156,26.32084],[89.69049,26.3187],[89.69187,26.31536],[89.69466,26.31878],[89.69765,26.31749],[89.69951,26.31312]]]},"properties":{"District":"Koch Bihar","Dist_LGD":"329","Sub_dist":"Tufanganj - Ii","Subdis_LGD":"2186","Subdis_Typ":"Cd_Block","Vill_name":"Bhandijalas","Vill_Cat":"Rural","Vill_LGD":"308435","arr_project":"asha1,asha2"}},
{"type":"Feature","geometry":{"type":"Polygon","coordinates":[[[89.68018,26.30725],[89.68007,26.30946],[89.68509,26.31012],[89.68886,26.30167],[89.69109,26.30065],[89.6948,26.30707],[89.6988,26.30735],[89.69846,26.31038],[89.69951,26.31312],[89.69765,26.31749],[89.69466,26.31878],[89.69187,26.31536],[89.69049,26.3187],[89.68616,26.31764],[89.68267,26.31877],[89.68054,26.31441],[89.67647,26.31137],[89.67659,26.30988],[89.68018,26.30725]]]},"properties":{"District":"Koch Bihar","Dist_LGD":"329","Sub_dist":"Tufanganj - Ii","Subdis_LGD":"2186","Subdis_Typ":"Cd_Block","Vill_name":"Haripur","Vill_Cat":"Rural","Vill_LGD":"308437","arr_project":"asha1,asha2"}},
{"type":"Feature","geometry":{"type":"Polygon","coordinates":[[[89.73227,26.31112],[89.72568,26.31069],[89.72317,26.30918],[89.72585,26.30722],[89.72139,26.29951],[89.72328,26.29665],[89.72737,26.29419],[89.73466,26.29266],[89.73776,26.29276],[89.74241,26.29474],[89.74471,26.29669],[89.7422,26.30201],[89.73928,26.30409],[89.7345,26.30466],[89.73148,26.30738],[89.73227,26.31112]]]},"properties":{"District":"Koch Bihar","Dist_LGD":"329","Sub_dist":"Tufanganj - Ii","Subdis_LGD":"2186","Subdis_Typ":"Cd_Block","Vill_name":"Shilghagri","Vill_Cat":"Rural","Vill_LGD":"308446","arr_project":"asha1,asha2"}},
{"type":"Feature","geometry":{"type":"Polygon","coordinates":[[[89.67383,26.30057],[89.67768,26.29714],[89.68319,26.2961],[89.68314,26.29879],[89.69093,26.29857],[89.69109,26.30065],[89.68886,26.30167],[89.68509,26.31012],[89.68007,26.30946],[89.68018,26.30725],[89.68088,26.30544],[89.67859,26.30178],[89.67654,26.30439],[89.6727,26.30292],[89.67383,26.30057]]]},"properties":{"District":"Koch Bihar","Dist_LGD":"329","Sub_dist":"Tufanganj - Ii","Subdis_LGD":"2186","Subdis_Typ":"Cd_Block","Vill_name":"Langalgram","Vill_Cat":"Rural","Vill_LGD":"308436","arr_project":"asha1,asha2"}},
{"type":"Feature","geometry":{"type":"Polygon","coordinates":[[[89.72301,26.30915],[89.71512,26.31076],[89.71166,26.31443],[89.70974,26.31506],[89.71129,26.31816],[89.70831,26.32018],[89.70851,26.31676],[89.70619,26.31639],[89.70373,26.31872],[89.70237,26.31627],[89.70374,26.31399],[89.70213,26.31181],[89.69951,26.31312],[89.69846,26.31038],[89.6988,26.30735],[89.69983,26.30407],[89.69717,26.3036],[89.70062,26.29841],[89.70496,26.30092],[89.70496,26.29653],[89.7076,26.29801],[89.70969,26.29713],[89.7105,26.29179],[89.71017,26.28935],[89.71179,26.2854],[89.71182,26.28084],[89.71652,26.28226],[89.72367,26.28329],[89.72733,26.28474],[89.72413,26.28764],[89.71783,26.29582],[89.71981,26.30732],[89.72301,26.30915]]]},"properties":{"District":"Koch Bihar","Dist_LGD":"329","Sub_dist":"Tufanganj - Ii","Subdis_LGD":"2186","Subdis_Typ":"Cd_Block","Vill_name":"Bara Kodali","Vill_Cat":"Rural","Vill_LGD":"308438","arr_project":"asha1,asha2"}},
{"type":"Feature","geometry":{"type":"Polygon","coordinates":[[[89.68846,26.29224],[89.69171,26.29239],[89.69254,26.29088],[89.69606,26.29175],[89.69586,26.29532],[89.69881,26.29843],[89.70062,26.29841],[89.69717,26.3036],[89.69983,26.30407],[89.6988,26.30735],[89.6948,26.30707],[89.69109,26.30065],[89.69093,26.29857],[89.68314,26.29879],[89.68319,26.2961],[89.6832,26.29467],[89.68846,26.29224]]]},"properties":{"District":"Koch Bihar","Dist_LGD":"329","Sub_dist":"Tufanganj - Ii","Subdis_LGD":"2186","Subdis_Typ":"Cd_Block","Vill_name":"Mechkoka","Vill_Cat":"Rural","Vill_LGD":"308449","arr_project":"asha1,asha2"}},
{"type":"Feature","geometry":{"type":"Polygon","coordinates":[[[89.69254,26.29088],[89.69266,26.28772],[89.69675,26.28425],[89.69898,26.28148],[89.69738,26.27659],[89.70097,26.27814],[89.70103,26.27408],[89.70284,26.27378],[89.70415,26.27936],[89.71173,26.27847],[89.71182,26.28084],[89.71179,26.2854],[89.71017,26.28935],[89.7105,26.29179],[89.70969,26.29713],[89.7076,26.29801],[89.70496,26.29653],[89.70496,26.30092],[89.70062,26.29841],[89.69881,26.29843],[89.69586,26.29532],[89.69606,26.29175],[89.69254,26.29088]]]},"properties":{"District":"Koch Bihar","Dist_LGD":"329","Sub_dist":"Tufanganj - Ii","Subdis_LGD":"2186","Subdis_Typ":"Cd_Block","Vill_name":"Bhareya","Vill_Cat":"Rural","Vill_LGD":"308448","arr_project":"asha1,asha2"}},
{"type":"Feature","geometry":{"type":"Polygon","coordinates":[[[89.66859,26.2957],[89.66828,26.2921],[89.6693,26.28941],[89.66871,26.28544],[89.66685,26.28184],[89.66817,26.28078],[89.673,26.27841],[89.6749,26.27872],[89.67625,26.28049],[89.68298,26.28093],[89.68435,26.28254],[89.68733,26.28299],[89.68774,26.28487],[89.68245,26.28775],[89.68803,26.2908],[89.68846,26.29224],[89.6832,26.29467],[89.68319,26.2961],[89.67768,26.29714],[89.67383,26.30057],[89.66859,26.2957]]]},"properties":{"District":"Koch Bihar","Dist_LGD":"329","Sub_dist":"Tufanganj - Ii","Subdis_LGD":"2186","Subdis_Typ":"Cd_Block","Vill_name":"Begarkhata","Vill_Cat":"Rural","Vill_LGD":"308450","arr_project":"asha1,asha2"}},
{"type":"Feature","geometry":{"type":"Polygon","coordinates":[[[89.68938,26.27248],[89.69246,26.27292],[89.69758,26.27187],[89.69786,26.26577],[89.69924,26.26538],[89.70103,26.27408],[89.70097,26.27814],[89.69738,26.27659],[89.69898,26.28148],[89.69675,26.28425],[89.69266,26.28772],[89.69254,26.29088],[89.69171,26.29239],[89.68846,26.29224],[89.68803,26.2908],[89.68245,26.28775],[89.68774,26.28487],[89.68733,26.28299],[89.68435,26.28254],[89.68298,26.28093],[89.68474,26.27928],[89.68252,26.27536],[89.68479,26.27323],[89.68938,26.27248]]]},"properties":{"District":"Koch Bihar","Dist_LGD":"329","Sub_dist":"Tufanganj - Ii","Subdis_LGD":"2186","Subdis_Typ":"Cd_Block","Vill_name":"Dhanmatia","Vill_Cat":"Rural","Vill_LGD":"308452","arr_project":"asha1,asha2"}},
{"type":"Feature","geometry":{"type":"Polygon","coordinates":[[[89.6749,26.27872],[89.67555,26.27528],[89.67785,26.27286],[89.68443,26.26889],[89.68691,26.26885],[89.68938,26.27248],[89.68479,26.27323],[89.68252,26.27536],[89.68474,26.27928],[89.68298,26.28093],[89.67625,26.28049],[89.6749,26.27872]]]},"properties":{"District":"Koch Bihar","Dist_LGD":"329","Sub_dist":"Tufanganj - Ii","Subdis_LGD":"2186","Subdis_Typ":"Cd_Block","Vill_name":"Sauerkhata","Vill_Cat":"Rural","Vill_LGD":"308451","arr_project":"asha1,asha2"}},
{"type":"Feature","geometry":{"type":"Polygon","coordinates":[[[89.70397,26.25674],[89.70262,26.25786],[89.70242,26.26106],[89.70402,26.26288],[89.69868,26.26424],[89.69786,26.26577],[89.69758,26.27187],[89.69246,26.27292],[89.68938,26.27248],[89.68691,26.26885],[89.68443,26.26889],[89.67785,26.27286],[89.67555,26.27528],[89.6749,26.27872],[89.673,26.27841],[89.66817,26.28078],[89.66515,26.27878],[89.6662,26.27655],[89.66542,26.2708],[89.6676,26.26739],[89.66777,26.26463],[89.67289,26.26423],[89.67444,26.26557],[89.67989,26.26452],[89.68068,26.2614],[89.68403,26.25866],[89.68394,26.25689],[89.68821,26.25516],[89.69106,26.25076],[89.69066,26.24648],[89.69228,26.24469],[89.69503,26.2453],[89.70084,26.25016],[89.70431,26.25195],[89.70181,26.25654],[89.70397,26.25674]]]},"properties":{"District":"Koch Bihar","Dist_LGD":"329","Sub_dist":"Tufanganj - I","Subdis_LGD":"2185","Subdis_Typ":"Cd_Block","Vill_name":"Dwiparpar","Vill_Cat":"Rural","Vill_LGD":"308389","arr_project":"asha1,asha2"}},
{"type":"Feature","geometry":{"type":"Polygon","coordinates":[[[89.70492,26.26709],[89.70085,26.26803],[89.69924,26.26538],[89.69786,26.26577],[89.69868,26.26424],[89.70402,26.26288],[89.70492,26.26709]]]},"properties":{"District":"Koch Bihar","Dist_LGD":"329","Sub_dist":"Tufanganj - Ii","Subdis_LGD":"2186","Subdis_Typ":"Cd_Block","Vill_name":"Boalimohan Pratham Khanda","Vill_Cat":"Rural","Vill_LGD":"308453","arr_project":"asha1,asha2"}},
{"type":"Feature","geometry":{"type":"Polygon","coordinates":[[[89.64662,26.28466],[89.64881,26.28579],[89.65371,26.28293],[89.65574,26.28433],[89.65795,26.28077],[89.65779,26.27685],[89.66089,26.27764],[89.6662,26.27655],[89.66515,26.27878],[89.66817,26.28078],[89.66685,26.28184],[89.66871,26.28544],[89.6693,26.28941],[89.66828,26.2921],[89.66859,26.2957],[89.66628,26.29922],[89.66343,26.30109],[89.66339,26.3033],[89.66075,26.30562],[89.65686,26.30462],[89.65292,26.30587],[89.65002,26.30588],[89.64824,26.30777],[89.64599,26.30588],[89.64818,26.30388],[89.6495,26.3009],[89.64842,26.29712],[89.64598,26.29533],[89.64425,26.29713],[89.64188,26.29694],[89.63808,26.29068],[89.64206,26.28752],[89.64289,26.28493],[89.64662,26.28466]]]},"properties":{"District":"Koch Bihar","Dist_LGD":"329","Sub_dist":"Tufanganj - I","Subdis_LGD":"2185","Subdis_Typ":"Cd_Block","Vill_name":"Chamta","Vill_Cat":"Rural","Vill_LGD":"308388","arr_project":"asha1,asha2"}},
{"type":"Feature","geometry":{"type":"Polygon","coordinates":[[[89.6419,26.30535],[89.64013,26.30217],[89.64154,26.29961],[89.63683,26.29813],[89.6321,26.30061],[89.63148,26.29852],[89.63525,26.29731],[89.63314,26.29441],[89.63511,26.29332],[89.63529,26.29091],[89.63808,26.29068],[89.64188,26.29694],[89.64425,26.29713],[89.64598,26.29533],[89.64842,26.29712],[89.6495,26.3009],[89.64818,26.30388],[89.64599,26.30588],[89.6419,26.30535]]]},"properties":{"District":"Koch Bihar","Dist_LGD":"329","Sub_dist":"Tufanganj - I","Subdis_LGD":"2185","Subdis_Typ":"Cd_Block","Vill_name":"Shikarpur","Vill_Cat":"Rural","Vill_LGD":"308387","arr_project":"asha1,asha2"}},
{"type":"Feature","geometry":{"type":"Polygon","coordinates":[[[89.62394,26.28226],[89.62305,26.2805],[89.62523,26.27847],[89.63172,26.27925],[89.63318,26.2756],[89.63577,26.27551],[89.63732,26.27947],[89.64122,26.27796],[89.64487,26.27764],[89.64431,26.27868],[89.64085,26.27891],[89.64072,26.28257],[89.64289,26.28493],[89.64206,26.28752],[89.63808,26.29068],[89.63529,26.29091],[89.63511,26.29332],[89.63314,26.29441],[89.63525,26.29731],[89.63148,26.29852],[89.6321,26.30061],[89.63035,26.30016],[89.63201,26.29403],[89.62975,26.28737],[89.62533,26.28585],[89.62394,26.28226]]]},"properties":{"District":"Koch Bihar","Dist_LGD":"329","Sub_dist":"Tufanganj - I","Subdis_LGD":"2185","Subdis_Typ":"Cd_Block","Vill_name":"Balaghat","Vill_Cat":"Rural","Vill_LGD":"308386","arr_project":"asha1,asha2"}},
{"type":"Feature","geometry":{"type":"Polygon","coordinates":[[[89.64289,26.28493],[89.64072,26.28257],[89.64085,26.27891],[89.64431,26.27868],[89.64662,26.28466],[89.64289,26.28493]]]},"properties":{"District":"Koch Bihar","Dist_LGD":"329","Sub_dist":"Tufanganj - I","Subdis_LGD":"2185","Subdis_Typ":"Cd_Block","Vill_name":"Chhat Deocharai","Vill_Cat":"Rural","Vill_LGD":"308391","arr_project":"asha1,asha2"}},
{"type":"Feature","geometry":{"type":"Polygon","coordinates":[[[89.6662,26.27655],[89.66089,26.27764],[89.65779,26.27685],[89.65795,26.28077],[89.65574,26.28433],[89.65371,26.28293],[89.64881,26.28579],[89.64662,26.28466],[89.64431,26.27868],[89.64487,26.27764],[89.64413,26.27544],[89.63894,26.27525],[89.63852,26.27372],[89.64114,26.27065],[89.64372,26.26875],[89.64854,26.26781],[89.65283,26.26798],[89.6497,26.26239],[89.65971,26.25732],[89.66556,26.25747],[89.66976,26.25692],[89.66777,26.26463],[89.6676,26.26739],[89.66542,26.2708],[89.6662,26.27655]]]},"properties":{"District":"Koch Bihar","Dist_LGD":"329","Sub_dist":"Tufanganj - I","Subdis_LGD":"2185","Subdis_Typ":"Cd_Block","Vill_name":"Nakkati Gachhi","Vill_Cat":"Rural","Vill_LGD":"308390","arr_project":"asha1,asha2"}},
{"type":"Feature","geometry":{"type":"Polygon","coordinates":[[[89.6497,26.26239],[89.65283,26.26798],[89.64854,26.26781],[89.64372,26.26875],[89.638,26.26645],[89.63719,26.2637],[89.63927,26.26274],[89.64286,26.25849],[89.64198,26.25364],[89.63681,26.2562],[89.6334,26.25609],[89.6274,26.25459],[89.62633,26.25227],[89.63168,26.25106],[89.63163,26.24772],[89.62831,26.24784],[89.62464,26.25044],[89.61941,26.25109],[89.62181,26.24597],[89.62065,26.24316],[89.62033,26.23548],[89.62435,26.23336],[89.62674,26.22873],[89.63045,26.22877],[89.63423,26.22948],[89.63496,26.23388],[89.6327,26.23616],[89.63628,26.23769],[89.63895,26.23688],[89.64141,26.2399],[89.64516,26.23948],[89.6505,26.24249],[89.65347,26.25106],[89.64864,26.25255],[89.64874,26.25433],[89.64981,26.25827],[89.64801,26.26077],[89.6497,26.26239]]]},"properties":{"District":"Koch Bihar","Dist_LGD":"329","Sub_dist":"Tufanganj - I","Subdis_LGD":"2185","Subdis_Typ":"Cd_Block","Vill_name":"Jhaljhali","Vill_Cat":"Rural","Vill_LGD":"308394","arr_project":"asha1,asha2"}},
{"type":"Feature","geometry":{"type":"Polygon","coordinates":[[[89.54417,26.25484],[89.53834,26.25648],[89.53548,26.25348],[89.53587,26.24598],[89.53487,26.24221],[89.5329,26.24236],[89.53678,26.23792],[89.53994,26.23718],[89.5423,26.25318],[89.54417,26.25484]]]},"properties":{"District":"Koch Bihar","Dist_LGD":"329","Sub_dist":"Tufanganj - I","Subdis_LGD":"2185","Subdis_Typ":"Cd_Block","Vill_name":"Nandi Chhechura","Vill_Cat":"Rural","Vill_LGD":"308383","arr_project":"asha1,asha2"}},
{"type":"Feature","geometry":{"type":"Polygon","coordinates":[[[89.55887,26.28575],[89.56005,26.28481],[89.56399,26.28763],[89.56429,26.28418],[89.56678,26.28381],[89.57016,26.28111],[89.57197,26.27564],[89.58299,26.27908],[89.58351,26.28263],[89.58143,26.28626],[89.5814,26.28836],[89.58329,26.29314],[89.57733,26.29953],[89.57873,26.30202],[89.57688,26.30442],[89.57384,26.3043],[89.57418,26.30128],[89.57286,26.29951],[89.56785,26.30153],[89.56512,26.29791],[89.56702,26.29741],[89.56604,26.29416],[89.56117,26.29432],[89.56071,26.29008],[89.55907,26.28924],[89.55887,26.28575]]]},"properties":{"District":"Koch Bihar","Dist_LGD":"329","Sub_dist":"Tufanganj - I","Subdis_LGD":"2185","Subdis_Typ":"Cd_Block","Vill_name":"Bhelakopa Pratham Khanda","Vill_Cat":"Rural","Vill_LGD":"308380","arr_project":"asha1,asha2"}},
{"type":"Feature","geometry":{"type":"Polygon","coordinates":[[[89.56512,26.29791],[89.55713,26.29873],[89.55374,26.29771],[89.55436,26.29615],[89.55227,26.29021],[89.55417,26.28817],[89.55347,26.28565],[89.55844,26.28576],[89.55887,26.28575],[89.55907,26.28924],[89.56071,26.29008],[89.56117,26.29432],[89.56604,26.29416],[89.56702,26.29741],[89.56512,26.29791]]]},"properties":{"District":"Koch Bihar","Dist_LGD":"329","Sub_dist":"Tufanganj - I","Subdis_LGD":"2185","Subdis_Typ":"Cd_Block","Vill_name":"Soladanga Dwitia Khanda","Vill_Cat":"Rural","Vill_LGD":"308379","arr_project":"asha1,asha2"}},
{"type":"Feature","geometry":{"type":"Polygon","coordinates":[[[89.58299,26.27908],[89.58589,26.27781],[89.58858,26.27911],[89.59503,26.27633],[89.5956,26.2729],[89.59702,26.27089],[89.60211,26.2686],[89.60894,26.26438],[89.61252,26.26127],[89.61541,26.2572],[89.61883,26.2569],[89.61777,26.25953],[89.61499,26.26213],[89.61552,26.2636],[89.61979,26.26513],[89.62589,26.26956],[89.62737,26.27231],[89.62899,26.2735],[89.63386,26.27323],[89.63852,26.27372],[89.63894,26.27525],[89.64413,26.27544],[89.64487,26.27764],[89.64122,26.27796],[89.63732,26.27947],[89.63577,26.27551],[89.63318,26.2756],[89.63172,26.27925],[89.62523,26.27847],[89.62305,26.2805],[89.62394,26.28226],[89.61984,26.2851],[89.61231,26.28619],[89.60994,26.28345],[89.60964,26.28138],[89.60627,26.28141],[89.60544,26.28338],[89.60246,26.28329],[89.60463,26.28806],[89.59878,26.28807],[89.59698,26.28729],[89.59287,26.2879],[89.59124,26.28921],[89.58783,26.28482],[89.58143,26.28626],[89.58351,26.28263],[89.58299,26.27908]]]},"properties":{"District":"Koch Bihar","Dist_LGD":"329","Sub_dist":"Tufanganj - I","Subdis_LGD":"2185","Subdis_Typ":"Cd_Block","Vill_name":"Deocharai","Vill_Cat":"Rural","Vill_LGD":"308385","arr_project":"asha1,asha2"}},
{"type":"Feature","geometry":{"type":"Polygon","coordinates":[[[89.60475,26.30519],[89.6041,26.30443],[89.60526,26.2994],[89.60316,26.29621],[89.60687,26.29549],[89.60649,26.29167],[89.60946,26.29831],[89.60782,26.30338],[89.60475,26.30519]]]},"properties":{"District":"Koch Bihar","Dist_LGD":"329","Sub_dist":"Tufanganj - I","Subdis_LGD":"2185","Subdis_Typ":"Cd_Block","Vill_name":"Gobindapur","Vill_Cat":"Rural","Vill_LGD":"308374","arr_project":"asha1,asha2"}},
{"type":"Feature","geometry":{"type":"Polygon","coordinates":[[[89.57688,26.30442],[89.57873,26.30202],[89.57733,26.29953],[89.58329,26.29314],[89.58515,26.29469],[89.58913,26.29104],[89.59349,26.29235],[89.5924,26.29389],[89.58815,26.29439],[89.58476,26.29687],[89.58434,26.30026],[89.5799,26.30171],[89.58019,26.30333],[89.57721,26.30472],[89.57688,26.30442]]]},"properties":{"District":"Koch Bihar","Dist_LGD":"329","Sub_dist":"Tufanganj - I","Subdis_LGD":"2185","Subdis_Typ":"Cd_Block","Vill_name":"Chhat Bhelakopa","Vill_Cat":"Rural","Vill_LGD":"308376","arr_project":"asha1,asha2"}},
{"type":"Feature","geometry":{"type":"Polygon","coordinates":[[[89.46805,26.32146],[89.47366,26.31617],[89.47732,26.31505],[89.47981,26.31561],[89.48146,26.31966],[89.47504,26.32123],[89.47548,26.32369],[89.47347,26.3255],[89.46697,26.32701],[89.46641,26.32318],[89.46805,26.32146]]]},"properties":{"District":"Koch Bihar","Dist_LGD":"329","Sub_dist":"Koch Bihar - I","Subdis_LGD":"2183","Subdis_Typ":"Cd_Block","Vill_name":"Kharimala Khagrabari (Ct)","Vill_Cat":"Partly_Urban","Vill_LGD":"308211","arr_project":"asha1,asha2"}},
{"type":"Feature","geometry":{"type":"Polygon","coordinates":[[[89.69921,26.42132],[89.69251,26.42237],[89.69331,26.42679],[89.68916,26.42697],[89.68754,26.42948],[89.6806,26.4288],[89.68082,26.42337],[89.6804,26.41783],[89.68561,26.41726],[89.68556,26.41302],[89.68887,26.41531],[89.69029,26.41099],[89.69263,26.40868],[89.69471,26.41213],[89.69764,26.41311],[89.70617,26.41303],[89.70837,26.41414],[89.70871,26.41857],[89.70231,26.4189],[89.69921,26.42132]]]},"properties":{"District":"Koch Bihar","Dist_LGD":"329","Sub_dist":"Tufanganj - Ii","Subdis_LGD":"2186","Subdis_Typ":"Cd_Block","Vill_name":"Dorko","Vill_Cat":"Rural","Vill_LGD":"308403","arr_project":"asha1,asha2"}},
{"type":"Feature","geometry":{"type":"Polygon","coordinates":[[[89.37351,26.17799],[89.37001,26.17869],[89.36811,26.18159],[89.36654,26.17836],[89.36238,26.17584],[89.36431,26.17537],[89.36185,26.17124],[89.35871,26.16972],[89.3569,26.1672],[89.35727,26.16216],[89.36339,26.16287],[89.37238,26.16405],[89.37125,26.16891],[89.36995,26.1687],[89.36804,26.17292],[89.37039,26.17547],[89.37351,26.17799]]]},"properties":{"District":"Koch Bihar","Dist_LGD":"329","Sub_dist":"Dinhata - I","Subdis_LGD":"2187","Subdis_Typ":"Cd_Block","Vill_name":"Rangapani","Vill_Cat":"Rural","Vill_LGD":"308470","arr_project":"asha1,asha2"}},
{"type":"Feature","geometry":{"type":"Polygon","coordinates":[[[89.37333,26.16409],[89.3789,26.16443],[89.38216,26.16277],[89.38456,26.16658],[89.3763,26.16882],[89.37039,26.17547],[89.36804,26.17292],[89.36995,26.1687],[89.37125,26.16891],[89.37238,26.16405],[89.37333,26.16409]]]},"properties":{"District":"Koch Bihar","Dist_LGD":"329","Sub_dist":"Dinhata - I","Subdis_LGD":"2187","Subdis_Typ":"Cd_Block","Vill_name":"Khalisaguri","Vill_Cat":"Rural","Vill_LGD":"308471","arr_project":"asha1,asha2"}},
{"type":"Feature","geometry":{"type":"Polygon","coordinates":[[[89.40385,26.16902],[89.4074,26.16944],[89.40971,26.16559],[89.41144,26.16475],[89.41309,26.16517],[89.41426,26.16833],[89.41824,26.16906],[89.41678,26.17216],[89.41247,26.17234],[89.41419,26.17512],[89.41471,26.17844],[89.41302,26.1802],[89.40936,26.18094],[89.40623,26.18511],[89.39773,26.18592],[89.39667,26.18245],[89.3984,26.17949],[89.39878,26.1784],[89.40302,26.17531],[89.40385,26.16902]]]},"properties":{"District":"Koch Bihar","Dist_LGD":"329","Sub_dist":"Dinhata - I","Subdis_LGD":"2187","Subdis_Typ":"Cd_Block","Vill_name":"Baisguri Khanda","Vill_Cat":"Rural","Vill_LGD":"308478","arr_project":"asha1,asha2"}},
{"type":"Feature","geometry":{"type":"Polygon","coordinates":[[[89.3636,26.15938],[89.36114,26.15701],[89.3535,26.15679],[89.35112,26.1583],[89.34887,26.16254],[89.3464,26.16378],[89.34415,26.1626],[89.34293,26.15971],[89.33565,26.16028],[89.33001,26.15776],[89.32488,26.15819],[89.32166,26.16021],[89.31967,26.15994],[89.31866,26.15841],[89.31889,26.15451],[89.3215,26.15582],[89.32335,26.15455],[89.33354,26.15406],[89.33604,26.15107],[89.33506,26.1483],[89.33571,26.14073],[89.34537,26.14185],[89.35151,26.14026],[89.35362,26.14154],[89.35988,26.1425],[89.35896,26.14761],[89.36312,26.14937],[89.36455,26.14824],[89.36924,26.14845],[89.36659,26.15062],[89.3661,26.15375],[89.37023,26.15405],[89.37254,26.15605],[89.37171,26.15756],[89.36743,26.15897],[89.3636,26.15938]]]},"properties":{"District":"Koch Bihar","Dist_LGD":"329","Sub_dist":"Dinhata - I","Subdis_LGD":"2187","Subdis_Typ":"Cd_Block","Vill_name":"Kamtapur","Vill_Cat":"Rural","Vill_LGD":"308461","arr_project":"asha1,asha2"}},
{"type":"Feature","geometry":{"type":"Polygon","coordinates":[[[89.34887,26.16254],[89.35112,26.1583],[89.3535,26.15679],[89.36114,26.15701],[89.3636,26.15938],[89.36339,26.16287],[89.35727,26.16216],[89.34991,26.16294],[89.34887,26.16254]]]},"properties":{"District":"Koch Bihar","Dist_LGD":"329","Sub_dist":"Dinhata - I","Subdis_LGD":"2187","Subdis_Typ":"Cd_Block","Vill_name":"Kaliganj","Vill_Cat":"Rural","Vill_LGD":"308469","arr_project":"asha1,asha2"}},
{"type":"Feature","geometry":{"type":"Polygon","coordinates":[[[89.37254,26.15605],[89.37348,26.15423],[89.37846,26.15442],[89.37924,26.15723],[89.37728,26.16088],[89.37341,26.16105],[89.37333,26.16409],[89.37238,26.16405],[89.36339,26.16287],[89.3636,26.15938],[89.36743,26.15897],[89.37171,26.15756],[89.37254,26.15605]]]},"properties":{"District":"Koch Bihar","Dist_LGD":"329","Sub_dist":"Dinhata - I","Subdis_LGD":"2187","Subdis_Typ":"Cd_Block","Vill_name":"Dwaria","Vill_Cat":"Rural","Vill_LGD":"308468","arr_project":"asha1,asha2"}},
{"type":"Feature","geometry":{"type":"Polygon","coordinates":[[[89.3816,26.1933],[89.37803,26.19384],[89.37488,26.19534],[89.37196,26.1933],[89.37203,26.19046],[89.37522,26.19007],[89.37771,26.18856],[89.37847,26.18601],[89.37895,26.18733],[89.3816,26.1933]]]},"properties":{"District":"Koch Bihar","Dist_LGD":"329","Sub_dist":"Dinhata - I","Subdis_LGD":"2187","Subdis_Typ":"Cd_Block","Vill_name":"Chauler Kuthi","Vill_Cat":"Rural","Vill_LGD":"308473","arr_project":"asha1,asha2"}},
{"type":"Feature","geometry":{"type":"Polygon","coordinates":[[[89.3984,26.17949],[89.39211,26.18021],[89.38932,26.1798],[89.38743,26.17817],[89.38835,26.17507],[89.39484,26.17678],[89.39596,26.17473],[89.39701,26.17457],[89.39878,26.1784],[89.3984,26.17949]]]},"properties":{"District":"Koch Bihar","Dist_LGD":"329","Sub_dist":"Dinhata - I","Subdis_LGD":"2187","Subdis_Typ":"Cd_Block","Vill_name":"Kharija Naldhondra","Vill_Cat":"Rural","Vill_LGD":"308476","arr_project":"asha1,asha2"}},
{"type":"Feature","geometry":{"type":"Polygon","coordinates":[[[89.39701,26.17457],[89.39596,26.17473],[89.38958,26.17277],[89.38802,26.17058],[89.38446,26.17009],[89.38456,26.16658],[89.3902,26.16539],[89.3965,26.1668],[89.40272,26.16683],[89.40611,26.16796],[89.40981,26.16393],[89.41144,26.16475],[89.40971,26.16559],[89.4074,26.16944],[89.40385,26.16902],[89.39986,26.17294],[89.39701,26.17457]]]},"properties":{"District":"Koch Bihar","Dist_LGD":"329","Sub_dist":"Dinhata - I","Subdis_LGD":"2187","Subdis_Typ":"Cd_Block","Vill_name":"Brahmottar Chauler Kuthi","Vill_Cat":"Rural","Vill_LGD":"308480","arr_project":"asha1,asha2"}},
{"type":"Feature","geometry":{"type":"Polygon","coordinates":[[[89.3902,26.16539],[89.38872,26.15863],[89.39161,26.15675],[89.39552,26.15621],[89.40184,26.15637],[89.40616,26.15794],[89.40569,26.1608],[89.40981,26.16393],[89.40611,26.16796],[89.40272,26.16683],[89.3965,26.1668],[89.3902,26.16539]]]},"properties":{"District":"Koch Bihar","Dist_LGD":"329","Sub_dist":"Dinhata - I","Subdis_LGD":"2187","Subdis_Typ":"Cd_Block","Vill_name":"Bajejama Pakhihaga","Vill_Cat":"Rural","Vill_LGD":"308481","arr_project":"asha1,asha2"}},
{"type":"Feature","geometry":{"type":"Polygon","coordinates":[[[89.43784,26.15626],[89.43447,26.15641],[89.43462,26.15982],[89.43105,26.16019],[89.43049,26.16238],[89.43178,26.16521],[89.42605,26.16704],[89.42383,26.1668],[89.42111,26.16932],[89.41896,26.1734],[89.41678,26.17216],[89.41824,26.16906],[89.41426,26.16833],[89.41309,26.16517],[89.41144,26.16475],[89.40981,26.16393],[89.40569,26.1608],[89.40616,26.15794],[89.40184,26.15637],[89.39552,26.15621],[89.39161,26.15675],[89.38872,26.15863],[89.3902,26.16539],[89.38456,26.16658],[89.38216,26.16277],[89.38251,26.15717],[89.38222,26.15466],[89.38956,26.15173],[89.39367,26.15136],[89.39431,26.14779],[89.39236,26.14489],[89.39613,26.14478],[89.39793,26.14766],[89.40197,26.1493],[89.40433,26.15498],[89.40741,26.15665],[89.40968,26.15527],[89.41135,26.15154],[89.41315,26.14973],[89.42006,26.14883],[89.42161,26.14931],[89.42256,26.15336],[89.42697,26.15325],[89.43154,26.14938],[89.43462,26.15095],[89.43906,26.15147],[89.43784,26.15626]]]},"properties":{"District":"Koch Bihar","Dist_LGD":"329","Sub_dist":"Dinhata - I","Subdis_LGD":"2187","Subdis_Typ":"Cd_Block","Vill_name":"Pakhihaga","Vill_Cat":"Rural","Vill_LGD":"308482","arr_project":"asha1,asha2"}},
{"type":"Feature","geometry":{"type":"Polygon","coordinates":[[[89.42556,26.1804],[89.42849,26.18143],[89.43017,26.1823],[89.42892,26.18723],[89.42444,26.18773],[89.42229,26.18614],[89.42134,26.18335],[89.42556,26.1804]]]},"properties":{"District":"Koch Bihar","Dist_LGD":"329","Sub_dist":"Dinhata - I","Subdis_LGD":"2187","Subdis_Typ":"Cd_Block","Vill_name":"Barabhita Dwitia Khanda","Vill_Cat":"Rural","Vill_LGD":"308507","arr_project":"asha1,asha2"}},
{"type":"Feature","geometry":{"type":"Polygon","coordinates":[[[89.35151,26.14026],[89.34537,26.14185],[89.33571,26.14073],[89.33462,26.1408],[89.33768,26.13835],[89.34274,26.13029],[89.34892,26.13232],[89.34928,26.13333],[89.35151,26.14026]]]},"properties":{"District":"Koch Bihar","Dist_LGD":"329","Sub_dist":"Dinhata - I","Subdis_LGD":"2187","Subdis_Typ":"Cd_Block","Vill_name":"Jambari","Vill_Cat":"Rural","Vill_LGD":"308463","arr_project":"asha1,asha2"}},
{"type":"Feature","geometry":{"type":"Polygon","coordinates":[[[89.34274,26.13029],[89.34576,26.1263],[89.34949,26.12446],[89.35452,26.12565],[89.362,26.13078],[89.36688,26.13333],[89.34928,26.13333],[89.34892,26.13232],[89.34274,26.13029]]]},"properties":{"District":"Koch Bihar","Dist_LGD":"329","Sub_dist":"Dinhata - I","Subdis_LGD":"2187","Subdis_Typ":"Cd_Block","Vill_name":"Takimari","Vill_Cat":"Rural","Vill_LGD":"308464","arr_project":"asha1,asha2"}},
{"type":"Feature","geometry":{"type":"Polygon","coordinates":[[[89.36924,26.14845],[89.36455,26.14824],[89.36312,26.14937],[89.35896,26.14761],[89.35988,26.1425],[89.35362,26.14154],[89.35151,26.14026],[89.34928,26.13333],[89.36688,26.13333],[89.36909,26.13419],[89.37238,26.13375],[89.37787,26.13771],[89.37687,26.14161],[89.37506,26.14445],[89.37268,26.14435],[89.37184,26.14854],[89.36924,26.14845]]]},"properties":{"District":"Koch Bihar","Dist_LGD":"329","Sub_dist":"Dinhata - I","Subdis_LGD":"2187","Subdis_Typ":"Cd_Block","Vill_name":"Bhitar Kamata","Vill_Cat":"Rural","Vill_LGD":"308465","arr_project":"asha1,asha2"}},
{"type":"Feature","geometry":{"type":"Polygon","coordinates":[[[89.37787,26.13771],[89.38672,26.13961],[89.39844,26.13957],[89.39687,26.14064],[89.39613,26.14478],[89.39236,26.14489],[89.39431,26.14779],[89.39367,26.15136],[89.38956,26.15173],[89.38222,26.15466],[89.38251,26.15717],[89.37924,26.15723],[89.37846,26.15442],[89.37348,26.15423],[89.37254,26.15605],[89.37023,26.15405],[89.3661,26.15375],[89.36659,26.15062],[89.36924,26.14845],[89.37184,26.14854],[89.37268,26.14435],[89.37506,26.14445],[89.37687,26.14161],[89.37787,26.13771]]]},"properties":{"District":"Koch Bihar","Dist_LGD":"329","Sub_dist":"Dinhata - I","Subdis_LGD":"2187","Subdis_Typ":"Cd_Block","Vill_name":"Phulbari","Vill_Cat":"Rural","Vill_LGD":"308466","arr_project":"asha1,asha2"}},
{"type":"Feature","geometry":{"type":"Polygon","coordinates":[[[89.39012,26.12598],[89.39062,26.12796],[89.39392,26.12685],[89.39437,26.13084],[89.39672,26.13058],[89.39804,26.12807],[89.40023,26.12744],[89.40396,26.12837],[89.40032,26.1306],[89.40308,26.13203],[89.40549,26.13541],[89.39844,26.13957],[89.38672,26.13961],[89.37787,26.13771],[89.37238,26.13375],[89.3798,26.1289],[89.38217,26.12555],[89.39012,26.12598]]]},"properties":{"District":"Koch Bihar","Dist_LGD":"329","Sub_dist":"Dinhata - I","Subdis_LGD":"2187","Subdis_Typ":"Cd_Block","Vill_name":"Alokjhari","Vill_Cat":"Rural","Vill_LGD":"308484","arr_project":"asha1,asha2"}},
{"type":"Feature","geometry":{"type":"Polygon","coordinates":[[[89.39527,26.1207],[89.39325,26.12448],[89.39012,26.12598],[89.38217,26.12555],[89.38421,26.12031],[89.3849,26.11914],[89.39119,26.119],[89.39527,26.1207]]]},"properties":{"District":"Koch Bihar","Dist_LGD":"329","Sub_dist":"Dinhata - I","Subdis_LGD":"2187","Subdis_Typ":"Cd_Block","Vill_name":"Rajakhora","Vill_Cat":"Rural","Vill_LGD":"308485","arr_project":"asha1,asha2"}},
{"type":"Feature","geometry":{"type":"Polygon","coordinates":[[[89.38922,26.10688],[89.39315,26.10749],[89.40076,26.11029],[89.4009,26.11312],[89.39628,26.11687],[89.39527,26.1207],[89.39119,26.119],[89.38943,26.11752],[89.3905,26.10778],[89.38922,26.10688]]]},"properties":{"District":"Koch Bihar","Dist_LGD":"329","Sub_dist":"Dinhata - I","Subdis_LGD":"2187","Subdis_Typ":"Cd_Block","Vill_name":"Matiakura","Vill_Cat":"Rural","Vill_LGD":"308486","arr_project":"asha1,asha2"}},
{"type":"Feature","geometry":{"type":"Polygon","coordinates":[[[89.3849,26.11914],[89.38184,26.11132],[89.38332,26.1038],[89.38922,26.10688],[89.3905,26.10778],[89.38943,26.11752],[89.39119,26.119],[89.3849,26.11914]]]},"properties":{"District":"Koch Bihar","Dist_LGD":"329","Sub_dist":"Dinhata - I","Subdis_LGD":"2187","Subdis_Typ":"Cd_Block","Vill_name":"Kuthialer Bosh","Vill_Cat":"Rural","Vill_LGD":"308487","arr_project":"asha1,asha2"}},
{"type":"Feature","geometry":{"type":"Polygon","coordinates":[[[89.38332,26.1038],[89.38391,26.10198],[89.38812,26.10117],[89.3925,26.09829],[89.39315,26.10749],[89.38922,26.10688],[89.38332,26.1038]]]},"properties":{"District":"Koch Bihar","Dist_LGD":"329","Sub_dist":"Dinhata - I","Subdis_LGD":"2187","Subdis_Typ":"Cd_Block","Vill_name":"Chhat Bara Bangla","Vill_Cat":"Rural","Vill_LGD":"308488","arr_project":"asha1,asha2"}},
{"type":"Feature","geometry":{"type":"Polygon","coordinates":[[[89.3991,26.09275],[89.40672,26.0903],[89.41163,26.08958],[89.41218,26.09698],[89.41312,26.09905],[89.41137,26.09958],[89.39856,26.09371],[89.3991,26.09275]]]},"properties":{"District":"Koch Bihar","Dist_LGD":"329","Sub_dist":"Dinhata - I","Subdis_LGD":"2187","Subdis_Typ":"Cd_Block","Vill_name":"Chhota Jhila","Vill_Cat":"Rural","Vill_LGD":"308490","arr_project":"asha1,asha2"}},
{"type":"Feature","geometry":{"type":"Polygon","coordinates":[[[89.4009,26.11312],[89.41049,26.10961],[89.41293,26.10466],[89.41899,26.10691],[89.41917,26.11116],[89.42011,26.11226],[89.42063,26.11533],[89.41865,26.11771],[89.41687,26.11903],[89.41152,26.11576],[89.40923,26.11487],[89.40378,26.11611],[89.39628,26.11687],[89.4009,26.11312]]]},"properties":{"District":"Koch Bihar","Dist_LGD":"329","Sub_dist":"Dinhata - I","Subdis_LGD":"2187","Subdis_Typ":"Cd_Block","Vill_name":"Panaguri","Vill_Cat":"Rural","Vill_LGD":"308494","arr_project":"asha1,asha2"}},
{"type":"Feature","geometry":{"type":"Polygon","coordinates":[[[89.39628,26.11687],[89.40378,26.11611],[89.40923,26.11487],[89.41152,26.11576],[89.41092,26.11921],[89.41266,26.12239],[89.4164,26.12229],[89.41647,26.12521],[89.4195,26.12527],[89.41932,26.1268],[89.42155,26.13167],[89.42054,26.13392],[89.41617,26.13315],[89.41158,26.13336],[89.40549,26.13541],[89.40308,26.13203],[89.40032,26.1306],[89.40396,26.12837],[89.40023,26.12744],[89.39804,26.12807],[89.39672,26.13058],[89.39437,26.13084],[89.39392,26.12685],[89.39062,26.12796],[89.39012,26.12598],[89.39325,26.12448],[89.39527,26.1207],[89.39628,26.11687]]]},"properties":{"District":"Koch Bihar","Dist_LGD":"329","Sub_dist":"Dinhata - I","Subdis_LGD":"2187","Subdis_Typ":"Cd_Block","Vill_name":"Petla","Vill_Cat":"Rural","Vill_LGD":"308497","arr_project":"asha1,asha2"}},
{"type":"Feature","geometry":{"type":"Polygon","coordinates":[[[89.41152,26.11576],[89.41687,26.11903],[89.41865,26.11771],[89.42069,26.12191],[89.4195,26.12527],[89.41647,26.12521],[89.4164,26.12229],[89.41266,26.12239],[89.41092,26.11921],[89.41152,26.11576]]]},"properties":{"District":"Koch Bihar","Dist_LGD":"329","Sub_dist":"Dinhata - I","Subdis_LGD":"2187","Subdis_Typ":"Cd_Block","Vill_name":"Kharija Panaguri","Vill_Cat":"Rural","Vill_LGD":"308495","arr_project":"asha1,asha2"}},
{"type":"Feature","geometry":{"type":"Polygon","coordinates":[[[89.41865,26.11771],[89.42063,26.11533],[89.42011,26.11226],[89.42099,26.11336],[89.42526,26.11372],[89.4261,26.11829],[89.4299,26.11812],[89.42965,26.11954],[89.43552,26.12107],[89.43635,26.12754],[89.44006,26.12999],[89.43782,26.13085],[89.43244,26.13002],[89.43132,26.13143],[89.42439,26.13119],[89.42155,26.13167],[89.41932,26.1268],[89.4195,26.12527],[89.42069,26.12191],[89.41865,26.11771]]]},"properties":{"District":"Koch Bihar","Dist_LGD":"329","Sub_dist":"Dinhata - I","Subdis_LGD":"2187","Subdis_Typ":"Cd_Block","Vill_name":"Chhoto Boalmari","Vill_Cat":"Rural","Vill_LGD":"308496","arr_project":"asha1,asha2"}},
{"type":"Feature","geometry":{"type":"Polygon","coordinates":[[[89.41312,26.09905],[89.42321,26.09832],[89.42453,26.0997],[89.42207,26.10235],[89.42251,26.1064],[89.41899,26.10691],[89.41293,26.10466],[89.41058,26.10353],[89.41137,26.09958],[89.41312,26.09905]]]},"properties":{"District":"Koch Bihar","Dist_LGD":"329","Sub_dist":"Dinhata - I","Subdis_LGD":"2187","Subdis_Typ":"Cd_Block","Vill_name":"Kismat Batrigachh","Vill_Cat":"Rural","Vill_LGD":"347138N099","arr_project":"asha1,asha2"}},
{"type":"Feature","geometry":{"type":"Polygon","coordinates":[[[89.41163,26.08958],[89.40672,26.0903],[89.3991,26.09275],[89.39772,26.08255],[89.3987,26.07887],[89.40784,26.07801],[89.41118,26.07933],[89.41461,26.07913],[89.41642,26.08023],[89.41531,26.08183],[89.41572,26.08792],[89.41163,26.08958]],[[89.40726,26.08383],[89.40496,26.08666],[89.40713,26.08732],[89.40953,26.08457],[89.40726,26.08383]]]},"properties":{"District":"Koch Bihar","Dist_LGD":"329","Sub_dist":"Dinhata - I","Subdis_LGD":"2187","Subdis_Typ":"Cd_Block","Vill_name":"Batrigachh Khanda","Vill_Cat":"Rural","Vill_LGD":"347137N098","arr_project":"asha1,asha2"}},
{"type":"Feature","geometry":{"type":"Polygon","coordinates":[[[89.55195,26.05376],[89.55764,26.04993],[89.56259,26.04988],[89.57068,26.05315],[89.57352,26.06035],[89.57195,26.06142],[89.56544,26.06],[89.55899,26.0613],[89.55448,26.06432],[89.55195,26.06423],[89.55057,26.06206],[89.55066,26.05742],[89.55155,26.05506],[89.55195,26.05376]]]},"properties":{"District":"Koch Bihar","Dist_LGD":"329","Sub_dist":"Dinhata - Ii","Subdis_LGD":"2188","Subdis_Typ":"Cd_Block","Vill_name":"Poaturkuthi","Vill_Cat":"Rural","Vill_LGD":"347136N097","arr_project":"asha1,asha2"}},
{"type":"Feature","geometry":{"type":"Polygon","coordinates":[[[89.51914,26.02557],[89.51254,26.02562],[89.50854,26.02371],[89.51035,26.02002],[89.51204,26.01355],[89.5124,26.01004],[89.51404,26.0105],[89.51463,26.01415],[89.51848,26.02053],[89.51979,26.0216],[89.51914,26.02557]]]},"properties":{"District":"Koch Bihar","Dist_LGD":"329","Sub_dist":"Dinhata - Ii","Subdis_LGD":"2188","Subdis_Typ":"Cd_Block","Vill_name":"Karola Khanda","Vill_Cat":"Rural","Vill_LGD":"347134N095","arr_project":"asha1,asha2"}},
{"type":"Feature","geometry":{"type":"Polygon","coordinates":[[[89.45141,26.2033],[89.44796,26.20685],[89.44193,26.20903],[89.43904,26.20926],[89.43494,26.20852],[89.43237,26.20491],[89.43457,26.20156],[89.43299,26.19968],[89.43264,26.19673],[89.43463,26.19639],[89.43688,26.19842],[89.44359,26.19698],[89.44396,26.20028],[89.44596,26.20266],[89.45141,26.2033]]]},"properties":{"District":"Koch Bihar","Dist_LGD":"329","Sub_dist":"Dinhata - I","Subdis_LGD":"2187","Subdis_Typ":"Cd_Block","Vill_name":"Gatamari","Vill_Cat":"Rural","Vill_LGD":"308509","arr_project":"asha1,asha2"}},
{"type":"Feature","geometry":{"type":"Polygon","coordinates":[[[89.44895,26.18248],[89.45272,26.18507],[89.45627,26.18389],[89.45924,26.18474],[89.46133,26.18658],[89.46248,26.18933],[89.4623,26.19459],[89.45776,26.19297],[89.45698,26.19524],[89.45448,26.19511],[89.45306,26.19325],[89.4455,26.19234],[89.44524,26.18693],[89.44701,26.18266],[89.44895,26.18248]]]},"properties":{"District":"Koch Bihar","Dist_LGD":"329","Sub_dist":"Dinhata - I","Subdis_LGD":"2187","Subdis_Typ":"Cd_Block","Vill_name":"Boradanga","Vill_Cat":"Rural","Vill_LGD":"308518","arr_project":"asha1,asha2"}},
{"type":"Feature","geometry":{"type":"Polygon","coordinates":[[[89.41684,26.18357],[89.41861,26.18095],[89.42026,26.1803],[89.41841,26.17563],[89.41896,26.1734],[89.42532,26.17375],[89.42912,26.17265],[89.42556,26.1804],[89.42134,26.18335],[89.41684,26.18357]]]},"properties":{"District":"Koch Bihar","Dist_LGD":"329","Sub_dist":"Dinhata - I","Subdis_LGD":"2187","Subdis_Typ":"Cd_Block","Vill_name":"Shyamsing","Vill_Cat":"Rural","Vill_LGD":"308506","arr_project":"asha1,asha2"}},
{"type":"Feature","geometry":{"type":"Polygon","coordinates":[[[89.41471,26.17844],[89.41419,26.17512],[89.41247,26.17234],[89.41678,26.17216],[89.41896,26.1734],[89.41841,26.17563],[89.42026,26.1803],[89.41861,26.18095],[89.41746,26.17908],[89.41471,26.17844]]]},"properties":{"District":"Koch Bihar","Dist_LGD":"329","Sub_dist":"Dinhata - I","Subdis_LGD":"2187","Subdis_Typ":"Cd_Block","Vill_name":"Brahmotter Bhutkura","Vill_Cat":"Rural","Vill_LGD":"308505","arr_project":"asha1,asha2"}},
{"type":"Feature","geometry":{"type":"Polygon","coordinates":[[[89.4525,26.17206],[89.44854,26.17543],[89.44658,26.18085],[89.4415,26.18139],[89.44038,26.179],[89.43954,26.17403],[89.43633,26.17531],[89.43365,26.17468],[89.43563,26.17121],[89.43624,26.16536],[89.43974,26.16594],[89.44516,26.16731],[89.4519,26.16717],[89.4525,26.17206]]]},"properties":{"District":"Koch Bihar","Dist_LGD":"329","Sub_dist":"Dinhata - I","Subdis_LGD":"2187","Subdis_Typ":"Cd_Block","Vill_name":"Bhalka Putimari","Vill_Cat":"Rural","Vill_LGD":"308519","arr_project":"asha1,asha2"}},
{"type":"Feature","geometry":{"type":"Polygon","coordinates":[[[89.4519,26.16717],[89.45704,26.16196],[89.45791,26.15996],[89.45889,26.15774],[89.46114,26.15811],[89.46305,26.152],[89.47025,26.14917],[89.47279,26.14879],[89.47388,26.15266],[89.47323,26.15469],[89.47202,26.16024],[89.46667,26.15989],[89.46422,26.16409],[89.46621,26.16545],[89.46468,26.16845],[89.46463,26.17319],[89.46951,26.17723],[89.46998,26.17983],[89.47176,26.182],[89.47032,26.18437],[89.46612,26.1844],[89.46532,26.18128],[89.46145,26.1796],[89.45919,26.18051],[89.45558,26.17819],[89.45461,26.18062],[89.45081,26.18068],[89.44895,26.18248],[89.44701,26.18266],[89.4556,26.17484],[89.4525,26.17206],[89.4519,26.16717]]]},"properties":{"District":"Koch Bihar","Dist_LGD":"329","Sub_dist":"Dinhata - I","Subdis_LGD":"2187","Subdis_Typ":"Cd_Block","Vill_name":"Putimari","Vill_Cat":"Rural","Vill_LGD":"308520","arr_project":"asha1,asha2"}},
{"type":"Feature","geometry":{"type":"Polygon","coordinates":[[[89.43945,26.15749],[89.44609,26.15629],[89.45068,26.15665],[89.45791,26.15996],[89.45704,26.16196],[89.4519,26.16717],[89.44516,26.16731],[89.43974,26.16594],[89.44063,26.16257],[89.43831,26.15919],[89.43945,26.15749]]]},"properties":{"District":"Koch Bihar","Dist_LGD":"329","Sub_dist":"Dinhata - I","Subdis_LGD":"2187","Subdis_Typ":"Cd_Block","Vill_name":"Bhalka","Vill_Cat":"Rural","Vill_LGD":"308502","arr_project":"asha1,asha2"}},
{"type":"Feature","geometry":{"type":"Polygon","coordinates":[[[89.43154,26.14938],[89.4344,26.14714],[89.43434,26.14435],[89.43691,26.14407],[89.44085,26.14596],[89.43906,26.15147],[89.43462,26.15095],[89.43154,26.14938]]]},"properties":{"District":"Koch Bihar","Dist_LGD":"329","Sub_dist":"Dinhata - I","Subdis_LGD":"2187","Subdis_Typ":"Cd_Block","Vill_name":"Chhoto Nachina","Vill_Cat":"Rural","Vill_LGD":"308500","arr_project":"asha1,asha2"}},
{"type":"Feature","geometry":{"type":"Polygon","coordinates":[[[89.42149,26.14866],[89.42128,26.14678],[89.41596,26.14096],[89.41661,26.13805],[89.41925,26.13783],[89.42053,26.14055],[89.42262,26.14067],[89.42284,26.14255],[89.42968,26.14256],[89.42966,26.14518],[89.42149,26.14866]]]},"properties":{"District":"Koch Bihar","Dist_LGD":"329","Sub_dist":"Dinhata - I","Subdis_LGD":"2187","Subdis_Typ":"Cd_Block","Vill_name":"Baulerkuthi","Vill_Cat":"Rural","Vill_LGD":"308499","arr_project":"asha1,asha2"}},
{"type":"Feature","geometry":{"type":"Polygon","coordinates":[[[89.33571,26.14073],[89.33506,26.1483],[89.33604,26.15107],[89.33354,26.15406],[89.32335,26.15455],[89.3215,26.15582],[89.31889,26.15451],[89.32152,26.14746],[89.32917,26.14508],[89.33462,26.1408],[89.33571,26.14073]]]},"properties":{"District":"Koch Bihar","Dist_LGD":"329","Sub_dist":"Dinhata - I","Subdis_LGD":"2187","Subdis_Typ":"Cd_Block","Vill_name":"Khalisa Gosanimari","Vill_Cat":"Rural","Vill_LGD":"308462","arr_project":"asha1,asha2"}},
{"type":"Feature","geometry":{"type":"Polygon","coordinates":[[[89.43494,26.20852],[89.43231,26.20944],[89.42742,26.2097],[89.42697,26.20674],[89.42314,26.20632],[89.42243,26.20474],[89.41797,26.20318],[89.41625,26.19814],[89.41587,26.19473],[89.41949,26.19625],[89.42176,26.1983],[89.42358,26.20237],[89.42476,26.20426],[89.43075,26.20147],[89.43299,26.19968],[89.43457,26.20156],[89.43237,26.20491],[89.43494,26.20852]]]},"properties":{"District":"Koch Bihar","Dist_LGD":"329","Sub_dist":"Dinhata - I","Subdis_LGD":"2187","Subdis_Typ":"Cd_Block","Vill_name":"Kharija Bora Danga","Vill_Cat":"Rural","Vill_LGD":"308511","arr_project":"asha1,asha2"}},
{"type":"Feature","geometry":{"type":"Polygon","coordinates":[[[89.46998,26.17983],[89.46951,26.17723],[89.46463,26.17319],[89.46468,26.16845],[89.46621,26.16545],[89.46422,26.16409],[89.46667,26.15989],[89.47202,26.16024],[89.47323,26.15469],[89.47532,26.15754],[89.4784,26.15894],[89.48474,26.15999],[89.48021,26.16249],[89.47626,26.16552],[89.47925,26.16682],[89.48072,26.16834],[89.47998,26.17112],[89.47612,26.17181],[89.47337,26.1774],[89.47362,26.17989],[89.46998,26.17983]]]},"properties":{"District":"Koch Bihar","Dist_LGD":"329","Sub_dist":"Dinhata - I","Subdis_LGD":"2187","Subdis_Typ":"Cd_Block","Vill_name":"Khar Kharia","Vill_Cat":"Rural","Vill_LGD":"308521","arr_project":"asha1,asha2"}},
{"type":"Feature","geometry":{"type":"Polygon","coordinates":[[[89.47279,26.14879],[89.47025,26.14917],[89.46305,26.152],[89.46163,26.14842],[89.46655,26.14663],[89.46784,26.14433],[89.47139,26.14344],[89.47283,26.14615],[89.47279,26.14879]]]},"properties":{"District":"Koch Bihar","Dist_LGD":"329","Sub_dist":"Dinhata - I","Subdis_LGD":"2187","Subdis_Typ":"Cd_Block","Vill_name":"Karishal","Vill_Cat":"Rural","Vill_LGD":"308529","arr_project":"asha1,asha2"}},
{"type":"Feature","geometry":{"type":"Polygon","coordinates":[[[89.45447,26.14011],[89.45516,26.14362],[89.4577,26.14276],[89.46163,26.14842],[89.45381,26.14682],[89.44986,26.14694],[89.44452,26.14379],[89.44298,26.14437],[89.44418,26.1432],[89.45447,26.14011]]]},"properties":{"District":"Koch Bihar","Dist_LGD":"329","Sub_dist":"Dinhata - I","Subdis_LGD":"2187","Subdis_Typ":"Cd_Block","Vill_name":"Barigara (P)","Vill_Cat":"Rural","Vill_LGD":"308530","arr_project":"asha1,asha2"}},
{"type":"Feature","geometry":{"type":"Polygon","coordinates":[[[89.47362,26.17989],[89.47337,26.1774],[89.47612,26.17181],[89.47998,26.17112],[89.48072,26.16834],[89.47925,26.16682],[89.48068,26.16697],[89.48538,26.17027],[89.48591,26.17566],[89.48548,26.17615],[89.48164,26.17621],[89.483,26.18269],[89.47869,26.18192],[89.47385,26.1821],[89.47362,26.17989]]]},"properties":{"District":"Koch Bihar","Dist_LGD":"329","Sub_dist":"Dinhata - I","Subdis_LGD":"2187","Subdis_Typ":"Cd_Block","Vill_name":"Uttar Balakura","Vill_Cat":"Rural","Vill_LGD":"308522","arr_project":"asha1,asha2"}},
{"type":"Feature","geometry":{"type":"Polygon","coordinates":[[[89.41899,26.10691],[89.42251,26.1064],[89.42207,26.10235],[89.42453,26.0997],[89.42321,26.09832],[89.42441,26.09514],[89.42722,26.09802],[89.42956,26.09758],[89.43249,26.09545],[89.43184,26.09731],[89.43296,26.10078],[89.43117,26.10381],[89.43209,26.10649],[89.43179,26.11211],[89.42944,26.1125],[89.42838,26.11762],[89.4299,26.11812],[89.4261,26.11829],[89.42526,26.11372],[89.42099,26.11336],[89.42011,26.11226],[89.41917,26.11116],[89.41899,26.10691]]]},"properties":{"District":"Koch Bihar","Dist_LGD":"329","Sub_dist":"Dinhata - I","Subdis_LGD":"2187","Subdis_Typ":"Cd_Block","Vill_name":"Chhota Saulmari","Vill_Cat":"Rural","Vill_LGD":"308493","arr_project":"asha1,asha2"}},
{"type":"Feature","geometry":{"type":"Polygon","coordinates":[[[89.4299,26.11812],[89.42838,26.11762],[89.42944,26.1125],[89.43179,26.11211],[89.43209,26.10649],[89.43117,26.10381],[89.43296,26.10078],[89.43631,26.10275],[89.44111,26.10155],[89.44396,26.09821],[89.45448,26.09854],[89.45623,26.10562],[89.45454,26.10804],[89.44795,26.11331],[89.44024,26.11786],[89.43724,26.12048],[89.43552,26.12107],[89.42965,26.11954],[89.4299,26.11812]]]},"properties":{"District":"Koch Bihar","Dist_LGD":"329","Sub_dist":"Dinhata - I","Subdis_LGD":"2187","Subdis_Typ":"Cd_Block","Vill_name":"Bara Saulmari","Vill_Cat":"Rural","Vill_LGD":"308537","arr_project":"asha1,asha2"}},
{"type":"Feature","geometry":{"type":"Polygon","coordinates":[[[89.42614,26.08686],[89.42678,26.0846],[89.43004,26.08392],[89.43472,26.08108],[89.43615,26.08099],[89.4373,26.08762],[89.43693,26.08877],[89.43482,26.08848],[89.43249,26.09545],[89.42956,26.09758],[89.42722,26.09802],[89.42441,26.09514],[89.42393,26.09101],[89.42614,26.08686]]]},"properties":{"District":"Koch Bihar","Dist_LGD":"329","Sub_dist":"Dinhata - I","Subdis_LGD":"2187","Subdis_Typ":"Cd_Block","Vill_name":"Singimari","Vill_Cat":"Rural","Vill_LGD":"308492","arr_project":"asha1,asha2"}},
{"type":"Feature","geometry":{"type":"Polygon","coordinates":[[[89.40784,26.07801],[89.40759,26.07651],[89.41098,26.07472],[89.41332,26.07628],[89.41814,26.07623],[89.41642,26.08023],[89.41461,26.07913],[89.41118,26.07933],[89.40784,26.07801]]]},"properties":{"District":"Koch Bihar","Dist_LGD":"329","Sub_dist":"Dinhata - I","Subdis_LGD":"2187","Subdis_Typ":"Cd_Block","Vill_name":"Andaran Singimari","Vill_Cat":"Rural","Vill_LGD":"308542","arr_project":"asha1,asha2"}},
{"type":"Feature","geometry":{"type":"Polygon","coordinates":[[[89.41163,26.08958],[89.41572,26.08792],[89.42226,26.08789],[89.42614,26.08686],[89.42393,26.09101],[89.42441,26.09514],[89.42321,26.09832],[89.41312,26.09905],[89.41218,26.09698],[89.41163,26.08958]]]},"properties":{"District":"Koch Bihar","Dist_LGD":"329","Sub_dist":"Dinhata - I","Subdis_LGD":"2187","Subdis_Typ":"Cd_Block","Vill_name":"Batrigachh","Vill_Cat":"Rural","Vill_LGD":"308491","arr_project":"asha1,asha2"}},
{"type":"Feature","geometry":{"type":"Polygon","coordinates":[[[88.91698,26.46103],[88.91269,26.46172],[88.91261,26.46441],[88.91031,26.46511],[88.90931,26.46316],[88.91213,26.46085],[88.9112,26.45884],[88.90769,26.45969],[88.90714,26.45443],[88.90881,26.45231],[88.91203,26.45151],[88.91441,26.45259],[88.91327,26.45639],[88.9171,26.45991],[88.91698,26.46103]]]},"properties":{"District":"Koch Bihar","Dist_LGD":"329","Sub_dist":"Mekliganj","Subdis_LGD":"2180","Subdis_Typ":"Cd_Block","Vill_name":"Brahmapur","Vill_Cat":"Rural","Vill_LGD":"307802","arr_project":"asha1,asha2"}},
{"type":"Feature","geometry":{"type":"Polygon","coordinates":[[[89.42434,26.07355],[89.42873,26.07395],[89.43822,26.07008],[89.44098,26.06949],[89.44448,26.0702],[89.448,26.07205],[89.44626,26.07472],[89.43898,26.07638],[89.43623,26.07818],[89.43472,26.08108],[89.43004,26.08392],[89.42678,26.0846],[89.42614,26.08686],[89.42226,26.08789],[89.42096,26.08526],[89.4233,26.08275],[89.42396,26.08002],[89.42264,26.07694],[89.42434,26.07355]]]},"properties":{"District":"Koch Bihar","Dist_LGD":"329","Sub_dist":"Dinhata - I","Subdis_LGD":"2187","Subdis_Typ":"Cd_Block","Vill_name":"Kharija Barigachhi","Vill_Cat":"Rural","Vill_LGD":"308540","arr_project":"asha1,asha2"}},
{"type":"Feature","geometry":{"type":"Polygon","coordinates":[[[89.43472,26.08108],[89.43623,26.07818],[89.43898,26.07638],[89.44626,26.07472],[89.448,26.07205],[89.44996,26.0723],[89.45034,26.0755],[89.45268,26.07597],[89.45499,26.07922],[89.45195,26.08281],[89.44689,26.08537],[89.44435,26.08802],[89.44574,26.09025],[89.44299,26.09389],[89.44111,26.09376],[89.43693,26.08877],[89.4373,26.08762],[89.43615,26.08099],[89.43472,26.08108]]]},"properties":{"District":"Koch Bihar","Dist_LGD":"329","Sub_dist":"Dinhata - I","Subdis_LGD":"2187","Subdis_Typ":"Cd_Block","Vill_name":"Danga","Vill_Cat":"Rural","Vill_LGD":"308539","arr_project":"asha1,asha2"}},
{"type":"Feature","geometry":{"type":"Polygon","coordinates":[[[89.46692,26.11823],[89.46259,26.11949],[89.46075,26.12107],[89.45799,26.11867],[89.45681,26.11046],[89.45454,26.10804],[89.45623,26.10562],[89.45448,26.09854],[89.44396,26.09821],[89.44111,26.10155],[89.43631,26.10275],[89.43296,26.10078],[89.43184,26.09731],[89.43249,26.09545],[89.43482,26.08848],[89.43693,26.08877],[89.44111,26.09376],[89.44299,26.09389],[89.44574,26.09025],[89.44435,26.08802],[89.44689,26.08537],[89.45195,26.08281],[89.45499,26.07922],[89.45709,26.08036],[89.46127,26.0795],[89.4648,26.08057],[89.46546,26.0848],[89.46438,26.08846],[89.46548,26.09058],[89.4635,26.09404],[89.46486,26.09773],[89.46995,26.10151],[89.47188,26.10614],[89.47191,26.10759],[89.46896,26.10844],[89.46855,26.11359],[89.47165,26.11467],[89.47112,26.11715],[89.46692,26.11823]]]},"properties":{"District":"Koch Bihar","Dist_LGD":"329","Sub_dist":"Dinhata - I","Subdis_LGD":"2187","Subdis_Typ":"Cd_Block","Vill_name":"Bara Atiabari Pratham Khanda (P)","Vill_Cat":"Rural","Vill_LGD":"308538","arr_project":"asha1,asha2"}},
{"type":"Feature","geometry":{"type":"Polygon","coordinates":[[[89.47188,26.10614],[89.46995,26.10151],[89.46486,26.09773],[89.4635,26.09404],[89.46548,26.09058],[89.46839,26.09022],[89.47114,26.08749],[89.47506,26.08695],[89.47741,26.08869],[89.47764,26.09166],[89.48036,26.09253],[89.48091,26.09506],[89.48384,26.09579],[89.48457,26.09112],[89.49529,26.09406],[89.49552,26.09612],[89.49266,26.0983],[89.48842,26.09935],[89.48109,26.10327],[89.47984,26.10584],[89.47188,26.10614]]]},"properties":{"District":"Koch Bihar","Dist_LGD":"329","Sub_dist":"Dinhata - I","Subdis_LGD":"2187","Subdis_Typ":"Cd_Block","Vill_name":"Gitaldaha Ataiabari","Vill_Cat":"Rural","Vill_LGD":"308579","arr_project":"asha1,asha2"}},
{"type":"Feature","geometry":{"type":"Polygon","coordinates":[[[89.47188,26.10614],[89.47984,26.10584],[89.48109,26.10327],[89.48842,26.09935],[89.49266,26.0983],[89.49247,26.10251],[89.49142,26.10671],[89.48861,26.10579],[89.48764,26.10816],[89.48162,26.10652],[89.48076,26.10846],[89.47776,26.10888],[89.47191,26.10759],[89.47188,26.10614]]]},"properties":{"District":"Koch Bihar","Dist_LGD":"329","Sub_dist":"Dinhata - I","Subdis_LGD":"2187","Subdis_Typ":"Cd_Block","Vill_name":"Nagar Bhangni","Vill_Cat":"Rural","Vill_LGD":"308580","arr_project":"asha1,asha2"}},
{"type":"Feature","geometry":{"type":"Polygon","coordinates":[[[89.46737,26.08432],[89.47237,26.08194],[89.47506,26.08695],[89.47114,26.08749],[89.46839,26.09022],[89.46548,26.09058],[89.46438,26.08846],[89.46546,26.0848],[89.46737,26.08432]]]},"properties":{"District":"Koch Bihar","Dist_LGD":"329","Sub_dist":"Dinhata - I","Subdis_LGD":"2187","Subdis_Typ":"Cd_Block","Vill_name":"Atharabari","Vill_Cat":"Rural","Vill_LGD":"308546","arr_project":"asha1,asha2"}},
{"type":"Feature","geometry":{"type":"Polygon","coordinates":[[[89.47237,26.08194],[89.47446,26.07667],[89.47805,26.07183],[89.48378,26.07005],[89.48787,26.07476],[89.48485,26.07571],[89.4831,26.08063],[89.48514,26.0844],[89.49729,26.08576],[89.4977,26.08581],[89.49763,26.08783],[89.49393,26.08928],[89.49524,26.09333],[89.49529,26.09406],[89.48457,26.09112],[89.48384,26.09579],[89.48091,26.09506],[89.48036,26.09253],[89.47764,26.09166],[89.47741,26.08869],[89.47506,26.08695],[89.47237,26.08194]]]},"properties":{"District":"Koch Bihar","Dist_LGD":"329","Sub_dist":"Dinhata - I","Subdis_LGD":"2187","Subdis_Typ":"Cd_Block","Vill_name":"Peulaguri","Vill_Cat":"Rural","Vill_LGD":"308578","arr_project":"asha1,asha2"}},
{"type":"Feature","geometry":{"type":"Polygon","coordinates":[[[89.49729,26.08576],[89.48514,26.0844],[89.4831,26.08063],[89.48485,26.07571],[89.48787,26.07476],[89.48378,26.07005],[89.48623,26.0694],[89.4896,26.07081],[89.49376,26.07068],[89.49225,26.07308],[89.49279,26.07597],[89.49414,26.07863],[89.50136,26.08282],[89.49859,26.08327],[89.49729,26.08576]]]},"properties":{"District":"Koch Bihar","Dist_LGD":"329","Sub_dist":"Dinhata - I","Subdis_LGD":"2187","Subdis_Typ":"Cd_Block","Vill_name":"Uttar Kharija Gitaldaha","Vill_Cat":"Rural","Vill_LGD":"308577","arr_project":"asha1,asha2"}},
{"type":"Feature","geometry":{"type":"Polygon","coordinates":[[[89.46784,26.14433],[89.46655,26.14663],[89.46163,26.14842],[89.4577,26.14276],[89.45516,26.14362],[89.45447,26.14011],[89.45342,26.13558],[89.44934,26.13204],[89.44905,26.128],[89.4513,26.12827],[89.4538,26.12611],[89.4605,26.12365],[89.46075,26.12107],[89.46259,26.11949],[89.46692,26.11823],[89.46807,26.12109],[89.4709,26.12253],[89.47389,26.12255],[89.47703,26.12409],[89.47837,26.12663],[89.47285,26.12614],[89.46972,26.12975],[89.47369,26.1331],[89.47566,26.13309],[89.47653,26.13587],[89.47148,26.13363],[89.47038,26.13216],[89.46734,26.13183],[89.46784,26.14433]]]},"properties":{"District":"Koch Bihar","Dist_LGD":"329","Sub_dist":"Dinhata - I","Subdis_LGD":"2187","Subdis_Typ":"Cd_Block","Vill_name":"Dinhata (M)","Vill_Cat":"Fully_Urban","Vill_LGD":"801648","arr_project":"asha1,asha2"}},
{"type":"Feature","geometry":{"type":"Polygon","coordinates":[[[89.46692,26.11823],[89.47112,26.11715],[89.47165,26.11467],[89.47393,26.11441],[89.4741,26.11179],[89.48035,26.11171],[89.47896,26.11521],[89.48114,26.11647],[89.48081,26.1188],[89.47673,26.12003],[89.47389,26.12255],[89.4709,26.12253],[89.46807,26.12109],[89.46692,26.11823]]]},"properties":{"District":"Koch Bihar","Dist_LGD":"329","Sub_dist":"Dinhata - I","Subdis_LGD":"2187","Subdis_Typ":"Cd_Block","Vill_name":"Dinhata - I","Vill_Cat":"Partly_Urban","Vill_LGD":"308587","arr_project":"asha1,asha2"}},
{"type":"Feature","geometry":{"type":"Polygon","coordinates":[[[89.46927,26.05046],[89.47106,26.048],[89.47634,26.04663],[89.4765,26.04822],[89.47988,26.05115],[89.47808,26.0529],[89.47783,26.0567],[89.47278,26.05725],[89.47357,26.05878],[89.46951,26.05762],[89.47002,26.05397],[89.46927,26.05046]]]},"properties":{"District":"Koch Bihar","Dist_LGD":"329","Sub_dist":"Dinhata - I","Subdis_LGD":"2187","Subdis_Typ":"Cd_Block","Vill_name":"Ramprasad","Vill_Cat":"Rural","Vill_LGD":"308571","arr_project":"asha1,asha2"}},
{"type":"Feature","geometry":{"type":"Polygon","coordinates":[[[89.46927,26.05046],[89.46452,26.04901],[89.46436,26.04575],[89.46187,26.04545],[89.46012,26.04226],[89.46007,26.03941],[89.45793,26.03871],[89.45772,26.03427],[89.46429,26.03536],[89.46144,26.0378],[89.46271,26.04162],[89.46752,26.04453],[89.47106,26.048],[89.46927,26.05046]]]},"properties":{"District":"Koch Bihar","Dist_LGD":"329","Sub_dist":"Dinhata - I","Subdis_LGD":"2187","Subdis_Typ":"Cd_Block","Vill_name":"Raghunandan","Vill_Cat":"Rural","Vill_LGD":"308560","arr_project":"asha1,asha2"}},
{"type":"Feature","geometry":{"type":"Polygon","coordinates":[[[89.4569,26.04318],[89.45793,26.03871],[89.46007,26.03941],[89.46012,26.04226],[89.46187,26.04545],[89.46185,26.05116],[89.45749,26.0461],[89.4569,26.04318]]]},"properties":{"District":"Koch Bihar","Dist_LGD":"329","Sub_dist":"Dinhata - I","Subdis_LGD":"2187","Subdis_Typ":"Cd_Block","Vill_name":"Paramananda","Vill_Cat":"Rural","Vill_LGD":"308558","arr_project":"asha1,asha2"}},
{"type":"Feature","geometry":{"type":"Polygon","coordinates":[[[89.34159,26.09392],[89.34123,26.09624],[89.33918,26.09738],[89.32678,26.09565],[89.31466,26.09584],[89.31086,26.09769],[89.308,26.09753],[89.30757,26.09716],[89.30683,26.08842],[89.30371,26.09045],[89.30085,26.08853],[89.30424,26.08473],[89.30731,26.08575],[89.3083,26.08815],[89.31188,26.08769],[89.31116,26.07973],[89.31162,26.07492],[89.31408,26.07403],[89.31582,26.07651],[89.31995,26.07515],[89.32267,26.07327],[89.32653,26.0731],[89.32809,26.07427],[89.31927,26.08205],[89.32119,26.08507],[89.3293,26.08612],[89.32787,26.08891],[89.32946,26.09023],[89.33668,26.08838],[89.3378,26.09158],[89.34159,26.09392]]]},"properties":{"District":"Koch Bihar","Dist_LGD":"329","Sub_dist":"Sitai","Subdis_LGD":"2189","Subdis_Typ":"Cd_Block","Vill_name":"Konachatra","Vill_Cat":"Rural","Vill_LGD":"308732","arr_project":"asha1,asha2"}},
{"type":"Feature","geometry":{"type":"Polygon","coordinates":[[[89.38393,26.03498],[89.37823,26.03884],[89.37444,26.03912],[89.37126,26.04033],[89.36985,26.04266],[89.36564,26.03713],[89.36417,26.03943],[89.36084,26.04049],[89.36059,26.04352],[89.35416,26.04317],[89.35477,26.03747],[89.35246,26.03478],[89.34886,26.03494],[89.34737,26.04241],[89.33965,26.04484],[89.34032,26.03768],[89.34179,26.02984],[89.3451,26.01937],[89.34339,26.01597],[89.35134,26.01004],[89.35705,26.00794],[89.3592,26.00923],[89.36451,26.00824],[89.36629,26.00918],[89.37038,26.00885],[89.37275,26.01166],[89.37477,26.01466],[89.37543,26.01855],[89.37144,26.01879],[89.37148,26.02399],[89.374,26.02497],[89.38054,26.02415],[89.38084,26.02625],[89.38029,26.02991],[89.38481,26.0321],[89.38393,26.03498]]]},"properties":{"District":"Koch Bihar","Dist_LGD":"329","Sub_dist":"Sitai","Subdis_LGD":"2189","Subdis_Typ":"Cd_Block","Vill_name":"Chamta","Vill_Cat":"Rural","Vill_LGD":"308757","arr_project":"asha1,asha2"}},
{"type":"Feature","geometry":{"type":"Polygon","coordinates":[[[89.38839,26.02208],[89.38582,26.02417],[89.38207,26.02276],[89.38084,26.02625],[89.38054,26.02415],[89.374,26.02497],[89.37148,26.02399],[89.37144,26.01879],[89.37543,26.01855],[89.3801,26.01867],[89.3835,26.02089],[89.38779,26.02082],[89.38839,26.02208]]]},"properties":{"District":"Koch Bihar","Dist_LGD":"329","Sub_dist":"Sitai","Subdis_LGD":"2189","Subdis_Typ":"Cd_Block","Vill_name":"Chorkhana","Vill_Cat":"Rural","Vill_LGD":"308758","arr_project":"asha1,asha2"}},
{"type":"Feature","geometry":{"type":"Polygon","coordinates":[[[89.46362,26.01217],[89.46183,26.01339],[89.46108,26.01984],[89.45752,26.02388],[89.45423,26.02922],[89.45064,26.03174],[89.44694,26.03064],[89.44301,26.02518],[89.43348,26.03045],[89.42759,26.02037],[89.42737,26.01318],[89.43071,26.01115],[89.43629,26.00942],[89.44705,26.008],[89.45189,26.00537],[89.45763,26.00083],[89.46155,25.9984],[89.46599,25.99802],[89.46478,26.00125],[89.46608,26.00757],[89.46362,26.01217]]]},"properties":{"District":"Koch Bihar","Dist_LGD":"329","Sub_dist":"Dinhata - I","Subdis_LGD":"2187","Subdis_Typ":"Cd_Block","Vill_name":"Daribosh Pratham Khanda","Vill_Cat":"Rural","Vill_LGD":"308557","arr_project":"asha1,asha2"}},
{"type":"Feature","geometry":{"type":"Polygon","coordinates":[[[89.50863,26.0519],[89.51163,26.05068],[89.51619,26.05238],[89.51941,26.05163],[89.52256,26.05088],[89.52592,26.05241],[89.53031,26.05559],[89.53308,26.05615],[89.53231,26.06119],[89.53273,26.06488],[89.53006,26.06474],[89.53076,26.06062],[89.52925,26.05876],[89.52566,26.05983],[89.52323,26.06382],[89.52651,26.06435],[89.52088,26.06506],[89.51946,26.06462],[89.51309,26.0632],[89.51168,26.05786],[89.50718,26.05443],[89.50863,26.0519]]]},"properties":{"District":"Koch Bihar","Dist_LGD":"329","Sub_dist":"Dinhata - Ii","Subdis_LGD":"2188","Subdis_Typ":"Cd_Block","Vill_name":"Kharija Baniadaha","Vill_Cat":"Rural","Vill_LGD":"308627","arr_project":"asha1,asha2"}},
{"type":"Feature","geometry":{"type":"Polygon","coordinates":[[[89.51157,26.04108],[89.51376,26.04029],[89.5226,26.03981],[89.52645,26.04292],[89.52256,26.05088],[89.51941,26.05163],[89.51987,26.04784],[89.51683,26.04608],[89.51211,26.04505],[89.51309,26.04335],[89.51157,26.04108]]]},"properties":{"District":"Koch Bihar","Dist_LGD":"329","Sub_dist":"Dinhata - Ii","Subdis_LGD":"2188","Subdis_Typ":"Cd_Block","Vill_name":"Chhat Piknidhara","Vill_Cat":"Rural","Vill_LGD":"308628","arr_project":"asha1,asha2"}},
{"type":"Feature","geometry":{"type":"Polygon","coordinates":[[[89.50651,26.03276],[89.50985,26.03197],[89.51316,26.02958],[89.51588,26.03133],[89.51891,26.03119],[89.51849,26.02889],[89.52083,26.02777],[89.52253,26.02906],[89.52473,26.02774],[89.52624,26.02873],[89.52661,26.03483],[89.52843,26.03767],[89.53341,26.03844],[89.53663,26.04136],[89.53295,26.04288],[89.53211,26.0461],[89.52826,26.04938],[89.52979,26.05063],[89.53031,26.05559],[89.52592,26.05241],[89.52256,26.05088],[89.52645,26.04292],[89.5226,26.03981],[89.51376,26.04029],[89.51157,26.04108],[89.51055,26.03791],[89.50651,26.03276]]]},"properties":{"District":"Koch Bihar","Dist_LGD":"329","Sub_dist":"Dinhata - Ii","Subdis_LGD":"2188","Subdis_Typ":"Cd_Block","Vill_name":"Piknidhara","Vill_Cat":"Rural","Vill_LGD":"308634","arr_project":"asha1,asha2"}},
{"type":"Feature","geometry":{"type":"Polygon","coordinates":[[[89.53341,26.03844],[89.52843,26.03767],[89.52661,26.03483],[89.52624,26.02873],[89.53281,26.02927],[89.53413,26.03538],[89.53341,26.03844]]]},"properties":{"District":"Koch Bihar","Dist_LGD":"329","Sub_dist":"Dinhata - Ii","Subdis_LGD":"2188","Subdis_Typ":"Cd_Block","Vill_name":"Khamar Bakshi","Vill_Cat":"Rural","Vill_LGD":"308635","arr_project":"asha1,asha2"}},
{"type":"Feature","geometry":{"type":"Polygon","coordinates":[[[89.55195,26.05376],[89.55118,26.04914],[89.55333,26.04328],[89.54799,26.03831],[89.54458,26.03791],[89.54776,26.03424],[89.54772,26.03278],[89.55152,26.02981],[89.55553,26.03047],[89.55849,26.03352],[89.55999,26.03337],[89.56216,26.03646],[89.56022,26.04213],[89.563,26.04469],[89.56645,26.0485],[89.56945,26.04832],[89.57336,26.04387],[89.57421,26.04467],[89.57176,26.05025],[89.57272,26.05247],[89.57068,26.05315],[89.56259,26.04988],[89.55764,26.04993],[89.55195,26.05376]]]},"properties":{"District":"Koch Bihar","Dist_LGD":"329","Sub_dist":"Dinhata - Ii","Subdis_LGD":"2188","Subdis_Typ":"Cd_Block","Vill_name":"Khatamari","Vill_Cat":"Rural","Vill_LGD":"308691","arr_project":"asha1,asha2"}},
{"type":"Feature","geometry":{"type":"Polygon","coordinates":[[[89.48147,26.13728],[89.47893,26.13694],[89.47695,26.13354],[89.47969,26.13075],[89.48276,26.1305],[89.48287,26.13579],[89.48147,26.13728]]]},"properties":{"District":"Koch Bihar","Dist_LGD":"329","Sub_dist":"Dinhata - I","Subdis_LGD":"2187","Subdis_Typ":"Cd_Block","Vill_name":"Sashtia","Vill_Cat":"Rural","Vill_LGD":"308532","arr_project":"asha1,asha2"}},
{"type":"Feature","geometry":{"type":"Polygon","coordinates":[[[89.49247,26.10251],[89.49607,26.10357],[89.4968,26.10943],[89.49898,26.10979],[89.49966,26.11401],[89.50111,26.11611],[89.4974,26.11743],[89.49302,26.1166],[89.49241,26.11901],[89.48972,26.12052],[89.48503,26.12525],[89.48542,26.12943],[89.48841,26.13193],[89.48641,26.13594],[89.48287,26.13579],[89.48276,26.1305],[89.48162,26.12783],[89.47837,26.12663],[89.47703,26.12409],[89.47389,26.12255],[89.47673,26.12003],[89.48081,26.1188],[89.48114,26.11647],[89.47896,26.11521],[89.48035,26.11171],[89.4741,26.11179],[89.47393,26.11441],[89.47165,26.11467],[89.46855,26.11359],[89.46896,26.10844],[89.47191,26.10759],[89.47776,26.10888],[89.48076,26.10846],[89.48162,26.10652],[89.48764,26.10816],[89.48861,26.10579],[89.49142,26.10671],[89.49247,26.10251]]]},"properties":{"District":"Koch Bihar","Dist_LGD":"329","Sub_dist":"Dinhata - I","Subdis_LGD":"2187","Subdis_Typ":"Cd_Block","Vill_name":"Chhoto Atiabari","Vill_Cat":"Rural","Vill_LGD":"308534","arr_project":"asha1,asha2"}},
{"type":"Feature","geometry":{"type":"Polygon","coordinates":[[[89.46933,26.06798],[89.47313,26.06704],[89.47805,26.07183],[89.47446,26.07667],[89.47237,26.08194],[89.46737,26.08432],[89.46849,26.08072],[89.46764,26.07894],[89.47049,26.07808],[89.47238,26.07429],[89.47271,26.07063],[89.46976,26.06962],[89.46933,26.06798]]]},"properties":{"District":"Koch Bihar","Dist_LGD":"329","Sub_dist":"Dinhata - I","Subdis_LGD":"2187","Subdis_Typ":"Cd_Block","Vill_name":"Banidas","Vill_Cat":"Rural","Vill_LGD":"308547","arr_project":"asha1,asha2"}},
{"type":"Feature","geometry":{"type":"Polygon","coordinates":[[[89.46353,26.07002],[89.46933,26.06798],[89.46976,26.06962],[89.46745,26.06967],[89.4675,26.07377],[89.47238,26.07429],[89.47049,26.07808],[89.46764,26.07894],[89.46499,26.07715],[89.4623,26.07677],[89.46117,26.0716],[89.46353,26.07002]]]},"properties":{"District":"Koch Bihar","Dist_LGD":"329","Sub_dist":"Dinhata - I","Subdis_LGD":"2187","Subdis_Typ":"Cd_Block","Vill_name":"Gokunda","Vill_Cat":"Rural","Vill_LGD":"308548","arr_project":"asha1,asha2"}},
{"type":"Feature","geometry":{"type":"Polygon","coordinates":[[[89.31511,26.15863],[89.3163,26.16217],[89.31615,26.16652],[89.31302,26.1702],[89.30844,26.16686],[89.303,26.16634],[89.30089,26.16484],[89.30123,26.16132],[89.3041,26.15947],[89.30827,26.15904],[89.31099,26.15984],[89.31511,26.15863]]]},"properties":{"District":"Koch Bihar","Dist_LGD":"329","Sub_dist":"Sitai","Subdis_LGD":"2189","Subdis_Typ":"Cd_Block","Vill_name":"Natabari","Vill_Cat":"Rural","Vill_LGD":"308708","arr_project":"asha1,asha2"}},
{"type":"Feature","geometry":{"type":"Polygon","coordinates":[[[89.2979,26.15502],[89.29198,26.1579],[89.29039,26.15986],[89.28771,26.15888],[89.28425,26.16017],[89.28491,26.15526],[89.28656,26.15323],[89.28255,26.15118],[89.28396,26.14869],[89.28662,26.14949],[89.28921,26.14844],[89.28914,26.14646],[89.29236,26.1423],[89.29545,26.14157],[89.2947,26.13685],[89.29921,26.13646],[89.29759,26.13891],[89.29869,26.14113],[89.30165,26.14204],[89.29886,26.14263],[89.29941,26.14569],[89.29718,26.15254],[89.2979,26.15502]]]},"properties":{"District":"Koch Bihar","Dist_LGD":"329","Sub_dist":"Sitai","Subdis_LGD":"2189","Subdis_Typ":"Cd_Block","Vill_name":"Hokayaha Adabari","Vill_Cat":"Rural","Vill_LGD":"308711","arr_project":"asha1,asha2"}},
{"type":"Feature","geometry":{"type":"Polygon","coordinates":[[[89.28914,26.14646],[89.28413,26.14549],[89.28487,26.14201],[89.28922,26.13947],[89.29095,26.1366],[89.2947,26.13685],[89.29545,26.14157],[89.29236,26.1423],[89.28914,26.14646]]]},"properties":{"District":"Koch Bihar","Dist_LGD":"329","Sub_dist":"Sitai","Subdis_LGD":"2189","Subdis_Typ":"Cd_Block","Vill_name":"Petia Adabari","Vill_Cat":"Rural","Vill_LGD":"308713","arr_project":"asha1,asha2"}},
{"type":"Feature","geometry":{"type":"Polygon","coordinates":[[[89.2979,26.15502],[89.29718,26.15254],[89.29941,26.14569],[89.29886,26.14263],[89.30165,26.14204],[89.3036,26.14496],[89.30699,26.14624],[89.30676,26.1495],[89.30415,26.14935],[89.30312,26.15441],[89.30433,26.15548],[89.31414,26.15556],[89.31511,26.15863],[89.31099,26.15984],[89.30827,26.15904],[89.3041,26.15947],[89.30213,26.15621],[89.2979,26.15502]]]},"properties":{"District":"Koch Bihar","Dist_LGD":"329","Sub_dist":"Sitai","Subdis_LGD":"2189","Subdis_Typ":"Cd_Block","Vill_name":"Morebhanga","Vill_Cat":"Rural","Vill_LGD":"308710","arr_project":"asha1,asha2"}},
{"type":"Feature","geometry":{"type":"Polygon","coordinates":[[[89.58293,26.1541],[89.58628,26.15164],[89.58431,26.15042],[89.58419,26.14494],[89.58568,26.14272],[89.58889,26.14137],[89.5906,26.14223],[89.59104,26.14799],[89.58999,26.15226],[89.59084,26.1558],[89.58699,26.1572],[89.58293,26.1541]]]},"properties":{"District":"Koch Bihar","Dist_LGD":"329","Sub_dist":"Dinhata - Ii","Subdis_LGD":"2188","Subdis_Typ":"Cd_Block","Vill_name":"Bilkalaighati","Vill_Cat":"Rural","Vill_LGD":"308659","arr_project":"asha1,asha2"}},
{"type":"Feature","geometry":{"type":"Polygon","coordinates":[[[89.57129,26.13818],[89.57454,26.1384],[89.57976,26.13406],[89.58074,26.13188],[89.58407,26.13209],[89.5839,26.13661],[89.58608,26.13782],[89.58291,26.14246],[89.58419,26.14494],[89.58431,26.15042],[89.58628,26.15164],[89.58293,26.1541],[89.57585,26.15276],[89.57357,26.15297],[89.56684,26.15058],[89.56444,26.14549],[89.56464,26.14255],[89.5672,26.14221],[89.57129,26.13818]]]},"properties":{"District":"Koch Bihar","Dist_LGD":"329","Sub_dist":"Dinhata - Ii","Subdis_LGD":"2188","Subdis_Typ":"Cd_Block","Vill_name":"Khochabari","Vill_Cat":"Rural","Vill_LGD":"308660","arr_project":"asha1,asha2"}},
{"type":"Feature","geometry":{"type":"Polygon","coordinates":[[[89.598,26.13235],[89.59644,26.13523],[89.59812,26.13903],[89.59549,26.13993],[89.59669,26.14229],[89.59399,26.1413],[89.59106,26.13776],[89.59051,26.13346],[89.5939,26.13459],[89.598,26.13235]]]},"properties":{"District":"Koch Bihar","Dist_LGD":"329","Sub_dist":"Dinhata - Ii","Subdis_LGD":"2188","Subdis_Typ":"Cd_Block","Vill_name":"Chhat Khochabari","Vill_Cat":"Rural","Vill_LGD":"308662","arr_project":"asha1,asha2"}},
{"type":"Feature","geometry":{"type":"Polygon","coordinates":[[[89.58407,26.13209],[89.59051,26.13346],[89.59106,26.13776],[89.58889,26.14137],[89.58568,26.14272],[89.58419,26.14494],[89.58291,26.14246],[89.58608,26.13782],[89.5839,26.13661],[89.58407,26.13209]]]},"properties":{"District":"Koch Bihar","Dist_LGD":"329","Sub_dist":"Dinhata - Ii","Subdis_LGD":"2188","Subdis_Typ":"Cd_Block","Vill_name":"Sachinandan","Vill_Cat":"Rural","Vill_LGD":"308661","arr_project":"asha1,asha2"}},
{"type":"Feature","geometry":{"type":"Polygon","coordinates":[[[89.55697,26.09937],[89.55247,26.1036],[89.55181,26.10906],[89.55072,26.11278],[89.54837,26.11499],[89.55018,26.11902],[89.55231,26.12066],[89.55904,26.12299],[89.56111,26.12306],[89.5647,26.12491],[89.56571,26.12679],[89.57132,26.12962],[89.57322,26.13193],[89.57361,26.13526],[89.57129,26.13818],[89.5672,26.14221],[89.56464,26.14255],[89.56148,26.14067],[89.55658,26.13586],[89.55094,26.13455],[89.54834,26.13247],[89.54553,26.12295],[89.54418,26.12407],[89.54642,26.12801],[89.54322,26.12949],[89.5385,26.12405],[89.53581,26.12282],[89.53445,26.12479],[89.52991,26.12184],[89.53403,26.11952],[89.5342,26.11513],[89.53084,26.11253],[89.53012,26.10965],[89.52683,26.10992],[89.52723,26.10667],[89.53642,26.1083],[89.53784,26.10608],[89.53917,26.10569],[89.54285,26.09712],[89.54305,26.09796],[89.55115,26.09564],[89.55492,26.09413],[89.55679,26.09642],[89.55697,26.09937]]]},"properties":{"District":"Koch Bihar","Dist_LGD":"329","Sub_dist":"Dinhata - Ii","Subdis_LGD":"2188","Subdis_Typ":"Cd_Block","Vill_name":"Bara Shakdal","Vill_Cat":"Rural","Vill_LGD":"308642","arr_project":"asha1,asha2"}},
{"type":"Feature","geometry":{"type":"Polygon","coordinates":[[[89.58407,26.13209],[89.58074,26.13188],[89.57976,26.13406],[89.57454,26.1384],[89.57129,26.13818],[89.57361,26.13526],[89.57322,26.13193],[89.57132,26.12962],[89.5703,26.12657],[89.5737,26.12313],[89.57939,26.12132],[89.5874,26.11974],[89.59399,26.12025],[89.60082,26.12585],[89.6017,26.12825],[89.598,26.13235],[89.5939,26.13459],[89.59051,26.13346],[89.58407,26.13209]]]},"properties":{"District":"Koch Bihar","Dist_LGD":"329","Sub_dist":"Dinhata - Ii","Subdis_LGD":"2188","Subdis_Typ":"Cd_Block","Vill_name":"Garbhadanga","Vill_Cat":"Rural","Vill_LGD":"308663","arr_project":"asha1,asha2"}},
{"type":"Feature","geometry":{"type":"Polygon","coordinates":[[[89.56111,26.12306],[89.55904,26.12299],[89.55231,26.12066],[89.55018,26.11902],[89.54837,26.11499],[89.55072,26.11278],[89.55181,26.10906],[89.55428,26.10938],[89.55394,26.11075],[89.55558,26.1182],[89.55971,26.12175],[89.56111,26.12306]]]},"properties":{"District":"Koch Bihar","Dist_LGD":"329","Sub_dist":"Dinhata - Ii","Subdis_LGD":"2188","Subdis_Typ":"Cd_Block","Vill_name":"Paraner Chhara","Vill_Cat":"Rural","Vill_LGD":"308666","arr_project":"asha1,asha2"}},
{"type":"Feature","geometry":{"type":"Polygon","coordinates":[[[89.55428,26.10938],[89.55758,26.10656],[89.56047,26.10286],[89.56199,26.10392],[89.56515,26.10293],[89.56841,26.10322],[89.56648,26.10815],[89.56655,26.11134],[89.56176,26.11741],[89.55971,26.12175],[89.55558,26.1182],[89.55394,26.11075],[89.55428,26.10938]]]},"properties":{"District":"Koch Bihar","Dist_LGD":"329","Sub_dist":"Dinhata - Ii","Subdis_LGD":"2188","Subdis_Typ":"Cd_Block","Vill_name":"Mirer Kuthi","Vill_Cat":"Rural","Vill_LGD":"308668","arr_project":"asha1,asha2"}},
{"type":"Feature","geometry":{"type":"Polygon","coordinates":[[[89.56655,26.11134],[89.56648,26.10815],[89.56841,26.10322],[89.57731,26.10897],[89.57473,26.11479],[89.57064,26.11498],[89.56655,26.11134]]]},"properties":{"District":"Koch Bihar","Dist_LGD":"329","Sub_dist":"Dinhata - Ii","Subdis_LGD":"2188","Subdis_Typ":"Cd_Block","Vill_name":"Kuthisakdal","Vill_Cat":"Rural","Vill_LGD":"308669","arr_project":"asha1,asha2"}},
{"type":"Feature","geometry":{"type":"Polygon","coordinates":[[[89.47238,26.07429],[89.4675,26.07377],[89.46745,26.06967],[89.46976,26.06962],[89.47271,26.07063],[89.47238,26.07429]]]},"properties":{"District":"Koch Bihar","Dist_LGD":"329","Sub_dist":"Dinhata - I","Subdis_LGD":"2187","Subdis_Typ":"Cd_Block","Vill_name":"Gokura","Vill_Cat":"Rural","Vill_LGD":"308549","arr_project":"asha1,asha2"}},
{"type":"Feature","geometry":{"type":"Polygon","coordinates":[[[89.52779,26.08136],[89.5302,26.08291],[89.52933,26.08577],[89.5264,26.08595],[89.52483,26.08811],[89.515,26.08725],[89.51422,26.08182],[89.51087,26.08123],[89.51104,26.08451],[89.50587,26.08458],[89.50519,26.07829],[89.50649,26.07833],[89.50582,26.07228],[89.5071,26.07209],[89.5138,26.07515],[89.5138,26.07228],[89.51908,26.07269],[89.52243,26.07133],[89.52333,26.07663],[89.52516,26.07896],[89.52523,26.08182],[89.52779,26.08136]]]},"properties":{"District":"Koch Bihar","Dist_LGD":"329","Sub_dist":"Dinhata - Ii","Subdis_LGD":"2188","Subdis_Typ":"Cd_Block","Vill_name":"Dashgram Gobra Chhara","Vill_Cat":"Rural","Vill_LGD":"308623","arr_project":"asha1,asha2"}},
{"type":"Feature","geometry":{"type":"Polygon","coordinates":[[[89.49279,26.07597],[89.49225,26.07308],[89.49376,26.07068],[89.49461,26.0695],[89.49557,26.06844],[89.50206,26.0692],[89.50203,26.07164],[89.49654,26.07611],[89.49279,26.07597]]]},"properties":{"District":"Koch Bihar","Dist_LGD":"329","Sub_dist":"Dinhata - Ii","Subdis_LGD":"2188","Subdis_Typ":"Cd_Block","Vill_name":"Kharija Dakurhat","Vill_Cat":"Rural","Vill_LGD":"308625","arr_project":"asha1,asha2"}},
{"type":"Feature","geometry":{"type":"Polygon","coordinates":[[[89.49557,26.06844],[89.49709,26.06421],[89.50071,26.06164],[89.50185,26.0585],[89.50718,26.05443],[89.51168,26.05786],[89.51309,26.0632],[89.51351,26.06454],[89.50622,26.06563],[89.5043,26.06733],[89.50337,26.07171],[89.50203,26.07164],[89.50206,26.0692],[89.49557,26.06844]]]},"properties":{"District":"Koch Bihar","Dist_LGD":"329","Sub_dist":"Dinhata - Ii","Subdis_LGD":"2188","Subdis_Typ":"Cd_Block","Vill_name":"Shibaprasad Mustafi","Vill_Cat":"Rural","Vill_LGD":"347135N096","arr_project":"asha1,asha2"}},
{"type":"Feature","geometry":{"type":"Polygon","coordinates":[[[89.47783,26.0567],[89.4885,26.05438],[89.49138,26.05448],[89.49408,26.0522],[89.49521,26.05745],[89.49223,26.05986],[89.49101,26.06219],[89.49265,26.06432],[89.49461,26.0695],[89.49376,26.07068],[89.4896,26.07081],[89.48623,26.0694],[89.48378,26.07005],[89.48148,26.06011],[89.47643,26.06063],[89.47357,26.05878],[89.47278,26.05725],[89.47783,26.0567]]]},"properties":{"District":"Koch Bihar","Dist_LGD":"329","Sub_dist":"Dinhata - I","Subdis_LGD":"2187","Subdis_Typ":"Cd_Block","Vill_name":"Chhata Phalimari","Vill_Cat":"Rural","Vill_LGD":"308576","arr_project":"asha1,asha2"}},
{"type":"Feature","geometry":{"type":"Polygon","coordinates":[[[89.45379,26.0687],[89.45035,26.06696],[89.45002,26.0654],[89.44546,26.065],[89.44478,26.06358],[89.44066,26.06225],[89.4383,26.06057],[89.43678,26.0623],[89.43383,26.06236],[89.42428,26.0663],[89.4257,26.0642],[89.4361,26.05712],[89.43646,26.05606],[89.43814,26.05604],[89.43982,26.05208],[89.44648,26.05498],[89.4476,26.0562],[89.44579,26.06058],[89.45126,26.06074],[89.45229,26.06356],[89.45847,26.06652],[89.45982,26.06858],[89.45379,26.0687]]]},"properties":{"District":"Koch Bihar","Dist_LGD":"329","Sub_dist":"Dinhata - I","Subdis_LGD":"2187","Subdis_Typ":"Cd_Block","Vill_name":"Dukha Bholar Kuthi","Vill_Cat":"Rural","Vill_LGD":"308553","arr_project":"asha1,asha2"}},
{"type":"Feature","geometry":{"type":"Polygon","coordinates":[[[89.45126,26.06074],[89.45426,26.05357],[89.45954,26.05324],[89.46453,26.05517],[89.46602,26.05758],[89.46397,26.0609],[89.45829,26.06069],[89.46093,26.06749],[89.46353,26.07002],[89.46117,26.0716],[89.45982,26.06858],[89.45847,26.06652],[89.45229,26.06356],[89.45126,26.06074]]]},"properties":{"District":"Koch Bihar","Dist_LGD":"329","Sub_dist":"Dinhata - I","Subdis_LGD":"2187","Subdis_Typ":"Cd_Block","Vill_name":"Balakundi","Vill_Cat":"Rural","Vill_LGD":"308551","arr_project":"asha1,asha2"}},
{"type":"Feature","geometry":{"type":"Polygon","coordinates":[[[89.42428,26.0663],[89.43383,26.06236],[89.43678,26.0623],[89.4383,26.06057],[89.44066,26.06225],[89.44478,26.06358],[89.44546,26.065],[89.45002,26.0654],[89.45035,26.06696],[89.45379,26.0687],[89.44996,26.0723],[89.448,26.07205],[89.44448,26.0702],[89.44098,26.06949],[89.43822,26.07008],[89.42873,26.07395],[89.42434,26.07355],[89.42276,26.06914],[89.42428,26.0663]]]},"properties":{"District":"Koch Bihar","Dist_LGD":"329","Sub_dist":"Dinhata - I","Subdis_LGD":"2187","Subdis_Typ":"Cd_Block","Vill_name":"Kaorai","Vill_Cat":"Rural","Vill_LGD":"308544","arr_project":"asha1,asha2"}},
{"type":"Feature","geometry":{"type":"Polygon","coordinates":[[[89.43432,26.05339],[89.42869,26.05147],[89.42752,26.04644],[89.43375,26.04766],[89.43432,26.05339]]]},"properties":{"District":"Koch Bihar","Dist_LGD":"329","Sub_dist":"Dinhata - I","Subdis_LGD":"2187","Subdis_Typ":"Cd_Block","Vill_name":"Dhamailgachh","Vill_Cat":"Rural","Vill_LGD":"308554","arr_project":"asha1,asha2"}},
{"type":"Feature","geometry":{"type":"Polygon","coordinates":[[[89.45126,26.06074],[89.44579,26.06058],[89.4476,26.0562],[89.44648,26.05498],[89.43982,26.05208],[89.44472,26.04786],[89.44661,26.04996],[89.45055,26.05157],[89.45421,26.05173],[89.45426,26.05357],[89.45126,26.06074]]]},"properties":{"District":"Koch Bihar","Dist_LGD":"329","Sub_dist":"Dinhata - I","Subdis_LGD":"2187","Subdis_Typ":"Cd_Block","Vill_name":"Chandra Naryan","Vill_Cat":"Rural","Vill_LGD":"308552","arr_project":"asha1,asha2"}},
{"type":"Feature","geometry":{"type":"Polygon","coordinates":[[[89.46927,26.05046],[89.47002,26.05397],[89.46951,26.05762],[89.46602,26.05758],[89.46453,26.05517],[89.45954,26.05324],[89.45426,26.05357],[89.45421,26.05173],[89.45055,26.05157],[89.44661,26.04996],[89.44472,26.04786],[89.4465,26.04354],[89.44982,26.04266],[89.45026,26.04602],[89.45304,26.04537],[89.4569,26.04318],[89.45749,26.0461],[89.46185,26.05116],[89.46187,26.04545],[89.46436,26.04575],[89.46452,26.04901],[89.46927,26.05046]]]},"properties":{"District":"Koch Bihar","Dist_LGD":"329","Sub_dist":"Dinhata - I","Subdis_LGD":"2187","Subdis_Typ":"Cd_Block","Vill_name":"Indra Narayan","Vill_Cat":"Rural","Vill_LGD":"308559","arr_project":"asha1,asha2"}},
{"type":"Feature","geometry":{"type":"Polygon","coordinates":[[[89.45772,26.03427],[89.4568,26.0274],[89.46133,26.02584],[89.46446,26.02763],[89.46759,26.0279],[89.4683,26.03081],[89.47037,26.03096],[89.46995,26.03415],[89.47517,26.03373],[89.47576,26.03662],[89.47122,26.03693],[89.46538,26.03516],[89.46614,26.04033],[89.46752,26.04453],[89.46271,26.04162],[89.46144,26.0378],[89.46429,26.03536],[89.45772,26.03427]]]},"properties":{"District":"Koch Bihar","Dist_LGD":"329","Sub_dist":"Dinhata - I","Subdis_LGD":"2187","Subdis_Typ":"Cd_Block","Vill_name":"Daksin Kharija Gitaldaha","Vill_Cat":"Rural","Vill_LGD":"308561","arr_project":"asha1,asha2"}},
{"type":"Feature","geometry":{"type":"Polygon","coordinates":[[[89.4568,26.0274],[89.46306,26.02],[89.46343,26.01775],[89.46767,26.02338],[89.46759,26.0279],[89.46446,26.02763],[89.46133,26.02584],[89.4568,26.0274]]]},"properties":{"District":"Koch Bihar","Dist_LGD":"329","Sub_dist":"Dinhata - I","Subdis_LGD":"2187","Subdis_Typ":"Cd_Block","Vill_name":"Bhar Bandha","Vill_Cat":"Rural","Vill_LGD":"308564","arr_project":"asha1,asha2"}},
{"type":"Feature","geometry":{"type":"Polygon","coordinates":[[[89.48075,26.04358],[89.48319,26.04535],[89.48766,26.04539],[89.48962,26.05174],[89.4885,26.05438],[89.47783,26.0567],[89.47808,26.0529],[89.47988,26.05115],[89.4765,26.04822],[89.47634,26.04663],[89.48075,26.04358]]]},"properties":{"District":"Koch Bihar","Dist_LGD":"329","Sub_dist":"Dinhata - I","Subdis_LGD":"2187","Subdis_Typ":"Cd_Block","Vill_name":"Sibeshwar","Vill_Cat":"Rural","Vill_LGD":"308572","arr_project":"asha1,asha2"}},
{"type":"Feature","geometry":{"type":"Polygon","coordinates":[[[89.47517,26.03373],[89.47784,26.03256],[89.47803,26.03077],[89.48223,26.03087],[89.48254,26.03182],[89.48109,26.03716],[89.47923,26.04072],[89.47733,26.03684],[89.47576,26.03662],[89.47517,26.03373]]]},"properties":{"District":"Koch Bihar","Dist_LGD":"329","Sub_dist":"Dinhata - I","Subdis_LGD":"2187","Subdis_Typ":"Cd_Block","Vill_name":"Jyotsri Narayan","Vill_Cat":"Rural","Vill_LGD":"308569","arr_project":"asha1,asha2"}},
{"type":"Feature","geometry":{"type":"Polygon","coordinates":[[[89.47037,26.03096],[89.47253,26.02959],[89.47369,26.02471],[89.47101,26.02471],[89.4708,26.02071],[89.47189,26.02085],[89.47504,26.02255],[89.47568,26.02835],[89.47803,26.03077],[89.47784,26.03256],[89.47517,26.03373],[89.46995,26.03415],[89.47037,26.03096]]]},"properties":{"District":"Koch Bihar","Dist_LGD":"329","Sub_dist":"Dinhata - I","Subdis_LGD":"2187","Subdis_Typ":"Cd_Block","Vill_name":"Dolgobinda","Vill_Cat":"Rural","Vill_LGD":"308562","arr_project":"asha1,asha2"}},
{"type":"Feature","geometry":{"type":"Polygon","coordinates":[[[89.48223,26.03087],[89.48119,26.02745],[89.48715,26.02642],[89.49122,26.02764],[89.49351,26.03077],[89.48709,26.0322],[89.48254,26.03182],[89.48223,26.03087]]]},"properties":{"District":"Koch Bihar","Dist_LGD":"329","Sub_dist":"Dinhata - I","Subdis_LGD":"2187","Subdis_Typ":"Cd_Block","Vill_name":"Jagannath","Vill_Cat":"Rural","Vill_LGD":"308568","arr_project":"asha1,asha2"}},
{"type":"Feature","geometry":{"type":"Polygon","coordinates":[[[89.48709,26.0322],[89.49351,26.03077],[89.49623,26.03419],[89.49485,26.03655],[89.49228,26.03809],[89.49081,26.0358],[89.48838,26.03519],[89.48709,26.0322]]]},"properties":{"District":"Koch Bihar","Dist_LGD":"329","Sub_dist":"Dinhata - I","Subdis_LGD":"2187","Subdis_Typ":"Cd_Block","Vill_name":"Ghugumari","Vill_Cat":"Rural","Vill_LGD":"308574","arr_project":"asha1,asha2"}},
{"type":"Feature","geometry":{"type":"Polygon","coordinates":[[[89.49122,26.02764],[89.49706,26.02224],[89.49771,26.01677],[89.49902,26.02104],[89.50269,26.02343],[89.50181,26.02543],[89.50317,26.02768],[89.50154,26.03066],[89.49849,26.03363],[89.49623,26.03419],[89.49351,26.03077],[89.49122,26.02764]]]},"properties":{"District":"Koch Bihar","Dist_LGD":"329","Sub_dist":"Dinhata - I","Subdis_LGD":"2187","Subdis_Typ":"Cd_Block","Vill_name":"Ratinandan","Vill_Cat":"Rural","Vill_LGD":"308581","arr_project":"asha1,asha2"}},
{"type":"Feature","geometry":{"type":"Polygon","coordinates":[[[89.50633,26.04439],[89.49513,26.04531],[89.49425,26.04123],[89.49574,26.03746],[89.49772,26.03657],[89.50116,26.03873],[89.50389,26.0372],[89.50889,26.03874],[89.50809,26.04411],[89.50633,26.04439]]]},"properties":{"District":"Koch Bihar","Dist_LGD":"329","Sub_dist":"Dinhata - Ii","Subdis_LGD":"2188","Subdis_Typ":"Cd_Block","Vill_name":"Bara Atiabari","Vill_Cat":"Rural","Vill_LGD":"308630","arr_project":"asha1,asha2"}},
{"type":"Feature","geometry":{"type":"Polygon","coordinates":[[[89.50633,26.04439],[89.50809,26.04411],[89.51211,26.04505],[89.51683,26.04608],[89.51987,26.04784],[89.51941,26.05163],[89.51619,26.05238],[89.51163,26.05068],[89.50863,26.0519],[89.50586,26.05044],[89.50416,26.04692],[89.50633,26.04439]]]},"properties":{"District":"Koch Bihar","Dist_LGD":"329","Sub_dist":"Dinhata - Ii","Subdis_LGD":"2188","Subdis_Typ":"Cd_Block","Vill_name":"Bhabaniprasad","Vill_Cat":"Rural","Vill_LGD":"308629","arr_project":"asha1,asha2"}},
{"type":"Feature","geometry":{"type":"Polygon","coordinates":[[[89.49772,26.03657],[89.50115,26.03577],[89.50651,26.03276],[89.51055,26.03791],[89.51157,26.04108],[89.51309,26.04335],[89.51211,26.04505],[89.50809,26.04411],[89.50889,26.03874],[89.50389,26.0372],[89.50116,26.03873],[89.49772,26.03657]]]},"properties":{"District":"Koch Bihar","Dist_LGD":"329","Sub_dist":"Dinhata - Ii","Subdis_LGD":"2188","Subdis_Typ":"Cd_Block","Vill_name":"Tutiarkuthi","Vill_Cat":"Rural","Vill_LGD":"308631","arr_project":"asha1,asha2"}},
{"type":"Feature","geometry":{"type":"Polygon","coordinates":[[[89.46759,26.0279],[89.46767,26.02338],[89.46343,26.01775],[89.46357,26.0169],[89.46698,26.02],[89.4708,26.02071],[89.47101,26.02471],[89.47369,26.02471],[89.47253,26.02959],[89.47037,26.03096],[89.4683,26.03081],[89.46759,26.0279]]]},"properties":{"District":"Koch Bihar","Dist_LGD":"329","Sub_dist":"Dinhata - I","Subdis_LGD":"2187","Subdis_Typ":"Cd_Block","Vill_name":"Dewanbas","Vill_Cat":"Rural","Vill_LGD":"308563","arr_project":"asha1,asha2"}},
{"type":"Feature","geometry":{"type":"Polygon","coordinates":[[[89.47189,26.02085],[89.47467,26.02071],[89.48523,26.01311],[89.49009,26.01233],[89.49117,26.01814],[89.48715,26.02642],[89.48119,26.02745],[89.48223,26.03087],[89.47803,26.03077],[89.47568,26.02835],[89.47504,26.02255],[89.47189,26.02085]]]},"properties":{"District":"Koch Bihar","Dist_LGD":"329","Sub_dist":"Dinhata - I","Subdis_LGD":"2187","Subdis_Typ":"Cd_Block","Vill_name":"Bhoram","Vill_Cat":"Rural","Vill_LGD":"308567","arr_project":"asha1,asha2"}},
{"type":"Feature","geometry":{"type":"Polygon","coordinates":[[[89.49009,26.01233],[89.48523,26.01311],[89.48812,26.00247],[89.49112,26.00586],[89.49009,26.01233]]]},"properties":{"District":"Koch Bihar","Dist_LGD":"329","Sub_dist":"Dinhata - I","Subdis_LGD":"2187","Subdis_Typ":"Cd_Block","Vill_name":"Kharija Haridas","Vill_Cat":"Rural","Vill_LGD":"308566","arr_project":"asha1,asha2"}},
{"type":"Feature","geometry":{"type":"Polygon","coordinates":[[[89.50501,26.00861],[89.50287,26.01024],[89.49771,26.01677],[89.49706,26.02224],[89.49122,26.02764],[89.48715,26.02642],[89.49117,26.01814],[89.49009,26.01233],[89.49112,26.00586],[89.49414,26.00401],[89.4994,26.00352],[89.50381,26.0022],[89.50396,26.00666],[89.50501,26.00861]]]},"properties":{"District":"Koch Bihar","Dist_LGD":"329","Sub_dist":"Dinhata - I","Subdis_LGD":"2187","Subdis_Typ":"Cd_Block","Vill_name":"Konamukta","Vill_Cat":"Rural","Vill_LGD":"308583","arr_project":"asha1,asha2"}},
{"type":"Feature","geometry":{"type":"Polygon","coordinates":[[[89.5124,26.01004],[89.50678,26.00844],[89.50501,26.00861],[89.50396,26.00666],[89.50381,26.0022],[89.50883,26.00187],[89.5114,26.00334],[89.51466,26.00737],[89.5124,26.01004]]]},"properties":{"District":"Koch Bihar","Dist_LGD":"329","Sub_dist":"Dinhata - I","Subdis_LGD":"2187","Subdis_Typ":"Cd_Block","Vill_name":"Haridaskhamar","Vill_Cat":"Rural","Vill_LGD":"308584","arr_project":"asha1,asha2"}},
{"type":"Feature","geometry":{"type":"Polygon","coordinates":[[[89.51914,26.02557],[89.51979,26.0216],[89.52538,26.02175],[89.52473,26.02774],[89.52253,26.02906],[89.52083,26.02777],[89.51849,26.02889],[89.51891,26.03119],[89.51588,26.03133],[89.51724,26.02752],[89.51914,26.02557]]]},"properties":{"District":"Koch Bihar","Dist_LGD":"329","Sub_dist":"Dinhata - Ii","Subdis_LGD":"2188","Subdis_Typ":"Cd_Block","Vill_name":"Dakurhat","Vill_Cat":"Rural","Vill_LGD":"308633","arr_project":"asha1,asha2"}},
{"type":"Feature","geometry":{"type":"Polygon","coordinates":[[[89.4857,26.22207],[89.48202,26.22319],[89.48253,26.22568],[89.47905,26.22513],[89.47761,26.22097],[89.47541,26.21936],[89.47301,26.22106],[89.46615,26.21188],[89.4609,26.20404],[89.4606,26.20183],[89.4623,26.19459],[89.46565,26.19439],[89.4693,26.19543],[89.47478,26.19926],[89.47735,26.20116],[89.48574,26.20504],[89.48938,26.20779],[89.48968,26.20908],[89.48839,26.21253],[89.48538,26.21648],[89.4857,26.22207]]]},"properties":{"District":"Koch Bihar","Dist_LGD":"329","Sub_dist":"Dinhata - I","Subdis_LGD":"2187","Subdis_Typ":"Cd_Block","Vill_name":"Singijani Bhetaguri","Vill_Cat":"Rural","Vill_LGD":"308514","arr_project":"asha1,asha2"}},
{"type":"Feature","geometry":{"type":"Polygon","coordinates":[[[89.49324,26.22004],[89.49125,26.2228],[89.49058,26.22659],[89.48779,26.22447],[89.4857,26.22207],[89.48538,26.21648],[89.48839,26.21253],[89.48968,26.20908],[89.49243,26.21331],[89.49324,26.22004]]]},"properties":{"District":"Koch Bihar","Dist_LGD":"329","Sub_dist":"Dinhata - I","Subdis_LGD":"2187","Subdis_Typ":"Cd_Block","Vill_name":"Uttar Baishguri","Vill_Cat":"Rural","Vill_LGD":"308515","arr_project":"asha1,asha2"}},
{"type":"Feature","geometry":{"type":"Polygon","coordinates":[[[89.48232,26.19264],[89.48411,26.18688],[89.48874,26.18568],[89.48795,26.18316],[89.48958,26.17975],[89.49371,26.18075],[89.49397,26.18525],[89.49607,26.18718],[89.49864,26.18537],[89.49915,26.18231],[89.50188,26.18095],[89.50378,26.18477],[89.50066,26.18718],[89.49845,26.19194],[89.50029,26.19845],[89.4973,26.19903],[89.49131,26.20196],[89.48922,26.20563],[89.48938,26.20779],[89.48574,26.20504],[89.47735,26.20116],[89.47478,26.19926],[89.47556,26.19698],[89.4839,26.19659],[89.48232,26.19264]]]},"properties":{"District":"Koch Bihar","Dist_LGD":"329","Sub_dist":"Dinhata - I","Subdis_LGD":"2187","Subdis_Typ":"Cd_Block","Vill_name":"Kharija Baladanga","Vill_Cat":"Rural","Vill_LGD":"308516","arr_project":"asha1,asha2"}},
{"type":"Feature","geometry":{"type":"Polygon","coordinates":[[[89.44895,26.18248],[89.45081,26.18068],[89.45461,26.18062],[89.45558,26.17819],[89.45919,26.18051],[89.46145,26.1796],[89.46532,26.18128],[89.46612,26.1844],[89.46927,26.18584],[89.4701,26.18927],[89.47338,26.18759],[89.4761,26.18751],[89.47714,26.19055],[89.48232,26.19264],[89.4839,26.19659],[89.47556,26.19698],[89.47478,26.19926],[89.4693,26.19543],[89.46565,26.19439],[89.4623,26.19459],[89.46248,26.18933],[89.46133,26.18658],[89.45924,26.18474],[89.45627,26.18389],[89.45272,26.18507],[89.44895,26.18248]]]},"properties":{"District":"Koch Bihar","Dist_LGD":"329","Sub_dist":"Dinhata - I","Subdis_LGD":"2187","Subdis_Typ":"Cd_Block","Vill_name":"Baladanga","Vill_Cat":"Rural","Vill_LGD":"308517","arr_project":"asha1,asha2"}},
{"type":"Feature","geometry":{"type":"Polygon","coordinates":[[[89.47362,26.17989],[89.47385,26.1821],[89.47869,26.18192],[89.483,26.18269],[89.48164,26.17621],[89.48548,26.17615],[89.48958,26.17975],[89.48795,26.18316],[89.48874,26.18568],[89.48411,26.18688],[89.48232,26.19264],[89.47714,26.19055],[89.4761,26.18751],[89.47338,26.18759],[89.4701,26.18927],[89.46927,26.18584],[89.46612,26.1844],[89.47032,26.18437],[89.47176,26.182],[89.46998,26.17983],[89.47362,26.17989]]]},"properties":{"District":"Koch Bihar","Dist_LGD":"329","Sub_dist":"Dinhata - I","Subdis_LGD":"2187","Subdis_Typ":"Cd_Block","Vill_name":"Kharija Barakura","Vill_Cat":"Rural","Vill_LGD":"308523","arr_project":"asha1,asha2"}},
{"type":"Feature","geometry":{"type":"Polygon","coordinates":[[[89.48835,26.1758],[89.49555,26.17559],[89.49702,26.17362],[89.49949,26.1733],[89.50075,26.17664],[89.49739,26.18033],[89.49915,26.18231],[89.49864,26.18537],[89.49607,26.18718],[89.49397,26.18525],[89.49371,26.18075],[89.48958,26.17975],[89.48548,26.17615],[89.48591,26.17566],[89.48835,26.1758]]]},"properties":{"District":"Koch Bihar","Dist_LGD":"329","Sub_dist":"Dinhata - I","Subdis_LGD":"2187","Subdis_Typ":"Cd_Block","Vill_name":"Kuchni Dwitia Khanda","Vill_Cat":"Rural","Vill_LGD":"308525","arr_project":"asha1,asha2"}},
{"type":"Feature","geometry":{"type":"Polygon","coordinates":[[[89.48474,26.15999],[89.4902,26.15993],[89.49322,26.16152],[89.49588,26.16102],[89.49895,26.16414],[89.50228,26.16451],[89.50613,26.1637],[89.50937,26.16464],[89.51254,26.17456],[89.51256,26.17667],[89.51148,26.18041],[89.50826,26.18426],[89.50688,26.18383],[89.5061,26.17961],[89.50311,26.17927],[89.50188,26.18095],[89.49915,26.18231],[89.49739,26.18033],[89.50075,26.17664],[89.49949,26.1733],[89.49702,26.17362],[89.49555,26.17559],[89.48835,26.1758],[89.49056,26.16922],[89.48538,26.17027],[89.48068,26.16697],[89.47925,26.16682],[89.47626,26.16552],[89.48021,26.16249],[89.48474,26.15999]]]},"properties":{"District":"Koch Bihar","Dist_LGD":"329","Sub_dist":"Dinhata - I","Subdis_LGD":"2187","Subdis_Typ":"Cd_Block","Vill_name":"Jarabari Pratham Khanda","Vill_Cat":"Rural","Vill_LGD":"308526","arr_project":"asha1,asha2"}},
{"type":"Feature","geometry":{"type":"Polygon","coordinates":[[[89.47872,26.14129],[89.48475,26.1411],[89.49398,26.14231],[89.49531,26.14375],[89.49795,26.1473],[89.50018,26.14735],[89.49829,26.15191],[89.49874,26.15408],[89.50189,26.15279],[89.50209,26.15454],[89.50496,26.15546],[89.504,26.15991],[89.50639,26.16266],[89.50613,26.1637],[89.50228,26.16451],[89.49895,26.16414],[89.49588,26.16102],[89.49322,26.16152],[89.4902,26.15993],[89.48474,26.15999],[89.4784,26.15894],[89.47532,26.15754],[89.47323,26.15469],[89.47388,26.15266],[89.47279,26.14879],[89.47283,26.14615],[89.47139,26.14344],[89.47872,26.14129]]]},"properties":{"District":"Koch Bihar","Dist_LGD":"329","Sub_dist":"Dinhata - I","Subdis_LGD":"2187","Subdis_Typ":"Cd_Block","Vill_name":"Koalidaha","Vill_Cat":"Rural","Vill_LGD":"308528","arr_project":"asha1,asha2"}},
{"type":"Feature","geometry":{"type":"Polygon","coordinates":[[[89.50189,26.15279],[89.50778,26.14987],[89.50936,26.14691],[89.5138,26.14762],[89.51875,26.15316],[89.52312,26.15387],[89.52397,26.15552],[89.52164,26.15713],[89.52567,26.16394],[89.52829,26.16805],[89.53143,26.16773],[89.53254,26.1662],[89.53493,26.16828],[89.5277,26.16992],[89.52271,26.16817],[89.52236,26.16437],[89.51913,26.16171],[89.51641,26.16062],[89.51153,26.16103],[89.50983,26.16274],[89.50639,26.16266],[89.504,26.15991],[89.50496,26.15546],[89.50209,26.15454],[89.50189,26.15279]]]},"properties":{"District":"Koch Bihar","Dist_LGD":"329","Sub_dist":"Dinhata - Ii","Subdis_LGD":"2188","Subdis_Typ":"Cd_Block","Vill_name":"Chhota Sakdal","Vill_Cat":"Rural","Vill_LGD":"308619","arr_project":"asha1,asha2"}},
{"type":"Feature","geometry":{"type":"Polygon","coordinates":[[[89.49531,26.14375],[89.49733,26.14186],[89.50062,26.14075],[89.50607,26.14047],[89.50863,26.14392],[89.50936,26.14691],[89.50778,26.14987],[89.50189,26.15279],[89.49874,26.15408],[89.49829,26.15191],[89.50018,26.14735],[89.49795,26.1473],[89.49531,26.14375]]]},"properties":{"District":"Koch Bihar","Dist_LGD":"329","Sub_dist":"Dinhata - I","Subdis_LGD":"2187","Subdis_Typ":"Cd_Block","Vill_name":"Satkura","Vill_Cat":"Rural","Vill_LGD":"308586","arr_project":"asha1,asha2"}},
{"type":"Feature","geometry":{"type":"Polygon","coordinates":[[[89.52557,26.19548],[89.52737,26.19697],[89.52993,26.20241],[89.52929,26.20449],[89.52551,26.20297],[89.51786,26.20191],[89.51528,26.20088],[89.51219,26.20166],[89.51104,26.19699],[89.51942,26.1954],[89.52557,26.19548]]]},"properties":{"District":"Koch Bihar","Dist_LGD":"329","Sub_dist":"Dinhata - Ii","Subdis_LGD":"2188","Subdis_Typ":"Cd_Block","Vill_name":"Najirganj","Vill_Cat":"Rural","Vill_LGD":"308589","arr_project":"asha1,asha2"}},
{"type":"Feature","geometry":{"type":"Polygon","coordinates":[[[89.53867,26.20732],[89.53594,26.20622],[89.53411,26.20821],[89.52929,26.20449],[89.52993,26.20241],[89.52737,26.19697],[89.52557,26.19548],[89.52601,26.19335],[89.52916,26.19316],[89.52964,26.18965],[89.53139,26.19149],[89.53441,26.19204],[89.53512,26.19433],[89.5382,26.19581],[89.54005,26.1954],[89.54409,26.19704],[89.54278,26.19935],[89.54296,26.20447],[89.53916,26.20408],[89.53867,26.20732]]]},"properties":{"District":"Koch Bihar","Dist_LGD":"329","Sub_dist":"Dinhata - Ii","Subdis_LGD":"2188","Subdis_Typ":"Cd_Block","Vill_name":"Kukurkachua","Vill_Cat":"Rural","Vill_LGD":"308591","arr_project":"asha1,asha2"}},
{"type":"Feature","geometry":{"type":"Polygon","coordinates":[[[89.51942,26.1954],[89.51742,26.19131],[89.51803,26.18865],[89.52106,26.18675],[89.52503,26.18936],[89.52849,26.18869],[89.52964,26.18965],[89.52916,26.19316],[89.52601,26.19335],[89.52557,26.19548],[89.51942,26.1954]]]},"properties":{"District":"Koch Bihar","Dist_LGD":"329","Sub_dist":"Dinhata - Ii","Subdis_LGD":"2188","Subdis_Typ":"Cd_Block","Vill_name":"Bhoram Kachua","Vill_Cat":"Rural","Vill_LGD":"308590","arr_project":"asha1,asha2"}},
{"type":"Feature","geometry":{"type":"Polygon","coordinates":[[[89.52849,26.18869],[89.53272,26.1849],[89.53505,26.17996],[89.54055,26.17768],[89.54338,26.17768],[89.54498,26.1793],[89.54576,26.1825],[89.53992,26.18195],[89.53705,26.18412],[89.53694,26.18989],[89.53441,26.19204],[89.53139,26.19149],[89.52964,26.18965],[89.52849,26.18869]]]},"properties":{"District":"Koch Bihar","Dist_LGD":"329","Sub_dist":"Dinhata - Ii","Subdis_LGD":"2188","Subdis_Typ":"Cd_Block","Vill_name":"Gatikachua","Vill_Cat":"Rural","Vill_LGD":"308593","arr_project":"asha1,asha2"}},
{"type":"Feature","geometry":{"type":"Polygon","coordinates":[[[89.51256,26.17667],[89.51582,26.17881],[89.51897,26.17754],[89.51819,26.17262],[89.52128,26.17419],[89.52635,26.17434],[89.52683,26.17186],[89.52356,26.17052],[89.52271,26.16817],[89.5277,26.16992],[89.53493,26.16828],[89.53549,26.17224],[89.5392,26.1731],[89.54111,26.17155],[89.5443,26.17541],[89.54338,26.17768],[89.54055,26.17768],[89.53505,26.17996],[89.53272,26.1849],[89.52849,26.18869],[89.52503,26.18936],[89.52106,26.18675],[89.51803,26.18865],[89.51742,26.19131],[89.51942,26.1954],[89.51104,26.19699],[89.51045,26.19178],[89.51095,26.18667],[89.51226,26.18174],[89.51148,26.18041],[89.51256,26.17667]]]},"properties":{"District":"Koch Bihar","Dist_LGD":"329","Sub_dist":"Dinhata - Ii","Subdis_LGD":"2188","Subdis_Typ":"Cd_Block","Vill_name":"Bhulki","Vill_Cat":"Rural","Vill_LGD":"308588","arr_project":"asha1,asha2"}},
{"type":"Feature","geometry":{"type":"Polygon","coordinates":[[[89.53254,26.1662],[89.53215,26.16208],[89.53456,26.16255],[89.5371,26.15795],[89.53859,26.15761],[89.54425,26.15921],[89.54318,26.16513],[89.54616,26.16835],[89.54446,26.17266],[89.54521,26.1748],[89.5443,26.17541],[89.54111,26.17155],[89.5392,26.1731],[89.53549,26.17224],[89.53493,26.16828],[89.53254,26.1662]]]},"properties":{"District":"Koch Bihar","Dist_LGD":"329","Sub_dist":"Dinhata - Ii","Subdis_LGD":"2188","Subdis_Typ":"Cd_Block","Vill_name":"Marnia Pratham Khanda","Vill_Cat":"Rural","Vill_LGD":"308615","arr_project":"asha1,asha2"}},
{"type":"Feature","geometry":{"type":"Polygon","coordinates":[[[89.52567,26.16394],[89.52744,26.16243],[89.52348,26.15866],[89.52699,26.15753],[89.52869,26.15322],[89.53161,26.15189],[89.53156,26.14842],[89.53345,26.14861],[89.53721,26.15368],[89.53962,26.15511],[89.53859,26.15761],[89.5371,26.15795],[89.53456,26.16255],[89.53215,26.16208],[89.53254,26.1662],[89.53143,26.16773],[89.52829,26.16805],[89.52567,26.16394]]]},"properties":{"District":"Koch Bihar","Dist_LGD":"329","Sub_dist":"Dinhata - Ii","Subdis_LGD":"2188","Subdis_Typ":"Cd_Block","Vill_name":"Jitpur","Vill_Cat":"Rural","Vill_LGD":"308617","arr_project":"asha1,asha2"}},
{"type":"Feature","geometry":{"type":"Polygon","coordinates":[[[89.56901,26.18941],[89.56694,26.19678],[89.56345,26.19791],[89.55793,26.19534],[89.55402,26.19638],[89.54854,26.20071],[89.54733,26.20427],[89.5483,26.20552],[89.54804,26.21139],[89.54491,26.21211],[89.54337,26.21313],[89.54117,26.20999],[89.54182,26.20901],[89.53867,26.20732],[89.53916,26.20408],[89.54296,26.20447],[89.54278,26.19935],[89.54409,26.19704],[89.54005,26.1954],[89.54032,26.19082],[89.54866,26.19146],[89.55484,26.19119],[89.55945,26.18777],[89.56574,26.18893],[89.56901,26.18941]]]},"properties":{"District":"Koch Bihar","Dist_LGD":"329","Sub_dist":"Dinhata - Ii","Subdis_LGD":"2188","Subdis_Typ":"Cd_Block","Vill_name":"Balakura","Vill_Cat":"Rural","Vill_LGD":"308595","arr_project":"asha1,asha2"}},
{"type":"Feature","geometry":{"type":"Polygon","coordinates":[[[89.54576,26.1825],[89.54831,26.18572],[89.55229,26.18656],[89.55851,26.18504],[89.55984,26.18388],[89.56435,26.18377],[89.56574,26.18893],[89.55945,26.18777],[89.55484,26.19119],[89.54866,26.19146],[89.54032,26.19082],[89.53694,26.18989],[89.53705,26.18412],[89.53992,26.18195],[89.54576,26.1825]]]},"properties":{"District":"Koch Bihar","Dist_LGD":"329","Sub_dist":"Dinhata - Ii","Subdis_LGD":"2188","Subdis_Typ":"Cd_Block","Vill_name":"Khutamara","Vill_Cat":"Rural","Vill_LGD":"308594","arr_project":"asha1,asha2"}},
{"type":"Feature","geometry":{"type":"Polygon","coordinates":[[[89.54521,26.1748],[89.54884,26.17635],[89.55177,26.1741],[89.55764,26.17368],[89.56181,26.17105],[89.56419,26.1757],[89.56401,26.18084],[89.55984,26.18388],[89.55851,26.18504],[89.55229,26.18656],[89.54831,26.18572],[89.54576,26.1825],[89.54498,26.1793],[89.54338,26.17768],[89.5443,26.17541],[89.54521,26.1748]]]},"properties":{"District":"Koch Bihar","Dist_LGD":"329","Sub_dist":"Dinhata - Ii","Subdis_LGD":"2188","Subdis_Typ":"Cd_Block","Vill_name":"Haribhanga Khattimari","Vill_Cat":"Rural","Vill_LGD":"308613","arr_project":"asha1,asha2"}},
{"type":"Feature","geometry":{"type":"Polygon","coordinates":[[[89.54616,26.16835],[89.55101,26.16495],[89.55637,26.16444],[89.55964,26.16868],[89.56442,26.16815],[89.56181,26.17105],[89.55764,26.17368],[89.55177,26.1741],[89.54884,26.17635],[89.54521,26.1748],[89.54446,26.17266],[89.54616,26.16835]]]},"properties":{"District":"Koch Bihar","Dist_LGD":"329","Sub_dist":"Dinhata - Ii","Subdis_LGD":"2188","Subdis_Typ":"Cd_Block","Vill_name":"Madhupur","Vill_Cat":"Rural","Vill_LGD":"308614","arr_project":"asha1,asha2"}},
{"type":"Feature","geometry":{"type":"Polygon","coordinates":[[[89.53345,26.14861],[89.53572,26.14731],[89.53972,26.14968],[89.54656,26.14981],[89.55536,26.14909],[89.55535,26.15464],[89.5566,26.15505],[89.5572,26.15921],[89.55637,26.16444],[89.55101,26.16495],[89.54616,26.16835],[89.54318,26.16513],[89.54425,26.15921],[89.53859,26.15761],[89.53962,26.15511],[89.53721,26.15368],[89.53345,26.14861]]]},"properties":{"District":"Koch Bihar","Dist_LGD":"329","Sub_dist":"Dinhata - Ii","Subdis_LGD":"2188","Subdis_Typ":"Cd_Block","Vill_name":"Khattimari","Vill_Cat":"Rural","Vill_LGD":"308616","arr_project":"asha1,asha2"}},
{"type":"Feature","geometry":{"type":"Polygon","coordinates":[[[89.55536,26.14909],[89.558,26.146],[89.5603,26.14507],[89.56444,26.14549],[89.56213,26.14734],[89.56131,26.15274],[89.56259,26.1554],[89.56668,26.15521],[89.56682,26.15801],[89.56429,26.16066],[89.55954,26.15985],[89.55853,26.15596],[89.5566,26.15505],[89.55535,26.15464],[89.55536,26.14909]]]},"properties":{"District":"Koch Bihar","Dist_LGD":"329","Sub_dist":"Dinhata - Ii","Subdis_LGD":"2188","Subdis_Typ":"Cd_Block","Vill_name":"Patuardara","Vill_Cat":"Rural","Vill_LGD":"308649","arr_project":"asha1,asha2"}},
{"type":"Feature","geometry":{"type":"Polygon","coordinates":[[[89.52312,26.15387],[89.52559,26.15031],[89.52869,26.15322],[89.52699,26.15753],[89.52348,26.15866],[89.52744,26.16243],[89.52567,26.16394],[89.52164,26.15713],[89.52397,26.15552],[89.52312,26.15387]]]},"properties":{"District":"Koch Bihar","Dist_LGD":"329","Sub_dist":"Dinhata - Ii","Subdis_LGD":"2188","Subdis_Typ":"Cd_Block","Vill_name":"Talapaka","Vill_Cat":"Rural","Vill_LGD":"308618","arr_project":"asha1,asha2"}},
{"type":"Feature","geometry":{"type":"Polygon","coordinates":[[[89.51366,26.13641],[89.5183,26.13692],[89.51842,26.13356],[89.52819,26.1382],[89.5265,26.14154],[89.52775,26.14773],[89.53156,26.14842],[89.53161,26.15189],[89.52869,26.15322],[89.52559,26.15031],[89.52312,26.15387],[89.51875,26.15316],[89.5138,26.14762],[89.50936,26.14691],[89.50863,26.14392],[89.51086,26.14316],[89.51328,26.14569],[89.51485,26.1445],[89.515,26.14084],[89.51108,26.14126],[89.50818,26.13997],[89.51366,26.13641]]]},"properties":{"District":"Koch Bihar","Dist_LGD":"329","Sub_dist":"Dinhata - Ii","Subdis_LGD":"2188","Subdis_Typ":"Cd_Block","Vill_name":"Kuchni Pratham Khanda","Vill_Cat":"Rural","Vill_LGD":"308647","arr_project":"asha1,asha2"}},
{"type":"Feature","geometry":{"type":"Polygon","coordinates":[[[89.53025,26.13692],[89.53346,26.13459],[89.53316,26.13157],[89.53895,26.13103],[89.5387,26.12964],[89.53212,26.13017],[89.53445,26.12479],[89.53581,26.12282],[89.5385,26.12405],[89.54322,26.12949],[89.54642,26.12801],[89.54418,26.12407],[89.54553,26.12295],[89.54834,26.13247],[89.55094,26.13455],[89.55658,26.13586],[89.56148,26.14067],[89.56464,26.14255],[89.56444,26.14549],[89.5603,26.14507],[89.558,26.146],[89.55536,26.14909],[89.54656,26.14981],[89.53972,26.14968],[89.53572,26.14731],[89.53345,26.14861],[89.53156,26.14842],[89.52775,26.14773],[89.5265,26.14154],[89.52819,26.1382],[89.53025,26.13692]]]},"properties":{"District":"Koch Bihar","Dist_LGD":"329","Sub_dist":"Dinhata - Ii","Subdis_LGD":"2188","Subdis_Typ":"Cd_Block","Vill_name":"Rakhalmari","Vill_Cat":"Rural","Vill_LGD":"308648","arr_project":"asha1,asha2"}},
{"type":"Feature","geometry":{"type":"Polygon","coordinates":[[[89.51107,26.12909],[89.511,26.12526],[89.51554,26.12528],[89.5137,26.1218],[89.51788,26.12008],[89.52036,26.12054],[89.52056,26.12412],[89.52361,26.12449],[89.52564,26.12722],[89.52435,26.13119],[89.52666,26.13605],[89.53025,26.13692],[89.52819,26.1382],[89.51842,26.13356],[89.5183,26.13692],[89.51366,26.13641],[89.51233,26.13242],[89.51016,26.13219],[89.51107,26.12909]]]},"properties":{"District":"Koch Bihar","Dist_LGD":"329","Sub_dist":"Dinhata - Ii","Subdis_LGD":"2188","Subdis_Typ":"Cd_Block","Vill_name":"Durachapri","Vill_Cat":"Rural","Vill_LGD":"308646","arr_project":"asha1,asha2"}},
{"type":"Feature","geometry":{"type":"Polygon","coordinates":[[[89.52564,26.12722],[89.52991,26.12184],[89.53445,26.12479],[89.53212,26.13017],[89.5387,26.12964],[89.53895,26.13103],[89.53316,26.13157],[89.53346,26.13459],[89.53025,26.13692],[89.52666,26.13605],[89.52435,26.13119],[89.52564,26.12722]]]},"properties":{"District":"Koch Bihar","Dist_LGD":"329","Sub_dist":"Dinhata - Ii","Subdis_LGD":"2188","Subdis_Typ":"Cd_Block","Vill_name":"Jitpur Dwitia Khanda","Vill_Cat":"Rural","Vill_LGD":"308645","arr_project":"asha1,asha2"}},
{"type":"Feature","geometry":{"type":"Polygon","coordinates":[[[89.51511,26.11769],[89.51729,26.11507],[89.51659,26.1134],[89.51908,26.11106],[89.52683,26.10992],[89.53012,26.10965],[89.53084,26.11253],[89.5342,26.11513],[89.53403,26.11952],[89.52991,26.12184],[89.52564,26.12722],[89.52361,26.12449],[89.52056,26.12412],[89.52036,26.12054],[89.51788,26.12008],[89.5137,26.1218],[89.51554,26.12528],[89.511,26.12526],[89.51107,26.12909],[89.50849,26.12884],[89.51149,26.12309],[89.51464,26.12107],[89.51511,26.11769]]]},"properties":{"District":"Koch Bihar","Dist_LGD":"329","Sub_dist":"Dinhata - Ii","Subdis_LGD":"2188","Subdis_Typ":"Cd_Block","Vill_name":"Langalia Protham Khanda","Vill_Cat":"Rural","Vill_LGD":"308644","arr_project":"asha1,asha2"}},
{"type":"Feature","geometry":{"type":"Polygon","coordinates":[[[89.50298,26.09596],[89.50533,26.09272],[89.50912,26.09151],[89.51573,26.09129],[89.52069,26.09044],[89.51922,26.09388],[89.52033,26.09618],[89.51947,26.09806],[89.52441,26.09776],[89.52955,26.09818],[89.53097,26.10077],[89.53632,26.10027],[89.53784,26.10608],[89.53642,26.1083],[89.52723,26.10667],[89.52683,26.10992],[89.51908,26.11106],[89.51659,26.1134],[89.51729,26.11507],[89.51511,26.11769],[89.5082,26.11471],[89.50475,26.11181],[89.50462,26.10726],[89.50777,26.10712],[89.50768,26.10201],[89.49955,26.10196],[89.49937,26.09862],[89.50298,26.09596]]]},"properties":{"District":"Koch Bihar","Dist_LGD":"329","Sub_dist":"Dinhata - Ii","Subdis_LGD":"2188","Subdis_Typ":"Cd_Block","Vill_name":"Tiadaha","Vill_Cat":"Rural","Vill_LGD":"308643","arr_project":"asha1,asha2"}},
{"type":"Feature","geometry":{"type":"Polygon","coordinates":[[[89.54285,26.09712],[89.53928,26.08894],[89.54414,26.08663],[89.54774,26.08757],[89.54883,26.09353],[89.55115,26.09564],[89.54305,26.09796],[89.54285,26.09712]]]},"properties":{"District":"Koch Bihar","Dist_LGD":"329","Sub_dist":"Dinhata - Ii","Subdis_LGD":"2188","Subdis_Typ":"Cd_Block","Vill_name":"Chhat Gopalganj","Vill_Cat":"Rural","Vill_LGD":"308641","arr_project":"asha1,asha2"}},
{"type":"Feature","geometry":{"type":"Polygon","coordinates":[[[89.54774,26.08757],[89.55247,26.08649],[89.55857,26.08337],[89.56555,26.08246],[89.56588,26.08396],[89.56156,26.08386],[89.55637,26.08564],[89.556,26.09023],[89.55396,26.09181],[89.55492,26.09413],[89.55115,26.09564],[89.54883,26.09353],[89.54774,26.08757]]]},"properties":{"District":"Koch Bihar","Dist_LGD":"329","Sub_dist":"Dinhata - Ii","Subdis_LGD":"2188","Subdis_Typ":"Cd_Block","Vill_name":"Joygopalganj","Vill_Cat":"Rural","Vill_LGD":"308640","arr_project":"asha1,asha2"}},
{"type":"Feature","geometry":{"type":"Polygon","coordinates":[[[89.55247,26.08649],[89.55064,26.08599],[89.55193,26.08207],[89.54779,26.07965],[89.54497,26.08031],[89.54413,26.0778],[89.54547,26.07656],[89.5449,26.07379],[89.5415,26.07151],[89.54374,26.06297],[89.54571,26.0634],[89.54719,26.05539],[89.55155,26.05506],[89.55066,26.05742],[89.55057,26.06206],[89.55195,26.06423],[89.55448,26.06432],[89.55496,26.06685],[89.55782,26.07057],[89.56079,26.06984],[89.56425,26.08117],[89.56555,26.08246],[89.55857,26.08337],[89.55247,26.08649]]]},"properties":{"District":"Koch Bihar","Dist_LGD":"329","Sub_dist":"Dinhata - Ii","Subdis_LGD":"2188","Subdis_Typ":"Cd_Block","Vill_name":"Hokadaha Pratham Khanda","Vill_Cat":"Rural","Vill_LGD":"308639","arr_project":"asha1,asha2"}},
{"type":"Feature","geometry":{"type":"Polygon","coordinates":[[[89.52651,26.06435],[89.52323,26.06382],[89.52566,26.05983],[89.52925,26.05876],[89.53076,26.06062],[89.53006,26.06474],[89.52651,26.06435]]]},"properties":{"District":"Koch Bihar","Dist_LGD":"329","Sub_dist":"Dinhata - Ii","Subdis_LGD":"2188","Subdis_Typ":"Cd_Block","Vill_name":"Kamat Abutara","Vill_Cat":"Rural","Vill_LGD":"308637","arr_project":"asha1,asha2"}},
{"type":"Feature","geometry":{"type":"Polygon","coordinates":[[[89.54909,26.00011],[89.54503,26.00456],[89.54282,26.00957],[89.54223,26.01458],[89.54009,26.01886],[89.53969,26.01293],[89.53432,26.01417],[89.53023,26.01326],[89.53055,26.01087],[89.52776,26.01092],[89.52856,26.00637],[89.5258,26.00525],[89.53038,26.0048],[89.53391,26.00297],[89.53652,26.00286],[89.5352,26.00612],[89.54079,26.00594],[89.54482,26.00046],[89.54812,26.00053],[89.54909,26.00011]]]},"properties":{"District":"Koch Bihar","Dist_LGD":"329","Sub_dist":"Dinhata - Ii","Subdis_LGD":"2188","Subdis_Typ":"Cd_Block","Vill_name":"Kismat Karala","Vill_Cat":"Rural","Vill_LGD":"308696","arr_project":"asha1,asha2"}},
{"type":"Feature","geometry":{"type":"Polygon","coordinates":[[[89.56381,25.9844],[89.56099,25.98272],[89.56103,25.97993],[89.5592,25.97696],[89.55691,25.97681],[89.55354,25.98253],[89.55362,25.98689],[89.55165,25.98995],[89.54885,25.98976],[89.54247,25.98281],[89.54151,25.98315],[89.53847,25.97696],[89.53866,25.97218],[89.54147,25.96919],[89.54782,25.96787],[89.54995,25.96622],[89.5576,25.96539],[89.55772,25.96991],[89.56043,25.97044],[89.56361,25.97373],[89.56288,25.97576],[89.56375,25.97879],[89.56587,25.98038],[89.5683,25.97915],[89.56838,25.98119],[89.5654,25.98202],[89.56381,25.9844]]]},"properties":{"District":"Koch Bihar","Dist_LGD":"329","Sub_dist":"Dinhata - Ii","Subdis_LGD":"2188","Subdis_Typ":"Cd_Block","Vill_name":"Tharaikhana","Vill_Cat":"Rural","Vill_LGD":"308702","arr_project":"asha1,asha2"}},
{"type":"Feature","geometry":{"type":"Polygon","coordinates":[[[89.54905,25.99882],[89.54909,26.00011],[89.54812,26.00053],[89.54794,25.99804],[89.54281,25.99702],[89.54218,25.9955],[89.53834,25.9948],[89.53725,25.9917],[89.53552,25.99037],[89.53597,25.98563],[89.54151,25.98315],[89.54247,25.98281],[89.54885,25.98976],[89.54929,25.99224],[89.54811,25.9956],[89.54905,25.99882]]]},"properties":{"District":"Koch Bihar","Dist_LGD":"329","Sub_dist":"Dinhata - Ii","Subdis_LGD":"2188","Subdis_Typ":"Cd_Block","Vill_name":"Baskotal","Vill_Cat":"Rural","Vill_LGD":"308701","arr_project":"asha1,asha2"}},
{"type":"Feature","geometry":{"type":"Polygon","coordinates":[[[89.57237,25.97808],[89.56861,25.98189],[89.56955,25.98885],[89.56487,25.99064],[89.56137,25.98892],[89.56381,25.9844],[89.5654,25.98202],[89.56838,25.98119],[89.5683,25.97915],[89.56731,25.97042],[89.56922,25.96782],[89.56846,25.97297],[89.57321,25.9713],[89.57584,25.9715],[89.5784,25.97325],[89.57688,25.97532],[89.57237,25.97808]]]},"properties":{"District":"Koch Bihar","Dist_LGD":"329","Sub_dist":"Dinhata - Ii","Subdis_LGD":"2188","Subdis_Typ":"Cd_Block","Vill_name":"Seuti Tritia Khanda","Vill_Cat":"Rural","Vill_LGD":"308704","arr_project":"asha1,asha2"}},
{"type":"Feature","geometry":{"type":"Polygon","coordinates":[[[89.57688,25.97532],[89.57678,25.9782],[89.58186,25.97922],[89.58384,25.97822],[89.58662,25.98035],[89.58504,25.98285],[89.58527,25.98521],[89.58312,25.98993],[89.57375,25.98523],[89.57237,25.97808],[89.57688,25.97532]]]},"properties":{"District":"Koch Bihar","Dist_LGD":"329","Sub_dist":"Dinhata - Ii","Subdis_LGD":"2188","Subdis_Typ":"Cd_Block","Vill_name":"Seuti Dwitia Khanda","Vill_Cat":"Rural","Vill_LGD":"308705","arr_project":"asha1,asha2"}},
{"type":"Feature","geometry":{"type":"Polygon","coordinates":[[[89.57957,26.01584],[89.57899,26.01362],[89.57432,26.01367],[89.56721,26.00509],[89.56414,26.00339],[89.55927,26.00564],[89.55759,26.00233],[89.56297,26.00139],[89.56297,25.99841],[89.56887,26.00139],[89.57657,26.00153],[89.58083,26.00084],[89.58416,25.99915],[89.5833,26.00188],[89.58146,26.00338],[89.57993,26.00915],[89.58113,26.00954],[89.58075,26.01406],[89.57957,26.01584]]]},"properties":{"District":"Koch Bihar","Dist_LGD":"329","Sub_dist":"Dinhata - Ii","Subdis_LGD":"2188","Subdis_Typ":"Cd_Block","Vill_name":"Seuti","Vill_Cat":"Rural","Vill_LGD":"308698","arr_project":"asha1,asha2"}},
{"type":"Feature","geometry":{"type":"Polygon","coordinates":[[[89.56892,26.02874],[89.56544,26.02938],[89.56291,26.02235],[89.55851,26.01939],[89.55519,26.01935],[89.545,26.02326],[89.54224,26.02288],[89.54009,26.01886],[89.54223,26.01458],[89.55336,26.0141],[89.55568,26.0153],[89.55927,26.00564],[89.56414,26.00339],[89.56721,26.00509],[89.57432,26.01367],[89.57552,26.0153],[89.57742,26.02145],[89.57581,26.02295],[89.57269,26.02071],[89.57034,26.02372],[89.56714,26.02044],[89.56426,26.0222],[89.56536,26.02445],[89.56944,26.02524],[89.56892,26.02874]]]},"properties":{"District":"Koch Bihar","Dist_LGD":"329","Sub_dist":"Dinhata - Ii","Subdis_LGD":"2188","Subdis_Typ":"Cd_Block","Vill_name":"Chanderkuthi","Vill_Cat":"Rural","Vill_LGD":"308695","arr_project":"asha1,asha2"}},
{"type":"Feature","geometry":{"type":"Polygon","coordinates":[[[89.54223,26.01458],[89.54282,26.00957],[89.54503,26.00456],[89.54909,26.00011],[89.56008,25.99808],[89.56297,25.99841],[89.56297,26.00139],[89.55759,26.00233],[89.55927,26.00564],[89.55568,26.0153],[89.55336,26.0141],[89.54223,26.01458]]]},"properties":{"District":"Koch Bihar","Dist_LGD":"329","Sub_dist":"Dinhata - Ii","Subdis_LGD":"2188","Subdis_Typ":"Cd_Block","Vill_name":"Megh Narayaner Kuthi","Vill_Cat":"Rural","Vill_LGD":"308697","arr_project":"asha1,asha2"}},
{"type":"Feature","geometry":{"type":"Polygon","coordinates":[[[89.57862,26.02625],[89.57715,26.02543],[89.57347,26.02718],[89.56892,26.02874],[89.56944,26.02524],[89.56536,26.02445],[89.56426,26.0222],[89.56714,26.02044],[89.57034,26.02372],[89.57269,26.02071],[89.57581,26.02295],[89.57742,26.02145],[89.57552,26.0153],[89.57432,26.01367],[89.57899,26.01362],[89.57957,26.01584],[89.57862,26.02625]]]},"properties":{"District":"Koch Bihar","Dist_LGD":"329","Sub_dist":"Dinhata - Ii","Subdis_LGD":"2188","Subdis_Typ":"Cd_Block","Vill_name":"Khitaber Kuthi Pratham Khanda","Vill_Cat":"Rural","Vill_LGD":"308694","arr_project":"asha1,asha2"}},
{"type":"Feature","geometry":{"type":"Polygon","coordinates":[[[89.57307,26.20238],[89.57312,26.20032],[89.57906,26.19774],[89.57549,26.20315],[89.57307,26.20238]]]},"properties":{"District":"Koch Bihar","Dist_LGD":"329","Sub_dist":"Dinhata - Ii","Subdis_LGD":"2188","Subdis_Typ":"Cd_Block","Vill_name":"Nagar Seoraguri","Vill_Cat":"Rural","Vill_LGD":"308599","arr_project":"asha1,asha2"}},
{"type":"Feature","geometry":{"type":"Polygon","coordinates":[[[89.58893,26.19536],[89.59069,26.19451],[89.59634,26.19519],[89.59592,26.19767],[89.59336,26.20308],[89.59038,26.202],[89.58893,26.19536]]]},"properties":{"District":"Koch Bihar","Dist_LGD":"329","Sub_dist":"Dinhata - Ii","Subdis_LGD":"2188","Subdis_Typ":"Cd_Block","Vill_name":"Chhit Sheoraguri","Vill_Cat":"Rural","Vill_LGD":"308601","arr_project":"asha1,asha2"}},
{"type":"Feature","geometry":{"type":"Polygon","coordinates":[[[89.63161,26.20214],[89.6295,26.2037],[89.62945,26.20576],[89.62647,26.20817],[89.62292,26.20947],[89.61647,26.20896],[89.61555,26.20736],[89.60995,26.20742],[89.6098,26.20549],[89.61289,26.19999],[89.61781,26.19912],[89.61811,26.20292],[89.62168,26.20202],[89.62082,26.19962],[89.61731,26.19686],[89.61675,26.19307],[89.61779,26.1917],[89.61965,26.19556],[89.62112,26.19638],[89.6289,26.19354],[89.63007,26.1958],[89.63306,26.19574],[89.63161,26.20214]]]},"properties":{"District":"Koch Bihar","Dist_LGD":"329","Sub_dist":"Dinhata - Ii","Subdis_LGD":"2188","Subdis_Typ":"Cd_Block","Vill_name":"Shalmara","Vill_Cat":"Rural","Vill_LGD":"308608","arr_project":"asha1,asha2"}},
{"type":"Feature","geometry":{"type":"Polygon","coordinates":[[[89.61354,26.19538],[89.61684,26.18879],[89.61779,26.1917],[89.61675,26.19307],[89.61731,26.19686],[89.62082,26.19962],[89.62168,26.20202],[89.61811,26.20292],[89.61781,26.19912],[89.61289,26.19999],[89.61354,26.19538]]]},"properties":{"District":"Koch Bihar","Dist_LGD":"329","Sub_dist":"Dinhata - Ii","Subdis_LGD":"2188","Subdis_Typ":"Cd_Block","Vill_name":"Kachua","Vill_Cat":"Rural","Vill_LGD":"347140N101","arr_project":"asha1,asha2"}},
{"type":"Feature","geometry":{"type":"Polygon","coordinates":[[[89.60866,26.18062],[89.60499,26.18368],[89.60457,26.188],[89.60579,26.19164],[89.60495,26.19397],[89.60182,26.19365],[89.59721,26.19141],[89.59369,26.19128],[89.58927,26.18899],[89.58523,26.18912],[89.58408,26.18822],[89.58216,26.18332],[89.58565,26.18664],[89.58705,26.18193],[89.59193,26.18323],[89.59291,26.18009],[89.5962,26.17988],[89.59836,26.17816],[89.60097,26.17971],[89.60552,26.17829],[89.60757,26.17846],[89.60866,26.18062]]]},"properties":{"District":"Koch Bihar","Dist_LGD":"329","Sub_dist":"Dinhata - Ii","Subdis_LGD":"2188","Subdis_Typ":"Cd_Block","Vill_name":"Dakshin Masaldanga Khanda","Vill_Cat":"Rural","Vill_LGD":"347139N100","arr_project":"asha1,asha2"}},
{"type":"Feature","geometry":{"type":"Polygon","coordinates":[[[89.58523,26.18912],[89.58927,26.18899],[89.59369,26.19128],[89.59721,26.19141],[89.60182,26.19365],[89.60578,26.19786],[89.60467,26.2001],[89.59953,26.1999],[89.59902,26.19759],[89.59592,26.19767],[89.59634,26.19519],[89.59069,26.19451],[89.58893,26.19536],[89.58686,26.19383],[89.58038,26.1964],[89.57831,26.19316],[89.57875,26.19085],[89.58607,26.19313],[89.58523,26.18912]]]},"properties":{"District":"Koch Bihar","Dist_LGD":"329","Sub_dist":"Dinhata - Ii","Subdis_LGD":"2188","Subdis_Typ":"Cd_Block","Vill_name":"Chhat Notafela","Vill_Cat":"Rural","Vill_LGD":"308610","arr_project":"asha1,asha2"}},
{"type":"Feature","geometry":{"type":"Polygon","coordinates":[[[89.57728,26.18124],[89.58216,26.18332],[89.58408,26.18822],[89.58523,26.18912],[89.58607,26.19313],[89.57875,26.19085],[89.57831,26.19316],[89.57552,26.1919],[89.57802,26.18667],[89.57679,26.18372],[89.57728,26.18124]]]},"properties":{"District":"Koch Bihar","Dist_LGD":"329","Sub_dist":"Dinhata - Ii","Subdis_LGD":"2188","Subdis_Typ":"Cd_Block","Vill_name":"Gokulchanda","Vill_Cat":"Rural","Vill_LGD":"308611","arr_project":"asha1,asha2"}},
{"type":"Feature","geometry":{"type":"Polygon","coordinates":[[[89.60457,26.188],[89.60721,26.18818],[89.60769,26.19095],[89.6122,26.1917],[89.61684,26.18879],[89.61354,26.19538],[89.61195,26.19468],[89.60617,26.19492],[89.60495,26.19397],[89.60579,26.19164],[89.60457,26.188]]]},"properties":{"District":"Koch Bihar","Dist_LGD":"329","Sub_dist":"Dinhata - Ii","Subdis_LGD":"2188","Subdis_Typ":"Cd_Block","Vill_name":"Chhota Salmara","Vill_Cat":"Rural","Vill_LGD":"308609","arr_project":"asha1,asha2"}},
{"type":"Feature","geometry":{"type":"Polygon","coordinates":[[[89.56442,26.16815],[89.57457,26.16759],[89.58608,26.1674],[89.58833,26.16943],[89.58507,26.17099],[89.58538,26.17948],[89.58216,26.18332],[89.57728,26.18124],[89.57454,26.1798],[89.57377,26.17763],[89.57015,26.17523],[89.56419,26.1757],[89.56181,26.17105],[89.56442,26.16815]]]},"properties":{"District":"Koch Bihar","Dist_LGD":"329","Sub_dist":"Dinhata - Ii","Subdis_LGD":"2188","Subdis_Typ":"Cd_Block","Vill_name":"Sikarpur","Vill_Cat":"Rural","Vill_LGD":"308651","arr_project":"asha1,asha2"}},
{"type":"Feature","geometry":{"type":"Polygon","coordinates":[[[89.58538,26.17948],[89.58507,26.17099],[89.58833,26.16943],[89.59019,26.16909],[89.59107,26.17365],[89.59707,26.1718],[89.59771,26.17393],[89.59177,26.1784],[89.58538,26.17948]]]},"properties":{"District":"Koch Bihar","Dist_LGD":"329","Sub_dist":"Dinhata - Ii","Subdis_LGD":"2188","Subdis_Typ":"Cd_Block","Vill_name":"Gaochulka","Vill_Cat":"Rural","Vill_LGD":"308652","arr_project":"asha1,asha2"}},
{"type":"Feature","geometry":{"type":"Polygon","coordinates":[[[89.60757,26.17846],[89.60552,26.17829],[89.60097,26.17971],[89.59836,26.17816],[89.60078,26.17625],[89.60262,26.17203],[89.60516,26.16993],[89.60597,26.16549],[89.61074,26.16617],[89.61383,26.1651],[89.61878,26.16688],[89.61796,26.16917],[89.61292,26.16761],[89.61112,26.1686],[89.61087,26.1744],[89.60757,26.17846]]]},"properties":{"District":"Koch Bihar","Dist_LGD":"329","Sub_dist":"Dinhata - Ii","Subdis_LGD":"2188","Subdis_Typ":"Cd_Block","Vill_name":"Maidam","Vill_Cat":"Rural","Vill_LGD":"308654","arr_project":"asha1,asha2"}},
{"type":"Feature","geometry":{"type":"Polygon","coordinates":[[[89.60473,26.16431],[89.60035,26.16429],[89.5995,26.16084],[89.60116,26.1578],[89.60794,26.15839],[89.60718,26.15408],[89.60987,26.15438],[89.61117,26.15776],[89.61009,26.16188],[89.60473,26.16431]]]},"properties":{"District":"Koch Bihar","Dist_LGD":"329","Sub_dist":"Dinhata - Ii","Subdis_LGD":"2188","Subdis_Typ":"Cd_Block","Vill_name":"Chhat Khochabari Dwitia Khanda","Vill_Cat":"Rural","Vill_LGD":"308656","arr_project":"asha1,asha2"}},
{"type":"Feature","geometry":{"type":"Polygon","coordinates":[[[89.59309,26.15925],[89.59091,26.16351],[89.58711,26.16403],[89.58767,26.15959],[89.58699,26.1572],[89.59084,26.1558],[89.59252,26.15664],[89.59309,26.15925]]]},"properties":{"District":"Koch Bihar","Dist_LGD":"329","Sub_dist":"Dinhata - Ii","Subdis_LGD":"2188","Subdis_Typ":"Cd_Block","Vill_name":"Shyamganj","Vill_Cat":"Rural","Vill_LGD":"308657","arr_project":"asha1,asha2"}},
{"type":"Feature","geometry":{"type":"Polygon","coordinates":[[[89.56444,26.14549],[89.56684,26.15058],[89.57357,26.15297],[89.57585,26.15276],[89.58293,26.1541],[89.58699,26.1572],[89.58767,26.15959],[89.58711,26.16403],[89.58608,26.1674],[89.57457,26.16759],[89.56442,26.16815],[89.55964,26.16868],[89.55637,26.16444],[89.5572,26.15921],[89.5566,26.15505],[89.55853,26.15596],[89.55954,26.15985],[89.56429,26.16066],[89.56682,26.15801],[89.56668,26.15521],[89.56259,26.1554],[89.56131,26.15274],[89.56213,26.14734],[89.56444,26.14549]]]},"properties":{"District":"Koch Bihar","Dist_LGD":"329","Sub_dist":"Dinhata - Ii","Subdis_LGD":"2188","Subdis_Typ":"Cd_Block","Vill_name":"Marnia Dwitia Khanda","Vill_Cat":"Rural","Vill_LGD":"308650","arr_project":"asha1,asha2"}},
{"type":"Feature","geometry":{"type":"Polygon","coordinates":[[[89.55181,26.10906],[89.55247,26.1036],[89.55697,26.09937],[89.56037,26.09861],[89.56406,26.09899],[89.56221,26.10105],[89.56199,26.10392],[89.56047,26.10286],[89.55758,26.10656],[89.55428,26.10938],[89.55181,26.10906]]]},"properties":{"District":"Koch Bihar","Dist_LGD":"329","Sub_dist":"Dinhata - Ii","Subdis_LGD":"2188","Subdis_Typ":"Cd_Block","Vill_name":"Gopalganj","Vill_Cat":"Rural","Vill_LGD":"308667","arr_project":"asha1,asha2"}},
{"type":"Feature","geometry":{"type":"Polygon","coordinates":[[[89.56406,26.09899],[89.56685,26.09882],[89.5745,26.10194],[89.57465,26.10302],[89.57921,26.10837],[89.57731,26.10897],[89.56841,26.10322],[89.56515,26.10293],[89.56199,26.10392],[89.56221,26.10105],[89.56406,26.09899]]]},"properties":{"District":"Koch Bihar","Dist_LGD":"329","Sub_dist":"Dinhata - Ii","Subdis_LGD":"2188","Subdis_Typ":"Cd_Block","Vill_name":"Kharija Durganagar Pratham Khanda","Vill_Cat":"Rural","Vill_LGD":"308670","arr_project":"asha1,asha2"}},
{"type":"Feature","geometry":{"type":"Polygon","coordinates":[[[89.58648,26.09858],[89.58295,26.10227],[89.58584,26.1044],[89.58476,26.10916],[89.58012,26.10904],[89.57921,26.10837],[89.57465,26.10302],[89.5745,26.10194],[89.57729,26.10262],[89.57871,26.09571],[89.5807,26.09448],[89.58244,26.09371],[89.58584,26.09576],[89.58648,26.09858]]]},"properties":{"District":"Koch Bihar","Dist_LGD":"329","Sub_dist":"Dinhata - Ii","Subdis_LGD":"2188","Subdis_Typ":"Cd_Block","Vill_name":"Teprai","Vill_Cat":"Rural","Vill_LGD":"308673","arr_project":"asha1,asha2"}},
{"type":"Feature","geometry":{"type":"Polygon","coordinates":[[[89.57128,26.0955],[89.57319,26.09215],[89.5807,26.09448],[89.57871,26.09571],[89.57729,26.10262],[89.5745,26.10194],[89.56685,26.09882],[89.57128,26.0955]]]},"properties":{"District":"Koch Bihar","Dist_LGD":"329","Sub_dist":"Dinhata - Ii","Subdis_LGD":"2188","Subdis_Typ":"Cd_Block","Vill_name":"Kharija Shakdal","Vill_Cat":"Rural","Vill_LGD":"308672","arr_project":"asha1,asha2"}},
{"type":"Feature","geometry":{"type":"Polygon","coordinates":[[[89.55492,26.09413],[89.55396,26.09181],[89.556,26.09023],[89.55637,26.08564],[89.56156,26.08386],[89.56588,26.08396],[89.56793,26.08632],[89.57003,26.08358],[89.5743,26.08581],[89.57609,26.08478],[89.57748,26.08129],[89.58213,26.07905],[89.58156,26.08774],[89.58673,26.09052],[89.58248,26.09231],[89.58244,26.09371],[89.5807,26.09448],[89.57319,26.09215],[89.57128,26.0955],[89.57173,26.09377],[89.56912,26.09168],[89.56523,26.09252],[89.5602,26.09253],[89.55492,26.09413]]]},"properties":{"District":"Koch Bihar","Dist_LGD":"329","Sub_dist":"Dinhata - Ii","Subdis_LGD":"2188","Subdis_Typ":"Cd_Block","Vill_name":"Durganagar","Vill_Cat":"Rural","Vill_LGD":"308683","arr_project":"asha1,asha2"}},
{"type":"Feature","geometry":{"type":"Polygon","coordinates":[[[89.58244,26.09371],[89.58248,26.09231],[89.58673,26.09052],[89.58156,26.08774],[89.58213,26.07905],[89.58421,26.07842],[89.58725,26.08416],[89.59223,26.0833],[89.59549,26.08456],[89.59737,26.08658],[89.5985,26.09297],[89.59305,26.09227],[89.59237,26.10041],[89.58848,26.10041],[89.58648,26.09858],[89.58584,26.09576],[89.58244,26.09371]]]},"properties":{"District":"Koch Bihar","Dist_LGD":"329","Sub_dist":"Dinhata - Ii","Subdis_LGD":"2188","Subdis_Typ":"Cd_Block","Vill_name":"Bausmari","Vill_Cat":"Rural","Vill_LGD":"308682","arr_project":"asha1,asha2"}},
{"type":"Feature","geometry":{"type":"Polygon","coordinates":[[[89.57748,26.08129],[89.56961,26.08215],[89.56425,26.08117],[89.56079,26.06984],[89.55782,26.07057],[89.55496,26.06685],[89.55448,26.06432],[89.55899,26.0613],[89.56544,26.06],[89.57195,26.06142],[89.57352,26.06035],[89.57068,26.05315],[89.57272,26.05247],[89.57307,26.05433],[89.57681,26.06007],[89.57654,26.06405],[89.57801,26.06834],[89.58229,26.07271],[89.58287,26.07447],[89.57748,26.08129]]]},"properties":{"District":"Koch Bihar","Dist_LGD":"329","Sub_dist":"Dinhata - Ii","Subdis_LGD":"2188","Subdis_Typ":"Cd_Block","Vill_name":"Patharsan","Vill_Cat":"Rural","Vill_LGD":"308686","arr_project":"asha1,asha2"}},
{"type":"Feature","geometry":{"type":"Polygon","coordinates":[[[89.59223,26.0833],[89.59327,26.0791],[89.5921,26.07777],[89.59318,26.07307],[89.59979,26.07401],[89.60285,26.0754],[89.60461,26.07779],[89.60963,26.07846],[89.60985,26.08234],[89.60609,26.08312],[89.60357,26.08108],[89.60108,26.08148],[89.59965,26.08443],[89.59737,26.08658],[89.59549,26.08456],[89.59223,26.0833]]]},"properties":{"District":"Koch Bihar","Dist_LGD":"329","Sub_dist":"Dinhata - Ii","Subdis_LGD":"2188","Subdis_Typ":"Cd_Block","Vill_name":"Turukkata","Vill_Cat":"Rural","Vill_LGD":"308681","arr_project":"asha1,asha2"}},
{"type":"Feature","geometry":{"type":"Polygon","coordinates":[[[89.63171,26.06293],[89.63556,26.06075],[89.64409,26.0631],[89.64898,26.0614],[89.6498,26.06252],[89.64942,26.06683],[89.64719,26.06945],[89.6407,26.07372],[89.63712,26.07494],[89.6345,26.07421],[89.63252,26.07092],[89.63171,26.06293]]]},"properties":{"District":"Koch Bihar","Dist_LGD":"329","Sub_dist":"Dinhata - Ii","Subdis_LGD":"2188","Subdis_Typ":"Cd_Block","Vill_name":"Atialdanga","Vill_Cat":"Rural","Vill_LGD":"308676","arr_project":"asha1,asha2"}},
{"type":"Feature","geometry":{"type":"Polygon","coordinates":[[[89.63252,26.07092],[89.62903,26.07138],[89.63001,26.07382],[89.6235,26.0733],[89.62185,26.07049],[89.62215,26.06779],[89.62007,26.067],[89.6123,26.06602],[89.61218,26.06335],[89.60963,26.06091],[89.61184,26.05933],[89.61786,26.05903],[89.61599,26.05663],[89.6181,26.05376],[89.62137,26.05359],[89.62479,26.05715],[89.6278,26.05771],[89.62846,26.0617],[89.63171,26.06293],[89.63252,26.07092]]]},"properties":{"District":"Koch Bihar","Dist_LGD":"329","Sub_dist":"Dinhata - Ii","Subdis_LGD":"2188","Subdis_Typ":"Cd_Block","Vill_name":"Badalgir","Vill_Cat":"Rural","Vill_LGD":"308677","arr_project":"asha1,asha2"}},
{"type":"Feature","geometry":{"type":"Polygon","coordinates":[[[89.59505,26.06163],[89.59349,26.05717],[89.5964,26.05662],[89.59922,26.05889],[89.6016,26.05899],[89.60145,26.06258],[89.59819,26.06412],[89.59505,26.06163]]]},"properties":{"District":"Koch Bihar","Dist_LGD":"329","Sub_dist":"Dinhata - Ii","Subdis_LGD":"2188","Subdis_Typ":"Cd_Block","Vill_name":"Nagar Kashiabari","Vill_Cat":"Rural","Vill_LGD":"308679","arr_project":"asha1,asha2"}},
{"type":"Feature","geometry":{"type":"Polygon","coordinates":[[[89.59212,26.04355],[89.59213,26.04483],[89.59985,26.04473],[89.60364,26.04857],[89.61063,26.05067],[89.61328,26.05387],[89.61157,26.05786],[89.60783,26.05772],[89.60576,26.05949],[89.60488,26.06259],[89.60145,26.06258],[89.6016,26.05899],[89.59922,26.05889],[89.5964,26.05662],[89.59349,26.05717],[89.59505,26.06163],[89.59021,26.06327],[89.58691,26.0614],[89.58448,26.05778],[89.58321,26.05341],[89.58594,26.05236],[89.58803,26.04949],[89.58803,26.04766],[89.59212,26.04355]]]},"properties":{"District":"Koch Bihar","Dist_LGD":"329","Sub_dist":"Dinhata - Ii","Subdis_LGD":"2188","Subdis_Typ":"Cd_Block","Vill_name":"Jaygir Balabari","Vill_Cat":"Rural","Vill_LGD":"308678","arr_project":"asha1,asha2"}},
{"type":"Feature","geometry":{"type":"Polygon","coordinates":[[[89.57176,26.05025],[89.57947,26.04764],[89.5818,26.05182],[89.58132,26.05316],[89.57453,26.05363],[89.57272,26.05247],[89.57176,26.05025]]]},"properties":{"District":"Koch Bihar","Dist_LGD":"329","Sub_dist":"Dinhata - Ii","Subdis_LGD":"2188","Subdis_Typ":"Cd_Block","Vill_name":"Hokadaha Dwitia Khanda","Vill_Cat":"Rural","Vill_LGD":"308687","arr_project":"asha1,asha2"}},
{"type":"Feature","geometry":{"type":"Polygon","coordinates":[[[89.58132,26.05316],[89.5818,26.05182],[89.57947,26.04764],[89.58221,26.04577],[89.58571,26.04555],[89.58803,26.04766],[89.58803,26.04949],[89.58594,26.05236],[89.58321,26.05341],[89.58132,26.05316]]]},"properties":{"District":"Koch Bihar","Dist_LGD":"329","Sub_dist":"Dinhata - Ii","Subdis_LGD":"2188","Subdis_Typ":"Cd_Block","Vill_name":"Lalaganjer Kuthi","Vill_Cat":"Rural","Vill_LGD":"308688","arr_project":"asha1,asha2"}},
{"type":"Feature","geometry":{"type":"Polygon","coordinates":[[[89.58571,26.04555],[89.58221,26.04577],[89.57947,26.04764],[89.57176,26.05025],[89.57421,26.04467],[89.57336,26.04387],[89.56945,26.04832],[89.56645,26.0485],[89.563,26.04469],[89.56774,26.03795],[89.56981,26.03673],[89.57565,26.03697],[89.57723,26.03505],[89.57661,26.03265],[89.57199,26.0333],[89.56907,26.03262],[89.56544,26.02938],[89.56892,26.02874],[89.57347,26.02718],[89.57653,26.02863],[89.58412,26.0291],[89.58312,26.03023],[89.58383,26.03364],[89.58653,26.03498],[89.58682,26.03836],[89.58522,26.03998],[89.58571,26.04555]]]},"properties":{"District":"Koch Bihar","Dist_LGD":"329","Sub_dist":"Dinhata - Ii","Subdis_LGD":"2188","Subdis_Typ":"Cd_Block","Vill_name":"Sadialer Kuthi","Vill_Cat":"Rural","Vill_LGD":"308690","arr_project":"asha1,asha2"}},
{"type":"Feature","geometry":{"type":"Polygon","coordinates":[[[89.55165,25.98995],[89.55362,25.98689],[89.55354,25.98253],[89.55691,25.97681],[89.5592,25.97696],[89.56103,25.97993],[89.56099,25.98272],[89.56381,25.9844],[89.56137,25.98892],[89.55584,25.9884],[89.55456,25.98934],[89.55165,25.98995]]]},"properties":{"District":"Koch Bihar","Dist_LGD":"329","Sub_dist":"Dinhata - Ii","Subdis_LGD":"2188","Subdis_Typ":"Cd_Block","Vill_name":"Nagarkursha","Vill_Cat":"Rural","Vill_LGD":"308703","arr_project":"asha1,asha2"}},
{"type":"Feature","geometry":{"type":"Polygon","coordinates":[[[89.56922,25.96782],[89.57613,25.96856],[89.5784,25.97325],[89.57584,25.9715],[89.57321,25.9713],[89.56846,25.97297],[89.56922,25.96782]]]},"properties":{"District":"Koch Bihar","Dist_LGD":"329","Sub_dist":"Dinhata - Ii","Subdis_LGD":"2188","Subdis_Typ":"Cd_Block","Vill_name":"Bhonathpur","Vill_Cat":"Rural","Vill_LGD":"308706","arr_project":"asha1,asha2"}},
{"type":"Feature","geometry":{"type":"Polygon","coordinates":[[[89.44298,26.14437],[89.44085,26.14596],[89.43691,26.14407],[89.43434,26.14435],[89.4344,26.14714],[89.43154,26.14938],[89.42697,26.15325],[89.42256,26.15336],[89.42161,26.14931],[89.42006,26.14883],[89.42149,26.14866],[89.42966,26.14518],[89.42968,26.14256],[89.42284,26.14255],[89.42262,26.14067],[89.42287,26.13719],[89.42054,26.13392],[89.42155,26.13167],[89.42439,26.13119],[89.43132,26.13143],[89.43244,26.13002],[89.43782,26.13085],[89.44006,26.12999],[89.44327,26.13339],[89.43979,26.1329],[89.4335,26.13455],[89.43304,26.13659],[89.4372,26.14241],[89.44298,26.14437]]]},"properties":{"District":"Koch Bihar","Dist_LGD":"329","Sub_dist":"Dinhata - I","Subdis_LGD":"2187","Subdis_Typ":"Cd_Block","Vill_name":"Dwarikamari","Vill_Cat":"Rural","Vill_LGD":"308498","arr_project":"asha1,asha2"}},
{"type":"Feature","geometry":{"type":"Polygon","coordinates":[[[89.29921,26.13646],[89.30329,26.13574],[89.30232,26.13152],[89.30493,26.13173],[89.30754,26.13639],[89.3093,26.13767],[89.30699,26.14624],[89.3036,26.14496],[89.30165,26.14204],[89.29869,26.14113],[89.29759,26.13891],[89.29921,26.13646]]]},"properties":{"District":"Koch Bihar","Dist_LGD":"329","Sub_dist":"Sitai","Subdis_LGD":"2189","Subdis_Typ":"Cd_Block","Vill_name":"Atiabari Girda Adabari","Vill_Cat":"Rural","Vill_LGD":"308714","arr_project":"asha1,asha2"}},
{"type":"Feature","geometry":{"type":"Polygon","coordinates":[[[89.32942,26.13518],[89.3254,26.13391],[89.3272,26.12947],[89.33204,26.12816],[89.33658,26.12951],[89.32942,26.13518]]]},"properties":{"District":"Koch Bihar","Dist_LGD":"329","Sub_dist":"Sitai","Subdis_LGD":"2189","Subdis_Typ":"Cd_Block","Vill_name":"Takimari","Vill_Cat":"Rural","Vill_LGD":"308716","arr_project":"asha1,asha2"}},
{"type":"Feature","geometry":{"type":"Polygon","coordinates":[[[89.30825,26.11805],[89.30529,26.12033],[89.30139,26.12182],[89.29749,26.12102],[89.29648,26.11539],[89.29879,26.1137],[89.2982,26.11038],[89.30294,26.11186],[89.30406,26.11454],[89.30355,26.11754],[89.30825,26.11805]]]},"properties":{"District":"Koch Bihar","Dist_LGD":"329","Sub_dist":"Sitai","Subdis_LGD":"2189","Subdis_Typ":"Cd_Block","Vill_name":"Sovana Bara Masia","Vill_Cat":"Rural","Vill_LGD":"308719","arr_project":"asha1,asha2"}},
{"type":"Feature","geometry":{"type":"Polygon","coordinates":[[[89.31121,26.11648],[89.30825,26.11805],[89.30355,26.11754],[89.30406,26.11454],[89.30294,26.11186],[89.2982,26.11038],[89.29755,26.10561],[89.30075,26.10688],[89.31175,26.10776],[89.31496,26.10517],[89.31279,26.10859],[89.31344,26.11283],[89.31121,26.11648]]]},"properties":{"District":"Koch Bihar","Dist_LGD":"329","Sub_dist":"Sitai","Subdis_LGD":"2189","Subdis_Typ":"Cd_Block","Vill_name":"Chhota Bara Masia","Vill_Cat":"Rural","Vill_LGD":"308720","arr_project":"asha1,asha2"}},
{"type":"Feature","geometry":{"type":"Polygon","coordinates":[[[89.33746,26.10063],[89.33586,26.10854],[89.33107,26.10871],[89.32774,26.10957],[89.32502,26.1081],[89.32585,26.11378],[89.32215,26.11261],[89.32062,26.11568],[89.31728,26.11661],[89.31503,26.11596],[89.31121,26.11648],[89.31344,26.11283],[89.31279,26.10859],[89.31496,26.10517],[89.3166,26.10515],[89.32157,26.1059],[89.3242,26.10365],[89.32982,26.10025],[89.33321,26.10031],[89.33601,26.10185],[89.33746,26.10063]]]},"properties":{"District":"Koch Bihar","Dist_LGD":"329","Sub_dist":"Sitai","Subdis_LGD":"2189","Subdis_Typ":"Cd_Block","Vill_name":"Dauabari","Vill_Cat":"Rural","Vill_LGD":"308721","arr_project":"asha1,asha2"}},
{"type":"Feature","geometry":{"type":"Polygon","coordinates":[[[89.34806,26.11112],[89.34472,26.11385],[89.3405,26.11091],[89.33586,26.10854],[89.33746,26.10063],[89.34019,26.10033],[89.33918,26.09738],[89.34123,26.09624],[89.34159,26.09392],[89.34561,26.09416],[89.34477,26.09813],[89.34527,26.10587],[89.34806,26.11112]]]},"properties":{"District":"Koch Bihar","Dist_LGD":"329","Sub_dist":"Sitai","Subdis_LGD":"2189","Subdis_Typ":"Cd_Block","Vill_name":"Deokhata","Vill_Cat":"Rural","Vill_LGD":"308731","arr_project":"asha1,asha2"}},
{"type":"Feature","geometry":{"type":"Polygon","coordinates":[[[89.34806,26.11112],[89.35169,26.11241],[89.35256,26.10982],[89.35509,26.10889],[89.36193,26.10932],[89.3649,26.11065],[89.3602,26.11304],[89.36023,26.11611],[89.36223,26.12057],[89.36178,26.12535],[89.35901,26.12492],[89.35365,26.12187],[89.34772,26.12108],[89.34336,26.1217],[89.33881,26.12369],[89.33935,26.12101],[89.33713,26.11936],[89.33621,26.11605],[89.33402,26.11341],[89.33629,26.1117],[89.3385,26.11266],[89.3405,26.11091],[89.34472,26.11385],[89.34806,26.11112]]]},"properties":{"District":"Koch Bihar","Dist_LGD":"329","Sub_dist":"Sitai","Subdis_LGD":"2189","Subdis_Typ":"Cd_Block","Vill_name":"Sagardighi","Vill_Cat":"Rural","Vill_LGD":"308723","arr_project":"asha1,asha2"}},
{"type":"Feature","geometry":{"type":"Polygon","coordinates":[[[89.37449,26.10646],[89.37718,26.11435],[89.37647,26.11851],[89.37369,26.12249],[89.367,26.12682],[89.36178,26.12535],[89.36223,26.12057],[89.36023,26.11611],[89.3602,26.11304],[89.3649,26.11065],[89.36193,26.10932],[89.35509,26.10889],[89.35458,26.10704],[89.35587,26.1005],[89.35806,26.09883],[89.36349,26.10047],[89.36476,26.10194],[89.36569,26.10618],[89.36875,26.10618],[89.37449,26.10646]]]},"properties":{"District":"Koch Bihar","Dist_LGD":"329","Sub_dist":"Sitai","Subdis_LGD":"2189","Subdis_Typ":"Cd_Block","Vill_name":"Nutanbas","Vill_Cat":"Rural","Vill_LGD":"308724","arr_project":"asha1,asha2"}},
{"type":"Feature","geometry":{"type":"Polygon","coordinates":[[[89.36875,26.10618],[89.3677,26.103],[89.36805,26.09578],[89.36879,26.09383],[89.37537,26.09356],[89.37847,26.09491],[89.3821,26.09709],[89.37649,26.09952],[89.37512,26.10206],[89.37449,26.10646],[89.36875,26.10618]]]},"properties":{"District":"Koch Bihar","Dist_LGD":"329","Sub_dist":"Sitai","Subdis_LGD":"2189","Subdis_Typ":"Cd_Block","Vill_name":"Bara Bangla","Vill_Cat":"Rural","Vill_LGD":"308726","arr_project":"asha1,asha2"}},
{"type":"Feature","geometry":{"type":"Polygon","coordinates":[[[89.35587,26.1005],[89.35259,26.09929],[89.35249,26.09616],[89.35113,26.09336],[89.35419,26.08967],[89.35502,26.08624],[89.35973,26.0854],[89.36198,26.09],[89.36448,26.09077],[89.3629,26.09708],[89.35984,26.09615],[89.35806,26.09883],[89.35587,26.1005]]]},"properties":{"District":"Koch Bihar","Dist_LGD":"329","Sub_dist":"Sitai","Subdis_LGD":"2189","Subdis_Typ":"Cd_Block","Vill_name":"Dhekiajan","Vill_Cat":"Rural","Vill_LGD":"308729","arr_project":"asha1,asha2"}},
{"type":"Feature","geometry":{"type":"Polygon","coordinates":[[[89.35806,26.09883],[89.35984,26.09615],[89.3629,26.09708],[89.36448,26.09077],[89.36198,26.09],[89.35973,26.0854],[89.36412,26.08311],[89.3648,26.07938],[89.37057,26.07922],[89.36998,26.08134],[89.37265,26.08346],[89.37279,26.08714],[89.36899,26.09094],[89.37627,26.09105],[89.37847,26.09491],[89.37537,26.09356],[89.36879,26.09383],[89.36805,26.09578],[89.3677,26.103],[89.36875,26.10618],[89.36569,26.10618],[89.36476,26.10194],[89.36349,26.10047],[89.35806,26.09883]]]},"properties":{"District":"Koch Bihar","Dist_LGD":"329","Sub_dist":"Sitai","Subdis_LGD":"2189","Subdis_Typ":"Cd_Block","Vill_name":"Jatiagara","Vill_Cat":"Rural","Vill_LGD":"308728","arr_project":"asha1,asha2"}},
{"type":"Feature","geometry":{"type":"Polygon","coordinates":[[[89.32809,26.07427],[89.33289,26.07022],[89.33761,26.07142],[89.33678,26.0759],[89.3349,26.07896],[89.33478,26.0829],[89.33988,26.08094],[89.34287,26.07725],[89.34702,26.07528],[89.34782,26.07136],[89.35171,26.07248],[89.35529,26.07312],[89.35642,26.07558],[89.35405,26.08126],[89.35391,26.08593],[89.35502,26.08624],[89.35419,26.08967],[89.35113,26.09336],[89.35249,26.09616],[89.35259,26.09929],[89.35587,26.1005],[89.35458,26.10704],[89.35509,26.10889],[89.35256,26.10982],[89.35169,26.11241],[89.34806,26.11112],[89.34527,26.10587],[89.34477,26.09813],[89.34561,26.09416],[89.34159,26.09392],[89.3378,26.09158],[89.33668,26.08838],[89.32946,26.09023],[89.32787,26.08891],[89.3293,26.08612],[89.32119,26.08507],[89.31927,26.08205],[89.32809,26.07427]]]},"properties":{"District":"Koch Bihar","Dist_LGD":"329","Sub_dist":"Sitai","Subdis_LGD":"2189","Subdis_Typ":"Cd_Block","Vill_name":"Brahmottra Chatra","Vill_Cat":"Rural","Vill_LGD":"308730","arr_project":"asha1,asha2"}},
{"type":"Feature","geometry":{"type":"Polygon","coordinates":[[[89.3719,26.06514],[89.37562,26.06559],[89.37956,26.0634],[89.38236,26.06656],[89.39005,26.07198],[89.38633,26.07463],[89.38765,26.07911],[89.38277,26.07762],[89.3808,26.07128],[89.37154,26.07273],[89.37304,26.06901],[89.3719,26.06514]]]},"properties":{"District":"Koch Bihar","Dist_LGD":"329","Sub_dist":"Sitai","Subdis_LGD":"2189","Subdis_Typ":"Cd_Block","Vill_name":"Tamaguri","Vill_Cat":"Rural","Vill_LGD":"308752","arr_project":"asha1,asha2"}},
{"type":"Feature","geometry":{"type":"Polygon","coordinates":[[[89.36373,26.06753],[89.3702,26.06521],[89.3719,26.06514],[89.37304,26.06901],[89.37154,26.07273],[89.3808,26.07128],[89.38277,26.07762],[89.37874,26.07639],[89.37155,26.07584],[89.36332,26.07314],[89.36373,26.06753]]]},"properties":{"District":"Koch Bihar","Dist_LGD":"329","Sub_dist":"Sitai","Subdis_LGD":"2189","Subdis_Typ":"Cd_Block","Vill_name":"Nakarjan","Vill_Cat":"Rural","Vill_LGD":"308751","arr_project":"asha1,asha2"}},
{"type":"Feature","geometry":{"type":"Polygon","coordinates":[[[89.36332,26.07314],[89.37155,26.07584],[89.37874,26.07639],[89.38277,26.07762],[89.38765,26.07911],[89.38804,26.08351],[89.38657,26.0876],[89.38574,26.0957],[89.3821,26.09709],[89.37847,26.09491],[89.37627,26.09105],[89.36899,26.09094],[89.37279,26.08714],[89.37265,26.08346],[89.36998,26.08134],[89.37057,26.07922],[89.3648,26.07938],[89.36412,26.08311],[89.35973,26.0854],[89.35502,26.08624],[89.35391,26.08593],[89.35405,26.08126],[89.35642,26.07558],[89.35529,26.07312],[89.35758,26.07194],[89.36332,26.07314]]]},"properties":{"District":"Koch Bihar","Dist_LGD":"329","Sub_dist":"Sitai","Subdis_LGD":"2189","Subdis_Typ":"Cd_Block","Vill_name":"Gabua","Vill_Cat":"Rural","Vill_LGD":"308727","arr_project":"asha1,asha2"}},
{"type":"Feature","geometry":{"type":"Polygon","coordinates":[[[89.28449,26.06546],[89.2876,26.06345],[89.29276,26.06407],[89.29768,26.06292],[89.2988,26.06436],[89.29936,26.07103],[89.29935,26.07402],[89.29824,26.07654],[89.29302,26.0759],[89.29001,26.07338],[89.29062,26.0691],[89.28634,26.06791],[89.28449,26.06546]]]},"properties":{"District":"Koch Bihar","Dist_LGD":"329","Sub_dist":"Sitai","Subdis_LGD":"2189","Subdis_Typ":"Cd_Block","Vill_name":"Khamarsitai","Vill_Cat":"Rural","Vill_LGD":"308740","arr_project":"asha1,asha2"}},
{"type":"Feature","geometry":{"type":"Polygon","coordinates":[[[89.61383,26.1651],[89.61074,26.16617],[89.60597,26.16549],[89.60473,26.16431],[89.61009,26.16188],[89.61339,26.16207],[89.61383,26.1651]]]},"properties":{"District":"Koch Bihar","Dist_LGD":"329","Sub_dist":"Dinhata - Ii","Subdis_LGD":"2188","Subdis_Typ":"Cd_Block","Vill_name":"Hatcheko","Vill_Cat":"Rural","Vill_LGD":"308655","arr_project":"asha1,asha2"}},
{"type":"Feature","geometry":{"type":"Polygon","coordinates":[[[89.53694,26.18989],[89.54032,26.19082],[89.54005,26.1954],[89.5382,26.19581],[89.53512,26.19433],[89.53441,26.19204],[89.53694,26.18989]]]},"properties":{"District":"Koch Bihar","Dist_LGD":"329","Sub_dist":"Dinhata - Ii","Subdis_LGD":"2188","Subdis_Typ":"Cd_Block","Vill_name":"Huchar Kuthi","Vill_Cat":"Rural","Vill_LGD":"308592","arr_project":"asha1,asha2"}},
{"type":"Feature","geometry":{"type":"Polygon","coordinates":[[[89.48538,26.17027],[89.49056,26.16922],[89.48835,26.1758],[89.48591,26.17566],[89.48538,26.17027]]]},"properties":{"District":"Koch Bihar","Dist_LGD":"329","Sub_dist":"Dinhata - I","Subdis_LGD":"2187","Subdis_Typ":"Cd_Block","Vill_name":"Jarabari Dwitia Khanda","Vill_Cat":"Rural","Vill_LGD":"308524","arr_project":"asha1,asha2"}},
{"type":"Feature","geometry":{"type":"Polygon","coordinates":[[[89.48287,26.13579],[89.48641,26.13594],[89.48841,26.13193],[89.48542,26.12943],[89.48503,26.12525],[89.48972,26.12052],[89.49241,26.11901],[89.49302,26.1166],[89.4974,26.11743],[89.50111,26.11611],[89.49966,26.11401],[89.49898,26.10979],[89.4968,26.10943],[89.49607,26.10357],[89.49247,26.10251],[89.49266,26.0983],[89.49552,26.09612],[89.49529,26.09406],[89.49524,26.09333],[89.50298,26.09596],[89.49937,26.09862],[89.49955,26.10196],[89.50768,26.10201],[89.50777,26.10712],[89.50462,26.10726],[89.50475,26.11181],[89.5082,26.11471],[89.51511,26.11769],[89.51464,26.12107],[89.51149,26.12309],[89.50849,26.12884],[89.50427,26.12852],[89.5006,26.12954],[89.5003,26.13425],[89.49624,26.14046],[89.49398,26.14231],[89.48475,26.1411],[89.47872,26.14129],[89.47808,26.13913],[89.48147,26.13728],[89.48287,26.13579]]]},"properties":{"District":"Koch Bihar","Dist_LGD":"329","Sub_dist":"Dinhata - I","Subdis_LGD":"2187","Subdis_Typ":"Cd_Block","Vill_name":"Bhanghi Dwitia Khanda","Vill_Cat":"Rural","Vill_LGD":"308533","arr_project":"asha1,asha2"}},
{"type":"Feature","geometry":{"type":"Polygon","coordinates":[[[89.34139,26.16807],[89.34601,26.16768],[89.35099,26.16944],[89.34923,26.17734],[89.34798,26.17809],[89.34541,26.17826],[89.34123,26.18014],[89.34199,26.174],[89.34139,26.16807]]]},"properties":{"District":"Koch Bihar","Dist_LGD":"329","Sub_dist":"Dinhata - I","Subdis_LGD":"2187","Subdis_Typ":"Cd_Block","Vill_name":"Chhota Natabari","Vill_Cat":"Rural","Vill_LGD":"308459","arr_project":"asha1,asha2"}},
{"type":"Feature","geometry":{"type":"Polygon","coordinates":[[[89.59785,26.11046],[89.59283,26.11128],[89.59161,26.11416],[89.58737,26.11424],[89.58424,26.11284],[89.58123,26.11321],[89.57973,26.1115],[89.58012,26.10904],[89.58476,26.10916],[89.58584,26.1044],[89.58295,26.10227],[89.58648,26.09858],[89.58848,26.10041],[89.59237,26.10041],[89.59378,26.10239],[89.5968,26.10439],[89.59953,26.10329],[89.60065,26.10754],[89.59785,26.11046]]]},"properties":{"District":"Koch Bihar","Dist_LGD":"329","Sub_dist":"Dinhata - Ii","Subdis_LGD":"2188","Subdis_Typ":"Cd_Block","Vill_name":"Kharija Durganagar Dwitia Khanda","Vill_Cat":"Rural","Vill_LGD":"308674","arr_project":"asha1,asha2"}},
{"type":"Feature","geometry":{"type":"Polygon","coordinates":[[[89.58312,25.98993],[89.58554,25.99229],[89.586,25.99591],[89.58416,25.99915],[89.58083,26.00084],[89.57657,26.00153],[89.56887,26.00139],[89.56297,25.99841],[89.56008,25.99808],[89.54909,26.00011],[89.54905,25.99882],[89.55176,25.9981],[89.55387,25.99582],[89.55456,25.98934],[89.55584,25.9884],[89.56137,25.98892],[89.56487,25.99064],[89.56955,25.98885],[89.56861,25.98189],[89.57237,25.97808],[89.57375,25.98523],[89.58312,25.98993]]]},"properties":{"District":"Koch Bihar","Dist_LGD":"329","Sub_dist":"Dinhata - Ii","Subdis_LGD":"2188","Subdis_Typ":"Cd_Block","Vill_name":"Shukarur Kuthi","Vill_Cat":"Rural","Vill_LGD":"308699","arr_project":"asha1,asha2"}},
{"type":"Feature","geometry":{"type":"Polygon","coordinates":[[[89.54885,25.98976],[89.55165,25.98995],[89.55456,25.98934],[89.55387,25.99582],[89.55176,25.9981],[89.54905,25.99882],[89.54811,25.9956],[89.54929,25.99224],[89.54885,25.98976]]]},"properties":{"District":"Koch Bihar","Dist_LGD":"329","Sub_dist":"Dinhata - Ii","Subdis_LGD":"2188","Subdis_Typ":"Cd_Block","Vill_name":"Kismat Karala Dwitia Khanda","Vill_Cat":"Rural","Vill_LGD":"308700","arr_project":"asha1,asha2"}},
{"type":"Feature","geometry":{"type":"Polygon","coordinates":[[[89.42912,26.17265],[89.42532,26.17375],[89.41896,26.1734],[89.42111,26.16932],[89.42681,26.17004],[89.42912,26.17265]]]},"properties":{"District":"Koch Bihar","Dist_LGD":"329","Sub_dist":"Dinhata - I","Subdis_LGD":"2187","Subdis_Typ":"Cd_Block","Vill_name":"Madhayam Nachina","Vill_Cat":"Rural","Vill_LGD":"308504","arr_project":"asha1,asha2"}},
{"type":"Feature","geometry":{"type":"Polygon","coordinates":[[[89.37333,26.16409],[89.37341,26.16105],[89.37728,26.16088],[89.37924,26.15723],[89.38251,26.15717],[89.38216,26.16277],[89.3789,26.16443],[89.37333,26.16409]]]},"properties":{"District":"Koch Bihar","Dist_LGD":"329","Sub_dist":"Dinhata - I","Subdis_LGD":"2187","Subdis_Typ":"Cd_Block","Vill_name":"Kharija Bhutkura","Vill_Cat":"Rural","Vill_LGD":"308467","arr_project":"asha1,asha2"}},
{"type":"Feature","geometry":{"type":"Polygon","coordinates":[[[89.49408,26.0522],[89.49513,26.04531],[89.49619,26.0464],[89.50416,26.04692],[89.50586,26.05044],[89.50863,26.0519],[89.50718,26.05443],[89.50185,26.0585],[89.50071,26.06164],[89.49709,26.06421],[89.49557,26.06844],[89.49461,26.0695],[89.49265,26.06432],[89.49101,26.06219],[89.49223,26.05986],[89.49521,26.05745],[89.49408,26.0522]]]},"properties":{"District":"Koch Bihar","Dist_LGD":"329","Sub_dist":"Dinhata - Ii","Subdis_LGD":"2188","Subdis_Typ":"Cd_Block","Vill_name":"Kismat Mokarari","Vill_Cat":"Rural","Vill_LGD":"308621","arr_project":"asha1,asha2"}},
{"type":"Feature","geometry":{"type":"Polygon","coordinates":[[[89.47923,26.04072],[89.48109,26.03716],[89.48254,26.03182],[89.48709,26.0322],[89.48838,26.03519],[89.49081,26.0358],[89.49228,26.03809],[89.48985,26.04439],[89.48766,26.04539],[89.48319,26.04535],[89.48075,26.04358],[89.47923,26.04072]]]},"properties":{"District":"Koch Bihar","Dist_LGD":"329","Sub_dist":"Dinhata - I","Subdis_LGD":"2187","Subdis_Typ":"Cd_Block","Vill_name":"Daribas Dwitia Khanda","Vill_Cat":"Rural","Vill_LGD":"308573","arr_project":"asha1,asha2"}},
{"type":"Feature","geometry":{"type":"Polygon","coordinates":[[[89.54448,26.03268],[89.54278,26.03302],[89.54331,26.04298],[89.53928,26.04487],[89.53748,26.04285],[89.5403,26.04109],[89.5417,26.0368],[89.54165,26.03431],[89.53891,26.03411],[89.53829,26.03835],[89.53663,26.04136],[89.53341,26.03844],[89.53413,26.03538],[89.53281,26.02927],[89.52624,26.02873],[89.52473,26.02774],[89.52538,26.02175],[89.51979,26.0216],[89.51848,26.02053],[89.51463,26.01415],[89.51404,26.0105],[89.5124,26.01004],[89.51466,26.00737],[89.52111,26.0086],[89.52197,26.00519],[89.5242,26.0066],[89.5258,26.00525],[89.52856,26.00637],[89.52776,26.01092],[89.53055,26.01087],[89.53023,26.01326],[89.53,26.0198],[89.53241,26.02032],[89.53166,26.02378],[89.53528,26.02593],[89.53747,26.02549],[89.53611,26.01973],[89.5391,26.02143],[89.54027,26.02447],[89.54356,26.02901],[89.54448,26.03268]]]},"properties":{"District":"Koch Bihar","Dist_LGD":"329","Sub_dist":"Dinhata - Ii","Subdis_LGD":"2188","Subdis_Typ":"Cd_Block","Vill_name":"Karola","Vill_Cat":"Rural","Vill_LGD":"308632","arr_project":"asha1,asha2"}},
{"type":"Feature","geometry":{"type":"Polygon","coordinates":[[[89.5701,26.20764],[89.56397,26.20955],[89.56469,26.20752],[89.56383,26.20244],[89.57043,26.20226],[89.5701,26.20764]]]},"properties":{"District":"Koch Bihar","Dist_LGD":"329","Sub_dist":"Dinhata - Ii","Subdis_LGD":"2188","Subdis_Typ":"Cd_Block","Vill_name":"Petbhata Seoraguri","Vill_Cat":"Rural","Vill_LGD":"308597","arr_project":"asha1,asha2"}},
{"type":"Feature","geometry":{"type":"Polygon","coordinates":[[[89.5765,26.20734],[89.57328,26.20831],[89.5701,26.20764],[89.57043,26.20226],[89.57307,26.20238],[89.57549,26.20315],[89.5765,26.20734]]]},"properties":{"District":"Koch Bihar","Dist_LGD":"329","Sub_dist":"Dinhata - Ii","Subdis_LGD":"2188","Subdis_Typ":"Cd_Block","Vill_name":"Ghong Seoraguri","Vill_Cat":"Rural","Vill_LGD":"308598","arr_project":"asha1,asha2"}},
{"type":"Feature","geometry":{"type":"Polygon","coordinates":[[[89.56397,26.20955],[89.56098,26.20984],[89.55786,26.21141],[89.55493,26.21048],[89.55092,26.20682],[89.54804,26.21139],[89.5483,26.20552],[89.54733,26.20427],[89.54854,26.20071],[89.55402,26.19638],[89.55793,26.19534],[89.56345,26.19791],[89.56694,26.19678],[89.56901,26.18941],[89.57147,26.1901],[89.57311,26.19217],[89.57552,26.1919],[89.57831,26.19316],[89.58038,26.1964],[89.57906,26.19774],[89.57312,26.20032],[89.57307,26.20238],[89.57043,26.20226],[89.56383,26.20244],[89.56469,26.20752],[89.56397,26.20955]]]},"properties":{"District":"Koch Bihar","Dist_LGD":"329","Sub_dist":"Dinhata - Ii","Subdis_LGD":"2188","Subdis_Typ":"Cd_Block","Vill_name":"Bajejama Seoraguri","Vill_Cat":"Rural","Vill_LGD":"308596","arr_project":"asha1,asha2"}},
{"type":"Feature","geometry":{"type":"Polygon","coordinates":[[[89.61129,26.2161],[89.60933,26.21636],[89.60719,26.21402],[89.60382,26.21357],[89.60249,26.20978],[89.59621,26.20841],[89.59207,26.20881],[89.5889,26.20684],[89.59038,26.202],[89.59336,26.20308],[89.59592,26.19767],[89.59902,26.19759],[89.59953,26.1999],[89.60467,26.2001],[89.60578,26.19786],[89.60182,26.19365],[89.60495,26.19397],[89.60617,26.19492],[89.61195,26.19468],[89.61354,26.19538],[89.61289,26.19999],[89.6098,26.20549],[89.60995,26.20742],[89.61555,26.20736],[89.61647,26.20896],[89.6143,26.21309],[89.61266,26.2129],[89.61129,26.2161]]]},"properties":{"District":"Koch Bihar","Dist_LGD":"329","Sub_dist":"Dinhata - Ii","Subdis_LGD":"2188","Subdis_Typ":"Cd_Block","Vill_name":"Mansab Sheoraguri","Vill_Cat":"Rural","Vill_LGD":"308602","arr_project":"asha1,asha2"}},
{"type":"Feature","geometry":{"type":"Polygon","coordinates":[[[89.63257,26.20999],[89.62703,26.21384],[89.62462,26.22041],[89.61735,26.22019],[89.61544,26.21954],[89.61129,26.2161],[89.61266,26.2129],[89.6143,26.21309],[89.61647,26.20896],[89.62292,26.20947],[89.62647,26.20817],[89.62945,26.20576],[89.6295,26.2037],[89.63161,26.20214],[89.63611,26.1993],[89.63811,26.19638],[89.64318,26.19609],[89.64174,26.19891],[89.63977,26.19931],[89.63815,26.21048],[89.63257,26.20999]]]},"properties":{"District":"Koch Bihar","Dist_LGD":"329","Sub_dist":"Dinhata - Ii","Subdis_LGD":"2188","Subdis_Typ":"Cd_Block","Vill_name":"Notafela","Vill_Cat":"Rural","Vill_LGD":"308603","arr_project":"asha1,asha2"}},
{"type":"Feature","geometry":{"type":"Polygon","coordinates":[[[89.30486,26.12704],[89.31607,26.12438],[89.31583,26.12681],[89.31806,26.12818],[89.32058,26.12397],[89.33002,26.1238],[89.33845,26.12456],[89.33658,26.12951],[89.33204,26.12816],[89.3272,26.12947],[89.3254,26.13391],[89.32942,26.13518],[89.32742,26.13923],[89.32468,26.13831],[89.3206,26.13898],[89.31854,26.13735],[89.31289,26.13661],[89.31337,26.13219],[89.30975,26.13192],[89.30593,26.12896],[89.30486,26.12704]]]},"properties":{"District":"Koch Bihar","Dist_LGD":"329","Sub_dist":"Sitai","Subdis_LGD":"2189","Subdis_Typ":"Cd_Block","Vill_name":"Bara Adabari","Vill_Cat":"Rural","Vill_LGD":"308717","arr_project":"asha1,asha2"}},
{"type":"Feature","geometry":{"type":"Polygon","coordinates":[[[89.32058,26.12397],[89.31806,26.12818],[89.31583,26.12681],[89.31607,26.12438],[89.30486,26.12704],[89.30391,26.12726],[89.30342,26.12203],[89.30139,26.12182],[89.30529,26.12033],[89.30825,26.11805],[89.31121,26.11648],[89.31503,26.11596],[89.31728,26.11661],[89.32062,26.11568],[89.32058,26.12397]]]},"properties":{"District":"Koch Bihar","Dist_LGD":"329","Sub_dist":"Sitai","Subdis_LGD":"2189","Subdis_Typ":"Cd_Block","Vill_name":"Garanata","Vill_Cat":"Rural","Vill_LGD":"308718","arr_project":"asha1,asha2"}},
{"type":"Feature","geometry":{"type":"Polygon","coordinates":[[[89.32062,26.11568],[89.32215,26.11261],[89.32585,26.11378],[89.32502,26.1081],[89.32774,26.10957],[89.33107,26.10871],[89.33586,26.10854],[89.3405,26.11091],[89.3385,26.11266],[89.33629,26.1117],[89.33402,26.11341],[89.33621,26.11605],[89.33713,26.11936],[89.33935,26.12101],[89.33881,26.12369],[89.33845,26.12456],[89.33002,26.1238],[89.32058,26.12397],[89.32062,26.11568]]]},"properties":{"District":"Koch Bihar","Dist_LGD":"329","Sub_dist":"Sitai","Subdis_LGD":"2189","Subdis_Typ":"Cd_Block","Vill_name":"Silduar","Vill_Cat":"Rural","Vill_LGD":"308722","arr_project":"asha1,asha2"}},
{"type":"Feature","geometry":{"type":"Polygon","coordinates":[[[89.29936,26.07103],[89.2988,26.06436],[89.29768,26.06292],[89.30074,26.06151],[89.30055,26.05898],[89.30296,26.05751],[89.30296,26.06126],[89.30868,26.06208],[89.30185,26.06461],[89.3036,26.0686],[89.30802,26.07442],[89.29936,26.07103]]]},"properties":{"District":"Koch Bihar","Dist_LGD":"329","Sub_dist":"Sitai","Subdis_LGD":"2189","Subdis_Typ":"Cd_Block","Vill_name":"Nagarsitai","Vill_Cat":"Rural","Vill_LGD":"308739","arr_project":"asha1,asha2"}},
{"type":"Feature","geometry":{"type":"Polygon","coordinates":[[[89.41587,26.19473],[89.41182,26.19518],[89.41147,26.19692],[89.40359,26.19732],[89.39759,26.19717],[89.39319,26.19538],[89.38676,26.19409],[89.3934,26.18932],[89.39307,26.18311],[89.3897,26.18304],[89.38932,26.1798],[89.39211,26.18021],[89.3984,26.17949],[89.39667,26.18245],[89.39773,26.18592],[89.40623,26.18511],[89.40936,26.18094],[89.41302,26.1802],[89.41471,26.17844],[89.41746,26.17908],[89.41861,26.18095],[89.41684,26.18357],[89.4145,26.18838],[89.41117,26.18893],[89.41071,26.19187],[89.41313,26.19258],[89.41624,26.19182],[89.4202,26.19287],[89.41949,26.19625],[89.41587,26.19473]]]},"properties":{"District":"Koch Bihar","Dist_LGD":"329","Sub_dist":"Dinhata - I","Subdis_LGD":"2187","Subdis_Typ":"Cd_Block","Vill_name":"Bara Bhita Pratham Khanda","Vill_Cat":"Rural","Vill_LGD":"308477","arr_project":"asha1,asha2"}},
{"type":"Feature","geometry":{"type":"Polygon","coordinates":[[[89.39844,26.13957],[89.40549,26.13541],[89.41158,26.13336],[89.41617,26.13315],[89.42054,26.13392],[89.42287,26.13719],[89.42262,26.14067],[89.42053,26.14055],[89.41925,26.13783],[89.41661,26.13805],[89.41596,26.14096],[89.42128,26.14678],[89.42149,26.14866],[89.42006,26.14883],[89.41315,26.14973],[89.41135,26.15154],[89.40968,26.15527],[89.40741,26.15665],[89.40433,26.15498],[89.40197,26.1493],[89.39793,26.14766],[89.39613,26.14478],[89.39687,26.14064],[89.39844,26.13957]]]},"properties":{"District":"Koch Bihar","Dist_LGD":"329","Sub_dist":"Dinhata - I","Subdis_LGD":"2187","Subdis_Typ":"Cd_Block","Vill_name":"Paschim Borodanga","Vill_Cat":"Rural","Vill_LGD":"308483","arr_project":"asha1,asha2"}},
{"type":"Feature","geometry":{"type":"Polygon","coordinates":[[[89.3925,26.09829],[89.39602,26.09646],[89.39856,26.09371],[89.41137,26.09958],[89.41058,26.10353],[89.41293,26.10466],[89.41049,26.10961],[89.4009,26.11312],[89.40076,26.11029],[89.39315,26.10749],[89.3925,26.09829]]]},"properties":{"District":"Koch Bihar","Dist_LGD":"329","Sub_dist":"Dinhata - I","Subdis_LGD":"2187","Subdis_Typ":"Cd_Block","Vill_name":"Jamadarer Bosh","Vill_Cat":"Rural","Vill_LGD":"308489","arr_project":"asha1,asha2"}},
{"type":"Feature","geometry":{"type":"Polygon","coordinates":[[[89.47301,26.22106],[89.46817,26.22853],[89.46235,26.23007],[89.46108,26.2289],[89.45905,26.22356],[89.45522,26.22097],[89.44982,26.22138],[89.44776,26.21971],[89.44809,26.21633],[89.44608,26.21389],[89.4433,26.21589],[89.44179,26.21497],[89.44355,26.20925],[89.4464,26.20948],[89.44917,26.21411],[89.45226,26.21478],[89.45373,26.21286],[89.45598,26.21307],[89.45837,26.20984],[89.45428,26.20204],[89.4606,26.20183],[89.4609,26.20404],[89.46615,26.21188],[89.47301,26.22106]]]},"properties":{"District":"Koch Bihar","Dist_LGD":"329","Sub_dist":"Dinhata - I","Subdis_LGD":"2187","Subdis_Typ":"Cd_Block","Vill_name":"Brahmanir Chauki","Vill_Cat":"Rural","Vill_LGD":"308513","arr_project":"asha1,asha2"}},
{"type":"Feature","geometry":{"type":"Polygon","coordinates":[[[89.44298,26.14437],[89.44452,26.14379],[89.44986,26.14694],[89.45381,26.14682],[89.46163,26.14842],[89.46305,26.152],[89.46114,26.15811],[89.45889,26.15774],[89.45791,26.15996],[89.45068,26.15665],[89.44609,26.15629],[89.43945,26.15749],[89.43784,26.15626],[89.43906,26.15147],[89.44085,26.14596],[89.44298,26.14437]]]},"properties":{"District":"Koch Bihar","Dist_LGD":"329","Sub_dist":"Dinhata - I","Subdis_LGD":"2187","Subdis_Typ":"Cd_Block","Vill_name":"Bara Nachina (P)","Vill_Cat":"Rural","Vill_LGD":"308501","arr_project":"asha1,asha2"}},
{"type":"Feature","geometry":{"type":"Polygon","coordinates":[[[89.46752,26.04453],[89.46614,26.04033],[89.46538,26.03516],[89.47122,26.03693],[89.47576,26.03662],[89.47733,26.03684],[89.47923,26.04072],[89.48075,26.04358],[89.47634,26.04663],[89.47106,26.048],[89.46752,26.04453]]]},"properties":{"District":"Koch Bihar","Dist_LGD":"329","Sub_dist":"Dinhata - I","Subdis_LGD":"2187","Subdis_Typ":"Cd_Block","Vill_name":"Nabani","Vill_Cat":"Rural","Vill_LGD":"308570","arr_project":"asha1,asha2"}},
{"type":"Feature","geometry":{"type":"Polygon","coordinates":[[[89.56655,26.11134],[89.57064,26.11498],[89.57473,26.11479],[89.57731,26.10897],[89.57921,26.10837],[89.58012,26.10904],[89.57973,26.1115],[89.58123,26.11321],[89.58145,26.11523],[89.58526,26.11707],[89.5874,26.11974],[89.57939,26.12132],[89.5737,26.12313],[89.5703,26.12657],[89.57132,26.12962],[89.56571,26.12679],[89.5647,26.12491],[89.56111,26.12306],[89.55971,26.12175],[89.56176,26.11741],[89.56655,26.11134]]]},"properties":{"District":"Koch Bihar","Dist_LGD":"329","Sub_dist":"Dinhata - Ii","Subdis_LGD":"2188","Subdis_Typ":"Cd_Block","Vill_name":"Kharubhaj","Vill_Cat":"Rural","Vill_LGD":"308665","arr_project":"asha1,asha2"}},
{"type":"Feature","geometry":{"type":"Polygon","coordinates":[[[89.44996,26.0723],[89.45379,26.0687],[89.45982,26.06858],[89.46117,26.0716],[89.4623,26.07677],[89.46499,26.07715],[89.46764,26.07894],[89.46849,26.08072],[89.46737,26.08432],[89.46546,26.0848],[89.4648,26.08057],[89.46127,26.0795],[89.45709,26.08036],[89.45499,26.07922],[89.45268,26.07597],[89.45034,26.0755],[89.44996,26.0723]]]},"properties":{"District":"Koch Bihar","Dist_LGD":"329","Sub_dist":"Dinhata - I","Subdis_LGD":"2187","Subdis_Typ":"Cd_Block","Vill_name":"Dakshin Dighaltari","Vill_Cat":"Rural","Vill_LGD":"308545","arr_project":"asha1,asha2"}},
{"type":"Feature","geometry":{"type":"Polygon","coordinates":[[[89.50203,26.07164],[89.50337,26.07171],[89.5043,26.06733],[89.50622,26.06563],[89.51351,26.06454],[89.51309,26.0632],[89.51946,26.06462],[89.51673,26.06958],[89.513,26.07027],[89.5138,26.07228],[89.5138,26.07515],[89.5071,26.07209],[89.50582,26.07228],[89.50649,26.07833],[89.50519,26.07829],[89.50587,26.08458],[89.50293,26.08665],[89.50091,26.08549],[89.4977,26.08581],[89.49729,26.08576],[89.49859,26.08327],[89.50136,26.08282],[89.49414,26.07863],[89.49279,26.07597],[89.49654,26.07611],[89.50203,26.07164]]]},"properties":{"District":"Koch Bihar","Dist_LGD":"329","Sub_dist":"Dinhata - Ii","Subdis_LGD":"2188","Subdis_Typ":"Cd_Block","Vill_name":"Kharija Dasagram","Vill_Cat":"Rural","Vill_LGD":"308624","arr_project":"asha1,asha2"}},
{"type":"Feature","geometry":{"type":"Polygon","coordinates":[[[89.46353,26.07002],[89.46093,26.06749],[89.45829,26.06069],[89.46397,26.0609],[89.46602,26.05758],[89.46951,26.05762],[89.47357,26.05878],[89.47643,26.06063],[89.48148,26.06011],[89.48378,26.07005],[89.47805,26.07183],[89.47313,26.06704],[89.46933,26.06798],[89.46353,26.07002]]]},"properties":{"District":"Koch Bihar","Dist_LGD":"329","Sub_dist":"Dinhata - I","Subdis_LGD":"2187","Subdis_Typ":"Cd_Block","Vill_name":"Bara Phalimari","Vill_Cat":"Rural","Vill_LGD":"308550","arr_project":"asha1,asha2"}},
{"type":"Feature","geometry":{"type":"Polygon","coordinates":[[[89.42776,26.04548],[89.43415,26.04296],[89.43928,26.03967],[89.44724,26.03747],[89.4478,26.04005],[89.45066,26.03977],[89.44982,26.04266],[89.4465,26.04354],[89.44472,26.04786],[89.43982,26.05208],[89.43814,26.05604],[89.43646,26.05606],[89.43432,26.05339],[89.43375,26.04766],[89.42752,26.04644],[89.42776,26.04548]]]},"properties":{"District":"Koch Bihar","Dist_LGD":"329","Sub_dist":"Dinhata - I","Subdis_LGD":"2187","Subdis_Typ":"Cd_Block","Vill_name":"Panchadhwaji","Vill_Cat":"Rural","Vill_LGD":"308555","arr_project":"asha1,asha2"}},
{"type":"Feature","geometry":{"type":"Polygon","coordinates":[[[89.48766,26.04539],[89.48985,26.04439],[89.49228,26.03809],[89.49485,26.03655],[89.49772,26.03657],[89.49574,26.03746],[89.49425,26.04123],[89.49513,26.04531],[89.49408,26.0522],[89.49138,26.05448],[89.4885,26.05438],[89.48962,26.05174],[89.48766,26.04539]]]},"properties":{"District":"Koch Bihar","Dist_LGD":"329","Sub_dist":"Dinhata - I","Subdis_LGD":"2187","Subdis_Typ":"Cd_Block","Vill_name":"Maheshwar","Vill_Cat":"Rural","Vill_LGD":"308575","arr_project":"asha1,asha2"}},
{"type":"Feature","geometry":{"type":"Polygon","coordinates":[[[89.46599,25.99802],[89.47632,25.99803],[89.48025,25.9961],[89.48353,25.99905],[89.487,26.00031],[89.48812,26.00247],[89.48523,26.01311],[89.47467,26.02071],[89.47189,26.02085],[89.4708,26.02071],[89.46698,26.02],[89.46357,26.0169],[89.46362,26.01217],[89.46608,26.00757],[89.46478,26.00125],[89.46599,25.99802]]]},"properties":{"District":"Koch Bihar","Dist_LGD":"329","Sub_dist":"Dinhata - I","Subdis_LGD":"2187","Subdis_Typ":"Cd_Block","Vill_name":"Bhoram Payasthi","Vill_Cat":"Rural","Vill_LGD":"308565","arr_project":"asha1,asha2"}},
{"type":"Feature","geometry":{"type":"Polygon","coordinates":[[[89.49771,26.01677],[89.50287,26.01024],[89.50501,26.00861],[89.50678,26.00844],[89.5124,26.01004],[89.51204,26.01355],[89.51035,26.02002],[89.50854,26.02371],[89.51254,26.02562],[89.51914,26.02557],[89.51724,26.02752],[89.51588,26.03133],[89.51316,26.02958],[89.50985,26.03197],[89.50651,26.03276],[89.50115,26.03577],[89.49772,26.03657],[89.49485,26.03655],[89.49623,26.03419],[89.49849,26.03363],[89.50154,26.03066],[89.50317,26.02768],[89.50181,26.02543],[89.50269,26.02343],[89.49902,26.02104],[89.49771,26.01677]]]},"properties":{"District":"Koch Bihar","Dist_LGD":"329","Sub_dist":"Dinhata - I","Subdis_LGD":"2187","Subdis_Typ":"Cd_Block","Vill_name":"Konamuktarati Nandanpayashi","Vill_Cat":"Rural","Vill_LGD":"308582","arr_project":"asha1,asha2"}},
{"type":"Feature","geometry":{"type":"Polygon","coordinates":[[[89.50955,26.2222],[89.50424,26.22385],[89.50046,26.22232],[89.49758,26.21947],[89.4949,26.21848],[89.49324,26.22004],[89.49243,26.21331],[89.48968,26.20908],[89.48938,26.20779],[89.48922,26.20563],[89.49131,26.20196],[89.4973,26.19903],[89.50029,26.19845],[89.49845,26.19194],[89.50066,26.18718],[89.50378,26.18477],[89.50188,26.18095],[89.50311,26.17927],[89.5061,26.17961],[89.50688,26.18383],[89.50826,26.18426],[89.51148,26.18041],[89.51226,26.18174],[89.51095,26.18667],[89.51045,26.19178],[89.51104,26.19699],[89.51219,26.20166],[89.51285,26.20354],[89.52024,26.20481],[89.52184,26.20655],[89.52247,26.20975],[89.52219,26.21474],[89.51869,26.2165],[89.51508,26.21573],[89.50958,26.21848],[89.50955,26.2222]]]},"properties":{"District":"Koch Bihar","Dist_LGD":"329","Sub_dist":"Dinhata - I","Subdis_LGD":"2187","Subdis_Typ":"Cd_Block","Vill_name":"Ruier Khuthi","Vill_Cat":"Rural","Vill_LGD":"308527","arr_project":"asha1,asha2"}},
{"type":"Feature","geometry":{"type":"Polygon","coordinates":[[[89.50639,26.16266],[89.50983,26.16274],[89.51153,26.16103],[89.51641,26.16062],[89.51913,26.16171],[89.52236,26.16437],[89.52271,26.16817],[89.52356,26.17052],[89.52683,26.17186],[89.52635,26.17434],[89.52128,26.17419],[89.51819,26.17262],[89.51897,26.17754],[89.51582,26.17881],[89.51256,26.17667],[89.51254,26.17456],[89.50937,26.16464],[89.50613,26.1637],[89.50639,26.16266]]]},"properties":{"District":"Koch Bihar","Dist_LGD":"329","Sub_dist":"Dinhata - Ii","Subdis_LGD":"2188","Subdis_Typ":"Cd_Block","Vill_name":"Langulia Dwitia Khanda","Vill_Cat":"Rural","Vill_LGD":"308620","arr_project":"asha1,asha2"}},
{"type":"Feature","geometry":{"type":"Polygon","coordinates":[[[89.49398,26.14231],[89.49624,26.14046],[89.5003,26.13425],[89.5006,26.12954],[89.50427,26.12852],[89.50849,26.12884],[89.51107,26.12909],[89.51016,26.13219],[89.51233,26.13242],[89.51366,26.13641],[89.50818,26.13997],[89.51108,26.14126],[89.515,26.14084],[89.51485,26.1445],[89.51328,26.14569],[89.51086,26.14316],[89.50863,26.14392],[89.50607,26.14047],[89.50062,26.14075],[89.49733,26.14186],[89.49531,26.14375],[89.49398,26.14231]]]},"properties":{"District":"Koch Bihar","Dist_LGD":"329","Sub_dist":"Dinhata - I","Subdis_LGD":"2187","Subdis_Typ":"Cd_Block","Vill_name":"Kharija Rakhalmari","Vill_Cat":"Rural","Vill_LGD":"308585","arr_project":"asha1,asha2"}},
{"type":"Feature","geometry":{"type":"Polygon","coordinates":[[[89.54285,26.09712],[89.53917,26.10569],[89.53784,26.10608],[89.53632,26.10027],[89.53097,26.10077],[89.52955,26.09818],[89.52441,26.09776],[89.51947,26.09806],[89.52033,26.09618],[89.51922,26.09388],[89.52069,26.09044],[89.51573,26.09129],[89.50912,26.09151],[89.50533,26.09272],[89.50298,26.09596],[89.49524,26.09333],[89.49393,26.08928],[89.49763,26.08783],[89.4977,26.08581],[89.50091,26.08549],[89.50293,26.08665],[89.50587,26.08458],[89.51104,26.08451],[89.51087,26.08123],[89.51422,26.08182],[89.515,26.08725],[89.52483,26.08811],[89.5264,26.08595],[89.52933,26.08577],[89.5302,26.08291],[89.52779,26.08136],[89.52984,26.0752],[89.53183,26.07295],[89.53479,26.07313],[89.53442,26.07017],[89.53878,26.06973],[89.53912,26.07244],[89.54144,26.07358],[89.54267,26.07759],[89.54413,26.0778],[89.54497,26.08031],[89.54779,26.07965],[89.55193,26.08207],[89.55064,26.08599],[89.55247,26.08649],[89.54774,26.08757],[89.54414,26.08663],[89.53928,26.08894],[89.54285,26.09712]]]},"properties":{"District":"Koch Bihar","Dist_LGD":"329","Sub_dist":"Dinhata - Ii","Subdis_LGD":"2188","Subdis_Typ":"Cd_Block","Vill_name":"Kismat Dasagram","Vill_Cat":"Rural","Vill_LGD":"308622","arr_project":"asha1,asha2"}},
{"type":"Feature","geometry":{"type":"Polygon","coordinates":[[[89.5138,26.07228],[89.513,26.07027],[89.51673,26.06958],[89.51946,26.06462],[89.52088,26.06506],[89.52174,26.06982],[89.52576,26.06975],[89.52891,26.07145],[89.5313,26.06874],[89.53442,26.07017],[89.53479,26.07313],[89.53183,26.07295],[89.52984,26.0752],[89.52779,26.08136],[89.52523,26.08182],[89.52516,26.07896],[89.52333,26.07663],[89.52243,26.07133],[89.51908,26.07269],[89.5138,26.07228]]]},"properties":{"District":"Koch Bihar","Dist_LGD":"329","Sub_dist":"Dinhata - Ii","Subdis_LGD":"2188","Subdis_Typ":"Cd_Block","Vill_name":"Baniadaha","Vill_Cat":"Rural","Vill_LGD":"308638","arr_project":"asha1,asha2"}},
{"type":"Feature","geometry":{"type":"Polygon","coordinates":[[[89.53031,26.05559],[89.52979,26.05063],[89.52826,26.04938],[89.53211,26.0461],[89.53295,26.04288],[89.53663,26.04136],[89.53829,26.03835],[89.53891,26.03411],[89.54165,26.03431],[89.5417,26.0368],[89.5403,26.04109],[89.53748,26.04285],[89.53928,26.04487],[89.54331,26.04298],[89.54278,26.03302],[89.54448,26.03268],[89.54772,26.03278],[89.54776,26.03424],[89.54458,26.03791],[89.54799,26.03831],[89.55333,26.04328],[89.55118,26.04914],[89.55195,26.05376],[89.55155,26.05506],[89.54719,26.05539],[89.54571,26.0634],[89.54374,26.06297],[89.5415,26.07151],[89.5449,26.07379],[89.54547,26.07656],[89.54413,26.0778],[89.54267,26.07759],[89.54144,26.07358],[89.53912,26.07244],[89.53878,26.06973],[89.53442,26.07017],[89.5313,26.06874],[89.52891,26.07145],[89.52576,26.06975],[89.52174,26.06982],[89.52088,26.06506],[89.52651,26.06435],[89.53006,26.06474],[89.53273,26.06488],[89.53231,26.06119],[89.53308,26.05615],[89.53031,26.05559]]]},"properties":{"District":"Koch Bihar","Dist_LGD":"329","Sub_dist":"Dinhata - Ii","Subdis_LGD":"2188","Subdis_Typ":"Cd_Block","Vill_name":"Nandina","Vill_Cat":"Rural","Vill_LGD":"308636","arr_project":"asha1,asha2"}},
{"type":"Feature","geometry":{"type":"Polygon","coordinates":[[[89.54009,26.01886],[89.54224,26.02288],[89.545,26.02326],[89.55519,26.01935],[89.55851,26.01939],[89.56291,26.02235],[89.56544,26.02938],[89.56907,26.03262],[89.57199,26.0333],[89.57661,26.03265],[89.57723,26.03505],[89.57565,26.03697],[89.56981,26.03673],[89.56774,26.03795],[89.563,26.04469],[89.56022,26.04213],[89.56216,26.03646],[89.55999,26.03337],[89.55849,26.03352],[89.55553,26.03047],[89.55152,26.02981],[89.54772,26.03278],[89.54448,26.03268],[89.54356,26.02901],[89.54027,26.02447],[89.5391,26.02143],[89.53611,26.01973],[89.53747,26.02549],[89.53528,26.02593],[89.53166,26.02378],[89.53241,26.02032],[89.53,26.0198],[89.53023,26.01326],[89.53432,26.01417],[89.53969,26.01293],[89.54009,26.01886]]]},"properties":{"District":"Koch Bihar","Dist_LGD":"329","Sub_dist":"Dinhata - Ii","Subdis_LGD":"2188","Subdis_Typ":"Cd_Block","Vill_name":"Nagarerbari","Vill_Cat":"Rural","Vill_LGD":"308692","arr_project":"asha1,asha2"}},
{"type":"Feature","geometry":{"type":"Polygon","coordinates":[[[89.57862,26.02625],[89.5835,26.02436],[89.58541,26.02739],[89.58412,26.0291],[89.57653,26.02863],[89.57347,26.02718],[89.57715,26.02543],[89.57862,26.02625]]]},"properties":{"District":"Koch Bihar","Dist_LGD":"329","Sub_dist":"Dinhata - Ii","Subdis_LGD":"2188","Subdis_Typ":"Cd_Block","Vill_name":"Jhikri","Vill_Cat":"Rural","Vill_LGD":"308693","arr_project":"asha1,asha2"}},
{"type":"Feature","geometry":{"type":"Polygon","coordinates":[[[89.59038,26.202],[89.5889,26.20684],[89.58564,26.20864],[89.57901,26.20655],[89.5765,26.20734],[89.57549,26.20315],[89.57906,26.19774],[89.58038,26.1964],[89.58686,26.19383],[89.58893,26.19536],[89.59038,26.202]]]},"properties":{"District":"Koch Bihar","Dist_LGD":"329","Sub_dist":"Dinhata - Ii","Subdis_LGD":"2188","Subdis_Typ":"Cd_Block","Vill_name":"Seoraguri","Vill_Cat":"Rural","Vill_LGD":"308600","arr_project":"asha1,asha2"}},
{"type":"Feature","geometry":{"type":"Polygon","coordinates":[[[89.56419,26.1757],[89.57015,26.17523],[89.57377,26.17763],[89.57454,26.1798],[89.57728,26.18124],[89.57679,26.18372],[89.57802,26.18667],[89.57552,26.1919],[89.57311,26.19217],[89.57147,26.1901],[89.56901,26.18941],[89.56574,26.18893],[89.56435,26.18377],[89.55984,26.18388],[89.56401,26.18084],[89.56419,26.1757]]]},"properties":{"District":"Koch Bihar","Dist_LGD":"329","Sub_dist":"Dinhata - Ii","Subdis_LGD":"2188","Subdis_Typ":"Cd_Block","Vill_name":"Saulmari","Vill_Cat":"Rural","Vill_LGD":"308612","arr_project":"asha1,asha2"}},
{"type":"Feature","geometry":{"type":"Polygon","coordinates":[[[89.59223,26.0833],[89.58725,26.08416],[89.58421,26.07842],[89.58287,26.07447],[89.58229,26.07271],[89.57801,26.06834],[89.57654,26.06405],[89.57681,26.06007],[89.57307,26.05433],[89.57272,26.05247],[89.57453,26.05363],[89.58132,26.05316],[89.58321,26.05341],[89.58448,26.05778],[89.58691,26.0614],[89.59021,26.06327],[89.59505,26.06163],[89.59819,26.06412],[89.60145,26.06258],[89.60488,26.06259],[89.60806,26.06484],[89.60782,26.06992],[89.60479,26.07053],[89.60245,26.07397],[89.60285,26.0754],[89.59979,26.07401],[89.59318,26.07307],[89.5921,26.07777],[89.59327,26.0791],[89.59223,26.0833]]]},"properties":{"District":"Koch Bihar","Dist_LGD":"329","Sub_dist":"Dinhata - Ii","Subdis_LGD":"2188","Subdis_Typ":"Cd_Block","Vill_name":"Lauchapra","Vill_Cat":"Rural","Vill_LGD":"308680","arr_project":"asha1,asha2"}},
{"type":"Feature","geometry":{"type":"Polygon","coordinates":[[[89.30699,26.14624],[89.3093,26.13767],[89.31289,26.13661],[89.31854,26.13735],[89.3206,26.13898],[89.32468,26.13831],[89.32742,26.13923],[89.32246,26.1417],[89.31683,26.14583],[89.31415,26.15026],[89.31414,26.15556],[89.30433,26.15548],[89.30312,26.15441],[89.30415,26.14935],[89.30676,26.1495],[89.30699,26.14624]]]},"properties":{"District":"Koch Bihar","Dist_LGD":"329","Sub_dist":"Sitai","Subdis_LGD":"2189","Subdis_Typ":"Cd_Block","Vill_name":"Kismat Adabari","Vill_Cat":"Rural","Vill_LGD":"308715","arr_project":"asha1,asha2"}},
{"type":"Feature","geometry":{"type":"Polygon","coordinates":[[[89.44788,26.3559],[89.44352,26.35921],[89.4419,26.35782],[89.43651,26.35759],[89.43675,26.35562],[89.44103,26.34636],[89.44142,26.34393],[89.44143,26.3385],[89.44003,26.33687],[89.44068,26.3345],[89.44314,26.3327],[89.45278,26.33221],[89.45636,26.33148],[89.45748,26.3359],[89.4606,26.3383],[89.46353,26.33918],[89.46531,26.34213],[89.46496,26.34574],[89.45948,26.35298],[89.45886,26.35723],[89.45753,26.35421],[89.45458,26.3524],[89.44965,26.35277],[89.44788,26.3559]]]},"properties":{"District":"Koch Bihar","Dist_LGD":"329","Sub_dist":"Koch Bihar - Ii","Subdis_LGD":"2184","Subdis_Typ":"Cd_Block","Vill_name":"Khagrabari (Ct)","Vill_Cat":"Partly_Urban","Vill_LGD":"308326","arr_project":"asha1,asha2"}},
{"type":"Feature","geometry":{"type":"Polygon","coordinates":[[[89.40294,26.40636],[89.40208,26.40425],[89.39948,26.4044],[89.40146,26.39869],[89.40556,26.39692],[89.40577,26.39111],[89.40926,26.38884],[89.4157,26.39128],[89.41584,26.39778],[89.41151,26.39887],[89.41137,26.4024],[89.40465,26.40371],[89.40294,26.40636]]]},"properties":{"District":"Koch Bihar","Dist_LGD":"329","Sub_dist":"Koch Bihar - Ii","Subdis_LGD":"2184","Subdis_Typ":"Cd_Block","Vill_name":"Basantapur","Vill_Cat":"Rural","Vill_LGD":"308264","arr_project":"asha1,asha2"}},
{"type":"Feature","geometry":{"type":"Polygon","coordinates":[[[89.40577,26.39111],[89.40648,26.38848],[89.40448,26.38336],[89.40691,26.38272],[89.40938,26.38449],[89.40926,26.38884],[89.40577,26.39111]]]},"properties":{"District":"Koch Bihar","Dist_LGD":"329","Sub_dist":"Koch Bihar - Ii","Subdis_LGD":"2184","Subdis_Typ":"Cd_Block","Vill_name":"Chhota Khairatibari","Vill_Cat":"Rural","Vill_LGD":"308265","arr_project":"asha1,asha2"}},
{"type":"Feature","geometry":{"type":"Polygon","coordinates":[[[89.40922,26.24663],[89.40804,26.24548],[89.40877,26.23771],[89.41173,26.24008],[89.4141,26.23916],[89.41817,26.24397],[89.41769,26.24587],[89.41504,26.24684],[89.41246,26.25024],[89.41266,26.24803],[89.40922,26.24663]]]},"properties":{"District":"Koch Bihar","Dist_LGD":"329","Sub_dist":"Koch Bihar - I","Subdis_LGD":"2183","Subdis_Typ":"Cd_Block","Vill_name":"Bara Elajan","Vill_Cat":"Rural","Vill_LGD":"308169","arr_project":"asha1,asha2"}},
{"type":"Feature","geometry":{"type":"Polygon","coordinates":[[[89.37898,26.28284],[89.38512,26.28185],[89.38914,26.27731],[89.38997,26.27358],[89.39146,26.27138],[89.39301,26.27184],[89.39791,26.28102],[89.39757,26.28483],[89.39443,26.28733],[89.39411,26.29018],[89.38732,26.29152],[89.38665,26.2946],[89.38438,26.29462],[89.38394,26.29207],[89.38127,26.28862],[89.37817,26.28693],[89.37898,26.28284]]]},"properties":{"District":"Koch Bihar","Dist_LGD":"329","Sub_dist":"Koch Bihar - I","Subdis_LGD":"2183","Subdis_Typ":"Cd_Block","Vill_name":"Dudder Kuthi","Vill_Cat":"Rural","Vill_LGD":"308101","arr_project":"asha1,asha2"}},
{"type":"Feature","geometry":{"type":"Polygon","coordinates":[[[89.39411,26.29018],[89.39443,26.28733],[89.39757,26.28483],[89.39791,26.28102],[89.39301,26.27184],[89.39719,26.26762],[89.39854,26.2653],[89.39769,26.26124],[89.39958,26.26442],[89.39914,26.27055],[89.40226,26.27354],[89.40732,26.27467],[89.41093,26.27589],[89.41623,26.27383],[89.41668,26.2743],[89.41542,26.27954],[89.40999,26.28093],[89.40916,26.28272],[89.41271,26.284],[89.41239,26.28633],[89.40667,26.28835],[89.40337,26.28849],[89.40192,26.29046],[89.39411,26.29018]]]},"properties":{"District":"Koch Bihar","Dist_LGD":"329","Sub_dist":"Koch Bihar - I","Subdis_LGD":"2183","Subdis_Typ":"Cd_Block","Vill_name":"Chhat Duder Kuthi","Vill_Cat":"Rural","Vill_LGD":"308100","arr_project":"asha1,asha2"}},
{"type":"Feature","geometry":{"type":"Polygon","coordinates":[[[89.41246,26.25024],[89.41504,26.24684],[89.41769,26.24587],[89.41626,26.25066],[89.41299,26.25577],[89.40621,26.25245],[89.40768,26.24948],[89.41246,26.25024]]]},"properties":{"District":"Koch Bihar","Dist_LGD":"329","Sub_dist":"Koch Bihar - I","Subdis_LGD":"2183","Subdis_Typ":"Cd_Block","Vill_name":"Khairamari","Vill_Cat":"Rural","Vill_LGD":"308167","arr_project":"asha1,asha2"}},
{"type":"Feature","geometry":{"type":"Polygon","coordinates":[[[89.33568,26.29225],[89.33365,26.29605],[89.33507,26.29675],[89.33556,26.30047],[89.33232,26.29714],[89.32987,26.29943],[89.32781,26.2971],[89.32776,26.2918],[89.33109,26.29123],[89.33568,26.29225]]]},"properties":{"District":"Koch Bihar","Dist_LGD":"329","Sub_dist":"Koch Bihar - I","Subdis_LGD":"2183","Subdis_Typ":"Cd_Block","Vill_name":"Kanibil Kankanguri","Vill_Cat":"Rural","Vill_LGD":"308106","arr_project":"asha1,asha2"}},
{"type":"Feature","geometry":{"type":"Polygon","coordinates":[[[89.34244,26.30335],[89.33919,26.30484],[89.33957,26.30143],[89.33556,26.30047],[89.33507,26.29675],[89.33365,26.29605],[89.33568,26.29225],[89.34435,26.29111],[89.34762,26.29241],[89.348,26.29299],[89.34312,26.30061],[89.34244,26.30335]]]},"properties":{"District":"Koch Bihar","Dist_LGD":"329","Sub_dist":"Koch Bihar - I","Subdis_LGD":"2183","Subdis_Typ":"Cd_Block","Vill_name":"Giriar Kuthi","Vill_Cat":"Rural","Vill_LGD":"308105","arr_project":"asha1,asha2"}},
{"type":"Feature","geometry":{"type":"Polygon","coordinates":[[[89.37855,26.30989],[89.38004,26.30594],[89.37948,26.30019],[89.377,26.29742],[89.37182,26.29537],[89.36522,26.29664],[89.3617,26.29368],[89.3639,26.29181],[89.36191,26.28814],[89.35897,26.28844],[89.3595,26.28356],[89.36099,26.28298],[89.36626,26.28086],[89.36874,26.28087],[89.3771,26.28226],[89.37898,26.28284],[89.37817,26.28693],[89.38127,26.28862],[89.38394,26.29207],[89.38438,26.29462],[89.38293,26.30023],[89.38377,26.30323],[89.38859,26.30679],[89.39242,26.31297],[89.38883,26.312],[89.38552,26.31301],[89.38049,26.31201],[89.37855,26.30989]]]},"properties":{"District":"Koch Bihar","Dist_LGD":"329","Sub_dist":"Koch Bihar - I","Subdis_LGD":"2183","Subdis_Typ":"Cd_Block","Vill_name":"Bhogdabri Kesharibari","Vill_Cat":"Rural","Vill_LGD":"308102","arr_project":"asha1,asha2"}},
{"type":"Feature","geometry":{"type":"Polygon","coordinates":[[[89.34868,26.27528],[89.35223,26.27146],[89.35735,26.27106],[89.36179,26.27141],[89.36373,26.27198],[89.36555,26.27555],[89.36019,26.2787],[89.36099,26.28298],[89.3595,26.28356],[89.35505,26.28109],[89.35015,26.28102],[89.34869,26.27824],[89.34868,26.27528]]]},"properties":{"District":"Koch Bihar","Dist_LGD":"329","Sub_dist":"Koch Bihar - I","Subdis_LGD":"2183","Subdis_Typ":"Cd_Block","Vill_name":"Mainaguri Kankanguri","Vill_Cat":"Rural","Vill_LGD":"308155","arr_project":"asha1,asha2"}},
{"type":"Feature","geometry":{"type":"Polygon","coordinates":[[[89.38107,26.27848],[89.37877,26.27912],[89.3771,26.28226],[89.36874,26.28087],[89.36926,26.27663],[89.3707,26.27468],[89.36934,26.27084],[89.37097,26.27174],[89.37263,26.26802],[89.37172,26.26515],[89.36677,26.26545],[89.36564,26.26134],[89.36999,26.26033],[89.38031,26.26164],[89.38132,26.2614],[89.38337,26.25828],[89.39284,26.25921],[89.39611,26.26238],[89.38779,26.26288],[89.38858,26.26513],[89.38522,26.26733],[89.38333,26.26794],[89.38381,26.27533],[89.38118,26.27623],[89.38107,26.27848]]]},"properties":{"District":"Koch Bihar","Dist_LGD":"329","Sub_dist":"Koch Bihar - I","Subdis_LGD":"2183","Subdis_Typ":"Cd_Block","Vill_name":"Ekmukha","Vill_Cat":"Rural","Vill_LGD":"308160","arr_project":"asha1,asha2"}},
{"type":"Feature","geometry":{"type":"Polygon","coordinates":[[[89.3771,26.28226],[89.37877,26.27912],[89.38107,26.27848],[89.38244,26.2802],[89.37898,26.28284],[89.3771,26.28226]]]},"properties":{"District":"Koch Bihar","Dist_LGD":"329","Sub_dist":"Koch Bihar - I","Subdis_LGD":"2183","Subdis_Typ":"Cd_Block","Vill_name":"Aulibari","Vill_Cat":"Rural","Vill_LGD":"308158","arr_project":"asha1,asha2"}},
{"type":"Feature","geometry":{"type":"Polygon","coordinates":[[[89.38107,26.27848],[89.38118,26.27623],[89.38381,26.27533],[89.38333,26.26794],[89.38522,26.26733],[89.38504,26.26958],[89.38701,26.27102],[89.38998,26.2701],[89.39146,26.27138],[89.38997,26.27358],[89.38914,26.27731],[89.38512,26.28185],[89.37898,26.28284],[89.38244,26.2802],[89.38107,26.27848]]]},"properties":{"District":"Koch Bihar","Dist_LGD":"329","Sub_dist":"Koch Bihar - I","Subdis_LGD":"2183","Subdis_Typ":"Cd_Block","Vill_name":"Panthabari","Vill_Cat":"Rural","Vill_LGD":"308159","arr_project":"asha1,asha2"}},
{"type":"Feature","geometry":{"type":"Polygon","coordinates":[[[89.38522,26.26733],[89.38858,26.26513],[89.38779,26.26288],[89.39611,26.26238],[89.39769,26.26124],[89.39854,26.2653],[89.39719,26.26762],[89.39301,26.27184],[89.39146,26.27138],[89.38998,26.2701],[89.38701,26.27102],[89.38504,26.26958],[89.38522,26.26733]]]},"properties":{"District":"Koch Bihar","Dist_LGD":"329","Sub_dist":"Koch Bihar - I","Subdis_LGD":"2183","Subdis_Typ":"Cd_Block","Vill_name":"Cheger Kuthi","Vill_Cat":"Rural","Vill_LGD":"308164","arr_project":"asha1,asha2"}},
{"type":"Feature","geometry":{"type":"Polygon","coordinates":[[[89.3283,26.25529],[89.33085,26.2546],[89.34007,26.25599],[89.34158,26.25957],[89.33898,26.26086],[89.33737,26.26431],[89.33731,26.2676],[89.33504,26.26857],[89.33003,26.26797],[89.32753,26.26582],[89.32635,26.25968],[89.32503,26.25704],[89.3283,26.25529]]]},"properties":{"District":"Koch Bihar","Dist_LGD":"329","Sub_dist":"Koch Bihar - I","Subdis_LGD":"2183","Subdis_Typ":"Cd_Block","Vill_name":"Balagram","Vill_Cat":"Rural","Vill_LGD":"308122","arr_project":"asha1,asha2"}},
{"type":"Feature","geometry":{"type":"Polygon","coordinates":[[[89.33085,26.2546],[89.33344,26.25136],[89.33543,26.24742],[89.33769,26.24672],[89.34106,26.24758],[89.34197,26.24772],[89.34501,26.24985],[89.34656,26.25327],[89.34447,26.25491],[89.34653,26.25753],[89.34569,26.25821],[89.34007,26.25599],[89.33085,26.2546]]]},"properties":{"District":"Koch Bihar","Dist_LGD":"329","Sub_dist":"Koch Bihar - I","Subdis_LGD":"2183","Subdis_Typ":"Cd_Block","Vill_name":"Patpisu","Vill_Cat":"Rural","Vill_LGD":"308123","arr_project":"asha1,asha2"}},
{"type":"Feature","geometry":{"type":"Polygon","coordinates":[[[89.31969,26.18789],[89.31899,26.19604],[89.32315,26.19697],[89.32629,26.20036],[89.32533,26.20216],[89.3166,26.20063],[89.31275,26.20179],[89.3073,26.20075],[89.30423,26.19938],[89.30527,26.19465],[89.30449,26.19152],[89.30141,26.1914],[89.29975,26.19],[89.2931,26.18953],[89.29308,26.19158],[89.28896,26.19083],[89.28905,26.18927],[89.29356,26.18776],[89.29863,26.1878],[89.29992,26.18439],[89.29875,26.17767],[89.31156,26.17766],[89.31514,26.17903],[89.31724,26.18205],[89.31734,26.18534],[89.31969,26.18789]]]},"properties":{"District":"Koch Bihar","Dist_LGD":"329","Sub_dist":"Koch Bihar - I","Subdis_LGD":"2183","Subdis_Typ":"Cd_Block","Vill_name":"Shalbari","Vill_Cat":"Rural","Vill_LGD":"308135","arr_project":"asha1,asha2"}},
{"type":"Feature","geometry":{"type":"Polygon","coordinates":[[[89.29253,26.22365],[89.28855,26.2238],[89.28638,26.22485],[89.28657,26.22417],[89.28759,26.22155],[89.291,26.21707],[89.29079,26.2149],[89.29503,26.21346],[89.29798,26.21402],[89.29826,26.21888],[89.29703,26.21898],[89.29364,26.22115],[89.29344,26.22301],[89.29253,26.22365]]]},"properties":{"District":"Koch Bihar","Dist_LGD":"329","Sub_dist":"Koch Bihar - I","Subdis_LGD":"2183","Subdis_Typ":"Cd_Block","Vill_name":"Amar Bhasirthana","Vill_Cat":"Rural","Vill_LGD":"308128","arr_project":"asha1,asha2"}},
{"type":"Feature","geometry":{"type":"Polygon","coordinates":[[[89.29253,26.22365],[89.29243,26.22758],[89.28954,26.22792],[89.28875,26.23279],[89.29048,26.23425],[89.29406,26.24258],[89.29098,26.24405],[89.28878,26.23842],[89.28455,26.23109],[89.28638,26.22485],[89.28855,26.2238],[89.29253,26.22365]]]},"properties":{"District":"Koch Bihar","Dist_LGD":"329","Sub_dist":"Koch Bihar - I","Subdis_LGD":"2183","Subdis_Typ":"Cd_Block","Vill_name":"Jagarjhuli Bhasirthana","Vill_Cat":"Rural","Vill_LGD":"308127","arr_project":"asha1,asha2"}},
{"type":"Feature","geometry":{"type":"Polygon","coordinates":[[[89.38132,26.2614],[89.38001,26.25861],[89.37715,26.25903],[89.36985,26.2566],[89.36861,26.25201],[89.36944,26.25009],[89.37285,26.24957],[89.37191,26.25355],[89.37329,26.2554],[89.37703,26.25468],[89.38013,26.25274],[89.38337,26.25828],[89.38132,26.2614]]]},"properties":{"District":"Koch Bihar","Dist_LGD":"329","Sub_dist":"Koch Bihar - I","Subdis_LGD":"2183","Subdis_Typ":"Cd_Block","Vill_name":"Silkhuri Dwitia Khanda","Vill_Cat":"Rural","Vill_LGD":"308161","arr_project":"asha1,asha2"}},
{"type":"Feature","geometry":{"type":"Polygon","coordinates":[[[89.42616,26.42325],[89.42777,26.42106],[89.42329,26.41789],[89.4224,26.41349],[89.42256,26.40992],[89.4269,26.4113],[89.43094,26.41375],[89.43668,26.40944],[89.43299,26.40522],[89.44044,26.4045],[89.4462,26.40471],[89.44693,26.41018],[89.44851,26.40966],[89.4533,26.4107],[89.45331,26.4049],[89.45652,26.40496],[89.46214,26.40564],[89.46516,26.40871],[89.47118,26.41325],[89.47204,26.41644],[89.47454,26.41623],[89.47763,26.41844],[89.47974,26.41818],[89.48014,26.42169],[89.48151,26.42301],[89.47671,26.4237],[89.47478,26.42735],[89.4711,26.42689],[89.46696,26.42776],[89.46878,26.43007],[89.46698,26.43539],[89.46817,26.44048],[89.46706,26.44125],[89.46716,26.44729],[89.46522,26.44973],[89.46467,26.45326],[89.45736,26.45377],[89.45691,26.45827],[89.44974,26.45998],[89.4439,26.46036],[89.44301,26.45949],[89.44316,26.45431],[89.4461,26.45397],[89.44702,26.4498],[89.44886,26.44737],[89.44736,26.44527],[89.4477,26.4415],[89.44637,26.43779],[89.44311,26.43786],[89.44419,26.44318],[89.44163,26.44495],[89.44024,26.44052],[89.43409,26.44046],[89.43317,26.44038],[89.43241,26.43413],[89.42737,26.43379],[89.4234,26.43448],[89.42272,26.43194],[89.4274,26.42555],[89.42616,26.42325]]]},"properties":{"District":"Koch Bihar","Dist_LGD":"329","Sub_dist":"Koch Bihar - Ii","Subdis_LGD":"2184","Subdis_Typ":"Cd_Block","Vill_name":"Gopalpur","Vill_Cat":"Rural","Vill_LGD":"308229","arr_project":"asha1,asha2"}},
{"type":"Feature","geometry":{"type":"Polygon","coordinates":[[[89.34097,26.20469],[89.33745,26.20486],[89.335,26.20252],[89.33647,26.19562],[89.33997,26.19349],[89.34114,26.19022],[89.34388,26.18859],[89.34816,26.19012],[89.3488,26.19274],[89.35342,26.19576],[89.348,26.19801],[89.34513,26.19704],[89.34311,26.20058],[89.3406,26.20067],[89.34097,26.20469]]]},"properties":{"District":"Koch Bihar","Dist_LGD":"329","Sub_dist":"Koch Bihar - I","Subdis_LGD":"2183","Subdis_Typ":"Cd_Block","Vill_name":"Brahmatara Salbari","Vill_Cat":"Rural","Vill_LGD":"308143","arr_project":"asha1,asha2"}},
{"type":"Feature","geometry":{"type":"Polygon","coordinates":[[[89.34329,26.20816],[89.33909,26.20919],[89.33869,26.20709],[89.34097,26.20469],[89.3406,26.20067],[89.34311,26.20058],[89.34421,26.20428],[89.34329,26.20816]]]},"properties":{"District":"Koch Bihar","Dist_LGD":"329","Sub_dist":"Koch Bihar - I","Subdis_LGD":"2183","Subdis_Typ":"Cd_Block","Vill_name":"Tang Tangi","Vill_Cat":"Rural","Vill_LGD":"308144","arr_project":"asha1,asha2"}},
{"type":"Feature","geometry":{"type":"Polygon","coordinates":[[[89.42053,26.44434],[89.41324,26.44754],[89.41213,26.44966],[89.40775,26.45059],[89.40943,26.45285],[89.41007,26.45898],[89.40928,26.46081],[89.41256,26.46159],[89.41545,26.46342],[89.41837,26.46754],[89.41411,26.46945],[89.40889,26.47023],[89.40393,26.46573],[89.40027,26.46457],[89.4001,26.4615],[89.39729,26.45404],[89.39365,26.44161],[89.39443,26.44074],[89.3943,26.4314],[89.395,26.42844],[89.39155,26.42661],[89.38722,26.431],[89.38497,26.43209],[89.38286,26.42891],[89.38239,26.42633],[89.38722,26.42092],[89.38771,26.41899],[89.39107,26.41859],[89.39525,26.4198],[89.39892,26.4178],[89.40143,26.41822],[89.40317,26.41602],[89.40654,26.4168],[89.40717,26.4195],[89.41224,26.4183],[89.41304,26.42341],[89.41543,26.4232],[89.41737,26.42086],[89.42208,26.42153],[89.42616,26.42325],[89.4274,26.42555],[89.42272,26.43194],[89.41798,26.43229],[89.41756,26.43053],[89.41951,26.42637],[89.41377,26.42615],[89.41161,26.42459],[89.40076,26.42607],[89.40087,26.4279],[89.40352,26.43045],[89.40718,26.43214],[89.40832,26.43404],[89.41193,26.43373],[89.41393,26.43586],[89.42223,26.43593],[89.42381,26.43761],[89.42366,26.44036],[89.42005,26.44262],[89.42053,26.44434]]]},"properties":{"District":"Koch Bihar","Dist_LGD":"329","Sub_dist":"Koch Bihar - Ii","Subdis_LGD":"2184","Subdis_Typ":"Cd_Block","Vill_name":"Bararangras","Vill_Cat":"Rural","Vill_LGD":"308223","arr_project":"asha1,asha2"}},
{"type":"Feature","geometry":{"type":"Polygon","coordinates":[[[89.42376,26.4432],[89.43258,26.44112],[89.43317,26.44038],[89.43409,26.44046],[89.43569,26.44619],[89.4302,26.44754],[89.43098,26.45158],[89.42624,26.45203],[89.42376,26.4432]]]},"properties":{"District":"Koch Bihar","Dist_LGD":"329","Sub_dist":"Koch Bihar - Ii","Subdis_LGD":"2184","Subdis_Typ":"Cd_Block","Vill_name":"Kalmandasguri","Vill_Cat":"Rural","Vill_LGD":"308225","arr_project":"asha1,asha2"}},
{"type":"Feature","geometry":{"type":"Polygon","coordinates":[[[89.43098,26.45158],[89.43186,26.45211],[89.4386,26.44965],[89.44143,26.45011],[89.44644,26.4472],[89.44736,26.44527],[89.44886,26.44737],[89.44702,26.4498],[89.4461,26.45397],[89.44316,26.45431],[89.44301,26.45949],[89.439,26.46211],[89.43766,26.46401],[89.43476,26.46317],[89.43185,26.46724],[89.42685,26.46683],[89.42364,26.46279],[89.42634,26.46097],[89.42474,26.45903],[89.42316,26.45349],[89.42624,26.45203],[89.43098,26.45158]]]},"properties":{"District":"Koch Bihar","Dist_LGD":"329","Sub_dist":"Koch Bihar - Ii","Subdis_LGD":"2184","Subdis_Typ":"Cd_Block","Vill_name":"Uttar Shibpur","Vill_Cat":"Rural","Vill_LGD":"308227","arr_project":"asha1,asha2"}},
{"type":"Feature","geometry":{"type":"Polygon","coordinates":[[[89.43098,26.45158],[89.4302,26.44754],[89.43569,26.44619],[89.43409,26.44046],[89.44024,26.44052],[89.44163,26.44495],[89.44419,26.44318],[89.44311,26.43786],[89.44637,26.43779],[89.4477,26.4415],[89.44736,26.44527],[89.44644,26.4472],[89.44143,26.45011],[89.4386,26.44965],[89.43186,26.45211],[89.43098,26.45158]]]},"properties":{"District":"Koch Bihar","Dist_LGD":"329","Sub_dist":"Koch Bihar - Ii","Subdis_LGD":"2184","Subdis_Typ":"Cd_Block","Vill_name":"Harinmara","Vill_Cat":"Rural","Vill_LGD":"308228","arr_project":"asha1,asha2"}},
{"type":"Feature","geometry":{"type":"Polygon","coordinates":[[[89.40002,26.32624],[89.40214,26.32332],[89.40541,26.32368],[89.4094,26.32537],[89.40951,26.32691],[89.40503,26.32786],[89.40027,26.32778],[89.40002,26.32624]]]},"properties":{"District":"Koch Bihar","Dist_LGD":"329","Sub_dist":"Koch Bihar - Ii","Subdis_LGD":"2184","Subdis_Typ":"Cd_Block","Vill_name":"Damodarpur","Vill_Cat":"Rural","Vill_LGD":"308324","arr_project":"asha1,asha2"}},
{"type":"Feature","geometry":{"type":"Polygon","coordinates":[[[89.40002,26.32624],[89.39565,26.32582],[89.39183,26.32742],[89.38899,26.32535],[89.39508,26.31548],[89.39242,26.31297],[89.39612,26.31361],[89.39881,26.31177],[89.40183,26.31159],[89.40551,26.3138],[89.40835,26.31313],[89.4104,26.31014],[89.40434,26.30548],[89.40258,26.30036],[89.40289,26.29711],[89.40539,26.30299],[89.40778,26.30546],[89.41281,26.30593],[89.41482,26.30739],[89.41783,26.31168],[89.41704,26.31393],[89.42215,26.31422],[89.42114,26.31826],[89.41592,26.31851],[89.40986,26.31763],[89.40482,26.32042],[89.40214,26.32332],[89.40002,26.32624]]]},"properties":{"District":"Koch Bihar","Dist_LGD":"329","Sub_dist":"Koch Bihar - I","Subdis_LGD":"2183","Subdis_Typ":"Cd_Block","Vill_name":"Bara Atharakotha","Vill_Cat":"Rural","Vill_LGD":"308085","arr_project":"asha1,asha2"}},
{"type":"Feature","geometry":{"type":"Polygon","coordinates":[[[89.37198,26.32935],[89.36713,26.31952],[89.36594,26.31834],[89.3667,26.31284],[89.36959,26.31185],[89.37634,26.31182],[89.37855,26.30989],[89.38049,26.31201],[89.38552,26.31301],[89.38883,26.312],[89.39242,26.31297],[89.39508,26.31548],[89.38899,26.32535],[89.39183,26.32742],[89.39565,26.32582],[89.40002,26.32624],[89.40027,26.32778],[89.399,26.33115],[89.39716,26.33337],[89.39372,26.33538],[89.39017,26.33584],[89.38641,26.33433],[89.3796,26.33356],[89.38006,26.33055],[89.37855,26.32877],[89.37198,26.32935]]]},"properties":{"District":"Koch Bihar","Dist_LGD":"329","Sub_dist":"Koch Bihar - I","Subdis_LGD":"2183","Subdis_Typ":"Cd_Block","Vill_name":"Chhota Atharakotha","Vill_Cat":"Rural","Vill_LGD":"308086","arr_project":"asha1,asha2"}},
{"type":"Feature","geometry":{"type":"Polygon","coordinates":[[[89.39273,26.34109],[89.40116,26.34219],[89.40099,26.34642],[89.39353,26.34749],[89.39221,26.34741],[89.38918,26.34101],[89.39273,26.34109]]]},"properties":{"District":"Koch Bihar","Dist_LGD":"329","Sub_dist":"Koch Bihar - Ii","Subdis_LGD":"2184","Subdis_Typ":"Cd_Block","Vill_name":"Ghierhari","Vill_Cat":"Rural","Vill_LGD":"308291","arr_project":"asha1,asha2"}},
{"type":"Feature","geometry":{"type":"Polygon","coordinates":[[[89.55151,26.35316],[89.54859,26.35636],[89.54729,26.35545],[89.54247,26.35823],[89.5406,26.36294],[89.53844,26.36443],[89.53576,26.36142],[89.53496,26.35627],[89.53923,26.35452],[89.54624,26.35427],[89.54603,26.35149],[89.54382,26.34784],[89.54983,26.34663],[89.55151,26.35316]]]},"properties":{"District":"Koch Bihar","Dist_LGD":"329","Sub_dist":"Koch Bihar - Ii","Subdis_LGD":"2184","Subdis_Typ":"Cd_Block","Vill_name":"Ghargharia Prathamkhanda","Vill_Cat":"Rural","Vill_LGD":"308321","arr_project":"asha1,asha2"}},
{"type":"Feature","geometry":{"type":"Polygon","coordinates":[[[89.55445,26.35931],[89.55604,26.36067],[89.56481,26.36284],[89.56642,26.36602],[89.56493,26.36742],[89.56138,26.36734],[89.55819,26.36514],[89.5568,26.36736],[89.55432,26.36576],[89.55061,26.36587],[89.54864,26.36443],[89.54137,26.3668],[89.5406,26.36294],[89.54247,26.35823],[89.54729,26.35545],[89.54859,26.35636],[89.55151,26.35316],[89.55306,26.359],[89.55445,26.35931]]]},"properties":{"District":"Koch Bihar","Dist_LGD":"329","Sub_dist":"Koch Bihar - Ii","Subdis_LGD":"2184","Subdis_Typ":"Cd_Block","Vill_name":"Soultukribarapak","Vill_Cat":"Rural","Vill_LGD":"308320","arr_project":"asha1,asha2"}},
{"type":"Feature","geometry":{"type":"Polygon","coordinates":[[[89.56704,26.34815],[89.57544,26.35294],[89.57551,26.35576],[89.57273,26.35877],[89.56759,26.35942],[89.56195,26.35816],[89.55663,26.35836],[89.55445,26.35931],[89.55306,26.359],[89.55151,26.35316],[89.54983,26.34663],[89.55086,26.34365],[89.54794,26.34259],[89.54729,26.33955],[89.54362,26.33696],[89.54469,26.33539],[89.5431,26.33223],[89.54588,26.33174],[89.54935,26.32211],[89.55087,26.32157],[89.5551,26.32401],[89.56295,26.32316],[89.56232,26.32685],[89.55633,26.32954],[89.5561,26.33404],[89.55921,26.33368],[89.56843,26.33711],[89.56689,26.34074],[89.57118,26.34198],[89.56528,26.34402],[89.56494,26.34636],[89.56704,26.34815]]]},"properties":{"District":"Koch Bihar","Dist_LGD":"329","Sub_dist":"Tufanganj - I","Subdis_LGD":"2185","Subdis_Typ":"Cd_Block","Vill_name":"Airani Chitalia","Vill_Cat":"Rural","Vill_LGD":"308352","arr_project":"asha1,asha2"}},
{"type":"Feature","geometry":{"type":"Polygon","coordinates":[[[89.51665,26.31559],[89.52144,26.32018],[89.52426,26.32013],[89.52752,26.31875],[89.52809,26.32083],[89.53178,26.32129],[89.52976,26.3255],[89.52818,26.32647],[89.52528,26.33379],[89.52184,26.33281],[89.51917,26.32798],[89.51648,26.32889],[89.51484,26.32632],[89.51571,26.32416],[89.51231,26.32188],[89.51665,26.31559]]]},"properties":{"District":"Koch Bihar","Dist_LGD":"329","Sub_dist":"Koch Bihar - I","Subdis_LGD":"2183","Subdis_Typ":"Cd_Block","Vill_name":"Gayergari","Vill_Cat":"Rural","Vill_LGD":"308069","arr_project":"asha1,asha2"}},
{"type":"Feature","geometry":{"type":"Polygon","coordinates":[[[89.31412,26.48097],[89.31579,26.4757],[89.31517,26.47475],[89.31942,26.46934],[89.32669,26.46239],[89.33473,26.45834],[89.33768,26.46413],[89.34246,26.46317],[89.34578,26.46567],[89.35225,26.46443],[89.34953,26.4609],[89.35536,26.45846],[89.35956,26.46349],[89.36036,26.46873],[89.35802,26.47601],[89.3385,26.47804],[89.32737,26.47526],[89.31813,26.47778],[89.31412,26.48097]]]},"properties":{"District":"Koch Bihar","Dist_LGD":"329","Sub_dist":"Koch Bihar - Ii","Subdis_LGD":"2184","Subdis_Typ":"Cd_Block","Vill_name":"Singimari Paschimpar","Vill_Cat":"Rural","Vill_LGD":"308218","arr_project":"asha1,asha2"}},
{"type":"Feature","geometry":{"type":"Polygon","coordinates":[[[89.33128,26.43936],[89.33216,26.4356],[89.33699,26.43316],[89.34238,26.43359],[89.3514,26.43147],[89.35644,26.43098],[89.35948,26.432],[89.36132,26.43103],[89.36497,26.43367],[89.36593,26.43711],[89.36203,26.43786],[89.36238,26.43961],[89.35423,26.442],[89.35488,26.44603],[89.35367,26.44973],[89.35657,26.45255],[89.35741,26.45569],[89.35536,26.45846],[89.34953,26.4609],[89.35225,26.46443],[89.34578,26.46567],[89.34246,26.46317],[89.33768,26.46413],[89.33473,26.45834],[89.3395,26.45092],[89.34037,26.44779],[89.33978,26.44537],[89.33707,26.44197],[89.33128,26.43936]]]},"properties":{"District":"Koch Bihar","Dist_LGD":"329","Sub_dist":"Koch Bihar - Ii","Subdis_LGD":"2184","Subdis_Typ":"Cd_Block","Vill_name":"Khagribari","Vill_Cat":"Rural","Vill_LGD":"308217","arr_project":"asha1,asha2"}},
{"type":"Feature","geometry":{"type":"Polygon","coordinates":[[[89.44815,26.37365],[89.45156,26.37281],[89.45542,26.37381],[89.45653,26.37859],[89.45941,26.37935],[89.46019,26.37694],[89.46369,26.37666],[89.46261,26.37419],[89.46547,26.37283],[89.46612,26.37788],[89.46807,26.38186],[89.46995,26.38232],[89.46923,26.38528],[89.46514,26.38543],[89.45569,26.3843],[89.45522,26.38631],[89.45,26.38511],[89.44627,26.38587],[89.44573,26.38314],[89.44177,26.37767],[89.44497,26.37676],[89.44815,26.37365]]]},"properties":{"District":"Koch Bihar","Dist_LGD":"329","Sub_dist":"Koch Bihar - Ii","Subdis_LGD":"2184","Subdis_Typ":"Cd_Block","Vill_name":"Sonari Kakribari","Vill_Cat":"Rural","Vill_LGD":"308305","arr_project":"asha1,asha2"}},
{"type":"Feature","geometry":{"type":"Polygon","coordinates":[[[89.46995,26.38232],[89.46807,26.38186],[89.46612,26.37788],[89.46547,26.37283],[89.46333,26.36819],[89.46308,26.36485],[89.46641,26.36515],[89.46944,26.37166],[89.47186,26.37461],[89.4765,26.37589],[89.47628,26.37352],[89.47897,26.37349],[89.48164,26.37652],[89.47826,26.37701],[89.47567,26.38105],[89.46995,26.38232]]]},"properties":{"District":"Koch Bihar","Dist_LGD":"329","Sub_dist":"Koch Bihar - Ii","Subdis_LGD":"2184","Subdis_Typ":"Cd_Block","Vill_name":"Sonari Nikatiar Kuthi","Vill_Cat":"Rural","Vill_LGD":"308304","arr_project":"asha1,asha2"}},
{"type":"Feature","geometry":{"type":"Polygon","coordinates":[[[89.46261,26.37419],[89.45939,26.36892],[89.45985,26.36586],[89.46108,26.36485],[89.46308,26.36485],[89.46333,26.36819],[89.46547,26.37283],[89.46261,26.37419]]]},"properties":{"District":"Koch Bihar","Dist_LGD":"329","Sub_dist":"Koch Bihar - Ii","Subdis_LGD":"2184","Subdis_Typ":"Cd_Block","Vill_name":"Kokoabari","Vill_Cat":"Rural","Vill_LGD":"308303","arr_project":"asha1,asha2"}},
{"type":"Feature","geometry":{"type":"Polygon","coordinates":[[[89.48256,26.37091],[89.47975,26.36968],[89.4803,26.36784],[89.48513,26.36604],[89.48789,26.36612],[89.49026,26.36827],[89.49411,26.36825],[89.49257,26.3712],[89.4885,26.37285],[89.48256,26.37091]]]},"properties":{"District":"Koch Bihar","Dist_LGD":"329","Sub_dist":"Koch Bihar - Ii","Subdis_LGD":"2184","Subdis_Typ":"Cd_Block","Vill_name":"Kharijasonari","Vill_Cat":"Rural","Vill_LGD":"308310","arr_project":"asha1,asha2"}},
{"type":"Feature","geometry":{"type":"Polygon","coordinates":[[[89.45985,26.36586],[89.4573,26.36589],[89.45226,26.36371],[89.4504,26.36103],[89.44788,26.3559],[89.44965,26.35277],[89.45458,26.3524],[89.45753,26.35421],[89.45886,26.35723],[89.46089,26.36226],[89.46108,26.36485],[89.45985,26.36586]]]},"properties":{"District":"Koch Bihar","Dist_LGD":"329","Sub_dist":"Koch Bihar - Ii","Subdis_LGD":"2184","Subdis_Typ":"Cd_Block","Vill_name":"Dodearpar","Vill_Cat":"Rural","Vill_LGD":"308301","arr_project":"asha1,asha2"}},
{"type":"Feature","geometry":{"type":"Polygon","coordinates":[[[89.46531,26.34213],[89.47099,26.34278],[89.47621,26.34415],[89.47869,26.34397],[89.48241,26.34845],[89.4743,26.34826],[89.47479,26.35112],[89.46687,26.35055],[89.46375,26.35419],[89.45948,26.35298],[89.46496,26.34574],[89.46531,26.34213]]]},"properties":{"District":"Koch Bihar","Dist_LGD":"329","Sub_dist":"Koch Bihar - Ii","Subdis_LGD":"2184","Subdis_Typ":"Cd_Block","Vill_name":"Baisguri (Ct)","Vill_Cat":"Partly_Urban","Vill_LGD":"308327","arr_project":"asha1,asha2"}},
{"type":"Feature","geometry":{"type":"Polygon","coordinates":[[[89.48909,26.3471],[89.49154,26.34447],[89.49607,26.34469],[89.49554,26.34268],[89.49777,26.34065],[89.49925,26.34162],[89.49856,26.34492],[89.49966,26.34895],[89.5031,26.34979],[89.50417,26.35535],[89.50243,26.35781],[89.50194,26.36141],[89.49932,26.35992],[89.49368,26.35959],[89.49231,26.35831],[89.49597,26.35022],[89.49004,26.34928],[89.48909,26.3471]]]},"properties":{"District":"Koch Bihar","Dist_LGD":"329","Sub_dist":"Koch Bihar - Ii","Subdis_LGD":"2184","Subdis_Typ":"Cd_Block","Vill_name":"Baragila","Vill_Cat":"Rural","Vill_LGD":"308314","arr_project":"asha1,asha2"}},
{"type":"Feature","geometry":{"type":"Polygon","coordinates":[[[89.48167,26.36128],[89.48606,26.36002],[89.48767,26.36091],[89.49136,26.36128],[89.49357,26.36465],[89.49294,26.36724],[89.49026,26.36827],[89.48789,26.36612],[89.48513,26.36604],[89.48167,26.36128]]]},"properties":{"District":"Koch Bihar","Dist_LGD":"329","Sub_dist":"Koch Bihar - Ii","Subdis_LGD":"2184","Subdis_Typ":"Cd_Block","Vill_name":"Bhogramguri","Vill_Cat":"Rural","Vill_LGD":"308312","arr_project":"asha1,asha2"}},
{"type":"Feature","geometry":{"type":"Polygon","coordinates":[[[89.49136,26.36128],[89.49782,26.36114],[89.4983,26.36294],[89.50049,26.36544],[89.50291,26.36557],[89.50466,26.37441],[89.5,26.37522],[89.49493,26.3741],[89.49257,26.3712],[89.49411,26.36825],[89.49026,26.36827],[89.49294,26.36724],[89.49357,26.36465],[89.49136,26.36128]]]},"properties":{"District":"Koch Bihar","Dist_LGD":"329","Sub_dist":"Koch Bihar - Ii","Subdis_LGD":"2184","Subdis_Typ":"Cd_Block","Vill_name":"Baikunthapur","Vill_Cat":"Rural","Vill_LGD":"308309","arr_project":"asha1,asha2"}},
{"type":"Feature","geometry":{"type":"Polygon","coordinates":[[[89.49231,26.35831],[89.49368,26.35959],[89.49932,26.35992],[89.50194,26.36141],[89.4983,26.36294],[89.49782,26.36114],[89.49136,26.36128],[89.48767,26.36091],[89.49231,26.35831]]]},"properties":{"District":"Koch Bihar","Dist_LGD":"329","Sub_dist":"Koch Bihar - Ii","Subdis_LGD":"2184","Subdis_Typ":"Cd_Block","Vill_name":"Taraiguri","Vill_Cat":"Rural","Vill_LGD":"308313","arr_project":"asha1,asha2"}},
{"type":"Feature","geometry":{"type":"Polygon","coordinates":[[[89.47869,26.34397],[89.47925,26.34088],[89.48791,26.34154],[89.4876,26.33988],[89.49121,26.33773],[89.49372,26.34066],[89.49708,26.33976],[89.49777,26.34065],[89.49554,26.34268],[89.49607,26.34469],[89.49154,26.34447],[89.48909,26.3471],[89.48241,26.34845],[89.47869,26.34397]]]},"properties":{"District":"Koch Bihar","Dist_LGD":"329","Sub_dist":"Koch Bihar - Ii","Subdis_LGD":"2184","Subdis_Typ":"Cd_Block","Vill_name":"Konamali Pestharjhar","Vill_Cat":"Rural","Vill_LGD":"308316","arr_project":"asha1,asha2"}},
{"type":"Feature","geometry":{"type":"Polygon","coordinates":[[[89.46353,26.33918],[89.46941,26.33416],[89.46972,26.33226],[89.46669,26.32828],[89.46697,26.32701],[89.47347,26.3255],[89.47548,26.32369],[89.47504,26.32123],[89.48146,26.31966],[89.48237,26.32337],[89.48743,26.32356],[89.48604,26.32867],[89.48685,26.33201],[89.48889,26.33201],[89.49114,26.33533],[89.48731,26.33862],[89.4876,26.33988],[89.48791,26.34154],[89.47925,26.34088],[89.47869,26.34397],[89.47621,26.34415],[89.47099,26.34278],[89.46531,26.34213],[89.46353,26.33918]]]},"properties":{"District":"Koch Bihar","Dist_LGD":"329","Sub_dist":"Koch Bihar - Ii","Subdis_LGD":"2184","Subdis_Typ":"Cd_Block","Vill_name":"Chakchaka (Ct)","Vill_Cat":"Partly_Urban","Vill_LGD":"308328","arr_project":"asha1,asha2"}},
{"type":"Feature","geometry":{"type":"Polygon","coordinates":[[[89.4876,26.33988],[89.48731,26.33862],[89.49114,26.33533],[89.48889,26.33201],[89.48685,26.33201],[89.48604,26.32867],[89.48743,26.32356],[89.48938,26.32282],[89.49184,26.32422],[89.49249,26.32749],[89.49493,26.33102],[89.49795,26.33114],[89.49816,26.33391],[89.4945,26.33494],[89.49741,26.33719],[89.49708,26.33976],[89.49372,26.34066],[89.49121,26.33773],[89.4876,26.33988]]]},"properties":{"District":"Koch Bihar","Dist_LGD":"329","Sub_dist":"Koch Bihar - Ii","Subdis_LGD":"2184","Subdis_Typ":"Cd_Block","Vill_name":"Maranautara","Vill_Cat":"Rural","Vill_LGD":"308317","arr_project":"asha1,asha2"}},
{"type":"Feature","geometry":{"type":"Polygon","coordinates":[[[89.49249,26.32749],[89.49435,26.32645],[89.49946,26.32608],[89.4991,26.33498],[89.49741,26.33719],[89.4945,26.33494],[89.49816,26.33391],[89.49795,26.33114],[89.49493,26.33102],[89.49249,26.32749]]]},"properties":{"District":"Koch Bihar","Dist_LGD":"329","Sub_dist":"Koch Bihar - Ii","Subdis_LGD":"2184","Subdis_Typ":"Cd_Block","Vill_name":"Garubhasa","Vill_Cat":"Rural","Vill_LGD":"308318","arr_project":"asha1,asha2"}},
{"type":"Feature","geometry":{"type":"Polygon","coordinates":[[[89.45948,26.35298],[89.46375,26.35419],[89.46687,26.35055],[89.47479,26.35112],[89.4743,26.34826],[89.48241,26.34845],[89.48909,26.3471],[89.49004,26.34928],[89.49597,26.35022],[89.49231,26.35831],[89.48767,26.36091],[89.48606,26.36002],[89.48167,26.36128],[89.47725,26.36201],[89.47434,26.35896],[89.47026,26.35778],[89.46797,26.35842],[89.46604,26.36114],[89.46089,26.36226],[89.45886,26.35723],[89.45948,26.35298]]]},"properties":{"District":"Koch Bihar","Dist_LGD":"329","Sub_dist":"Koch Bihar - Ii","Subdis_LGD":"2184","Subdis_Typ":"Cd_Block","Vill_name":"Pestharjhar","Vill_Cat":"Rural","Vill_LGD":"308315","arr_project":"asha1,asha2"}},
{"type":"Feature","geometry":{"type":"Polygon","coordinates":[[[89.35811,26.40835],[89.35983,26.40297],[89.36442,26.40289],[89.36478,26.39978],[89.36803,26.39634],[89.37546,26.39522],[89.37633,26.39319],[89.37733,26.39196],[89.37862,26.39552],[89.38398,26.39729],[89.38939,26.39983],[89.3903,26.40248],[89.3856,26.4067],[89.38106,26.40736],[89.37773,26.40909],[89.37568,26.41481],[89.37708,26.41657],[89.3818,26.41546],[89.38771,26.41899],[89.38722,26.42092],[89.38239,26.42633],[89.38286,26.42891],[89.38497,26.43209],[89.38612,26.43437],[89.38546,26.43962],[89.38199,26.4453],[89.3762,26.44806],[89.37264,26.44859],[89.36975,26.44673],[89.36248,26.44965],[89.35657,26.45255],[89.35367,26.44973],[89.35488,26.44603],[89.35423,26.442],[89.36238,26.43961],[89.36203,26.43786],[89.36593,26.43711],[89.36497,26.43367],[89.36132,26.43103],[89.36053,26.42775],[89.35717,26.42522],[89.35576,26.42133],[89.35798,26.41414],[89.35721,26.4105],[89.35811,26.40835]]]},"properties":{"District":"Koch Bihar","Dist_LGD":"329","Sub_dist":"Koch Bihar - Ii","Subdis_LGD":"2184","Subdis_Typ":"Cd_Block","Vill_name":"Kalarayerkuthi","Vill_Cat":"Rural","Vill_LGD":"308222","arr_project":"asha1,asha2"}},
{"type":"Feature","geometry":{"type":"Polygon","coordinates":[[[89.42053,26.44434],[89.42005,26.44262],[89.42366,26.44036],[89.42381,26.43761],[89.42223,26.43593],[89.41393,26.43586],[89.41193,26.43373],[89.40832,26.43404],[89.40718,26.43214],[89.40352,26.43045],[89.40087,26.4279],[89.40076,26.42607],[89.41161,26.42459],[89.41377,26.42615],[89.41951,26.42637],[89.41756,26.43053],[89.41798,26.43229],[89.42272,26.43194],[89.4234,26.43448],[89.42737,26.43379],[89.43241,26.43413],[89.43317,26.44038],[89.43258,26.44112],[89.42376,26.4432],[89.42053,26.44434]]]},"properties":{"District":"Koch Bihar","Dist_LGD":"329","Sub_dist":"Koch Bihar - Ii","Subdis_LGD":"2184","Subdis_Typ":"Cd_Block","Vill_name":"Salmara","Vill_Cat":"Rural","Vill_LGD":"308224","arr_project":"asha1,asha2"}},
{"type":"Feature","geometry":{"type":"Polygon","coordinates":[[[89.38771,26.41899],[89.3818,26.41546],[89.37708,26.41657],[89.37568,26.41481],[89.37773,26.40909],[89.38106,26.40736],[89.3856,26.4067],[89.38719,26.40915],[89.39178,26.41295],[89.39415,26.41249],[89.39448,26.4084],[89.39337,26.40586],[89.3974,26.40975],[89.39864,26.41215],[89.39803,26.41531],[89.39892,26.4178],[89.39525,26.4198],[89.39107,26.41859],[89.38771,26.41899]]]},"properties":{"District":"Koch Bihar","Dist_LGD":"329","Sub_dist":"Koch Bihar - Ii","Subdis_LGD":"2184","Subdis_Typ":"Cd_Block","Vill_name":"Hoglabari","Vill_Cat":"Rural","Vill_LGD":"308261","arr_project":"asha1,asha2"}},
{"type":"Feature","geometry":{"type":"Polygon","coordinates":[[[89.40317,26.41602],[89.40634,26.41207],[89.40895,26.41026],[89.41037,26.41221],[89.41272,26.41143],[89.41519,26.40772],[89.41888,26.40989],[89.42008,26.4079],[89.42256,26.40992],[89.4224,26.41349],[89.42329,26.41789],[89.42777,26.42106],[89.42616,26.42325],[89.42208,26.42153],[89.41737,26.42086],[89.41543,26.4232],[89.41304,26.42341],[89.41224,26.4183],[89.40717,26.4195],[89.40654,26.4168],[89.40317,26.41602]]]},"properties":{"District":"Koch Bihar","Dist_LGD":"329","Sub_dist":"Koch Bihar - Ii","Subdis_LGD":"2184","Subdis_Typ":"Cd_Block","Vill_name":"Hollangerkuthi","Vill_Cat":"Rural","Vill_LGD":"308259","arr_project":"asha1,asha2"}},
{"type":"Feature","geometry":{"type":"Polygon","coordinates":[[[89.3856,26.4067],[89.3903,26.40248],[89.39337,26.40586],[89.39448,26.4084],[89.39415,26.41249],[89.39178,26.41295],[89.38719,26.40915],[89.3856,26.4067]]]},"properties":{"District":"Koch Bihar","Dist_LGD":"329","Sub_dist":"Koch Bihar - Ii","Subdis_LGD":"2184","Subdis_Typ":"Cd_Block","Vill_name":"Bag Bhandar","Vill_Cat":"Rural","Vill_LGD":"308262","arr_project":"asha1,asha2"}},
{"type":"Feature","geometry":{"type":"Polygon","coordinates":[[[89.38398,26.39729],[89.38758,26.39341],[89.39758,26.39485],[89.40418,26.39254],[89.40577,26.39111],[89.40556,26.39692],[89.40146,26.39869],[89.39948,26.4044],[89.40208,26.40425],[89.40294,26.40636],[89.40183,26.40853],[89.3974,26.40975],[89.39337,26.40586],[89.3903,26.40248],[89.38939,26.39983],[89.38398,26.39729]]]},"properties":{"District":"Koch Bihar","Dist_LGD":"329","Sub_dist":"Koch Bihar - Ii","Subdis_LGD":"2184","Subdis_Typ":"Cd_Block","Vill_name":"Angrakata","Vill_Cat":"Rural","Vill_LGD":"308263","arr_project":"asha1,asha2"}},
{"type":"Feature","geometry":{"type":"Polygon","coordinates":[[[89.41137,26.4024],[89.41151,26.39887],[89.41584,26.39778],[89.4212,26.39897],[89.42712,26.39529],[89.43072,26.39511],[89.43327,26.39328],[89.43537,26.39517],[89.43173,26.39942],[89.43209,26.40104],[89.43165,26.40343],[89.43299,26.40522],[89.43668,26.40944],[89.43094,26.41375],[89.4269,26.4113],[89.42256,26.40992],[89.42008,26.4079],[89.41888,26.40989],[89.41519,26.40772],[89.41539,26.4046],[89.41137,26.4024]]]},"properties":{"District":"Koch Bihar","Dist_LGD":"329","Sub_dist":"Koch Bihar - Ii","Subdis_LGD":"2184","Subdis_Typ":"Cd_Block","Vill_name":"Dhang Dhingguri","Vill_Cat":"Rural","Vill_LGD":"308258","arr_project":"asha1,asha2"}},
{"type":"Feature","geometry":{"type":"Polygon","coordinates":[[[89.43209,26.40104],[89.43981,26.39838],[89.44154,26.39663],[89.44485,26.39723],[89.44671,26.39914],[89.44553,26.40082],[89.4462,26.40471],[89.44044,26.4045],[89.43299,26.40522],[89.43165,26.40343],[89.43209,26.40104]]]},"properties":{"District":"Koch Bihar","Dist_LGD":"329","Sub_dist":"Koch Bihar - Ii","Subdis_LGD":"2184","Subdis_Typ":"Cd_Block","Vill_name":"Uttar Maranautara","Vill_Cat":"Rural","Vill_LGD":"308252","arr_project":"asha1,asha2"}},
{"type":"Feature","geometry":{"type":"Polygon","coordinates":[[[89.43072,26.39511],[89.4282,26.39409],[89.42484,26.38688],[89.4267,26.3851],[89.42882,26.38586],[89.43276,26.38845],[89.43327,26.39328],[89.43072,26.39511]]]},"properties":{"District":"Koch Bihar","Dist_LGD":"329","Sub_dist":"Koch Bihar - Ii","Subdis_LGD":"2184","Subdis_Typ":"Cd_Block","Vill_name":"Kachuar Kuthi","Vill_Cat":"Rural","Vill_LGD":"308256","arr_project":"asha1,asha2"}},
{"type":"Feature","geometry":{"type":"Polygon","coordinates":[[[89.43276,26.38845],[89.43252,26.38464],[89.43628,26.38383],[89.43966,26.38208],[89.44014,26.37975],[89.4382,26.37683],[89.43374,26.37604],[89.43573,26.37177],[89.43547,26.36838],[89.43888,26.36699],[89.44041,26.369],[89.44401,26.36925],[89.44404,26.37065],[89.44815,26.37365],[89.44497,26.37676],[89.44177,26.37767],[89.44573,26.38314],[89.44627,26.38587],[89.44687,26.38927],[89.44982,26.39284],[89.44485,26.39358],[89.44496,26.38898],[89.44284,26.38731],[89.43968,26.38846],[89.44123,26.39162],[89.43537,26.39517],[89.43327,26.39328],[89.43276,26.38845]]]},"properties":{"District":"Koch Bihar","Dist_LGD":"329","Sub_dist":"Koch Bihar - Ii","Subdis_LGD":"2184","Subdis_Typ":"Cd_Block","Vill_name":"Uttar Peshtarjhar","Vill_Cat":"Rural","Vill_LGD":"308254","arr_project":"asha1,asha2"}},
{"type":"Feature","geometry":{"type":"Polygon","coordinates":[[[89.40691,26.38272],[89.40974,26.37919],[89.41069,26.37712],[89.41365,26.37634],[89.41571,26.37436],[89.42397,26.3797],[89.42769,26.37978],[89.43078,26.3768],[89.42567,26.37667],[89.42333,26.3739],[89.42612,26.37068],[89.42994,26.36921],[89.43471,26.36936],[89.43547,26.36838],[89.43573,26.37177],[89.43374,26.37604],[89.43103,26.38133],[89.43135,26.38422],[89.42882,26.38586],[89.4267,26.3851],[89.42484,26.38688],[89.4282,26.39409],[89.43072,26.39511],[89.42712,26.39529],[89.4212,26.39897],[89.41584,26.39778],[89.4157,26.39128],[89.40926,26.38884],[89.40938,26.38449],[89.40691,26.38272]]]},"properties":{"District":"Koch Bihar","Dist_LGD":"329","Sub_dist":"Koch Bihar - Ii","Subdis_LGD":"2184","Subdis_Typ":"Cd_Block","Vill_name":"Konamalli","Vill_Cat":"Rural","Vill_LGD":"308257","arr_project":"asha1,asha2"}},
{"type":"Feature","geometry":{"type":"Polygon","coordinates":[[[89.40448,26.38336],[89.40414,26.37928],[89.40974,26.37919],[89.40691,26.38272],[89.40448,26.38336]]]},"properties":{"District":"Koch Bihar","Dist_LGD":"329","Sub_dist":"Koch Bihar - Ii","Subdis_LGD":"2184","Subdis_Typ":"Cd_Block","Vill_name":"Palashguri","Vill_Cat":"Rural","Vill_LGD":"308286","arr_project":"asha1,asha2"}},
{"type":"Feature","geometry":{"type":"MultiPolygon","coordinates":[[[[89.34602,26.38919],[89.34388,26.39167],[89.3467,26.39366],[89.34425,26.39578],[89.34113,26.39645],[89.34007,26.39154],[89.33398,26.38422],[89.33285,26.37924],[89.33581,26.3809],[89.34307,26.38078],[89.342,26.37583],[89.34315,26.37334],[89.3486,26.37257],[89.34723,26.37501],[89.34799,26.37954],[89.34566,26.38241],[89.34517,26.3853],[89.34602,26.38919]]],[[[89.33933,26.40668],[89.33321,26.40788],[89.33159,26.40683],[89.33103,26.40305],[89.32959,26.40263],[89.32945,26.39895],[89.33133,26.39887],[89.33353,26.40044],[89.33844,26.39958],[89.34237,26.40085],[89.33912,26.40378],[89.33933,26.40668]]]]},"properties":{"District":"Koch Bihar","Dist_LGD":"329","Sub_dist":"Koch Bihar - Ii","Subdis_LGD":"2184","Subdis_Typ":"Cd_Block","Vill_name":"Salmara Tritiakhanda","Vill_Cat":"Rural","Vill_LGD":"308271","arr_project":"asha1,asha2"}},
{"type":"Feature","geometry":{"type":"Polygon","coordinates":[[[89.36478,26.39978],[89.36442,26.40289],[89.35983,26.40297],[89.35811,26.40835],[89.35354,26.4076],[89.35108,26.40488],[89.34723,26.40626],[89.33933,26.40668],[89.33912,26.40378],[89.34237,26.40085],[89.33844,26.39958],[89.34113,26.39645],[89.34425,26.39578],[89.3467,26.39366],[89.34388,26.39167],[89.34602,26.38919],[89.35169,26.39012],[89.35447,26.39291],[89.35622,26.39179],[89.35682,26.39474],[89.36109,26.39521],[89.36173,26.3981],[89.36478,26.39978]]]},"properties":{"District":"Koch Bihar","Dist_LGD":"329","Sub_dist":"Koch Bihar - Ii","Subdis_LGD":"2184","Subdis_Typ":"Cd_Block","Vill_name":"Sajherpar Khatalbari","Vill_Cat":"Rural","Vill_LGD":"308270","arr_project":"asha1,asha2"}},
{"type":"Feature","geometry":{"type":"Polygon","coordinates":[[[89.36109,26.39521],[89.36236,26.39273],[89.36487,26.39188],[89.36803,26.39634],[89.36478,26.39978],[89.36173,26.3981],[89.36109,26.39521]]]},"properties":{"District":"Koch Bihar","Dist_LGD":"329","Sub_dist":"Koch Bihar - Ii","Subdis_LGD":"2184","Subdis_Typ":"Cd_Block","Vill_name":"Karibharal","Vill_Cat":"Rural","Vill_LGD":"308269","arr_project":"asha1,asha2"}},
{"type":"Feature","geometry":{"type":"Polygon","coordinates":[[[89.34602,26.38919],[89.34517,26.3853],[89.34566,26.38241],[89.34799,26.37954],[89.35187,26.37929],[89.35437,26.37768],[89.35793,26.38293],[89.35622,26.38462],[89.35602,26.38769],[89.35849,26.38855],[89.35622,26.39179],[89.35447,26.39291],[89.35169,26.39012],[89.34602,26.38919]]]},"properties":{"District":"Koch Bihar","Dist_LGD":"329","Sub_dist":"Koch Bihar - Ii","Subdis_LGD":"2184","Subdis_Typ":"Cd_Block","Vill_name":"Aratguri","Vill_Cat":"Rural","Vill_LGD":"308272","arr_project":"asha1,asha2"}},
{"type":"Feature","geometry":{"type":"Polygon","coordinates":[[[89.35437,26.37768],[89.36021,26.37612],[89.3604,26.37216],[89.36616,26.37595],[89.3672,26.37763],[89.3657,26.3788],[89.36469,26.38229],[89.36574,26.38973],[89.36487,26.39188],[89.36236,26.39273],[89.36109,26.39521],[89.35682,26.39474],[89.35622,26.39179],[89.35849,26.38855],[89.35602,26.38769],[89.35622,26.38462],[89.35793,26.38293],[89.35437,26.37768]]]},"properties":{"District":"Koch Bihar","Dist_LGD":"329","Sub_dist":"Koch Bihar - Ii","Subdis_LGD":"2184","Subdis_Typ":"Cd_Block","Vill_name":"Deutibari","Vill_Cat":"Rural","Vill_LGD":"308273","arr_project":"asha1,asha2"}},
{"type":"Feature","geometry":{"type":"Polygon","coordinates":[[[89.36487,26.39188],[89.36574,26.38973],[89.36469,26.38229],[89.3657,26.3788],[89.37022,26.38352],[89.375,26.39048],[89.37633,26.39319],[89.37546,26.39522],[89.36803,26.39634],[89.36487,26.39188]]]},"properties":{"District":"Koch Bihar","Dist_LGD":"329","Sub_dist":"Koch Bihar - Ii","Subdis_LGD":"2184","Subdis_Typ":"Cd_Block","Vill_name":"Petbhatta Chandanchowra","Vill_Cat":"Rural","Vill_LGD":"308268","arr_project":"asha1,asha2"}},
{"type":"Feature","geometry":{"type":"Polygon","coordinates":[[[89.3672,26.37763],[89.37172,26.37669],[89.37227,26.37876],[89.37506,26.37986],[89.37694,26.37847],[89.38048,26.37817],[89.38033,26.37573],[89.38381,26.37495],[89.38582,26.37724],[89.3882,26.3799],[89.39093,26.3791],[89.39291,26.38159],[89.39547,26.37517],[89.3969,26.36584],[89.39842,26.3578],[89.39971,26.3581],[89.39993,26.36149],[89.399,26.36565],[89.39801,26.37134],[89.39803,26.37796],[89.39732,26.37927],[89.39458,26.3856],[89.3942,26.39052],[89.39168,26.3908],[89.3856,26.38777],[89.38119,26.38779],[89.37611,26.3893],[89.37733,26.39196],[89.37633,26.39319],[89.375,26.39048],[89.37022,26.38352],[89.3657,26.3788],[89.3672,26.37763]]]},"properties":{"District":"Koch Bihar","Dist_LGD":"329","Sub_dist":"Koch Bihar - Ii","Subdis_LGD":"2184","Subdis_Typ":"Cd_Block","Vill_name":"Chandan Chowra","Vill_Cat":"Rural","Vill_LGD":"308267","arr_project":"asha1,asha2"}},
{"type":"Feature","geometry":{"type":"Polygon","coordinates":[[[89.37733,26.39196],[89.37611,26.3893],[89.38119,26.38779],[89.3856,26.38777],[89.39168,26.3908],[89.3942,26.39052],[89.39458,26.3856],[89.39732,26.37927],[89.40224,26.38057],[89.40414,26.37928],[89.40448,26.38336],[89.40648,26.38848],[89.40577,26.39111],[89.40418,26.39254],[89.39758,26.39485],[89.38758,26.39341],[89.38398,26.39729],[89.37862,26.39552],[89.37733,26.39196]]]},"properties":{"District":"Koch Bihar","Dist_LGD":"329","Sub_dist":"Koch Bihar - Ii","Subdis_LGD":"2184","Subdis_Typ":"Cd_Block","Vill_name":"Dharma Barerkuthi","Vill_Cat":"Rural","Vill_LGD":"308266","arr_project":"asha1,asha2"}},
{"type":"Feature","geometry":{"type":"Polygon","coordinates":[[[89.58933,26.31561],[89.59065,26.31802],[89.59342,26.31613],[89.59679,26.32044],[89.59965,26.32237],[89.60338,26.31657],[89.611,26.31575],[89.61076,26.31968],[89.61464,26.32047],[89.61752,26.31952],[89.61905,26.31638],[89.62096,26.31903],[89.61767,26.32391],[89.62363,26.33036],[89.62338,26.33261],[89.62062,26.33447],[89.62221,26.33672],[89.6225,26.34058],[89.62081,26.34447],[89.61909,26.34571],[89.61483,26.34643],[89.61202,26.34929],[89.61313,26.35358],[89.61513,26.3559],[89.61396,26.36015],[89.61589,26.36133],[89.61561,26.36637],[89.61646,26.37016],[89.6152,26.37604],[89.61577,26.3777],[89.61325,26.38039],[89.61574,26.38171],[89.6166,26.38403],[89.61235,26.38729],[89.61224,26.38945],[89.61032,26.38935],[89.60674,26.38716],[89.60663,26.38446],[89.60481,26.38388],[89.60347,26.37862],[89.60545,26.37616],[89.61141,26.37488],[89.61164,26.37237],[89.60771,26.3719],[89.60204,26.36893],[89.59926,26.36976],[89.60219,26.36605],[89.60163,26.36355],[89.60244,26.35884],[89.60193,26.35305],[89.604,26.35142],[89.60271,26.34703],[89.59579,26.34769],[89.59504,26.35019],[89.59013,26.34946],[89.58946,26.34563],[89.58499,26.34417],[89.58581,26.34092],[89.58486,26.33822],[89.58904,26.33896],[89.59271,26.3383],[89.59075,26.33543],[89.58989,26.33226],[89.59111,26.32907],[89.59053,26.32649],[89.58832,26.32439],[89.58933,26.31561]]]},"properties":{"District":"Koch Bihar","Dist_LGD":"329","Sub_dist":"Tufanganj - I","Subdis_LGD":"2185","Subdis_Typ":"Cd_Block","Vill_name":"Jaigir Chilakhana","Vill_Cat":"Rural","Vill_LGD":"308357","arr_project":"asha1,asha2"}},
{"type":"Feature","geometry":{"type":"Polygon","coordinates":[[[89.62363,26.33036],[89.61767,26.32391],[89.62096,26.31903],[89.62199,26.31794],[89.63214,26.31859],[89.63249,26.31958],[89.62874,26.32197],[89.62782,26.32582],[89.62861,26.32721],[89.62703,26.32948],[89.62363,26.33036]]]},"properties":{"District":"Koch Bihar","Dist_LGD":"329","Sub_dist":"Tufanganj - I","Subdis_LGD":"2185","Subdis_Typ":"Cd_Block","Vill_name":"Naokhuli","Vill_Cat":"Rural","Vill_LGD":"308372","arr_project":"asha1,asha2"}},
{"type":"Feature","geometry":{"type":"Polygon","coordinates":[[[89.5329,26.24236],[89.53487,26.24221],[89.53587,26.24598],[89.53548,26.25348],[89.52955,26.25149],[89.52872,26.24816],[89.52916,26.2462],[89.5329,26.24236]]]},"properties":{"District":"Koch Bihar","Dist_LGD":"329","Sub_dist":"Tufanganj - I","Subdis_LGD":"2185","Subdis_Typ":"Cd_Block","Vill_name":"Chhat Panisala","Vill_Cat":"Rural","Vill_LGD":"308382","arr_project":"asha1,asha2"}},
{"type":"Feature","geometry":{"type":"Polygon","coordinates":[[[89.57197,26.27564],[89.57016,26.28111],[89.56678,26.28381],[89.56429,26.28418],[89.56399,26.28763],[89.56005,26.28481],[89.55887,26.28575],[89.55844,26.28576],[89.55967,26.28329],[89.55571,26.28057],[89.55129,26.2845],[89.5464,26.28374],[89.54613,26.28126],[89.54426,26.27919],[89.54702,26.27597],[89.55127,26.27131],[89.55323,26.27236],[89.55559,26.27095],[89.56391,26.27236],[89.56612,26.2741],[89.57197,26.27564]]]},"properties":{"District":"Koch Bihar","Dist_LGD":"329","Sub_dist":"Tufanganj - I","Subdis_LGD":"2185","Subdis_Typ":"Cd_Block","Vill_name":"Soladanga","Vill_Cat":"Rural","Vill_LGD":"308381","arr_project":"asha1,asha2"}},
{"type":"Feature","geometry":{"type":"Polygon","coordinates":[[[89.65146,26.3216],[89.65795,26.32118],[89.66147,26.32153],[89.66436,26.32524],[89.66428,26.32846],[89.66687,26.32927],[89.67179,26.32835],[89.67195,26.3241],[89.67563,26.32213],[89.679,26.32022],[89.67929,26.31841],[89.68267,26.31877],[89.68616,26.31764],[89.68805,26.32039],[89.68684,26.32161],[89.68507,26.32732],[89.68667,26.33197],[89.68545,26.33563],[89.68137,26.33428],[89.68295,26.33899],[89.67945,26.34252],[89.67522,26.34223],[89.67285,26.34495],[89.66844,26.34548],[89.66843,26.34282],[89.65989,26.34725],[89.65344,26.3479],[89.65154,26.34642],[89.65477,26.34457],[89.65384,26.34223],[89.65107,26.3402],[89.65263,26.33669],[89.65457,26.33301],[89.65287,26.33159],[89.65471,26.32865],[89.65015,26.32638],[89.65146,26.3216]]]},"properties":{"District":"Koch Bihar","Dist_LGD":"329","Sub_dist":"Tufanganj - I","Subdis_LGD":"2185","Subdis_Typ":"Cd_Block","Vill_name":"Andaran Phulbari (P)","Vill_Cat":"Rural","Vill_LGD":"308367","arr_project":"asha1,asha2"}},
{"type":"Feature","geometry":{"type":"Polygon","coordinates":[[[89.57493,26.32232],[89.56909,26.32251],[89.56806,26.32588],[89.56295,26.32316],[89.5551,26.32401],[89.55087,26.32157],[89.54935,26.32211],[89.54751,26.31827],[89.54608,26.31177],[89.54184,26.31041],[89.54063,26.30792],[89.54376,26.30347],[89.54779,26.3025],[89.55134,26.30291],[89.55374,26.29771],[89.55713,26.29873],[89.56512,26.29791],[89.56785,26.30153],[89.57286,26.29951],[89.57418,26.30128],[89.57384,26.3043],[89.57688,26.30442],[89.57721,26.30472],[89.57236,26.30948],[89.57362,26.31103],[89.56974,26.31647],[89.57212,26.31853],[89.57663,26.31834],[89.57493,26.32232]]]},"properties":{"District":"Koch Bihar","Dist_LGD":"329","Sub_dist":"Tufanganj - I","Subdis_LGD":"2185","Subdis_Typ":"Cd_Block","Vill_name":"Maradanga","Vill_Cat":"Rural","Vill_LGD":"308378","arr_project":"asha1,asha2"}},
{"type":"Feature","geometry":{"type":"Polygon","coordinates":[[[89.34123,26.18014],[89.3411,26.18133],[89.33761,26.18056],[89.33194,26.18057],[89.32381,26.17848],[89.3206,26.1798],[89.3179,26.17826],[89.31713,26.17774],[89.31966,26.1763],[89.32255,26.1729],[89.32319,26.16792],[89.32277,26.16326],[89.31967,26.15994],[89.32166,26.16021],[89.32488,26.15819],[89.33001,26.15776],[89.33565,26.16028],[89.33309,26.16163],[89.33309,26.1658],[89.33828,26.16623],[89.34139,26.16807],[89.34199,26.174],[89.34123,26.18014]]]},"properties":{"District":"Koch Bihar","Dist_LGD":"329","Sub_dist":"Dinhata - I","Subdis_LGD":"2187","Subdis_Typ":"Cd_Block","Vill_name":"Bara Natabari","Vill_Cat":"Rural","Vill_LGD":"308458","arr_project":"asha1,asha2"}},
{"type":"Feature","geometry":{"type":"Polygon","coordinates":[[[89.36238,26.17584],[89.35644,26.17572],[89.35258,26.178],[89.34923,26.17734],[89.35099,26.16944],[89.34601,26.16768],[89.34139,26.16807],[89.33828,26.16623],[89.33309,26.1658],[89.33309,26.16163],[89.33565,26.16028],[89.34293,26.15971],[89.34415,26.1626],[89.3464,26.16378],[89.34887,26.16254],[89.34991,26.16294],[89.35727,26.16216],[89.3569,26.1672],[89.35871,26.16972],[89.36185,26.17124],[89.36431,26.17537],[89.36238,26.17584]]]},"properties":{"District":"Koch Bihar","Dist_LGD":"329","Sub_dist":"Dinhata - I","Subdis_LGD":"2187","Subdis_Typ":"Cd_Block","Vill_name":"Binani","Vill_Cat":"Rural","Vill_LGD":"308460","arr_project":"asha1,asha2"}},
{"type":"Feature","geometry":{"type":"Polygon","coordinates":[[[89.3897,26.18304],[89.39307,26.18311],[89.3934,26.18932],[89.38676,26.19409],[89.38499,26.19219],[89.3816,26.1933],[89.37895,26.18733],[89.38364,26.18682],[89.38504,26.18388],[89.38743,26.1834],[89.3897,26.18304]]]},"properties":{"District":"Koch Bihar","Dist_LGD":"329","Sub_dist":"Dinhata - I","Subdis_LGD":"2187","Subdis_Typ":"Cd_Block","Vill_name":"Chakisal","Vill_Cat":"Rural","Vill_LGD":"308475","arr_project":"asha1,asha2"}},
{"type":"Feature","geometry":{"type":"Polygon","coordinates":[[[89.38743,26.1834],[89.38504,26.18388],[89.38364,26.18682],[89.37895,26.18733],[89.37847,26.18601],[89.37881,26.18218],[89.3757,26.17951],[89.37735,26.17755],[89.38059,26.17845],[89.38116,26.18064],[89.38634,26.18152],[89.38743,26.1834]]]},"properties":{"District":"Koch Bihar","Dist_LGD":"329","Sub_dist":"Dinhata - I","Subdis_LGD":"2187","Subdis_Typ":"Cd_Block","Vill_name":"Paharganj","Vill_Cat":"Rural","Vill_LGD":"308474","arr_project":"asha1,asha2"}},
{"type":"Feature","geometry":{"type":"Polygon","coordinates":[[[89.3897,26.18304],[89.38743,26.1834],[89.38634,26.18152],[89.38116,26.18064],[89.38059,26.17845],[89.37735,26.17755],[89.3757,26.17951],[89.37351,26.17799],[89.37039,26.17547],[89.3763,26.16882],[89.38456,26.16658],[89.38446,26.17009],[89.38802,26.17058],[89.38958,26.17277],[89.39596,26.17473],[89.39484,26.17678],[89.38835,26.17507],[89.38743,26.17817],[89.38932,26.1798],[89.3897,26.18304]]]},"properties":{"District":"Koch Bihar","Dist_LGD":"329","Sub_dist":"Dinhata - I","Subdis_LGD":"2187","Subdis_Typ":"Cd_Block","Vill_name":"Chakiarpara Pratham Khanda","Vill_Cat":"Rural","Vill_LGD":"308472","arr_project":"asha1,asha2"}},
{"type":"Feature","geometry":{"type":"Polygon","coordinates":[[[89.36351,26.06544],[89.36337,26.06027],[89.36722,26.05897],[89.37059,26.05938],[89.3702,26.06521],[89.36373,26.06753],[89.36351,26.06544]]]},"properties":{"District":"Koch Bihar","Dist_LGD":"329","Sub_dist":"Sitai","Subdis_LGD":"2189","Subdis_Typ":"Cd_Block","Vill_name":"Satimari","Vill_Cat":"Rural","Vill_LGD":"308750","arr_project":"asha1,asha2"}},
{"type":"Feature","geometry":{"type":"Polygon","coordinates":[[[89.3239,26.06031],[89.32847,26.06133],[89.32841,26.05872],[89.33183,26.05774],[89.33537,26.05977],[89.3405,26.05836],[89.34147,26.06138],[89.33897,26.06534],[89.33957,26.06789],[89.34205,26.06749],[89.34782,26.07136],[89.34702,26.07528],[89.34287,26.07725],[89.33988,26.08094],[89.33478,26.0829],[89.3349,26.07896],[89.33678,26.0759],[89.33761,26.07142],[89.33289,26.07022],[89.32809,26.07427],[89.32653,26.0731],[89.32267,26.07327],[89.31995,26.07515],[89.31582,26.07651],[89.31408,26.07403],[89.31162,26.07492],[89.30802,26.07442],[89.3036,26.0686],[89.30185,26.06461],[89.30868,26.06208],[89.31232,26.06122],[89.31772,26.06148],[89.3239,26.06031]]]},"properties":{"District":"Koch Bihar","Dist_LGD":"329","Sub_dist":"Sitai","Subdis_LGD":"2189","Subdis_Typ":"Cd_Block","Vill_name":"Bharali","Vill_Cat":"Rural","Vill_LGD":"308742","arr_project":"asha1,asha2"}},
{"type":"Feature","geometry":{"type":"Polygon","coordinates":[[[89.37956,26.0634],[89.37562,26.06559],[89.3719,26.06514],[89.3702,26.06521],[89.37059,26.05938],[89.37388,26.05266],[89.37444,26.04986],[89.36924,26.04623],[89.36584,26.04826],[89.36458,26.04438],[89.36558,26.04328],[89.36417,26.03943],[89.36564,26.03713],[89.36985,26.04266],[89.37126,26.04033],[89.37444,26.03912],[89.37823,26.03884],[89.38393,26.03498],[89.38575,26.04154],[89.38354,26.0489],[89.38548,26.0513],[89.38299,26.05397],[89.38041,26.05499],[89.37956,26.0634]]]},"properties":{"District":"Koch Bihar","Dist_LGD":"329","Sub_dist":"Sitai","Subdis_LGD":"2189","Subdis_Typ":"Cd_Block","Vill_name":"Atharajani","Vill_Cat":"Rural","Vill_LGD":"308756","arr_project":"asha1,asha2"}},
{"type":"Feature","geometry":{"type":"Polygon","coordinates":[[[89.37956,26.0634],[89.38357,26.06308],[89.3854,26.06122],[89.39117,26.06075],[89.39439,26.0592],[89.39913,26.06307],[89.39336,26.06745],[89.39005,26.07198],[89.38236,26.06656],[89.37956,26.0634]]]},"properties":{"District":"Koch Bihar","Dist_LGD":"329","Sub_dist":"Sitai","Subdis_LGD":"2189","Subdis_Typ":"Cd_Block","Vill_name":"Chhat Singimari","Vill_Cat":"Rural","Vill_LGD":"308753","arr_project":"asha1,asha2"}},
{"type":"Feature","geometry":{"type":"Polygon","coordinates":[[[89.38421,26.12031],[89.38217,26.12555],[89.3798,26.1289],[89.37238,26.13375],[89.36909,26.13419],[89.36688,26.13333],[89.362,26.13078],[89.35452,26.12565],[89.34949,26.12446],[89.34576,26.1263],[89.34274,26.13029],[89.33768,26.13835],[89.33462,26.1408],[89.32917,26.14508],[89.32152,26.14746],[89.31889,26.15451],[89.31866,26.15841],[89.31967,26.15994],[89.32277,26.16326],[89.32319,26.16792],[89.32255,26.1729],[89.31966,26.1763],[89.31713,26.17774],[89.30826,26.17312],[89.31302,26.1702],[89.31615,26.16652],[89.3163,26.16217],[89.31511,26.15863],[89.31414,26.15556],[89.31415,26.15026],[89.31683,26.14583],[89.32246,26.1417],[89.32742,26.13923],[89.32942,26.13518],[89.33658,26.12951],[89.33845,26.12456],[89.33881,26.12369],[89.34336,26.1217],[89.34772,26.12108],[89.35365,26.12187],[89.35901,26.12492],[89.36178,26.12535],[89.367,26.12682],[89.37369,26.12249],[89.37647,26.11851],[89.37718,26.11435],[89.37983,26.11609],[89.38421,26.12031]]]},"properties":{"District":"Koch Bihar","Dist_LGD":"329","Sub_dist":"Sitai","Subdis_LGD":"2189","Subdis_Typ":"Cd_Block","Vill_name":"Uttar Singimari","Vill_Cat":"Rural","Vill_LGD":"308709","arr_project":"asha1,asha2"}},
{"type":"Feature","geometry":{"type":"Polygon","coordinates":[[[89.3041,26.15947],[89.30123,26.16132],[89.30089,26.16484],[89.303,26.16634],[89.30844,26.16686],[89.31302,26.1702],[89.30826,26.17312],[89.30286,26.1705],[89.28794,26.16588],[89.28601,26.16402],[89.28425,26.16017],[89.28771,26.15888],[89.29039,26.15986],[89.29198,26.1579],[89.2979,26.15502],[89.30213,26.15621],[89.3041,26.15947]]]},"properties":{"District":"Koch Bihar","Dist_LGD":"329","Sub_dist":"Sitai","Subdis_LGD":"2189","Subdis_Typ":"Cd_Block","Vill_name":"Kajalikura","Vill_Cat":"Rural","Vill_LGD":"308707","arr_project":"asha1,asha2"}},
{"type":"Feature","geometry":{"type":"Polygon","coordinates":[[[89.35171,26.07248],[89.35274,26.06892],[89.35462,26.06763],[89.35434,26.06482],[89.36054,26.06476],[89.36351,26.06544],[89.36373,26.06753],[89.36332,26.07314],[89.35758,26.07194],[89.35529,26.07312],[89.35171,26.07248]]]},"properties":{"District":"Koch Bihar","Dist_LGD":"329","Sub_dist":"Sitai","Subdis_LGD":"2189","Subdis_Typ":"Cd_Block","Vill_name":"Padmamari","Vill_Cat":"Rural","Vill_LGD":"308749","arr_project":"asha1,asha2"}},
{"type":"Feature","geometry":{"type":"Polygon","coordinates":[[[89.44905,26.128],[89.44409,26.12712],[89.44327,26.13339],[89.44006,26.12999],[89.43635,26.12754],[89.43552,26.12107],[89.43724,26.12048],[89.44075,26.12087],[89.4385,26.1235],[89.44697,26.12421],[89.4538,26.12611],[89.4513,26.12827],[89.44905,26.128]]]},"properties":{"District":"Koch Bihar","Dist_LGD":"329","Sub_dist":"Dinhata - I","Subdis_LGD":"2187","Subdis_Typ":"Cd_Block","Vill_name":"Bara Boalmari (P)","Vill_Cat":"Rural","Vill_LGD":"308536","arr_project":"asha1,asha2"}},
{"type":"Feature","geometry":{"type":"Polygon","coordinates":[[[89.38676,26.19409],[89.38631,26.19963],[89.38433,26.20162],[89.3836,26.20015],[89.37612,26.19731],[89.37122,26.19745],[89.36841,26.19854],[89.36217,26.19317],[89.36148,26.19033],[89.35606,26.1878],[89.35887,26.18683],[89.36145,26.18963],[89.36291,26.18903],[89.36307,26.18532],[89.36082,26.18052],[89.35909,26.18219],[89.35636,26.18009],[89.35239,26.18093],[89.34834,26.17997],[89.34798,26.17809],[89.34923,26.17734],[89.35258,26.178],[89.35644,26.17572],[89.36238,26.17584],[89.36654,26.17836],[89.36811,26.18159],[89.37001,26.17869],[89.37351,26.17799],[89.3757,26.17951],[89.37881,26.18218],[89.37847,26.18601],[89.37771,26.18856],[89.37522,26.19007],[89.37203,26.19046],[89.37196,26.1933],[89.37488,26.19534],[89.37803,26.19384],[89.3816,26.1933],[89.38499,26.19219],[89.38676,26.19409]]]},"properties":{"District":"Koch Bihar","Dist_LGD":"329","Sub_dist":"Koch Bihar - I","Subdis_LGD":"2183","Subdis_Typ":"Cd_Block","Vill_name":"Charakpara","Vill_Cat":"Rural","Vill_LGD":"308146","arr_project":"asha1,asha2"}},
{"type":"Feature","geometry":{"type":"Polygon","coordinates":[[[89.36498,26.21147],[89.36951,26.21154],[89.36961,26.20917],[89.37446,26.20963],[89.3741,26.20753],[89.37084,26.20717],[89.37037,26.20367],[89.36823,26.20069],[89.36841,26.19854],[89.37122,26.19745],[89.37612,26.19731],[89.3836,26.20015],[89.38433,26.20162],[89.38322,26.20621],[89.38548,26.20695],[89.38757,26.20552],[89.38661,26.20266],[89.38815,26.19934],[89.3911,26.20009],[89.39049,26.20211],[89.39161,26.20794],[89.38994,26.20959],[89.39162,26.21377],[89.39391,26.21314],[89.39443,26.21317],[89.39542,26.2177],[89.39729,26.22178],[89.39381,26.22112],[89.39361,26.22864],[89.39537,26.23288],[89.39574,26.23887],[89.39523,26.24225],[89.39317,26.24411],[89.38596,26.24569],[89.38412,26.24314],[89.38461,26.24041],[89.37983,26.23809],[89.37712,26.23912],[89.37293,26.23776],[89.37052,26.23632],[89.36586,26.2366],[89.36515,26.2353],[89.36438,26.23096],[89.36142,26.22924],[89.35779,26.22856],[89.35429,26.22633],[89.35053,26.22724],[89.34876,26.22485],[89.35117,26.22109],[89.35374,26.22225],[89.35781,26.22094],[89.3631,26.22485],[89.36362,26.22109],[89.36252,26.21876],[89.36692,26.21377],[89.36498,26.21147]]]},"properties":{"District":"Koch Bihar","Dist_LGD":"329","Sub_dist":"Koch Bihar - I","Subdis_LGD":"2183","Subdis_Typ":"Cd_Block","Vill_name":"Patchhara","Vill_Cat":"Rural","Vill_LGD":"308147","arr_project":"asha1,asha2"}},
{"type":"Feature","geometry":{"type":"Polygon","coordinates":[[[89.43799,26.46958],[89.43262,26.46951],[89.43069,26.46853],[89.42101,26.46887],[89.41965,26.47082],[89.41199,26.47157],[89.40889,26.47023],[89.41411,26.46945],[89.41837,26.46754],[89.41545,26.46342],[89.41256,26.46159],[89.40928,26.46081],[89.41007,26.45898],[89.40943,26.45285],[89.40775,26.45059],[89.41213,26.44966],[89.41324,26.44754],[89.42053,26.44434],[89.42376,26.4432],[89.42624,26.45203],[89.42316,26.45349],[89.42474,26.45903],[89.42634,26.46097],[89.42364,26.46279],[89.42685,26.46683],[89.43185,26.46724],[89.43461,26.46745],[89.43799,26.46958]]]},"properties":{"District":"Koch Bihar","Dist_LGD":"329","Sub_dist":"Koch Bihar - Ii","Subdis_LGD":"2184","Subdis_Typ":"Cd_Block","Vill_name":"Atialiguri","Vill_Cat":"Rural","Vill_LGD":"308226","arr_project":"asha1,asha2"}},
{"type":"Feature","geometry":{"type":"Polygon","coordinates":[[[89.31638,26.44017],[89.32161,26.44456],[89.32211,26.44888],[89.31787,26.44858],[89.31382,26.44918],[89.30149,26.45006],[89.29517,26.44317],[89.29845,26.44157],[89.29987,26.4393],[89.30359,26.43933],[89.30499,26.44076],[89.30944,26.44033],[89.31125,26.43748],[89.31638,26.44017]]]},"properties":{"District":"Koch Bihar","Dist_LGD":"329","Sub_dist":"Mathabhanga - Ii","Subdis_LGD":"2182","Subdis_Typ":"Cd_Block","Vill_name":"Bhelakopa","Vill_Cat":"Rural","Vill_LGD":"308038","arr_project":"asha1,asha2"}},
{"type":"Feature","geometry":{"type":"Polygon","coordinates":[[[89.31638,26.44017],[89.31125,26.43748],[89.30944,26.44033],[89.30499,26.44076],[89.30359,26.43933],[89.30384,26.43714],[89.29988,26.43552],[89.29712,26.43228],[89.29819,26.42978],[89.30092,26.43033],[89.31606,26.43071],[89.31442,26.43737],[89.31638,26.44017]]]},"properties":{"District":"Koch Bihar","Dist_LGD":"329","Sub_dist":"Mathabhanga - Ii","Subdis_LGD":"2182","Subdis_Typ":"Cd_Block","Vill_name":"Khopa Dhuli","Vill_Cat":"Rural","Vill_LGD":"308039","arr_project":"asha1,asha2"}},
{"type":"Feature","geometry":{"type":"Polygon","coordinates":[[[89.13584,26.46051],[89.14275,26.45927],[89.14459,26.455],[89.15129,26.45444],[89.15293,26.45141],[89.15324,26.44858],[89.1573,26.44605],[89.16157,26.44706],[89.16338,26.45015],[89.16296,26.45611],[89.16032,26.45427],[89.15582,26.45484],[89.1535,26.45651],[89.15259,26.46265],[89.15089,26.46049],[89.14858,26.46021],[89.14542,26.46174],[89.14027,26.46094],[89.13599,26.46111],[89.13584,26.46051]]]},"properties":{"District":"Koch Bihar","Dist_LGD":"329","Sub_dist":"Mathabhanga - I","Subdis_LGD":"2181","Subdis_Typ":"Cd_Block","Vill_name":"Nityanandi","Vill_Cat":"Rural","Vill_LGD":"307910","arr_project":"asha1,asha2"}},
{"type":"Feature","geometry":{"type":"Polygon","coordinates":[[[89.14793,26.32244],[89.14413,26.32211],[89.14375,26.31972],[89.14154,26.31852],[89.1397,26.3183],[89.13718,26.31574],[89.13908,26.31444],[89.13919,26.31217],[89.13481,26.31215],[89.13592,26.30741],[89.13365,26.30701],[89.13509,26.30469],[89.14068,26.30638],[89.14298,26.30554],[89.14365,26.29957],[89.15096,26.29932],[89.15333,26.3006],[89.15858,26.29867],[89.16502,26.3011],[89.16616,26.30442],[89.16951,26.30295],[89.16865,26.30599],[89.17044,26.30929],[89.16516,26.30826],[89.16347,26.31154],[89.15934,26.31335],[89.15568,26.31115],[89.15491,26.315],[89.15283,26.31778],[89.14793,26.32244]]]},"properties":{"District":"Koch Bihar","Dist_LGD":"329","Sub_dist":"Mathabhanga - I","Subdis_LGD":"2181","Subdis_Typ":"Cd_Block","Vill_name":"Mahishcharu","Vill_Cat":"Rural","Vill_LGD":"307946","arr_project":"asha1,asha2"}},
{"type":"Feature","geometry":{"type":"Polygon","coordinates":[[[89.14365,26.29957],[89.14298,26.30554],[89.14068,26.30638],[89.13509,26.30469],[89.13365,26.30701],[89.13053,26.30598],[89.1251,26.30536],[89.1299,26.30036],[89.12841,26.29612],[89.12564,26.29468],[89.12863,26.2937],[89.13191,26.29084],[89.13387,26.29177],[89.1344,26.29469],[89.13829,26.2937],[89.13995,26.28814],[89.13994,26.29175],[89.14293,26.29224],[89.14365,26.29957]]]},"properties":{"District":"Koch Bihar","Dist_LGD":"329","Sub_dist":"Mathabhanga - I","Subdis_LGD":"2181","Subdis_Typ":"Cd_Block","Vill_name":"Dakshin Tetuler Chhara","Vill_Cat":"Rural","Vill_LGD":"307947","arr_project":"asha1,asha2"}},
{"type":"Feature","geometry":{"type":"Polygon","coordinates":[[[89.08145,26.46807],[89.0853,26.46516],[89.08721,26.46186],[89.08874,26.46168],[89.09358,26.46241],[89.0938,26.465],[89.09701,26.46485],[89.10196,26.46255],[89.1036,26.45679],[89.10689,26.4566],[89.10684,26.45841],[89.11018,26.46173],[89.10971,26.46558],[89.10839,26.46594],[89.10769,26.4704],[89.10369,26.47054],[89.09826,26.47307],[89.09652,26.47473],[89.09353,26.48043],[89.08562,26.48102],[89.0842,26.48396],[89.07942,26.48486],[89.07841,26.48349],[89.07878,26.47658],[89.08221,26.4724],[89.08176,26.4707],[89.08145,26.46807]]]},"properties":{"District":"Koch Bihar","Dist_LGD":"329","Sub_dist":"Mathabhanga - I","Subdis_LGD":"2181","Subdis_Typ":"Cd_Block","Vill_name":"Kesharibari","Vill_Cat":"Rural","Vill_LGD":"307876","arr_project":"asha1,asha2"}},
{"type":"Feature","geometry":{"type":"Polygon","coordinates":[[[89.0622,26.46186],[89.06568,26.46623],[89.06937,26.46811],[89.06273,26.47043],[89.06035,26.46582],[89.05433,26.46331],[89.05545,26.461],[89.0576,26.46247],[89.0622,26.46186]]]},"properties":{"District":"Koch Bihar","Dist_LGD":"329","Sub_dist":"Mathabhanga - I","Subdis_LGD":"2181","Subdis_Typ":"Cd_Block","Vill_name":"Gopalpur","Vill_Cat":"Rural","Vill_LGD":"307880","arr_project":"asha1,asha2"}},
{"type":"Feature","geometry":{"type":"Polygon","coordinates":[[[89.07594,26.47222],[89.07389,26.47501],[89.072,26.47412],[89.07238,26.4683],[89.06937,26.46811],[89.06568,26.46623],[89.0622,26.46186],[89.06552,26.46297],[89.07323,26.46335],[89.07433,26.46997],[89.07594,26.47222]]]},"properties":{"District":"Koch Bihar","Dist_LGD":"329","Sub_dist":"Mathabhanga - I","Subdis_LGD":"2181","Subdis_Typ":"Cd_Block","Vill_name":"Uttar Kharija Gopalpur","Vill_Cat":"Rural","Vill_LGD":"307879","arr_project":"asha1,asha2"}},
{"type":"Feature","geometry":{"type":"Polygon","coordinates":[[[89.05583,26.45774],[89.05548,26.4601],[89.05262,26.46045],[89.05024,26.45781],[89.04893,26.45509],[89.05145,26.45274],[89.05311,26.45261],[89.05512,26.45437],[89.05583,26.45774]]]},"properties":{"District":"Koch Bihar","Dist_LGD":"329","Sub_dist":"Mathabhanga - I","Subdis_LGD":"2181","Subdis_Typ":"Cd_Block","Vill_name":"Kharija Panigram","Vill_Cat":"Rural","Vill_LGD":"307881","arr_project":"asha1,asha2"}},
{"type":"Feature","geometry":{"type":"Polygon","coordinates":[[[89.08145,26.46807],[89.07888,26.46541],[89.0777,26.4625],[89.0809,26.4605],[89.07874,26.45832],[89.08094,26.45483],[89.08671,26.45596],[89.08792,26.45711],[89.08874,26.46168],[89.08721,26.46186],[89.0853,26.46516],[89.08145,26.46807]]]},"properties":{"District":"Koch Bihar","Dist_LGD":"329","Sub_dist":"Mathabhanga - I","Subdis_LGD":"2181","Subdis_Typ":"Cd_Block","Vill_name":"Uchal Pukhari","Vill_Cat":"Rural","Vill_LGD":"307885","arr_project":"asha1,asha2"}},
{"type":"Feature","geometry":{"type":"Polygon","coordinates":[[[89.08671,26.45596],[89.08994,26.45489],[89.09236,26.45471],[89.09094,26.45862],[89.09416,26.46069],[89.09358,26.46241],[89.08874,26.46168],[89.08792,26.45711],[89.08671,26.45596]]]},"properties":{"District":"Koch Bihar","Dist_LGD":"329","Sub_dist":"Mathabhanga - I","Subdis_LGD":"2181","Subdis_Typ":"Cd_Block","Vill_name":"Chhota Gopalpur","Vill_Cat":"Rural","Vill_LGD":"307886","arr_project":"asha1,asha2"}},
{"type":"Feature","geometry":{"type":"Polygon","coordinates":[[[89.24515,26.39017],[89.25148,26.38557],[89.24793,26.38551],[89.24816,26.38082],[89.25293,26.3764],[89.25546,26.37578],[89.25701,26.38123],[89.25588,26.38283],[89.25503,26.38899],[89.26054,26.39087],[89.26237,26.39405],[89.26293,26.39783],[89.25959,26.40078],[89.25318,26.4032],[89.25055,26.40281],[89.24909,26.40168],[89.24803,26.39804],[89.24554,26.39432],[89.24515,26.39017]]]},"properties":{"District":"Koch Bihar","Dist_LGD":"329","Sub_dist":"Mathabhanga - Ii","Subdis_LGD":"2182","Subdis_Typ":"Cd_Block","Vill_name":"Patakamari","Vill_Cat":"Rural","Vill_LGD":"308042","arr_project":"asha1,asha2"}},
{"type":"Feature","geometry":{"type":"Polygon","coordinates":[[[89.25701,26.38123],[89.26077,26.38407],[89.26216,26.38398],[89.26824,26.37799],[89.27516,26.37506],[89.28406,26.37973],[89.28236,26.38158],[89.27916,26.38123],[89.27463,26.38206],[89.27548,26.38798],[89.27102,26.38811],[89.27043,26.39051],[89.27279,26.39275],[89.27169,26.39776],[89.26688,26.39712],[89.26293,26.39783],[89.26237,26.39405],[89.26054,26.39087],[89.25503,26.38899],[89.25588,26.38283],[89.25701,26.38123]]]},"properties":{"District":"Koch Bihar","Dist_LGD":"329","Sub_dist":"Mathabhanga - Ii","Subdis_LGD":"2182","Subdis_Typ":"Cd_Block","Vill_name":"Chheramari","Vill_Cat":"Rural","Vill_LGD":"308043","arr_project":"asha1,asha2"}},
{"type":"Feature","geometry":{"type":"Polygon","coordinates":[[[89.25431,26.367],[89.25757,26.36602],[89.2587,26.36442],[89.25898,26.36054],[89.262,26.36032],[89.26215,26.36456],[89.25873,26.36673],[89.25921,26.36879],[89.26297,26.37232],[89.26389,26.3751],[89.2667,26.37561],[89.26824,26.37799],[89.26216,26.38398],[89.26077,26.38407],[89.25701,26.38123],[89.25546,26.37578],[89.25293,26.3764],[89.25338,26.37407],[89.25153,26.37054],[89.25431,26.367]]]},"properties":{"District":"Koch Bihar","Dist_LGD":"329","Sub_dist":"Mathabhanga - Ii","Subdis_LGD":"2182","Subdis_Typ":"Cd_Block","Vill_name":"Gayabari","Vill_Cat":"Rural","Vill_LGD":"308055","arr_project":"asha1,asha2"}},
{"type":"Feature","geometry":{"type":"Polygon","coordinates":[[[89.23873,26.36967],[89.23972,26.37016],[89.24916,26.36951],[89.25153,26.37054],[89.25338,26.37407],[89.25293,26.3764],[89.24816,26.38082],[89.24457,26.3799],[89.24089,26.37796],[89.23815,26.37889],[89.23734,26.37389],[89.23948,26.37305],[89.23873,26.36967]]]},"properties":{"District":"Koch Bihar","Dist_LGD":"329","Sub_dist":"Mathabhanga - Ii","Subdis_LGD":"2182","Subdis_Typ":"Cd_Block","Vill_name":"Bhanur Kuthi","Vill_Cat":"Rural","Vill_LGD":"308056","arr_project":"asha1,asha2"}},
{"type":"Feature","geometry":{"type":"Polygon","coordinates":[[[89.26716,26.36189],[89.27118,26.36156],[89.2775,26.3569],[89.28538,26.35666],[89.28772,26.35645],[89.29251,26.35846],[89.29264,26.36016],[89.2892,26.36104],[89.28869,26.36598],[89.28326,26.36618],[89.27675,26.37079],[89.27459,26.37056],[89.27516,26.37506],[89.26824,26.37799],[89.2667,26.37561],[89.26389,26.3751],[89.26297,26.37232],[89.25921,26.36879],[89.25873,26.36673],[89.26215,26.36456],[89.262,26.36032],[89.2647,26.36037],[89.26716,26.36189]]]},"properties":{"District":"Koch Bihar","Dist_LGD":"329","Sub_dist":"Mathabhanga - Ii","Subdis_LGD":"2182","Subdis_Typ":"Cd_Block","Vill_name":"Shildanga","Vill_Cat":"Rural","Vill_LGD":"308054","arr_project":"asha1,asha2"}},
{"type":"Feature","geometry":{"type":"Polygon","coordinates":[[[89.27516,26.37506],[89.27459,26.37056],[89.27675,26.37079],[89.28326,26.36618],[89.28869,26.36598],[89.28882,26.36841],[89.29119,26.37214],[89.2941,26.37309],[89.29581,26.37517],[89.29595,26.37838],[89.29399,26.3803],[89.29397,26.38282],[89.29087,26.38375],[89.28573,26.3799],[89.28406,26.37973],[89.27516,26.37506]]]},"properties":{"District":"Koch Bihar","Dist_LGD":"329","Sub_dist":"Mathabhanga - Ii","Subdis_LGD":"2182","Subdis_Typ":"Cd_Block","Vill_name":"Kharikabari","Vill_Cat":"Rural","Vill_LGD":"308053","arr_project":"asha1,asha2"}},
{"type":"Feature","geometry":{"type":"Polygon","coordinates":[[[89.27876,26.39594],[89.27986,26.39056],[89.28329,26.38675],[89.28571,26.38731],[89.28799,26.3896],[89.28967,26.39682],[89.2922,26.39717],[89.29324,26.40248],[89.28763,26.40253],[89.28705,26.39718],[89.27876,26.39594]]]},"properties":{"District":"Koch Bihar","Dist_LGD":"329","Sub_dist":"Mathabhanga - Ii","Subdis_LGD":"2182","Subdis_Typ":"Cd_Block","Vill_name":"Ruidanga Dwitiya Khanda","Vill_Cat":"Rural","Vill_LGD":"308045","arr_project":"asha1,asha2"}},
{"type":"Feature","geometry":{"type":"Polygon","coordinates":[[[89.31252,26.39204],[89.30966,26.39274],[89.3048,26.39215],[89.30071,26.39285],[89.29996,26.39082],[89.29441,26.39075],[89.29477,26.38605],[89.29238,26.3861],[89.29087,26.38375],[89.29397,26.38282],[89.29399,26.3803],[89.29595,26.37838],[89.29937,26.37978],[89.30145,26.37943],[89.30514,26.38582],[89.3097,26.38734],[89.31017,26.38989],[89.31252,26.39204]]]},"properties":{"District":"Koch Bihar","Dist_LGD":"329","Sub_dist":"Mathabhanga - Ii","Subdis_LGD":"2182","Subdis_Typ":"Cd_Block","Vill_name":"Dharimara","Vill_Cat":"Rural","Vill_LGD":"308047","arr_project":"asha1,asha2"}},
{"type":"Feature","geometry":{"type":"Polygon","coordinates":[[[89.32216,26.37386],[89.32019,26.37845],[89.32283,26.38524],[89.32272,26.38823],[89.32056,26.38818],[89.32073,26.39331],[89.31252,26.39204],[89.31017,26.38989],[89.3097,26.38734],[89.30514,26.38582],[89.30145,26.37943],[89.30235,26.37582],[89.30309,26.37292],[89.30628,26.37348],[89.31524,26.37067],[89.31724,26.37084],[89.32216,26.37386]]]},"properties":{"District":"Koch Bihar","Dist_LGD":"329","Sub_dist":"Mathabhanga - Ii","Subdis_LGD":"2182","Subdis_Typ":"Cd_Block","Vill_name":"Dhaloguri","Vill_Cat":"Rural","Vill_LGD":"308048","arr_project":"asha1,asha2"}},
{"type":"Feature","geometry":{"type":"Polygon","coordinates":[[[89.29581,26.37517],[89.30235,26.37582],[89.30145,26.37943],[89.29937,26.37978],[89.29595,26.37838],[89.29581,26.37517]]]},"properties":{"District":"Koch Bihar","Dist_LGD":"329","Sub_dist":"Mathabhanga - Ii","Subdis_LGD":"2182","Subdis_Typ":"Cd_Block","Vill_name":"Pharabari","Vill_Cat":"Rural","Vill_LGD":"308052","arr_project":"asha1,asha2"}},
{"type":"Feature","geometry":{"type":"Polygon","coordinates":[[[89.28869,26.36598],[89.29489,26.36678],[89.29468,26.36923],[89.29689,26.36973],[89.29717,26.36548],[89.30248,26.36512],[89.30581,26.36618],[89.3112,26.36649],[89.31221,26.36868],[89.31524,26.37067],[89.30628,26.37348],[89.30309,26.37292],[89.30235,26.37582],[89.29581,26.37517],[89.2941,26.37309],[89.29119,26.37214],[89.28882,26.36841],[89.28869,26.36598]]]},"properties":{"District":"Koch Bihar","Dist_LGD":"329","Sub_dist":"Mathabhanga - Ii","Subdis_LGD":"2182","Subdis_Typ":"Cd_Block","Vill_name":"Shalmara Pratham Khanda","Vill_Cat":"Rural","Vill_LGD":"308051","arr_project":"asha1,asha2"}},
{"type":"Feature","geometry":{"type":"Polygon","coordinates":[[[89.31908,26.35751],[89.32558,26.3625],[89.3271,26.36503],[89.32655,26.36776],[89.32253,26.36881],[89.32216,26.37386],[89.31724,26.37084],[89.31619,26.36837],[89.31789,26.36706],[89.31615,26.36167],[89.31619,26.35883],[89.31908,26.35751]]]},"properties":{"District":"Koch Bihar","Dist_LGD":"329","Sub_dist":"Mathabhanga - Ii","Subdis_LGD":"2182","Subdis_Typ":"Cd_Block","Vill_name":"Singimari","Vill_Cat":"Rural","Vill_LGD":"308050","arr_project":"asha1,asha2"}},
{"type":"Feature","geometry":{"type":"Polygon","coordinates":[[[89.3604,26.37216],[89.36916,26.36994],[89.36904,26.36733],[89.37219,26.36615],[89.37385,26.3663],[89.377,26.36406],[89.37844,26.36677],[89.37935,26.37162],[89.38381,26.37495],[89.38033,26.37573],[89.38048,26.37817],[89.37694,26.37847],[89.37506,26.37986],[89.37227,26.37876],[89.37172,26.37669],[89.3672,26.37763],[89.36616,26.37595],[89.3604,26.37216]]]},"properties":{"District":"Koch Bihar","Dist_LGD":"329","Sub_dist":"Koch Bihar - Ii","Subdis_LGD":"2184","Subdis_Typ":"Cd_Block","Vill_name":"Kachuban","Vill_Cat":"Rural","Vill_LGD":"308282","arr_project":"asha1,asha2"}},
{"type":"Feature","geometry":{"type":"Polygon","coordinates":[[[89.38582,26.37724],[89.38724,26.37655],[89.38573,26.37136],[89.3863,26.36859],[89.38862,26.36565],[89.39103,26.36474],[89.3969,26.36584],[89.39547,26.37517],[89.39291,26.38159],[89.39093,26.3791],[89.3882,26.3799],[89.38582,26.37724]]]},"properties":{"District":"Koch Bihar","Dist_LGD":"329","Sub_dist":"Koch Bihar - Ii","Subdis_LGD":"2184","Subdis_Typ":"Cd_Block","Vill_name":"Jajna Narayanerkuthi","Vill_Cat":"Rural","Vill_LGD":"308284","arr_project":"asha1,asha2"}},
{"type":"Feature","geometry":{"type":"Polygon","coordinates":[[[89.41084,26.37501],[89.40906,26.37462],[89.40536,26.37624],[89.40354,26.37262],[89.40376,26.37037],[89.40235,26.36674],[89.399,26.36565],[89.39993,26.36149],[89.40488,26.3618],[89.40773,26.36449],[89.40841,26.36986],[89.41084,26.37501]]]},"properties":{"District":"Koch Bihar","Dist_LGD":"329","Sub_dist":"Koch Bihar - Ii","Subdis_LGD":"2184","Subdis_Typ":"Cd_Block","Vill_name":"Khairatibari","Vill_Cat":"Rural","Vill_LGD":"308287","arr_project":"asha1,asha2"}},
{"type":"Feature","geometry":{"type":"Polygon","coordinates":[[[89.41365,26.37634],[89.41108,26.37227],[89.41093,26.36893],[89.41362,26.36569],[89.41304,26.3639],[89.41499,26.35986],[89.41506,26.35532],[89.42011,26.35575],[89.42012,26.35261],[89.42496,26.35195],[89.42607,26.35337],[89.42558,26.35794],[89.42297,26.35847],[89.4243,26.36112],[89.4233,26.36335],[89.42612,26.37068],[89.42333,26.3739],[89.42567,26.37667],[89.43078,26.3768],[89.42769,26.37978],[89.42397,26.3797],[89.41571,26.37436],[89.41365,26.37634]]]},"properties":{"District":"Koch Bihar","Dist_LGD":"329","Sub_dist":"Koch Bihar - Ii","Subdis_LGD":"2184","Subdis_Typ":"Cd_Block","Vill_name":"Maranadir Kuthi","Vill_Cat":"Rural","Vill_LGD":"308297","arr_project":"asha1,asha2"}},
{"type":"Feature","geometry":{"type":"Polygon","coordinates":[[[89.41084,26.37501],[89.40841,26.36986],[89.40773,26.36449],[89.40488,26.3618],[89.39993,26.36149],[89.39971,26.3581],[89.40454,26.35479],[89.40729,26.35201],[89.41114,26.35233],[89.41506,26.35532],[89.41499,26.35986],[89.41304,26.3639],[89.41362,26.36569],[89.41093,26.36893],[89.41108,26.37227],[89.41365,26.37634],[89.41069,26.37712],[89.41084,26.37501]]]},"properties":{"District":"Koch Bihar","Dist_LGD":"329","Sub_dist":"Koch Bihar - Ii","Subdis_LGD":"2184","Subdis_Typ":"Cd_Block","Vill_name":"Raserkuthi","Vill_Cat":"Rural","Vill_LGD":"308288","arr_project":"asha1,asha2"}},
{"type":"Feature","geometry":{"type":"Polygon","coordinates":[[[89.377,26.36406],[89.38102,26.3611],[89.38651,26.36123],[89.38773,26.35817],[89.38659,26.35666],[89.38706,26.35654],[89.39028,26.35722],[89.39624,26.35584],[89.39842,26.3578],[89.3969,26.36584],[89.39103,26.36474],[89.38862,26.36565],[89.3863,26.36859],[89.38573,26.37136],[89.38724,26.37655],[89.38582,26.37724],[89.38381,26.37495],[89.37935,26.37162],[89.37844,26.36677],[89.377,26.36406]]]},"properties":{"District":"Koch Bihar","Dist_LGD":"329","Sub_dist":"Koch Bihar - Ii","Subdis_LGD":"2184","Subdis_Typ":"Cd_Block","Vill_name":"Matikata","Vill_Cat":"Rural","Vill_LGD":"308283","arr_project":"asha1,asha2"}},
{"type":"Feature","geometry":{"type":"Polygon","coordinates":[[[89.3692,26.36105],[89.37361,26.36064],[89.37766,26.35894],[89.3809,26.35812],[89.38305,26.35551],[89.38659,26.35666],[89.38773,26.35817],[89.38651,26.36123],[89.38102,26.3611],[89.377,26.36406],[89.37385,26.3663],[89.37219,26.36615],[89.37162,26.36404],[89.36905,26.3642],[89.3692,26.36105]]]},"properties":{"District":"Koch Bihar","Dist_LGD":"329","Sub_dist":"Koch Bihar - Ii","Subdis_LGD":"2184","Subdis_Typ":"Cd_Block","Vill_name":"Madhupur","Vill_Cat":"Rural","Vill_LGD":"308281","arr_project":"asha1,asha2"}},
{"type":"Feature","geometry":{"type":"Polygon","coordinates":[[[89.38706,26.35654],[89.38544,26.35055],[89.38687,26.34922],[89.38805,26.3503],[89.39221,26.34741],[89.39353,26.34749],[89.39624,26.35584],[89.39028,26.35722],[89.38706,26.35654]]]},"properties":{"District":"Koch Bihar","Dist_LGD":"329","Sub_dist":"Koch Bihar - Ii","Subdis_LGD":"2184","Subdis_Typ":"Cd_Block","Vill_name":"Kamarangaguri","Vill_Cat":"Rural","Vill_LGD":"308289","arr_project":"asha1,asha2"}},
{"type":"Feature","geometry":{"type":"Polygon","coordinates":[[[89.37172,26.35134],[89.37121,26.34818],[89.37467,26.34275],[89.37832,26.34365],[89.38136,26.34558],[89.38245,26.34358],[89.38687,26.34922],[89.38544,26.35055],[89.38706,26.35654],[89.38659,26.35666],[89.38305,26.35551],[89.3809,26.35812],[89.37766,26.35894],[89.37172,26.35134]]]},"properties":{"District":"Koch Bihar","Dist_LGD":"329","Sub_dist":"Koch Bihar - Ii","Subdis_LGD":"2184","Subdis_Typ":"Cd_Block","Vill_name":"Baldihati","Vill_Cat":"Rural","Vill_LGD":"308278","arr_project":"asha1,asha2"}},
{"type":"Feature","geometry":{"type":"Polygon","coordinates":[[[89.41114,26.35233],[89.4111,26.34871],[89.41338,26.34777],[89.42012,26.35261],[89.42011,26.35575],[89.41506,26.35532],[89.41114,26.35233]]]},"properties":{"District":"Koch Bihar","Dist_LGD":"329","Sub_dist":"Koch Bihar - Ii","Subdis_LGD":"2184","Subdis_Typ":"Cd_Block","Vill_name":"Chharar Kuthi","Vill_Cat":"Rural","Vill_LGD":"308296","arr_project":"asha1,asha2"}},
{"type":"Feature","geometry":{"type":"Polygon","coordinates":[[[89.42882,26.38586],[89.43135,26.38422],[89.43103,26.38133],[89.43374,26.37604],[89.4382,26.37683],[89.44014,26.37975],[89.43966,26.38208],[89.43628,26.38383],[89.43252,26.38464],[89.43276,26.38845],[89.42882,26.38586]]]},"properties":{"District":"Koch Bihar","Dist_LGD":"329","Sub_dist":"Koch Bihar - Ii","Subdis_LGD":"2184","Subdis_Typ":"Cd_Block","Vill_name":"Araji Kakribari","Vill_Cat":"Rural","Vill_LGD":"308255","arr_project":"asha1,asha2"}},
{"type":"Feature","geometry":{"type":"Polygon","coordinates":[[[89.44401,26.36925],[89.44263,26.36398],[89.44618,26.36346],[89.44789,26.36143],[89.4504,26.36103],[89.45226,26.36371],[89.4573,26.36589],[89.45985,26.36586],[89.45939,26.36892],[89.46261,26.37419],[89.46369,26.37666],[89.46019,26.37694],[89.45941,26.37935],[89.45653,26.37859],[89.45542,26.37381],[89.45156,26.37281],[89.44815,26.37365],[89.44404,26.37065],[89.44401,26.36925]]]},"properties":{"District":"Koch Bihar","Dist_LGD":"329","Sub_dist":"Koch Bihar - Ii","Subdis_LGD":"2184","Subdis_Typ":"Cd_Block","Vill_name":"Kharija Kakribari","Vill_Cat":"Rural","Vill_LGD":"308302","arr_project":"asha1,asha2"}},
{"type":"Feature","geometry":{"type":"Polygon","coordinates":[[[89.42558,26.35794],[89.4331,26.35897],[89.43372,26.35702],[89.43651,26.35759],[89.4419,26.35782],[89.44352,26.35921],[89.44788,26.3559],[89.4504,26.36103],[89.44789,26.36143],[89.44618,26.36346],[89.44263,26.36398],[89.44401,26.36925],[89.44041,26.369],[89.43888,26.36699],[89.43547,26.36838],[89.43471,26.36936],[89.42994,26.36921],[89.43038,26.36221],[89.42905,26.36056],[89.4243,26.36112],[89.42297,26.35847],[89.42558,26.35794]]]},"properties":{"District":"Koch Bihar","Dist_LGD":"329","Sub_dist":"Koch Bihar - Ii","Subdis_LGD":"2184","Subdis_Typ":"Cd_Block","Vill_name":"Banchukumari","Vill_Cat":"Rural","Vill_LGD":"308299","arr_project":"asha1,asha2"}},
{"type":"Feature","geometry":{"type":"Polygon","coordinates":[[[89.42612,26.37068],[89.4233,26.36335],[89.4243,26.36112],[89.42905,26.36056],[89.43038,26.36221],[89.42994,26.36921],[89.42612,26.37068]]]},"properties":{"District":"Koch Bihar","Dist_LGD":"329","Sub_dist":"Koch Bihar - Ii","Subdis_LGD":"2184","Subdis_Typ":"Cd_Block","Vill_name":"Paschim Bhogramguri","Vill_Cat":"Rural","Vill_LGD":"308298","arr_project":"asha1,asha2"}},
{"type":"Feature","geometry":{"type":"Polygon","coordinates":[[[89.42496,26.35195],[89.42775,26.35001],[89.42668,26.34777],[89.42701,26.34204],[89.43355,26.33963],[89.43798,26.34329],[89.44142,26.34393],[89.44103,26.34636],[89.43675,26.35562],[89.43651,26.35759],[89.43372,26.35702],[89.4331,26.35897],[89.42558,26.35794],[89.42607,26.35337],[89.42496,26.35195]]]},"properties":{"District":"Koch Bihar","Dist_LGD":"329","Sub_dist":"Koch Bihar - Ii","Subdis_LGD":"2184","Subdis_Typ":"Cd_Block","Vill_name":"Mahishbathan Pratham Khanda (Ct)","Vill_Cat":"Partly_Urban","Vill_LGD":"308300","arr_project":"asha1,asha2"}},
{"type":"Feature","geometry":{"type":"Polygon","coordinates":[[[89.42701,26.34204],[89.42668,26.34777],[89.42775,26.35001],[89.42496,26.35195],[89.42012,26.35261],[89.41338,26.34777],[89.41581,26.3457],[89.41538,26.34407],[89.41213,26.34175],[89.40779,26.34385],[89.41012,26.34178],[89.40896,26.33825],[89.41981,26.33968],[89.42422,26.34391],[89.42701,26.34204]]]},"properties":{"District":"Koch Bihar","Dist_LGD":"329","Sub_dist":"Koch Bihar - Ii","Subdis_LGD":"2184","Subdis_Typ":"Cd_Block","Vill_name":"Tengnamari","Vill_Cat":"Rural","Vill_LGD":"308294","arr_project":"asha1,asha2"}},
{"type":"Feature","geometry":{"type":"Polygon","coordinates":[[[89.41338,26.34777],[89.4111,26.34871],[89.41114,26.35233],[89.40729,26.35201],[89.40448,26.34467],[89.40779,26.34385],[89.41213,26.34175],[89.41538,26.34407],[89.41581,26.3457],[89.41338,26.34777]]]},"properties":{"District":"Koch Bihar","Dist_LGD":"329","Sub_dist":"Koch Bihar - Ii","Subdis_LGD":"2184","Subdis_Typ":"Cd_Block","Vill_name":"Jibdharer Kuthi","Vill_Cat":"Rural","Vill_LGD":"308295","arr_project":"asha1,asha2"}},
{"type":"Feature","geometry":{"type":"Polygon","coordinates":[[[89.40779,26.34385],[89.40448,26.34467],[89.40729,26.35201],[89.40454,26.35479],[89.39971,26.3581],[89.39842,26.3578],[89.39624,26.35584],[89.39353,26.34749],[89.40099,26.34642],[89.40116,26.34219],[89.39273,26.34109],[89.39462,26.33911],[89.39522,26.33609],[89.39716,26.33337],[89.399,26.33115],[89.40254,26.33155],[89.40896,26.33825],[89.41012,26.34178],[89.40779,26.34385]]]},"properties":{"District":"Koch Bihar","Dist_LGD":"329","Sub_dist":"Koch Bihar - Ii","Subdis_LGD":"2184","Subdis_Typ":"Cd_Block","Vill_name":"Jatrapur","Vill_Cat":"Rural","Vill_LGD":"308292","arr_project":"asha1,asha2"}},
{"type":"Feature","geometry":{"type":"Polygon","coordinates":[[[89.40896,26.33825],[89.40254,26.33155],[89.399,26.33115],[89.40009,26.32897],[89.40654,26.32958],[89.41399,26.32782],[89.41853,26.32767],[89.42532,26.32907],[89.42866,26.33414],[89.43355,26.33963],[89.42701,26.34204],[89.42422,26.34391],[89.41981,26.33968],[89.40896,26.33825]]]},"properties":{"District":"Koch Bihar","Dist_LGD":"329","Sub_dist":"Koch Bihar - Ii","Subdis_LGD":"2184","Subdis_Typ":"Cd_Block","Vill_name":"Kaminirghat","Vill_Cat":"Rural","Vill_LGD":"308293","arr_project":"asha1,asha2"}},
{"type":"Feature","geometry":{"type":"Polygon","coordinates":[[[89.43355,26.33963],[89.42866,26.33414],[89.42532,26.32907],[89.41853,26.32767],[89.41399,26.32782],[89.40654,26.32958],[89.40009,26.32897],[89.399,26.33115],[89.40027,26.32778],[89.40503,26.32786],[89.40951,26.32691],[89.4094,26.32537],[89.41931,26.32234],[89.42113,26.3246],[89.42391,26.32219],[89.42358,26.31954],[89.42522,26.31757],[89.42726,26.31814],[89.42826,26.32175],[89.43255,26.32922],[89.43633,26.3323],[89.43684,26.33439],[89.44068,26.3345],[89.44003,26.33687],[89.44143,26.3385],[89.44142,26.34393],[89.43798,26.34329],[89.43355,26.33963]]]},"properties":{"District":"Koch Bihar","Dist_LGD":"329","Sub_dist":"Koch Bihar - Ii","Subdis_LGD":"2184","Subdis_Typ":"Cd_Block","Vill_name":"Takagach (Ct)","Vill_Cat":"Partly_Urban","Vill_LGD":"308329","arr_project":"asha1,asha2"}},
{"type":"Feature","geometry":{"type":"Polygon","coordinates":[[[89.40214,26.32332],[89.40482,26.32042],[89.40986,26.31763],[89.41592,26.31851],[89.42114,26.31826],[89.42215,26.31422],[89.42499,26.31678],[89.42757,26.31582],[89.42726,26.31814],[89.42522,26.31757],[89.42358,26.31954],[89.42391,26.32219],[89.42113,26.3246],[89.41931,26.32234],[89.4094,26.32537],[89.40541,26.32368],[89.40214,26.32332]]]},"properties":{"District":"Koch Bihar","Dist_LGD":"329","Sub_dist":"Koch Bihar - Ii","Subdis_LGD":"2184","Subdis_Typ":"Cd_Block","Vill_name":"Karisal","Vill_Cat":"Rural","Vill_LGD":"308323","arr_project":"asha1,asha2"}},
{"type":"Feature","geometry":{"type":"Polygon","coordinates":[[[89.54184,26.31041],[89.5408,26.31323],[89.5382,26.31512],[89.5389,26.31719],[89.53178,26.32129],[89.52809,26.32083],[89.52752,26.31875],[89.52426,26.32013],[89.52144,26.32018],[89.51665,26.31559],[89.5191,26.3124],[89.51922,26.30848],[89.52088,26.30944],[89.5253,26.30468],[89.53061,26.30578],[89.53312,26.30247],[89.53659,26.30014],[89.5412,26.29911],[89.54326,26.30098],[89.54376,26.30347],[89.54063,26.30792],[89.54184,26.31041]]]},"properties":{"District":"Koch Bihar","Dist_LGD":"329","Sub_dist":"Koch Bihar - I","Subdis_LGD":"2183","Subdis_Typ":"Cd_Block","Vill_name":"Talliguri","Vill_Cat":"Rural","Vill_LGD":"308070","arr_project":"asha1,asha2"}},
{"type":"Feature","geometry":{"type":"Polygon","coordinates":[[[89.49184,26.32422],[89.49256,26.3201],[89.49503,26.3198],[89.49459,26.3167],[89.49615,26.31397],[89.49687,26.30838],[89.49794,26.30606],[89.49404,26.30617],[89.49339,26.30341],[89.49761,26.30132],[89.50022,26.30197],[89.50329,26.30104],[89.50326,26.30378],[89.50993,26.30107],[89.51383,26.30277],[89.51557,26.30658],[89.51922,26.30848],[89.5191,26.3124],[89.51665,26.31559],[89.51231,26.32188],[89.50632,26.32112],[89.49886,26.32264],[89.49946,26.32608],[89.49435,26.32645],[89.49249,26.32749],[89.49184,26.32422]]]},"properties":{"District":"Koch Bihar","Dist_LGD":"329","Sub_dist":"Koch Bihar - I","Subdis_LGD":"2183","Subdis_Typ":"Cd_Block","Vill_name":"Dawaguri","Vill_Cat":"Rural","Vill_LGD":"308073","arr_project":"asha1,asha2"}},
{"type":"Feature","geometry":{"type":"Polygon","coordinates":[[[89.53659,26.30014],[89.53312,26.30247],[89.53061,26.30578],[89.5253,26.30468],[89.52088,26.30944],[89.51922,26.30848],[89.51557,26.30658],[89.51383,26.30277],[89.50993,26.30107],[89.51108,26.29627],[89.50897,26.29472],[89.50834,26.28806],[89.5071,26.28807],[89.51679,26.28618],[89.52533,26.28169],[89.5278,26.27707],[89.52841,26.27378],[89.53024,26.2715],[89.53388,26.27519],[89.53705,26.27338],[89.53959,26.2705],[89.54702,26.27597],[89.54426,26.27919],[89.54613,26.28126],[89.5464,26.28374],[89.54443,26.28447],[89.54378,26.28687],[89.5406,26.29035],[89.53614,26.29329],[89.52925,26.29668],[89.52796,26.29887],[89.53426,26.30028],[89.53659,26.30014]]]},"properties":{"District":"Koch Bihar","Dist_LGD":"329","Sub_dist":"Koch Bihar - I","Subdis_LGD":"2183","Subdis_Typ":"Cd_Block","Vill_name":"Ghargharia Dwitia Khanda","Vill_Cat":"Rural","Vill_LGD":"308072","arr_project":"asha1,asha2"}},
{"type":"Feature","geometry":{"type":"Polygon","coordinates":[[[89.55374,26.29771],[89.55134,26.30291],[89.54779,26.3025],[89.54376,26.30347],[89.54326,26.30098],[89.5412,26.29911],[89.53659,26.30014],[89.53426,26.30028],[89.52796,26.29887],[89.52925,26.29668],[89.53614,26.29329],[89.5406,26.29035],[89.54378,26.28687],[89.54443,26.28447],[89.5464,26.28374],[89.55129,26.2845],[89.55571,26.28057],[89.55967,26.28329],[89.55844,26.28576],[89.55347,26.28565],[89.55417,26.28817],[89.55227,26.29021],[89.55436,26.29615],[89.55374,26.29771]]]},"properties":{"District":"Koch Bihar","Dist_LGD":"329","Sub_dist":"Koch Bihar - I","Subdis_LGD":"2183","Subdis_Typ":"Cd_Block","Vill_name":"Purba Phalimari","Vill_Cat":"Rural","Vill_LGD":"308071","arr_project":"asha1,asha2"}},
{"type":"Feature","geometry":{"type":"Polygon","coordinates":[[[89.49891,26.29347],[89.5039,26.29131],[89.5071,26.28807],[89.50834,26.28806],[89.50897,26.29472],[89.51108,26.29627],[89.50993,26.30107],[89.50326,26.30378],[89.50329,26.30104],[89.50022,26.30197],[89.49761,26.30132],[89.49957,26.29877],[89.5005,26.29454],[89.49891,26.29347]]]},"properties":{"District":"Koch Bihar","Dist_LGD":"329","Sub_dist":"Koch Bihar - I","Subdis_LGD":"2183","Subdis_Typ":"Cd_Block","Vill_name":"Kunidanga","Vill_Cat":"Rural","Vill_LGD":"308074","arr_project":"asha1,asha2"}},
{"type":"Feature","geometry":{"type":"Polygon","coordinates":[[[89.49009,26.2815],[89.48915,26.27579],[89.49479,26.27508],[89.50131,26.27206],[89.50758,26.27236],[89.50905,26.27446],[89.50832,26.27665],[89.50389,26.27842],[89.50278,26.2806],[89.49931,26.28131],[89.49809,26.28441],[89.49232,26.28455],[89.49009,26.2815]]]},"properties":{"District":"Koch Bihar","Dist_LGD":"329","Sub_dist":"Koch Bihar - I","Subdis_LGD":"2183","Subdis_Typ":"Cd_Block","Vill_name":"Dhair Hat","Vill_Cat":"Rural","Vill_LGD":"308195","arr_project":"asha1,asha2"}},
{"type":"Feature","geometry":{"type":"Polygon","coordinates":[[[89.5071,26.28807],[89.5039,26.29131],[89.49891,26.29347],[89.49719,26.2928],[89.49478,26.29248],[89.49453,26.28672],[89.48822,26.28704],[89.48633,26.28625],[89.48653,26.28188],[89.48748,26.28038],[89.49009,26.2815],[89.49232,26.28455],[89.49809,26.28441],[89.49931,26.28131],[89.50278,26.2806],[89.50389,26.27842],[89.50832,26.27665],[89.50905,26.27446],[89.50758,26.27236],[89.50131,26.27206],[89.50019,26.27079],[89.50185,26.26721],[89.50601,26.26615],[89.5082,26.26291],[89.5102,26.26202],[89.51045,26.25945],[89.51405,26.25508],[89.51785,26.2554],[89.52171,26.25176],[89.52872,26.24816],[89.52955,26.25149],[89.53548,26.25348],[89.53834,26.25648],[89.54417,26.25484],[89.54839,26.25972],[89.54967,26.26268],[89.55434,26.2663],[89.55416,26.2689],[89.55559,26.27095],[89.55323,26.27236],[89.55127,26.27131],[89.54702,26.27597],[89.53959,26.2705],[89.53705,26.27338],[89.53388,26.27519],[89.53024,26.2715],[89.52841,26.27378],[89.5278,26.27707],[89.52533,26.28169],[89.51679,26.28618],[89.5071,26.28807]]]},"properties":{"District":"Koch Bihar","Dist_LGD":"329","Sub_dist":"Koch Bihar - I","Subdis_LGD":"2183","Subdis_Typ":"Cd_Block","Vill_name":"Panisala","Vill_Cat":"Rural","Vill_LGD":"308196","arr_project":"asha1,asha2"}},
{"type":"Feature","geometry":{"type":"Polygon","coordinates":[[[89.4875,26.26669],[89.49009,26.26622],[89.49446,26.26403],[89.49678,26.26188],[89.49686,26.26572],[89.49926,26.26653],[89.50019,26.27079],[89.50131,26.27206],[89.49479,26.27508],[89.48915,26.27579],[89.49009,26.2815],[89.48748,26.28038],[89.48637,26.27408],[89.48701,26.26923],[89.4875,26.26669]]]},"properties":{"District":"Koch Bihar","Dist_LGD":"329","Sub_dist":"Koch Bihar - I","Subdis_LGD":"2183","Subdis_Typ":"Cd_Block","Vill_name":"Baghroa","Vill_Cat":"Rural","Vill_LGD":"308190","arr_project":"asha1,asha2"}},
{"type":"Feature","geometry":{"type":"Polygon","coordinates":[[[89.49678,26.26188],[89.49531,26.25793],[89.4969,26.2543],[89.50121,26.24758],[89.50577,26.24284],[89.50818,26.24412],[89.50741,26.24637],[89.51104,26.24698],[89.51168,26.25011],[89.51401,26.25],[89.51232,26.25261],[89.51405,26.25508],[89.51045,26.25945],[89.5102,26.26202],[89.5082,26.26291],[89.50601,26.26615],[89.50185,26.26721],[89.50019,26.27079],[89.49926,26.26653],[89.49686,26.26572],[89.49678,26.26188]]]},"properties":{"District":"Koch Bihar","Dist_LGD":"329","Sub_dist":"Koch Bihar - I","Subdis_LGD":"2183","Subdis_Typ":"Cd_Block","Vill_name":"Moamari","Vill_Cat":"Rural","Vill_LGD":"308197","arr_project":"asha1,asha2"}},
{"type":"Feature","geometry":{"type":"Polygon","coordinates":[[[89.5104,26.23299],[89.50604,26.23624],[89.50325,26.24138],[89.50121,26.24758],[89.4969,26.2543],[89.49531,26.25793],[89.49678,26.26188],[89.49446,26.26403],[89.49009,26.26622],[89.4875,26.26669],[89.48352,26.26492],[89.4828,26.2618],[89.48029,26.25953],[89.48037,26.25686],[89.47688,26.25248],[89.47744,26.25084],[89.4806,26.2499],[89.48356,26.24717],[89.48797,26.24449],[89.4891,26.23939],[89.48664,26.23408],[89.48591,26.23078],[89.48779,26.22447],[89.49058,26.22659],[89.49125,26.2228],[89.49324,26.22004],[89.4949,26.21848],[89.49758,26.21947],[89.50046,26.22232],[89.50424,26.22385],[89.50955,26.2222],[89.51328,26.22393],[89.51412,26.22702],[89.51314,26.23044],[89.5104,26.23299]]]},"properties":{"District":"Koch Bihar","Dist_LGD":"329","Sub_dist":"Koch Bihar - I","Subdis_LGD":"2183","Subdis_Typ":"Cd_Block","Vill_name":"Nawabganj Balasi","Vill_Cat":"Rural","Vill_LGD":"308198","arr_project":"asha1,asha2"}},
{"type":"Feature","geometry":{"type":"Polygon","coordinates":[[[89.47256,26.26086],[89.47484,26.26017],[89.48037,26.25686],[89.48029,26.25953],[89.4828,26.2618],[89.48352,26.26492],[89.4875,26.26669],[89.48701,26.26923],[89.48112,26.26866],[89.48198,26.27096],[89.47822,26.27215],[89.47558,26.26992],[89.47442,26.26739],[89.47183,26.26494],[89.47256,26.26086]]]},"properties":{"District":"Koch Bihar","Dist_LGD":"329","Sub_dist":"Koch Bihar - I","Subdis_LGD":"2183","Subdis_Typ":"Cd_Block","Vill_name":"Natuarpar","Vill_Cat":"Rural","Vill_LGD":"308188","arr_project":"asha1,asha2"}},
{"type":"Feature","geometry":{"type":"Polygon","coordinates":[[[89.47822,26.27215],[89.48198,26.27096],[89.48112,26.26866],[89.48701,26.26923],[89.48637,26.27408],[89.48273,26.27278],[89.47966,26.27402],[89.48107,26.27629],[89.47822,26.27215]]]},"properties":{"District":"Koch Bihar","Dist_LGD":"329","Sub_dist":"Koch Bihar - I","Subdis_LGD":"2183","Subdis_Typ":"Cd_Block","Vill_name":"Latkarpar","Vill_Cat":"Rural","Vill_LGD":"308189","arr_project":"asha1,asha2"}},
{"type":"Feature","geometry":{"type":"Polygon","coordinates":[[[89.46745,26.27359],[89.46887,26.26946],[89.46815,26.26628],[89.46624,26.2628],[89.4657,26.2593],[89.46669,26.25781],[89.47116,26.25779],[89.47256,26.26086],[89.47183,26.26494],[89.47442,26.26739],[89.47558,26.26992],[89.47822,26.27215],[89.48107,26.27629],[89.48232,26.27953],[89.47777,26.2809],[89.47278,26.2786],[89.46976,26.275],[89.46745,26.27359]]]},"properties":{"District":"Koch Bihar","Dist_LGD":"329","Sub_dist":"Koch Bihar - I","Subdis_LGD":"2183","Subdis_Typ":"Cd_Block","Vill_name":"Panigram Ghughumari","Vill_Cat":"Rural","Vill_LGD":"308187","arr_project":"asha1,asha2"}},
{"type":"Feature","geometry":{"type":"Polygon","coordinates":[[[89.44896,26.26433],[89.45177,26.26244],[89.45844,26.2634],[89.45811,26.26174],[89.45922,26.26279],[89.46624,26.2628],[89.46815,26.26628],[89.46887,26.26946],[89.46745,26.27359],[89.46287,26.27678],[89.45873,26.27396],[89.45629,26.27181],[89.45175,26.27021],[89.44906,26.26844],[89.44896,26.26433]]]},"properties":{"District":"Koch Bihar","Dist_LGD":"329","Sub_dist":"Koch Bihar - I","Subdis_LGD":"2183","Subdis_Typ":"Cd_Block","Vill_name":"Gangaler Kuthi","Vill_Cat":"Rural","Vill_LGD":"308186","arr_project":"asha1,asha2"}},
{"type":"Feature","geometry":{"type":"Polygon","coordinates":[[[89.45873,26.27396],[89.46287,26.27678],[89.46745,26.27359],[89.46976,26.275],[89.47278,26.2786],[89.47777,26.2809],[89.48232,26.27953],[89.48448,26.282],[89.48276,26.2865],[89.48109,26.28917],[89.47814,26.29141],[89.47413,26.29047],[89.47351,26.28683],[89.47121,26.28653],[89.46754,26.28832],[89.46077,26.28281],[89.4574,26.28308],[89.45578,26.27701],[89.45873,26.27396]]]},"properties":{"District":"Koch Bihar","Dist_LGD":"329","Sub_dist":"Koch Bihar - I","Subdis_LGD":"2183","Subdis_Typ":"Cd_Block","Vill_name":"Dhaliabari (Ct)","Vill_Cat":"Partly_Urban","Vill_LGD":"308213","arr_project":"asha1,asha2"}},
{"type":"Feature","geometry":{"type":"Polygon","coordinates":[[[89.45818,26.26081],[89.45839,26.259],[89.45447,26.2516],[89.45418,26.24964],[89.45904,26.2455],[89.46326,26.24505],[89.46566,26.24584],[89.47115,26.24662],[89.47378,26.24777],[89.47744,26.25084],[89.47688,26.25248],[89.48037,26.25686],[89.47484,26.26017],[89.47256,26.26086],[89.47116,26.25779],[89.46669,26.25781],[89.4657,26.2593],[89.46624,26.2628],[89.45922,26.26279],[89.45811,26.26174],[89.45818,26.26081]]]},"properties":{"District":"Koch Bihar","Dist_LGD":"329","Sub_dist":"Koch Bihar - I","Subdis_LGD":"2183","Subdis_Typ":"Cd_Block","Vill_name":"Ghegirghat","Vill_Cat":"Rural","Vill_LGD":"308185","arr_project":"asha1,asha2"}},
{"type":"Feature","geometry":{"type":"Polygon","coordinates":[[[89.46566,26.24584],[89.46325,26.24388],[89.46935,26.24369],[89.47593,26.24243],[89.4808,26.24498],[89.48356,26.24717],[89.4806,26.2499],[89.47744,26.25084],[89.47378,26.24777],[89.47115,26.24662],[89.46566,26.24584]]]},"properties":{"District":"Koch Bihar","Dist_LGD":"329","Sub_dist":"Koch Bihar - I","Subdis_LGD":"2183","Subdis_Typ":"Cd_Block","Vill_name":"Shishabguri","Vill_Cat":"Rural","Vill_LGD":"308184","arr_project":"asha1,asha2"}},
{"type":"Feature","geometry":{"type":"Polygon","coordinates":[[[89.48779,26.22447],[89.48591,26.23078],[89.48664,26.23408],[89.4891,26.23939],[89.48797,26.24449],[89.48356,26.24717],[89.4808,26.24498],[89.47593,26.24243],[89.46935,26.24369],[89.46325,26.24388],[89.46566,26.24584],[89.46326,26.24505],[89.46157,26.24087],[89.45676,26.23806],[89.45703,26.23532],[89.46176,26.23416],[89.4622,26.23271],[89.46772,26.23479],[89.477,26.22721],[89.47905,26.22513],[89.48253,26.22568],[89.48202,26.22319],[89.4857,26.22207],[89.48779,26.22447]]]},"properties":{"District":"Koch Bihar","Dist_LGD":"329","Sub_dist":"Koch Bihar - I","Subdis_LGD":"2183","Subdis_Typ":"Cd_Block","Vill_name":"Dewan Hatmoamari","Vill_Cat":"Rural","Vill_LGD":"308183","arr_project":"asha1,asha2"}},
{"type":"Feature","geometry":{"type":"Polygon","coordinates":[[[89.44372,26.23935],[89.44527,26.23529],[89.4507,26.2334],[89.45138,26.23237],[89.44994,26.22774],[89.44784,26.22551],[89.44866,26.22224],[89.45178,26.22223],[89.45551,26.22733],[89.4561,26.22967],[89.46073,26.23104],[89.4622,26.23271],[89.46176,26.23416],[89.45703,26.23532],[89.45676,26.23806],[89.46157,26.24087],[89.46326,26.24505],[89.45904,26.2455],[89.45418,26.24964],[89.45447,26.2516],[89.45839,26.259],[89.45818,26.26081],[89.45004,26.25962],[89.44601,26.2572],[89.44644,26.25277],[89.45032,26.25228],[89.44924,26.24342],[89.44853,26.24209],[89.44372,26.23935]]]},"properties":{"District":"Koch Bihar","Dist_LGD":"329","Sub_dist":"Koch Bihar - I","Subdis_LGD":"2183","Subdis_Typ":"Cd_Block","Vill_name":"Pushnadanga","Vill_Cat":"Rural","Vill_LGD":"308181","arr_project":"asha1,asha2"}},
{"type":"Feature","geometry":{"type":"Polygon","coordinates":[[[89.47905,26.22513],[89.477,26.22721],[89.46772,26.23479],[89.4622,26.23271],[89.46073,26.23104],[89.46235,26.23007],[89.46817,26.22853],[89.47301,26.22106],[89.47541,26.21936],[89.47761,26.22097],[89.47905,26.22513]]]},"properties":{"District":"Koch Bihar","Dist_LGD":"329","Sub_dist":"Koch Bihar - I","Subdis_LGD":"2183","Subdis_Typ":"Cd_Block","Vill_name":"Atharanala","Vill_Cat":"Rural","Vill_LGD":"308182","arr_project":"asha1,asha2"}},
{"type":"Feature","geometry":{"type":"Polygon","coordinates":[[[89.52872,26.24816],[89.52171,26.25176],[89.51785,26.2554],[89.51405,26.25508],[89.51232,26.25261],[89.51401,26.25],[89.51607,26.24171],[89.51448,26.2375],[89.51482,26.23472],[89.51665,26.2307],[89.52211,26.23055],[89.52524,26.22931],[89.52598,26.22901],[89.52852,26.23066],[89.52708,26.23208],[89.52408,26.23394],[89.52406,26.23776],[89.53047,26.23805],[89.5329,26.24236],[89.52916,26.2462],[89.52872,26.24816]]]},"properties":{"District":"Koch Bihar","Dist_LGD":"329","Sub_dist":"Koch Bihar - I","Subdis_LGD":"2183","Subdis_Typ":"Cd_Block","Vill_name":"Jiranpur","Vill_Cat":"Rural","Vill_LGD":"308200","arr_project":"asha1,asha2"}},
{"type":"Feature","geometry":{"type":"Polygon","coordinates":[[[89.51401,26.25],[89.51168,26.25011],[89.51104,26.24698],[89.50741,26.24637],[89.50818,26.24412],[89.50577,26.24284],[89.50121,26.24758],[89.50325,26.24138],[89.50604,26.23624],[89.5104,26.23299],[89.51441,26.23105],[89.51572,26.22923],[89.51665,26.2307],[89.51482,26.23472],[89.51448,26.2375],[89.51607,26.24171],[89.51401,26.25]]]},"properties":{"District":"Koch Bihar","Dist_LGD":"329","Sub_dist":"Koch Bihar - I","Subdis_LGD":"2183","Subdis_Typ":"Cd_Block","Vill_name":"Gosainganj","Vill_Cat":"Rural","Vill_LGD":"308199","arr_project":"asha1,asha2"}},
{"type":"Feature","geometry":{"type":"Polygon","coordinates":[[[89.53994,26.23718],[89.53678,26.23792],[89.5329,26.24236],[89.53047,26.23805],[89.52406,26.23776],[89.52408,26.23394],[89.52708,26.23208],[89.53187,26.23281],[89.53559,26.2311],[89.53702,26.22908],[89.54125,26.22951],[89.54517,26.23034],[89.54111,26.23409],[89.53994,26.23718]]]},"properties":{"District":"Koch Bihar","Dist_LGD":"329","Sub_dist":"Koch Bihar - I","Subdis_LGD":"2183","Subdis_Typ":"Cd_Block","Vill_name":"Tupamari Dewanbas","Vill_Cat":"Rural","Vill_LGD":"308207","arr_project":"asha1,asha2"}},
{"type":"Feature","geometry":{"type":"Polygon","coordinates":[[[89.30031,26.27965],[89.29768,26.2785],[89.29371,26.2788],[89.29318,26.28061],[89.29008,26.27955],[89.2848,26.27906],[89.29033,26.27742],[89.28507,26.27419],[89.28907,26.2719],[89.29039,26.26641],[89.28895,26.26313],[89.29327,26.26212],[89.29456,26.2598],[89.29564,26.2611],[89.30343,26.26484],[89.3004,26.27089],[89.30129,26.27652],[89.30031,26.27965]]]},"properties":{"District":"Koch Bihar","Dist_LGD":"329","Sub_dist":"Koch Bihar - I","Subdis_LGD":"2183","Subdis_Typ":"Cd_Block","Vill_name":"Maghpala","Vill_Cat":"Rural","Vill_LGD":"308115","arr_project":"asha1,asha2"}},
{"type":"Feature","geometry":{"type":"Polygon","coordinates":[[[89.29318,26.28061],[89.29371,26.2788],[89.29768,26.2785],[89.30031,26.27965],[89.29681,26.2835],[89.29318,26.28061]]]},"properties":{"District":"Koch Bihar","Dist_LGD":"329","Sub_dist":"Koch Bihar - I","Subdis_LGD":"2183","Subdis_Typ":"Cd_Block","Vill_name":"Bhoterhat","Vill_Cat":"Rural","Vill_LGD":"308114","arr_project":"asha1,asha2"}},
{"type":"Feature","geometry":{"type":"Polygon","coordinates":[[[89.28188,26.30636],[89.28126,26.30808],[89.27417,26.30728],[89.2721,26.30448],[89.27189,26.30148],[89.2773,26.29901],[89.28546,26.29928],[89.28794,26.29844],[89.29505,26.29945],[89.29796,26.30106],[89.29818,26.30404],[89.2964,26.30656],[89.29292,26.30645],[89.2878,26.30214],[89.28293,26.30319],[89.28188,26.30636]]]},"properties":{"District":"Koch Bihar","Dist_LGD":"329","Sub_dist":"Koch Bihar - I","Subdis_LGD":"2183","Subdis_Typ":"Cd_Block","Vill_name":"Paschim Haribhanga","Vill_Cat":"Rural","Vill_LGD":"308112","arr_project":"asha1,asha2"}},
{"type":"Feature","geometry":{"type":"Polygon","coordinates":[[[89.37632,26.47791],[89.36657,26.48931],[89.36382,26.49163],[89.35905,26.49375],[89.35689,26.49655],[89.35522,26.49654],[89.34757,26.48919],[89.34359,26.48686],[89.34173,26.48679],[89.33498,26.48964],[89.32576,26.49484],[89.32244,26.48853],[89.31896,26.48528],[89.31318,26.4845],[89.31412,26.48097],[89.31813,26.47778],[89.32737,26.47526],[89.3385,26.47804],[89.35802,26.47601],[89.362,26.47626],[89.36725,26.47509],[89.37121,26.4751],[89.37632,26.47791]]]},"properties":{"District":"Koch Bihar","Dist_LGD":"329","Sub_dist":"Koch Bihar - Ii","Subdis_LGD":"2184","Subdis_Typ":"Cd_Block","Vill_name":"Chhat Singimari","Vill_Cat":"Rural","Vill_LGD":"308219","arr_project":"asha1,asha2"}},
{"type":"Feature","geometry":{"type":"Polygon","coordinates":[[[89.38321,26.47064],[89.38213,26.47368],[89.37858,26.47418],[89.37632,26.47791],[89.37121,26.4751],[89.36725,26.47509],[89.362,26.47626],[89.35802,26.47601],[89.36036,26.46873],[89.35956,26.46349],[89.35536,26.45846],[89.35741,26.45569],[89.35657,26.45255],[89.36082,26.45745],[89.36755,26.45423],[89.37567,26.46056],[89.37845,26.46676],[89.37791,26.46873],[89.38321,26.47064]]]},"properties":{"District":"Koch Bihar","Dist_LGD":"329","Sub_dist":"Koch Bihar - Ii","Subdis_LGD":"2184","Subdis_Typ":"Cd_Block","Vill_name":"Sukhdhanerkuthi","Vill_Cat":"Rural","Vill_LGD":"308220","arr_project":"asha1,asha2"}},
{"type":"Feature","geometry":{"type":"Polygon","coordinates":[[[89.42307,26.26783],[89.42593,26.26474],[89.42851,26.26334],[89.42945,26.25932],[89.4369,26.25856],[89.43984,26.26024],[89.4434,26.25997],[89.44443,26.25817],[89.44601,26.2572],[89.45004,26.25962],[89.45818,26.26081],[89.45811,26.26174],[89.45844,26.2634],[89.45177,26.26244],[89.44896,26.26433],[89.44797,26.26028],[89.44482,26.2606],[89.44146,26.2628],[89.4338,26.2678],[89.43397,26.27108],[89.42647,26.26831],[89.42307,26.26783]]]},"properties":{"District":"Koch Bihar","Dist_LGD":"329","Sub_dist":"Koch Bihar - I","Subdis_LGD":"2183","Subdis_Typ":"Cd_Block","Vill_name":"Hourgari","Vill_Cat":"Rural","Vill_LGD":"308096","arr_project":"asha1,asha2"}},
{"type":"Feature","geometry":{"type":"Polygon","coordinates":[[[89.41715,26.21025],[89.41826,26.20618],[89.41781,26.20382],[89.41797,26.20318],[89.42243,26.20474],[89.42314,26.20632],[89.42697,26.20674],[89.42742,26.2097],[89.42747,26.21121],[89.42198,26.21502],[89.4176,26.21345],[89.41715,26.21025]]]},"properties":{"District":"Koch Bihar","Dist_LGD":"329","Sub_dist":"Koch Bihar - I","Subdis_LGD":"2183","Subdis_Typ":"Cd_Block","Vill_name":"Jongra","Vill_Cat":"Rural","Vill_LGD":"308176","arr_project":"asha1,asha2"}},
{"type":"Feature","geometry":{"type":"Polygon","coordinates":[[[89.45652,26.40496],[89.45507,26.40142],[89.45901,26.39839],[89.46539,26.399],[89.46587,26.39671],[89.46899,26.39695],[89.46853,26.39407],[89.47039,26.39178],[89.47305,26.39196],[89.47312,26.39692],[89.47077,26.39722],[89.46633,26.40421],[89.46516,26.40871],[89.46214,26.40564],[89.45652,26.40496]]]},"properties":{"District":"Koch Bihar","Dist_LGD":"329","Sub_dist":"Koch Bihar - Ii","Subdis_LGD":"2184","Subdis_Typ":"Cd_Block","Vill_name":"Chhagalber","Vill_Cat":"Rural","Vill_LGD":"308250","arr_project":"asha1,asha2"}},
{"type":"Feature","geometry":{"type":"Polygon","coordinates":[[[89.43537,26.39517],[89.44123,26.39162],[89.43968,26.38846],[89.44284,26.38731],[89.44496,26.38898],[89.44485,26.39358],[89.44982,26.39284],[89.45169,26.39949],[89.44671,26.39914],[89.44485,26.39723],[89.44154,26.39663],[89.43981,26.39838],[89.43209,26.40104],[89.43173,26.39942],[89.43537,26.39517]]]},"properties":{"District":"Koch Bihar","Dist_LGD":"329","Sub_dist":"Koch Bihar - Ii","Subdis_LGD":"2184","Subdis_Typ":"Cd_Block","Vill_name":"Nageswarguri","Vill_Cat":"Rural","Vill_LGD":"308253","arr_project":"asha1,asha2"}},
{"type":"Feature","geometry":{"type":"Polygon","coordinates":[[[89.39732,26.37927],[89.39803,26.37796],[89.39801,26.37134],[89.399,26.36565],[89.40235,26.36674],[89.40376,26.37037],[89.40354,26.37262],[89.40536,26.37624],[89.40906,26.37462],[89.41084,26.37501],[89.41069,26.37712],[89.40974,26.37919],[89.40414,26.37928],[89.40224,26.38057],[89.39732,26.37927]]]},"properties":{"District":"Koch Bihar","Dist_LGD":"329","Sub_dist":"Koch Bihar - Ii","Subdis_LGD":"2184","Subdis_Typ":"Cd_Block","Vill_name":"Kachubanbaran Khana","Vill_Cat":"Rural","Vill_LGD":"308285","arr_project":"asha1,asha2"}},
{"type":"Feature","geometry":{"type":"Polygon","coordinates":[[[89.05433,26.27809],[89.05999,26.27757],[89.06221,26.27847],[89.06288,26.28131],[89.06143,26.28361],[89.05739,26.28559],[89.05994,26.28755],[89.06043,26.29165],[89.05744,26.29395],[89.05534,26.2926],[89.05289,26.29337],[89.05221,26.29604],[89.0463,26.29566],[89.04528,26.28881],[89.05023,26.28877],[89.04824,26.28584],[89.04825,26.28145],[89.05009,26.2811],[89.05433,26.27809]]]},"properties":{"District":"Koch Bihar","Dist_LGD":"329","Sub_dist":"Mekliganj","Subdis_LGD":"2180","Subdis_Typ":"Cd_Block","Vill_name":"Purba Upanchauki Kuchlibari","Vill_Cat":"Rural","Vill_LGD":"307726","arr_project":"asha1,asha2"}},
{"type":"Feature","geometry":{"type":"Polygon","coordinates":[[[88.94932,26.49766],[88.94494,26.49819],[88.9456,26.50128],[88.94483,26.5059],[88.94189,26.50585],[88.94001,26.50426],[88.93979,26.50158],[88.94301,26.499],[88.94327,26.49599],[88.94846,26.49557],[88.94932,26.49766]]]},"properties":{"District":"Koch Bihar","Dist_LGD":"329","Sub_dist":"Mekliganj","Subdis_LGD":"2180","Subdis_Typ":"Cd_Block","Vill_name":"Uttar Kamat Changrabandha","Vill_Cat":"Rural","Vill_LGD":"307753","arr_project":"asha1,asha2"}},
{"type":"Feature","geometry":{"type":"Polygon","coordinates":[[[89.02079,26.52318],[89.0121,26.52661],[89.01161,26.52071],[89.0097,26.51991],[89.00653,26.51613],[89.0072,26.51425],[89.0105,26.51135],[89.01442,26.50988],[89.01613,26.51093],[89.01691,26.51697],[89.01863,26.51725],[89.02079,26.52318]]]},"properties":{"District":"Koch Bihar","Dist_LGD":"329","Sub_dist":"Mekliganj","Subdis_LGD":"2180","Subdis_Typ":"Cd_Block","Vill_name":"Uttar Dhulia Baldiahati","Vill_Cat":"Rural","Vill_LGD":"307734","arr_project":"asha1,asha2"}},
{"type":"Feature","geometry":{"type":"Polygon","coordinates":[[[88.93775,26.33528],[88.93801,26.33483],[88.94163,26.33086],[88.94208,26.32723],[88.94711,26.32718],[88.947,26.32354],[88.94347,26.32341],[88.946,26.31707],[88.94897,26.31837],[88.95167,26.31652],[88.95415,26.31758],[88.9578,26.31756],[88.96242,26.31983],[88.96388,26.32435],[88.96217,26.32747],[88.96394,26.33139],[88.95955,26.33204],[88.96025,26.33007],[88.95218,26.33235],[88.95182,26.33999],[88.94547,26.33949],[88.9451,26.33755],[88.93775,26.33528]]]},"properties":{"District":"Koch Bihar","Dist_LGD":"329","Sub_dist":"Mekliganj","Subdis_LGD":"2180","Subdis_Typ":"Cd_Block","Vill_name":"Fulkardabri","Vill_Cat":"Rural","Vill_LGD":"307707","arr_project":"asha1,asha2"}},
{"type":"Feature","geometry":{"type":"Polygon","coordinates":[[[88.91463,26.38435],[88.91882,26.39428],[88.91724,26.40321],[88.91283,26.40308],[88.90951,26.40164],[88.90971,26.39752],[88.9109,26.39668],[88.91044,26.39328],[88.90615,26.39335],[88.91182,26.391],[88.91014,26.38806],[88.91352,26.38701],[88.91463,26.38435]]]},"properties":{"District":"Koch Bihar","Dist_LGD":"329","Sub_dist":"Mekliganj","Subdis_LGD":"2180","Subdis_Typ":"Cd_Block","Vill_name":"Lotamari","Vill_Cat":"Rural","Vill_LGD":"307816","arr_project":"asha1,asha2"}},
{"type":"Feature","geometry":{"type":"Polygon","coordinates":[[[88.78764,26.33847],[88.78681,26.34218],[88.78177,26.34422],[88.7792,26.34243],[88.77535,26.34326],[88.77491,26.33545],[88.77807,26.33175],[88.77761,26.33064],[88.78066,26.32779],[88.78426,26.3319],[88.78551,26.33588],[88.78764,26.33847]]]},"properties":{"District":"Koch Bihar","Dist_LGD":"329","Sub_dist":"Haldibari","Subdis_LGD":"2179","Subdis_Typ":"Cd_Block","Vill_name":"Haldibari (M)","Vill_Cat":"Fully_Urban","Vill_LGD":"801643","arr_project":"asha1,asha2"}},
{"type":"Feature","geometry":{"type":"Polygon","coordinates":[[[88.94461,26.27241],[88.9443,26.26925],[88.94163,26.2698],[88.9428,26.26537],[88.94701,26.26437],[88.94853,26.26061],[88.95179,26.25898],[88.95363,26.2595],[88.95349,26.26497],[88.95023,26.26851],[88.94461,26.27241]]]},"properties":{"District":"Koch Bihar","Dist_LGD":"329","Sub_dist":"Mekliganj","Subdis_LGD":"2180","Subdis_Typ":"Cd_Block","Vill_name":"Kharkharia","Vill_Cat":"Rural","Vill_LGD":"307694","arr_project":"asha1,asha2"}},
{"type":"Feature","geometry":{"type":"Polygon","coordinates":[[[88.92846,26.34625],[88.93474,26.34672],[88.93624,26.34833],[88.93561,26.35081],[88.93351,26.35313],[88.92848,26.35052],[88.92799,26.34828],[88.92846,26.34625]]]},"properties":{"District":"Koch Bihar","Dist_LGD":"329","Sub_dist":"Mekliganj","Subdis_LGD":"2180","Subdis_Typ":"Cd_Block","Vill_name":"Chhota Fulkar Dabri Bajejama","Vill_Cat":"Rural","Vill_LGD":"307686","arr_project":"asha1,asha2"}},
{"type":"Feature","geometry":{"type":"Polygon","coordinates":[[[88.99871,26.50886],[88.9971,26.50864],[88.99612,26.51197],[88.99089,26.5116],[88.98915,26.50995],[88.99068,26.50324],[88.99533,26.50279],[88.99455,26.49992],[88.99636,26.50156],[89.00122,26.5037],[89.00131,26.506],[88.99908,26.50653],[88.99871,26.50886]]]},"properties":{"District":"Koch Bihar","Dist_LGD":"329","Sub_dist":"Mekliganj","Subdis_LGD":"2180","Subdis_Typ":"Cd_Block","Vill_name":"Jalsua","Vill_Cat":"Rural","Vill_LGD":"307739","arr_project":"asha1,asha2"}},
{"type":"Feature","geometry":{"type":"Polygon","coordinates":[[[89.43397,26.27108],[89.4338,26.2678],[89.44146,26.2628],[89.4388,26.27068],[89.43397,26.27108]]]},"properties":{"District":"Koch Bihar","Dist_LGD":"329","Sub_dist":"Koch Bihar - I","Subdis_LGD":"2183","Subdis_Typ":"Cd_Block","Vill_name":"Hirar Kuthi","Vill_Cat":"Rural","Vill_LGD":"308095","arr_project":"asha1,asha2"}},
{"type":"Feature","geometry":{"type":"Polygon","coordinates":[[[89.43189,26.23812],[89.43088,26.2393],[89.42338,26.23938],[89.42393,26.24182],[89.42158,26.24345],[89.41845,26.24402],[89.41817,26.24397],[89.4141,26.23916],[89.41164,26.23518],[89.41087,26.2303],[89.40792,26.22765],[89.40983,26.22506],[89.41007,26.22051],[89.41194,26.21789],[89.41437,26.21867],[89.41657,26.21633],[89.41216,26.2149],[89.41341,26.21221],[89.41715,26.21025],[89.4176,26.21345],[89.42198,26.21502],[89.42747,26.21121],[89.42742,26.2097],[89.43231,26.20944],[89.43494,26.20852],[89.43904,26.20926],[89.44147,26.21175],[89.44179,26.21497],[89.4433,26.21589],[89.44427,26.22043],[89.44102,26.21954],[89.43512,26.21965],[89.43456,26.22883],[89.43687,26.23211],[89.43165,26.2331],[89.43189,26.23812]]]},"properties":{"District":"Koch Bihar","Dist_LGD":"329","Sub_dist":"Koch Bihar - I","Subdis_LGD":"2183","Subdis_Typ":"Cd_Block","Vill_name":"Hari Bhanga","Vill_Cat":"Rural","Vill_LGD":"308177","arr_project":"asha1,asha2"}},
{"type":"Feature","geometry":{"type":"Polygon","coordinates":[[[89.48428,26.30415],[89.48604,26.30317],[89.49008,26.30448],[89.49339,26.30341],[89.49404,26.30617],[89.49794,26.30606],[89.49687,26.30838],[89.49615,26.31397],[89.49459,26.3167],[89.49503,26.3198],[89.49256,26.3201],[89.49184,26.32422],[89.48938,26.32282],[89.48743,26.32356],[89.48237,26.32337],[89.48146,26.31966],[89.47981,26.31561],[89.48207,26.31431],[89.48016,26.3115],[89.48368,26.30867],[89.48428,26.30415]]]},"properties":{"District":"Koch Bihar","Dist_LGD":"329","Sub_dist":"Koch Bihar - I","Subdis_LGD":"2183","Subdis_Typ":"Cd_Block","Vill_name":"Jhinaidanga","Vill_Cat":"Rural","Vill_LGD":"308077","arr_project":"asha1,asha2"}},
{"type":"Feature","geometry":{"type":"Polygon","coordinates":[[[89.45388,26.30253],[89.45775,26.30156],[89.45768,26.29869],[89.4614,26.2976],[89.46447,26.29897],[89.46769,26.29678],[89.46841,26.29897],[89.47213,26.29962],[89.47265,26.30209],[89.47629,26.30174],[89.47673,26.30383],[89.47449,26.30908],[89.47224,26.31226],[89.47366,26.31617],[89.46805,26.32146],[89.4674,26.31611],[89.46332,26.31651],[89.45598,26.31818],[89.44902,26.31639],[89.44738,26.3145],[89.4477,26.3099],[89.44612,26.30593],[89.4502,26.30556],[89.45022,26.30388],[89.45388,26.30253]]]},"properties":{"District":"Koch Bihar","Dist_LGD":"329","Sub_dist":"Koch Bihar - I","Subdis_LGD":"2183","Subdis_Typ":"Cd_Block","Vill_name":"Guriahati (Ct)","Vill_Cat":"Partly_Urban","Vill_LGD":"308212","arr_project":"asha1,asha2"}},
{"type":"Feature","geometry":{"type":"Polygon","coordinates":[[[89.47366,26.31617],[89.47224,26.31226],[89.47449,26.30908],[89.47673,26.30383],[89.48224,26.29895],[89.48428,26.30415],[89.48368,26.30867],[89.48016,26.3115],[89.48207,26.31431],[89.47981,26.31561],[89.47732,26.31505],[89.47366,26.31617]]]},"properties":{"District":"Koch Bihar","Dist_LGD":"329","Sub_dist":"Koch Bihar - I","Subdis_LGD":"2183","Subdis_Typ":"Cd_Block","Vill_name":"Lankabar","Vill_Cat":"Rural","Vill_LGD":"308078","arr_project":"asha1,asha2"}},
{"type":"Feature","geometry":{"type":"Polygon","coordinates":[[[89.46769,26.29678],[89.46848,26.29529],[89.47413,26.29047],[89.47814,26.29141],[89.48109,26.28917],[89.48577,26.29169],[89.48776,26.29525],[89.48224,26.29895],[89.47673,26.30383],[89.47629,26.30174],[89.47265,26.30209],[89.47213,26.29962],[89.46841,26.29897],[89.46769,26.29678]]]},"properties":{"District":"Koch Bihar","Dist_LGD":"329","Sub_dist":"Koch Bihar - I","Subdis_LGD":"2183","Subdis_Typ":"Cd_Block","Vill_name":"Ghoramara","Vill_Cat":"Rural","Vill_LGD":"308193","arr_project":"asha1,asha2"}},
{"type":"Feature","geometry":{"type":"Polygon","coordinates":[[[89.44936,26.29655],[89.45127,26.29481],[89.45019,26.29282],[89.45313,26.291],[89.45182,26.28867],[89.44905,26.29006],[89.44676,26.29406],[89.44498,26.29435],[89.44455,26.29232],[89.44617,26.29029],[89.4549,26.28506],[89.4567,26.28567],[89.45756,26.2892],[89.45929,26.29159],[89.4638,26.29408],[89.46496,26.2967],[89.46447,26.29897],[89.4614,26.2976],[89.45768,26.29869],[89.45775,26.30156],[89.45388,26.30253],[89.45324,26.29853],[89.44933,26.29892],[89.44936,26.29655]]]},"properties":{"District":"Koch Bihar","Dist_LGD":"329","Sub_dist":"Koch Bihar - I","Subdis_LGD":"2183","Subdis_Typ":"Cd_Block","Vill_name":"Harinchaowra","Vill_Cat":"Rural","Vill_LGD":"308079","arr_project":"asha1,asha2"}},
{"type":"Feature","geometry":{"type":"Polygon","coordinates":[[[89.42304,26.29148],[89.42175,26.29605],[89.42201,26.29805],[89.42619,26.29942],[89.42902,26.29529],[89.42908,26.29139],[89.43686,26.2822],[89.43824,26.28178],[89.4395,26.27457],[89.43874,26.27122],[89.4388,26.27068],[89.44146,26.2628],[89.44482,26.2606],[89.44797,26.26028],[89.44896,26.26433],[89.44906,26.26844],[89.45175,26.27021],[89.45629,26.27181],[89.45873,26.27396],[89.45578,26.27701],[89.4574,26.28308],[89.46077,26.28281],[89.46754,26.28832],[89.47121,26.28653],[89.47351,26.28683],[89.47413,26.29047],[89.46848,26.29529],[89.46769,26.29678],[89.46447,26.29897],[89.46496,26.2967],[89.4638,26.29408],[89.45929,26.29159],[89.45756,26.2892],[89.4567,26.28567],[89.4549,26.28506],[89.44617,26.29029],[89.44455,26.29232],[89.44498,26.29435],[89.44608,26.29877],[89.44677,26.30113],[89.44415,26.30546],[89.4394,26.30759],[89.43693,26.31104],[89.43437,26.31182],[89.43538,26.30873],[89.43357,26.3081],[89.42683,26.30807],[89.42406,26.30861],[89.42362,26.30583],[89.41873,26.30556],[89.42024,26.29993],[89.41838,26.29998],[89.41669,26.29765],[89.41869,26.29479],[89.42304,26.29148]]]},"properties":{"District":"Koch Bihar","Dist_LGD":"329","Sub_dist":"Koch Bihar - I","Subdis_LGD":"2183","Subdis_Typ":"Cd_Block","Vill_name":"Ghughumari","Vill_Cat":"Rural","Vill_LGD":"308082","arr_project":"asha1,asha2"}},
{"type":"Feature","geometry":{"type":"Polygon","coordinates":[[[89.48577,26.29169],[89.48822,26.28704],[89.49453,26.28672],[89.49478,26.29248],[89.48776,26.29525],[89.48577,26.29169]]]},"properties":{"District":"Koch Bihar","Dist_LGD":"329","Sub_dist":"Koch Bihar - I","Subdis_LGD":"2183","Subdis_Typ":"Cd_Block","Vill_name":"Bhojanpur Katnatipara","Vill_Cat":"Rural","Vill_LGD":"308194","arr_project":"asha1,asha2"}},
{"type":"Feature","geometry":{"type":"Polygon","coordinates":[[[89.48577,26.29169],[89.48109,26.28917],[89.48276,26.2865],[89.48633,26.28625],[89.48822,26.28704],[89.48577,26.29169]]]},"properties":{"District":"Koch Bihar","Dist_LGD":"329","Sub_dist":"Koch Bihar - I","Subdis_LGD":"2183","Subdis_Typ":"Cd_Block","Vill_name":"Dakshin Boragari","Vill_Cat":"Rural","Vill_LGD":"308192","arr_project":"asha1,asha2"}},
{"type":"Feature","geometry":{"type":"Polygon","coordinates":[[[89.39242,26.31297],[89.38859,26.30679],[89.38377,26.30323],[89.38293,26.30023],[89.38438,26.29462],[89.38665,26.2946],[89.38732,26.29152],[89.39411,26.29018],[89.40192,26.29046],[89.40435,26.29354],[89.40289,26.29711],[89.40258,26.30036],[89.40434,26.30548],[89.4104,26.31014],[89.40835,26.31313],[89.40551,26.3138],[89.40183,26.31159],[89.39881,26.31177],[89.39612,26.31361],[89.39242,26.31297]]]},"properties":{"District":"Koch Bihar","Dist_LGD":"329","Sub_dist":"Koch Bihar - I","Subdis_LGD":"2183","Subdis_Typ":"Cd_Block","Vill_name":"Dudher Kuthidewanbas","Vill_Cat":"Rural","Vill_LGD":"308090","arr_project":"asha1,asha2"}},
{"type":"Feature","geometry":{"type":"Polygon","coordinates":[[[89.40289,26.29711],[89.40435,26.29354],[89.40192,26.29046],[89.40337,26.28849],[89.40667,26.28835],[89.41239,26.28633],[89.41469,26.28843],[89.41126,26.29057],[89.41595,26.29421],[89.41869,26.29479],[89.41669,26.29765],[89.41838,26.29998],[89.42024,26.29993],[89.41873,26.30556],[89.41482,26.30739],[89.41281,26.30593],[89.40778,26.30546],[89.40539,26.30299],[89.40289,26.29711]]]},"properties":{"District":"Koch Bihar","Dist_LGD":"329","Sub_dist":"Koch Bihar - I","Subdis_LGD":"2183","Subdis_Typ":"Cd_Block","Vill_name":"Kalabarighat (Ct)","Vill_Cat":"Partly_Urban","Vill_LGD":"308091","arr_project":"asha1,asha2"}},
{"type":"Feature","geometry":{"type":"Polygon","coordinates":[[[89.41873,26.30556],[89.42362,26.30583],[89.42406,26.30861],[89.4202,26.30913],[89.41783,26.31168],[89.41482,26.30739],[89.41873,26.30556]]]},"properties":{"District":"Koch Bihar","Dist_LGD":"329","Sub_dist":"Koch Bihar - I","Subdis_LGD":"2183","Subdis_Typ":"Cd_Block","Vill_name":"Malerjhar","Vill_Cat":"Rural","Vill_LGD":"308083","arr_project":"asha1,asha2"}},
{"type":"Feature","geometry":{"type":"Polygon","coordinates":[[[89.42406,26.30861],[89.42683,26.30807],[89.43357,26.3081],[89.43538,26.30873],[89.43437,26.31182],[89.42997,26.31361],[89.42757,26.31582],[89.42499,26.31678],[89.42215,26.31422],[89.41704,26.31393],[89.41783,26.31168],[89.4202,26.30913],[89.42406,26.30861]]]},"properties":{"District":"Koch Bihar","Dist_LGD":"329","Sub_dist":"Koch Bihar - I","Subdis_LGD":"2183","Subdis_Typ":"Cd_Block","Vill_name":"Bheladanga","Vill_Cat":"Rural","Vill_LGD":"308084","arr_project":"asha1,asha2"}},
{"type":"Feature","geometry":{"type":"Polygon","coordinates":[[[89.41271,26.284],[89.41818,26.28486],[89.42115,26.28415],[89.42364,26.28798],[89.42304,26.29148],[89.41869,26.29479],[89.41595,26.29421],[89.41126,26.29057],[89.41469,26.28843],[89.41239,26.28633],[89.41271,26.284]]]},"properties":{"District":"Koch Bihar","Dist_LGD":"329","Sub_dist":"Koch Bihar - I","Subdis_LGD":"2183","Subdis_Typ":"Cd_Block","Vill_name":"Chandisal","Vill_Cat":"Rural","Vill_LGD":"308092","arr_project":"asha1,asha2"}},
{"type":"Feature","geometry":{"type":"Polygon","coordinates":[[[89.41623,26.27383],[89.41433,26.27235],[89.41486,26.26986],[89.41692,26.26791],[89.42307,26.26783],[89.42647,26.26831],[89.43397,26.27108],[89.4388,26.27068],[89.43874,26.27122],[89.4355,26.27967],[89.43391,26.28107],[89.42877,26.28303],[89.42455,26.28291],[89.42195,26.28198],[89.4212,26.27832],[89.42277,26.27575],[89.4199,26.27371],[89.41668,26.2743],[89.41623,26.27383]]]},"properties":{"District":"Koch Bihar","Dist_LGD":"329","Sub_dist":"Koch Bihar - I","Subdis_LGD":"2183","Subdis_Typ":"Cd_Block","Vill_name":"Charaker Kuthi","Vill_Cat":"Rural","Vill_LGD":"308094","arr_project":"asha1,asha2"}},
{"type":"Feature","geometry":{"type":"Polygon","coordinates":[[[89.42115,26.28415],[89.42195,26.28198],[89.42455,26.28291],[89.42877,26.28303],[89.43391,26.28107],[89.4355,26.27967],[89.43874,26.27122],[89.4395,26.27457],[89.43824,26.28178],[89.43686,26.2822],[89.42908,26.29139],[89.42902,26.29529],[89.42619,26.29942],[89.42201,26.29805],[89.42175,26.29605],[89.42304,26.29148],[89.42364,26.28798],[89.42115,26.28415]]]},"properties":{"District":"Koch Bihar","Dist_LGD":"329","Sub_dist":"Koch Bihar - I","Subdis_LGD":"2183","Subdis_Typ":"Cd_Block","Vill_name":"Charaker Kuthi Dewanbas","Vill_Cat":"Rural","Vill_LGD":"308093","arr_project":"asha1,asha2"}},
{"type":"Feature","geometry":{"type":"Polygon","coordinates":[[[89.41271,26.284],[89.40916,26.28272],[89.40999,26.28093],[89.41542,26.27954],[89.41668,26.2743],[89.4199,26.27371],[89.42277,26.27575],[89.4212,26.27832],[89.42195,26.28198],[89.42115,26.28415],[89.41818,26.28486],[89.41271,26.284]]]},"properties":{"District":"Koch Bihar","Dist_LGD":"329","Sub_dist":"Koch Bihar - I","Subdis_LGD":"2183","Subdis_Typ":"Cd_Block","Vill_name":"Chhat Gokuler Kuthi","Vill_Cat":"Rural","Vill_LGD":"308099","arr_project":"asha1,asha2"}},
{"type":"Feature","geometry":{"type":"Polygon","coordinates":[[[89.41692,26.26791],[89.41486,26.26986],[89.41433,26.27235],[89.41623,26.27383],[89.41093,26.27589],[89.40732,26.27467],[89.40712,26.27204],[89.40395,26.27031],[89.40356,26.26499],[89.40739,26.26133],[89.41233,26.25987],[89.41322,26.25703],[89.4103,26.25472],[89.40595,26.25295],[89.40621,26.25245],[89.41299,26.25577],[89.41626,26.25066],[89.41769,26.24587],[89.41817,26.24397],[89.41845,26.24402],[89.41905,26.24839],[89.41878,26.253],[89.41738,26.2537],[89.41613,26.25812],[89.41532,26.26574],[89.41692,26.26791]]]},"properties":{"District":"Koch Bihar","Dist_LGD":"329","Sub_dist":"Koch Bihar - I","Subdis_LGD":"2183","Subdis_Typ":"Cd_Block","Vill_name":"Gokuler Kuthi","Vill_Cat":"Rural","Vill_LGD":"308098","arr_project":"asha1,asha2"}},
{"type":"Feature","geometry":{"type":"Polygon","coordinates":[[[89.29875,26.17767],[89.29992,26.18439],[89.29863,26.1878],[89.29356,26.18776],[89.28905,26.18927],[89.29052,26.18775],[89.2894,26.18079],[89.28823,26.17698],[89.29875,26.17767]]]},"properties":{"District":"Koch Bihar","Dist_LGD":"329","Sub_dist":"Koch Bihar - I","Subdis_LGD":"2183","Subdis_Typ":"Cd_Block","Vill_name":"Phuleswari","Vill_Cat":"Rural","Vill_LGD":"308134","arr_project":"asha1,asha2"}},
{"type":"Feature","geometry":{"type":"Polygon","coordinates":[[[89.36498,26.21147],[89.36223,26.20943],[89.36083,26.20675],[89.35596,26.20462],[89.352,26.20557],[89.34906,26.20808],[89.35073,26.20975],[89.3514,26.21295],[89.34724,26.21454],[89.34558,26.20834],[89.34329,26.20816],[89.34421,26.20428],[89.34311,26.20058],[89.34513,26.19704],[89.348,26.19801],[89.35342,26.19576],[89.35807,26.19354],[89.35782,26.19085],[89.35606,26.1878],[89.36148,26.19033],[89.36217,26.19317],[89.36841,26.19854],[89.36823,26.20069],[89.37037,26.20367],[89.37084,26.20717],[89.3741,26.20753],[89.37446,26.20963],[89.36961,26.20917],[89.36951,26.21154],[89.36498,26.21147]]]},"properties":{"District":"Koch Bihar","Dist_LGD":"329","Sub_dist":"Koch Bihar - I","Subdis_LGD":"2183","Subdis_Typ":"Cd_Block","Vill_name":"Khari Analdhondra","Vill_Cat":"Rural","Vill_LGD":"308145","arr_project":"asha1,asha2"}},
{"type":"Feature","geometry":{"type":"Polygon","coordinates":[[[89.35767,26.36425],[89.35436,26.36339],[89.35089,26.36391],[89.34626,26.36288],[89.34358,26.36385],[89.34167,26.36228],[89.33906,26.36232],[89.33588,26.36534],[89.33796,26.36103],[89.34536,26.35556],[89.34751,26.35455],[89.35467,26.35902],[89.35593,26.36125],[89.35767,26.36425]]]},"properties":{"District":"Koch Bihar","Dist_LGD":"329","Sub_dist":"Koch Bihar - Ii","Subdis_LGD":"2184","Subdis_Typ":"Cd_Block","Vill_name":"Paschim Chapaguri","Vill_Cat":"Rural","Vill_LGD":"308276","arr_project":"asha1,asha2"}},
{"type":"Feature","geometry":{"type":"Polygon","coordinates":[[[89.49741,26.33719],[89.4991,26.33498],[89.49946,26.32608],[89.49886,26.32264],[89.50632,26.32112],[89.51231,26.32188],[89.51571,26.32416],[89.51484,26.32632],[89.51648,26.32889],[89.51917,26.32798],[89.52184,26.33281],[89.52528,26.33379],[89.52969,26.33841],[89.52214,26.34687],[89.52197,26.35106],[89.52385,26.35266],[89.52769,26.35295],[89.52801,26.35665],[89.52988,26.35955],[89.52634,26.36387],[89.52693,26.36738],[89.52105,26.37164],[89.51104,26.37272],[89.50466,26.37441],[89.50291,26.36557],[89.50049,26.36544],[89.4983,26.36294],[89.50194,26.36141],[89.50243,26.35781],[89.50417,26.35535],[89.5031,26.34979],[89.49966,26.34895],[89.49856,26.34492],[89.49925,26.34162],[89.49777,26.34065],[89.49708,26.33976],[89.49741,26.33719]]]},"properties":{"District":"Koch Bihar","Dist_LGD":"329","Sub_dist":"Koch Bihar - Ii","Subdis_LGD":"2184","Subdis_Typ":"Cd_Block","Vill_name":"Khapaidanga","Vill_Cat":"Rural","Vill_LGD":"308319","arr_project":"asha1,asha2"}},
{"type":"Feature","geometry":{"type":"Polygon","coordinates":[[[89.31318,26.4845],[89.31013,26.48497],[89.30748,26.48179],[89.30476,26.48167],[89.29907,26.48642],[89.2938,26.48794],[89.28755,26.48734],[89.28434,26.48793],[89.28004,26.48613],[89.28633,26.48231],[89.29305,26.47676],[89.29742,26.47697],[89.31376,26.46562],[89.31256,26.46238],[89.30805,26.46014],[89.30522,26.45996],[89.30236,26.45501],[89.30149,26.45006],[89.31382,26.44918],[89.31787,26.44858],[89.32211,26.44888],[89.32161,26.44456],[89.31638,26.44017],[89.31442,26.43737],[89.31606,26.43071],[89.31642,26.42907],[89.31825,26.433],[89.32576,26.43858],[89.33128,26.43936],[89.33707,26.44197],[89.33978,26.44537],[89.34037,26.44779],[89.3395,26.45092],[89.33473,26.45834],[89.32669,26.46239],[89.31942,26.46934],[89.31517,26.47475],[89.31579,26.4757],[89.31412,26.48097],[89.31318,26.4845]]]},"properties":{"District":"Koch Bihar","Dist_LGD":"329","Sub_dist":"Koch Bihar - Ii","Subdis_LGD":"2184","Subdis_Typ":"Cd_Block","Vill_name":"Putimari Baksibas","Vill_Cat":"Rural","Vill_LGD":"308214","arr_project":"asha1,asha2"}},
{"type":"Feature","geometry":{"type":"Polygon","coordinates":[[[89.34238,26.43359],[89.33699,26.43316],[89.33216,26.4356],[89.33128,26.43936],[89.32576,26.43858],[89.31825,26.433],[89.31642,26.42907],[89.31799,26.42269],[89.31917,26.41745],[89.31646,26.41167],[89.313,26.41159],[89.31169,26.40964],[89.31351,26.40552],[89.31319,26.4041],[89.30782,26.40294],[89.30733,26.4003],[89.30966,26.39274],[89.31252,26.39204],[89.32073,26.39331],[89.32693,26.39634],[89.32716,26.40031],[89.32387,26.40067],[89.32307,26.40313],[89.32358,26.40729],[89.33072,26.40839],[89.33386,26.41176],[89.32982,26.41347],[89.33221,26.41707],[89.33605,26.42053],[89.33507,26.42434],[89.33789,26.4262],[89.3397,26.43067],[89.34238,26.43359]]]},"properties":{"District":"Koch Bihar","Dist_LGD":"329","Sub_dist":"Koch Bihar - Ii","Subdis_LGD":"2184","Subdis_Typ":"Cd_Block","Vill_name":"Basdaha Natibari","Vill_Cat":"Rural","Vill_LGD":"308215","arr_project":"asha1,asha2"}},
{"type":"Feature","geometry":{"type":"Polygon","coordinates":[[[89.47232,26.48751],[89.47136,26.48866],[89.46352,26.48897],[89.45455,26.49053],[89.45384,26.48433],[89.45796,26.48446],[89.46201,26.4824],[89.46242,26.47888],[89.46033,26.47792],[89.45934,26.47458],[89.45639,26.47055],[89.45317,26.47044],[89.45151,26.46637],[89.45103,26.46143],[89.44974,26.45998],[89.45691,26.45827],[89.45736,26.45377],[89.46467,26.45326],[89.46522,26.44973],[89.46716,26.44729],[89.46706,26.44125],[89.46817,26.44048],[89.47149,26.44509],[89.47356,26.44499],[89.4739,26.44192],[89.47585,26.43633],[89.47269,26.43372],[89.47431,26.43226],[89.47723,26.43338],[89.47664,26.42982],[89.48431,26.42932],[89.48523,26.42841],[89.48529,26.43581],[89.48328,26.4429],[89.48077,26.4463],[89.48429,26.4465],[89.48489,26.44926],[89.48982,26.44998],[89.49344,26.4469],[89.49662,26.44876],[89.49783,26.4509],[89.49557,26.45366],[89.49686,26.4561],[89.49751,26.46062],[89.50106,26.46269],[89.50147,26.46494],[89.50448,26.46866],[89.50235,26.47073],[89.50192,26.47349],[89.49718,26.47158],[89.49484,26.4727],[89.48819,26.47272],[89.48546,26.47117],[89.48073,26.46989],[89.47604,26.46951],[89.472,26.47176],[89.47349,26.47991],[89.47079,26.48059],[89.47064,26.48438],[89.47232,26.48751]]]},"properties":{"District":"Koch Bihar","Dist_LGD":"329","Sub_dist":"Koch Bihar - Ii","Subdis_LGD":"2184","Subdis_Typ":"Cd_Block","Vill_name":"Marichbari","Vill_Cat":"Rural","Vill_LGD":"308234","arr_project":"asha1,asha2"}},
{"type":"Feature","geometry":{"type":"Polygon","coordinates":[[[89.48872,26.40403],[89.49264,26.40023],[89.49701,26.40192],[89.50568,26.4019],[89.50652,26.40728],[89.50695,26.40955],[89.5019,26.40838],[89.50091,26.41125],[89.49255,26.411],[89.49056,26.40845],[89.48769,26.40811],[89.48872,26.40403]]]},"properties":{"District":"Koch Bihar","Dist_LGD":"329","Sub_dist":"Koch Bihar - Ii","Subdis_LGD":"2184","Subdis_Typ":"Cd_Block","Vill_name":"Kuthipara","Vill_Cat":"Rural","Vill_LGD":"308246","arr_project":"asha1,asha2"}},
{"type":"Feature","geometry":{"type":"Polygon","coordinates":[[[89.46089,26.36226],[89.46604,26.36114],[89.46797,26.35842],[89.47026,26.35778],[89.47434,26.35896],[89.47725,26.36201],[89.48167,26.36128],[89.48513,26.36604],[89.4803,26.36784],[89.47975,26.36968],[89.48256,26.37091],[89.47583,26.37067],[89.47628,26.37352],[89.4765,26.37589],[89.47186,26.37461],[89.46944,26.37166],[89.46641,26.36515],[89.46308,26.36485],[89.46108,26.36485],[89.46089,26.36226]]]},"properties":{"District":"Koch Bihar","Dist_LGD":"329","Sub_dist":"Koch Bihar - Ii","Subdis_LGD":"2184","Subdis_Typ":"Cd_Block","Vill_name":"Chapaguri","Vill_Cat":"Rural","Vill_LGD":"308311","arr_project":"asha1,asha2"}},
{"type":"Feature","geometry":{"type":"Polygon","coordinates":[[[89.40294,26.40636],[89.40465,26.40371],[89.41137,26.4024],[89.41539,26.4046],[89.41519,26.40772],[89.41272,26.41143],[89.41037,26.41221],[89.40895,26.41026],[89.40634,26.41207],[89.40317,26.41602],[89.40143,26.41822],[89.39892,26.4178],[89.39803,26.41531],[89.39864,26.41215],[89.3974,26.40975],[89.40183,26.40853],[89.40294,26.40636]]]},"properties":{"District":"Koch Bihar","Dist_LGD":"329","Sub_dist":"Koch Bihar - Ii","Subdis_LGD":"2184","Subdis_Typ":"Cd_Block","Vill_name":"Chhota Rangras","Vill_Cat":"Rural","Vill_LGD":"308260","arr_project":"asha1,asha2"}},
{"type":"Feature","geometry":{"type":"Polygon","coordinates":[[[89.48232,26.27953],[89.48107,26.27629],[89.47966,26.27402],[89.48273,26.27278],[89.48637,26.27408],[89.48748,26.28038],[89.48653,26.28188],[89.48633,26.28625],[89.48276,26.2865],[89.48448,26.282],[89.48232,26.27953]]]},"properties":{"District":"Koch Bihar","Dist_LGD":"329","Sub_dist":"Koch Bihar - I","Subdis_LGD":"2183","Subdis_Typ":"Cd_Block","Vill_name":"Kalakata","Vill_Cat":"Rural","Vill_LGD":"308191","arr_project":"asha1,asha2"}},
{"type":"Feature","geometry":{"type":"Polygon","coordinates":[[[89.42393,26.24182],[89.42857,26.24223],[89.4312,26.24418],[89.42991,26.24636],[89.42487,26.24797],[89.41905,26.24839],[89.41845,26.24402],[89.42158,26.24345],[89.42393,26.24182]]]},"properties":{"District":"Koch Bihar","Dist_LGD":"329","Sub_dist":"Koch Bihar - I","Subdis_LGD":"2183","Subdis_Typ":"Cd_Block","Vill_name":"Dakshin Kursamari","Vill_Cat":"Rural","Vill_LGD":"308178","arr_project":"asha1,asha2"}},
{"type":"Feature","geometry":{"type":"Polygon","coordinates":[[[89.40491,26.24884],[89.40922,26.24663],[89.41266,26.24803],[89.41246,26.25024],[89.40768,26.24948],[89.40621,26.25245],[89.40595,26.25295],[89.40417,26.25267],[89.40491,26.24884]]]},"properties":{"District":"Koch Bihar","Dist_LGD":"329","Sub_dist":"Koch Bihar - I","Subdis_LGD":"2183","Subdis_Typ":"Cd_Block","Vill_name":"Chhota Elajan","Vill_Cat":"Rural","Vill_LGD":"308168","arr_project":"asha1,asha2"}},
{"type":"Feature","geometry":{"type":"Polygon","coordinates":[[[89.44936,26.29655],[89.44933,26.29892],[89.45324,26.29853],[89.45388,26.30253],[89.45022,26.30388],[89.4502,26.30556],[89.44612,26.30593],[89.44415,26.30546],[89.44677,26.30113],[89.44608,26.29877],[89.44936,26.29655]]]},"properties":{"District":"Koch Bihar","Dist_LGD":"329","Sub_dist":"Koch Bihar - I","Subdis_LGD":"2183","Subdis_Typ":"Cd_Block","Vill_name":"Chhat Guriahati (Ct)","Vill_Cat":"Partly_Urban","Vill_LGD":"308081","arr_project":"asha1,asha2"}},
{"type":"Feature","geometry":{"type":"Polygon","coordinates":[[[89.49008,26.30448],[89.4887,26.29949],[89.49113,26.29959],[89.4964,26.29796],[89.49719,26.2928],[89.49891,26.29347],[89.5005,26.29454],[89.49957,26.29877],[89.49761,26.30132],[89.49339,26.30341],[89.49008,26.30448]]]},"properties":{"District":"Koch Bihar","Dist_LGD":"329","Sub_dist":"Koch Bihar - I","Subdis_LGD":"2183","Subdis_Typ":"Cd_Block","Vill_name":"Dakshin Ambari","Vill_Cat":"Rural","Vill_LGD":"308075","arr_project":"asha1,asha2"}},
{"type":"Feature","geometry":{"type":"Polygon","coordinates":[[[89.48776,26.29525],[89.49478,26.29248],[89.49719,26.2928],[89.4964,26.29796],[89.49113,26.29959],[89.4887,26.29949],[89.49008,26.30448],[89.48604,26.30317],[89.48428,26.30415],[89.48224,26.29895],[89.48776,26.29525]]]},"properties":{"District":"Koch Bihar","Dist_LGD":"329","Sub_dist":"Koch Bihar - I","Subdis_LGD":"2183","Subdis_Typ":"Cd_Block","Vill_name":"Bhojanpur","Vill_Cat":"Rural","Vill_LGD":"308076","arr_project":"asha1,asha2"}},
{"type":"Feature","geometry":{"type":"Polygon","coordinates":[[[89.40417,26.25267],[89.40595,26.25295],[89.4103,26.25472],[89.41322,26.25703],[89.41233,26.25987],[89.40739,26.26133],[89.409,26.25995],[89.40889,26.25701],[89.40216,26.25632],[89.40417,26.25267]]]},"properties":{"District":"Koch Bihar","Dist_LGD":"329","Sub_dist":"Koch Bihar - I","Subdis_LGD":"2183","Subdis_Typ":"Cd_Block","Vill_name":"Rashidanga Dwitia Khanda","Vill_Cat":"Rural","Vill_LGD":"308166","arr_project":"asha1,asha2"}},
{"type":"Feature","geometry":{"type":"Polygon","coordinates":[[[89.32781,26.2971],[89.32571,26.29982],[89.3261,26.30394],[89.32085,26.30339],[89.31787,26.30284],[89.31838,26.2985],[89.31643,26.29537],[89.311,26.29678],[89.30873,26.2954],[89.30722,26.29208],[89.30914,26.2909],[89.30888,26.28756],[89.3045,26.28684],[89.30239,26.28658],[89.29882,26.28822],[89.29681,26.2835],[89.30031,26.27965],[89.30129,26.27652],[89.3004,26.27089],[89.30343,26.26484],[89.30817,26.26465],[89.30926,26.27005],[89.30887,26.27607],[89.31011,26.27931],[89.30709,26.28234],[89.30833,26.28566],[89.31216,26.28335],[89.31708,26.29119],[89.32155,26.29338],[89.32569,26.29077],[89.32776,26.2918],[89.32781,26.2971]]]},"properties":{"District":"Koch Bihar","Dist_LGD":"329","Sub_dist":"Koch Bihar - I","Subdis_LGD":"2183","Subdis_Typ":"Cd_Block","Vill_name":"Phalimari","Vill_Cat":"Rural","Vill_LGD":"308111","arr_project":"asha1,asha2"}},
{"type":"Feature","geometry":{"type":"Polygon","coordinates":[[[89.33793,26.27275],[89.33963,26.27242],[89.34685,26.27383],[89.34868,26.27528],[89.34869,26.27824],[89.35015,26.28102],[89.35142,26.28324],[89.35122,26.28797],[89.34762,26.29241],[89.34435,26.29111],[89.34155,26.28805],[89.34103,26.28423],[89.33859,26.28062],[89.33891,26.27847],[89.33497,26.27688],[89.33549,26.27402],[89.33793,26.27275]]]},"properties":{"District":"Koch Bihar","Dist_LGD":"329","Sub_dist":"Koch Bihar - I","Subdis_LGD":"2183","Subdis_Typ":"Cd_Block","Vill_name":"Elejanerkuthi","Vill_Cat":"Rural","Vill_LGD":"308154","arr_project":"asha1,asha2"}},
{"type":"Feature","geometry":{"type":"Polygon","coordinates":[[[89.36934,26.27084],[89.3707,26.27468],[89.36926,26.27663],[89.36874,26.28087],[89.36626,26.28086],[89.36099,26.28298],[89.36019,26.2787],[89.36555,26.27555],[89.36373,26.27198],[89.36493,26.26948],[89.36719,26.26892],[89.36934,26.27084]]]},"properties":{"District":"Koch Bihar","Dist_LGD":"329","Sub_dist":"Koch Bihar - I","Subdis_LGD":"2183","Subdis_Typ":"Cd_Block","Vill_name":"Kursamari","Vill_Cat":"Rural","Vill_LGD":"308156","arr_project":"asha1,asha2"}},
{"type":"Feature","geometry":{"type":"Polygon","coordinates":[[[89.16732,26.47916],[89.16648,26.47317],[89.1687,26.47266],[89.17001,26.46984],[89.16798,26.46455],[89.16876,26.46216],[89.17445,26.46122],[89.17567,26.46334],[89.17617,26.46574],[89.17494,26.46863],[89.17779,26.46943],[89.18061,26.46708],[89.18384,26.47152],[89.18595,26.47038],[89.18984,26.47444],[89.19658,26.47496],[89.20007,26.47089],[89.20277,26.47019],[89.20485,26.47326],[89.20381,26.47583],[89.19955,26.47953],[89.19952,26.48428],[89.20139,26.48694],[89.19518,26.4881],[89.19449,26.48923],[89.18953,26.48452],[89.1877,26.48439],[89.17787,26.48942],[89.1766,26.49112],[89.17372,26.48829],[89.17361,26.48481],[89.17519,26.48346],[89.18094,26.48376],[89.182,26.48168],[89.17679,26.47887],[89.17345,26.47839],[89.16732,26.47916]]]},"properties":{"District":"Koch Bihar","Dist_LGD":"329","Sub_dist":"Mathabhanga - Ii","Subdis_LGD":"2182","Subdis_Typ":"Cd_Block","Vill_name":"Mukul Danga","Vill_Cat":"Rural","Vill_LGD":"308017","arr_project":"asha1,asha2"}},
{"type":"Feature","geometry":{"type":"Polygon","coordinates":[[[89.24336,26.49203],[89.24038,26.49629],[89.2369,26.49793],[89.23137,26.5019],[89.22964,26.50236],[89.22625,26.49887],[89.22544,26.49412],[89.22367,26.49292],[89.22264,26.48804],[89.22413,26.48551],[89.2247,26.48132],[89.22329,26.47995],[89.22199,26.47496],[89.21996,26.47247],[89.22132,26.46807],[89.22708,26.46528],[89.22809,26.46318],[89.23205,26.4621],[89.23467,26.46262],[89.23689,26.46112],[89.24557,26.46143],[89.24543,26.46832],[89.24612,26.46982],[89.24357,26.4722],[89.24302,26.47551],[89.24553,26.4786],[89.24299,26.48181],[89.24055,26.48233],[89.24103,26.48701],[89.23944,26.48824],[89.24033,26.49142],[89.24336,26.49203]]]},"properties":{"District":"Koch Bihar","Dist_LGD":"329","Sub_dist":"Mathabhanga - Ii","Subdis_LGD":"2182","Subdis_Typ":"Cd_Block","Vill_name":"Latapota","Vill_Cat":"Rural","Vill_LGD":"308021","arr_project":"asha1,asha2"}},
{"type":"Feature","geometry":{"type":"Polygon","coordinates":[[[89.24828,26.49089],[89.24336,26.49203],[89.24033,26.49142],[89.23944,26.48824],[89.24103,26.48701],[89.24055,26.48233],[89.24299,26.48181],[89.24553,26.4786],[89.24302,26.47551],[89.24357,26.4722],[89.24612,26.46982],[89.24974,26.47074],[89.25101,26.47664],[89.25598,26.47382],[89.25738,26.46701],[89.26153,26.46639],[89.26284,26.47026],[89.26461,26.46953],[89.26428,26.47203],[89.26117,26.47351],[89.25929,26.47661],[89.25916,26.48271],[89.25581,26.4835],[89.25477,26.48752],[89.25331,26.48798],[89.25174,26.48437],[89.24768,26.48562],[89.24828,26.49089]]]},"properties":{"District":"Koch Bihar","Dist_LGD":"329","Sub_dist":"Mathabhanga - Ii","Subdis_LGD":"2182","Subdis_Typ":"Cd_Block","Vill_name":"Boulpari","Vill_Cat":"Rural","Vill_LGD":"308022","arr_project":"asha1,asha2"}},
{"type":"Feature","geometry":{"type":"Polygon","coordinates":[[[89.24869,26.44804],[89.25466,26.45113],[89.25516,26.447],[89.25722,26.44399],[89.25937,26.44349],[89.25938,26.44044],[89.26269,26.43976],[89.2642,26.44261],[89.26456,26.44436],[89.26792,26.445],[89.26751,26.44734],[89.27116,26.44691],[89.27154,26.45166],[89.26826,26.45687],[89.27127,26.45778],[89.27508,26.45688],[89.27536,26.45888],[89.27296,26.46088],[89.27441,26.46463],[89.27153,26.46555],[89.27018,26.47009],[89.26461,26.46953],[89.26284,26.47026],[89.26153,26.46639],[89.25738,26.46701],[89.25598,26.47382],[89.25101,26.47664],[89.24974,26.47074],[89.2544,26.4694],[89.25295,26.46297],[89.25639,26.46277],[89.25575,26.45637],[89.25347,26.4543],[89.24996,26.45636],[89.24685,26.45183],[89.24706,26.44858],[89.24869,26.44804]]]},"properties":{"District":"Koch Bihar","Dist_LGD":"329","Sub_dist":"Mathabhanga - Ii","Subdis_LGD":"2182","Subdis_Typ":"Cd_Block","Vill_name":"Dwarikamari","Vill_Cat":"Rural","Vill_LGD":"308026","arr_project":"asha1,asha2"}},
{"type":"Feature","geometry":{"type":"Polygon","coordinates":[[[89.28004,26.48613],[89.26772,26.48905],[89.24974,26.49102],[89.24828,26.49089],[89.24768,26.48562],[89.25174,26.48437],[89.25331,26.48798],[89.25477,26.48752],[89.25581,26.4835],[89.25916,26.48271],[89.25929,26.47661],[89.26117,26.47351],[89.26428,26.47203],[89.26461,26.46953],[89.27018,26.47009],[89.27153,26.46555],[89.27441,26.46463],[89.27603,26.4639],[89.27958,26.4652],[89.28035,26.4723],[89.27917,26.47262],[89.27868,26.47676],[89.28399,26.47607],[89.28358,26.47953],[89.28633,26.48231],[89.28004,26.48613]]]},"properties":{"District":"Koch Bihar","Dist_LGD":"329","Sub_dist":"Mathabhanga - Ii","Subdis_LGD":"2182","Subdis_Typ":"Cd_Block","Vill_name":"Lafabari","Vill_Cat":"Rural","Vill_LGD":"308023","arr_project":"asha1,asha2"}},
{"type":"Feature","geometry":{"type":"Polygon","coordinates":[[[89.30149,26.45006],[89.30236,26.45501],[89.30522,26.45996],[89.30805,26.46014],[89.31256,26.46238],[89.31376,26.46562],[89.29742,26.47697],[89.29305,26.47676],[89.28633,26.48231],[89.28358,26.47953],[89.28399,26.47607],[89.28386,26.47362],[89.28545,26.47176],[89.28557,26.46645],[89.28912,26.46479],[89.28859,26.46145],[89.28546,26.456],[89.28598,26.45342],[89.28395,26.44908],[89.28377,26.44398],[89.29173,26.44283],[89.29517,26.44317],[89.30149,26.45006]]]},"properties":{"District":"Koch Bihar","Dist_LGD":"329","Sub_dist":"Mathabhanga - Ii","Subdis_LGD":"2182","Subdis_Typ":"Cd_Block","Vill_name":"Purba Putimari","Vill_Cat":"Rural","Vill_LGD":"308037","arr_project":"asha1,asha2"}},
{"type":"Feature","geometry":{"type":"Polygon","coordinates":[[[89.27154,26.45166],[89.27335,26.45025],[89.27635,26.45033],[89.28395,26.44908],[89.28598,26.45342],[89.28546,26.456],[89.28859,26.46145],[89.28912,26.46479],[89.28557,26.46645],[89.28545,26.47176],[89.28386,26.47362],[89.28399,26.47607],[89.27868,26.47676],[89.27917,26.47262],[89.28035,26.4723],[89.27958,26.4652],[89.27603,26.4639],[89.27441,26.46463],[89.27296,26.46088],[89.27536,26.45888],[89.27508,26.45688],[89.27127,26.45778],[89.26826,26.45687],[89.27154,26.45166]]]},"properties":{"District":"Koch Bihar","Dist_LGD":"329","Sub_dist":"Mathabhanga - Ii","Subdis_LGD":"2182","Subdis_Typ":"Cd_Block","Vill_name":"Sauderbash","Vill_Cat":"Rural","Vill_LGD":"308024","arr_project":"asha1,asha2"}},
{"type":"Feature","geometry":{"type":"Polygon","coordinates":[[[89.2642,26.44261],[89.26487,26.43976],[89.26724,26.4392],[89.27144,26.436],[89.27465,26.43586],[89.27713,26.4334],[89.27932,26.43461],[89.27968,26.43723],[89.28214,26.4378],[89.28377,26.44398],[89.28395,26.44908],[89.27635,26.45033],[89.27335,26.45025],[89.27154,26.45166],[89.27116,26.44691],[89.26751,26.44734],[89.26792,26.445],[89.26456,26.44436],[89.2642,26.44261]]]},"properties":{"District":"Koch Bihar","Dist_LGD":"329","Sub_dist":"Mathabhanga - Ii","Subdis_LGD":"2182","Subdis_Typ":"Cd_Block","Vill_name":"Nabinerdola","Vill_Cat":"Rural","Vill_LGD":"308025","arr_project":"asha1,asha2"}},
{"type":"Feature","geometry":{"type":"Polygon","coordinates":[[[89.09176,26.44852],[89.09837,26.44743],[89.10384,26.44829],[89.10592,26.44489],[89.11046,26.44244],[89.11521,26.44074],[89.11687,26.4411],[89.11792,26.44461],[89.12113,26.44451],[89.12081,26.43877],[89.12551,26.43934],[89.12581,26.44356],[89.12173,26.4493],[89.122,26.45185],[89.12593,26.45233],[89.12573,26.45623],[89.12338,26.45769],[89.11924,26.45824],[89.11753,26.45691],[89.11362,26.45834],[89.1137,26.45984],[89.11035,26.45895],[89.1085,26.45607],[89.10689,26.4566],[89.1036,26.45679],[89.10196,26.46255],[89.09701,26.46485],[89.0938,26.465],[89.09358,26.46241],[89.09416,26.46069],[89.09094,26.45862],[89.09236,26.45471],[89.08994,26.45489],[89.0884,26.45289],[89.08931,26.44887],[89.09176,26.44852]]]},"properties":{"District":"Koch Bihar","Dist_LGD":"329","Sub_dist":"Mathabhanga - I","Subdis_LGD":"2181","Subdis_Typ":"Cd_Block","Vill_name":"Chhota Kesharibari","Vill_Cat":"Rural","Vill_LGD":"307898","arr_project":"asha1,asha2"}},
{"type":"Feature","geometry":{"type":"Polygon","coordinates":[[[89.07323,26.46335],[89.07509,26.45662],[89.07435,26.45406],[89.077,26.45228],[89.08041,26.45312],[89.08284,26.45088],[89.08481,26.44779],[89.08931,26.44887],[89.0884,26.45289],[89.08994,26.45489],[89.08671,26.45596],[89.08094,26.45483],[89.07874,26.45832],[89.0809,26.4605],[89.0777,26.4625],[89.07888,26.46541],[89.08145,26.46807],[89.08176,26.4707],[89.07594,26.47222],[89.07433,26.46997],[89.07323,26.46335]]]},"properties":{"District":"Koch Bihar","Dist_LGD":"329","Sub_dist":"Mathabhanga - I","Subdis_LGD":"2181","Subdis_Typ":"Cd_Block","Vill_name":"Chhat Gopalpur","Vill_Cat":"Rural","Vill_LGD":"307884","arr_project":"asha1,asha2"}},
{"type":"Feature","geometry":{"type":"Polygon","coordinates":[[[89.10689,26.4566],[89.1085,26.45607],[89.11035,26.45895],[89.1137,26.45984],[89.11664,26.46197],[89.11511,26.4647],[89.11229,26.46558],[89.11115,26.47053],[89.10769,26.4704],[89.10839,26.46594],[89.10971,26.46558],[89.11018,26.46173],[89.10684,26.45841],[89.10689,26.4566]]]},"properties":{"District":"Koch Bihar","Dist_LGD":"329","Sub_dist":"Mathabhanga - I","Subdis_LGD":"2181","Subdis_Typ":"Cd_Block","Vill_name":"Kharija Kesharibari","Vill_Cat":"Rural","Vill_LGD":"307899","arr_project":"asha1,asha2"}},
{"type":"Feature","geometry":{"type":"Polygon","coordinates":[[[89.13189,26.51975],[89.13063,26.52077],[89.12351,26.52201],[89.11545,26.5223],[89.10873,26.5201],[89.10574,26.52073],[89.10346,26.51692],[89.1037,26.51497],[89.10501,26.50764],[89.10706,26.5076],[89.10867,26.50335],[89.11466,26.5038],[89.11456,26.50189],[89.11243,26.49858],[89.11192,26.49663],[89.11279,26.49157],[89.11096,26.48698],[89.10644,26.48328],[89.10952,26.48125],[89.1167,26.47362],[89.12199,26.47384],[89.13522,26.48234],[89.13907,26.48041],[89.14191,26.48494],[89.14041,26.48849],[89.14222,26.49438],[89.14193,26.49937],[89.14313,26.50244],[89.14094,26.50477],[89.13854,26.50413],[89.1377,26.50698],[89.1406,26.50882],[89.1364,26.51295],[89.13538,26.51652],[89.13176,26.51763],[89.13189,26.51975]]]},"properties":{"District":"Koch Bihar","Dist_LGD":"329","Sub_dist":"Mathabhanga - Ii","Subdis_LGD":"2182","Subdis_Typ":"Cd_Block","Vill_name":"Fulbari","Vill_Cat":"Rural","Vill_LGD":"308011","arr_project":"asha1,asha2"}},
{"type":"Feature","geometry":{"type":"Polygon","coordinates":[[[89.29456,26.2598],[89.29327,26.26212],[89.28895,26.26313],[89.28799,26.26287],[89.29214,26.25709],[89.2944,26.25125],[89.29884,26.25132],[89.29844,26.25376],[89.29556,26.25809],[89.29456,26.2598]]]},"properties":{"District":"Koch Bihar","Dist_LGD":"329","Sub_dist":"Koch Bihar - I","Subdis_LGD":"2183","Subdis_Typ":"Cd_Block","Vill_name":"Kanchiarkuthi","Vill_Cat":"Rural","Vill_LGD":"308117","arr_project":"asha1,asha2"}},
{"type":"Feature","geometry":{"type":"Polygon","coordinates":[[[89.14293,26.29224],[89.13994,26.29175],[89.13995,26.28814],[89.13952,26.2857],[89.14068,26.28293],[89.13713,26.28145],[89.1381,26.2751],[89.1345,26.27434],[89.1337,26.27141],[89.13756,26.27053],[89.13896,26.26922],[89.14246,26.27012],[89.14259,26.26685],[89.14291,26.26568],[89.14837,26.26347],[89.14757,26.26108],[89.14109,26.26165],[89.13993,26.25915],[89.14099,26.25546],[89.14347,26.25418],[89.14945,26.25339],[89.149,26.2491],[89.15049,26.24857],[89.15123,26.25404],[89.15093,26.2585],[89.15392,26.2624],[89.15468,26.26574],[89.15341,26.26885],[89.15524,26.27688],[89.15207,26.2791],[89.14827,26.27789],[89.14719,26.2802],[89.1443,26.28056],[89.14593,26.28594],[89.14589,26.28817],[89.14993,26.29121],[89.14293,26.29224]]]},"properties":{"District":"Koch Bihar","Dist_LGD":"329","Sub_dist":"Sitalkuchi","Subdis_LGD":"2190","Subdis_Typ":"Cd_Block","Vill_name":"Sonarchalun","Vill_Cat":"Rural","Vill_LGD":"308768","arr_project":"asha1,asha2"}},
{"type":"Feature","geometry":{"type":"Polygon","coordinates":[[[89.15524,26.27688],[89.15983,26.2794],[89.16152,26.27639],[89.16736,26.27397],[89.16808,26.27049],[89.17017,26.26958],[89.17112,26.26505],[89.17758,26.26461],[89.17748,26.26574],[89.18084,26.26902],[89.18139,26.27128],[89.17964,26.27636],[89.1732,26.27916],[89.17111,26.28019],[89.17042,26.28306],[89.17277,26.28407],[89.17251,26.28646],[89.16462,26.28893],[89.16406,26.29143],[89.15935,26.29199],[89.15988,26.29491],[89.15069,26.29597],[89.14993,26.29121],[89.14589,26.28817],[89.14593,26.28594],[89.1443,26.28056],[89.14719,26.2802],[89.14827,26.27789],[89.15207,26.2791],[89.15524,26.27688]]]},"properties":{"District":"Koch Bihar","Dist_LGD":"329","Sub_dist":"Sitalkuchi","Subdis_LGD":"2190","Subdis_Typ":"Cd_Block","Vill_name":"Chengerkuthi Khalisamari","Vill_Cat":"Rural","Vill_LGD":"308769","arr_project":"asha1,asha2"}},
{"type":"Feature","geometry":{"type":"Polygon","coordinates":[[[89.1732,26.27916],[89.17964,26.27636],[89.18139,26.27128],[89.18242,26.27347],[89.18071,26.27958],[89.18547,26.28096],[89.18674,26.27983],[89.18917,26.28202],[89.18733,26.28646],[89.18438,26.28797],[89.18141,26.28633],[89.17843,26.28295],[89.17504,26.28353],[89.1726,26.28253],[89.1732,26.27916]]]},"properties":{"District":"Koch Bihar","Dist_LGD":"329","Sub_dist":"Sitalkuchi","Subdis_LGD":"2190","Subdis_Typ":"Cd_Block","Vill_name":"Chhota Khalisamari","Vill_Cat":"Rural","Vill_LGD":"308770","arr_project":"asha1,asha2"}},
{"type":"Feature","geometry":{"type":"Polygon","coordinates":[[[89.18367,26.25813],[89.18507,26.26017],[89.18497,26.26559],[89.19741,26.26717],[89.19669,26.26124],[89.2009,26.26232],[89.20161,26.26632],[89.20029,26.26997],[89.20051,26.27519],[89.19758,26.27668],[89.19445,26.27633],[89.19316,26.28046],[89.1911,26.28167],[89.18674,26.27983],[89.18547,26.28096],[89.18071,26.27958],[89.18242,26.27347],[89.18139,26.27128],[89.18084,26.26902],[89.17748,26.26574],[89.17758,26.26461],[89.1791,26.26358],[89.17756,26.25957],[89.17356,26.25987],[89.17333,26.25687],[89.18253,26.25683],[89.18367,26.25813]]]},"properties":{"District":"Koch Bihar","Dist_LGD":"329","Sub_dist":"Sitalkuchi","Subdis_LGD":"2190","Subdis_Typ":"Cd_Block","Vill_name":"Jatamari","Vill_Cat":"Rural","Vill_LGD":"308771","arr_project":"asha1,asha2"}},
{"type":"Feature","geometry":{"type":"Polygon","coordinates":[[[89.15468,26.26574],[89.16388,26.26673],[89.16701,26.26342],[89.16575,26.25992],[89.16909,26.25944],[89.16846,26.2623],[89.17144,26.26275],[89.17356,26.25987],[89.17756,26.25957],[89.1791,26.26358],[89.17758,26.26461],[89.17112,26.26505],[89.17017,26.26958],[89.16808,26.27049],[89.16736,26.27397],[89.16152,26.27639],[89.15983,26.2794],[89.15524,26.27688],[89.15341,26.26885],[89.15468,26.26574]]]},"properties":{"District":"Koch Bihar","Dist_LGD":"329","Sub_dist":"Sitalkuchi","Subdis_LGD":"2190","Subdis_Typ":"Cd_Block","Vill_name":"Khasbas Khalisamari","Vill_Cat":"Rural","Vill_LGD":"308767","arr_project":"asha1,asha2"}},
{"type":"Feature","geometry":{"type":"Polygon","coordinates":[[[89.18367,26.25813],[89.1879,26.25759],[89.19122,26.25515],[89.19582,26.25673],[89.19669,26.26124],[89.19741,26.26717],[89.18497,26.26559],[89.18507,26.26017],[89.18367,26.25813]]]},"properties":{"District":"Koch Bihar","Dist_LGD":"329","Sub_dist":"Sitalkuchi","Subdis_LGD":"2190","Subdis_Typ":"Cd_Block","Vill_name":"Morebhanga","Vill_Cat":"Rural","Vill_LGD":"308772","arr_project":"asha1,asha2"}},
{"type":"Feature","geometry":{"type":"Polygon","coordinates":[[[89.18253,26.25683],[89.18234,26.25515],[89.17901,26.25462],[89.17437,26.24951],[89.17162,26.24899],[89.1724,26.24484],[89.17558,26.24362],[89.18517,26.24431],[89.18422,26.24232],[89.17674,26.23913],[89.17825,26.23453],[89.18363,26.23644],[89.18588,26.23496],[89.18914,26.23489],[89.18864,26.23138],[89.18513,26.22949],[89.18264,26.2271],[89.18309,26.22423],[89.18196,26.22254],[89.18373,26.22065],[89.18656,26.22051],[89.18866,26.22215],[89.19061,26.22654],[89.19085,26.23317],[89.19447,26.23614],[89.1957,26.24046],[89.19358,26.24308],[89.18991,26.24474],[89.19049,26.24934],[89.18944,26.25166],[89.19122,26.25515],[89.1879,26.25759],[89.18367,26.25813],[89.18253,26.25683]]]},"properties":{"District":"Koch Bihar","Dist_LGD":"329","Sub_dist":"Sitalkuchi","Subdis_LGD":"2190","Subdis_Typ":"Cd_Block","Vill_name":"Shatimari","Vill_Cat":"Rural","Vill_LGD":"308795","arr_project":"asha1,asha2"}},
{"type":"Feature","geometry":{"type":"Polygon","coordinates":[[[89.3514,26.21295],[89.35073,26.20975],[89.34906,26.20808],[89.352,26.20557],[89.35596,26.20462],[89.36083,26.20675],[89.36223,26.20943],[89.36498,26.21147],[89.36692,26.21377],[89.36252,26.21876],[89.3607,26.21844],[89.35683,26.21556],[89.35301,26.21615],[89.3514,26.21295]]]},"properties":{"District":"Koch Bihar","Dist_LGD":"329","Sub_dist":"Koch Bihar - I","Subdis_LGD":"2183","Subdis_Typ":"Cd_Block","Vill_name":"Bara Naldhondra","Vill_Cat":"Rural","Vill_LGD":"308148","arr_project":"asha1,asha2"}},
{"type":"Feature","geometry":{"type":"Polygon","coordinates":[[[89.329,26.2071],[89.33058,26.20608],[89.33668,26.20664],[89.33745,26.20486],[89.34097,26.20469],[89.33869,26.20709],[89.33909,26.20919],[89.34329,26.20816],[89.34558,26.20834],[89.34724,26.21454],[89.34131,26.22059],[89.3389,26.2258],[89.34018,26.22815],[89.33918,26.2291],[89.33285,26.23035],[89.33032,26.22683],[89.33313,26.22287],[89.33081,26.22193],[89.32861,26.22104],[89.32596,26.2179],[89.32725,26.21571],[89.33134,26.21499],[89.33181,26.21257],[89.32936,26.21019],[89.329,26.2071]]]},"properties":{"District":"Koch Bihar","Dist_LGD":"329","Sub_dist":"Koch Bihar - I","Subdis_LGD":"2183","Subdis_Typ":"Cd_Block","Vill_name":"Kharija Phuleswari","Vill_Cat":"Rural","Vill_LGD":"308138","arr_project":"asha1,asha2"}},
{"type":"Feature","geometry":{"type":"Polygon","coordinates":[[[89.30652,26.21317],[89.31261,26.21341],[89.31351,26.21118],[89.31668,26.20921],[89.31943,26.21203],[89.32359,26.21048],[89.32233,26.20639],[89.329,26.2071],[89.32936,26.21019],[89.33181,26.21257],[89.33134,26.21499],[89.32725,26.21571],[89.32596,26.2179],[89.32861,26.22104],[89.33081,26.22193],[89.33033,26.22476],[89.32415,26.22329],[89.31905,26.22381],[89.31515,26.22654],[89.31375,26.22955],[89.31518,26.23247],[89.3143,26.23521],[89.3114,26.23538],[89.30938,26.2332],[89.30549,26.23367],[89.30293,26.23074],[89.29841,26.23073],[89.29796,26.22917],[89.29873,26.22527],[89.30109,26.22041],[89.30255,26.22007],[89.30955,26.22361],[89.30837,26.21836],[89.3053,26.21815],[89.30552,26.21612],[89.30652,26.21317]]]},"properties":{"District":"Koch Bihar","Dist_LGD":"329","Sub_dist":"Koch Bihar - I","Subdis_LGD":"2183","Subdis_Typ":"Cd_Block","Vill_name":"Putimari Phuleswari","Vill_Cat":"Rural","Vill_LGD":"308137","arr_project":"asha1,asha2"}},
{"type":"Feature","geometry":{"type":"Polygon","coordinates":[[[89.30141,26.1914],[89.30449,26.19152],[89.30527,26.19465],[89.30423,26.19938],[89.3073,26.20075],[89.31275,26.20179],[89.31357,26.20641],[89.31631,26.20699],[89.31668,26.20921],[89.31351,26.21118],[89.31261,26.21341],[89.30652,26.21317],[89.3052,26.20187],[89.29881,26.19833],[89.29975,26.19604],[89.30174,26.19551],[89.30141,26.1914]]]},"properties":{"District":"Koch Bihar","Dist_LGD":"329","Sub_dist":"Koch Bihar - I","Subdis_LGD":"2183","Subdis_Typ":"Cd_Block","Vill_name":"Hardeb Chhedarjhar","Vill_Cat":"Rural","Vill_LGD":"308136","arr_project":"asha1,asha2"}},
{"type":"Feature","geometry":{"type":"Polygon","coordinates":[[[89.3053,26.21815],[89.30289,26.21892],[89.29826,26.21888],[89.29798,26.21402],[89.29503,26.21346],[89.2949,26.21194],[89.29739,26.20852],[89.30165,26.20789],[89.30285,26.21021],[89.30324,26.21597],[89.30552,26.21612],[89.3053,26.21815]]]},"properties":{"District":"Koch Bihar","Dist_LGD":"329","Sub_dist":"Koch Bihar - I","Subdis_LGD":"2183","Subdis_Typ":"Cd_Block","Vill_name":"Chhedarjhar","Vill_Cat":"Rural","Vill_LGD":"308131","arr_project":"asha1,asha2"}},
{"type":"Feature","geometry":{"type":"Polygon","coordinates":[[[89.29873,26.22527],[89.29703,26.21898],[89.29826,26.21888],[89.30289,26.21892],[89.3053,26.21815],[89.30837,26.21836],[89.30955,26.22361],[89.30255,26.22007],[89.30109,26.22041],[89.29873,26.22527]]]},"properties":{"District":"Koch Bihar","Dist_LGD":"329","Sub_dist":"Koch Bihar - I","Subdis_LGD":"2183","Subdis_Typ":"Cd_Block","Vill_name":"Putimari","Vill_Cat":"Rural","Vill_LGD":"308130","arr_project":"asha1,asha2"}},
{"type":"Feature","geometry":{"type":"Polygon","coordinates":[[[89.29344,26.22301],[89.29364,26.22115],[89.29703,26.21898],[89.29873,26.22527],[89.29796,26.22917],[89.29551,26.22914],[89.2946,26.22332],[89.29344,26.22301]]]},"properties":{"District":"Koch Bihar","Dist_LGD":"329","Sub_dist":"Koch Bihar - I","Subdis_LGD":"2183","Subdis_Typ":"Cd_Block","Vill_name":"Chhat Chhedarjhar","Vill_Cat":"Rural","Vill_LGD":"308129","arr_project":"asha1,asha2"}},
{"type":"Feature","geometry":{"type":"Polygon","coordinates":[[[89.30681,26.25014],[89.30426,26.25194],[89.29884,26.25132],[89.29616,26.24528],[89.29406,26.24258],[89.29048,26.23425],[89.28875,26.23279],[89.28954,26.22792],[89.29243,26.22758],[89.29253,26.22365],[89.29344,26.22301],[89.2946,26.22332],[89.29551,26.22914],[89.29796,26.22917],[89.29841,26.23073],[89.30293,26.23074],[89.30549,26.23367],[89.30325,26.2384],[89.29659,26.24197],[89.29922,26.24408],[89.30265,26.24456],[89.30414,26.24731],[89.30681,26.25014]]]},"properties":{"District":"Koch Bihar","Dist_LGD":"329","Sub_dist":"Koch Bihar - I","Subdis_LGD":"2183","Subdis_Typ":"Cd_Block","Vill_name":"Bairati","Vill_Cat":"Rural","Vill_LGD":"308126","arr_project":"asha1,asha2"}},
{"type":"Feature","geometry":{"type":"Polygon","coordinates":[[[89.29556,26.25809],[89.29844,26.25376],[89.29884,26.25132],[89.30426,26.25194],[89.3026,26.25598],[89.29556,26.25809]]]},"properties":{"District":"Koch Bihar","Dist_LGD":"329","Sub_dist":"Koch Bihar - I","Subdis_LGD":"2183","Subdis_Typ":"Cd_Block","Vill_name":"Kathalbari","Vill_Cat":"Rural","Vill_LGD":"308118","arr_project":"asha1,asha2"}},
{"type":"Feature","geometry":{"type":"Polygon","coordinates":[[[89.2848,26.27906],[89.28207,26.27789],[89.28016,26.27383],[89.27773,26.27155],[89.2778,26.2675],[89.28094,26.26423],[89.28799,26.26287],[89.28895,26.26313],[89.29039,26.26641],[89.28907,26.2719],[89.28507,26.27419],[89.29033,26.27742],[89.2848,26.27906]]]},"properties":{"District":"Koch Bihar","Dist_LGD":"329","Sub_dist":"Koch Bihar - I","Subdis_LGD":"2183","Subdis_Typ":"Cd_Block","Vill_name":"Petbhata Maghpala","Vill_Cat":"Rural","Vill_LGD":"308116","arr_project":"asha1,asha2"}},
{"type":"Feature","geometry":{"type":"Polygon","coordinates":[[[89.29975,26.19604],[89.29881,26.19833],[89.3052,26.20187],[89.30652,26.21317],[89.30552,26.21612],[89.30324,26.21597],[89.30285,26.21021],[89.30165,26.20789],[89.29739,26.20852],[89.2949,26.21194],[89.29156,26.20948],[89.29359,26.20218],[89.29518,26.20142],[89.29404,26.19755],[89.29025,26.19362],[89.28778,26.19237],[89.28552,26.18948],[89.28729,26.17771],[89.28823,26.17698],[89.2894,26.18079],[89.29052,26.18775],[89.28905,26.18927],[89.28896,26.19083],[89.29308,26.19158],[89.2969,26.19204],[89.29975,26.19604]]]},"properties":{"District":"Koch Bihar","Dist_LGD":"329","Sub_dist":"Koch Bihar - I","Subdis_LGD":"2183","Subdis_Typ":"Cd_Block","Vill_name":"Shibpur","Vill_Cat":"Rural","Vill_LGD":"308132","arr_project":"asha1,asha2"}},
{"type":"Feature","geometry":{"type":"Polygon","coordinates":[[[89.335,26.20252],[89.33298,26.20023],[89.32832,26.19992],[89.32868,26.19599],[89.32738,26.19141],[89.32993,26.19138],[89.32977,26.18878],[89.3271,26.18705],[89.32452,26.18472],[89.32381,26.17848],[89.33194,26.18057],[89.33761,26.18056],[89.3411,26.18133],[89.34114,26.19022],[89.33997,26.19349],[89.33647,26.19562],[89.335,26.20252]]]},"properties":{"District":"Koch Bihar","Dist_LGD":"329","Sub_dist":"Koch Bihar - I","Subdis_LGD":"2183","Subdis_Typ":"Cd_Block","Vill_name":"Sitalbas","Vill_Cat":"Rural","Vill_LGD":"308142","arr_project":"asha1,asha2"}},
{"type":"Feature","geometry":{"type":"Polygon","coordinates":[[[89.3045,26.28684],[89.30275,26.28786],[89.30432,26.29124],[89.30297,26.29685],[89.30119,26.29735],[89.3019,26.30164],[89.30222,26.30348],[89.30046,26.30703],[89.29775,26.30961],[89.2964,26.30656],[89.29818,26.30404],[89.29796,26.30106],[89.29505,26.29945],[89.28794,26.29844],[89.28546,26.29928],[89.2773,26.29901],[89.27189,26.30148],[89.27177,26.29775],[89.27166,26.29194],[89.2739,26.28876],[89.27689,26.28471],[89.28207,26.27789],[89.2848,26.27906],[89.29008,26.27955],[89.29318,26.28061],[89.29681,26.2835],[89.29882,26.28822],[89.30239,26.28658],[89.3045,26.28684]]]},"properties":{"District":"Koch Bihar","Dist_LGD":"329","Sub_dist":"Koch Bihar - I","Subdis_LGD":"2183","Subdis_Typ":"Cd_Block","Vill_name":"Dewanbas","Vill_Cat":"Rural","Vill_LGD":"308113","arr_project":"asha1,asha2"}},
{"type":"Feature","geometry":{"type":"Polygon","coordinates":[[[89.2309,26.1539],[89.23371,26.15199],[89.23093,26.14949],[89.22924,26.14957],[89.22903,26.1438],[89.23595,26.14295],[89.23548,26.13945],[89.23728,26.13844],[89.24086,26.1387],[89.24181,26.13652],[89.24663,26.1338],[89.25004,26.13453],[89.25085,26.14346],[89.25637,26.14424],[89.25748,26.14606],[89.26099,26.14578],[89.26266,26.14881],[89.25791,26.15375],[89.25468,26.15507],[89.25146,26.15788],[89.25181,26.16512],[89.24749,26.16692],[89.2479,26.16162],[89.24889,26.15946],[89.24531,26.15883],[89.24206,26.1569],[89.23848,26.15777],[89.23656,26.15982],[89.23455,26.1564],[89.2309,26.1539]]]},"properties":{"District":"Koch Bihar","Dist_LGD":"329","Sub_dist":"Sitalkuchi","Subdis_LGD":"2190","Subdis_Typ":"Cd_Block","Vill_name":"Petlaepra","Vill_Cat":"Rural","Vill_LGD":"308815","arr_project":"asha1,asha2"}},
{"type":"Feature","geometry":{"type":"Polygon","coordinates":[[[89.22469,26.18364],[89.2301,26.17988],[89.23516,26.17846],[89.23914,26.18041],[89.2381,26.18272],[89.2343,26.18566],[89.2356,26.18784],[89.23402,26.18944],[89.22906,26.18701],[89.22483,26.18789],[89.22469,26.18364]]]},"properties":{"District":"Koch Bihar","Dist_LGD":"329","Sub_dist":"Sitalkuchi","Subdis_LGD":"2190","Subdis_Typ":"Cd_Block","Vill_name":"Garkhola","Vill_Cat":"Rural","Vill_LGD":"308819","arr_project":"asha1,asha2"}},
{"type":"Feature","geometry":{"type":"Polygon","coordinates":[[[89.23516,26.17846],[89.23569,26.17436],[89.23945,26.17052],[89.24132,26.17004],[89.24562,26.16647],[89.24749,26.16692],[89.25181,26.16512],[89.25146,26.15788],[89.25468,26.15507],[89.25791,26.15375],[89.25887,26.15413],[89.25914,26.16065],[89.25848,26.163],[89.25439,26.16572],[89.25381,26.16743],[89.25069,26.17062],[89.24499,26.17184],[89.2471,26.17512],[89.24269,26.17876],[89.2405,26.17586],[89.23748,26.17716],[89.23914,26.18041],[89.23516,26.17846]]]},"properties":{"District":"Koch Bihar","Dist_LGD":"329","Sub_dist":"Sitalkuchi","Subdis_LGD":"2190","Subdis_Typ":"Cd_Block","Vill_name":"Dewanerkot Jayduar","Vill_Cat":"Rural","Vill_LGD":"308818","arr_project":"asha1,asha2"}},
{"type":"Feature","geometry":{"type":"Polygon","coordinates":[[[89.24749,26.16692],[89.24562,26.16647],[89.24132,26.17004],[89.23945,26.17052],[89.23563,26.1676],[89.23381,26.16299],[89.22778,26.16238],[89.22567,26.15753],[89.22364,26.15536],[89.22604,26.15363],[89.23002,26.15271],[89.2309,26.1539],[89.23455,26.1564],[89.23656,26.15982],[89.23848,26.15777],[89.24206,26.1569],[89.24531,26.15883],[89.24889,26.15946],[89.2479,26.16162],[89.24749,26.16692]]]},"properties":{"District":"Koch Bihar","Dist_LGD":"329","Sub_dist":"Sitalkuchi","Subdis_LGD":"2190","Subdis_Typ":"Cd_Block","Vill_name":"Atiabarinepra","Vill_Cat":"Rural","Vill_LGD":"308817","arr_project":"asha1,asha2"}},
{"type":"Feature","geometry":{"type":"Polygon","coordinates":[[[89.12564,26.29468],[89.1242,26.2934],[89.1253,26.29096],[89.12307,26.28773],[89.12038,26.28701],[89.11781,26.28984],[89.11675,26.29259],[89.11666,26.29715],[89.1138,26.29826],[89.11413,26.30366],[89.10896,26.30446],[89.10816,26.31307],[89.10493,26.31386],[89.10262,26.31217],[89.10282,26.3083],[89.10009,26.30389],[89.10748,26.29974],[89.10373,26.29757],[89.10316,26.29448],[89.10639,26.29036],[89.10248,26.28863],[89.1018,26.28195],[89.09999,26.27949],[89.10323,26.2786],[89.10331,26.28104],[89.10592,26.28102],[89.10483,26.27553],[89.1077,26.27559],[89.10947,26.27208],[89.11155,26.27267],[89.115,26.2698],[89.12188,26.26588],[89.12511,26.26348],[89.12161,26.25641],[89.1254,26.25733],[89.1263,26.2539],[89.12793,26.25242],[89.13007,26.25702],[89.12926,26.25926],[89.13342,26.26021],[89.13456,26.26447],[89.13731,26.26606],[89.13722,26.26971],[89.14259,26.26685],[89.14246,26.27012],[89.13896,26.26922],[89.13756,26.27053],[89.1337,26.27141],[89.1345,26.27434],[89.1381,26.2751],[89.13713,26.28145],[89.14068,26.28293],[89.13952,26.2857],[89.13995,26.28814],[89.13829,26.2937],[89.1344,26.29469],[89.13387,26.29177],[89.13191,26.29084],[89.12863,26.2937],[89.12564,26.29468]]]},"properties":{"District":"Koch Bihar","Dist_LGD":"329","Sub_dist":"Sitalkuchi","Subdis_LGD":"2190","Subdis_Typ":"Cd_Block","Vill_name":"Mahishmuri","Vill_Cat":"Rural","Vill_LGD":"308760","arr_project":"asha1,asha2"}},
{"type":"Feature","geometry":{"type":"Polygon","coordinates":[[[89.30391,26.12726],[89.30054,26.12792],[89.29378,26.13121],[89.29211,26.12748],[89.28657,26.12684],[89.28023,26.12508],[89.2798,26.12166],[89.28257,26.11592],[89.28341,26.11004],[89.2863,26.11042],[89.28744,26.10672],[89.28144,26.10749],[89.2767,26.10746],[89.27412,26.10792],[89.27209,26.10351],[89.27297,26.09967],[89.2748,26.09697],[89.28302,26.09688],[89.28636,26.09611],[89.28813,26.09743],[89.29499,26.09805],[89.29627,26.09667],[89.3001,26.09744],[89.30575,26.10283],[89.30693,26.10249],[89.30757,26.09716],[89.308,26.09753],[89.31262,26.10117],[89.3166,26.10515],[89.31496,26.10517],[89.31175,26.10776],[89.30075,26.10688],[89.29755,26.10561],[89.2982,26.11038],[89.29879,26.1137],[89.29648,26.11539],[89.29749,26.12102],[89.30139,26.12182],[89.30342,26.12203],[89.30391,26.12726]]]},"properties":{"District":"Koch Bihar","Dist_LGD":"329","Sub_dist":"Sitalkuchi","Subdis_LGD":"2190","Subdis_Typ":"Cd_Block","Vill_name":"Bara Masia","Vill_Cat":"Rural","Vill_LGD":"308827","arr_project":"asha1,asha2"}},
{"type":"Feature","geometry":{"type":"Polygon","coordinates":[[[89.2767,26.10746],[89.27499,26.11234],[89.2694,26.11283],[89.26891,26.10845],[89.26727,26.10668],[89.26726,26.10426],[89.26543,26.09755],[89.2594,26.09819],[89.25602,26.09235],[89.26296,26.09402],[89.26328,26.09211],[89.26673,26.09249],[89.26988,26.09194],[89.27446,26.09619],[89.2748,26.09697],[89.27297,26.09967],[89.27209,26.10351],[89.27412,26.10792],[89.2767,26.10746]]]},"properties":{"District":"Koch Bihar","Dist_LGD":"329","Sub_dist":"Sitalkuchi","Subdis_LGD":"2190","Subdis_Typ":"Cd_Block","Vill_name":"Puglimari","Vill_Cat":"Rural","Vill_LGD":"308826","arr_project":"asha1,asha2"}},
{"type":"Feature","geometry":{"type":"Polygon","coordinates":[[[89.31713,26.17774],[89.3179,26.17826],[89.31514,26.17903],[89.31156,26.17766],[89.29875,26.17767],[89.28823,26.17698],[89.28729,26.17771],[89.28306,26.17703],[89.28261,26.17281],[89.27825,26.1715],[89.27404,26.16888],[89.27435,26.16448],[89.26484,26.16523],[89.26407,26.16662],[89.26033,26.16572],[89.26068,26.16867],[89.25381,26.16743],[89.25439,26.16572],[89.25848,26.163],[89.25914,26.16065],[89.25887,26.15413],[89.25791,26.15375],[89.26266,26.14881],[89.26403,26.14766],[89.27132,26.14794],[89.27575,26.14712],[89.27335,26.14964],[89.27701,26.15479],[89.28291,26.16416],[89.28601,26.16402],[89.28794,26.16588],[89.30286,26.1705],[89.30826,26.17312],[89.31713,26.17774]]]},"properties":{"District":"Koch Bihar","Dist_LGD":"329","Sub_dist":"Sitalkuchi","Subdis_LGD":"2190","Subdis_Typ":"Cd_Block","Vill_name":"Sarbbeshwar Jayduar","Vill_Cat":"Rural","Vill_LGD":"308823","arr_project":"asha1,asha2"}},
{"type":"Feature","geometry":{"type":"Polygon","coordinates":[[[89.23747,26.12365],[89.24107,26.12365],[89.24292,26.12198],[89.24653,26.1222],[89.24703,26.12002],[89.24987,26.11885],[89.25423,26.11979],[89.25465,26.12166],[89.25356,26.12728],[89.25188,26.12916],[89.24768,26.13128],[89.24499,26.13035],[89.23872,26.13315],[89.23599,26.1356],[89.23341,26.12991],[89.23627,26.12743],[89.23747,26.12365]]]},"properties":{"District":"Koch Bihar","Dist_LGD":"329","Sub_dist":"Sitalkuchi","Subdis_LGD":"2190","Subdis_Typ":"Cd_Block","Vill_name":"Bara Maricha","Vill_Cat":"Rural","Vill_LGD":"308813","arr_project":"asha1,asha2"}},
{"type":"Feature","geometry":{"type":"Polygon","coordinates":[[[89.24987,26.11885],[89.24703,26.12002],[89.24653,26.1222],[89.24292,26.12198],[89.24107,26.12365],[89.23747,26.12365],[89.22867,26.12024],[89.23036,26.11875],[89.22911,26.11662],[89.2387,26.11386],[89.24064,26.11067],[89.2394,26.10893],[89.24181,26.10542],[89.24541,26.10558],[89.24975,26.10226],[89.25122,26.10444],[89.25471,26.10609],[89.25517,26.1104],[89.25474,26.11419],[89.25255,26.11595],[89.24807,26.11597],[89.24987,26.11885]]]},"properties":{"District":"Koch Bihar","Dist_LGD":"329","Sub_dist":"Sitalkuchi","Subdis_LGD":"2190","Subdis_Typ":"Cd_Block","Vill_name":"Maricha Gitaldaha","Vill_Cat":"Rural","Vill_LGD":"308809","arr_project":"asha1,asha2"}},
{"type":"Feature","geometry":{"type":"Polygon","coordinates":[[[89.23599,26.1356],[89.23872,26.13315],[89.24499,26.13035],[89.24768,26.13128],[89.25188,26.12916],[89.25356,26.12728],[89.2544,26.12634],[89.25737,26.12694],[89.25768,26.12891],[89.25004,26.13453],[89.24663,26.1338],[89.24181,26.13652],[89.24086,26.1387],[89.23728,26.13844],[89.23599,26.1356]]]},"properties":{"District":"Koch Bihar","Dist_LGD":"329","Sub_dist":"Sitalkuchi","Subdis_LGD":"2190","Subdis_Typ":"Cd_Block","Vill_name":"Amtala","Vill_Cat":"Rural","Vill_LGD":"308812","arr_project":"asha1,asha2"}},
{"type":"Feature","geometry":{"type":"Polygon","coordinates":[[[89.23548,26.13945],[89.23178,26.13749],[89.23272,26.13568],[89.23341,26.12991],[89.23599,26.1356],[89.23728,26.13844],[89.23548,26.13945]]]},"properties":{"District":"Koch Bihar","Dist_LGD":"329","Sub_dist":"Sitalkuchi","Subdis_LGD":"2190","Subdis_Typ":"Cd_Block","Vill_name":"Kharija Sitalkuchi","Vill_Cat":"Rural","Vill_LGD":"308814","arr_project":"asha1,asha2"}},
{"type":"Feature","geometry":{"type":"Polygon","coordinates":[[[89.27575,26.14712],[89.27132,26.14794],[89.26403,26.14766],[89.26266,26.14881],[89.26099,26.14578],[89.25748,26.14606],[89.25637,26.14424],[89.25085,26.14346],[89.25004,26.13453],[89.25768,26.12891],[89.26315,26.12672],[89.2639,26.12469],[89.26198,26.12325],[89.25767,26.12224],[89.25709,26.12047],[89.26076,26.11644],[89.26023,26.11293],[89.25814,26.11073],[89.25949,26.10854],[89.2675,26.10911],[89.26891,26.10845],[89.2694,26.11283],[89.27499,26.11234],[89.2767,26.10746],[89.28144,26.10749],[89.28744,26.10672],[89.2863,26.11042],[89.28341,26.11004],[89.28257,26.11592],[89.2798,26.12166],[89.28023,26.12508],[89.28657,26.12684],[89.29211,26.12748],[89.29378,26.13121],[89.28539,26.13816],[89.27575,26.14712]]]},"properties":{"District":"Koch Bihar","Dist_LGD":"329","Sub_dist":"Sitalkuchi","Subdis_LGD":"2190","Subdis_Typ":"Cd_Block","Vill_name":"Nagar Lalbazar","Vill_Cat":"Rural","Vill_LGD":"308824","arr_project":"asha1,asha2"}},
{"type":"Feature","geometry":{"type":"Polygon","coordinates":[[[89.26068,26.16867],[89.26033,26.16572],[89.26407,26.16662],[89.26484,26.16523],[89.27435,26.16448],[89.27404,26.16888],[89.27825,26.1715],[89.2764,26.17221],[89.27466,26.17497],[89.27118,26.17299],[89.26774,26.17475],[89.26068,26.16867]]]},"properties":{"District":"Koch Bihar","Dist_LGD":"329","Sub_dist":"Sitalkuchi","Subdis_LGD":"2190","Subdis_Typ":"Cd_Block","Vill_name":"Rajaram Joyduar","Vill_Cat":"Rural","Vill_LGD":"308822","arr_project":"asha1,asha2"}},
{"type":"Feature","geometry":{"type":"Polygon","coordinates":[[[89.08474,26.52657],[89.08503,26.53086],[89.08248,26.53067],[89.07911,26.53188],[89.07972,26.53492],[89.07644,26.53503],[89.07524,26.53652],[89.07384,26.53365],[89.07854,26.53253],[89.07868,26.52902],[89.07445,26.52516],[89.06989,26.52563],[89.06797,26.52372],[89.07219,26.52252],[89.07833,26.52249],[89.08172,26.52366],[89.08474,26.52657]]]},"properties":{"District":"Koch Bihar","Dist_LGD":"329","Sub_dist":"Mathabhanga - Ii","Subdis_LGD":"2182","Subdis_Typ":"Cd_Block","Vill_name":"Uttar Ksheti","Vill_Cat":"Rural","Vill_LGD":"308001","arr_project":"asha1,asha2"}},
{"type":"Feature","geometry":{"type":"Polygon","coordinates":[[[89.04898,26.5242],[89.04987,26.52148],[89.04704,26.51485],[89.05124,26.51356],[89.05465,26.51443],[89.05662,26.51246],[89.05923,26.5124],[89.0603,26.5146],[89.05755,26.5165],[89.05426,26.52246],[89.04898,26.5242]]]},"properties":{"District":"Koch Bihar","Dist_LGD":"329","Sub_dist":"Mathabhanga - Ii","Subdis_LGD":"2182","Subdis_Typ":"Cd_Block","Vill_name":"Uttar Rangapani Balasi","Vill_Cat":"Rural","Vill_LGD":"308005","arr_project":"asha1,asha2"}},
{"type":"Feature","geometry":{"type":"Polygon","coordinates":[[[89.07833,26.52249],[89.07828,26.52106],[89.07436,26.52009],[89.07489,26.51862],[89.0791,26.51775],[89.08,26.51498],[89.08399,26.51384],[89.08714,26.51869],[89.08502,26.52178],[89.08378,26.51975],[89.08114,26.52073],[89.08172,26.52366],[89.07833,26.52249]]]},"properties":{"District":"Koch Bihar","Dist_LGD":"329","Sub_dist":"Mathabhanga - Ii","Subdis_LGD":"2182","Subdis_Typ":"Cd_Block","Vill_name":"Jote Bholanath","Vill_Cat":"Rural","Vill_LGD":"308003","arr_project":"asha1,asha2"}},
{"type":"Feature","geometry":{"type":"Polygon","coordinates":[[[89.0878,26.52491],[89.08474,26.52657],[89.08172,26.52366],[89.08114,26.52073],[89.08378,26.51975],[89.08502,26.52178],[89.08707,26.52212],[89.0878,26.52491]]]},"properties":{"District":"Koch Bihar","Dist_LGD":"329","Sub_dist":"Mathabhanga - Ii","Subdis_LGD":"2182","Subdis_Typ":"Cd_Block","Vill_name":"Uttar Kanchakhawa","Vill_Cat":"Rural","Vill_LGD":"308002","arr_project":"asha1,asha2"}},
{"type":"Feature","geometry":{"type":"Polygon","coordinates":[[[89.11521,26.44074],[89.1152,26.43906],[89.11003,26.43292],[89.10838,26.4289],[89.10776,26.42415],[89.11021,26.42443],[89.11133,26.42768],[89.11434,26.42549],[89.11679,26.42644],[89.11971,26.42551],[89.12214,26.42254],[89.1238,26.42678],[89.12315,26.43026],[89.12668,26.42946],[89.12902,26.43433],[89.12666,26.43657],[89.12551,26.43934],[89.12081,26.43877],[89.12113,26.44451],[89.11792,26.44461],[89.11687,26.4411],[89.11521,26.44074]]]},"properties":{"District":"Koch Bihar","Dist_LGD":"329","Sub_dist":"Mathabhanga - I","Subdis_LGD":"2181","Subdis_Typ":"Cd_Block","Vill_name":"Bamunia Purba","Vill_Cat":"Rural","Vill_LGD":"307903","arr_project":"asha1,asha2"}},
{"type":"Feature","geometry":{"type":"Polygon","coordinates":[[[89.08708,26.43884],[89.09416,26.43742],[89.09657,26.434],[89.09067,26.43536],[89.08991,26.43313],[89.09232,26.43228],[89.09126,26.427],[89.09765,26.42504],[89.10374,26.42729],[89.10353,26.4289],[89.10607,26.43543],[89.10873,26.43481],[89.11046,26.44244],[89.10592,26.44489],[89.10384,26.44829],[89.09837,26.44743],[89.09176,26.44852],[89.09137,26.44627],[89.08708,26.43884]]]},"properties":{"District":"Koch Bihar","Dist_LGD":"329","Sub_dist":"Mathabhanga - I","Subdis_LGD":"2181","Subdis_Typ":"Cd_Block","Vill_name":"Bamunia Paschim","Vill_Cat":"Rural","Vill_LGD":"307897","arr_project":"asha1,asha2"}},
{"type":"Feature","geometry":{"type":"Polygon","coordinates":[[[89.07748,26.42931],[89.0779,26.43302],[89.07983,26.43778],[89.07389,26.43648],[89.07408,26.43197],[89.076,26.42964],[89.07748,26.42931]]]},"properties":{"District":"Koch Bihar","Dist_LGD":"329","Sub_dist":"Mathabhanga - I","Subdis_LGD":"2181","Subdis_Typ":"Cd_Block","Vill_name":"Dakshin Rangapani Balasi","Vill_Cat":"Rural","Vill_LGD":"307895","arr_project":"asha1,asha2"}},
{"type":"Feature","geometry":{"type":"Polygon","coordinates":[[[89.07284,26.43038],[89.07242,26.42745],[89.0759,26.42662],[89.07606,26.42421],[89.08354,26.42286],[89.08505,26.42198],[89.08703,26.42525],[89.08493,26.42525],[89.08002,26.42881],[89.07748,26.42931],[89.076,26.42964],[89.07284,26.43038]]]},"properties":{"District":"Koch Bihar","Dist_LGD":"329","Sub_dist":"Mathabhanga - I","Subdis_LGD":"2181","Subdis_Typ":"Cd_Block","Vill_name":"Chhota Chhat Dhan Dhania","Vill_Cat":"Rural","Vill_LGD":"307894","arr_project":"asha1,asha2"}},
{"type":"Feature","geometry":{"type":"Polygon","coordinates":[[[89.05311,26.45261],[89.05454,26.4526],[89.05656,26.44862],[89.05879,26.44605],[89.06189,26.44449],[89.06228,26.44701],[89.06487,26.45093],[89.0623,26.45193],[89.06099,26.45608],[89.05583,26.45774],[89.05512,26.45437],[89.05311,26.45261]]]},"properties":{"District":"Koch Bihar","Dist_LGD":"329","Sub_dist":"Mathabhanga - I","Subdis_LGD":"2181","Subdis_Typ":"Cd_Block","Vill_name":"Dakshin Kharija Gopalpur","Vill_Cat":"Rural","Vill_LGD":"307882","arr_project":"asha1,asha2"}},
{"type":"Feature","geometry":{"type":"Polygon","coordinates":[[[89.31169,26.40964],[89.313,26.41159],[89.31646,26.41167],[89.31917,26.41745],[89.31799,26.42269],[89.30796,26.42364],[89.30361,26.42289],[89.29928,26.4199],[89.29714,26.42007],[89.29815,26.41513],[89.29746,26.41344],[89.30066,26.41241],[89.30418,26.41321],[89.31033,26.40925],[89.31169,26.40964]]]},"properties":{"District":"Koch Bihar","Dist_LGD":"329","Sub_dist":"Mathabhanga - Ii","Subdis_LGD":"2182","Subdis_Typ":"Cd_Block","Vill_name":"Baghmara Sukhan Dighi","Vill_Cat":"Rural","Vill_LGD":"308040","arr_project":"asha1,asha2"}},
{"type":"Feature","geometry":{"type":"Polygon","coordinates":[[[89.22304,26.42639],[89.22456,26.42268],[89.22519,26.41781],[89.22971,26.42179],[89.23493,26.42102],[89.23525,26.42285],[89.23981,26.42317],[89.24696,26.42262],[89.24776,26.42594],[89.25233,26.42665],[89.24526,26.42842],[89.24386,26.42967],[89.23519,26.43159],[89.23594,26.4374],[89.22937,26.43837],[89.22838,26.43528],[89.23018,26.42886],[89.22973,26.42662],[89.22304,26.42639]]]},"properties":{"District":"Koch Bihar","Dist_LGD":"329","Sub_dist":"Mathabhanga - Ii","Subdis_LGD":"2182","Subdis_Typ":"Cd_Block","Vill_name":"Atpukuri","Vill_Cat":"Rural","Vill_LGD":"308034","arr_project":"asha1,asha2"}},
{"type":"Feature","geometry":{"type":"Polygon","coordinates":[[[89.20718,26.41502],[89.21305,26.41206],[89.21761,26.41036],[89.21999,26.40189],[89.2223,26.40348],[89.2261,26.40283],[89.23131,26.40059],[89.23114,26.39829],[89.23353,26.39481],[89.23667,26.39619],[89.23852,26.39469],[89.23782,26.39145],[89.24225,26.38946],[89.24515,26.39017],[89.24554,26.39432],[89.24803,26.39804],[89.24909,26.40168],[89.25055,26.40281],[89.2498,26.40652],[89.25133,26.41757],[89.2539,26.42167],[89.25397,26.42516],[89.25233,26.42665],[89.24776,26.42594],[89.24696,26.42262],[89.23981,26.42317],[89.23525,26.42285],[89.23493,26.42102],[89.22971,26.42179],[89.22519,26.41781],[89.22456,26.42268],[89.22304,26.42639],[89.22252,26.42944],[89.21846,26.42893],[89.21886,26.43433],[89.21394,26.43543],[89.2106,26.4344],[89.21161,26.43124],[89.20735,26.42131],[89.20594,26.4161],[89.20718,26.41502]]]},"properties":{"District":"Koch Bihar","Dist_LGD":"329","Sub_dist":"Mathabhanga - Ii","Subdis_LGD":"2182","Subdis_Typ":"Cd_Block","Vill_name":"Ruidanga Pratham Khanda","Vill_Cat":"Rural","Vill_LGD":"308033","arr_project":"asha1,asha2"}},
{"type":"Feature","geometry":{"type":"Polygon","coordinates":[[[89.29746,26.41344],[89.29479,26.41296],[89.29233,26.40936],[89.28769,26.41027],[89.28759,26.4128],[89.27778,26.41444],[89.27416,26.41722],[89.27231,26.42364],[89.26936,26.42219],[89.26169,26.42222],[89.2603,26.42105],[89.2539,26.42167],[89.25133,26.41757],[89.2498,26.40652],[89.25055,26.40281],[89.25318,26.4032],[89.25959,26.40078],[89.26293,26.39783],[89.26688,26.39712],[89.27169,26.39776],[89.27256,26.39985],[89.2723,26.4035],[89.27512,26.40214],[89.27501,26.39794],[89.27816,26.3981],[89.27876,26.39594],[89.28705,26.39718],[89.28763,26.40253],[89.29324,26.40248],[89.29629,26.40298],[89.29537,26.4056],[89.30373,26.40577],[89.30518,26.40225],[89.30782,26.40294],[89.31319,26.4041],[89.31351,26.40552],[89.31169,26.40964],[89.31033,26.40925],[89.30418,26.41321],[89.30066,26.41241],[89.29746,26.41344]]]},"properties":{"District":"Koch Bihar","Dist_LGD":"329","Sub_dist":"Mathabhanga - Ii","Subdis_LGD":"2182","Subdis_Typ":"Cd_Block","Vill_name":"Unish Bisha","Vill_Cat":"Rural","Vill_LGD":"308041","arr_project":"asha1,asha2"}},
{"type":"Feature","geometry":{"type":"Polygon","coordinates":[[[89.08157,26.39749],[89.08151,26.40141],[89.07506,26.40123],[89.07172,26.40407],[89.06887,26.39805],[89.07111,26.39841],[89.07471,26.39598],[89.07851,26.39596],[89.08157,26.39749]]]},"properties":{"District":"Koch Bihar","Dist_LGD":"329","Sub_dist":"Mathabhanga - I","Subdis_LGD":"2181","Subdis_Typ":"Cd_Block","Vill_name":"Uttar Tetuler Chhara","Vill_Cat":"Rural","Vill_LGD":"307890","arr_project":"asha1,asha2"}},
{"type":"Feature","geometry":{"type":"Polygon","coordinates":[[[88.96593,26.48797],[88.96586,26.48822],[88.96577,26.48806],[88.96005,26.48737],[88.95937,26.48537],[88.95985,26.48012],[88.96438,26.48022],[88.96911,26.47634],[88.9702,26.47739],[88.9713,26.48209],[88.96512,26.48431],[88.96593,26.48797]]]},"properties":{"District":"Koch Bihar","Dist_LGD":"329","Sub_dist":"Mekliganj","Subdis_LGD":"2180","Subdis_Typ":"Cd_Block","Vill_name":"Uttar Hemkumari","Vill_Cat":"Rural","Vill_LGD":"307756","arr_project":"asha1,asha2"}},
{"type":"Feature","geometry":{"type":"Polygon","coordinates":[[[88.84773,26.37702],[88.84467,26.37766],[88.84379,26.38015],[88.83871,26.38494],[88.83531,26.38066],[88.83267,26.3799],[88.83631,26.37651],[88.83538,26.37309],[88.83864,26.36678],[88.84441,26.36755],[88.84335,26.37163],[88.84735,26.37306],[88.84773,26.37702]]]},"properties":{"District":"Koch Bihar","Dist_LGD":"329","Sub_dist":"Mekliganj","Subdis_LGD":"2180","Subdis_Typ":"Cd_Block","Vill_name":"Dakshin Nijtaraf","Vill_Cat":"Rural","Vill_LGD":"307822","arr_project":"asha1,asha2"}},
{"type":"Feature","geometry":{"type":"Polygon","coordinates":[[[88.94461,26.27241],[88.94087,26.2758],[88.93633,26.27782],[88.93038,26.27825],[88.93152,26.27435],[88.93395,26.27092],[88.93504,26.26702],[88.94012,26.26353],[88.94416,26.25448],[88.94736,26.25201],[88.95066,26.24773],[88.95303,26.24199],[88.95692,26.2426],[88.95669,26.24052],[88.96527,26.23872],[88.96652,26.23898],[88.96676,26.24145],[88.96411,26.24268],[88.95786,26.24466],[88.95512,26.24719],[88.95688,26.25029],[88.95535,26.25179],[88.94989,26.25503],[88.95418,26.25728],[88.95363,26.2595],[88.95179,26.25898],[88.94853,26.26061],[88.94701,26.26437],[88.9428,26.26537],[88.94163,26.2698],[88.9443,26.26925],[88.94461,26.27241]]]},"properties":{"District":"Koch Bihar","Dist_LGD":"329","Sub_dist":"Mekliganj","Subdis_LGD":"2180","Subdis_Typ":"Cd_Block","Vill_name":"Jhar Singheswar","Vill_Cat":"Rural","Vill_LGD":"307693","arr_project":"asha1,asha2"}},
{"type":"Feature","geometry":{"type":"Polygon","coordinates":[[[88.97882,26.24454],[88.98241,26.24475],[88.979,26.24937],[88.97615,26.25058],[88.9743,26.25449],[88.97446,26.25635],[88.96834,26.25746],[88.96716,26.26082],[88.96507,26.26189],[88.95808,26.2625],[88.95349,26.26497],[88.95363,26.2595],[88.95418,26.25728],[88.95691,26.25506],[88.95765,26.25546],[88.9677,26.25398],[88.96886,26.24919],[88.97211,26.24942],[88.97871,26.24547],[88.97882,26.24454]]]},"properties":{"District":"Koch Bihar","Dist_LGD":"329","Sub_dist":"Mekliganj","Subdis_LGD":"2180","Subdis_Typ":"Cd_Block","Vill_name":"Dewanbash","Vill_Cat":"Rural","Vill_LGD":"307698","arr_project":"asha1,asha2"}},
{"type":"Feature","geometry":{"type":"Polygon","coordinates":[[[88.9309,26.30538],[88.92704,26.30782],[88.92349,26.30902],[88.92147,26.31457],[88.91572,26.32224],[88.91501,26.32818],[88.91599,26.3298],[88.91265,26.33624],[88.91048,26.33909],[88.90872,26.34209],[88.90473,26.34547],[88.89925,26.34794],[88.89604,26.34829],[88.89523,26.35042],[88.89284,26.34972],[88.89139,26.34582],[88.8925,26.34181],[88.88834,26.3403],[88.88665,26.34149],[88.88541,26.34112],[88.88032,26.34389],[88.87887,26.34602],[88.87447,26.3471],[88.87025,26.34994],[88.87026,26.35191],[88.86737,26.35263],[88.86446,26.35718],[88.86326,26.36198],[88.86065,26.36442],[88.85735,26.36511],[88.85535,26.36689],[88.85546,26.37028],[88.84963,26.3664],[88.8469,26.36265],[88.84359,26.36224],[88.83864,26.36678],[88.83538,26.37309],[88.83631,26.37651],[88.83267,26.3799],[88.82714,26.37852],[88.83087,26.37333],[88.83307,26.36999],[88.83456,26.36458],[88.83589,26.36059],[88.83786,26.35837],[88.84462,26.3572],[88.84763,26.35275],[88.84974,26.35125],[88.85257,26.35217],[88.85808,26.34972],[88.85763,26.34507],[88.85979,26.34156],[88.86536,26.34062],[88.86707,26.33778],[88.87962,26.33505],[88.88861,26.33325],[88.89334,26.31968],[88.90103,26.31447],[88.9027,26.31106],[88.9068,26.30511],[88.91044,26.30067],[88.91555,26.29716],[88.92094,26.29533],[88.92342,26.29104],[88.92617,26.28378],[88.93038,26.27825],[88.93633,26.27782],[88.94087,26.2758],[88.94461,26.27241],[88.95023,26.26851],[88.95349,26.26497],[88.95808,26.2625],[88.96507,26.26189],[88.96716,26.26082],[88.96834,26.25746],[88.97446,26.25635],[88.97419,26.25903],[88.97875,26.25853],[88.9829,26.25653],[88.99016,26.25732],[88.99391,26.25838],[88.99695,26.25165],[88.99876,26.24995],[88.99996,26.25192],[88.99944,26.25434],[88.99623,26.26044],[88.99373,26.26258],[88.98984,26.2639],[88.9854,26.26741],[88.97959,26.27064],[88.97631,26.27144],[88.97129,26.27389],[88.96977,26.27776],[88.96157,26.27706],[88.9544,26.27464],[88.94897,26.27794],[88.94522,26.28189],[88.94332,26.28668],[88.94174,26.28676],[88.93311,26.29223],[88.92841,26.2916],[88.9234,26.29634],[88.92346,26.29801],[88.92589,26.30183],[88.92927,26.30296],[88.9309,26.30538]]]},"properties":{"District":"Koch Bihar","Dist_LGD":"329","Sub_dist":"Mekliganj","Subdis_LGD":"2180","Subdis_Typ":"Cd_Block","Vill_name":"Tista Nadir Payasti","Vill_Cat":"Rural","Vill_LGD":"307692","arr_project":"asha1,asha2"}},
{"type":"Feature","geometry":{"type":"Polygon","coordinates":[[[88.83786,26.35837],[88.83589,26.36059],[88.83456,26.36458],[88.83357,26.36195],[88.83101,26.35879],[88.83058,26.35636],[88.83372,26.35503],[88.83576,26.35544],[88.83786,26.35837]]]},"properties":{"District":"Koch Bihar","Dist_LGD":"329","Sub_dist":"Haldibari","Subdis_LGD":"2179","Subdis_Typ":"Cd_Block","Vill_name":"Khasbas","Vill_Cat":"Rural","Vill_LGD":"307654","arr_project":"asha1,asha2"}},
{"type":"Feature","geometry":{"type":"Polygon","coordinates":[[[88.8293,26.37226],[88.82234,26.37419],[88.82078,26.37058],[88.81169,26.37127],[88.80792,26.37153],[88.80766,26.36851],[88.80516,26.36834],[88.80471,26.36632],[88.80711,26.36137],[88.81277,26.36127],[88.81384,26.35915],[88.81193,26.35701],[88.81289,26.35621],[88.8187,26.35676],[88.81992,26.35392],[88.82605,26.35186],[88.83043,26.3527],[88.83158,26.35162],[88.83058,26.35636],[88.83101,26.35879],[88.83357,26.36195],[88.83456,26.36458],[88.83307,26.36999],[88.8293,26.37226]]]},"properties":{"District":"Koch Bihar","Dist_LGD":"329","Sub_dist":"Haldibari","Subdis_LGD":"2179","Subdis_Typ":"Cd_Block","Vill_name":"Uttar Baksiganj","Vill_Cat":"Rural","Vill_LGD":"307651","arr_project":"asha1,asha2"}},
{"type":"Feature","geometry":{"type":"Polygon","coordinates":[[[88.87962,26.33505],[88.86707,26.33778],[88.86536,26.34062],[88.85979,26.34156],[88.85763,26.34507],[88.85307,26.34456],[88.85397,26.34129],[88.85698,26.33698],[88.86103,26.33486],[88.86174,26.33658],[88.86543,26.33694],[88.86575,26.33388],[88.86842,26.33219],[88.86734,26.32935],[88.86763,26.32502],[88.86923,26.32212],[88.86698,26.31925],[88.86551,26.31956],[88.86531,26.3194],[88.86935,26.30924],[88.87175,26.30663],[88.87281,26.30371],[88.87285,26.29794],[88.87373,26.29735],[88.87992,26.29642],[88.88995,26.30034],[88.89013,26.30065],[88.88922,26.30431],[88.88059,26.30379],[88.87747,26.30524],[88.87425,26.30789],[88.87726,26.30988],[88.88045,26.31],[88.88705,26.31298],[88.88661,26.31582],[88.88811,26.31849],[88.89022,26.3192],[88.88936,26.32365],[88.8844,26.32323],[88.88032,26.32505],[88.87887,26.33072],[88.88085,26.33109],[88.87962,26.33505]]]},"properties":{"District":"Koch Bihar","Dist_LGD":"329","Sub_dist":"Haldibari","Subdis_LGD":"2179","Subdis_Typ":"Cd_Block","Vill_name":"Nijtaraf","Vill_Cat":"Rural","Vill_LGD":"307679","arr_project":"asha1,asha2"}},
{"type":"Feature","geometry":{"type":"Polygon","coordinates":[[[88.80516,26.36834],[88.80113,26.36866],[88.79944,26.36541],[88.79669,26.36605],[88.79271,26.3642],[88.79375,26.35865],[88.80094,26.35654],[88.80336,26.3568],[88.80395,26.35703],[88.80341,26.35988],[88.80143,26.36381],[88.80293,26.36642],[88.80471,26.36632],[88.80516,26.36834]]]},"properties":{"District":"Koch Bihar","Dist_LGD":"329","Sub_dist":"Haldibari","Subdis_LGD":"2179","Subdis_Typ":"Cd_Block","Vill_name":"Uttar Chhota Haldibari","Vill_Cat":"Rural","Vill_LGD":"307648","arr_project":"asha1,asha2"}},
{"type":"Feature","geometry":{"type":"Polygon","coordinates":[[[88.79291,26.3569],[88.79006,26.35597],[88.79023,26.35349],[88.79262,26.34782],[88.78866,26.34777],[88.79038,26.34369],[88.79259,26.34102],[88.79128,26.33973],[88.7936,26.33512],[88.79684,26.33376],[88.79846,26.33751],[88.80194,26.33709],[88.80327,26.3342],[88.80549,26.33373],[88.80716,26.33564],[88.81009,26.33822],[88.81003,26.34298],[88.8082,26.34334],[88.80773,26.34636],[88.8055,26.34603],[88.8037,26.34332],[88.8013,26.34253],[88.79932,26.34708],[88.79581,26.34926],[88.79632,26.3524],[88.79859,26.35419],[88.79282,26.35603],[88.79291,26.3569]]]},"properties":{"District":"Koch Bihar","Dist_LGD":"329","Sub_dist":"Haldibari","Subdis_LGD":"2179","Subdis_Typ":"Cd_Block","Vill_name":"Chhota Haldibari","Vill_Cat":"Rural","Vill_LGD":"307645","arr_project":"asha1,asha2"}},
{"type":"Feature","geometry":{"type":"Polygon","coordinates":[[[89.63239,26.18066],[89.63268,26.17943],[89.63699,26.17884],[89.63726,26.17623],[89.63371,26.17502],[89.63205,26.17193],[89.63781,26.17219],[89.63771,26.16858],[89.63957,26.16693],[89.64599,26.16448],[89.64922,26.16447],[89.65103,26.17086],[89.65352,26.16999],[89.65483,26.17341],[89.65848,26.17621],[89.65576,26.17874],[89.65537,26.18145],[89.65044,26.18086],[89.64976,26.17976],[89.64362,26.18282],[89.64021,26.18229],[89.63903,26.17865],[89.63292,26.18076],[89.63284,26.18274],[89.63239,26.18066]]]},"properties":{"District":"Koch Bihar","Dist_LGD":"329","Sub_dist":"Dinhata - Ii","Subdis_LGD":"2188","Subdis_Typ":"Cd_Block","Vill_name":"Chhota Garol Jhora","Vill_Cat":"Rural","Vill_LGD":"308606","arr_project":"asha1,asha2"}},
{"type":"Feature","geometry":{"type":"Polygon","coordinates":[[[88.95119,26.45208],[88.95674,26.45062],[88.96044,26.44829],[88.96269,26.45254],[88.95965,26.4523],[88.95719,26.45477],[88.95655,26.45906],[88.95096,26.45812],[88.94805,26.4593],[88.94552,26.45722],[88.94854,26.45125],[88.95119,26.45208]]]},"properties":{"District":"Koch Bihar","Dist_LGD":"329","Sub_dist":"Mekliganj","Subdis_LGD":"2180","Subdis_Typ":"Cd_Block","Vill_name":"Purba Kamat Changrabandha","Vill_Cat":"Rural","Vill_LGD":"307794","arr_project":"asha1,asha2"}},
{"type":"Feature","geometry":{"type":"Polygon","coordinates":[[[89.69066,26.24648],[89.69106,26.25076],[89.68821,26.25516],[89.68394,26.25689],[89.68403,26.25866],[89.68068,26.2614],[89.67989,26.26452],[89.67444,26.26557],[89.67289,26.26423],[89.66777,26.26463],[89.66976,26.25692],[89.66556,26.25747],[89.65971,26.25732],[89.6497,26.26239],[89.64801,26.26077],[89.64981,26.25827],[89.64874,26.25433],[89.65145,26.25474],[89.656,26.25201],[89.66042,26.25196],[89.66196,26.25018],[89.66208,26.24692],[89.66017,26.24449],[89.66293,26.2438],[89.66477,26.24637],[89.66708,26.25217],[89.67428,26.24733],[89.66993,26.24471],[89.67367,26.24356],[89.67473,26.24551],[89.6771,26.24555],[89.67998,26.24321],[89.67857,26.23822],[89.68165,26.22782],[89.68413,26.22773],[89.6856,26.23075],[89.68491,26.23618],[89.68376,26.23819],[89.68311,26.24021],[89.68446,26.24246],[89.68868,26.24652],[89.69066,26.24648]]]},"properties":{"District":"Koch Bihar","Dist_LGD":"329","Sub_dist":"Tufanganj - I","Subdis_LGD":"2185","Subdis_Typ":"Cd_Block","Vill_name":"Dhadial","Vill_Cat":"Rural","Vill_LGD":"308397","arr_project":"asha1,asha2"}},
{"type":"Feature","geometry":{"type":"Polygon","coordinates":[[[88.98651,26.50545],[88.98287,26.50753],[88.98038,26.50691],[88.97857,26.50581],[88.97906,26.50113],[88.97529,26.50029],[88.97364,26.49861],[88.97095,26.49864],[88.96814,26.49362],[88.96749,26.49006],[88.97446,26.48843],[88.9757,26.49731],[88.97876,26.4973],[88.97856,26.4937],[88.97628,26.4888],[88.9745,26.48839],[88.97022,26.48698],[88.96593,26.48797],[88.96512,26.48431],[88.9713,26.48209],[88.9702,26.47739],[88.96911,26.47634],[88.96907,26.47427],[88.9715,26.47331],[88.97578,26.47386],[88.98364,26.47308],[88.98263,26.47568],[88.98884,26.4756],[88.98938,26.47397],[88.98782,26.47113],[88.98453,26.47102],[88.98042,26.46854],[88.97705,26.46862],[88.97588,26.46683],[88.97844,26.46099],[88.98351,26.4601],[88.98558,26.46134],[88.98911,26.46943],[88.99179,26.4699],[88.994,26.4683],[89.0007,26.46798],[89.00619,26.46826],[89.00541,26.4658],[89.00618,26.46322],[89.00293,26.46159],[89.00126,26.4593],[89.00647,26.45727],[89.00658,26.44936],[89.0107,26.44404],[89.01141,26.44152],[89.01469,26.44108],[89.0193,26.43846],[89.02495,26.43844],[89.02826,26.44236],[89.02691,26.44512],[89.02868,26.44742],[89.03684,26.44681],[89.03774,26.45016],[89.04023,26.44981],[89.04309,26.45197],[89.04413,26.45369],[89.04378,26.45793],[89.04012,26.46001],[89.03287,26.46098],[89.0331,26.45966],[89.03255,26.45642],[89.02864,26.45695],[89.02765,26.46124],[89.02589,26.4634],[89.02318,26.46381],[89.02299,26.46086],[89.01982,26.46184],[89.01712,26.46524],[89.01933,26.46662],[89.01578,26.46731],[89.01664,26.47232],[89.0115,26.47371],[89.01098,26.47674],[89.01373,26.47781],[89.01893,26.47668],[89.01823,26.47496],[89.02312,26.4756],[89.03024,26.47738],[89.03219,26.47732],[89.03405,26.48165],[89.03188,26.48255],[89.03135,26.4878],[89.02328,26.48887],[89.02203,26.49257],[89.01999,26.49207],[89.01541,26.49441],[89.00479,26.49687],[89.00398,26.49329],[89.00031,26.4939],[88.99803,26.4896],[88.9942,26.49184],[88.99031,26.48987],[88.98896,26.49218],[88.98926,26.49713],[88.98746,26.49948],[88.98888,26.5044],[88.98651,26.50545]],[[88.98876,26.4853],[88.98488,26.48547],[88.98438,26.48733],[88.98734,26.48768],[88.98876,26.4853]],[[89.00142,26.48757],[89.00405,26.49331],[89.01152,26.49238],[89.00956,26.48914],[89.00847,26.48496],[89.00524,26.48483],[89.00142,26.48757]],[[88.9971,26.48482],[88.99797,26.48261],[89.00273,26.48131],[89.00245,26.47791],[88.99756,26.4781],[88.99682,26.47439],[88.99224,26.47641],[88.9919,26.4806],[88.98994,26.48416],[88.9971,26.48482]]]},"properties":{"District":"Koch Bihar","Dist_LGD":"329","Sub_dist":"Mekliganj","Subdis_LGD":"2180","Subdis_Typ":"Cd_Block","Vill_name":"Uchal Pukhari","Vill_Cat":"Rural","Vill_LGD":"307745","arr_project":"asha1,asha2"}},
{"type":"Feature","geometry":{"type":"Polygon","coordinates":[[[89.06166,26.47857],[89.0621,26.48138],[89.05622,26.48425],[89.05627,26.48267],[89.05234,26.48103],[89.05169,26.47935],[89.04787,26.47903],[89.04675,26.48117],[89.04004,26.4801],[89.04009,26.48341],[89.03553,26.48304],[89.03405,26.48165],[89.03219,26.47732],[89.0361,26.47295],[89.046,26.47238],[89.04822,26.47478],[89.05235,26.47256],[89.05767,26.47409],[89.05882,26.47835],[89.06166,26.47857]]]},"properties":{"District":"Koch Bihar","Dist_LGD":"329","Sub_dist":"Mekliganj","Subdis_LGD":"2180","Subdis_Typ":"Cd_Block","Vill_name":"Bara Thunkinjhar","Vill_Cat":"Rural","Vill_LGD":"307744","arr_project":"asha1,asha2"}},
{"type":"Feature","geometry":{"type":"Polygon","coordinates":[[[89.046,26.47238],[89.0361,26.47295],[89.03219,26.47732],[89.03024,26.47738],[89.02312,26.4756],[89.0243,26.4727],[89.02803,26.47143],[89.02637,26.46901],[89.02661,26.46662],[89.0299,26.46665],[89.03111,26.47012],[89.03577,26.46842],[89.03752,26.46666],[89.0373,26.46287],[89.0397,26.46226],[89.04012,26.46001],[89.04378,26.45793],[89.04413,26.45369],[89.04309,26.45197],[89.04568,26.44802],[89.04846,26.44742],[89.0518,26.44891],[89.05145,26.45274],[89.04893,26.45509],[89.05024,26.45781],[89.04706,26.46179],[89.04465,26.46574],[89.04043,26.46624],[89.04066,26.46804],[89.04619,26.46957],[89.046,26.47238]]]},"properties":{"District":"Koch Bihar","Dist_LGD":"329","Sub_dist":"Mekliganj","Subdis_LGD":"2180","Subdis_Typ":"Cd_Block","Vill_name":"Kharija Gopalpur","Vill_Cat":"Rural","Vill_LGD":"307764","arr_project":"asha1,asha2"}},
{"type":"Feature","geometry":{"type":"Polygon","coordinates":[[[89.05381,26.50625],[89.05025,26.50735],[89.05392,26.50385],[89.06035,26.50045],[89.06031,26.49727],[89.05843,26.49375],[89.05925,26.49134],[89.05622,26.48425],[89.0621,26.48138],[89.06166,26.47857],[89.06632,26.47962],[89.06966,26.47528],[89.072,26.47412],[89.07389,26.47501],[89.07878,26.47658],[89.07841,26.48349],[89.07942,26.48486],[89.0842,26.48396],[89.08562,26.48102],[89.09353,26.48043],[89.09542,26.48831],[89.09709,26.48991],[89.09661,26.49396],[89.09464,26.49598],[89.09017,26.50055],[89.0876,26.50094],[89.08852,26.49655],[89.08524,26.49513],[89.08187,26.49225],[89.08031,26.49291],[89.07693,26.49237],[89.06914,26.49247],[89.06522,26.49323],[89.06631,26.4979],[89.06558,26.50149],[89.05681,26.50383],[89.05381,26.50625]]]},"properties":{"District":"Koch Bihar","Dist_LGD":"329","Sub_dist":"Mathabhanga - I","Subdis_LGD":"2181","Subdis_Typ":"Cd_Block","Vill_name":"Jore Simuli","Vill_Cat":"Rural","Vill_LGD":"307873","arr_project":"asha1,asha2"}},
{"type":"Feature","geometry":{"type":"Polygon","coordinates":[[[89.08031,26.49291],[89.08039,26.49621],[89.07796,26.49764],[89.07796,26.50057],[89.0728,26.49827],[89.07075,26.49607],[89.06631,26.4979],[89.06522,26.49323],[89.06914,26.49247],[89.07693,26.49237],[89.08031,26.49291]]]},"properties":{"District":"Koch Bihar","Dist_LGD":"329","Sub_dist":"Mathabhanga - I","Subdis_LGD":"2181","Subdis_Typ":"Cd_Block","Vill_name":"Madhya Rangapani Balasi","Vill_Cat":"Rural","Vill_LGD":"307972","arr_project":"asha1,asha2"}},
{"type":"Feature","geometry":{"type":"Polygon","coordinates":[[[89.0876,26.50094],[89.08334,26.50156],[89.07796,26.50057],[89.07796,26.49764],[89.08039,26.49621],[89.08031,26.49291],[89.08187,26.49225],[89.08524,26.49513],[89.08852,26.49655],[89.0876,26.50094]]]},"properties":{"District":"Koch Bihar","Dist_LGD":"329","Sub_dist":"Mathabhanga - I","Subdis_LGD":"2181","Subdis_Typ":"Cd_Block","Vill_name":"Magurmari","Vill_Cat":"Rural","Vill_LGD":"307973","arr_project":"asha1,asha2"}},
{"type":"Feature","geometry":{"type":"Polygon","coordinates":[[[89.072,26.47412],[89.06966,26.47528],[89.06632,26.47962],[89.06166,26.47857],[89.05882,26.47835],[89.05767,26.47409],[89.05235,26.47256],[89.05212,26.46463],[89.0497,26.46471],[89.04706,26.46179],[89.05024,26.45781],[89.05262,26.46045],[89.05548,26.4601],[89.05545,26.461],[89.05433,26.46331],[89.06035,26.46582],[89.06273,26.47043],[89.06937,26.46811],[89.07238,26.4683],[89.072,26.47412]]]},"properties":{"District":"Koch Bihar","Dist_LGD":"329","Sub_dist":"Mathabhanga - I","Subdis_LGD":"2181","Subdis_Typ":"Cd_Block","Vill_name":"Patchhara Gopalpur","Vill_Cat":"Rural","Vill_LGD":"307878","arr_project":"asha1,asha2"}},
{"type":"Feature","geometry":{"type":"Polygon","coordinates":[[[89.14847,26.2324],[89.1512,26.22942],[89.15654,26.22999],[89.15661,26.23254],[89.15928,26.2323],[89.16081,26.23481],[89.15625,26.23401],[89.15617,26.23671],[89.15966,26.23801],[89.16004,26.24722],[89.15912,26.24981],[89.15498,26.24964],[89.15524,26.24609],[89.15102,26.24622],[89.15131,26.24398],[89.15511,26.24381],[89.15606,26.24051],[89.15376,26.23666],[89.15165,26.23663],[89.15153,26.23451],[89.14847,26.2324]]]},"properties":{"District":"Koch Bihar","Dist_LGD":"329","Sub_dist":"Sitalkuchi","Subdis_LGD":"2190","Subdis_Typ":"Cd_Block","Vill_name":"Madhyam Madhusudan","Vill_Cat":"Rural","Vill_LGD":"308764","arr_project":"asha1,asha2"}},
{"type":"Feature","geometry":{"type":"Polygon","coordinates":[[[89.15654,26.22999],[89.16073,26.22984],[89.16335,26.22862],[89.16569,26.22398],[89.16932,26.22385],[89.16915,26.22148],[89.17275,26.21798],[89.17628,26.21928],[89.17744,26.22137],[89.17745,26.22828],[89.17825,26.23453],[89.17674,26.23913],[89.18422,26.24232],[89.18517,26.24431],[89.17558,26.24362],[89.1724,26.24484],[89.17162,26.24899],[89.17437,26.24951],[89.17901,26.25462],[89.18234,26.25515],[89.18253,26.25683],[89.17333,26.25687],[89.17192,26.25601],[89.16879,26.25838],[89.16667,26.25726],[89.16887,26.25509],[89.16842,26.25173],[89.165,26.25234],[89.16465,26.25032],[89.16884,26.24395],[89.16774,26.24034],[89.16539,26.24042],[89.16316,26.23642],[89.16081,26.23481],[89.15928,26.2323],[89.15661,26.23254],[89.15654,26.22999]]]},"properties":{"District":"Koch Bihar","Dist_LGD":"329","Sub_dist":"Sitalkuchi","Subdis_LGD":"2190","Subdis_Typ":"Cd_Block","Vill_name":"Nalgram","Vill_Cat":"Rural","Vill_LGD":"308765","arr_project":"asha1,asha2"}},
{"type":"Feature","geometry":{"type":"Polygon","coordinates":[[[89.19122,26.25515],[89.18944,26.25166],[89.19049,26.24934],[89.18991,26.24474],[89.19358,26.24308],[89.1957,26.24046],[89.19727,26.24387],[89.1998,26.24325],[89.20124,26.23966],[89.20393,26.24003],[89.20305,26.24168],[89.20253,26.24844],[89.20605,26.24908],[89.20543,26.25293],[89.20815,26.25274],[89.2084,26.24894],[89.21076,26.24846],[89.2097,26.2544],[89.21431,26.25476],[89.21259,26.25727],[89.20697,26.25976],[89.20627,26.263],[89.2009,26.26232],[89.19669,26.26124],[89.19582,26.25673],[89.19122,26.25515]]]},"properties":{"District":"Koch Bihar","Dist_LGD":"329","Sub_dist":"Sitalkuchi","Subdis_LGD":"2190","Subdis_Typ":"Cd_Block","Vill_name":"Bara Kaimari","Vill_Cat":"Rural","Vill_LGD":"308773","arr_project":"asha1,asha2"}},
{"type":"Feature","geometry":{"type":"Polygon","coordinates":[[[89.22462,26.26507],[89.22944,26.2583],[89.22967,26.26015],[89.23258,26.2645],[89.2355,26.26699],[89.23327,26.26897],[89.23326,26.27397],[89.23221,26.27761],[89.23144,26.27642],[89.23167,26.27159],[89.22715,26.26534],[89.22462,26.26507]]]},"properties":{"District":"Koch Bihar","Dist_LGD":"329","Sub_dist":"Mathabhanga - I","Subdis_LGD":"2181","Subdis_Typ":"Cd_Block","Vill_name":"Nagar Gopalganj","Vill_Cat":"Rural","Vill_LGD":"307967","arr_project":"asha1,asha2"}},
{"type":"Feature","geometry":{"type":"Polygon","coordinates":[[[89.21076,26.24846],[89.21414,26.24907],[89.21602,26.24533],[89.21898,26.24385],[89.2191,26.24187],[89.2234,26.24139],[89.23373,26.24375],[89.23576,26.24529],[89.23637,26.24778],[89.23309,26.24826],[89.22611,26.25171],[89.22751,26.25577],[89.22944,26.2583],[89.22462,26.26507],[89.22086,26.26519],[89.21861,26.2628],[89.21539,26.26432],[89.20874,26.26504],[89.20627,26.263],[89.20697,26.25976],[89.21259,26.25727],[89.21431,26.25476],[89.2097,26.2544],[89.21076,26.24846]]]},"properties":{"District":"Koch Bihar","Dist_LGD":"329","Sub_dist":"Sitalkuchi","Subdis_LGD":"2190","Subdis_Typ":"Cd_Block","Vill_name":"Rangamati","Vill_Cat":"Rural","Vill_LGD":"308777","arr_project":"asha1,asha2"}},
{"type":"Feature","geometry":{"type":"Polygon","coordinates":[[[89.2084,26.24894],[89.20815,26.25274],[89.20543,26.25293],[89.20605,26.24908],[89.20253,26.24844],[89.20305,26.24168],[89.20393,26.24003],[89.20652,26.23982],[89.20785,26.24143],[89.20632,26.24712],[89.2084,26.24894]]]},"properties":{"District":"Koch Bihar","Dist_LGD":"329","Sub_dist":"Sitalkuchi","Subdis_LGD":"2190","Subdis_Typ":"Cd_Block","Vill_name":"Chhota Kaimari","Vill_Cat":"Rural","Vill_LGD":"308774","arr_project":"asha1,asha2"}},
{"type":"Feature","geometry":{"type":"Polygon","coordinates":[[[89.20652,26.23982],[89.20841,26.23896],[89.20561,26.23543],[89.21015,26.23055],[89.20852,26.22956],[89.2056,26.23433],[89.20091,26.23464],[89.20077,26.22992],[89.2042,26.22656],[89.2085,26.2269],[89.20907,26.22471],[89.21246,26.2236],[89.21498,26.2245],[89.21691,26.22569],[89.21501,26.22677],[89.21384,26.23109],[89.21241,26.23296],[89.21225,26.23833],[89.21241,26.24492],[89.21602,26.24533],[89.21414,26.24907],[89.21076,26.24846],[89.2084,26.24894],[89.20632,26.24712],[89.20785,26.24143],[89.20652,26.23982]]]},"properties":{"District":"Koch Bihar","Dist_LGD":"329","Sub_dist":"Sitalkuchi","Subdis_LGD":"2190","Subdis_Typ":"Cd_Block","Vill_name":"Dhallarpar","Vill_Cat":"Rural","Vill_LGD":"308775","arr_project":"asha1,asha2"}},
{"type":"Feature","geometry":{"type":"Polygon","coordinates":[[[89.21602,26.24533],[89.21241,26.24492],[89.21225,26.23833],[89.21413,26.23849],[89.21494,26.24189],[89.2191,26.24187],[89.21898,26.24385],[89.21602,26.24533]]]},"properties":{"District":"Koch Bihar","Dist_LGD":"329","Sub_dist":"Sitalkuchi","Subdis_LGD":"2190","Subdis_Typ":"Cd_Block","Vill_name":"Nagar Dakaliganj","Vill_Cat":"Rural","Vill_LGD":"308776","arr_project":"asha1,asha2"}},
{"type":"Feature","geometry":{"type":"Polygon","coordinates":[[[89.21691,26.22569],[89.21974,26.22694],[89.2262,26.22665],[89.22672,26.2305],[89.22963,26.22892],[89.22974,26.22616],[89.23258,26.22427],[89.23687,26.22499],[89.23937,26.22277],[89.23795,26.22708],[89.23972,26.23036],[89.2403,26.23363],[89.24201,26.23663],[89.24038,26.23901],[89.24115,26.24188],[89.24095,26.24617],[89.23637,26.24778],[89.23576,26.24529],[89.23373,26.24375],[89.2234,26.24139],[89.2191,26.24187],[89.21494,26.24189],[89.21413,26.23849],[89.21225,26.23833],[89.21241,26.23296],[89.21384,26.23109],[89.21501,26.22677],[89.21691,26.22569]]]},"properties":{"District":"Koch Bihar","Dist_LGD":"329","Sub_dist":"Sitalkuchi","Subdis_LGD":"2190","Subdis_Typ":"Cd_Block","Vill_name":"Abuarpathar","Vill_Cat":"Rural","Vill_LGD":"308778","arr_project":"asha1,asha2"}},
{"type":"Feature","geometry":{"type":"Polygon","coordinates":[[[89.24201,26.23663],[89.2403,26.23363],[89.23972,26.23036],[89.23795,26.22708],[89.23937,26.22277],[89.24133,26.22296],[89.24258,26.2238],[89.24276,26.22782],[89.24461,26.228],[89.24686,26.23118],[89.24959,26.23293],[89.24724,26.23698],[89.24201,26.23663]]]},"properties":{"District":"Koch Bihar","Dist_LGD":"329","Sub_dist":"Sitalkuchi","Subdis_LGD":"2190","Subdis_Typ":"Cd_Block","Vill_name":"Bara Bengdaki","Vill_Cat":"Rural","Vill_LGD":"308789","arr_project":"asha1,asha2"}},
{"type":"Feature","geometry":{"type":"Polygon","coordinates":[[[89.24959,26.23293],[89.25184,26.22864],[89.25468,26.22856],[89.25825,26.22766],[89.26089,26.23154],[89.26536,26.2339],[89.26308,26.23586],[89.26341,26.238],[89.25432,26.23901],[89.25395,26.24047],[89.25007,26.24389],[89.24803,26.24354],[89.24781,26.24857],[89.24352,26.2495],[89.24135,26.24877],[89.24095,26.24617],[89.24115,26.24188],[89.24038,26.23901],[89.24201,26.23663],[89.24724,26.23698],[89.24959,26.23293]]]},"properties":{"District":"Koch Bihar","Dist_LGD":"329","Sub_dist":"Sitalkuchi","Subdis_LGD":"2190","Subdis_Typ":"Cd_Block","Vill_name":"Gangadhar","Vill_Cat":"Rural","Vill_LGD":"308779","arr_project":"asha1,asha2"}},
{"type":"Feature","geometry":{"type":"Polygon","coordinates":[[[89.24781,26.24857],[89.24803,26.24354],[89.25007,26.24389],[89.25395,26.24047],[89.25432,26.23901],[89.26341,26.238],[89.26308,26.23586],[89.26536,26.2339],[89.26781,26.2347],[89.26677,26.23855],[89.2678,26.24456],[89.27081,26.24403],[89.27404,26.24491],[89.27703,26.24454],[89.28034,26.24147],[89.28195,26.24594],[89.28219,26.25018],[89.28115,26.25249],[89.2776,26.25517],[89.27553,26.25495],[89.2712,26.25264],[89.26924,26.25211],[89.26962,26.25009],[89.26696,26.24906],[89.26407,26.25066],[89.26213,26.24868],[89.25889,26.25158],[89.25558,26.24954],[89.25116,26.25047],[89.24781,26.24857]]]},"properties":{"District":"Koch Bihar","Dist_LGD":"329","Sub_dist":"Sitalkuchi","Subdis_LGD":"2190","Subdis_Typ":"Cd_Block","Vill_name":"Kurshamari Pratham Khanda","Vill_Cat":"Rural","Vill_LGD":"308780","arr_project":"asha1,asha2"}},
{"type":"Feature","geometry":{"type":"Polygon","coordinates":[[[89.26924,26.25211],[89.2712,26.25264],[89.27863,26.26221],[89.28094,26.26423],[89.2778,26.2675],[89.27773,26.27155],[89.28016,26.27383],[89.28207,26.27789],[89.27689,26.28471],[89.27417,26.2834],[89.27278,26.27962],[89.26744,26.2729],[89.26853,26.26984],[89.26664,26.2635],[89.26888,26.25803],[89.26924,26.25211]]]},"properties":{"District":"Koch Bihar","Dist_LGD":"329","Sub_dist":"Sitalkuchi","Subdis_LGD":"2190","Subdis_Typ":"Cd_Block","Vill_name":"Maghpala","Vill_Cat":"Rural","Vill_LGD":"308781","arr_project":"asha1,asha2"}},
{"type":"Feature","geometry":{"type":"Polygon","coordinates":[[[89.28657,26.22417],[89.28346,26.22254],[89.27809,26.21819],[89.27582,26.21986],[89.27446,26.2241],[89.27226,26.2267],[89.2678,26.22453],[89.26243,26.22654],[89.25958,26.22398],[89.2616,26.22361],[89.26281,26.21969],[89.26302,26.21411],[89.25712,26.2154],[89.25621,26.21342],[89.25039,26.21399],[89.25044,26.21176],[89.24777,26.20754],[89.24842,26.20641],[89.24963,26.2068],[89.25496,26.20896],[89.25687,26.20806],[89.25928,26.20357],[89.26155,26.20388],[89.26835,26.20012],[89.27067,26.20436],[89.27784,26.20575],[89.28059,26.20446],[89.28788,26.20271],[89.29041,26.20157],[89.29359,26.20218],[89.29156,26.20948],[89.2949,26.21194],[89.29503,26.21346],[89.29079,26.2149],[89.291,26.21707],[89.28759,26.22155],[89.28657,26.22417]]]},"properties":{"District":"Koch Bihar","Dist_LGD":"329","Sub_dist":"Sitalkuchi","Subdis_LGD":"2190","Subdis_Typ":"Cd_Block","Vill_name":"Bhair Thana","Vill_Cat":"Rural","Vill_LGD":"308783","arr_project":"asha1,asha2"}},
{"type":"Feature","geometry":{"type":"Polygon","coordinates":[[[89.25039,26.21399],[89.25621,26.21342],[89.25712,26.2154],[89.26302,26.21411],[89.26281,26.21969],[89.2616,26.22361],[89.25958,26.22398],[89.25714,26.22379],[89.25468,26.22856],[89.25184,26.22864],[89.24959,26.23293],[89.24686,26.23118],[89.24461,26.228],[89.24276,26.22782],[89.24258,26.2238],[89.24133,26.22296],[89.24497,26.22253],[89.24532,26.22098],[89.24856,26.22173],[89.25174,26.21872],[89.25039,26.21399]]]},"properties":{"District":"Koch Bihar","Dist_LGD":"329","Sub_dist":"Sitalkuchi","Subdis_LGD":"2190","Subdis_Typ":"Cd_Block","Vill_name":"Chhota Bengdaki","Vill_Cat":"Rural","Vill_LGD":"308788","arr_project":"asha1,asha2"}},
{"type":"Feature","geometry":{"type":"Polygon","coordinates":[[[89.23626,26.20997],[89.23899,26.21116],[89.24193,26.20973],[89.24558,26.20936],[89.24619,26.20622],[89.24842,26.20641],[89.24777,26.20754],[89.25044,26.21176],[89.25039,26.21399],[89.25174,26.21872],[89.24856,26.22173],[89.24532,26.22098],[89.23861,26.21502],[89.23748,26.2129],[89.23432,26.2109],[89.23626,26.20997]]]},"properties":{"District":"Koch Bihar","Dist_LGD":"329","Sub_dist":"Sitalkuchi","Subdis_LGD":"2190","Subdis_Typ":"Cd_Block","Vill_name":"Aulikura","Vill_Cat":"Rural","Vill_LGD":"308787","arr_project":"asha1,asha2"}},
{"type":"Feature","geometry":{"type":"Polygon","coordinates":[[[89.21243,26.21996],[89.2165,26.21915],[89.22029,26.21689],[89.22207,26.21754],[89.22483,26.213],[89.22291,26.20801],[89.22626,26.20787],[89.22691,26.21009],[89.23432,26.2109],[89.23748,26.2129],[89.23861,26.21502],[89.24532,26.22098],[89.24497,26.22253],[89.24133,26.22296],[89.23937,26.22277],[89.23687,26.22499],[89.23258,26.22427],[89.22974,26.22616],[89.22963,26.22892],[89.22672,26.2305],[89.2262,26.22665],[89.21974,26.22694],[89.21691,26.22569],[89.21498,26.2245],[89.21243,26.21996]]]},"properties":{"District":"Koch Bihar","Dist_LGD":"329","Sub_dist":"Sitalkuchi","Subdis_LGD":"2190","Subdis_Typ":"Cd_Block","Vill_name":"Khengchi","Vill_Cat":"Rural","Vill_LGD":"308790","arr_project":"asha1,asha2"}},
{"type":"Feature","geometry":{"type":"Polygon","coordinates":[[[89.20408,26.20725],[89.20838,26.20815],[89.21078,26.20544],[89.21306,26.20665],[89.21659,26.20666],[89.2184,26.20186],[89.21656,26.19897],[89.22167,26.19817],[89.22167,26.19491],[89.21455,26.19464],[89.2147,26.19205],[89.21693,26.19029],[89.21927,26.19053],[89.22636,26.1942],[89.23247,26.19347],[89.23287,26.197],[89.23479,26.19861],[89.23435,26.20743],[89.23626,26.20997],[89.23432,26.2109],[89.22691,26.21009],[89.22626,26.20787],[89.22291,26.20801],[89.22483,26.213],[89.22207,26.21754],[89.22029,26.21689],[89.2165,26.21915],[89.21243,26.21996],[89.21301,26.21598],[89.21235,26.21267],[89.20766,26.2106],[89.20306,26.21031],[89.20408,26.20725]]]},"properties":{"District":"Koch Bihar","Dist_LGD":"329","Sub_dist":"Sitalkuchi","Subdis_LGD":"2190","Subdis_Typ":"Cd_Block","Vill_name":"Bara Dhaperchatra","Vill_Cat":"Rural","Vill_LGD":"308791","arr_project":"asha1,asha2"}},
{"type":"Feature","geometry":{"type":"Polygon","coordinates":[[[89.23479,26.19861],[89.23981,26.19523],[89.24382,26.19699],[89.24661,26.19536],[89.2462,26.19775],[89.24847,26.20218],[89.25137,26.20395],[89.24963,26.2068],[89.24842,26.20641],[89.24619,26.20622],[89.24558,26.20936],[89.24193,26.20973],[89.23899,26.21116],[89.23626,26.20997],[89.23435,26.20743],[89.23479,26.19861]]]},"properties":{"District":"Koch Bihar","Dist_LGD":"329","Sub_dist":"Sitalkuchi","Subdis_LGD":"2190","Subdis_Typ":"Cd_Block","Vill_name":"Nagar Sobhaganj","Vill_Cat":"Rural","Vill_LGD":"308786","arr_project":"asha1,asha2"}},
{"type":"Feature","geometry":{"type":"Polygon","coordinates":[[[89.1413,26.2492],[89.13657,26.25383],[89.13501,26.25442],[89.13342,26.26021],[89.12926,26.25926],[89.13007,26.25702],[89.12793,26.25242],[89.1263,26.2539],[89.1254,26.25733],[89.12161,26.25641],[89.11972,26.25263],[89.12386,26.24976],[89.12992,26.24881],[89.13206,26.24579],[89.13086,26.24267],[89.1336,26.2396],[89.13593,26.24071],[89.13847,26.24251],[89.14168,26.24532],[89.1413,26.2492]]]},"properties":{"District":"Koch Bihar","Dist_LGD":"329","Sub_dist":"Sitalkuchi","Subdis_LGD":"2190","Subdis_Typ":"Cd_Block","Vill_name":"Sangar Bari","Vill_Cat":"Rural","Vill_LGD":"308761","arr_project":"asha1,asha2"}},
{"type":"Feature","geometry":{"type":"Polygon","coordinates":[[[89.13847,26.24251],[89.13593,26.24071],[89.13405,26.23744],[89.13688,26.23658],[89.13918,26.23806],[89.13986,26.23967],[89.13847,26.24251]]]},"properties":{"District":"Koch Bihar","Dist_LGD":"329","Sub_dist":"Sitalkuchi","Subdis_LGD":"2190","Subdis_Typ":"Cd_Block","Vill_name":"Khochabari","Vill_Cat":"Rural","Vill_LGD":"308762","arr_project":"asha1,asha2"}},
{"type":"Feature","geometry":{"type":"Polygon","coordinates":[[[89.15165,26.23663],[89.14817,26.23796],[89.14241,26.24237],[89.14448,26.24278],[89.14428,26.24765],[89.1413,26.2492],[89.14168,26.24532],[89.13847,26.24251],[89.13986,26.23967],[89.13918,26.23806],[89.14076,26.23593],[89.14121,26.23169],[89.13945,26.22954],[89.14072,26.22695],[89.14526,26.22542],[89.14887,26.22646],[89.14807,26.22892],[89.14847,26.2324],[89.15153,26.23451],[89.15165,26.23663]]]},"properties":{"District":"Koch Bihar","Dist_LGD":"329","Sub_dist":"Sitalkuchi","Subdis_LGD":"2190","Subdis_Typ":"Cd_Block","Vill_name":"Chhota Madhusudan","Vill_Cat":"Rural","Vill_LGD":"308763","arr_project":"asha1,asha2"}},
{"type":"Feature","geometry":{"type":"Polygon","coordinates":[[[89.15617,26.22324],[89.15123,26.22738],[89.14887,26.22646],[89.14526,26.22542],[89.14072,26.22695],[89.14026,26.22584],[89.14373,26.22128],[89.14198,26.221],[89.14198,26.21768],[89.14659,26.21489],[89.14917,26.21696],[89.15242,26.21792],[89.15195,26.22136],[89.15617,26.22324]]]},"properties":{"District":"Koch Bihar","Dist_LGD":"329","Sub_dist":"Sitalkuchi","Subdis_LGD":"2190","Subdis_Typ":"Cd_Block","Vill_name":"Bara Gharia","Vill_Cat":"Rural","Vill_LGD":"308799","arr_project":"asha1,asha2"}},
{"type":"Feature","geometry":{"type":"Polygon","coordinates":[[[89.18656,26.22051],[89.19013,26.21902],[89.19456,26.21838],[89.19545,26.21629],[89.1951,26.21153],[89.19615,26.21059],[89.20306,26.21031],[89.20766,26.2106],[89.21235,26.21267],[89.21301,26.21598],[89.21243,26.21996],[89.21498,26.2245],[89.21246,26.2236],[89.20907,26.22471],[89.2085,26.2269],[89.2042,26.22656],[89.20077,26.22992],[89.20091,26.23464],[89.2056,26.23433],[89.20852,26.22956],[89.21015,26.23055],[89.20561,26.23543],[89.20841,26.23896],[89.20652,26.23982],[89.20393,26.24003],[89.20124,26.23966],[89.1998,26.24325],[89.19727,26.24387],[89.1957,26.24046],[89.19447,26.23614],[89.19085,26.23317],[89.19061,26.22654],[89.18866,26.22215],[89.18656,26.22051]]]},"properties":{"District":"Koch Bihar","Dist_LGD":"329","Sub_dist":"Sitalkuchi","Subdis_LGD":"2190","Subdis_Typ":"Cd_Block","Vill_name":"Bara Pinarirjhar","Vill_Cat":"Rural","Vill_LGD":"308794","arr_project":"asha1,asha2"}},
{"type":"Feature","geometry":{"type":"Polygon","coordinates":[[[89.17075,26.21263],[89.17613,26.21084],[89.17743,26.21351],[89.18277,26.21323],[89.18701,26.20951],[89.19032,26.21029],[89.1886,26.21279],[89.18941,26.21624],[89.18434,26.2167],[89.18373,26.22065],[89.18196,26.22254],[89.18309,26.22423],[89.18264,26.2271],[89.18513,26.22949],[89.18864,26.23138],[89.18914,26.23489],[89.18588,26.23496],[89.18363,26.23644],[89.17825,26.23453],[89.17745,26.22828],[89.17744,26.22137],[89.17628,26.21928],[89.17275,26.21798],[89.17184,26.21519],[89.17075,26.21263]]]},"properties":{"District":"Koch Bihar","Dist_LGD":"329","Sub_dist":"Sitalkuchi","Subdis_LGD":"2190","Subdis_Typ":"Cd_Block","Vill_name":"Chhota Pinjarirjhar","Vill_Cat":"Rural","Vill_LGD":"308796","arr_project":"asha1,asha2"}},
{"type":"Feature","geometry":{"type":"Polygon","coordinates":[[[89.16343,26.21162],[89.1648,26.21035],[89.16328,26.20757],[89.16885,26.20561],[89.1684,26.20751],[89.17075,26.21263],[89.17184,26.21519],[89.17095,26.21636],[89.16571,26.21771],[89.16564,26.21533],[89.16343,26.21162]]]},"properties":{"District":"Koch Bihar","Dist_LGD":"329","Sub_dist":"Sitalkuchi","Subdis_LGD":"2190","Subdis_Typ":"Cd_Block","Vill_name":"Atharakotha","Vill_Cat":"Rural","Vill_LGD":"308797","arr_project":"asha1,asha2"}},
{"type":"Feature","geometry":{"type":"Polygon","coordinates":[[[89.19032,26.21029],[89.19663,26.20355],[89.19857,26.20529],[89.19922,26.208],[89.20408,26.20725],[89.20306,26.21031],[89.19615,26.21059],[89.1951,26.21153],[89.19545,26.21629],[89.19456,26.21838],[89.19013,26.21902],[89.18656,26.22051],[89.18373,26.22065],[89.18434,26.2167],[89.18941,26.21624],[89.1886,26.21279],[89.19032,26.21029]]]},"properties":{"District":"Koch Bihar","Dist_LGD":"329","Sub_dist":"Sitalkuchi","Subdis_LGD":"2190","Subdis_Typ":"Cd_Block","Vill_name":"Chhota Dhaperchatra","Vill_Cat":"Rural","Vill_LGD":"308793","arr_project":"asha1,asha2"}},
{"type":"Feature","geometry":{"type":"Polygon","coordinates":[[[89.16343,26.21162],[89.16033,26.21083],[89.16066,26.21441],[89.15963,26.21741],[89.15976,26.22121],[89.15617,26.22324],[89.15195,26.22136],[89.15242,26.21792],[89.14917,26.21696],[89.14659,26.21489],[89.14198,26.21768],[89.14202,26.21455],[89.14565,26.21119],[89.14732,26.21138],[89.14873,26.2068],[89.144,26.20344],[89.14379,26.20067],[89.14597,26.19721],[89.14988,26.19617],[89.15236,26.19652],[89.15233,26.1984],[89.14844,26.19925],[89.1501,26.20253],[89.15349,26.20005],[89.15592,26.19972],[89.15759,26.20124],[89.16591,26.20172],[89.16878,26.20368],[89.16885,26.20561],[89.16328,26.20757],[89.1648,26.21035],[89.16343,26.21162]]]},"properties":{"District":"Koch Bihar","Dist_LGD":"329","Sub_dist":"Sitalkuchi","Subdis_LGD":"2190","Subdis_Typ":"Cd_Block","Vill_name":"Gadapota","Vill_Cat":"Rural","Vill_LGD":"308800","arr_project":"asha1,asha2"}},
{"type":"Feature","geometry":{"type":"Polygon","coordinates":[[[89.15236,26.19652],[89.14988,26.19617],[89.14597,26.19721],[89.14379,26.20067],[89.13927,26.19833],[89.14003,26.19549],[89.13883,26.19345],[89.13826,26.18871],[89.13546,26.18731],[89.13644,26.18497],[89.13467,26.18053],[89.13698,26.17978],[89.13745,26.1763],[89.14109,26.17583],[89.14006,26.17244],[89.14092,26.16931],[89.14468,26.16953],[89.14466,26.17243],[89.14617,26.18266],[89.15207,26.18588],[89.15643,26.18334],[89.16034,26.18324],[89.16076,26.18097],[89.16414,26.18124],[89.16281,26.18494],[89.16838,26.18573],[89.16743,26.18845],[89.16242,26.18859],[89.16064,26.19022],[89.16183,26.19337],[89.15763,26.19321],[89.15723,26.19636],[89.15236,26.19652]]]},"properties":{"District":"Koch Bihar","Dist_LGD":"329","Sub_dist":"Sitalkuchi","Subdis_LGD":"2190","Subdis_Typ":"Cd_Block","Vill_name":"Rajar Bari","Vill_Cat":"Rural","Vill_LGD":"308801","arr_project":"asha1,asha2"}},
{"type":"Feature","geometry":{"type":"Polygon","coordinates":[[[89.15935,26.1623],[89.15717,26.16322],[89.15529,26.15957],[89.14885,26.15941],[89.14843,26.15812],[89.15159,26.1518],[89.15236,26.14832],[89.1577,26.14949],[89.15791,26.15236],[89.16006,26.15582],[89.16042,26.15839],[89.15935,26.1623]]]},"properties":{"District":"Koch Bihar","Dist_LGD":"329","Sub_dist":"Sitalkuchi","Subdis_LGD":"2190","Subdis_Typ":"Cd_Block","Vill_name":"Nagar Singimari","Vill_Cat":"Rural","Vill_LGD":"308804","arr_project":"asha1,asha2"}},
{"type":"Feature","geometry":{"type":"Polygon","coordinates":[[[89.16996,26.14],[89.16843,26.14471],[89.16878,26.14963],[89.1656,26.14965],[89.16546,26.15251],[89.16078,26.15144],[89.15791,26.15236],[89.1577,26.14949],[89.15236,26.14832],[89.15484,26.13954],[89.16007,26.13946],[89.16021,26.13713],[89.16402,26.13336],[89.17,26.13046],[89.17392,26.13127],[89.17111,26.13353],[89.16866,26.13936],[89.16996,26.14]]]},"properties":{"District":"Koch Bihar","Dist_LGD":"329","Sub_dist":"Sitalkuchi","Subdis_LGD":"2190","Subdis_Typ":"Cd_Block","Vill_name":"Gachhtala","Vill_Cat":"Rural","Vill_LGD":"308805","arr_project":"asha1,asha2"}},
{"type":"Feature","geometry":{"type":"Polygon","coordinates":[[[89.21346,26.12573],[89.21305,26.13112],[89.21399,26.13222],[89.21421,26.14186],[89.20968,26.14278],[89.20664,26.14486],[89.20534,26.14316],[89.19906,26.14672],[89.19648,26.15018],[89.18978,26.15151],[89.18231,26.1548],[89.18075,26.15963],[89.17498,26.15966],[89.1695,26.16342],[89.16936,26.16524],[89.16474,26.16648],[89.16257,26.16467],[89.15993,26.16495],[89.15935,26.1623],[89.16042,26.15839],[89.16006,26.15582],[89.15791,26.15236],[89.16078,26.15144],[89.16546,26.15251],[89.1656,26.14965],[89.16878,26.14963],[89.16843,26.14471],[89.16996,26.14],[89.17822,26.13932],[89.18429,26.14021],[89.18606,26.1373],[89.18911,26.13681],[89.19109,26.13503],[89.1879,26.13304],[89.18905,26.12897],[89.19168,26.12891],[89.19171,26.12455],[89.19877,26.1264],[89.19875,26.12743],[89.19832,26.13174],[89.20805,26.13001],[89.20739,26.12724],[89.21094,26.12464],[89.21346,26.12573]]]},"properties":{"District":"Koch Bihar","Dist_LGD":"329","Sub_dist":"Sitalkuchi","Subdis_LGD":"2190","Subdis_Typ":"Cd_Block","Vill_name":"Golenaohati","Vill_Cat":"Rural","Vill_LGD":"308807","arr_project":"asha1,asha2"}},
{"type":"Feature","geometry":{"type":"Polygon","coordinates":[[[89.19171,26.12455],[89.19168,26.12891],[89.18905,26.12897],[89.1879,26.13304],[89.19109,26.13503],[89.18911,26.13681],[89.18606,26.1373],[89.18429,26.14021],[89.17822,26.13932],[89.16996,26.14],[89.16866,26.13936],[89.17111,26.13353],[89.17392,26.13127],[89.17601,26.13107],[89.17918,26.12817],[89.18258,26.12919],[89.18533,26.12871],[89.18967,26.12652],[89.19171,26.12455]]]},"properties":{"District":"Koch Bihar","Dist_LGD":"329","Sub_dist":"Sitalkuchi","Subdis_LGD":"2190","Subdis_Typ":"Cd_Block","Vill_name":"Mirapara","Vill_Cat":"Rural","Vill_LGD":"308806","arr_project":"asha1,asha2"}},
{"type":"Feature","geometry":{"type":"Polygon","coordinates":[[[89.20739,26.12724],[89.20805,26.13001],[89.19832,26.13174],[89.19875,26.12743],[89.2032,26.12927],[89.20484,26.12724],[89.20739,26.12724]]]},"properties":{"District":"Koch Bihar","Dist_LGD":"329","Sub_dist":"Sitalkuchi","Subdis_LGD":"2190","Subdis_Typ":"Cd_Block","Vill_name":"Jaygirnaohati","Vill_Cat":"Rural","Vill_LGD":"308808","arr_project":"asha1,asha2"}},
{"type":"Feature","geometry":{"type":"Polygon","coordinates":[[[89.2309,26.1539],[89.23002,26.15271],[89.22604,26.15363],[89.22364,26.15536],[89.22192,26.15365],[89.21759,26.1531],[89.21362,26.15514],[89.21161,26.15377],[89.20711,26.15316],[89.20694,26.14841],[89.20941,26.14858],[89.21393,26.14701],[89.21375,26.14498],[89.22456,26.14469],[89.22654,26.14336],[89.22903,26.1438],[89.22924,26.14957],[89.23093,26.14949],[89.23371,26.15199],[89.2309,26.1539]]]},"properties":{"District":"Koch Bihar","Dist_LGD":"329","Sub_dist":"Sitalkuchi","Subdis_LGD":"2190","Subdis_Typ":"Cd_Block","Vill_name":"Nagar Nepra","Vill_Cat":"Rural","Vill_LGD":"308816","arr_project":"asha1,asha2"}},
{"type":"Feature","geometry":{"type":"Polygon","coordinates":[[[89.22469,26.18364],[89.22483,26.18789],[89.22906,26.18701],[89.23402,26.18944],[89.2356,26.18784],[89.2343,26.18566],[89.2381,26.18272],[89.23914,26.18041],[89.23748,26.17716],[89.2405,26.17586],[89.24269,26.17876],[89.2471,26.17512],[89.24499,26.17184],[89.25069,26.17062],[89.25126,26.17483],[89.25359,26.17594],[89.25679,26.17372],[89.2553,26.18078],[89.25709,26.1822],[89.25988,26.18147],[89.26238,26.18283],[89.26232,26.18493],[89.25783,26.18466],[89.25929,26.18817],[89.26233,26.18843],[89.26293,26.19042],[89.26287,26.19156],[89.25653,26.1939],[89.2558,26.19829],[89.25225,26.19985],[89.24661,26.19536],[89.24382,26.19699],[89.23981,26.19523],[89.23479,26.19861],[89.23287,26.197],[89.23247,26.19347],[89.22636,26.1942],[89.21927,26.19053],[89.21693,26.19029],[89.21657,26.18775],[89.22209,26.18698],[89.22229,26.18444],[89.22469,26.18364]]]},"properties":{"District":"Koch Bihar","Dist_LGD":"329","Sub_dist":"Sitalkuchi","Subdis_LGD":"2190","Subdis_Typ":"Cd_Block","Vill_name":"Bara Gadaikhora","Vill_Cat":"Rural","Vill_LGD":"308820","arr_project":"asha1,asha2"}},
{"type":"Feature","geometry":{"type":"Polygon","coordinates":[[[89.24661,26.19536],[89.25225,26.19985],[89.2558,26.19829],[89.25653,26.1939],[89.26287,26.19156],[89.26293,26.19042],[89.26521,26.19124],[89.26648,26.19442],[89.26864,26.19554],[89.26744,26.19911],[89.26835,26.20012],[89.26155,26.20388],[89.25928,26.20357],[89.25687,26.20806],[89.25496,26.20896],[89.24963,26.2068],[89.25137,26.20395],[89.24847,26.20218],[89.2462,26.19775],[89.24661,26.19536]]]},"properties":{"District":"Koch Bihar","Dist_LGD":"329","Sub_dist":"Sitalkuchi","Subdis_LGD":"2190","Subdis_Typ":"Cd_Block","Vill_name":"Kurshamari Dwitia Khanda","Vill_Cat":"Rural","Vill_LGD":"308785","arr_project":"asha1,asha2"}},
{"type":"Feature","geometry":{"type":"Polygon","coordinates":[[[89.26068,26.16867],[89.26774,26.17475],[89.27118,26.17299],[89.27466,26.17497],[89.2764,26.17221],[89.27825,26.1715],[89.28261,26.17281],[89.28306,26.17703],[89.27665,26.17654],[89.27334,26.17734],[89.26906,26.17712],[89.26742,26.17881],[89.26749,26.18494],[89.26469,26.18457],[89.26522,26.18851],[89.26233,26.18843],[89.25929,26.18817],[89.25783,26.18466],[89.26232,26.18493],[89.26238,26.18283],[89.25988,26.18147],[89.25709,26.1822],[89.2553,26.18078],[89.25679,26.17372],[89.25359,26.17594],[89.25126,26.17483],[89.25069,26.17062],[89.25381,26.16743],[89.26068,26.16867]]]},"properties":{"District":"Koch Bihar","Dist_LGD":"329","Sub_dist":"Sitalkuchi","Subdis_LGD":"2190","Subdis_Typ":"Cd_Block","Vill_name":"Chhota Gadaikhora","Vill_Cat":"Rural","Vill_LGD":"308821","arr_project":"asha1,asha2"}},
{"type":"Feature","geometry":{"type":"Polygon","coordinates":[[[89.26891,26.10845],[89.2675,26.10911],[89.25949,26.10854],[89.25814,26.11073],[89.25517,26.1104],[89.25471,26.10609],[89.25122,26.10444],[89.24975,26.10226],[89.25157,26.09852],[89.25208,26.09311],[89.25602,26.09235],[89.2594,26.09819],[89.26543,26.09755],[89.26726,26.10426],[89.26727,26.10668],[89.26891,26.10845]]]},"properties":{"District":"Koch Bihar","Dist_LGD":"329","Sub_dist":"Sitalkuchi","Subdis_LGD":"2190","Subdis_Typ":"Cd_Block","Vill_name":"Putia Baramasia","Vill_Cat":"Rural","Vill_LGD":"308825","arr_project":"asha1,asha2"}},
{"type":"Feature","geometry":{"type":"Polygon","coordinates":[[[89.24987,26.11885],[89.24807,26.11597],[89.25255,26.11595],[89.25474,26.11419],[89.25517,26.1104],[89.25814,26.11073],[89.26023,26.11293],[89.26076,26.11644],[89.25709,26.12047],[89.25593,26.1251],[89.2544,26.12634],[89.25356,26.12728],[89.25465,26.12166],[89.25423,26.11979],[89.24987,26.11885]]]},"properties":{"District":"Koch Bihar","Dist_LGD":"329","Sub_dist":"Sitalkuchi","Subdis_LGD":"2190","Subdis_Typ":"Cd_Block","Vill_name":"Lalbazar Dwitia Khanda","Vill_Cat":"Rural","Vill_LGD":"308810","arr_project":"asha1,asha2"}},
{"type":"Feature","geometry":{"type":"Polygon","coordinates":[[[89.2544,26.12634],[89.25593,26.1251],[89.25709,26.12047],[89.25767,26.12224],[89.26198,26.12325],[89.2639,26.12469],[89.26315,26.12672],[89.25768,26.12891],[89.25737,26.12694],[89.2544,26.12634]]]},"properties":{"District":"Koch Bihar","Dist_LGD":"329","Sub_dist":"Sitalkuchi","Subdis_LGD":"2190","Subdis_Typ":"Cd_Block","Vill_name":"Chhat Lalbazar","Vill_Cat":"Rural","Vill_LGD":"308811","arr_project":"asha1,asha2"}},
{"type":"Feature","geometry":{"type":"Polygon","coordinates":[[[89.05923,26.5124],[89.05662,26.51246],[89.05465,26.51443],[89.05124,26.51356],[89.04704,26.51485],[89.04842,26.50985],[89.05025,26.50735],[89.05381,26.50625],[89.05539,26.5094],[89.05715,26.50835],[89.06024,26.50933],[89.05923,26.5124]]]},"properties":{"District":"Koch Bihar","Dist_LGD":"329","Sub_dist":"Mathabhanga - Ii","Subdis_LGD":"2182","Subdis_Typ":"Cd_Block","Vill_name":"Baldia Hati Balasi","Vill_Cat":"Rural","Vill_LGD":"308006","arr_project":"asha1,asha2"}},
{"type":"Feature","geometry":{"type":"Polygon","coordinates":[[[89.17763,26.50216],[89.17408,26.50495],[89.16965,26.50691],[89.16721,26.50907],[89.16413,26.51018],[89.16193,26.50631],[89.16095,26.50175],[89.15932,26.49984],[89.15623,26.50094],[89.15212,26.49753],[89.15029,26.4942],[89.1463,26.49301],[89.14771,26.49066],[89.15411,26.48516],[89.15577,26.48364],[89.15731,26.47974],[89.15689,26.47783],[89.1588,26.47335],[89.16051,26.47319],[89.16593,26.46826],[89.16694,26.46417],[89.16876,26.46216],[89.16798,26.46455],[89.17001,26.46984],[89.1687,26.47266],[89.16648,26.47317],[89.16732,26.47916],[89.16438,26.47993],[89.16751,26.49003],[89.16968,26.4884],[89.17372,26.48829],[89.1766,26.49112],[89.17693,26.49515],[89.17884,26.49847],[89.17763,26.50216]]]},"properties":{"District":"Koch Bihar","Dist_LGD":"329","Sub_dist":"Mathabhanga - Ii","Subdis_LGD":"2182","Subdis_Typ":"Cd_Block","Vill_name":"Singijani","Vill_Cat":"Rural","Vill_LGD":"308014","arr_project":"asha1,asha2"}},
{"type":"Feature","geometry":{"type":"Polygon","coordinates":[[[89.12405,26.47249],[89.13725,26.47909],[89.14465,26.47936],[89.1491,26.4804],[89.15306,26.47849],[89.15689,26.47783],[89.15731,26.47974],[89.15577,26.48364],[89.15411,26.48516],[89.14739,26.48395],[89.14191,26.48494],[89.13907,26.48041],[89.13522,26.48234],[89.12199,26.47384],[89.12405,26.47249]]]},"properties":{"District":"Koch Bihar","Dist_LGD":"329","Sub_dist":"Mathabhanga - Ii","Subdis_LGD":"2182","Subdis_Typ":"Cd_Block","Vill_name":"Fulbari Dewanbas","Vill_Cat":"Rural","Vill_LGD":"308015","arr_project":"asha1,asha2"}},
{"type":"Feature","geometry":{"type":"Polygon","coordinates":[[[89.12405,26.47249],[89.13048,26.46878],[89.13574,26.46927],[89.13905,26.47122],[89.14189,26.4658],[89.14542,26.46174],[89.14858,26.46021],[89.15089,26.46049],[89.15259,26.46265],[89.15282,26.46595],[89.15801,26.47147],[89.1588,26.47335],[89.15689,26.47783],[89.15306,26.47849],[89.1491,26.4804],[89.14465,26.47936],[89.13725,26.47909],[89.12405,26.47249]]]},"properties":{"District":"Koch Bihar","Dist_LGD":"329","Sub_dist":"Mathabhanga - Ii","Subdis_LGD":"2182","Subdis_Typ":"Cd_Block","Vill_name":"Fulbari Daribas","Vill_Cat":"Rural","Vill_LGD":"308016","arr_project":"asha1,asha2"}},
{"type":"Feature","geometry":{"type":"Polygon","coordinates":[[[89.22964,26.50236],[89.2234,26.50314],[89.22019,26.50437],[89.2075,26.50625],[89.19155,26.51007],[89.19174,26.50637],[89.18824,26.50482],[89.18546,26.50176],[89.18053,26.50102],[89.17763,26.50216],[89.17884,26.49847],[89.17693,26.49515],[89.1766,26.49112],[89.17787,26.48942],[89.1877,26.48439],[89.18953,26.48452],[89.19449,26.48923],[89.19518,26.4881],[89.20139,26.48694],[89.20551,26.4864],[89.21138,26.48652],[89.21446,26.48398],[89.22042,26.48708],[89.22413,26.48551],[89.22264,26.48804],[89.22367,26.49292],[89.22544,26.49412],[89.22625,26.49887],[89.22964,26.50236]]]},"properties":{"District":"Koch Bihar","Dist_LGD":"329","Sub_dist":"Mathabhanga - Ii","Subdis_LGD":"2182","Subdis_Typ":"Cd_Block","Vill_name":"Bara Soulmari","Vill_Cat":"Rural","Vill_LGD":"308019","arr_project":"asha1,asha2"}},
{"type":"Feature","geometry":{"type":"Polygon","coordinates":[[[89.20139,26.48694],[89.19952,26.48428],[89.19955,26.47953],[89.20381,26.47583],[89.20485,26.47326],[89.20277,26.47019],[89.20251,26.46549],[89.20643,26.45465],[89.20793,26.45402],[89.2157,26.45423],[89.21982,26.45352],[89.22023,26.45909],[89.22103,26.46055],[89.22665,26.46001],[89.22809,26.46318],[89.22708,26.46528],[89.22132,26.46807],[89.21996,26.47247],[89.22199,26.47496],[89.22329,26.47995],[89.2247,26.48132],[89.22413,26.48551],[89.22042,26.48708],[89.21446,26.48398],[89.21138,26.48652],[89.20551,26.4864],[89.20139,26.48694]]]},"properties":{"District":"Koch Bihar","Dist_LGD":"329","Sub_dist":"Mathabhanga - Ii","Subdis_LGD":"2182","Subdis_Typ":"Cd_Block","Vill_name":"Ramthenga","Vill_Cat":"Rural","Vill_LGD":"308020","arr_project":"asha1,asha2"}},
{"type":"Feature","geometry":{"type":"Polygon","coordinates":[[[89.22665,26.46001],[89.22679,26.45658],[89.22906,26.45443],[89.22927,26.4516],[89.23309,26.45146],[89.23544,26.44901],[89.23757,26.44867],[89.23819,26.45174],[89.23662,26.45705],[89.23689,26.46112],[89.23467,26.46262],[89.23205,26.4621],[89.22809,26.46318],[89.22665,26.46001]]]},"properties":{"District":"Koch Bihar","Dist_LGD":"329","Sub_dist":"Mathabhanga - Ii","Subdis_LGD":"2182","Subdis_Typ":"Cd_Block","Vill_name":"Chhat Dwarikamari","Vill_Cat":"Rural","Vill_LGD":"308028","arr_project":"asha1,asha2"}},
{"type":"Feature","geometry":{"type":"Polygon","coordinates":[[[89.17567,26.46334],[89.18127,26.46377],[89.18177,26.46097],[89.1809,26.45718],[89.18574,26.45417],[89.18648,26.45],[89.18868,26.44748],[89.19169,26.44578],[89.19398,26.44321],[89.2016,26.43977],[89.20757,26.43525],[89.2106,26.4344],[89.21394,26.43543],[89.21886,26.43433],[89.22093,26.43447],[89.22087,26.43927],[89.21788,26.44109],[89.21883,26.44326],[89.22302,26.44599],[89.22324,26.45035],[89.21893,26.45077],[89.21982,26.45352],[89.2157,26.45423],[89.20793,26.45402],[89.20643,26.45465],[89.20251,26.46549],[89.20277,26.47019],[89.20007,26.47089],[89.19658,26.47496],[89.18984,26.47444],[89.18595,26.47038],[89.18384,26.47152],[89.18061,26.46708],[89.17779,26.46943],[89.17494,26.46863],[89.17617,26.46574],[89.17567,26.46334]]]},"properties":{"District":"Koch Bihar","Dist_LGD":"329","Sub_dist":"Mathabhanga - Ii","Subdis_LGD":"2182","Subdis_Typ":"Cd_Block","Vill_name":"Rangamati","Vill_Cat":"Rural","Vill_LGD":"308030","arr_project":"asha1,asha2"}},
{"type":"Feature","geometry":{"type":"Polygon","coordinates":[[[89.22304,26.42639],[89.22973,26.42662],[89.23018,26.42886],[89.22838,26.43528],[89.22937,26.43837],[89.23594,26.4374],[89.23519,26.43159],[89.24386,26.42967],[89.24426,26.43349],[89.24711,26.4342],[89.24716,26.43689],[89.25016,26.43638],[89.25384,26.4375],[89.25308,26.44084],[89.24991,26.44292],[89.24869,26.44804],[89.24706,26.44858],[89.24685,26.45183],[89.24191,26.45282],[89.24068,26.45004],[89.23819,26.45174],[89.23757,26.44867],[89.23544,26.44901],[89.23309,26.45146],[89.22927,26.4516],[89.22906,26.45443],[89.22679,26.45658],[89.22665,26.46001],[89.22103,26.46055],[89.22023,26.45909],[89.21982,26.45352],[89.21893,26.45077],[89.22324,26.45035],[89.22302,26.44599],[89.21883,26.44326],[89.21788,26.44109],[89.22087,26.43927],[89.22093,26.43447],[89.21886,26.43433],[89.21846,26.42893],[89.22252,26.42944],[89.22304,26.42639]]]},"properties":{"District":"Koch Bihar","Dist_LGD":"329","Sub_dist":"Mathabhanga - Ii","Subdis_LGD":"2182","Subdis_Typ":"Cd_Block","Vill_name":"Dawaguri","Vill_Cat":"Rural","Vill_LGD":"308029","arr_project":"asha1,asha2"}},
{"type":"Feature","geometry":{"type":"Polygon","coordinates":[[[89.23689,26.46112],[89.23662,26.45705],[89.23819,26.45174],[89.24068,26.45004],[89.24191,26.45282],[89.24685,26.45183],[89.24996,26.45636],[89.25347,26.4543],[89.25575,26.45637],[89.25639,26.46277],[89.25295,26.46297],[89.2544,26.4694],[89.24974,26.47074],[89.24612,26.46982],[89.24543,26.46832],[89.24557,26.46143],[89.23689,26.46112]]]},"properties":{"District":"Koch Bihar","Dist_LGD":"329","Sub_dist":"Mathabhanga - Ii","Subdis_LGD":"2182","Subdis_Typ":"Cd_Block","Vill_name":"Kushiarbari","Vill_Cat":"Rural","Vill_LGD":"308027","arr_project":"asha1,asha2"}},
{"type":"Feature","geometry":{"type":"Polygon","coordinates":[[[89.29517,26.44317],[89.29173,26.44283],[89.28377,26.44398],[89.28214,26.4378],[89.27968,26.43723],[89.27932,26.43461],[89.27713,26.4334],[89.27465,26.43586],[89.27144,26.436],[89.26724,26.4392],[89.26487,26.43976],[89.2642,26.44261],[89.26269,26.43976],[89.25938,26.44044],[89.25747,26.44103],[89.25694,26.43701],[89.25895,26.43441],[89.26406,26.43377],[89.26984,26.43162],[89.27288,26.42951],[89.27231,26.42364],[89.27416,26.41722],[89.27778,26.41444],[89.28759,26.4128],[89.28769,26.41027],[89.29233,26.40936],[89.29479,26.41296],[89.29746,26.41344],[89.29815,26.41513],[89.29714,26.42007],[89.29928,26.4199],[89.30361,26.42289],[89.30796,26.42364],[89.31799,26.42269],[89.31642,26.42907],[89.31606,26.43071],[89.30092,26.43033],[89.29819,26.42978],[89.29712,26.43228],[89.29988,26.43552],[89.30384,26.43714],[89.30359,26.43933],[89.29987,26.4393],[89.29845,26.44157],[89.29517,26.44317]]]},"properties":{"District":"Koch Bihar","Dist_LGD":"329","Sub_dist":"Mathabhanga - Ii","Subdis_LGD":"2182","Subdis_Typ":"Cd_Block","Vill_name":"Baro Simulguri","Vill_Cat":"Rural","Vill_LGD":"308036","arr_project":"asha1,asha2"}},
{"type":"Feature","geometry":{"type":"Polygon","coordinates":[[[89.24386,26.42967],[89.24526,26.42842],[89.25233,26.42665],[89.25397,26.42516],[89.2539,26.42167],[89.2603,26.42105],[89.26169,26.42222],[89.26936,26.42219],[89.27231,26.42364],[89.27288,26.42951],[89.26984,26.43162],[89.26406,26.43377],[89.25895,26.43441],[89.25694,26.43701],[89.25747,26.44103],[89.25938,26.44044],[89.25937,26.44349],[89.25722,26.44399],[89.25516,26.447],[89.25466,26.45113],[89.24869,26.44804],[89.24991,26.44292],[89.25308,26.44084],[89.25384,26.4375],[89.25016,26.43638],[89.24716,26.43689],[89.24711,26.4342],[89.24426,26.43349],[89.24386,26.42967]]]},"properties":{"District":"Koch Bihar","Dist_LGD":"329","Sub_dist":"Mathabhanga - Ii","Subdis_LGD":"2182","Subdis_Typ":"Cd_Block","Vill_name":"Chhoto Simulguri","Vill_Cat":"Rural","Vill_LGD":"308035","arr_project":"asha1,asha2"}},
{"type":"Feature","geometry":{"type":"Polygon","coordinates":[[[89.15259,26.46265],[89.1535,26.45651],[89.15582,26.45484],[89.16032,26.45427],[89.16296,26.45611],[89.16604,26.4586],[89.16876,26.46216],[89.16694,26.46417],[89.16593,26.46826],[89.16051,26.47319],[89.1588,26.47335],[89.15801,26.47147],[89.15282,26.46595],[89.15259,26.46265]]]},"properties":{"District":"Koch Bihar","Dist_LGD":"329","Sub_dist":"Mathabhanga - I","Subdis_LGD":"2181","Subdis_Typ":"Cd_Block","Vill_name":"Indrerkuthi","Vill_Cat":"Rural","Vill_LGD":"307911","arr_project":"asha1,asha2"}},
{"type":"Feature","geometry":{"type":"Polygon","coordinates":[[[89.14604,26.42342],[89.14641,26.42154],[89.15198,26.42172],[89.15421,26.4154],[89.15796,26.41547],[89.15669,26.41029],[89.16124,26.41044],[89.1619,26.4128],[89.16481,26.41755],[89.16601,26.42345],[89.1714,26.42309],[89.17569,26.42487],[89.17677,26.42763],[89.17285,26.42959],[89.16849,26.43064],[89.16521,26.4331],[89.15985,26.43445],[89.15738,26.43188],[89.15148,26.43273],[89.14958,26.43178],[89.14879,26.42796],[89.15059,26.42458],[89.14604,26.42342]]]},"properties":{"District":"Koch Bihar","Dist_LGD":"329","Sub_dist":"Mathabhanga - I","Subdis_LGD":"2181","Subdis_Typ":"Cd_Block","Vill_name":"Pakhihaga","Vill_Cat":"Rural","Vill_LGD":"307908","arr_project":"asha1,asha2"}},
{"type":"Feature","geometry":{"type":"Polygon","coordinates":[[[89.17569,26.42487],[89.17552,26.42163],[89.17894,26.41655],[89.18365,26.41417],[89.18501,26.42074],[89.18931,26.42069],[89.18951,26.41833],[89.19711,26.42044],[89.19593,26.42535],[89.19757,26.42765],[89.19606,26.43354],[89.19175,26.43589],[89.18919,26.43951],[89.18717,26.43699],[89.1838,26.43891],[89.17677,26.42763],[89.17569,26.42487]]]},"properties":{"District":"Koch Bihar","Dist_LGD":"329","Sub_dist":"Mathabhanga - I","Subdis_LGD":"2181","Subdis_Typ":"Cd_Block","Vill_name":"Balasi","Vill_Cat":"Rural","Vill_LGD":"307914","arr_project":"asha1,asha2"}},
{"type":"Feature","geometry":{"type":"Polygon","coordinates":[[[89.1714,26.42309],[89.17085,26.41904],[89.17377,26.41356],[89.17692,26.40972],[89.18089,26.40645],[89.18534,26.40888],[89.18906,26.41117],[89.187,26.41369],[89.18365,26.41417],[89.17894,26.41655],[89.17552,26.42163],[89.17569,26.42487],[89.1714,26.42309]]]},"properties":{"District":"Koch Bihar","Dist_LGD":"329","Sub_dist":"Mathabhanga - I","Subdis_LGD":"2181","Subdis_Typ":"Cd_Block","Vill_name":"Kalagaon","Vill_Cat":"Rural","Vill_LGD":"307915","arr_project":"asha1,asha2"}},
{"type":"Feature","geometry":{"type":"Polygon","coordinates":[[[89.18365,26.41417],[89.187,26.41369],[89.18906,26.41117],[89.19304,26.41312],[89.19729,26.41127],[89.20435,26.41079],[89.20718,26.41502],[89.20594,26.4161],[89.20735,26.42131],[89.21161,26.43124],[89.2106,26.4344],[89.20757,26.43525],[89.20356,26.43528],[89.19606,26.43354],[89.19757,26.42765],[89.19593,26.42535],[89.19711,26.42044],[89.18951,26.41833],[89.18931,26.42069],[89.18501,26.42074],[89.18365,26.41417]]]},"properties":{"District":"Koch Bihar","Dist_LGD":"329","Sub_dist":"Mathabhanga - I","Subdis_LGD":"2181","Subdis_Typ":"Cd_Block","Vill_name":"Daibhangi","Vill_Cat":"Rural","Vill_LGD":"307913","arr_project":"asha1,asha2"}},
{"type":"Feature","geometry":{"type":"Polygon","coordinates":[[[89.14936,26.39338],[89.15338,26.39544],[89.15573,26.39405],[89.16094,26.39252],[89.16301,26.38689],[89.16485,26.3885],[89.16799,26.38634],[89.16894,26.39167],[89.17213,26.39115],[89.17079,26.39438],[89.17076,26.39775],[89.16805,26.39842],[89.16454,26.40577],[89.17165,26.40644],[89.17196,26.40891],[89.16446,26.4086],[89.16124,26.41044],[89.15669,26.41029],[89.15796,26.41547],[89.15421,26.4154],[89.15198,26.42172],[89.14641,26.42154],[89.14604,26.42342],[89.14436,26.4218],[89.14337,26.41719],[89.14115,26.41334],[89.14035,26.40873],[89.14405,26.40318],[89.14643,26.40253],[89.14885,26.39809],[89.14936,26.39338]]]},"properties":{"District":"Koch Bihar","Dist_LGD":"329","Sub_dist":"Mathabhanga - I","Subdis_LGD":"2181","Subdis_Typ":"Cd_Block","Vill_name":"Genduguri","Vill_Cat":"Rural","Vill_LGD":"307907","arr_project":"asha1,asha2"}},
{"type":"Feature","geometry":{"type":"Polygon","coordinates":[[[89.13218,26.4087],[89.13227,26.40704],[89.13775,26.40561],[89.13965,26.40384],[89.14011,26.39983],[89.14285,26.3979],[89.14705,26.39329],[89.14936,26.39338],[89.14885,26.39809],[89.14643,26.40253],[89.14405,26.40318],[89.14035,26.40873],[89.14115,26.41334],[89.14337,26.41719],[89.14137,26.41722],[89.13886,26.41934],[89.13506,26.41865],[89.13488,26.413],[89.13218,26.4087]]]},"properties":{"District":"Koch Bihar","Dist_LGD":"329","Sub_dist":"Mathabhanga - I","Subdis_LGD":"2181","Subdis_Typ":"Cd_Block","Vill_name":"Putimari","Vill_Cat":"Rural","Vill_LGD":"307906","arr_project":"asha1,asha2"}},
{"type":"Feature","geometry":{"type":"Polygon","coordinates":[[[89.11928,26.42225],[89.12013,26.41757],[89.1271,26.41012],[89.13218,26.4087],[89.13488,26.413],[89.13506,26.41865],[89.132,26.41919],[89.13065,26.42276],[89.12577,26.42049],[89.123,26.42086],[89.12214,26.42254],[89.11971,26.42551],[89.11679,26.42644],[89.11434,26.42549],[89.11133,26.42768],[89.11021,26.42443],[89.11531,26.42219],[89.11928,26.42225]]]},"properties":{"District":"Koch Bihar","Dist_LGD":"329","Sub_dist":"Mathabhanga - I","Subdis_LGD":"2181","Subdis_Typ":"Cd_Block","Vill_name":"Debottar Panigram","Vill_Cat":"Rural","Vill_LGD":"307905","arr_project":"asha1,asha2"}},
{"type":"Feature","geometry":{"type":"Polygon","coordinates":[[[89.09228,26.40404],[89.08857,26.40193],[89.08849,26.39677],[89.09203,26.3945],[89.09813,26.39449],[89.10088,26.39323],[89.10637,26.39497],[89.10275,26.39644],[89.10351,26.4019],[89.10134,26.40354],[89.09766,26.40355],[89.09557,26.40472],[89.09228,26.40404]]]},"properties":{"District":"Koch Bihar","Dist_LGD":"329","Sub_dist":"Mathabhanga - I","Subdis_LGD":"2181","Subdis_Typ":"Cd_Block","Vill_name":"Chengar Khata","Vill_Cat":"Rural","Vill_LGD":"307891","arr_project":"asha1,asha2"}},
{"type":"Feature","geometry":{"type":"Polygon","coordinates":[[[89.12828,26.38895],[89.1318,26.3883],[89.13082,26.3902],[89.12828,26.38895]]]},"properties":{"District":"Koch Bihar","Dist_LGD":"329","Sub_dist":"Mathabhanga - I","Subdis_LGD":"2181","Subdis_Typ":"Cd_Block","Vill_name":"Chhat Duaisuai","Vill_Cat":"Rural","Vill_LGD":"307920","arr_project":"asha1,asha2"}},
{"type":"Feature","geometry":{"type":"Polygon","coordinates":[[[89.12762,26.37592],[89.1285,26.37307],[89.13221,26.37193],[89.13609,26.36947],[89.13866,26.37004],[89.13796,26.37487],[89.13958,26.37815],[89.13891,26.38008],[89.14048,26.38302],[89.14412,26.38375],[89.14595,26.38826],[89.14705,26.39329],[89.14285,26.3979],[89.14011,26.39983],[89.13889,26.39507],[89.13527,26.39767],[89.12524,26.39923],[89.12238,26.40144],[89.12139,26.39732],[89.12242,26.39515],[89.12162,26.39232],[89.12665,26.39265],[89.13036,26.39203],[89.13082,26.3902],[89.1318,26.3883],[89.12828,26.38895],[89.12456,26.38624],[89.12451,26.38277],[89.12762,26.37592]]]},"properties":{"District":"Koch Bihar","Dist_LGD":"329","Sub_dist":"Mathabhanga - I","Subdis_LGD":"2181","Subdis_Typ":"Cd_Block","Vill_name":"Kuktikata","Vill_Cat":"Rural","Vill_LGD":"307919","arr_project":"asha1,asha2"}},
{"type":"Feature","geometry":{"type":"Polygon","coordinates":[[[89.13958,26.37815],[89.14152,26.3765],[89.14886,26.3758],[89.15009,26.37758],[89.1575,26.37738],[89.15883,26.37571],[89.16223,26.3756],[89.1623,26.37826],[89.16467,26.38051],[89.16563,26.38407],[89.16301,26.38689],[89.16094,26.39252],[89.15573,26.39405],[89.15338,26.39544],[89.14936,26.39338],[89.14705,26.39329],[89.14595,26.38826],[89.14412,26.38375],[89.14048,26.38302],[89.13891,26.38008],[89.13958,26.37815]]]},"properties":{"District":"Koch Bihar","Dist_LGD":"329","Sub_dist":"Mathabhanga - I","Subdis_LGD":"2181","Subdis_Typ":"Cd_Block","Vill_name":"Duaisuai","Vill_Cat":"Rural","Vill_LGD":"307918","arr_project":"asha1,asha2"}},
{"type":"Feature","geometry":{"type":"Polygon","coordinates":[[[89.16799,26.38634],[89.17355,26.38498],[89.1751,26.38236],[89.17724,26.38156],[89.17683,26.37553],[89.17743,26.37419],[89.17512,26.37125],[89.17198,26.36987],[89.17279,26.36781],[89.17061,26.36663],[89.17286,26.36355],[89.17633,26.36314],[89.17671,26.36139],[89.17979,26.36125],[89.17877,26.35647],[89.17241,26.34905],[89.17051,26.346],[89.17626,26.34584],[89.18029,26.34657],[89.18152,26.34304],[89.18208,26.34356],[89.18206,26.34794],[89.18475,26.34883],[89.18657,26.34751],[89.19045,26.34791],[89.18959,26.35411],[89.1901,26.35765],[89.18803,26.36362],[89.18788,26.36792],[89.18925,26.3707],[89.18876,26.37263],[89.1907,26.37504],[89.1931,26.37717],[89.20023,26.37885],[89.2067,26.37797],[89.21002,26.37979],[89.21104,26.38621],[89.21002,26.39005],[89.20044,26.38817],[89.1947,26.39099],[89.19314,26.39399],[89.18829,26.39743],[89.1835,26.40183],[89.18534,26.40888],[89.18089,26.40645],[89.17692,26.40972],[89.17377,26.41356],[89.17085,26.41904],[89.1714,26.42309],[89.16601,26.42345],[89.16481,26.41755],[89.1619,26.4128],[89.16124,26.41044],[89.16446,26.4086],[89.17196,26.40891],[89.17165,26.40644],[89.16454,26.40577],[89.16805,26.39842],[89.17076,26.39775],[89.17079,26.39438],[89.17213,26.39115],[89.16894,26.39167],[89.16799,26.38634]]]},"properties":{"District":"Koch Bihar","Dist_LGD":"329","Sub_dist":"Mathabhanga - I","Subdis_LGD":"2181","Subdis_Typ":"Cd_Block","Vill_name":"Bhangamore","Vill_Cat":"Rural","Vill_LGD":"307916","arr_project":"asha1,asha2"}},
{"type":"Feature","geometry":{"type":"Polygon","coordinates":[[[89.18534,26.40888],[89.1835,26.40183],[89.18829,26.39743],[89.19314,26.39399],[89.1947,26.39099],[89.20044,26.38817],[89.21002,26.39005],[89.2089,26.39677],[89.20647,26.39981],[89.20495,26.40326],[89.20585,26.40725],[89.20435,26.41079],[89.19729,26.41127],[89.19304,26.41312],[89.18906,26.41117],[89.18534,26.40888]]]},"properties":{"District":"Koch Bihar","Dist_LGD":"329","Sub_dist":"Mathabhanga - I","Subdis_LGD":"2181","Subdis_Typ":"Cd_Block","Vill_name":"Mahimer Kuthi","Vill_Cat":"Rural","Vill_LGD":"307961","arr_project":"asha1,asha2"}},
{"type":"Feature","geometry":{"type":"Polygon","coordinates":[[[89.11883,26.38023],[89.11708,26.3758],[89.11958,26.37353],[89.12055,26.37656],[89.12762,26.37592],[89.12451,26.38277],[89.12256,26.37984],[89.11883,26.38023]]]},"properties":{"District":"Koch Bihar","Dist_LGD":"329","Sub_dist":"Mathabhanga - I","Subdis_LGD":"2181","Subdis_Typ":"Cd_Block","Vill_name":"Angarmani","Vill_Cat":"Rural","Vill_LGD":"307921","arr_project":"asha1,asha2"}},
{"type":"Feature","geometry":{"type":"Polygon","coordinates":[[[89.21002,26.37979],[89.22086,26.37558],[89.22315,26.37275],[89.22285,26.37027],[89.226,26.36964],[89.22745,26.36424],[89.22968,26.35974],[89.23187,26.35962],[89.23268,26.36083],[89.23436,26.36473],[89.23873,26.36967],[89.23948,26.37305],[89.23734,26.37389],[89.23815,26.37889],[89.24089,26.37796],[89.24457,26.3799],[89.24816,26.38082],[89.24793,26.38551],[89.25148,26.38557],[89.24515,26.39017],[89.24225,26.38946],[89.23782,26.39145],[89.23852,26.39469],[89.23667,26.39619],[89.23353,26.39481],[89.23114,26.39829],[89.23131,26.40059],[89.2261,26.40283],[89.2223,26.40348],[89.21999,26.40189],[89.21761,26.41036],[89.21305,26.41206],[89.20718,26.41502],[89.20435,26.41079],[89.20585,26.40725],[89.20495,26.40326],[89.20647,26.39981],[89.2089,26.39677],[89.21002,26.39005],[89.21104,26.38621],[89.21002,26.37979]]]},"properties":{"District":"Koch Bihar","Dist_LGD":"329","Sub_dist":"Mathabhanga - Ii","Subdis_LGD":"2182","Subdis_Typ":"Cd_Block","Vill_name":"Angarkata Paradubi","Vill_Cat":"Rural","Vill_LGD":"308032","arr_project":"asha1,asha2"}},
{"type":"Feature","geometry":{"type":"Polygon","coordinates":[[[89.33724,26.31464],[89.33574,26.31397],[89.33054,26.31453],[89.32787,26.31716],[89.32818,26.32127],[89.33075,26.32415],[89.32637,26.32306],[89.32399,26.32138],[89.32179,26.31954],[89.32129,26.31556],[89.3186,26.31414],[89.31728,26.31141],[89.32104,26.31161],[89.32111,26.30795],[89.32235,26.30496],[89.32085,26.30339],[89.3261,26.30394],[89.32571,26.29982],[89.32781,26.2971],[89.32987,26.29943],[89.33232,26.29714],[89.33556,26.30047],[89.33957,26.30143],[89.33919,26.30484],[89.33856,26.30928],[89.33609,26.31069],[89.33724,26.31464]]]},"properties":{"District":"Koch Bihar","Dist_LGD":"329","Sub_dist":"Mathabhanga - Ii","Subdis_LGD":"2182","Subdis_Typ":"Cd_Block","Vill_name":"Kodalksheti","Vill_Cat":"Rural","Vill_LGD":"307986","arr_project":"asha1,asha2"}},
{"type":"Feature","geometry":{"type":"Polygon","coordinates":[[[89.31064,26.31172],[89.31232,26.31221],[89.31728,26.31141],[89.3186,26.31414],[89.31394,26.31498],[89.31098,26.31313],[89.31064,26.31172]]]},"properties":{"District":"Koch Bihar","Dist_LGD":"329","Sub_dist":"Mathabhanga - Ii","Subdis_LGD":"2182","Subdis_Typ":"Cd_Block","Vill_name":"Garkuta","Vill_Cat":"Rural","Vill_LGD":"307984","arr_project":"asha1,asha2"}},
{"type":"Feature","geometry":{"type":"Polygon","coordinates":[[[89.3034,26.321],[89.31511,26.32048],[89.31652,26.31931],[89.32179,26.31954],[89.32399,26.32138],[89.32064,26.32266],[89.32036,26.32493],[89.31491,26.32773],[89.31464,26.32938],[89.31201,26.32733],[89.30605,26.32652],[89.30285,26.32712],[89.30047,26.32645],[89.30052,26.32333],[89.3034,26.321]]]},"properties":{"District":"Koch Bihar","Dist_LGD":"329","Sub_dist":"Mathabhanga - Ii","Subdis_LGD":"2182","Subdis_Typ":"Cd_Block","Vill_name":"Chhannamadar","Vill_Cat":"Rural","Vill_LGD":"307982","arr_project":"asha1,asha2"}},
{"type":"Feature","geometry":{"type":"Polygon","coordinates":[[[89.34244,26.30335],[89.34633,26.30489],[89.34622,26.3161],[89.3421,26.31696],[89.33724,26.31464],[89.33609,26.31069],[89.33856,26.30928],[89.33919,26.30484],[89.34244,26.30335]]]},"properties":{"District":"Koch Bihar","Dist_LGD":"329","Sub_dist":"Mathabhanga - Ii","Subdis_LGD":"2182","Subdis_Typ":"Cd_Block","Vill_name":"Kanibilkankanguri","Vill_Cat":"Rural","Vill_LGD":"307985","arr_project":"asha1,asha2"}},
{"type":"Feature","geometry":{"type":"Polygon","coordinates":[[[89.29044,26.31363],[89.29339,26.3135],[89.29625,26.31505],[89.29699,26.3169],[89.30089,26.31568],[89.30388,26.31753],[89.3034,26.321],[89.30052,26.32333],[89.30047,26.32645],[89.30285,26.32712],[89.30001,26.33061],[89.30062,26.3363],[89.30156,26.33849],[89.29779,26.3402],[89.29705,26.33626],[89.29466,26.33679],[89.29415,26.33205],[89.29221,26.33059],[89.28433,26.32937],[89.28371,26.32428],[89.29,26.3216],[89.29011,26.31893],[89.28881,26.31554],[89.29044,26.31363]]]},"properties":{"District":"Koch Bihar","Dist_LGD":"329","Sub_dist":"Mathabhanga - Ii","Subdis_LGD":"2182","Subdis_Typ":"Cd_Block","Vill_name":"Runibari","Vill_Cat":"Rural","Vill_LGD":"307981","arr_project":"asha1,asha2"}},
{"type":"Feature","geometry":{"type":"Polygon","coordinates":[[[89.25895,26.34153],[89.24642,26.34168],[89.24461,26.33909],[89.24311,26.33499],[89.24513,26.3323],[89.24875,26.33181],[89.25586,26.32864],[89.25819,26.3299],[89.26114,26.33444],[89.26101,26.33792],[89.25895,26.34153]]]},"properties":{"District":"Koch Bihar","Dist_LGD":"329","Sub_dist":"Mathabhanga - Ii","Subdis_LGD":"2182","Subdis_Typ":"Cd_Block","Vill_name":"Matiar Kuthi","Vill_Cat":"Rural","Vill_LGD":"308067","arr_project":"asha1,asha2"}},
{"type":"Feature","geometry":{"type":"Polygon","coordinates":[[[89.23187,26.35962],[89.22968,26.35974],[89.22745,26.36424],[89.226,26.36964],[89.22285,26.37027],[89.22315,26.37275],[89.22086,26.37558],[89.21002,26.37979],[89.2067,26.37797],[89.21366,26.37137],[89.21622,26.3661],[89.21631,26.35887],[89.21829,26.35096],[89.22294,26.34665],[89.22598,26.34915],[89.22922,26.34833],[89.23233,26.35193],[89.23187,26.35962]]]},"properties":{"District":"Koch Bihar","Dist_LGD":"329","Sub_dist":"Mathabhanga - Ii","Subdis_LGD":"2182","Subdis_Typ":"Cd_Block","Vill_name":"Angarkata Khaterbari","Vill_Cat":"Rural","Vill_LGD":"308031","arr_project":"asha1,asha2"}},
{"type":"Feature","geometry":{"type":"Polygon","coordinates":[[[89.24904,26.35837],[89.25076,26.35431],[89.25099,26.35128],[89.24642,26.34168],[89.25895,26.34153],[89.25878,26.34288],[89.25757,26.34678],[89.25501,26.34729],[89.25626,26.35221],[89.25747,26.35232],[89.25762,26.35812],[89.25683,26.35983],[89.25126,26.35976],[89.24904,26.35837]]]},"properties":{"District":"Koch Bihar","Dist_LGD":"329","Sub_dist":"Mathabhanga - Ii","Subdis_LGD":"2182","Subdis_Typ":"Cd_Block","Vill_name":"Taurikata","Vill_Cat":"Rural","Vill_LGD":"308059","arr_project":"asha1,asha2"}},
{"type":"Feature","geometry":{"type":"Polygon","coordinates":[[[89.25126,26.35976],[89.25683,26.35983],[89.25898,26.36054],[89.2587,26.36442],[89.25757,26.36602],[89.25431,26.367],[89.25126,26.35976]]]},"properties":{"District":"Koch Bihar","Dist_LGD":"329","Sub_dist":"Mathabhanga - Ii","Subdis_LGD":"2182","Subdis_Typ":"Cd_Block","Vill_name":"Bamanikura","Vill_Cat":"Rural","Vill_LGD":"308058","arr_project":"asha1,asha2"}},
{"type":"Feature","geometry":{"type":"Polygon","coordinates":[[[89.2647,26.36037],[89.26721,26.35965],[89.26716,26.36189],[89.2647,26.36037]]]},"properties":{"District":"Koch Bihar","Dist_LGD":"329","Sub_dist":"Mathabhanga - Ii","Subdis_LGD":"2182","Subdis_Typ":"Cd_Block","Vill_name":"Chandanchaura","Vill_Cat":"Rural","Vill_LGD":"308061","arr_project":"asha1,asha2"}},
{"type":"Feature","geometry":{"type":"Polygon","coordinates":[[[89.26721,26.35965],[89.27062,26.35739],[89.27333,26.35281],[89.27767,26.35485],[89.2775,26.3569],[89.27118,26.36156],[89.26716,26.36189],[89.26721,26.35965]]]},"properties":{"District":"Koch Bihar","Dist_LGD":"329","Sub_dist":"Mathabhanga - Ii","Subdis_LGD":"2182","Subdis_Typ":"Cd_Block","Vill_name":"Dekarkuthi","Vill_Cat":"Rural","Vill_LGD":"308062","arr_project":"asha1,asha2"}},
{"type":"Feature","geometry":{"type":"Polygon","coordinates":[[[89.29551,26.35472],[89.29782,26.35832],[89.30341,26.35556],[89.30635,26.34961],[89.30986,26.34774],[89.31317,26.34462],[89.31938,26.34424],[89.32899,26.3494],[89.32295,26.34864],[89.3173,26.34861],[89.31676,26.35018],[89.31908,26.35751],[89.31619,26.35883],[89.31615,26.36167],[89.31789,26.36706],[89.31619,26.36837],[89.31724,26.37084],[89.31524,26.37067],[89.31221,26.36868],[89.3112,26.36649],[89.30581,26.36618],[89.30248,26.36512],[89.29717,26.36548],[89.29689,26.36973],[89.29468,26.36923],[89.29489,26.36678],[89.28869,26.36598],[89.2892,26.36104],[89.29264,26.36016],[89.29251,26.35846],[89.28772,26.35645],[89.29551,26.35472]]]},"properties":{"District":"Koch Bihar","Dist_LGD":"329","Sub_dist":"Mathabhanga - Ii","Subdis_LGD":"2182","Subdis_Typ":"Cd_Block","Vill_name":"Khattimari","Vill_Cat":"Rural","Vill_LGD":"308064","arr_project":"asha1,asha2"}},
{"type":"Feature","geometry":{"type":"Polygon","coordinates":[[[89.31908,26.35751],[89.31676,26.35018],[89.3173,26.34861],[89.32295,26.34864],[89.32899,26.3494],[89.3341,26.34842],[89.33372,26.35072],[89.32993,26.35245],[89.32785,26.3544],[89.32765,26.36143],[89.32558,26.3625],[89.31908,26.35751]]]},"properties":{"District":"Koch Bihar","Dist_LGD":"329","Sub_dist":"Mathabhanga - Ii","Subdis_LGD":"2182","Subdis_Typ":"Cd_Block","Vill_name":"Subharpathar","Vill_Cat":"Rural","Vill_LGD":"308065","arr_project":"asha1,asha2"}},
{"type":"Feature","geometry":{"type":"Polygon","coordinates":[[[89.33614,26.34097],[89.33488,26.34021],[89.3301,26.34459],[89.3286,26.34364],[89.32437,26.33772],[89.32712,26.33702],[89.33016,26.3349],[89.33325,26.33471],[89.33938,26.33303],[89.34049,26.33508],[89.33784,26.33647],[89.33614,26.34097]]]},"properties":{"District":"Koch Bihar","Dist_LGD":"329","Sub_dist":"Mathabhanga - Ii","Subdis_LGD":"2182","Subdis_Typ":"Cd_Block","Vill_name":"Kshenpara","Vill_Cat":"Rural","Vill_LGD":"307977","arr_project":"asha1,asha2"}},
{"type":"Feature","geometry":{"type":"Polygon","coordinates":[[[89.29779,26.3402],[89.30156,26.33849],[89.30693,26.33813],[89.3089,26.34188],[89.31317,26.34462],[89.30986,26.34774],[89.30635,26.34961],[89.30341,26.35556],[89.29782,26.35832],[89.29551,26.35472],[89.29561,26.35225],[89.29438,26.34702],[89.29996,26.3466],[89.29969,26.34356],[89.29777,26.34259],[89.29779,26.3402]]]},"properties":{"District":"Koch Bihar","Dist_LGD":"329","Sub_dist":"Mathabhanga - Ii","Subdis_LGD":"2182","Subdis_Typ":"Cd_Block","Vill_name":"Jhauguri","Vill_Cat":"Rural","Vill_LGD":"307976","arr_project":"asha1,asha2"}},
{"type":"Feature","geometry":{"type":"Polygon","coordinates":[[[89.29074,26.34512],[89.28956,26.34245],[89.29004,26.33711],[89.29221,26.33059],[89.29415,26.33205],[89.29466,26.33679],[89.29705,26.33626],[89.29779,26.3402],[89.29777,26.34259],[89.29969,26.34356],[89.29996,26.3466],[89.29438,26.34702],[89.29074,26.34512]]]},"properties":{"District":"Koch Bihar","Dist_LGD":"329","Sub_dist":"Mathabhanga - Ii","Subdis_LGD":"2182","Subdis_Typ":"Cd_Block","Vill_name":"Chhat Sitkibari","Vill_Cat":"Rural","Vill_LGD":"307975","arr_project":"asha1,asha2"}},
{"type":"Feature","geometry":{"type":"Polygon","coordinates":[[[89.30285,26.32712],[89.30605,26.32652],[89.31201,26.32733],[89.31464,26.32938],[89.31716,26.33144],[89.32054,26.33258],[89.32316,26.33523],[89.32437,26.33772],[89.3286,26.34364],[89.3301,26.34459],[89.33488,26.34021],[89.33614,26.34097],[89.3341,26.34842],[89.32899,26.3494],[89.31938,26.34424],[89.31317,26.34462],[89.3089,26.34188],[89.30693,26.33813],[89.30156,26.33849],[89.30062,26.3363],[89.30001,26.33061],[89.30285,26.32712]]]},"properties":{"District":"Koch Bihar","Dist_LGD":"329","Sub_dist":"Mathabhanga - Ii","Subdis_LGD":"2182","Subdis_Typ":"Cd_Block","Vill_name":"Dumniguri","Vill_Cat":"Rural","Vill_LGD":"307980","arr_project":"asha1,asha2"}},
{"type":"Feature","geometry":{"type":"Polygon","coordinates":[[[89.33938,26.33303],[89.33325,26.33471],[89.33016,26.3349],[89.32712,26.33702],[89.32437,26.33772],[89.32316,26.33523],[89.32468,26.33483],[89.32506,26.32714],[89.32934,26.32919],[89.33429,26.32677],[89.335,26.32474],[89.33798,26.32729],[89.33913,26.32954],[89.33938,26.33303]]]},"properties":{"District":"Koch Bihar","Dist_LGD":"329","Sub_dist":"Mathabhanga - Ii","Subdis_LGD":"2182","Subdis_Typ":"Cd_Block","Vill_name":"Pheshyabari","Vill_Cat":"Rural","Vill_LGD":"307978","arr_project":"asha1,asha2"}},
{"type":"Feature","geometry":{"type":"Polygon","coordinates":[[[89.335,26.32474],[89.33429,26.32677],[89.32934,26.32919],[89.32506,26.32714],[89.32468,26.33483],[89.32316,26.33523],[89.32054,26.33258],[89.31716,26.33144],[89.31464,26.32938],[89.31491,26.32773],[89.32036,26.32493],[89.32064,26.32266],[89.32399,26.32138],[89.32637,26.32306],[89.33075,26.32415],[89.335,26.32474]]]},"properties":{"District":"Koch Bihar","Dist_LGD":"329","Sub_dist":"Mathabhanga - Ii","Subdis_LGD":"2182","Subdis_Typ":"Cd_Block","Vill_name":"Ghughumari","Vill_Cat":"Rural","Vill_LGD":"307979","arr_project":"asha1,asha2"}},
{"type":"Feature","geometry":{"type":"Polygon","coordinates":[[[89.28538,26.35666],[89.28481,26.35479],[89.28675,26.35193],[89.2885,26.35209],[89.29083,26.34912],[89.29074,26.34512],[89.29438,26.34702],[89.29561,26.35225],[89.29551,26.35472],[89.28772,26.35645],[89.28538,26.35666]]]},"properties":{"District":"Koch Bihar","Dist_LGD":"329","Sub_dist":"Mathabhanga - Ii","Subdis_LGD":"2182","Subdis_Typ":"Cd_Block","Vill_name":"Tetulguri","Vill_Cat":"Rural","Vill_LGD":"308063","arr_project":"asha1,asha2"}},
{"type":"Feature","geometry":{"type":"Polygon","coordinates":[[[89.27498,26.33056],[89.27728,26.32781],[89.28371,26.32428],[89.28433,26.32937],[89.29221,26.33059],[89.29004,26.33711],[89.28956,26.34245],[89.29074,26.34512],[89.29083,26.34912],[89.2885,26.35209],[89.28675,26.35193],[89.28481,26.35479],[89.28538,26.35666],[89.2775,26.3569],[89.27767,26.35485],[89.27333,26.35281],[89.27062,26.35739],[89.26721,26.35965],[89.2647,26.36037],[89.262,26.36032],[89.25898,26.36054],[89.25683,26.35983],[89.25762,26.35812],[89.25747,26.35232],[89.25626,26.35221],[89.25501,26.34729],[89.25757,26.34678],[89.25878,26.34288],[89.26622,26.34766],[89.26802,26.34732],[89.27153,26.34419],[89.27576,26.3388],[89.27498,26.33056]]]},"properties":{"District":"Koch Bihar","Dist_LGD":"329","Sub_dist":"Mathabhanga - Ii","Subdis_LGD":"2182","Subdis_Typ":"Cd_Block","Vill_name":"Bhogmara","Vill_Cat":"Rural","Vill_LGD":"308060","arr_project":"asha1,asha2"}},
{"type":"Feature","geometry":{"type":"Polygon","coordinates":[[[89.26721,26.33073],[89.27498,26.33056],[89.27576,26.3388],[89.27153,26.34419],[89.26802,26.34732],[89.26622,26.34766],[89.25878,26.34288],[89.25895,26.34153],[89.26101,26.33792],[89.26114,26.33444],[89.26598,26.33263],[89.26721,26.33073]]]},"properties":{"District":"Koch Bihar","Dist_LGD":"329","Sub_dist":"Mathabhanga - Ii","Subdis_LGD":"2182","Subdis_Typ":"Cd_Block","Vill_name":"Khalaigaon","Vill_Cat":"Rural","Vill_LGD":"307995","arr_project":"asha1,asha2"}},
{"type":"Feature","geometry":{"type":"Polygon","coordinates":[[[89.10838,26.39185],[89.1047,26.39017],[89.10794,26.38714],[89.1103,26.38723],[89.11159,26.38918],[89.10838,26.39185]]]},"properties":{"District":"Koch Bihar","Dist_LGD":"329","Sub_dist":"Mathabhanga - I","Subdis_LGD":"2181","Subdis_Typ":"Cd_Block","Vill_name":"Paschim Jamirdanga","Vill_Cat":"Rural","Vill_LGD":"307923","arr_project":"asha1,asha2"}},
{"type":"Feature","geometry":{"type":"Polygon","coordinates":[[[89.24904,26.35837],[89.25126,26.35976],[89.25431,26.367],[89.25153,26.37054],[89.24916,26.36951],[89.23972,26.37016],[89.23873,26.36967],[89.23436,26.36473],[89.23268,26.36083],[89.23524,26.36238],[89.24457,26.36151],[89.24904,26.35837]]]},"properties":{"District":"Koch Bihar","Dist_LGD":"329","Sub_dist":"Mathabhanga - Ii","Subdis_LGD":"2182","Subdis_Typ":"Cd_Block","Vill_name":"Dolanger Kuthi","Vill_Cat":"Rural","Vill_LGD":"308057","arr_project":"asha1,asha2"}},
{"type":"Feature","geometry":{"type":"Polygon","coordinates":[[[89.14958,26.43178],[89.15148,26.43273],[89.15738,26.43188],[89.15985,26.43445],[89.16521,26.4331],[89.16849,26.43064],[89.17058,26.43115],[89.17097,26.43723],[89.16843,26.43825],[89.16849,26.44133],[89.16632,26.44419],[89.16157,26.44706],[89.1573,26.44605],[89.15324,26.44858],[89.15293,26.45141],[89.14846,26.45024],[89.15077,26.44057],[89.15217,26.44062],[89.15052,26.43412],[89.14475,26.43378],[89.14132,26.43264],[89.14317,26.43064],[89.14636,26.43054],[89.14958,26.43178]]]},"properties":{"District":"Koch Bihar","Dist_LGD":"329","Sub_dist":"Mathabhanga - I","Subdis_LGD":"2181","Subdis_Typ":"Cd_Block","Vill_name":"Andaran Pakhihaga","Vill_Cat":"Rural","Vill_LGD":"307909","arr_project":"asha1,asha2"}},
{"type":"Feature","geometry":{"type":"Polygon","coordinates":[[[89.31098,26.31313],[89.31394,26.31498],[89.3186,26.31414],[89.32129,26.31556],[89.32179,26.31954],[89.31652,26.31931],[89.31511,26.32048],[89.3034,26.321],[89.30388,26.31753],[89.30731,26.31793],[89.3105,26.317],[89.31098,26.31313]]]},"properties":{"District":"Koch Bihar","Dist_LGD":"329","Sub_dist":"Mathabhanga - Ii","Subdis_LGD":"2182","Subdis_Typ":"Cd_Block","Vill_name":"Asmanirghat","Vill_Cat":"Rural","Vill_LGD":"307983","arr_project":"asha1,asha2"}},
{"type":"Feature","geometry":{"type":"Polygon","coordinates":[[[89.28406,26.37973],[89.28573,26.3799],[89.29087,26.38375],[89.29238,26.3861],[89.29044,26.38959],[89.28799,26.3896],[89.28571,26.38731],[89.28329,26.38675],[89.27986,26.39056],[89.27876,26.39594],[89.27816,26.3981],[89.27501,26.39794],[89.27512,26.40214],[89.2723,26.4035],[89.27256,26.39985],[89.27169,26.39776],[89.27279,26.39275],[89.27043,26.39051],[89.27102,26.38811],[89.27548,26.38798],[89.27463,26.38206],[89.27916,26.38123],[89.28236,26.38158],[89.28406,26.37973]]]},"properties":{"District":"Koch Bihar","Dist_LGD":"329","Sub_dist":"Mathabhanga - Ii","Subdis_LGD":"2182","Subdis_Typ":"Cd_Block","Vill_name":"Panikhawa","Vill_Cat":"Rural","Vill_LGD":"308044","arr_project":"asha1,asha2"}},
{"type":"Feature","geometry":{"type":"Polygon","coordinates":[[[89.19663,26.20355],[89.19622,26.20135],[89.19864,26.20027],[89.19933,26.19745],[89.20383,26.19743],[89.20913,26.19397],[89.2147,26.19205],[89.21455,26.19464],[89.22167,26.19491],[89.22167,26.19817],[89.21656,26.19897],[89.2184,26.20186],[89.21659,26.20666],[89.21306,26.20665],[89.21078,26.20544],[89.20838,26.20815],[89.20408,26.20725],[89.19922,26.208],[89.19857,26.20529],[89.19663,26.20355]]]},"properties":{"District":"Koch Bihar","Dist_LGD":"329","Sub_dist":"Sitalkuchi","Subdis_LGD":"2190","Subdis_Typ":"Cd_Block","Vill_name":"Kharija Dhaperchatra","Vill_Cat":"Rural","Vill_LGD":"308792","arr_project":"asha1,asha2"}},
{"type":"Feature","geometry":{"type":"Polygon","coordinates":[[[89.15617,26.22324],[89.15976,26.22121],[89.15963,26.21741],[89.16066,26.21441],[89.16033,26.21083],[89.16343,26.21162],[89.16564,26.21533],[89.16571,26.21771],[89.17095,26.21636],[89.17184,26.21519],[89.17275,26.21798],[89.16915,26.22148],[89.16932,26.22385],[89.16569,26.22398],[89.16335,26.22862],[89.16073,26.22984],[89.15654,26.22999],[89.1512,26.22942],[89.14847,26.2324],[89.14807,26.22892],[89.14887,26.22646],[89.15123,26.22738],[89.15617,26.22324]]]},"properties":{"District":"Koch Bihar","Dist_LGD":"329","Sub_dist":"Sitalkuchi","Subdis_LGD":"2190","Subdis_Typ":"Cd_Block","Vill_name":"Bara Madhusudan","Vill_Cat":"Rural","Vill_LGD":"308798","arr_project":"asha1,asha2"}},
{"type":"Feature","geometry":{"type":"Polygon","coordinates":[[[89.16157,26.44706],[89.16632,26.44419],[89.16849,26.44133],[89.16843,26.43825],[89.17097,26.43723],[89.17058,26.43115],[89.16849,26.43064],[89.17285,26.42959],[89.17677,26.42763],[89.1838,26.43891],[89.18717,26.43699],[89.18919,26.43951],[89.1842,26.44391],[89.18178,26.44792],[89.17762,26.45111],[89.17363,26.45286],[89.17004,26.4587],[89.16876,26.46216],[89.16604,26.4586],[89.16296,26.45611],[89.16338,26.45015],[89.16157,26.44706]]]},"properties":{"District":"Koch Bihar","Dist_LGD":"329","Sub_dist":"Mathabhanga - I","Subdis_LGD":"2181","Subdis_Typ":"Cd_Block","Vill_name":"Chhat Pakhihaga","Vill_Cat":"Rural","Vill_LGD":"307912","arr_project":"asha1,asha2"}},
{"type":"Feature","geometry":{"type":"Polygon","coordinates":[[[89.30782,26.40294],[89.30518,26.40225],[89.30373,26.40577],[89.29537,26.4056],[89.29629,26.40298],[89.29324,26.40248],[89.2922,26.39717],[89.28967,26.39682],[89.28799,26.3896],[89.29044,26.38959],[89.29238,26.3861],[89.29477,26.38605],[89.29441,26.39075],[89.29996,26.39082],[89.30071,26.39285],[89.3048,26.39215],[89.30966,26.39274],[89.30733,26.4003],[89.30782,26.40294]]]},"properties":{"District":"Koch Bihar","Dist_LGD":"329","Sub_dist":"Mathabhanga - Ii","Subdis_LGD":"2182","Subdis_Typ":"Cd_Block","Vill_name":"Sutarpara","Vill_Cat":"Rural","Vill_LGD":"308046","arr_project":"asha1,asha2"}},
{"type":"Feature","geometry":{"type":"Polygon","coordinates":[[[89.28601,26.16402],[89.28291,26.16416],[89.27701,26.15479],[89.27335,26.14964],[89.27575,26.14712],[89.28539,26.13816],[89.29378,26.13121],[89.30054,26.12792],[89.30391,26.12726],[89.30486,26.12704],[89.30593,26.12896],[89.30975,26.13192],[89.31337,26.13219],[89.31289,26.13661],[89.3093,26.13767],[89.30754,26.13639],[89.30493,26.13173],[89.30232,26.13152],[89.30329,26.13574],[89.29921,26.13646],[89.2947,26.13685],[89.29095,26.1366],[89.28922,26.13947],[89.28487,26.14201],[89.28413,26.14549],[89.28914,26.14646],[89.28921,26.14844],[89.28662,26.14949],[89.28396,26.14869],[89.28255,26.15118],[89.28656,26.15323],[89.28491,26.15526],[89.28425,26.16017],[89.28601,26.16402]]]},"properties":{"District":"Koch Bihar","Dist_LGD":"329","Sub_dist":"Sitai","Subdis_LGD":"2189","Subdis_Typ":"Cd_Block","Vill_name":"Bijlichatka","Vill_Cat":"Rural","Vill_LGD":"308712","arr_project":"asha1,asha2"}},
{"type":"Feature","geometry":{"type":"Polygon","coordinates":[[[89.11115,26.47053],[89.11229,26.46558],[89.11511,26.4647],[89.11664,26.46197],[89.1137,26.45984],[89.11362,26.45834],[89.11753,26.45691],[89.11924,26.45824],[89.12338,26.45769],[89.12375,26.46242],[89.11987,26.46503],[89.11989,26.46734],[89.1169,26.47134],[89.11555,26.47142],[89.1159,26.46862],[89.11115,26.47053]]]},"properties":{"District":"Koch Bihar","Dist_LGD":"329","Sub_dist":"Mathabhanga - I","Subdis_LGD":"2181","Subdis_Typ":"Cd_Block","Vill_name":"Paschim Giladanga","Vill_Cat":"Rural","Vill_LGD":"307900","arr_project":"asha1,asha2"}},
{"type":"Feature","geometry":{"type":"Polygon","coordinates":[[[89.12375,26.46242],[89.13187,26.46107],[89.13599,26.46111],[89.14027,26.46094],[89.14542,26.46174],[89.14189,26.4658],[89.13905,26.47122],[89.13574,26.46927],[89.13048,26.46878],[89.12405,26.47249],[89.12199,26.47384],[89.1167,26.47362],[89.11555,26.47142],[89.1169,26.47134],[89.11989,26.46734],[89.11987,26.46503],[89.12375,26.46242]]]},"properties":{"District":"Koch Bihar","Dist_LGD":"329","Sub_dist":"Mathabhanga - I","Subdis_LGD":"2181","Subdis_Typ":"Cd_Block","Vill_name":"Purba Giladanga","Vill_Cat":"Rural","Vill_LGD":"307874","arr_project":"asha1,asha2"}},
{"type":"Feature","geometry":{"type":"Polygon","coordinates":[[[89.12798,26.34699],[89.12525,26.34426],[89.1266,26.34279],[89.13003,26.34372],[89.13491,26.34057],[89.13479,26.33858],[89.1423,26.33839],[89.14504,26.33896],[89.14575,26.34148],[89.14584,26.34264],[89.14494,26.3452],[89.14771,26.34613],[89.14972,26.35399],[89.14212,26.36269],[89.14229,26.36449],[89.13777,26.35762],[89.13263,26.35765],[89.12782,26.35709],[89.13,26.3531],[89.12679,26.35175],[89.12883,26.34801],[89.12798,26.34699]]]},"properties":{"District":"Koch Bihar","Dist_LGD":"329","Sub_dist":"Mathabhanga - I","Subdis_LGD":"2181","Subdis_Typ":"Cd_Block","Vill_name":"Mohanpur","Vill_Cat":"Rural","Vill_LGD":"307935","arr_project":"asha1,asha2"}},
{"type":"Feature","geometry":{"type":"Polygon","coordinates":[[[89.15262,26.35266],[89.15496,26.34943],[89.15724,26.34809],[89.15667,26.35109],[89.15439,26.35412],[89.15262,26.35266]]]},"properties":{"District":"Koch Bihar","Dist_LGD":"329","Sub_dist":"Mathabhanga - I","Subdis_LGD":"2181","Subdis_Typ":"Cd_Block","Vill_name":"Baksiganj","Vill_Cat":"Rural","Vill_LGD":"307938","arr_project":"asha1,asha2"}},
{"type":"Feature","geometry":{"type":"Polygon","coordinates":[[[89.14584,26.34264],[89.15019,26.34528],[89.1609,26.34287],[89.16103,26.34358],[89.15935,26.34693],[89.15925,26.34849],[89.15724,26.34809],[89.15496,26.34943],[89.15262,26.35266],[89.14972,26.35399],[89.14771,26.34613],[89.14494,26.3452],[89.14584,26.34264]]]},"properties":{"District":"Koch Bihar","Dist_LGD":"329","Sub_dist":"Mathabhanga - I","Subdis_LGD":"2181","Subdis_Typ":"Cd_Block","Vill_name":"Bara Ghariamohanpur","Vill_Cat":"Rural","Vill_LGD":"307940","arr_project":"asha1,asha2"}},
{"type":"Feature","geometry":{"type":"Polygon","coordinates":[[[89.14575,26.34148],[89.14781,26.34016],[89.15544,26.34001],[89.15825,26.33606],[89.1614,26.33695],[89.16469,26.33545],[89.16411,26.33778],[89.168,26.33883],[89.1675,26.34043],[89.16103,26.34358],[89.1609,26.34287],[89.15019,26.34528],[89.14584,26.34264],[89.14575,26.34148]]]},"properties":{"District":"Koch Bihar","Dist_LGD":"329","Sub_dist":"Mathabhanga - I","Subdis_LGD":"2181","Subdis_Typ":"Cd_Block","Vill_name":"Sikarpur","Vill_Cat":"Rural","Vill_LGD":"307941","arr_project":"asha1,asha2"}},
{"type":"Feature","geometry":{"type":"Polygon","coordinates":[[[89.14259,26.26685],[89.13722,26.26971],[89.13731,26.26606],[89.13456,26.26447],[89.13342,26.26021],[89.13501,26.25442],[89.13657,26.25383],[89.1413,26.2492],[89.14428,26.24765],[89.14448,26.24278],[89.14241,26.24237],[89.14817,26.23796],[89.15165,26.23663],[89.15376,26.23666],[89.15606,26.24051],[89.15511,26.24381],[89.15131,26.24398],[89.15102,26.24622],[89.15524,26.24609],[89.15498,26.24964],[89.15912,26.24981],[89.16004,26.24722],[89.15966,26.23801],[89.15617,26.23671],[89.15625,26.23401],[89.16081,26.23481],[89.16316,26.23642],[89.16539,26.24042],[89.16774,26.24034],[89.16884,26.24395],[89.16465,26.25032],[89.165,26.25234],[89.16842,26.25173],[89.16887,26.25509],[89.16667,26.25726],[89.16879,26.25838],[89.17192,26.25601],[89.17333,26.25687],[89.17356,26.25987],[89.17144,26.26275],[89.16846,26.2623],[89.16909,26.25944],[89.16575,26.25992],[89.16701,26.26342],[89.16388,26.26673],[89.15468,26.26574],[89.15392,26.2624],[89.15093,26.2585],[89.15123,26.25404],[89.15049,26.24857],[89.149,26.2491],[89.14945,26.25339],[89.14347,26.25418],[89.14099,26.25546],[89.13993,26.25915],[89.14109,26.26165],[89.14757,26.26108],[89.14837,26.26347],[89.14291,26.26568],[89.14259,26.26685]],[[89.16702,26.25494],[89.16527,26.25515],[89.16523,26.25615],[89.16666,26.25562],[89.16702,26.25494]]]},"properties":{"District":"Koch Bihar","Dist_LGD":"329","Sub_dist":"Sitalkuchi","Subdis_LGD":"2190","Subdis_Typ":"Cd_Block","Vill_name":"Nalgram Khanda","Vill_Cat":"Rural","Vill_LGD":"347144N105","arr_project":"asha1,asha2"}},
{"type":"Feature","geometry":{"type":"Polygon","coordinates":[[[89.29884,26.25132],[89.2944,26.25125],[89.29214,26.25709],[89.28799,26.26287],[89.28094,26.26423],[89.27863,26.26221],[89.2712,26.25264],[89.27553,26.25495],[89.2776,26.25517],[89.28115,26.25249],[89.28219,26.25018],[89.28195,26.24594],[89.28034,26.24147],[89.27703,26.24454],[89.27404,26.24491],[89.27081,26.24403],[89.2678,26.24456],[89.26677,26.23855],[89.26781,26.2347],[89.26536,26.2339],[89.26089,26.23154],[89.25825,26.22766],[89.25468,26.22856],[89.25714,26.22379],[89.25958,26.22398],[89.26243,26.22654],[89.2678,26.22453],[89.27226,26.2267],[89.27446,26.2241],[89.27582,26.21986],[89.27809,26.21819],[89.28346,26.22254],[89.28657,26.22417],[89.28638,26.22485],[89.28455,26.23109],[89.28878,26.23842],[89.29098,26.24405],[89.29406,26.24258],[89.29616,26.24528],[89.29884,26.25132]]]},"properties":{"District":"Koch Bihar","Dist_LGD":"329","Sub_dist":"Sitalkuchi","Subdis_LGD":"2190","Subdis_Typ":"Cd_Block","Vill_name":"Bhogdabri","Vill_Cat":"Rural","Vill_LGD":"308782","arr_project":"asha1,asha2"}},
{"type":"Feature","geometry":{"type":"Polygon","coordinates":[[[89.22903,26.1438],[89.22654,26.14336],[89.22456,26.14469],[89.21375,26.14498],[89.21393,26.14701],[89.20941,26.14858],[89.20694,26.14841],[89.20711,26.15316],[89.21161,26.15377],[89.21362,26.15514],[89.21759,26.1531],[89.22192,26.15365],[89.22364,26.15536],[89.22567,26.15753],[89.22778,26.16238],[89.23381,26.16299],[89.23563,26.1676],[89.23945,26.17052],[89.23569,26.17436],[89.23516,26.17846],[89.2301,26.17988],[89.22469,26.18364],[89.22229,26.18444],[89.22209,26.18698],[89.21657,26.18775],[89.21693,26.19029],[89.2147,26.19205],[89.20913,26.19397],[89.20383,26.19743],[89.19933,26.19745],[89.19864,26.20027],[89.19622,26.20135],[89.19663,26.20355],[89.19032,26.21029],[89.18701,26.20951],[89.18277,26.21323],[89.17743,26.21351],[89.17613,26.21084],[89.17075,26.21263],[89.1684,26.20751],[89.16885,26.20561],[89.16878,26.20368],[89.16591,26.20172],[89.15759,26.20124],[89.15592,26.19972],[89.15349,26.20005],[89.1501,26.20253],[89.14844,26.19925],[89.15233,26.1984],[89.15236,26.19652],[89.15723,26.19636],[89.15763,26.19321],[89.16183,26.19337],[89.16064,26.19022],[89.16242,26.18859],[89.16743,26.18845],[89.16838,26.18573],[89.16281,26.18494],[89.16414,26.18124],[89.16076,26.18097],[89.16034,26.18324],[89.15643,26.18334],[89.15207,26.18588],[89.14617,26.18266],[89.14466,26.17243],[89.14468,26.16953],[89.14908,26.17006],[89.15181,26.16573],[89.15485,26.16909],[89.16071,26.1688],[89.16096,26.16742],[89.16474,26.16648],[89.16936,26.16524],[89.1695,26.16342],[89.17498,26.15966],[89.18075,26.15963],[89.18231,26.1548],[89.18978,26.15151],[89.19648,26.15018],[89.19906,26.14672],[89.20534,26.14316],[89.20664,26.14486],[89.20968,26.14278],[89.21421,26.14186],[89.21399,26.13222],[89.21305,26.13112],[89.21346,26.12573],[89.21949,26.1266],[89.2267,26.12215],[89.22867,26.12024],[89.23747,26.12365],[89.23627,26.12743],[89.23341,26.12991],[89.23272,26.13568],[89.23178,26.13749],[89.23548,26.13945],[89.23595,26.14295],[89.22903,26.1438]]]},"properties":{"District":"Koch Bihar","Dist_LGD":"329","Sub_dist":"Sitalkuchi","Subdis_LGD":"2190","Subdis_Typ":"Cd_Block","Vill_name":"Sitalkuchi","Vill_Cat":"Rural","Vill_LGD":"308802","arr_project":"asha1,asha2"}},
{"type":"Feature","geometry":{"type":"Polygon","coordinates":[[[89.29359,26.20218],[89.29041,26.20157],[89.28788,26.20271],[89.28059,26.20446],[89.27784,26.20575],[89.27067,26.20436],[89.26835,26.20012],[89.26744,26.19911],[89.26864,26.19554],[89.26648,26.19442],[89.26521,26.19124],[89.26293,26.19042],[89.26233,26.18843],[89.26522,26.18851],[89.26469,26.18457],[89.26749,26.18494],[89.26742,26.17881],[89.26906,26.17712],[89.27334,26.17734],[89.27665,26.17654],[89.28306,26.17703],[89.28729,26.17771],[89.28552,26.18948],[89.28778,26.19237],[89.29025,26.19362],[89.29404,26.19755],[89.29518,26.20142],[89.29359,26.20218]]]},"properties":{"District":"Koch Bihar","Dist_LGD":"329","Sub_dist":"Sitalkuchi","Subdis_LGD":"2190","Subdis_Typ":"Cd_Block","Vill_name":"Chotta Salbari","Vill_Cat":"Rural","Vill_LGD":"308784","arr_project":"asha1,asha2"}},
{"type":"Feature","geometry":{"type":"Polygon","coordinates":[[[89.09709,26.48991],[89.09542,26.48831],[89.09353,26.48043],[89.09652,26.47473],[89.09826,26.47307],[89.10369,26.47054],[89.10769,26.4704],[89.11115,26.47053],[89.1159,26.46862],[89.11555,26.47142],[89.1167,26.47362],[89.10952,26.48125],[89.10644,26.48328],[89.10217,26.48797],[89.09709,26.48991]]]},"properties":{"District":"Koch Bihar","Dist_LGD":"329","Sub_dist":"Mathabhanga - I","Subdis_LGD":"2181","Subdis_Typ":"Cd_Block","Vill_name":"Dakshin Kachakhawa","Vill_Cat":"Rural","Vill_LGD":"307875","arr_project":"asha1,asha2"}},
{"type":"Feature","geometry":{"type":"Polygon","coordinates":[[[89.17372,26.48829],[89.16968,26.4884],[89.16751,26.49003],[89.16438,26.47993],[89.16732,26.47916],[89.17345,26.47839],[89.17679,26.47887],[89.182,26.48168],[89.18094,26.48376],[89.17519,26.48346],[89.17361,26.48481],[89.17372,26.48829]]]},"properties":{"District":"Koch Bihar","Dist_LGD":"329","Sub_dist":"Mathabhanga - Ii","Subdis_LGD":"2182","Subdis_Typ":"Cd_Block","Vill_name":"Dewanbas","Vill_Cat":"Rural","Vill_LGD":"308018","arr_project":"asha1,asha2"}},
{"type":"Feature","geometry":{"type":"Polygon","coordinates":[[[89.07594,26.47222],[89.08176,26.4707],[89.08221,26.4724],[89.07878,26.47658],[89.07389,26.47501],[89.07594,26.47222]]]},"properties":{"District":"Koch Bihar","Dist_LGD":"329","Sub_dist":"Mathabhanga - I","Subdis_LGD":"2181","Subdis_Typ":"Cd_Block","Vill_name":"Madhya Chhat Gopalpur","Vill_Cat":"Rural","Vill_LGD":"307877","arr_project":"asha1,asha2"}},
{"type":"Feature","geometry":{"type":"Polygon","coordinates":[[[89.16876,26.46216],[89.17004,26.4587],[89.17363,26.45286],[89.17762,26.45111],[89.18178,26.44792],[89.1842,26.44391],[89.18919,26.43951],[89.19175,26.43589],[89.19606,26.43354],[89.20356,26.43528],[89.20757,26.43525],[89.2016,26.43977],[89.19398,26.44321],[89.19169,26.44578],[89.18868,26.44748],[89.18648,26.45],[89.18574,26.45417],[89.1809,26.45718],[89.18177,26.46097],[89.18127,26.46377],[89.17567,26.46334],[89.17445,26.46122],[89.16876,26.46216]]]},"properties":{"District":"Koch Bihar","Dist_LGD":"329","Sub_dist":"Mathabhanga - I","Subdis_LGD":"2181","Subdis_Typ":"Cd_Block","Vill_name":"Uttar Daibhangi","Vill_Cat":"Rural","Vill_LGD":"307974","arr_project":"asha1,asha2"}},
{"type":"Feature","geometry":{"type":"Polygon","coordinates":[[[89.12214,26.42254],[89.123,26.42086],[89.12577,26.42049],[89.13065,26.42276],[89.132,26.41919],[89.13506,26.41865],[89.13886,26.41934],[89.14137,26.41722],[89.14337,26.41719],[89.14436,26.4218],[89.14604,26.42342],[89.15059,26.42458],[89.14879,26.42796],[89.14958,26.43178],[89.14636,26.43054],[89.14317,26.43064],[89.14132,26.43264],[89.14475,26.43378],[89.15052,26.43412],[89.15217,26.44062],[89.15077,26.44057],[89.14846,26.45024],[89.15293,26.45141],[89.15129,26.45444],[89.14459,26.455],[89.14275,26.45927],[89.13584,26.46051],[89.13117,26.45372],[89.12826,26.45083],[89.12593,26.45233],[89.122,26.45185],[89.12173,26.4493],[89.12581,26.44356],[89.12551,26.43934],[89.12666,26.43657],[89.12902,26.43433],[89.12668,26.42946],[89.12315,26.43026],[89.1238,26.42678],[89.12214,26.42254]]]},"properties":{"District":"Koch Bihar","Dist_LGD":"329","Sub_dist":"Mathabhanga - I","Subdis_LGD":"2181","Subdis_Typ":"Cd_Block","Vill_name":"Panigram","Vill_Cat":"Rural","Vill_LGD":"307902","arr_project":"asha1,asha2"}},
{"type":"Feature","geometry":{"type":"Polygon","coordinates":[[[89.10152,26.41197],[89.10252,26.41201],[89.11262,26.4186],[89.11928,26.42225],[89.11531,26.42219],[89.11021,26.42443],[89.10776,26.42415],[89.10589,26.42161],[89.10542,26.41639],[89.10089,26.41603],[89.10134,26.41414],[89.10152,26.41197]]]},"properties":{"District":"Koch Bihar","Dist_LGD":"329","Sub_dist":"Mathabhanga - I","Subdis_LGD":"2181","Subdis_Typ":"Cd_Block","Vill_name":"Simulguri","Vill_Cat":"Rural","Vill_LGD":"307904","arr_project":"asha1,asha2"}},
{"type":"Feature","geometry":{"type":"Polygon","coordinates":[[[89.05311,26.45261],[89.05145,26.45274],[89.0518,26.44891],[89.04846,26.44742],[89.0478,26.44243],[89.05667,26.4377],[89.05972,26.43739],[89.06837,26.43429],[89.07284,26.43038],[89.076,26.42964],[89.07408,26.43197],[89.07389,26.43648],[89.07983,26.43778],[89.0779,26.43302],[89.07748,26.42931],[89.08002,26.42881],[89.08493,26.42525],[89.08703,26.42525],[89.08467,26.43345],[89.08708,26.43884],[89.09137,26.44627],[89.09176,26.44852],[89.08931,26.44887],[89.08481,26.44779],[89.08284,26.45088],[89.08211,26.44878],[89.0847,26.44527],[89.08502,26.44131],[89.07966,26.44192],[89.0791,26.44329],[89.07534,26.44367],[89.07466,26.44535],[89.0703,26.44686],[89.06587,26.44749],[89.06189,26.44449],[89.05879,26.44605],[89.05656,26.44862],[89.05454,26.4526],[89.05311,26.45261]]]},"properties":{"District":"Koch Bihar","Dist_LGD":"329","Sub_dist":"Mathabhanga - I","Subdis_LGD":"2181","Subdis_Typ":"Cd_Block","Vill_name":"Dhandhania","Vill_Cat":"Rural","Vill_LGD":"307887","arr_project":"asha1,asha2"}},
{"type":"Feature","geometry":{"type":"Polygon","coordinates":[[[89.0478,26.44243],[89.04475,26.44296],[89.04029,26.44113],[89.03647,26.43791],[89.0373,26.43696],[89.03856,26.43433],[89.03484,26.43456],[89.03373,26.43094],[89.031,26.42796],[89.03102,26.42697],[89.03481,26.42637],[89.03644,26.42163],[89.03918,26.42071],[89.03927,26.42242],[89.04261,26.42362],[89.0438,26.42267],[89.04745,26.4238],[89.05199,26.43055],[89.05534,26.42955],[89.05315,26.42301],[89.06302,26.42003],[89.06463,26.41839],[89.07001,26.41875],[89.07539,26.41386],[89.07242,26.41328],[89.06768,26.41473],[89.06646,26.40976],[89.06696,26.40692],[89.07172,26.40407],[89.07506,26.40123],[89.08151,26.40141],[89.08157,26.39749],[89.08434,26.3983],[89.08766,26.39651],[89.08543,26.39373],[89.07985,26.39152],[89.08121,26.39019],[89.08653,26.39216],[89.09035,26.39178],[89.09201,26.39371],[89.09203,26.3945],[89.08849,26.39677],[89.08857,26.40193],[89.09228,26.40404],[89.09218,26.40627],[89.09363,26.41241],[89.0908,26.41191],[89.08648,26.41355],[89.08505,26.42198],[89.08354,26.42286],[89.07606,26.42421],[89.0759,26.42662],[89.07242,26.42745],[89.07284,26.43038],[89.06837,26.43429],[89.05972,26.43739],[89.05667,26.4377],[89.0478,26.44243]]]},"properties":{"District":"Koch Bihar","Dist_LGD":"329","Sub_dist":"Mathabhanga - I","Subdis_LGD":"2181","Subdis_Typ":"Cd_Block","Vill_name":"Bhogramguri","Vill_Cat":"Rural","Vill_LGD":"307888","arr_project":"asha1,asha2"}},
{"type":"Feature","geometry":{"type":"Polygon","coordinates":[[[89.08703,26.42525],[89.0921,26.42087],[89.09764,26.41807],[89.10134,26.41414],[89.10089,26.41603],[89.10542,26.41639],[89.10589,26.42161],[89.10776,26.42415],[89.10838,26.4289],[89.11003,26.43292],[89.1152,26.43906],[89.11521,26.44074],[89.11046,26.44244],[89.10873,26.43481],[89.10607,26.43543],[89.10353,26.4289],[89.10374,26.42729],[89.09765,26.42504],[89.09126,26.427],[89.09232,26.43228],[89.08991,26.43313],[89.09067,26.43536],[89.09657,26.434],[89.09416,26.43742],[89.08708,26.43884],[89.08467,26.43345],[89.08703,26.42525]]]},"properties":{"District":"Koch Bihar","Dist_LGD":"329","Sub_dist":"Mathabhanga - I","Subdis_LGD":"2181","Subdis_Typ":"Cd_Block","Vill_name":"Upanirpar","Vill_Cat":"Rural","Vill_LGD":"307896","arr_project":"asha1,asha2"}},
{"type":"Feature","geometry":{"type":"Polygon","coordinates":[[[89.08505,26.42198],[89.08648,26.41355],[89.0908,26.41191],[89.09363,26.41241],[89.09218,26.40627],[89.09228,26.40404],[89.09557,26.40472],[89.09766,26.40355],[89.09863,26.41053],[89.10152,26.41197],[89.10134,26.41414],[89.09764,26.41807],[89.0921,26.42087],[89.08703,26.42525],[89.08505,26.42198]]]},"properties":{"District":"Koch Bihar","Dist_LGD":"329","Sub_dist":"Mathabhanga - I","Subdis_LGD":"2181","Subdis_Typ":"Cd_Block","Vill_name":"Chhat Khagribari","Vill_Cat":"Rural","Vill_LGD":"307893","arr_project":"asha1,asha2"}},
{"type":"Feature","geometry":{"type":"Polygon","coordinates":[[[89.10351,26.4019],[89.10691,26.40142],[89.11012,26.39836],[89.11166,26.40263],[89.11691,26.40352],[89.11768,26.40072],[89.11634,26.39852],[89.11906,26.39705],[89.12139,26.39732],[89.12238,26.40144],[89.12524,26.39923],[89.13527,26.39767],[89.13889,26.39507],[89.14011,26.39983],[89.13965,26.40384],[89.13775,26.40561],[89.13227,26.40704],[89.13218,26.4087],[89.1271,26.41012],[89.12013,26.41757],[89.11928,26.42225],[89.11262,26.4186],[89.10252,26.41201],[89.10152,26.41197],[89.09863,26.41053],[89.09766,26.40355],[89.10134,26.40354],[89.10351,26.4019]]]},"properties":{"District":"Koch Bihar","Dist_LGD":"329","Sub_dist":"Mathabhanga - I","Subdis_LGD":"2181","Subdis_Typ":"Cd_Block","Vill_name":"Chengarkhata Khagribari","Vill_Cat":"Rural","Vill_LGD":"307892","arr_project":"asha1,asha2"}},
{"type":"Feature","geometry":{"type":"Polygon","coordinates":[[[89.06189,26.44449],[89.06587,26.44749],[89.0703,26.44686],[89.07466,26.44535],[89.07534,26.44367],[89.0791,26.44329],[89.07966,26.44192],[89.08502,26.44131],[89.0847,26.44527],[89.08211,26.44878],[89.08284,26.45088],[89.08041,26.45312],[89.077,26.45228],[89.07435,26.45406],[89.07509,26.45662],[89.07323,26.46335],[89.06552,26.46297],[89.0622,26.46186],[89.0576,26.46247],[89.05545,26.461],[89.05548,26.4601],[89.05583,26.45774],[89.06099,26.45608],[89.0623,26.45193],[89.06487,26.45093],[89.06228,26.44701],[89.06189,26.44449]]]},"properties":{"District":"Koch Bihar","Dist_LGD":"329","Sub_dist":"Mathabhanga - I","Subdis_LGD":"2181","Subdis_Typ":"Cd_Block","Vill_name":"Bara Gopalpur","Vill_Cat":"Rural","Vill_LGD":"307883","arr_project":"asha1,asha2"}},
{"type":"Feature","geometry":{"type":"Polygon","coordinates":[[[89.12593,26.45233],[89.12826,26.45083],[89.13117,26.45372],[89.13584,26.46051],[89.13599,26.46111],[89.13187,26.46107],[89.12375,26.46242],[89.12338,26.45769],[89.12573,26.45623],[89.12593,26.45233]]]},"properties":{"District":"Koch Bihar","Dist_LGD":"329","Sub_dist":"Mathabhanga - I","Subdis_LGD":"2181","Subdis_Typ":"Cd_Block","Vill_name":"Kher Bhander","Vill_Cat":"Rural","Vill_LGD":"307901","arr_project":"asha1,asha2"}},
{"type":"Feature","geometry":{"type":"Polygon","coordinates":[[[89.07172,26.40407],[89.06696,26.40692],[89.06646,26.40976],[89.06768,26.41473],[89.07242,26.41328],[89.07539,26.41386],[89.07001,26.41875],[89.06463,26.41839],[89.06302,26.42003],[89.05315,26.42301],[89.05534,26.42955],[89.05199,26.43055],[89.04745,26.4238],[89.0438,26.42267],[89.04261,26.42362],[89.03927,26.42242],[89.03918,26.42071],[89.04839,26.42075],[89.04663,26.41736],[89.047,26.41386],[89.04588,26.41283],[89.04718,26.40913],[89.04656,26.40434],[89.04847,26.40279],[89.0482,26.39947],[89.0493,26.39864],[89.05407,26.39864],[89.0557,26.39667],[89.05847,26.39582],[89.05889,26.39884],[89.06433,26.39665],[89.06415,26.39876],[89.06716,26.40002],[89.06887,26.39805],[89.07172,26.40407]]]},"properties":{"District":"Koch Bihar","Dist_LGD":"329","Sub_dist":"Mathabhanga - I","Subdis_LGD":"2181","Subdis_Typ":"Cd_Block","Vill_name":"Buraburi","Vill_Cat":"Rural","Vill_LGD":"307889","arr_project":"asha1,asha2"}},
{"type":"Feature","geometry":{"type":"Polygon","coordinates":[[[89.10838,26.39185],[89.10637,26.39497],[89.10088,26.39323],[89.09813,26.39449],[89.09203,26.3945],[89.09201,26.39371],[89.09562,26.39161],[89.09421,26.38928],[89.09081,26.38809],[89.09173,26.3825],[89.08898,26.38094],[89.08916,26.37506],[89.09053,26.3751],[89.09548,26.37456],[89.09694,26.37332],[89.0999,26.37542],[89.10219,26.36914],[89.10604,26.36904],[89.10617,26.37084],[89.10922,26.37217],[89.11145,26.37109],[89.11078,26.36693],[89.10583,26.36495],[89.10966,26.36158],[89.10944,26.36028],[89.11058,26.35513],[89.11441,26.35539],[89.11483,26.35763],[89.11886,26.35846],[89.12022,26.3565],[89.12367,26.35746],[89.1239,26.36111],[89.12576,26.36137],[89.12714,26.36456],[89.13018,26.36651],[89.12498,26.36759],[89.12285,26.36689],[89.12215,26.3699],[89.11829,26.37053],[89.11958,26.37353],[89.11708,26.3758],[89.11883,26.38023],[89.1146,26.38066],[89.11012,26.3839],[89.1103,26.38723],[89.10794,26.38714],[89.1047,26.39017],[89.10838,26.39185]]]},"properties":{"District":"Koch Bihar","Dist_LGD":"329","Sub_dist":"Mathabhanga - I","Subdis_LGD":"2181","Subdis_Typ":"Cd_Block","Vill_name":"Asakbari Pratham Khanda","Vill_Cat":"Rural","Vill_LGD":"307924","arr_project":"asha1,asha2"}},
{"type":"Feature","geometry":{"type":"Polygon","coordinates":[[[89.1103,26.38723],[89.11012,26.3839],[89.1146,26.38066],[89.11883,26.38023],[89.12256,26.37984],[89.12451,26.38277],[89.12456,26.38624],[89.12828,26.38895],[89.13082,26.3902],[89.13036,26.39203],[89.12665,26.39265],[89.12162,26.39232],[89.12242,26.39515],[89.12139,26.39732],[89.11906,26.39705],[89.11634,26.39852],[89.11768,26.40072],[89.11691,26.40352],[89.11166,26.40263],[89.11012,26.39836],[89.10691,26.40142],[89.10351,26.4019],[89.10275,26.39644],[89.10637,26.39497],[89.10838,26.39185],[89.11159,26.38918],[89.1103,26.38723]]]},"properties":{"District":"Koch Bihar","Dist_LGD":"329","Sub_dist":"Mathabhanga - I","Subdis_LGD":"2181","Subdis_Typ":"Cd_Block","Vill_name":"Jamirdanga","Vill_Cat":"Rural","Vill_LGD":"307922","arr_project":"asha1,asha2"}},
{"type":"Feature","geometry":{"type":"Polygon","coordinates":[[[89.16223,26.3756],[89.15985,26.37057],[89.15681,26.37007],[89.15679,26.36703],[89.16037,26.36469],[89.16227,26.36305],[89.16703,26.36564],[89.1669,26.36799],[89.17061,26.36663],[89.17279,26.36781],[89.17198,26.36987],[89.17512,26.37125],[89.17743,26.37419],[89.17683,26.37553],[89.17724,26.38156],[89.1751,26.38236],[89.17355,26.38498],[89.16799,26.38634],[89.16485,26.3885],[89.16301,26.38689],[89.16563,26.38407],[89.16467,26.38051],[89.1623,26.37826],[89.16223,26.3756]]]},"properties":{"District":"Koch Bihar","Dist_LGD":"329","Sub_dist":"Mathabhanga - I","Subdis_LGD":"2181","Subdis_Typ":"Cd_Block","Vill_name":"Gadalerkuthi","Vill_Cat":"Rural","Vill_LGD":"307917","arr_project":"asha1,asha2"}},
{"type":"Feature","geometry":{"type":"Polygon","coordinates":[[[89.12714,26.36456],[89.12763,26.3621],[89.13203,26.36012],[89.13263,26.35765],[89.13777,26.35762],[89.14229,26.36449],[89.13866,26.37004],[89.13609,26.36947],[89.13221,26.37193],[89.1285,26.37307],[89.12762,26.37592],[89.12055,26.37656],[89.11958,26.37353],[89.11829,26.37053],[89.12215,26.3699],[89.12285,26.36689],[89.12498,26.36759],[89.13018,26.36651],[89.12714,26.36456]]]},"properties":{"District":"Koch Bihar","Dist_LGD":"329","Sub_dist":"Mathabhanga - I","Subdis_LGD":"2181","Subdis_Typ":"Cd_Block","Vill_name":"Asakbari Dwitiakhanda","Vill_Cat":"Rural","Vill_LGD":"307934","arr_project":"asha1,asha2"}},
{"type":"Feature","geometry":{"type":"Polygon","coordinates":[[[89.14229,26.36449],[89.14212,26.36269],[89.14972,26.35399],[89.15262,26.35266],[89.15439,26.35412],[89.15384,26.35736],[89.1518,26.35919],[89.15455,26.3648],[89.16037,26.36469],[89.15679,26.36703],[89.15681,26.37007],[89.15985,26.37057],[89.16223,26.3756],[89.15883,26.37571],[89.1575,26.37738],[89.15009,26.37758],[89.14886,26.3758],[89.14152,26.3765],[89.13958,26.37815],[89.13796,26.37487],[89.13866,26.37004],[89.14229,26.36449]]]},"properties":{"District":"Koch Bihar","Dist_LGD":"329","Sub_dist":"Mathabhanga - I","Subdis_LGD":"2181","Subdis_Typ":"Cd_Block","Vill_name":"Kanpata","Vill_Cat":"Rural","Vill_LGD":"307936","arr_project":"asha1,asha2"}},
{"type":"Feature","geometry":{"type":"Polygon","coordinates":[[[89.15439,26.35412],[89.15667,26.35109],[89.15724,26.34809],[89.15925,26.34849],[89.16185,26.35133],[89.16087,26.3558],[89.16358,26.35793],[89.16227,26.36305],[89.16037,26.36469],[89.15455,26.3648],[89.1518,26.35919],[89.15384,26.35736],[89.15439,26.35412]]]},"properties":{"District":"Koch Bihar","Dist_LGD":"329","Sub_dist":"Mathabhanga - I","Subdis_LGD":"2181","Subdis_Typ":"Cd_Block","Vill_name":"Nabiner Dola","Vill_Cat":"Rural","Vill_LGD":"307937","arr_project":"asha1,asha2"}},
{"type":"Feature","geometry":{"type":"Polygon","coordinates":[[[89.25187,26.27256],[89.24705,26.26939],[89.24512,26.26446],[89.24843,26.26589],[89.25219,26.26507],[89.25345,26.259],[89.25803,26.25913],[89.25965,26.26011],[89.25904,26.26669],[89.25628,26.26792],[89.25989,26.27082],[89.25955,26.27296],[89.25696,26.27379],[89.25469,26.27013],[89.25199,26.27011],[89.25187,26.27256]]]},"properties":{"District":"Koch Bihar","Dist_LGD":"329","Sub_dist":"Mathabhanga - I","Subdis_LGD":"2181","Subdis_Typ":"Cd_Block","Vill_name":"Panaguri","Vill_Cat":"Rural","Vill_LGD":"307970","arr_project":"asha1,asha2"}},
{"type":"Feature","geometry":{"type":"Polygon","coordinates":[[[89.26853,26.26984],[89.26744,26.2729],[89.27278,26.27962],[89.27417,26.2834],[89.27689,26.28471],[89.2739,26.28876],[89.27054,26.28779],[89.26364,26.28389],[89.26015,26.28261],[89.25854,26.28527],[89.25666,26.28272],[89.25765,26.27946],[89.25759,26.27795],[89.2519,26.27648],[89.25185,26.27522],[89.25187,26.27256],[89.25199,26.27011],[89.25469,26.27013],[89.25696,26.27379],[89.25955,26.27296],[89.25989,26.27082],[89.25628,26.26792],[89.25904,26.26669],[89.26336,26.2677],[89.26462,26.27132],[89.26853,26.26984]]]},"properties":{"District":"Koch Bihar","Dist_LGD":"329","Sub_dist":"Mathabhanga - Ii","Subdis_LGD":"2182","Subdis_Typ":"Cd_Block","Vill_name":"Kodaldhoa","Vill_Cat":"Rural","Vill_LGD":"307999","arr_project":"asha1,asha2"}},
{"type":"Feature","geometry":{"type":"Polygon","coordinates":[[[89.24799,26.27735],[89.24949,26.27532],[89.25185,26.27522],[89.2519,26.27648],[89.25759,26.27795],[89.25765,26.27946],[89.25446,26.28191],[89.24953,26.28127],[89.24799,26.27735]]]},"properties":{"District":"Koch Bihar","Dist_LGD":"329","Sub_dist":"Mathabhanga - I","Subdis_LGD":"2181","Subdis_Typ":"Cd_Block","Vill_name":"Bhurunga Mari","Vill_Cat":"Rural","Vill_LGD":"307969","arr_project":"asha1,asha2"}},
{"type":"Feature","geometry":{"type":"Polygon","coordinates":[[[89.27177,26.29775],[89.25872,26.29784],[89.2564,26.29994],[89.25506,26.2972],[89.24828,26.29893],[89.24823,26.29139],[89.24696,26.29111],[89.24665,26.28702],[89.24646,26.28577],[89.25444,26.28604],[89.25446,26.28191],[89.25765,26.27946],[89.25666,26.28272],[89.25854,26.28527],[89.26015,26.28261],[89.26364,26.28389],[89.27054,26.28779],[89.2739,26.28876],[89.27166,26.29194],[89.27177,26.29775]]]},"properties":{"District":"Koch Bihar","Dist_LGD":"329","Sub_dist":"Mathabhanga - Ii","Subdis_LGD":"2182","Subdis_Typ":"Cd_Block","Vill_name":"Bara Chakiarchhara","Vill_Cat":"Rural","Vill_LGD":"307998","arr_project":"asha1,asha2"}},
{"type":"Feature","geometry":{"type":"Polygon","coordinates":[[[89.23051,26.28935],[89.23087,26.28784],[89.23431,26.28775],[89.23498,26.28372],[89.2407,26.28713],[89.24665,26.28702],[89.24696,26.29111],[89.24823,26.29139],[89.24828,26.29893],[89.24823,26.30107],[89.24367,26.30323],[89.24077,26.30324],[89.23908,26.30643],[89.23529,26.30433],[89.23531,26.30126],[89.23298,26.29889],[89.23458,26.29753],[89.23783,26.29723],[89.23788,26.2942],[89.23638,26.29214],[89.23268,26.2929],[89.23051,26.28935]]]},"properties":{"District":"Koch Bihar","Dist_LGD":"329","Sub_dist":"Mathabhanga - I","Subdis_LGD":"2181","Subdis_Typ":"Cd_Block","Vill_name":"Chhat Jorpatki","Vill_Cat":"Rural","Vill_LGD":"307965","arr_project":"asha1,asha2"}},
{"type":"Feature","geometry":{"type":"Polygon","coordinates":[[[89.21303,26.30061],[89.21648,26.29679],[89.22206,26.29602],[89.22331,26.29391],[89.22604,26.29597],[89.23298,26.29889],[89.23531,26.30126],[89.23529,26.30433],[89.23171,26.30635],[89.2293,26.30618],[89.226,26.30435],[89.22292,26.30709],[89.21552,26.30693],[89.21464,26.30484],[89.21303,26.30061]]]},"properties":{"District":"Koch Bihar","Dist_LGD":"329","Sub_dist":"Mathabhanga - I","Subdis_LGD":"2181","Subdis_Typ":"Cd_Block","Vill_name":"Bhurkuldanga","Vill_Cat":"Rural","Vill_LGD":"307956","arr_project":"asha1,asha2"}},
{"type":"Feature","geometry":{"type":"Polygon","coordinates":[[[89.23209,26.31599],[89.22883,26.31304],[89.22338,26.31273],[89.22142,26.31594],[89.22228,26.31816],[89.22143,26.32058],[89.219,26.32252],[89.2156,26.32229],[89.21169,26.32389],[89.20993,26.32115],[89.20628,26.32191],[89.20574,26.31831],[89.2015,26.31874],[89.20633,26.31381],[89.20931,26.31252],[89.20869,26.30744],[89.21464,26.30484],[89.21552,26.30693],[89.22292,26.30709],[89.226,26.30435],[89.2293,26.30618],[89.23171,26.30635],[89.23398,26.30832],[89.23472,26.3132],[89.23209,26.31599]]]},"properties":{"District":"Koch Bihar","Dist_LGD":"329","Sub_dist":"Mathabhanga - I","Subdis_LGD":"2181","Subdis_Typ":"Cd_Block","Vill_name":"Baisguri","Vill_Cat":"Rural","Vill_LGD":"307957","arr_project":"asha1,asha2"}},
{"type":"Feature","geometry":{"type":"Polygon","coordinates":[[[89.23171,26.30635],[89.23529,26.30433],[89.23908,26.30643],[89.24046,26.3114],[89.2421,26.31047],[89.24702,26.31299],[89.2499,26.31205],[89.25316,26.31559],[89.25145,26.31819],[89.24337,26.32129],[89.24113,26.31986],[89.23762,26.31981],[89.23485,26.32165],[89.23526,26.32514],[89.23046,26.32468],[89.23209,26.31599],[89.23472,26.3132],[89.23398,26.30832],[89.23171,26.30635]]]},"properties":{"District":"Koch Bihar","Dist_LGD":"329","Sub_dist":"Mathabhanga - I","Subdis_LGD":"2181","Subdis_Typ":"Cd_Block","Vill_name":"Tekonia","Vill_Cat":"Rural","Vill_LGD":"307964","arr_project":"asha1,asha2"}},
{"type":"Feature","geometry":{"type":"Polygon","coordinates":[[[89.25586,26.32864],[89.24875,26.33181],[89.24513,26.3323],[89.24309,26.32795],[89.24006,26.33001],[89.24024,26.32579],[89.24337,26.32129],[89.25145,26.31819],[89.25316,26.31559],[89.2499,26.31205],[89.24702,26.31299],[89.2421,26.31047],[89.24046,26.3114],[89.23908,26.30643],[89.24077,26.30324],[89.24367,26.30323],[89.24823,26.30107],[89.24828,26.29893],[89.25506,26.2972],[89.2564,26.29994],[89.25872,26.29784],[89.27177,26.29775],[89.27189,26.30148],[89.26715,26.30337],[89.26732,26.30632],[89.26524,26.31409],[89.2606,26.31982],[89.25804,26.32249],[89.2536,26.32271],[89.25218,26.32497],[89.25317,26.32801],[89.25586,26.32864]]]},"properties":{"District":"Koch Bihar","Dist_LGD":"329","Sub_dist":"Mathabhanga - Ii","Subdis_LGD":"2182","Subdis_Typ":"Cd_Block","Vill_name":"Bhojaner Chhara","Vill_Cat":"Rural","Vill_LGD":"307997","arr_project":"asha1,asha2"}},
{"type":"Feature","geometry":{"type":"Polygon","coordinates":[[[89.33285,26.37924],[89.33398,26.38422],[89.34007,26.39154],[89.34113,26.39645],[89.33844,26.39958],[89.33353,26.40044],[89.33133,26.39887],[89.32693,26.39634],[89.32073,26.39331],[89.32056,26.38818],[89.32272,26.38823],[89.32283,26.38524],[89.32019,26.37845],[89.32216,26.37386],[89.32253,26.36881],[89.32655,26.36776],[89.3271,26.36503],[89.33167,26.3639],[89.33149,26.36625],[89.33588,26.36534],[89.33316,26.37411],[89.33285,26.37924]]]},"properties":{"District":"Koch Bihar","Dist_LGD":"329","Sub_dist":"Mathabhanga - Ii","Subdis_LGD":"2182","Subdis_Typ":"Cd_Block","Vill_name":"Shalmara Dwitiya Khanda","Vill_Cat":"Rural","Vill_LGD":"308049","arr_project":"asha1,asha2"}},
{"type":"Feature","geometry":{"type":"Polygon","coordinates":[[[89.31098,26.31313],[89.3105,26.317],[89.30731,26.31793],[89.30388,26.31753],[89.30089,26.31568],[89.30123,26.31477],[89.303,26.31484],[89.30644,26.31274],[89.3039,26.31028],[89.3058,26.30796],[89.30519,26.3042],[89.3019,26.30164],[89.30119,26.29735],[89.30297,26.29685],[89.30432,26.29124],[89.30275,26.28786],[89.3045,26.28684],[89.30888,26.28756],[89.30914,26.2909],[89.30722,26.29208],[89.30873,26.2954],[89.311,26.29678],[89.31643,26.29537],[89.31838,26.2985],[89.31787,26.30284],[89.31144,26.30487],[89.3103,26.30719],[89.31064,26.31172],[89.31098,26.31313]]]},"properties":{"District":"Koch Bihar","Dist_LGD":"329","Sub_dist":"Mathabhanga - Ii","Subdis_LGD":"2182","Subdis_Typ":"Cd_Block","Vill_name":"Purba Nalangibari","Vill_Cat":"Rural","Vill_LGD":"307989","arr_project":"asha1,asha2"}},
{"type":"Feature","geometry":{"type":"Polygon","coordinates":[[[89.32085,26.30339],[89.32235,26.30496],[89.32111,26.30795],[89.32104,26.31161],[89.31728,26.31141],[89.31232,26.31221],[89.31064,26.31172],[89.3103,26.30719],[89.31144,26.30487],[89.31787,26.30284],[89.32085,26.30339]]]},"properties":{"District":"Koch Bihar","Dist_LGD":"329","Sub_dist":"Mathabhanga - Ii","Subdis_LGD":"2182","Subdis_Typ":"Cd_Block","Vill_name":"Khokobari","Vill_Cat":"Rural","Vill_LGD":"307987","arr_project":"asha1,asha2"}},
{"type":"Feature","geometry":{"type":"Polygon","coordinates":[[[89.30123,26.31477],[89.30188,26.31158],[89.3039,26.31028],[89.30644,26.31274],[89.303,26.31484],[89.30123,26.31477]]]},"properties":{"District":"Koch Bihar","Dist_LGD":"329","Sub_dist":"Mathabhanga - Ii","Subdis_LGD":"2182","Subdis_Typ":"Cd_Block","Vill_name":"Chhat Dumniguri","Vill_Cat":"Rural","Vill_LGD":"307988","arr_project":"asha1,asha2"}},
{"type":"Feature","geometry":{"type":"Polygon","coordinates":[[[89.30089,26.31568],[89.29699,26.3169],[89.29625,26.31505],[89.29339,26.3135],[89.29044,26.31363],[89.2858,26.30821],[89.28188,26.30636],[89.28293,26.30319],[89.2878,26.30214],[89.29292,26.30645],[89.2964,26.30656],[89.29775,26.30961],[89.30046,26.30703],[89.30222,26.30348],[89.3019,26.30164],[89.30519,26.3042],[89.3058,26.30796],[89.3039,26.31028],[89.30188,26.31158],[89.30123,26.31477],[89.30089,26.31568]]]},"properties":{"District":"Koch Bihar","Dist_LGD":"329","Sub_dist":"Mathabhanga - Ii","Subdis_LGD":"2182","Subdis_Typ":"Cd_Block","Vill_name":"Chakiar Chhara","Vill_Cat":"Rural","Vill_LGD":"307990","arr_project":"asha1,asha2"}},
{"type":"Feature","geometry":{"type":"Polygon","coordinates":[[[89.2606,26.31982],[89.26524,26.31409],[89.26854,26.31728],[89.26689,26.32094],[89.26681,26.32367],[89.26185,26.32224],[89.2606,26.31982]]]},"properties":{"District":"Koch Bihar","Dist_LGD":"329","Sub_dist":"Mathabhanga - Ii","Subdis_LGD":"2182","Subdis_Typ":"Cd_Block","Vill_name":"Purba Bhojaner Chhara","Vill_Cat":"Rural","Vill_LGD":"307993","arr_project":"asha1,asha2"}},
{"type":"Feature","geometry":{"type":"Polygon","coordinates":[[[89.25586,26.32864],[89.25317,26.32801],[89.25218,26.32497],[89.2536,26.32271],[89.25804,26.32249],[89.2606,26.31982],[89.26185,26.32224],[89.26681,26.32367],[89.26652,26.3293],[89.26721,26.33073],[89.26598,26.33263],[89.26114,26.33444],[89.25819,26.3299],[89.25586,26.32864]]]},"properties":{"District":"Koch Bihar","Dist_LGD":"329","Sub_dist":"Mathabhanga - Ii","Subdis_LGD":"2182","Subdis_Typ":"Cd_Block","Vill_name":"Bherbheri","Vill_Cat":"Rural","Vill_LGD":"307994","arr_project":"asha1,asha2"}},
{"type":"Feature","geometry":{"type":"Polygon","coordinates":[[[89.27498,26.33056],[89.26721,26.33073],[89.26652,26.3293],[89.26681,26.32367],[89.26689,26.32094],[89.26854,26.31728],[89.27249,26.31612],[89.27411,26.31163],[89.27417,26.30728],[89.28126,26.30808],[89.28188,26.30636],[89.2858,26.30821],[89.29044,26.31363],[89.28881,26.31554],[89.29011,26.31893],[89.29,26.3216],[89.28371,26.32428],[89.27728,26.32781],[89.27498,26.33056]]]},"properties":{"District":"Koch Bihar","Dist_LGD":"329","Sub_dist":"Mathabhanga - Ii","Subdis_LGD":"2182","Subdis_Typ":"Cd_Block","Vill_name":"Sitkibari","Vill_Cat":"Rural","Vill_LGD":"307991","arr_project":"asha1,asha2"}},
{"type":"Feature","geometry":{"type":"Polygon","coordinates":[[[89.22169,26.33897],[89.2259,26.33687],[89.22584,26.33463],[89.23441,26.33441],[89.23537,26.33203],[89.23807,26.33289],[89.24006,26.33001],[89.24309,26.32795],[89.24513,26.3323],[89.24311,26.33499],[89.24461,26.33909],[89.24642,26.34168],[89.25099,26.35128],[89.25076,26.35431],[89.24904,26.35837],[89.24457,26.36151],[89.23524,26.36238],[89.23268,26.36083],[89.23187,26.35962],[89.23233,26.35193],[89.22922,26.34833],[89.22598,26.34915],[89.22294,26.34665],[89.22369,26.34417],[89.22122,26.34125],[89.22169,26.33897]]]},"properties":{"District":"Koch Bihar","Dist_LGD":"329","Sub_dist":"Mathabhanga - Ii","Subdis_LGD":"2182","Subdis_Typ":"Cd_Block","Vill_name":"Baraibari","Vill_Cat":"Rural","Vill_LGD":"307996","arr_project":"asha1,asha2"}},
{"type":"Feature","geometry":{"type":"Polygon","coordinates":[[[89.21485,26.33181],[89.21418,26.3283],[89.21133,26.32859],[89.21169,26.32389],[89.2156,26.32229],[89.219,26.32252],[89.22143,26.32058],[89.22228,26.31816],[89.22142,26.31594],[89.22338,26.31273],[89.22883,26.31304],[89.23209,26.31599],[89.23046,26.32468],[89.23526,26.32514],[89.23485,26.32165],[89.23762,26.31981],[89.24113,26.31986],[89.24337,26.32129],[89.24024,26.32579],[89.24006,26.33001],[89.23807,26.33289],[89.23537,26.33203],[89.23441,26.33441],[89.22584,26.33463],[89.22498,26.33351],[89.22037,26.33228],[89.21485,26.33181]]]},"properties":{"District":"Koch Bihar","Dist_LGD":"329","Sub_dist":"Mathabhanga - I","Subdis_LGD":"2181","Subdis_Typ":"Cd_Block","Vill_name":"Bherbheri Manabari","Vill_Cat":"Rural","Vill_LGD":"307963","arr_project":"asha1,asha2"}},
{"type":"Feature","geometry":{"type":"Polygon","coordinates":[[[89.34536,26.35556],[89.33796,26.36103],[89.33588,26.36534],[89.33149,26.36625],[89.33167,26.3639],[89.3271,26.36503],[89.32558,26.3625],[89.32765,26.36143],[89.32785,26.3544],[89.32993,26.35245],[89.33372,26.35072],[89.3341,26.34842],[89.33614,26.34097],[89.33784,26.33647],[89.34049,26.33508],[89.34145,26.33788],[89.34487,26.339],[89.35168,26.34381],[89.35187,26.34592],[89.34763,26.35307],[89.34536,26.35556]]]},"properties":{"District":"Koch Bihar","Dist_LGD":"329","Sub_dist":"Mathabhanga - Ii","Subdis_LGD":"2182","Subdis_Typ":"Cd_Block","Vill_name":"Atharokotha Kalpani","Vill_Cat":"Rural","Vill_LGD":"308066","arr_project":"asha1,asha2"}},
{"type":"Feature","geometry":{"type":"Polygon","coordinates":[[[89.19287,26.2991],[89.19398,26.29642],[89.20094,26.29443],[89.2052,26.29165],[89.20638,26.29772],[89.20949,26.29783],[89.21068,26.30041],[89.21303,26.30061],[89.21464,26.30484],[89.20869,26.30744],[89.20931,26.31252],[89.20633,26.31381],[89.2015,26.31874],[89.19914,26.31832],[89.19732,26.31606],[89.19586,26.32005],[89.19415,26.31893],[89.19132,26.31958],[89.19179,26.31578],[89.18984,26.31273],[89.1879,26.31244],[89.18799,26.30748],[89.1838,26.30743],[89.18171,26.3024],[89.18249,26.30051],[89.1874,26.29792],[89.18789,26.3019],[89.19226,26.30283],[89.19287,26.2991]]]},"properties":{"District":"Koch Bihar","Dist_LGD":"329","Sub_dist":"Mathabhanga - I","Subdis_LGD":"2181","Subdis_Typ":"Cd_Block","Vill_name":"Kauardara","Vill_Cat":"Rural","Vill_LGD":"307952","arr_project":"asha1,asha2"}},
{"type":"Feature","geometry":{"type":"Polygon","coordinates":[[[89.27417,26.30728],[89.27411,26.31163],[89.27249,26.31612],[89.26854,26.31728],[89.26524,26.31409],[89.26732,26.30632],[89.26715,26.30337],[89.27189,26.30148],[89.2721,26.30448],[89.27417,26.30728]]]},"properties":{"District":"Koch Bihar","Dist_LGD":"329","Sub_dist":"Mathabhanga - Ii","Subdis_LGD":"2182","Subdis_Typ":"Cd_Block","Vill_name":"Brahmottar Sonatali","Vill_Cat":"Rural","Vill_LGD":"307992","arr_project":"asha1,asha2"}},
{"type":"Feature","geometry":{"type":"Polygon","coordinates":[[[89.18733,26.28646],[89.18917,26.28202],[89.18674,26.27983],[89.1911,26.28167],[89.19316,26.28046],[89.19926,26.28096],[89.19862,26.2838],[89.1949,26.28366],[89.19573,26.29019],[89.19449,26.29374],[89.19207,26.29568],[89.19287,26.2991],[89.19226,26.30283],[89.18789,26.3019],[89.1874,26.29792],[89.18945,26.2948],[89.19107,26.28814],[89.18733,26.28646]]]},"properties":{"District":"Koch Bihar","Dist_LGD":"329","Sub_dist":"Mathabhanga - I","Subdis_LGD":"2181","Subdis_Typ":"Cd_Block","Vill_name":"Chandamari","Vill_Cat":"Rural","Vill_LGD":"307953","arr_project":"asha1,asha2"}},
{"type":"Feature","geometry":{"type":"Polygon","coordinates":[[[89.16951,26.30295],[89.16616,26.30442],[89.16502,26.3011],[89.15858,26.29867],[89.15333,26.3006],[89.15096,26.29932],[89.15069,26.29597],[89.15988,26.29491],[89.15935,26.29199],[89.16406,26.29143],[89.16799,26.29346],[89.17054,26.29335],[89.17038,26.29881],[89.17212,26.3013],[89.16951,26.30295]]]},"properties":{"District":"Koch Bihar","Dist_LGD":"329","Sub_dist":"Mathabhanga - I","Subdis_LGD":"2181","Subdis_Typ":"Cd_Block","Vill_name":"Abas Ratanpur","Vill_Cat":"Rural","Vill_LGD":"307949","arr_project":"asha1,asha2"}},
{"type":"Feature","geometry":{"type":"Polygon","coordinates":[[[89.11208,26.3435],[89.11087,26.34801],[89.10655,26.34744],[89.10564,26.3459],[89.1006,26.34595],[89.09806,26.3452],[89.0987,26.34181],[89.10108,26.33709],[89.10282,26.33351],[89.10531,26.33622],[89.11242,26.33918],[89.11208,26.3435]]]},"properties":{"District":"Koch Bihar","Dist_LGD":"329","Sub_dist":"Mathabhanga - I","Subdis_LGD":"2181","Subdis_Typ":"Cd_Block","Vill_name":"Balarhat","Vill_Cat":"Rural","Vill_LGD":"307928","arr_project":"asha1,asha2"}},
{"type":"Feature","geometry":{"type":"Polygon","coordinates":[[[88.92083,26.47055],[88.9174,26.47044],[88.91282,26.47211],[88.91171,26.46672],[88.91573,26.4664],[88.91863,26.4666],[88.92083,26.47055]]]},"properties":{"District":"Koch Bihar","Dist_LGD":"329","Sub_dist":"Mekliganj","Subdis_LGD":"2180","Subdis_Typ":"Cd_Block","Vill_name":"Chhota Kamat Changrabandha","Vill_Cat":"Rural","Vill_LGD":"307798","arr_project":"asha1,asha2"}},
{"type":"Feature","geometry":{"type":"Polygon","coordinates":[[[88.91282,26.47211],[88.90839,26.47684],[88.90448,26.47651],[88.9036,26.47388],[88.90571,26.4714],[88.90731,26.46962],[88.91018,26.46942],[88.91029,26.4657],[88.91171,26.46672],[88.91282,26.47211]]]},"properties":{"District":"Koch Bihar","Dist_LGD":"329","Sub_dist":"Mekliganj","Subdis_LGD":"2180","Subdis_Typ":"Cd_Block","Vill_name":"Chhoto Panishala","Vill_Cat":"Rural","Vill_LGD":"307799","arr_project":"asha1,asha2"}},
{"type":"Feature","geometry":{"type":"Polygon","coordinates":[[[89.67563,26.32213],[89.67195,26.3241],[89.67179,26.32835],[89.66687,26.32927],[89.66428,26.32846],[89.66436,26.32524],[89.66147,26.32153],[89.65795,26.32118],[89.65146,26.3216],[89.64857,26.32004],[89.64563,26.32195],[89.64032,26.32292],[89.63951,26.32162],[89.63923,26.31717],[89.63687,26.30869],[89.64236,26.3075],[89.6419,26.30535],[89.64599,26.30588],[89.64824,26.30777],[89.65002,26.30588],[89.65292,26.30587],[89.65686,26.30462],[89.66075,26.30562],[89.66108,26.30811],[89.66825,26.30607],[89.67154,26.3073],[89.67463,26.30643],[89.67486,26.30864],[89.67214,26.30921],[89.6709,26.31338],[89.67409,26.31757],[89.67563,26.32213]]]},"properties":{"District":"Koch Bihar","Dist_LGD":"329","Sub_dist":"Tufanganj - I","Subdis_LGD":"2185","Subdis_Typ":"Cd_Block","Vill_name":"Tufanganj (M)","Vill_Cat":"Fully_Urban","Vill_LGD":"801647","arr_project":"asha1,asha2"}},
{"type":"Feature","geometry":{"type":"Polygon","coordinates":[[[89.46784,26.14433],[89.46734,26.13183],[89.47038,26.13216],[89.47148,26.13363],[89.47653,26.13587],[89.47566,26.13309],[89.47369,26.1331],[89.46972,26.12975],[89.47285,26.12614],[89.47837,26.12663],[89.48162,26.12783],[89.48276,26.1305],[89.47969,26.13075],[89.47695,26.13354],[89.47893,26.13694],[89.48147,26.13728],[89.47808,26.13913],[89.47872,26.14129],[89.47139,26.14344],[89.46784,26.14433]]]},"properties":{"District":"Koch Bihar","Dist_LGD":"329","Sub_dist":"Dinhata - I","Subdis_LGD":"2187","Subdis_Typ":"Cd_Block","Vill_name":"Dinhata (P)","Vill_Cat":"Rural","Vill_LGD":"308531","arr_project":"asha1,asha2"}},
{"type":"Feature","geometry":{"type":"Polygon","coordinates":[[[88.92964,26.46501],[88.92609,26.46764],[88.92143,26.46453],[88.91712,26.46407],[88.91573,26.4664],[88.91171,26.46672],[88.91029,26.4657],[88.91031,26.46511],[88.91261,26.46441],[88.91269,26.46172],[88.91698,26.46103],[88.9231,26.46063],[88.92701,26.45753],[88.92693,26.46075],[88.92945,26.4629],[88.92964,26.46501]]]},"properties":{"District":"Koch Bihar","Dist_LGD":"329","Sub_dist":"Mekliganj","Subdis_LGD":"2180","Subdis_Typ":"Cd_Block","Vill_name":"Kharija Panisala","Vill_Cat":"Rural","Vill_LGD":"307801","arr_project":"asha1,asha2"}},
{"type":"Feature","geometry":{"type":"Polygon","coordinates":[[[88.86211,26.39364],[88.85864,26.39301],[88.85611,26.39413],[88.85989,26.38922],[88.85752,26.38785],[88.85463,26.38324],[88.86067,26.38436],[88.86342,26.384],[88.8601,26.38596],[88.86196,26.38788],[88.86063,26.38967],[88.8632,26.39157],[88.86211,26.39364]]]},"properties":{"District":"Koch Bihar","Dist_LGD":"329","Sub_dist":"Mekliganj","Subdis_LGD":"2180","Subdis_Typ":"Cd_Block","Vill_name":"Daribas","Vill_Cat":"Rural","Vill_LGD":"307820","arr_project":"asha1,asha2"}},
{"type":"Feature","geometry":{"type":"Polygon","coordinates":[[[89.00994,26.43043],[89.00923,26.43299],[89.00258,26.43499],[89.00131,26.43413],[88.99849,26.43274],[88.99159,26.43319],[88.99037,26.42873],[88.99252,26.42642],[88.99598,26.42655],[88.99747,26.42965],[89.00124,26.42934],[89.0035,26.42798],[89.00668,26.42796],[89.00994,26.43043]]]},"properties":{"District":"Koch Bihar","Dist_LGD":"329","Sub_dist":"Mekliganj","Subdis_LGD":"2180","Subdis_Typ":"Cd_Block","Vill_name":"Mokarari Jamaldaha","Vill_Cat":"Rural","Vill_LGD":"307782","arr_project":"asha1,asha2"}},
{"type":"Feature","geometry":{"type":"Polygon","coordinates":[[[88.99738,26.43622],[88.99755,26.43415],[89.00131,26.43413],[89.00258,26.43499],[89.00923,26.43299],[89.00994,26.43043],[89.01175,26.4293],[89.01491,26.42935],[89.01593,26.4268],[89.0222,26.42537],[89.02421,26.42702],[89.02363,26.43054],[89.01931,26.4338],[89.01714,26.43378],[89.01601,26.4371],[89.00889,26.43838],[89.00731,26.43994],[89.00177,26.43889],[89.0004,26.43775],[88.99738,26.43622]]]},"properties":{"District":"Koch Bihar","Dist_LGD":"329","Sub_dist":"Mekliganj","Subdis_LGD":"2180","Subdis_Typ":"Cd_Block","Vill_name":"Uttar Dwarikamari","Vill_Cat":"Rural","Vill_LGD":"307774","arr_project":"asha1,asha2"}},
{"type":"Feature","geometry":{"type":"Polygon","coordinates":[[[89.00752,26.42475],[89.01104,26.424],[89.01202,26.42547],[89.01175,26.4293],[89.00994,26.43043],[89.00668,26.42796],[89.00752,26.42475]]]},"properties":{"District":"Koch Bihar","Dist_LGD":"329","Sub_dist":"Mekliganj","Subdis_LGD":"2180","Subdis_Typ":"Cd_Block","Vill_name":"Buraburi Dewanabas","Vill_Cat":"Rural","Vill_LGD":"307784","arr_project":"asha1,asha2"}},
{"type":"Feature","geometry":{"type":"Polygon","coordinates":[[[89.02963,26.40623],[89.03127,26.40388],[89.03166,26.39957],[89.03425,26.39948],[89.03344,26.39546],[89.03734,26.39519],[89.03772,26.39969],[89.04073,26.40023],[89.0482,26.39947],[89.04847,26.40279],[89.04656,26.40434],[89.04718,26.40913],[89.04588,26.41283],[89.047,26.41386],[89.04663,26.41736],[89.04839,26.42075],[89.03918,26.42071],[89.03644,26.42163],[89.03481,26.42637],[89.03102,26.42697],[89.02421,26.42702],[89.0222,26.42537],[89.01593,26.4268],[89.01491,26.42935],[89.01175,26.4293],[89.01202,26.42547],[89.01456,26.42462],[89.0135,26.42113],[89.01428,26.41941],[89.01759,26.41749],[89.01834,26.41489],[89.02167,26.41411],[89.02328,26.41212],[89.02998,26.41162],[89.03386,26.40759],[89.02963,26.40623]],[[89.04351,26.40965],[89.04597,26.4083],[89.04506,26.40552],[89.04226,26.40587],[89.04118,26.40897],[89.04351,26.40965]]]},"properties":{"District":"Koch Bihar","Dist_LGD":"329","Sub_dist":"Mekliganj","Subdis_LGD":"2180","Subdis_Typ":"Cd_Block","Vill_name":"Dwarikamari Khasbas","Vill_Cat":"Rural","Vill_LGD":"307786","arr_project":"asha1,asha2"}},
{"type":"Feature","geometry":{"type":"Polygon","coordinates":[[[88.99612,26.51197],[88.9971,26.50864],[88.99871,26.50886],[89.00271,26.50995],[89.00329,26.51151],[89.00183,26.5143],[88.999,26.5147],[88.99612,26.51197]]]},"properties":{"District":"Koch Bihar","Dist_LGD":"329","Sub_dist":"Mekliganj","Subdis_LGD":"2180","Subdis_Typ":"Cd_Block","Vill_name":"Uttar Uchal Pukhari","Vill_Cat":"Rural","Vill_LGD":"307738","arr_project":"asha1,asha2"}},
{"type":"Feature","geometry":{"type":"Polygon","coordinates":[[[89.01023,26.503],[89.01277,26.50763],[89.01011,26.50887],[89.00849,26.50841],[89.00823,26.50659],[89.00541,26.50604],[89.00694,26.50304],[89.01023,26.503]]]},"properties":{"District":"Koch Bihar","Dist_LGD":"329","Sub_dist":"Mekliganj","Subdis_LGD":"2180","Subdis_Typ":"Cd_Block","Vill_name":"Purba Uchal Pukhari","Vill_Cat":"Rural","Vill_LGD":"307736","arr_project":"asha1,asha2"}},
{"type":"Feature","geometry":{"type":"Polygon","coordinates":[[[88.99455,26.49992],[88.99533,26.50279],[88.99068,26.50324],[88.98915,26.50995],[88.98651,26.50545],[88.98888,26.5044],[88.98746,26.49948],[88.98926,26.49713],[88.98896,26.49218],[88.99031,26.48987],[88.9942,26.49184],[88.99539,26.49591],[88.99455,26.49992]]]},"properties":{"District":"Koch Bihar","Dist_LGD":"329","Sub_dist":"Mekliganj","Subdis_LGD":"2180","Subdis_Typ":"Cd_Block","Vill_name":"Dakshin Dhulia Baldiahati","Vill_Cat":"Rural","Vill_LGD":"307740","arr_project":"asha1,asha2"}},
{"type":"Feature","geometry":{"type":"Polygon","coordinates":[[[88.96977,26.27776],[88.97129,26.27389],[88.97631,26.27144],[88.97959,26.27064],[88.9854,26.26741],[88.99245,26.26862],[88.9922,26.27124],[88.98762,26.27433],[88.9905,26.27643],[88.99173,26.27383],[88.99608,26.27386],[88.99724,26.27155],[89.00111,26.27029],[89.00536,26.271],[89.00293,26.27464],[89.00078,26.27531],[88.99929,26.27838],[88.99482,26.27885],[88.99318,26.28086],[88.9903,26.28096],[88.98728,26.27877],[88.98035,26.28005],[88.97753,26.28293],[88.97494,26.28357],[88.97285,26.27818],[88.96977,26.27776]]]},"properties":{"District":"Koch Bihar","Dist_LGD":"329","Sub_dist":"Mekliganj","Subdis_LGD":"2180","Subdis_Typ":"Cd_Block","Vill_name":"Uttar Andaran Kuchlibari","Vill_Cat":"Rural","Vill_LGD":"307701","arr_project":"asha1,asha2"}},
{"type":"Feature","geometry":{"type":"Polygon","coordinates":[[[89.03717,26.28316],[89.03168,26.28557],[89.02721,26.28296],[89.02558,26.27888],[89.01746,26.27883],[89.01647,26.27742],[89.02672,26.27292],[89.03061,26.27184],[89.03202,26.27735],[89.03252,26.28022],[89.03454,26.28236],[89.03717,26.28316]]]},"properties":{"District":"Koch Bihar","Dist_LGD":"329","Sub_dist":"Mekliganj","Subdis_LGD":"2180","Subdis_Typ":"Cd_Block","Vill_name":"Bara Kuchlibari","Vill_Cat":"Rural","Vill_LGD":"307724","arr_project":"asha1,asha2"}},
{"type":"Feature","geometry":{"type":"Polygon","coordinates":[[[89.01016,26.27841],[89.00233,26.27959],[88.99929,26.27838],[89.00078,26.27531],[89.00293,26.27464],[89.00536,26.271],[89.01012,26.27102],[89.01251,26.26933],[89.01345,26.27229],[89.01693,26.27429],[89.02181,26.27071],[89.02672,26.27292],[89.01647,26.27742],[89.01016,26.27841]]]},"properties":{"District":"Koch Bihar","Dist_LGD":"329","Sub_dist":"Mekliganj","Subdis_LGD":"2180","Subdis_Typ":"Cd_Block","Vill_name":"Jamaldaha Balapukari","Vill_Cat":"Rural","Vill_LGD":"307719","arr_project":"asha1,asha2"}},
{"type":"Feature","geometry":{"type":"Polygon","coordinates":[[[88.9745,26.48839],[88.97628,26.4888],[88.97856,26.4937],[88.97876,26.4973],[88.9757,26.49731],[88.97446,26.48843],[88.9745,26.48839]]]},"properties":{"District":"Koch Bihar","Dist_LGD":"329","Sub_dist":"Mekliganj","Subdis_LGD":"2180","Subdis_Typ":"Cd_Block","Vill_name":"Dhulia Khalisa","Vill_Cat":"Rural","Vill_LGD":"307748","arr_project":"asha1,asha2"}},
{"type":"Feature","geometry":{"type":"Polygon","coordinates":[[[88.96593,26.48797],[88.97022,26.48698],[88.9745,26.48839],[88.97446,26.48843],[88.96749,26.49006],[88.96586,26.48822],[88.96593,26.48797]]]},"properties":{"District":"Koch Bihar","Dist_LGD":"329","Sub_dist":"Mekliganj","Subdis_LGD":"2180","Subdis_Typ":"Cd_Block","Vill_name":"Paschim Dhulia Khalisa","Vill_Cat":"Rural","Vill_LGD":"307749","arr_project":"asha1,asha2"}},
{"type":"Feature","geometry":{"type":"Polygon","coordinates":[[[88.96005,26.48737],[88.9595,26.48953],[88.95301,26.48839],[88.94996,26.48595],[88.94915,26.4833],[88.94447,26.48372],[88.94476,26.47979],[88.95122,26.47894],[88.94886,26.4737],[88.94442,26.47477],[88.94064,26.47269],[88.93699,26.46551],[88.93486,26.46553],[88.93946,26.4626],[88.94034,26.46003],[88.94318,26.45681],[88.94552,26.45722],[88.94805,26.4593],[88.94957,26.46167],[88.95546,26.46464],[88.95998,26.46532],[88.96215,26.46655],[88.96164,26.46907],[88.95554,26.4697],[88.95593,26.47381],[88.95952,26.47824],[88.95985,26.48012],[88.95937,26.48537],[88.96005,26.48737]]]},"properties":{"District":"Koch Bihar","Dist_LGD":"329","Sub_dist":"Mekliganj","Subdis_LGD":"2180","Subdis_Typ":"Cd_Block","Vill_name":"Dakshin Bokna Bandha (Part)","Vill_Cat":"Rural","Vill_LGD":"307755","arr_project":"asha1,asha2"}},
{"type":"Feature","geometry":{"type":"Polygon","coordinates":[[[88.92609,26.46764],[88.92631,26.47068],[88.92083,26.47055],[88.91863,26.4666],[88.91573,26.4664],[88.91712,26.46407],[88.92143,26.46453],[88.92609,26.46764]]]},"properties":{"District":"Koch Bihar","Dist_LGD":"329","Sub_dist":"Mekliganj","Subdis_LGD":"2180","Subdis_Typ":"Cd_Block","Vill_name":"Uttar Panisala","Vill_Cat":"Rural","Vill_LGD":"307797","arr_project":"asha1,asha2"}},
{"type":"Feature","geometry":{"type":"Polygon","coordinates":[[[88.85463,26.38324],[88.85761,26.38065],[88.86407,26.38249],[88.86342,26.384],[88.86067,26.38436],[88.85463,26.38324]]]},"properties":{"District":"Koch Bihar","Dist_LGD":"329","Sub_dist":"Mekliganj","Subdis_LGD":"2180","Subdis_Typ":"Cd_Block","Vill_name":"Daripattani","Vill_Cat":"Rural","Vill_LGD":"307821","arr_project":"asha1,asha2"}},
{"type":"Feature","geometry":{"type":"Polygon","coordinates":[[[88.86562,26.37315],[88.86489,26.37066],[88.87166,26.37125],[88.87635,26.37244],[88.87627,26.37581],[88.88058,26.37584],[88.88016,26.37918],[88.87472,26.37902],[88.87568,26.37612],[88.87368,26.37475],[88.86788,26.37487],[88.86842,26.37897],[88.8661,26.3838],[88.86342,26.384],[88.86407,26.38249],[88.86633,26.37459],[88.86562,26.37315]]]},"properties":{"District":"Koch Bihar","Dist_LGD":"329","Sub_dist":"Mekliganj","Subdis_LGD":"2180","Subdis_Typ":"Cd_Block","Vill_name":"Madhya Nijtaraf","Vill_Cat":"Rural","Vill_LGD":"307828","arr_project":"asha1,asha2"}},
{"type":"Feature","geometry":{"type":"Polygon","coordinates":[[[88.86562,26.37315],[88.8637,26.37051],[88.8651,26.36767],[88.86788,26.36742],[88.8715,26.36379],[88.87338,26.36281],[88.87659,26.36531],[88.8768,26.36762],[88.87166,26.37125],[88.86489,26.37066],[88.86562,26.37315]]]},"properties":{"District":"Koch Bihar","Dist_LGD":"329","Sub_dist":"Mekliganj","Subdis_LGD":"2180","Subdis_Typ":"Cd_Block","Vill_name":"Dakshin Daribas","Vill_Cat":"Rural","Vill_LGD":"307827","arr_project":"asha1,asha2"}},
{"type":"Feature","geometry":{"type":"Polygon","coordinates":[[[88.89202,26.36998],[88.88591,26.37082],[88.88735,26.36738],[88.89211,26.36736],[88.89202,26.36998]]]},"properties":{"District":"Koch Bihar","Dist_LGD":"329","Sub_dist":"Mekliganj","Subdis_LGD":"2180","Subdis_Typ":"Cd_Block","Vill_name":"Andaran Bhotbari","Vill_Cat":"Rural","Vill_LGD":"307829","arr_project":"asha1,asha2"}},
{"type":"Feature","geometry":{"type":"Polygon","coordinates":[[[88.85463,26.38324],[88.85752,26.38785],[88.85989,26.38922],[88.85611,26.39413],[88.85448,26.3936],[88.85248,26.39002],[88.85315,26.38642],[88.85049,26.38506],[88.84394,26.38452],[88.84078,26.3856],[88.83871,26.38494],[88.84379,26.38015],[88.84467,26.37766],[88.84773,26.37702],[88.85262,26.37657],[88.85378,26.37553],[88.84732,26.36948],[88.84963,26.3664],[88.85546,26.37028],[88.85535,26.36689],[88.85735,26.36511],[88.86065,26.36442],[88.86326,26.36198],[88.86446,26.35718],[88.86764,26.35706],[88.87231,26.35516],[88.87338,26.35261],[88.87678,26.35224],[88.88238,26.34824],[88.88557,26.34503],[88.88665,26.34149],[88.88834,26.3403],[88.8925,26.34181],[88.89139,26.34582],[88.89284,26.34972],[88.89523,26.35042],[88.89467,26.35243],[88.89084,26.35194],[88.88833,26.3549],[88.88678,26.35753],[88.89032,26.35852],[88.89492,26.35859],[88.89674,26.35964],[88.89734,26.36243],[88.8959,26.36461],[88.89211,26.36736],[88.88735,26.36738],[88.88591,26.37082],[88.89202,26.36998],[88.89517,26.36978],[88.89575,26.37226],[88.89409,26.37716],[88.89063,26.37828],[88.8904,26.37573],[88.88058,26.37584],[88.87627,26.37581],[88.87635,26.37244],[88.87166,26.37125],[88.8768,26.36762],[88.87659,26.36531],[88.87338,26.36281],[88.87259,26.36143],[88.86971,26.3604],[88.86952,26.36213],[88.8715,26.36379],[88.86788,26.36742],[88.8651,26.36767],[88.8637,26.37051],[88.86562,26.37315],[88.86633,26.37459],[88.86407,26.38249],[88.85761,26.38065],[88.85463,26.38324]]]},"properties":{"District":"Koch Bihar","Dist_LGD":"329","Sub_dist":"Mekliganj","Subdis_LGD":"2180","Subdis_Typ":"Cd_Block","Vill_name":"Nijtaraf (P)","Vill_Cat":"Rural","Vill_LGD":"307824","arr_project":"asha1,asha2"}},
{"type":"Feature","geometry":{"type":"Polygon","coordinates":[[[88.8715,26.36379],[88.86952,26.36213],[88.86971,26.3604],[88.87259,26.36143],[88.87338,26.36281],[88.8715,26.36379]]]},"properties":{"District":"Koch Bihar","Dist_LGD":"329","Sub_dist":"Mekliganj","Subdis_LGD":"2180","Subdis_Typ":"Cd_Block","Vill_name":"Dakshin Daripattani","Vill_Cat":"Rural","Vill_LGD":"307826","arr_project":"asha1,asha2"}},
{"type":"Feature","geometry":{"type":"Polygon","coordinates":[[[88.89884,26.37593],[88.90028,26.3723],[88.9025,26.37146],[88.90661,26.37289],[88.90655,26.37533],[88.89884,26.37593]]]},"properties":{"District":"Koch Bihar","Dist_LGD":"329","Sub_dist":"Mekliganj","Subdis_LGD":"2180","Subdis_Typ":"Cd_Block","Vill_name":"Chhota Nijtaraf","Vill_Cat":"Rural","Vill_LGD":"307818","arr_project":"asha1,asha2"}},
{"type":"Feature","geometry":{"type":"Polygon","coordinates":[[[88.88833,26.3549],[88.89423,26.35511],[88.89492,26.35859],[88.89032,26.35852],[88.88678,26.35753],[88.88833,26.3549]]]},"properties":{"District":"Koch Bihar","Dist_LGD":"329","Sub_dist":"Mekliganj","Subdis_LGD":"2180","Subdis_Typ":"Cd_Block","Vill_name":"Chhota Bhotbari","Vill_Cat":"Rural","Vill_LGD":"307830","arr_project":"asha1,asha2"}},
{"type":"Feature","geometry":{"type":"Polygon","coordinates":[[[89.0209,26.28878],[89.02241,26.29632],[89.02086,26.29721],[89.02526,26.30243],[89.02618,26.30694],[89.02321,26.30772],[89.01863,26.30712],[89.0189,26.30459],[89.01538,26.30303],[89.01553,26.30024],[89.01712,26.29653],[89.01948,26.29497],[89.01827,26.28991],[89.0209,26.28878]]]},"properties":{"District":"Koch Bihar","Dist_LGD":"329","Sub_dist":"Mekliganj","Subdis_LGD":"2180","Subdis_Typ":"Cd_Block","Vill_name":"Uttar Jamaldaha Balapukharia","Vill_Cat":"Rural","Vill_LGD":"307717","arr_project":"asha1,asha2"}},
{"type":"Feature","geometry":{"type":"Polygon","coordinates":[[[88.95691,26.25506],[88.95418,26.25728],[88.94989,26.25503],[88.95535,26.25179],[88.95691,26.25506]]]},"properties":{"District":"Koch Bihar","Dist_LGD":"329","Sub_dist":"Mekliganj","Subdis_LGD":"2180","Subdis_Typ":"Cd_Block","Vill_name":"Chhota Andaran Debottar","Vill_Cat":"Rural","Vill_LGD":"307695","arr_project":"asha1,asha2"}},
{"type":"Feature","geometry":{"type":"Polygon","coordinates":[[[88.96411,26.24268],[88.9648,26.24555],[88.96886,26.24919],[88.9677,26.25398],[88.95765,26.25546],[88.95691,26.25506],[88.95535,26.25179],[88.95688,26.25029],[88.95512,26.24719],[88.95786,26.24466],[88.96411,26.24268]]]},"properties":{"District":"Koch Bihar","Dist_LGD":"329","Sub_dist":"Mekliganj","Subdis_LGD":"2180","Subdis_Typ":"Cd_Block","Vill_name":"Dakshin Kharkharia","Vill_Cat":"Rural","Vill_LGD":"307696","arr_project":"asha1,asha2"}},
{"type":"Feature","geometry":{"type":"Polygon","coordinates":[[[88.82714,26.37852],[88.81986,26.37744],[88.8122,26.37834],[88.80988,26.37754],[88.80811,26.3792],[88.80765,26.37634],[88.80933,26.37523],[88.81169,26.37127],[88.82078,26.37058],[88.82234,26.37419],[88.8293,26.37226],[88.83087,26.37333],[88.82714,26.37852]]]},"properties":{"District":"Koch Bihar","Dist_LGD":"329","Sub_dist":"Haldibari","Subdis_LGD":"2179","Subdis_Typ":"Cd_Block","Vill_name":"Uttar Basarajbala","Vill_Cat":"Rural","Vill_LGD":"307652","arr_project":"asha1,asha2"}},
{"type":"Feature","geometry":{"type":"Polygon","coordinates":[[[88.80711,26.36137],[88.80471,26.36632],[88.80293,26.36642],[88.80143,26.36381],[88.80341,26.35988],[88.80711,26.36137]]]},"properties":{"District":"Koch Bihar","Dist_LGD":"329","Sub_dist":"Haldibari","Subdis_LGD":"2179","Subdis_Typ":"Cd_Block","Vill_name":"Basarajbala","Vill_Cat":"Rural","Vill_LGD":"307650","arr_project":"asha1,asha2"}},
{"type":"Feature","geometry":{"type":"Polygon","coordinates":[[[88.8293,26.37226],[88.83307,26.36999],[88.83087,26.37333],[88.8293,26.37226]]]},"properties":{"District":"Koch Bihar","Dist_LGD":"329","Sub_dist":"Haldibari","Subdis_LGD":"2179","Subdis_Typ":"Cd_Block","Vill_name":"Chhota Bakshiganj Andaran Khashbash","Vill_Cat":"Rural","Vill_LGD":"307653","arr_project":"asha1,asha2"}},
{"type":"Feature","geometry":{"type":"Polygon","coordinates":[[[88.80395,26.35703],[88.80863,26.35549],[88.81193,26.35701],[88.81384,26.35915],[88.81277,26.36127],[88.80711,26.36137],[88.80341,26.35988],[88.80395,26.35703]]]},"properties":{"District":"Koch Bihar","Dist_LGD":"329","Sub_dist":"Haldibari","Subdis_LGD":"2179","Subdis_Typ":"Cd_Block","Vill_name":"Uttar Khasbas","Vill_Cat":"Rural","Vill_LGD":"307649","arr_project":"asha1,asha2"}},
{"type":"Feature","geometry":{"type":"Polygon","coordinates":[[[88.84763,26.35275],[88.84462,26.3572],[88.83786,26.35837],[88.83576,26.35544],[88.83372,26.35503],[88.83058,26.35636],[88.83158,26.35162],[88.83439,26.35023],[88.84134,26.34809],[88.84486,26.34755],[88.84763,26.35275]]]},"properties":{"District":"Koch Bihar","Dist_LGD":"329","Sub_dist":"Haldibari","Subdis_LGD":"2179","Subdis_Typ":"Cd_Block","Vill_name":"Bibiganj","Vill_Cat":"Rural","Vill_LGD":"307655","arr_project":"asha1,asha2"}},
{"type":"Feature","geometry":{"type":"Polygon","coordinates":[[[88.84751,26.33751],[88.85475,26.33498],[88.85288,26.33901],[88.85401,26.3408],[88.85111,26.34084],[88.84908,26.34415],[88.84535,26.34448],[88.84545,26.34197],[88.84751,26.33751]]]},"properties":{"District":"Koch Bihar","Dist_LGD":"329","Sub_dist":"Haldibari","Subdis_LGD":"2179","Subdis_Typ":"Cd_Block","Vill_name":"Chhota Bibiganj","Vill_Cat":"Rural","Vill_LGD":"307667","arr_project":"asha1,asha2"}},
{"type":"Feature","geometry":{"type":"Polygon","coordinates":[[[88.83987,26.34312],[88.84076,26.34197],[88.84545,26.34197],[88.84535,26.34448],[88.84486,26.34755],[88.84134,26.34809],[88.83439,26.35023],[88.8362,26.34734],[88.83944,26.34544],[88.83987,26.34312]]]},"properties":{"District":"Koch Bihar","Dist_LGD":"329","Sub_dist":"Haldibari","Subdis_LGD":"2179","Subdis_Typ":"Cd_Block","Vill_name":"Uttar Nijtaraf","Vill_Cat":"Rural","Vill_LGD":"307665","arr_project":"asha1,asha2"}},
{"type":"Feature","geometry":{"type":"Polygon","coordinates":[[[88.86763,26.32502],[88.86734,26.32935],[88.86842,26.33219],[88.86575,26.33388],[88.86543,26.33694],[88.86174,26.33658],[88.86103,26.33486],[88.85698,26.33698],[88.85397,26.34129],[88.85401,26.3408],[88.85288,26.33901],[88.85475,26.33498],[88.85812,26.333],[88.85992,26.32935],[88.86265,26.32491],[88.86763,26.32502]]]},"properties":{"District":"Koch Bihar","Dist_LGD":"329","Sub_dist":"Haldibari","Subdis_LGD":"2179","Subdis_Typ":"Cd_Block","Vill_name":"Uttar Daribas","Vill_Cat":"Rural","Vill_LGD":"307668","arr_project":"asha1,asha2"}},
{"type":"Feature","geometry":{"type":"Polygon","coordinates":[[[88.81992,26.35392],[88.8187,26.35676],[88.81289,26.35621],[88.81244,26.35379],[88.80676,26.35151],[88.80264,26.35121],[88.80385,26.34687],[88.8055,26.34603],[88.80773,26.34636],[88.8082,26.34334],[88.81003,26.34298],[88.81009,26.33822],[88.80716,26.33564],[88.80901,26.33379],[88.81196,26.33416],[88.8117,26.33611],[88.81587,26.33702],[88.81758,26.34061],[88.81956,26.34117],[88.81707,26.3447],[88.81274,26.34564],[88.81187,26.34701],[88.81551,26.35384],[88.81992,26.35392]]]},"properties":{"District":"Koch Bihar","Dist_LGD":"329","Sub_dist":"Haldibari","Subdis_LGD":"2179","Subdis_Typ":"Cd_Block","Vill_name":"Madhya Khasbas","Vill_Cat":"Rural","Vill_LGD":"307658","arr_project":"asha1,asha2"}},
{"type":"Feature","geometry":{"type":"Polygon","coordinates":[[[88.83675,26.33896],[88.83479,26.34157],[88.8304,26.3438],[88.82986,26.34788],[88.82786,26.348],[88.82788,26.34509],[88.8311,26.34227],[88.83099,26.3392],[88.82721,26.33833],[88.82538,26.33622],[88.82718,26.33128],[88.8297,26.33123],[88.83148,26.33314],[88.83223,26.33671],[88.83634,26.33818],[88.83675,26.33896]]]},"properties":{"District":"Koch Bihar","Dist_LGD":"329","Sub_dist":"Haldibari","Subdis_LGD":"2179","Subdis_Typ":"Cd_Block","Vill_name":"Dakshin Khasbas","Vill_Cat":"Rural","Vill_LGD":"307663","arr_project":"asha1,asha2"}},
{"type":"Feature","geometry":{"type":"Polygon","coordinates":[[[88.81196,26.33416],[88.82048,26.32752],[88.82538,26.32817],[88.82736,26.33004],[88.82718,26.33128],[88.82538,26.33622],[88.82721,26.33833],[88.8227,26.34134],[88.81956,26.34117],[88.81758,26.34061],[88.81587,26.33702],[88.8117,26.33611],[88.81196,26.33416]]]},"properties":{"District":"Koch Bihar","Dist_LGD":"329","Sub_dist":"Haldibari","Subdis_LGD":"2179","Subdis_Typ":"Cd_Block","Vill_name":"Madhya Baksiganj","Vill_Cat":"Rural","Vill_LGD":"307659","arr_project":"asha1,asha2"}},
{"type":"Feature","geometry":{"type":"Polygon","coordinates":[[[88.84401,26.32725],[88.83705,26.33449],[88.83702,26.33451],[88.83452,26.33166],[88.83148,26.33314],[88.8297,26.33123],[88.82718,26.33128],[88.82736,26.33004],[88.83,26.32999],[88.83424,26.32767],[88.8354,26.32615],[88.83983,26.32536],[88.84401,26.32725]]]},"properties":{"District":"Koch Bihar","Dist_LGD":"329","Sub_dist":"Haldibari","Subdis_LGD":"2179","Subdis_Typ":"Cd_Block","Vill_name":"Dakshin Niztaraf","Vill_Cat":"Rural","Vill_LGD":"307661","arr_project":"asha1,asha2"}},
{"type":"Feature","geometry":{"type":"Polygon","coordinates":[[[88.82605,26.35186],[88.82564,26.34967],[88.82786,26.348],[88.82986,26.34788],[88.8304,26.3438],[88.83479,26.34157],[88.83675,26.33896],[88.83987,26.34312],[88.83944,26.34544],[88.8362,26.34734],[88.83439,26.35023],[88.83158,26.35162],[88.83043,26.3527],[88.82605,26.35186]]]},"properties":{"District":"Koch Bihar","Dist_LGD":"329","Sub_dist":"Haldibari","Subdis_LGD":"2179","Subdis_Typ":"Cd_Block","Vill_name":"Bajejama Khasbas","Vill_Cat":"Rural","Vill_LGD":"307656","arr_project":"asha1,asha2"}},
{"type":"Feature","geometry":{"type":"Polygon","coordinates":[[[88.79024,26.30924],[88.78846,26.31106],[88.78334,26.3062],[88.78467,26.30403],[88.7918,26.30852],[88.79024,26.30924]]]},"properties":{"District":"Koch Bihar","Dist_LGD":"329","Sub_dist":"Haldibari","Subdis_LGD":"2179","Subdis_Typ":"Cd_Block","Vill_name":"Dakshin Bakshiganj","Vill_Cat":"Rural","Vill_LGD":"307630","arr_project":"asha1,asha2"}},
{"type":"Feature","geometry":{"type":"Polygon","coordinates":[[[88.7909,26.31817],[88.7886,26.31812],[88.78822,26.31405],[88.79024,26.31425],[88.7909,26.31817]]]},"properties":{"District":"Koch Bihar","Dist_LGD":"329","Sub_dist":"Haldibari","Subdis_LGD":"2179","Subdis_Typ":"Cd_Block","Vill_name":"Bakshiganj","Vill_Cat":"Rural","Vill_LGD":"307628","arr_project":"asha1,asha2"}},
{"type":"Feature","geometry":{"type":"Polygon","coordinates":[[[88.80357,26.31702],[88.80532,26.3135],[88.80468,26.31191],[88.80967,26.31021],[88.81052,26.31605],[88.80827,26.31812],[88.80357,26.31702]]]},"properties":{"District":"Koch Bihar","Dist_LGD":"329","Sub_dist":"Haldibari","Subdis_LGD":"2179","Subdis_Typ":"Cd_Block","Vill_name":"Dakshin Chhota Haldibari","Vill_Cat":"Rural","Vill_LGD":"307641","arr_project":"asha1,asha2"}},
{"type":"Feature","geometry":{"type":"Polygon","coordinates":[[[88.80705,26.30159],[88.8057,26.30574],[88.80287,26.30775],[88.80157,26.30636],[88.80705,26.30159]]]},"properties":{"District":"Koch Bihar","Dist_LGD":"329","Sub_dist":"Haldibari","Subdis_LGD":"2179","Subdis_Typ":"Cd_Block","Vill_name":"Paschim Hudumdanga","Vill_Cat":"Rural","Vill_LGD":"307631","arr_project":"asha1,asha2"}},
{"type":"Feature","geometry":{"type":"Polygon","coordinates":[[[88.82202,26.29561],[88.8259,26.29681],[88.82612,26.29292],[88.82827,26.29015],[88.83072,26.29011],[88.83196,26.28815],[88.83992,26.28889],[88.84205,26.28794],[88.84619,26.29127],[88.84898,26.29141],[88.84767,26.29365],[88.84415,26.29359],[88.84035,26.29222],[88.83835,26.29576],[88.839,26.29811],[88.83695,26.29945],[88.83424,26.29556],[88.83244,26.29636],[88.83189,26.29956],[88.82809,26.29978],[88.82651,26.30638],[88.82411,26.30836],[88.81961,26.30826],[88.81836,26.3071],[88.82059,26.30407],[88.8182,26.3006],[88.82202,26.29561]]]},"properties":{"District":"Koch Bihar","Dist_LGD":"329","Sub_dist":"Haldibari","Subdis_LGD":"2179","Subdis_Typ":"Cd_Block","Vill_name":"Samilabash","Vill_Cat":"Rural","Vill_LGD":"307639","arr_project":"asha1,asha2"}},
{"type":"Feature","geometry":{"type":"Polygon","coordinates":[[[88.82497,26.32425],[88.81525,26.32282],[88.81323,26.3239],[88.81317,26.32729],[88.81147,26.32739],[88.81126,26.3237],[88.80872,26.32363],[88.80861,26.31997],[88.80273,26.31977],[88.80357,26.31702],[88.80827,26.31812],[88.81052,26.31605],[88.81612,26.31568],[88.81792,26.31487],[88.82222,26.3163],[88.82564,26.31567],[88.82633,26.31154],[88.83043,26.30721],[88.8355,26.30507],[88.83498,26.30739],[88.83245,26.31458],[88.83606,26.31662],[88.83681,26.32094],[88.83187,26.32153],[88.82685,26.32102],[88.82497,26.32425]]]},"properties":{"District":"Koch Bihar","Dist_LGD":"329","Sub_dist":"Haldibari","Subdis_LGD":"2179","Subdis_Typ":"Cd_Block","Vill_name":"Gyandas","Vill_Cat":"Rural","Vill_LGD":"307642","arr_project":"asha1,asha2"}},
{"type":"Feature","geometry":{"type":"Polygon","coordinates":[[[88.78551,26.33588],[88.78674,26.33527],[88.78764,26.33847],[88.78551,26.33588]]]},"properties":{"District":"Koch Bihar","Dist_LGD":"329","Sub_dist":"Haldibari","Subdis_LGD":"2179","Subdis_Typ":"Cd_Block","Vill_name":"Andaran Khasbash (P)","Vill_Cat":"Fully_Urban","Vill_LGD":"307625","arr_project":"asha1,asha2"}},
{"type":"Feature","geometry":{"type":"Polygon","coordinates":[[[88.79927,26.33027],[88.80253,26.33077],[88.80327,26.3342],[88.80194,26.33709],[88.79846,26.33751],[88.79684,26.33376],[88.79927,26.33027]]]},"properties":{"District":"Koch Bihar","Dist_LGD":"329","Sub_dist":"Haldibari","Subdis_LGD":"2179","Subdis_Typ":"Cd_Block","Vill_name":"Paschim Samilabas","Vill_Cat":"Rural","Vill_LGD":"307644","arr_project":"asha1,asha2"}},
{"type":"Feature","geometry":{"type":"Polygon","coordinates":[[[88.81196,26.33416],[88.80901,26.33379],[88.80716,26.33564],[88.80549,26.33373],[88.80327,26.3342],[88.80253,26.33077],[88.79927,26.33027],[88.80121,26.32595],[88.80048,26.32392],[88.80273,26.31977],[88.80861,26.31997],[88.80872,26.32363],[88.81126,26.3237],[88.81147,26.32739],[88.81317,26.32729],[88.81323,26.3239],[88.81525,26.32282],[88.82497,26.32425],[88.82538,26.32817],[88.82048,26.32752],[88.81196,26.33416]]]},"properties":{"District":"Koch Bihar","Dist_LGD":"329","Sub_dist":"Haldibari","Subdis_LGD":"2179","Subdis_Typ":"Cd_Block","Vill_name":"Paschim Fate Mamud","Vill_Cat":"Rural","Vill_LGD":"307643","arr_project":"asha1,asha2"}},
{"type":"Feature","geometry":{"type":"Polygon","coordinates":[[[88.83983,26.32536],[88.8354,26.32615],[88.83424,26.32767],[88.83,26.32999],[88.82736,26.33004],[88.82538,26.32817],[88.82497,26.32425],[88.82685,26.32102],[88.83187,26.32153],[88.83681,26.32094],[88.84123,26.32082],[88.84071,26.32462],[88.83983,26.32536]]]},"properties":{"District":"Koch Bihar","Dist_LGD":"329","Sub_dist":"Haldibari","Subdis_LGD":"2179","Subdis_Typ":"Cd_Block","Vill_name":"Purba Samilabas","Vill_Cat":"Rural","Vill_LGD":"307660","arr_project":"asha1,asha2"}},
{"type":"Feature","geometry":{"type":"Polygon","coordinates":[[[88.84123,26.32082],[88.84548,26.31878],[88.84583,26.31621],[88.84803,26.31617],[88.85585,26.31417],[88.85384,26.31965],[88.85125,26.31949],[88.8488,26.32091],[88.84943,26.32431],[88.84482,26.32315],[88.84227,26.32517],[88.84071,26.32462],[88.84123,26.32082]]]},"properties":{"District":"Koch Bihar","Dist_LGD":"329","Sub_dist":"Haldibari","Subdis_LGD":"2179","Subdis_Typ":"Cd_Block","Vill_name":"Bajejama","Vill_Cat":"Rural","Vill_LGD":"307672","arr_project":"asha1,asha2"}},
{"type":"Feature","geometry":{"type":"Polygon","coordinates":[[[88.84401,26.32725],[88.84964,26.32803],[88.84977,26.32643],[88.85298,26.32761],[88.85644,26.32764],[88.85992,26.32935],[88.85812,26.333],[88.85475,26.33498],[88.84751,26.33751],[88.84463,26.33749],[88.84556,26.33471],[88.83705,26.33449],[88.84401,26.32725]]]},"properties":{"District":"Koch Bihar","Dist_LGD":"329","Sub_dist":"Haldibari","Subdis_LGD":"2179","Subdis_Typ":"Cd_Block","Vill_name":"Dakshin Bajejama Khasbas","Vill_Cat":"Rural","Vill_LGD":"307669","arr_project":"asha1,asha2"}},
{"type":"Feature","geometry":{"type":"Polygon","coordinates":[[[88.84669,26.28588],[88.84912,26.29],[88.84898,26.29141],[88.84619,26.29127],[88.84205,26.28794],[88.83992,26.28889],[88.83196,26.28815],[88.83344,26.28494],[88.8397,26.28639],[88.84082,26.28435],[88.84669,26.28588]]]},"properties":{"District":"Koch Bihar","Dist_LGD":"329","Sub_dist":"Haldibari","Subdis_LGD":"2179","Subdis_Typ":"Cd_Block","Vill_name":"Golapdi","Vill_Cat":"Rural","Vill_LGD":"307638","arr_project":"asha1,asha2"}},
{"type":"Feature","geometry":{"type":"Polygon","coordinates":[[[88.85707,26.23313],[88.86003,26.23229],[88.86536,26.23235],[88.87002,26.23387],[88.87242,26.233],[88.87775,26.23339],[88.87634,26.2372],[88.87777,26.24153],[88.87569,26.24224],[88.87308,26.23971],[88.87155,26.24056],[88.87201,26.24373],[88.86936,26.24528],[88.86835,26.24352],[88.87061,26.23895],[88.87052,26.2368],[88.86692,26.23489],[88.86529,26.23749],[88.85776,26.23581],[88.85707,26.23313]]]},"properties":{"District":"Koch Bihar","Dist_LGD":"329","Sub_dist":"Haldibari","Subdis_LGD":"2179","Subdis_Typ":"Cd_Block","Vill_name":"Dakshin Samilabas","Vill_Cat":"Rural","Vill_LGD":"307636","arr_project":"asha1,asha2"}},
{"type":"Feature","geometry":{"type":"Polygon","coordinates":[[[88.84114,26.25295],[88.84852,26.2532],[88.84527,26.25836],[88.8408,26.25729],[88.84053,26.25335],[88.84114,26.25295]]]},"properties":{"District":"Koch Bihar","Dist_LGD":"329","Sub_dist":"Haldibari","Subdis_LGD":"2179","Subdis_Typ":"Cd_Block","Vill_name":"Dakshin Bajejama","Vill_Cat":"Rural","Vill_LGD":"307635","arr_project":"asha1,asha2"}},
{"type":"Feature","geometry":{"type":"Polygon","coordinates":[[[88.82941,26.25342],[88.83155,26.2498],[88.83348,26.25022],[88.83543,26.24813],[88.83889,26.24872],[88.83868,26.25199],[88.84114,26.25295],[88.84053,26.25335],[88.83485,26.2544],[88.82941,26.25342]]]},"properties":{"District":"Koch Bihar","Dist_LGD":"329","Sub_dist":"Haldibari","Subdis_LGD":"2179","Subdis_Typ":"Cd_Block","Vill_name":"Dakshin Pran Majumder","Vill_Cat":"Rural","Vill_LGD":"307634","arr_project":"asha1,asha2"}},
{"type":"Feature","geometry":{"type":"Polygon","coordinates":[[[88.85597,26.27147],[88.8496,26.26822],[88.84431,26.26808],[88.8452,26.26398],[88.84951,26.26559],[88.85399,26.26551],[88.85614,26.26134],[88.8574,26.26126],[88.8585,26.26873],[88.85597,26.27147]]]},"properties":{"District":"Koch Bihar","Dist_LGD":"329","Sub_dist":"Haldibari","Subdis_LGD":"2179","Subdis_Typ":"Cd_Block","Vill_name":"Basa Mansingkumar","Vill_Cat":"Rural","Vill_LGD":"307637","arr_project":"asha1,asha2"}},
{"type":"Feature","geometry":{"type":"Polygon","coordinates":[[[88.8355,26.30507],[88.83043,26.30721],[88.82633,26.31154],[88.82564,26.31567],[88.82222,26.3163],[88.81792,26.31487],[88.81612,26.31568],[88.81052,26.31605],[88.80967,26.31021],[88.80468,26.31191],[88.80554,26.30755],[88.80991,26.30665],[88.81149,26.30264],[88.80906,26.3011],[88.81303,26.29712],[88.81894,26.29451],[88.82202,26.29561],[88.8182,26.3006],[88.82059,26.30407],[88.81836,26.3071],[88.81961,26.30826],[88.82411,26.30836],[88.82651,26.30638],[88.82809,26.29978],[88.83189,26.29956],[88.83244,26.29636],[88.83424,26.29556],[88.83695,26.29945],[88.839,26.29811],[88.83835,26.29576],[88.84035,26.29222],[88.84415,26.29359],[88.84767,26.29365],[88.84898,26.29141],[88.84912,26.29],[88.84669,26.28588],[88.84605,26.2803],[88.84709,26.27848],[88.84391,26.27483],[88.84373,26.27229],[88.84791,26.27192],[88.84962,26.27341],[88.856,26.27454],[88.85597,26.27147],[88.8585,26.26873],[88.86034,26.26702],[88.86131,26.26237],[88.86187,26.26567],[88.86425,26.26784],[88.86121,26.27215],[88.86198,26.27374],[88.86612,26.27491],[88.86618,26.27906],[88.87076,26.28414],[88.87287,26.28434],[88.87569,26.28648],[88.87553,26.28809],[88.8717,26.2898],[88.87012,26.29155],[88.86919,26.29061],[88.86897,26.28613],[88.86473,26.29113],[88.86175,26.29041],[88.8598,26.29185],[88.85796,26.29705],[88.85526,26.29747],[88.85126,26.29977],[88.84991,26.29922],[88.84652,26.301],[88.84455,26.30081],[88.84079,26.30291],[88.83682,26.30345],[88.8355,26.30507]]]},"properties":{"District":"Koch Bihar","Dist_LGD":"329","Sub_dist":"Haldibari","Subdis_LGD":"2179","Subdis_Typ":"Cd_Block","Vill_name":"Madhya Hudumdanga","Vill_Cat":"Rural","Vill_LGD":"307640","arr_project":"asha1,asha2"}},
{"type":"Feature","geometry":{"type":"Polygon","coordinates":[[[88.86551,26.31956],[88.86698,26.31925],[88.86923,26.32212],[88.86763,26.32502],[88.86551,26.31956]]]},"properties":{"District":"Koch Bihar","Dist_LGD":"329","Sub_dist":"Haldibari","Subdis_LGD":"2179","Subdis_Typ":"Cd_Block","Vill_name":"Gyan Kanta Adhikari","Vill_Cat":"Rural","Vill_LGD":"307678","arr_project":"asha1,asha2"}},
{"type":"Feature","geometry":{"type":"Polygon","coordinates":[[[88.83498,26.30739],[88.83888,26.30753],[88.83882,26.31088],[88.8401,26.31384],[88.83606,26.31662],[88.83245,26.31458],[88.83498,26.30739]]]},"properties":{"District":"Koch Bihar","Dist_LGD":"329","Sub_dist":"Haldibari","Subdis_LGD":"2179","Subdis_Typ":"Cd_Block","Vill_name":"Purba Hudumdanga","Vill_Cat":"Rural","Vill_LGD":"307674","arr_project":"asha1,asha2"}},
{"type":"Feature","geometry":{"type":"Polygon","coordinates":[[[88.8401,26.31384],[88.84229,26.31231],[88.84806,26.31031],[88.84872,26.31142],[88.84803,26.31617],[88.84583,26.31621],[88.84548,26.31878],[88.84123,26.32082],[88.83681,26.32094],[88.83606,26.31662],[88.8401,26.31384]]]},"properties":{"District":"Koch Bihar","Dist_LGD":"329","Sub_dist":"Haldibari","Subdis_LGD":"2179","Subdis_Typ":"Cd_Block","Vill_name":"Chhat Jamaldaha","Vill_Cat":"Rural","Vill_LGD":"307673","arr_project":"asha1,asha2"}},
{"type":"Feature","geometry":{"type":"Polygon","coordinates":[[[88.89013,26.30065],[88.89208,26.30058],[88.89608,26.29705],[88.90068,26.29864],[88.90203,26.30112],[88.89906,26.30547],[88.89439,26.30578],[88.88922,26.30431],[88.89013,26.30065]]]},"properties":{"District":"Koch Bihar","Dist_LGD":"329","Sub_dist":"Haldibari","Subdis_LGD":"2179","Subdis_Typ":"Cd_Block","Vill_name":"Kamat Bandi","Vill_Cat":"Rural","Vill_LGD":"307682","arr_project":"asha1,asha2"}},
{"type":"Feature","geometry":{"type":"Polygon","coordinates":[[[88.92342,26.29104],[88.92094,26.29533],[88.91555,26.29716],[88.91044,26.30067],[88.91118,26.29608],[88.90822,26.29211],[88.90473,26.29245],[88.90392,26.2881],[88.9083,26.28812],[88.9081,26.28979],[88.9129,26.29057],[88.9186,26.28981],[88.92342,26.29104]]]},"properties":{"District":"Koch Bihar","Dist_LGD":"329","Sub_dist":"Haldibari","Subdis_LGD":"2179","Subdis_Typ":"Cd_Block","Vill_name":"Purba Daripattani","Vill_Cat":"Rural","Vill_LGD":"307684","arr_project":"asha1,asha2"}},
{"type":"Feature","geometry":{"type":"Polygon","coordinates":[[[88.92342,26.29104],[88.9186,26.28981],[88.9129,26.29057],[88.9081,26.28979],[88.9083,26.28812],[88.9134,26.28744],[88.91802,26.28795],[88.91978,26.28449],[88.92617,26.28378],[88.92342,26.29104]]]},"properties":{"District":"Koch Bihar","Dist_LGD":"329","Sub_dist":"Haldibari","Subdis_LGD":"2179","Subdis_Typ":"Cd_Block","Vill_name":"Jhar Singheshwar","Vill_Cat":"Rural","Vill_LGD":"307685","arr_project":"asha1,asha2"}},
{"type":"Feature","geometry":{"type":"Polygon","coordinates":[[[88.89252,26.28792],[88.89202,26.29146],[88.8944,26.29419],[88.88995,26.30034],[88.87992,26.29642],[88.87373,26.29735],[88.8758,26.2934],[88.87688,26.2867],[88.89252,26.28792]]]},"properties":{"District":"Koch Bihar","Dist_LGD":"329","Sub_dist":"Haldibari","Subdis_LGD":"2179","Subdis_Typ":"Cd_Block","Vill_name":"Dakshin Mekliganj","Vill_Cat":"Rural","Vill_LGD":"307680","arr_project":"asha1,asha2"}},
{"type":"Feature","geometry":{"type":"Polygon","coordinates":[[[88.8055,26.34603],[88.80385,26.34687],[88.80264,26.35121],[88.80676,26.35151],[88.81244,26.35379],[88.81289,26.35621],[88.81193,26.35701],[88.80863,26.35549],[88.80395,26.35703],[88.80336,26.3568],[88.80265,26.35494],[88.79859,26.35419],[88.79632,26.3524],[88.79581,26.34926],[88.79932,26.34708],[88.8013,26.34253],[88.8037,26.34332],[88.8055,26.34603]]]},"properties":{"District":"Koch Bihar","Dist_LGD":"329","Sub_dist":"Haldibari","Subdis_LGD":"2179","Subdis_Typ":"Cd_Block","Vill_name":"Dakshin Basarajbala","Vill_Cat":"Rural","Vill_LGD":"307646","arr_project":"asha1,asha2"}},
{"type":"Feature","geometry":{"type":"Polygon","coordinates":[[[88.84977,26.32643],[88.84964,26.32803],[88.84401,26.32725],[88.83983,26.32536],[88.84071,26.32462],[88.84227,26.32517],[88.84482,26.32315],[88.84943,26.32431],[88.84977,26.32643]]]},"properties":{"District":"Koch Bihar","Dist_LGD":"329","Sub_dist":"Haldibari","Subdis_LGD":"2179","Subdis_Typ":"Cd_Block","Vill_name":"Basa Mansingkumar","Vill_Cat":"Rural","Vill_LGD":"307670","arr_project":"asha1,asha2"}},
{"type":"Feature","geometry":{"type":"Polygon","coordinates":[[[88.9701,26.53336],[88.97356,26.5313],[88.9761,26.53365],[88.98004,26.53944],[88.96903,26.54636],[88.96919,26.54289],[88.96769,26.53789],[88.9701,26.53336]]]},"properties":{"District":"Koch Bihar","Dist_LGD":"329","Sub_dist":"Mekliganj","Subdis_LGD":"2180","Subdis_Typ":"Cd_Block","Vill_name":"Hat Sadikha","Vill_Cat":"Rural","Vill_LGD":"307730","arr_project":"asha1,asha2"}},
{"type":"Feature","geometry":{"type":"Polygon","coordinates":[[[88.97822,26.52022],[88.97979,26.51943],[88.98066,26.51524],[88.98038,26.51226],[88.9825,26.51124],[88.98434,26.51572],[88.98296,26.5167],[88.98277,26.52301],[88.98356,26.52748],[88.98822,26.52718],[88.98991,26.52934],[88.99171,26.53379],[88.98563,26.53544],[88.9856,26.52975],[88.98007,26.52836],[88.98126,26.5259],[88.97822,26.52022]]]},"properties":{"District":"Koch Bihar","Dist_LGD":"329","Sub_dist":"Mekliganj","Subdis_LGD":"2180","Subdis_Typ":"Cd_Block","Vill_name":"Purba Dhulia Baldiahati","Vill_Cat":"Rural","Vill_LGD":"307732","arr_project":"asha1,asha2"}},
{"type":"Feature","geometry":{"type":"Polygon","coordinates":[[[88.95466,26.50408],[88.95057,26.4976],[88.95473,26.49775],[88.95573,26.49636],[88.95911,26.49686],[88.95732,26.50054],[88.95776,26.50375],[88.95466,26.50408]]]},"properties":{"District":"Koch Bihar","Dist_LGD":"329","Sub_dist":"Mekliganj","Subdis_LGD":"2180","Subdis_Typ":"Cd_Block","Vill_name":"Chhat Kamat Changrabandha","Vill_Cat":"Rural","Vill_LGD":"307751","arr_project":"asha1,asha2"}},
{"type":"Feature","geometry":{"type":"Polygon","coordinates":[[[88.94616,26.44794],[88.94365,26.44679],[88.94069,26.45053],[88.93304,26.44998],[88.92992,26.44345],[88.92438,26.44267],[88.92586,26.43739],[88.92822,26.4371],[88.93324,26.44182],[88.9316,26.44428],[88.93872,26.44489],[88.93944,26.4439],[88.94417,26.44299],[88.94675,26.44353],[88.94616,26.44794]]]},"properties":{"District":"Koch Bihar","Dist_LGD":"329","Sub_dist":"Mekliganj","Subdis_LGD":"2180","Subdis_Typ":"Cd_Block","Vill_name":"Andaran Panisala","Vill_Cat":"Rural","Vill_LGD":"307804","arr_project":"asha1,asha2"}},
{"type":"Feature","geometry":{"type":"Polygon","coordinates":[[[88.9102,26.44323],[88.90849,26.44458],[88.90409,26.44227],[88.89962,26.43887],[88.90013,26.4378],[88.90399,26.43775],[88.90565,26.44042],[88.9102,26.44323]]]},"properties":{"District":"Koch Bihar","Dist_LGD":"329","Sub_dist":"Mekliganj","Subdis_LGD":"2180","Subdis_Typ":"Cd_Block","Vill_name":"Hat Dhar Dharia","Vill_Cat":"Rural","Vill_LGD":"307807","arr_project":"asha1,asha2"}},
{"type":"Feature","geometry":{"type":"Polygon","coordinates":[[[88.90013,26.4378],[88.89962,26.43887],[88.88728,26.43819],[88.88935,26.4337],[88.89216,26.43337],[88.8948,26.4358],[88.89904,26.43562],[88.90013,26.43699],[88.90013,26.4378]]]},"properties":{"District":"Koch Bihar","Dist_LGD":"329","Sub_dist":"Mekliganj","Subdis_LGD":"2180","Subdis_Typ":"Cd_Block","Vill_name":"Chhat Panisala","Vill_Cat":"Rural","Vill_LGD":"307808","arr_project":"asha1,asha2"}},
{"type":"Feature","geometry":{"type":"Polygon","coordinates":[[[88.90294,26.43042],[88.90096,26.43228],[88.89396,26.43196],[88.89366,26.43063],[88.89857,26.42847],[88.90124,26.42857],[88.90294,26.43042]]]},"properties":{"District":"Koch Bihar","Dist_LGD":"329","Sub_dist":"Mekliganj","Subdis_LGD":"2180","Subdis_Typ":"Cd_Block","Vill_name":"Uttar Nijtaraf","Vill_Cat":"Rural","Vill_LGD":"307809","arr_project":"asha1,asha2"}},
{"type":"Feature","geometry":{"type":"Polygon","coordinates":[[[88.90809,26.42593],[88.90633,26.4253],[88.90321,26.42645],[88.89989,26.42583],[88.90011,26.42255],[88.90404,26.42215],[88.90592,26.42095],[88.90978,26.4211],[88.91049,26.4227],[88.90809,26.42593]]]},"properties":{"District":"Koch Bihar","Dist_LGD":"329","Sub_dist":"Mekliganj","Subdis_LGD":"2180","Subdis_Typ":"Cd_Block","Vill_name":"Chhoto Niztaraf","Vill_Cat":"Rural","Vill_LGD":"307810","arr_project":"asha1,asha2"}},
{"type":"Feature","geometry":{"type":"Polygon","coordinates":[[[88.88493,26.41646],[88.88365,26.41602],[88.8818,26.41179],[88.88163,26.40847],[88.88004,26.40769],[88.87951,26.40426],[88.87749,26.40326],[88.87771,26.39986],[88.8816,26.39772],[88.88204,26.3954],[88.87888,26.39488],[88.8832,26.3908],[88.88102,26.38936],[88.88267,26.38756],[88.8857,26.38209],[88.88583,26.38034],[88.88016,26.37918],[88.88058,26.37584],[88.8904,26.37573],[88.89063,26.37828],[88.89409,26.37716],[88.89884,26.37593],[88.90655,26.37533],[88.90815,26.37558],[88.90567,26.37896],[88.90898,26.38068],[88.90962,26.38222],[88.91463,26.38435],[88.91352,26.38701],[88.91014,26.38806],[88.91182,26.391],[88.90615,26.39335],[88.90425,26.39565],[88.89786,26.3958],[88.89618,26.40017],[88.8947,26.40186],[88.89164,26.40047],[88.8889,26.40416],[88.88987,26.407],[88.89467,26.40788],[88.89966,26.40549],[88.90159,26.40367],[88.90583,26.40402],[88.90657,26.40667],[88.91247,26.40863],[88.91652,26.40773],[88.92513,26.40674],[88.9292,26.41084],[88.93119,26.4142],[88.9297,26.4163],[88.92535,26.41642],[88.92477,26.4177],[88.92387,26.41091],[88.92104,26.41092],[88.91807,26.41318],[88.91282,26.41295],[88.91288,26.41518],[88.91049,26.4227],[88.90978,26.4211],[88.90592,26.42095],[88.90404,26.42215],[88.90011,26.42255],[88.89989,26.42583],[88.89857,26.42847],[88.89366,26.43063],[88.89396,26.43196],[88.90096,26.43228],[88.90294,26.43042],[88.90314,26.43408],[88.90013,26.43699],[88.89904,26.43562],[88.8948,26.4358],[88.89216,26.43337],[88.88935,26.4337],[88.8869,26.42621],[88.8838,26.42572],[88.89054,26.42489],[88.89365,26.42266],[88.89896,26.42204],[88.90029,26.42095],[88.8991,26.41697],[88.89917,26.41152],[88.89795,26.41032],[88.89318,26.41047],[88.89127,26.41518],[88.89297,26.41643],[88.89395,26.41976],[88.89094,26.41992],[88.88719,26.41641],[88.88493,26.41646]]]},"properties":{"District":"Koch Bihar","Dist_LGD":"329","Sub_dist":"Mekliganj","Subdis_LGD":"2180","Subdis_Typ":"Cd_Block","Vill_name":"Uttar Bhotbari","Vill_Cat":"Rural","Vill_LGD":"307813","arr_project":"asha1,asha2"}},
{"type":"Feature","geometry":{"type":"Polygon","coordinates":[[[88.8991,26.41697],[88.89297,26.41643],[88.89127,26.41518],[88.89318,26.41047],[88.89795,26.41032],[88.89917,26.41152],[88.8991,26.41697]]]},"properties":{"District":"Koch Bihar","Dist_LGD":"329","Sub_dist":"Mekliganj","Subdis_LGD":"2180","Subdis_Typ":"Cd_Block","Vill_name":"Chhota Panisala","Vill_Cat":"Rural","Vill_LGD":"307811","arr_project":"asha1,asha2"}},
{"type":"Feature","geometry":{"type":"Polygon","coordinates":[[[88.90583,26.40402],[88.90159,26.40367],[88.89966,26.40549],[88.89467,26.40788],[88.88987,26.407],[88.8889,26.40416],[88.89164,26.40047],[88.8947,26.40186],[88.89618,26.40017],[88.90111,26.39983],[88.90411,26.39883],[88.90425,26.39565],[88.90615,26.39335],[88.91044,26.39328],[88.9109,26.39668],[88.90971,26.39752],[88.90951,26.40164],[88.90846,26.40367],[88.90583,26.40402]]]},"properties":{"District":"Koch Bihar","Dist_LGD":"329","Sub_dist":"Mekliganj","Subdis_LGD":"2180","Subdis_Typ":"Cd_Block","Vill_name":"Andaran Nijtaraf","Vill_Cat":"Rural","Vill_LGD":"307814","arr_project":"asha1,asha2"}},
{"type":"Feature","geometry":{"type":"Polygon","coordinates":[[[89.00849,26.50841],[89.00329,26.51151],[89.00271,26.50995],[88.99871,26.50886],[88.99908,26.50653],[89.00131,26.506],[89.00122,26.5037],[88.99636,26.50156],[88.99455,26.49992],[88.99539,26.49591],[88.99928,26.49812],[88.99911,26.50093],[89.00294,26.50108],[89.00479,26.49687],[89.01541,26.49441],[89.01843,26.49863],[89.01506,26.49994],[89.01386,26.50298],[89.01023,26.503],[89.00694,26.50304],[89.00541,26.50604],[89.00823,26.50659],[89.00849,26.50841]]]},"properties":{"District":"Koch Bihar","Dist_LGD":"329","Sub_dist":"Mekliganj","Subdis_LGD":"2180","Subdis_Typ":"Cd_Block","Vill_name":"Uttar Dhulia Khalisa","Vill_Cat":"Rural","Vill_LGD":"307737","arr_project":"asha1,asha2"}},
{"type":"Feature","geometry":{"type":"Polygon","coordinates":[[[89.00479,26.49687],[89.00294,26.50108],[88.99911,26.50093],[88.99928,26.49812],[88.99539,26.49591],[88.9942,26.49184],[88.99803,26.4896],[89.00031,26.4939],[89.00398,26.49329],[89.00479,26.49687]]]},"properties":{"District":"Koch Bihar","Dist_LGD":"329","Sub_dist":"Mekliganj","Subdis_LGD":"2180","Subdis_Typ":"Cd_Block","Vill_name":"Gyankata Adhikari","Vill_Cat":"Rural","Vill_LGD":"307741","arr_project":"asha1,asha2"}},
{"type":"Feature","geometry":{"type":"Polygon","coordinates":[[[89.00142,26.48757],[89.00524,26.48483],[89.00847,26.48496],[89.00956,26.48914],[89.01152,26.49238],[89.00405,26.49331],[89.00142,26.48757]]]},"properties":{"District":"Koch Bihar","Dist_LGD":"329","Sub_dist":"Mekliganj","Subdis_LGD":"2180","Subdis_Typ":"Cd_Block","Vill_name":"Madhya Dhulia Khalisa","Vill_Cat":"Rural","Vill_LGD":"307742","arr_project":"asha1,asha2"}},
{"type":"Feature","geometry":{"type":"Polygon","coordinates":[[[88.98876,26.4853],[88.98734,26.48768],[88.98438,26.48733],[88.98488,26.48547],[88.98876,26.4853]]]},"properties":{"District":"Koch Bihar","Dist_LGD":"329","Sub_dist":"Mekliganj","Subdis_LGD":"2180","Subdis_Typ":"Cd_Block","Vill_name":"Paschim Patchhara Gopalpur","Vill_Cat":"Rural","Vill_LGD":"307747","arr_project":"asha1,asha2"}},
{"type":"Feature","geometry":{"type":"Polygon","coordinates":[[[88.9971,26.48482],[88.98994,26.48416],[88.9919,26.4806],[88.99224,26.47641],[88.99682,26.47439],[88.99756,26.4781],[89.00245,26.47791],[89.00273,26.48131],[88.99797,26.48261],[88.9971,26.48482]]]},"properties":{"District":"Koch Bihar","Dist_LGD":"329","Sub_dist":"Mekliganj","Subdis_LGD":"2180","Subdis_Typ":"Cd_Block","Vill_name":"Chhat Dhulia","Vill_Cat":"Rural","Vill_LGD":"307746","arr_project":"asha1,asha2"}},
{"type":"Feature","geometry":{"type":"Polygon","coordinates":[[[89.0266,26.5187],[89.02079,26.52318],[89.01863,26.51725],[89.01691,26.51697],[89.01613,26.51093],[89.01442,26.50988],[89.0105,26.51135],[89.01011,26.50887],[89.01277,26.50763],[89.01023,26.503],[89.01386,26.50298],[89.01821,26.50438],[89.02182,26.50382],[89.02039,26.50068],[89.02478,26.49814],[89.02536,26.49591],[89.02947,26.4964],[89.02881,26.49905],[89.02525,26.50208],[89.02351,26.50745],[89.02793,26.50741],[89.02734,26.51359],[89.02549,26.51574],[89.0266,26.5187]]]},"properties":{"District":"Koch Bihar","Dist_LGD":"329","Sub_dist":"Mekliganj","Subdis_LGD":"2180","Subdis_Typ":"Cd_Block","Vill_name":"Bara Dhulia Khalisa","Vill_Cat":"Rural","Vill_LGD":"307735","arr_project":"asha1,asha2"}},
{"type":"Feature","geometry":{"type":"Polygon","coordinates":[[[89.04898,26.5242],[89.05046,26.52734],[89.04879,26.52662],[89.03575,26.51681],[89.0266,26.5187],[89.02549,26.51574],[89.02734,26.51359],[89.02793,26.50741],[89.02351,26.50745],[89.02525,26.50208],[89.02881,26.49905],[89.02947,26.4964],[89.02536,26.49591],[89.02478,26.49814],[89.02039,26.50068],[89.02182,26.50382],[89.01821,26.50438],[89.01386,26.50298],[89.01506,26.49994],[89.01843,26.49863],[89.01541,26.49441],[89.01999,26.49207],[89.02203,26.49257],[89.02328,26.48887],[89.03135,26.4878],[89.03188,26.48255],[89.03405,26.48165],[89.03553,26.48304],[89.04009,26.48341],[89.04004,26.4801],[89.04675,26.48117],[89.04787,26.47903],[89.05169,26.47935],[89.05234,26.48103],[89.05627,26.48267],[89.05622,26.48425],[89.05925,26.49134],[89.05843,26.49375],[89.06031,26.49727],[89.06035,26.50045],[89.05392,26.50385],[89.05025,26.50735],[89.04842,26.50985],[89.04704,26.51485],[89.04987,26.52148],[89.04898,26.5242]]]},"properties":{"District":"Koch Bihar","Dist_LGD":"329","Sub_dist":"Mekliganj","Subdis_LGD":"2180","Subdis_Typ":"Cd_Block","Vill_name":"Purba Dhulia Baidiahati","Vill_Cat":"Rural","Vill_LGD":"307743","arr_project":"asha1,asha2"}},
{"type":"Feature","geometry":{"type":"Polygon","coordinates":[[[89.01823,26.47496],[89.01893,26.47668],[89.01373,26.47781],[89.01098,26.47674],[89.0115,26.47371],[89.01664,26.47232],[89.01823,26.47496]]]},"properties":{"District":"Koch Bihar","Dist_LGD":"329","Sub_dist":"Mekliganj","Subdis_LGD":"2180","Subdis_Typ":"Cd_Block","Vill_name":"Dhulia Uchal Pukhari","Vill_Cat":"Rural","Vill_LGD":"307762","arr_project":"asha1,asha2"}},
{"type":"Feature","geometry":{"type":"Polygon","coordinates":[[[88.98453,26.47102],[88.98782,26.47113],[88.98938,26.47397],[88.98884,26.4756],[88.98263,26.47568],[88.98364,26.47308],[88.98453,26.47102]]]},"properties":{"District":"Koch Bihar","Dist_LGD":"329","Sub_dist":"Mekliganj","Subdis_LGD":"2180","Subdis_Typ":"Cd_Block","Vill_name":"Purba Hemkumari","Vill_Cat":"Rural","Vill_LGD":"307759","arr_project":"asha1,asha2"}},
{"type":"Feature","geometry":{"type":"Polygon","coordinates":[[[88.994,26.4683],[88.99179,26.4699],[88.98911,26.46943],[88.98558,26.46134],[88.98996,26.46342],[88.99354,26.46597],[88.994,26.4683]]]},"properties":{"District":"Koch Bihar","Dist_LGD":"329","Sub_dist":"Mekliganj","Subdis_LGD":"2180","Subdis_Typ":"Cd_Block","Vill_name":"Dakshin Dhulia Khalisa","Vill_Cat":"Rural","Vill_LGD":"307760","arr_project":"asha1,asha2"}},
{"type":"Feature","geometry":{"type":"Polygon","coordinates":[[[89.01141,26.44152],[89.0107,26.44404],[89.00658,26.44936],[89.00647,26.45727],[89.00126,26.4593],[89.00293,26.46159],[89.00618,26.46322],[89.00541,26.4658],[89.00619,26.46826],[89.0007,26.46798],[88.994,26.4683],[88.99354,26.46597],[88.98996,26.46342],[88.99379,26.45994],[88.99471,26.45716],[88.99723,26.45396],[88.99923,26.45288],[89.00219,26.45005],[89.00107,26.44306],[89.00667,26.44269],[89.00789,26.4403],[89.01141,26.44152]]]},"properties":{"District":"Koch Bihar","Dist_LGD":"329","Sub_dist":"Mekliganj","Subdis_LGD":"2180","Subdis_Typ":"Cd_Block","Vill_name":"Dakshin Uchal Pukhari","Vill_Cat":"Rural","Vill_LGD":"307761","arr_project":"asha1,asha2"}},
{"type":"Feature","geometry":{"type":"Polygon","coordinates":[[[88.97578,26.47386],[88.9715,26.47331],[88.97074,26.47026],[88.97108,26.46449],[88.97212,26.46247],[88.96913,26.46133],[88.96829,26.45767],[88.96265,26.45785],[88.96539,26.45663],[88.96547,26.45316],[88.9674,26.45151],[88.97493,26.44957],[88.97712,26.45012],[88.97855,26.45528],[88.98373,26.45607],[88.98171,26.45953],[88.97844,26.46099],[88.97588,26.46683],[88.97705,26.46862],[88.97578,26.47386]]]},"properties":{"District":"Koch Bihar","Dist_LGD":"329","Sub_dist":"Mekliganj","Subdis_LGD":"2180","Subdis_Typ":"Cd_Block","Vill_name":"Jamaldaha","Vill_Cat":"Rural","Vill_LGD":"307779","arr_project":"asha1,asha2"}},
{"type":"Feature","geometry":{"type":"Polygon","coordinates":[[[88.99288,26.44919],[88.99269,26.45273],[88.98865,26.45453],[88.9855,26.45409],[88.98373,26.45607],[88.97855,26.45528],[88.97712,26.45012],[88.97493,26.44957],[88.97696,26.44669],[88.98314,26.44653],[88.98082,26.44176],[88.98403,26.44187],[88.98437,26.44724],[88.9871,26.44809],[88.98685,26.45238],[88.98971,26.45276],[88.99052,26.44974],[88.99288,26.44919]]]},"properties":{"District":"Koch Bihar","Dist_LGD":"329","Sub_dist":"Mekliganj","Subdis_LGD":"2180","Subdis_Typ":"Cd_Block","Vill_name":"Panisala Prathami Khanda","Vill_Cat":"Rural","Vill_LGD":"307780","arr_project":"asha1,asha2"}},
{"type":"Feature","geometry":{"type":"Polygon","coordinates":[[[88.99765,26.44712],[89.00049,26.44342],[89.00107,26.44306],[89.00219,26.45005],[88.99923,26.45288],[88.99765,26.44712]]]},"properties":{"District":"Koch Bihar","Dist_LGD":"329","Sub_dist":"Mekliganj","Subdis_LGD":"2180","Subdis_Typ":"Cd_Block","Vill_name":"Shikarpur","Vill_Cat":"Rural","Vill_LGD":"307777","arr_project":"asha1,asha2"}},
{"type":"Feature","geometry":{"type":"Polygon","coordinates":[[[89.02318,26.46381],[89.02223,26.46663],[89.01933,26.46662],[89.01712,26.46524],[89.01982,26.46184],[89.02299,26.46086],[89.02318,26.46381]]]},"properties":{"District":"Koch Bihar","Dist_LGD":"329","Sub_dist":"Mekliganj","Subdis_LGD":"2180","Subdis_Typ":"Cd_Block","Vill_name":"Purba Panisala","Vill_Cat":"Rural","Vill_LGD":"307768","arr_project":"asha1,asha2"}},
{"type":"Feature","geometry":{"type":"Polygon","coordinates":[[[89.0299,26.46665],[89.02661,26.46662],[89.02637,26.46901],[89.02803,26.47143],[89.0243,26.4727],[89.02312,26.4756],[89.01823,26.47496],[89.01664,26.47232],[89.01578,26.46731],[89.01933,26.46662],[89.02223,26.46663],[89.02318,26.46381],[89.02589,26.4634],[89.02765,26.46124],[89.02938,26.46153],[89.0299,26.46665]]]},"properties":{"District":"Koch Bihar","Dist_LGD":"329","Sub_dist":"Mekliganj","Subdis_LGD":"2180","Subdis_Typ":"Cd_Block","Vill_name":"Paschim Gopalpur","Vill_Cat":"Rural","Vill_LGD":"307763","arr_project":"asha1,asha2"}},
{"type":"Feature","geometry":{"type":"Polygon","coordinates":[[[89.05235,26.47256],[89.04822,26.47478],[89.046,26.47238],[89.04619,26.46957],[89.04066,26.46804],[89.04043,26.46624],[89.04465,26.46574],[89.04706,26.46179],[89.0497,26.46471],[89.05212,26.46463],[89.05235,26.47256]]]},"properties":{"District":"Koch Bihar","Dist_LGD":"329","Sub_dist":"Mekliganj","Subdis_LGD":"2180","Subdis_Typ":"Cd_Block","Vill_name":"Purba Gopalpur","Vill_Cat":"Rural","Vill_LGD":"307765","arr_project":"asha1,asha2"}},
{"type":"Feature","geometry":{"type":"Polygon","coordinates":[[[89.0331,26.45966],[89.02938,26.46153],[89.02765,26.46124],[89.02864,26.45695],[89.03255,26.45642],[89.0331,26.45966]]]},"properties":{"District":"Koch Bihar","Dist_LGD":"329","Sub_dist":"Mekliganj","Subdis_LGD":"2180","Subdis_Typ":"Cd_Block","Vill_name":"Chhota Thunkirjhar","Vill_Cat":"Rural","Vill_LGD":"307769","arr_project":"asha1,asha2"}},
{"type":"Feature","geometry":{"type":"Polygon","coordinates":[[[89.0478,26.44243],[89.04846,26.44742],[89.04568,26.44802],[89.04309,26.45197],[89.04023,26.44981],[89.04126,26.44659],[89.04362,26.44411],[89.04004,26.44338],[89.04029,26.44113],[89.04475,26.44296],[89.0478,26.44243]]]},"properties":{"District":"Koch Bihar","Dist_LGD":"329","Sub_dist":"Mekliganj","Subdis_LGD":"2180","Subdis_Typ":"Cd_Block","Vill_name":"Purba Jamaldaha","Vill_Cat":"Rural","Vill_LGD":"307770","arr_project":"asha1,asha2"}},
{"type":"Feature","geometry":{"type":"Polygon","coordinates":[[[89.0193,26.43846],[89.01469,26.44108],[89.01141,26.44152],[89.00789,26.4403],[89.00731,26.43994],[89.00889,26.43838],[89.01601,26.4371],[89.01714,26.43378],[89.01931,26.4338],[89.0193,26.43846]]]},"properties":{"District":"Koch Bihar","Dist_LGD":"329","Sub_dist":"Mekliganj","Subdis_LGD":"2180","Subdis_Typ":"Cd_Block","Vill_name":"Chhota Jamaldaha","Vill_Cat":"Rural","Vill_LGD":"307773","arr_project":"asha1,asha2"}},
{"type":"Feature","geometry":{"type":"Polygon","coordinates":[[[89.04029,26.44113],[89.04004,26.44338],[89.04362,26.44411],[89.04126,26.44659],[89.04023,26.44981],[89.03774,26.45016],[89.03684,26.44681],[89.02868,26.44742],[89.02691,26.44512],[89.02826,26.44236],[89.02495,26.43844],[89.03301,26.43708],[89.0373,26.43696],[89.03647,26.43791],[89.04029,26.44113]]]},"properties":{"District":"Koch Bihar","Dist_LGD":"329","Sub_dist":"Mekliganj","Subdis_LGD":"2180","Subdis_Typ":"Cd_Block","Vill_name":"Kharija Jamaldaha","Vill_Cat":"Rural","Vill_LGD":"307771","arr_project":"asha1,asha2"}},
{"type":"Feature","geometry":{"type":"Polygon","coordinates":[[[89.0373,26.43696],[89.03301,26.43708],[89.02495,26.43844],[89.0193,26.43846],[89.01931,26.4338],[89.02363,26.43054],[89.02698,26.4313],[89.02812,26.42897],[89.031,26.42796],[89.03373,26.43094],[89.03484,26.43456],[89.03856,26.43433],[89.0373,26.43696]]]},"properties":{"District":"Koch Bihar","Dist_LGD":"329","Sub_dist":"Mekliganj","Subdis_LGD":"2180","Subdis_Typ":"Cd_Block","Vill_name":"Jamaldaha Hat","Vill_Cat":"Rural","Vill_LGD":"307772","arr_project":"asha1,asha2"}},
{"type":"Feature","geometry":{"type":"Polygon","coordinates":[[[89.00789,26.4403],[89.00667,26.44269],[89.00107,26.44306],[89.00049,26.44342],[89.00035,26.44316],[88.9973,26.44095],[88.99705,26.43891],[89.0004,26.43775],[89.00177,26.43889],[89.00731,26.43994],[89.00789,26.4403]]]},"properties":{"District":"Koch Bihar","Dist_LGD":"329","Sub_dist":"Mekliganj","Subdis_LGD":"2180","Subdis_Typ":"Cd_Block","Vill_name":"Chhat Jamaldaha","Vill_Cat":"Rural","Vill_LGD":"307775","arr_project":"asha1,asha2"}},
{"type":"Feature","geometry":{"type":"Polygon","coordinates":[[[88.99598,26.42655],[89.00084,26.42623],[89.0035,26.42798],[89.00124,26.42934],[88.99747,26.42965],[88.99598,26.42655]]]},"properties":{"District":"Koch Bihar","Dist_LGD":"329","Sub_dist":"Mekliganj","Subdis_LGD":"2180","Subdis_Typ":"Cd_Block","Vill_name":"Ratanpur","Vill_Cat":"Rural","Vill_LGD":"307783","arr_project":"asha1,asha2"}},
{"type":"Feature","geometry":{"type":"Polygon","coordinates":[[[89.031,26.42796],[89.02812,26.42897],[89.02698,26.4313],[89.02363,26.43054],[89.02421,26.42702],[89.03102,26.42697],[89.031,26.42796]]]},"properties":{"District":"Koch Bihar","Dist_LGD":"329","Sub_dist":"Mekliganj","Subdis_LGD":"2180","Subdis_Typ":"Cd_Block","Vill_name":"Satgharia","Vill_Cat":"Rural","Vill_LGD":"307785","arr_project":"asha1,asha2"}},
{"type":"Feature","geometry":{"type":"Polygon","coordinates":[[[89.01428,26.41941],[89.0135,26.42113],[89.01456,26.42462],[89.01202,26.42547],[89.01104,26.424],[89.00752,26.42475],[89.00419,26.42134],[89.00495,26.41674],[89.0071,26.41275],[89.01326,26.41367],[89.00985,26.41428],[89.00863,26.41616],[89.01177,26.41877],[89.01428,26.41941]]]},"properties":{"District":"Koch Bihar","Dist_LGD":"329","Sub_dist":"Mekliganj","Subdis_LGD":"2180","Subdis_Typ":"Cd_Block","Vill_name":"Buraburi Patchhara","Vill_Cat":"Rural","Vill_LGD":"307790","arr_project":"asha1,asha2"}},
{"type":"Feature","geometry":{"type":"Polygon","coordinates":[[[89.01834,26.41489],[89.01759,26.41749],[89.01428,26.41941],[89.01177,26.41877],[89.00863,26.41616],[89.00985,26.41428],[89.01326,26.41367],[89.01834,26.41489]]]},"properties":{"District":"Koch Bihar","Dist_LGD":"329","Sub_dist":"Mekliganj","Subdis_LGD":"2180","Subdis_Typ":"Cd_Block","Vill_name":"Debottar Buraburi","Vill_Cat":"Rural","Vill_LGD":"307789","arr_project":"asha1,asha2"}},
{"type":"Feature","geometry":{"type":"Polygon","coordinates":[[[88.9715,26.47331],[88.96907,26.47427],[88.96911,26.47634],[88.96438,26.48022],[88.95985,26.48012],[88.95952,26.47824],[88.95593,26.47381],[88.95554,26.4697],[88.96164,26.46907],[88.96215,26.46655],[88.95998,26.46532],[88.95546,26.46464],[88.94957,26.46167],[88.94805,26.4593],[88.95096,26.45812],[88.95655,26.45906],[88.96265,26.45785],[88.96829,26.45767],[88.96913,26.46133],[88.97212,26.46247],[88.97108,26.46449],[88.97074,26.47026],[88.9715,26.47331]]]},"properties":{"District":"Koch Bihar","Dist_LGD":"329","Sub_dist":"Mekliganj","Subdis_LGD":"2180","Subdis_Typ":"Cd_Block","Vill_name":"Dora Dabri","Vill_Cat":"Rural","Vill_LGD":"307757","arr_project":"asha1,asha2"}},
{"type":"Feature","geometry":{"type":"Polygon","coordinates":[[[88.99358,26.42296],[88.98717,26.42394],[88.98663,26.42074],[88.99265,26.41894],[88.99515,26.41265],[88.99834,26.41322],[88.99785,26.41546],[88.99518,26.41668],[88.99591,26.41972],[88.99289,26.42032],[88.99358,26.42296]]]},"properties":{"District":"Koch Bihar","Dist_LGD":"329","Sub_dist":"Mekliganj","Subdis_LGD":"2180","Subdis_Typ":"Cd_Block","Vill_name":"Lotamari","Vill_Cat":"Rural","Vill_LGD":"307792","arr_project":"asha1,asha2"}},
{"type":"Feature","geometry":{"type":"Polygon","coordinates":[[[89.04351,26.40965],[89.04118,26.40897],[89.04226,26.40587],[89.04506,26.40552],[89.04597,26.4083],[89.04351,26.40965]]]},"properties":{"District":"Koch Bihar","Dist_LGD":"329","Sub_dist":"Mekliganj","Subdis_LGD":"2180","Subdis_Typ":"Cd_Block","Vill_name":"Bhogramguri","Vill_Cat":"Rural","Vill_LGD":"307787","arr_project":"asha1,asha2"}},
{"type":"Feature","geometry":{"type":"Polygon","coordinates":[[[88.90425,26.39565],[88.90411,26.39883],[88.90111,26.39983],[88.89618,26.40017],[88.89786,26.3958],[88.90425,26.39565]]]},"properties":{"District":"Koch Bihar","Dist_LGD":"329","Sub_dist":"Mekliganj","Subdis_LGD":"2180","Subdis_Typ":"Cd_Block","Vill_name":"Dakshin Panisala","Vill_Cat":"Rural","Vill_LGD":"307815","arr_project":"asha1,asha2"}},
{"type":"Feature","geometry":{"type":"Polygon","coordinates":[[[88.88016,26.37918],[88.88583,26.38034],[88.8857,26.38209],[88.88267,26.38756],[88.88102,26.38936],[88.8832,26.3908],[88.87888,26.39488],[88.88204,26.3954],[88.8816,26.39772],[88.87771,26.39986],[88.87749,26.40326],[88.87448,26.40086],[88.87261,26.40119],[88.86985,26.39936],[88.86781,26.39361],[88.86492,26.39224],[88.86211,26.39364],[88.8632,26.39157],[88.86063,26.38967],[88.86196,26.38788],[88.8601,26.38596],[88.86342,26.384],[88.8661,26.3838],[88.86842,26.37897],[88.86788,26.37487],[88.87368,26.37475],[88.87568,26.37612],[88.87472,26.37902],[88.88016,26.37918]]]},"properties":{"District":"Koch Bihar","Dist_LGD":"329","Sub_dist":"Mekliganj","Subdis_LGD":"2180","Subdis_Typ":"Cd_Block","Vill_name":"Bara Nijtaraf","Vill_Cat":"Rural","Vill_LGD":"307819","arr_project":"asha1,asha2"}},
{"type":"Feature","geometry":{"type":"Polygon","coordinates":[[[88.94664,26.35573],[88.94133,26.35779],[88.9354,26.35778],[88.93351,26.35313],[88.93561,26.35081],[88.93624,26.34833],[88.93474,26.34672],[88.94102,26.3468],[88.94336,26.34415],[88.94547,26.33949],[88.95182,26.33999],[88.95388,26.34237],[88.9563,26.34132],[88.95893,26.34355],[88.95632,26.34539],[88.95285,26.34622],[88.95229,26.34377],[88.94603,26.34389],[88.94626,26.34623],[88.94879,26.34856],[88.94903,26.3518],[88.94744,26.35221],[88.94664,26.35573]]]},"properties":{"District":"Koch Bihar","Dist_LGD":"329","Sub_dist":"Mekliganj","Subdis_LGD":"2180","Subdis_Typ":"Cd_Block","Vill_name":"Uttar Fulkar Dabri","Vill_Cat":"Rural","Vill_LGD":"307687","arr_project":"asha1,asha2"}},
{"type":"Feature","geometry":{"type":"Polygon","coordinates":[[[88.92609,26.34383],[88.92726,26.34107],[88.93303,26.34147],[88.93459,26.34251],[88.93474,26.34672],[88.92846,26.34625],[88.92609,26.34383]]]},"properties":{"District":"Koch Bihar","Dist_LGD":"329","Sub_dist":"Mekliganj","Subdis_LGD":"2180","Subdis_Typ":"Cd_Block","Vill_name":"Chhota Kharkharia","Vill_Cat":"Rural","Vill_LGD":"307690","arr_project":"asha1,asha2"}},
{"type":"Feature","geometry":{"type":"Polygon","coordinates":[[[88.9101,26.36235],[88.90819,26.36259],[88.89749,26.36206],[88.89933,26.3554],[88.89423,26.35511],[88.88833,26.3549],[88.89084,26.35194],[88.89467,26.35243],[88.89523,26.35042],[88.89604,26.34829],[88.89925,26.34794],[88.90473,26.34547],[88.90872,26.34209],[88.91048,26.33909],[88.91457,26.34014],[88.91759,26.3371],[88.91853,26.34071],[88.92089,26.34263],[88.91769,26.34234],[88.91433,26.34626],[88.9151,26.34907],[88.91243,26.3491],[88.91126,26.35153],[88.91376,26.35386],[88.9143,26.35671],[88.91091,26.35667],[88.91149,26.36062],[88.9101,26.36235]]]},"properties":{"District":"Koch Bihar","Dist_LGD":"329","Sub_dist":"Mekliganj","Subdis_LGD":"2180","Subdis_Typ":"Cd_Block","Vill_name":"Mekliganj (M)","Vill_Cat":"Fully_Urban","Vill_LGD":"801644","arr_project":"asha1,asha2"}},
{"type":"Feature","geometry":{"type":"Polygon","coordinates":[[[88.94547,26.33949],[88.94336,26.34415],[88.94102,26.3468],[88.93474,26.34672],[88.93459,26.34251],[88.93623,26.34159],[88.93618,26.33755],[88.93486,26.33659],[88.93775,26.33528],[88.9451,26.33755],[88.94547,26.33949]]]},"properties":{"District":"Koch Bihar","Dist_LGD":"329","Sub_dist":"Mekliganj","Subdis_LGD":"2180","Subdis_Typ":"Cd_Block","Vill_name":"Uttar Fulkar Dabri Bajejama","Vill_Cat":"Rural","Vill_LGD":"307689","arr_project":"asha1,asha2"}},
{"type":"Feature","geometry":{"type":"Polygon","coordinates":[[[88.93775,26.33528],[88.93486,26.33659],[88.93237,26.3354],[88.92695,26.33558],[88.92771,26.3317],[88.93801,26.33483],[88.93775,26.33528]]]},"properties":{"District":"Koch Bihar","Dist_LGD":"329","Sub_dist":"Mekliganj","Subdis_LGD":"2180","Subdis_Typ":"Cd_Block","Vill_name":"Chhota Fulkar Dabri Kharkharia","Vill_Cat":"Rural","Vill_LGD":"307691","arr_project":"asha1,asha2"}},
{"type":"Feature","geometry":{"type":"Polygon","coordinates":[[[88.91808,26.32558],[88.91501,26.32818],[88.91572,26.32224],[88.92147,26.31457],[88.92349,26.30902],[88.92704,26.30782],[88.9309,26.30538],[88.92868,26.31087],[88.92315,26.31514],[88.92368,26.31814],[88.91808,26.32558]]]},"properties":{"District":"Koch Bihar","Dist_LGD":"329","Sub_dist":"Mekliganj","Subdis_LGD":"2180","Subdis_Typ":"Cd_Block","Vill_name":"Dakshin Mekliganj","Vill_Cat":"Rural","Vill_LGD":"307836","arr_project":"asha1,asha2"}},
{"type":"Feature","geometry":{"type":"Polygon","coordinates":[[[88.946,26.31707],[88.94347,26.32341],[88.947,26.32354],[88.94711,26.32718],[88.94208,26.32723],[88.94211,26.32313],[88.93749,26.32313],[88.93543,26.32127],[88.93606,26.31588],[88.9375,26.3129],[88.946,26.31707]]]},"properties":{"District":"Koch Bihar","Dist_LGD":"329","Sub_dist":"Mekliganj","Subdis_LGD":"2180","Subdis_Typ":"Cd_Block","Vill_name":"Dakshin Fulkardabri","Vill_Cat":"Rural","Vill_LGD":"307706","arr_project":"asha1,asha2"}},
{"type":"Feature","geometry":{"type":"Polygon","coordinates":[[[88.95967,26.30494],[88.95928,26.30947],[88.96266,26.30945],[88.96339,26.31294],[88.95739,26.31516],[88.9578,26.31756],[88.95415,26.31758],[88.95167,26.31652],[88.95371,26.30932],[88.95337,26.30355],[88.95623,26.30486],[88.95967,26.30494]]]},"properties":{"District":"Koch Bihar","Dist_LGD":"329","Sub_dist":"Mekliganj","Subdis_LGD":"2180","Subdis_Typ":"Cd_Block","Vill_name":"Madhya Fulkardabri Kharkharia","Vill_Cat":"Rural","Vill_LGD":"307705","arr_project":"asha1,asha2"}},
{"type":"Feature","geometry":{"type":"Polygon","coordinates":[[[88.96428,26.30267],[88.96911,26.30355],[88.97178,26.30121],[88.97553,26.30059],[88.97634,26.29889],[88.97944,26.29913],[88.97952,26.30113],[88.9829,26.30109],[88.98433,26.30226],[88.98439,26.30567],[88.98254,26.30951],[88.98556,26.31383],[88.98706,26.31736],[88.98586,26.3194],[88.98336,26.32029],[88.98292,26.32291],[88.97957,26.32517],[88.97731,26.32153],[88.97305,26.31992],[88.97135,26.3157],[88.96761,26.31607],[88.96603,26.31855],[88.96242,26.31983],[88.9578,26.31756],[88.95739,26.31516],[88.96339,26.31294],[88.96266,26.30945],[88.95928,26.30947],[88.95967,26.30494],[88.96338,26.30542],[88.96428,26.30267]]]},"properties":{"District":"Koch Bihar","Dist_LGD":"329","Sub_dist":"Mekliganj","Subdis_LGD":"2180","Subdis_Typ":"Cd_Block","Vill_name":"Fulkardabri Kasiabari","Vill_Cat":"Rural","Vill_LGD":"307713","arr_project":"asha1,asha2"}},
{"type":"Feature","geometry":{"type":"Polygon","coordinates":[[[88.97305,26.31992],[88.97086,26.32244],[88.97156,26.32527],[88.96773,26.327],[88.96672,26.33325],[88.96801,26.33462],[88.95944,26.33403],[88.95955,26.33204],[88.96394,26.33139],[88.96217,26.32747],[88.96388,26.32435],[88.96242,26.31983],[88.96603,26.31855],[88.96761,26.31607],[88.97135,26.3157],[88.97305,26.31992]]]},"properties":{"District":"Koch Bihar","Dist_LGD":"329","Sub_dist":"Mekliganj","Subdis_LGD":"2180","Subdis_Typ":"Cd_Block","Vill_name":"Fulkardabri Bajejama","Vill_Cat":"Rural","Vill_LGD":"307708","arr_project":"asha1,asha2"}},
{"type":"Feature","geometry":{"type":"Polygon","coordinates":[[[88.97346,26.33315],[88.96801,26.33462],[88.96672,26.33325],[88.96773,26.327],[88.97156,26.32527],[88.97086,26.32244],[88.97305,26.31992],[88.97731,26.32153],[88.97957,26.32517],[88.98292,26.32291],[88.98486,26.32518],[88.98289,26.32796],[88.98118,26.33042],[88.97503,26.32943],[88.97346,26.33315]]]},"properties":{"District":"Koch Bihar","Dist_LGD":"329","Sub_dist":"Mekliganj","Subdis_LGD":"2180","Subdis_Typ":"Cd_Block","Vill_name":"Purba Fulkar Dabri","Vill_Cat":"Rural","Vill_LGD":"307711","arr_project":"asha1,asha2"}},
{"type":"Feature","geometry":{"type":"Polygon","coordinates":[[[88.97634,26.29889],[88.97553,26.30059],[88.97178,26.30121],[88.96911,26.30355],[88.96428,26.30267],[88.96416,26.30009],[88.96107,26.29981],[88.96078,26.29495],[88.96773,26.29629],[88.96965,26.29476],[88.97572,26.29531],[88.97634,26.29889]]]},"properties":{"District":"Koch Bihar","Dist_LGD":"329","Sub_dist":"Mekliganj","Subdis_LGD":"2180","Subdis_Typ":"Cd_Block","Vill_name":"Andaran Kharkharia","Vill_Cat":"Rural","Vill_LGD":"307704","arr_project":"asha1,asha2"}},
{"type":"Feature","geometry":{"type":"Polygon","coordinates":[[[88.86446,26.35718],[88.86737,26.35263],[88.87026,26.35191],[88.87025,26.34994],[88.87447,26.3471],[88.87887,26.34602],[88.88032,26.34389],[88.88541,26.34112],[88.88665,26.34149],[88.88557,26.34503],[88.88238,26.34824],[88.87678,26.35224],[88.87338,26.35261],[88.87231,26.35516],[88.86764,26.35706],[88.86446,26.35718]]]},"properties":{"District":"Koch Bihar","Dist_LGD":"329","Sub_dist":"Mekliganj","Subdis_LGD":"2180","Subdis_Typ":"Cd_Block","Vill_name":"Paschim Bhotbari","Vill_Cat":"Rural","Vill_LGD":"307825","arr_project":"asha1,asha2"}},
{"type":"Feature","geometry":{"type":"Polygon","coordinates":[[[88.91848,26.36014],[88.9215,26.36258],[88.92151,26.3642],[88.91869,26.36626],[88.91418,26.36524],[88.91091,26.36804],[88.91008,26.36672],[88.9101,26.36235],[88.91149,26.36062],[88.91659,26.35897],[88.91848,26.36014]]]},"properties":{"District":"Koch Bihar","Dist_LGD":"329","Sub_dist":"Mekliganj","Subdis_LGD":"2180","Subdis_Typ":"Cd_Block","Vill_name":"Uttar Fulkar Dabri Kharkharia","Vill_Cat":"Rural","Vill_LGD":"307832","arr_project":"asha1,asha2"}},
{"type":"Feature","geometry":{"type":"Polygon","coordinates":[[[88.94903,26.3518],[88.95076,26.35434],[88.95838,26.35794],[88.95831,26.3617],[88.95463,26.3618],[88.95324,26.36597],[88.94964,26.36586],[88.94834,26.36074],[88.94726,26.3606],[88.94664,26.35573],[88.94744,26.35221],[88.94903,26.3518]]]},"properties":{"District":"Koch Bihar","Dist_LGD":"329","Sub_dist":"Mekliganj","Subdis_LGD":"2180","Subdis_Typ":"Cd_Block","Vill_name":"Dakshin Hemkumari","Vill_Cat":"Rural","Vill_LGD":"307688","arr_project":"asha1,asha2"}},
{"type":"Feature","geometry":{"type":"Polygon","coordinates":[[[88.91091,26.36804],[88.91057,26.37098],[88.91344,26.37416],[88.91996,26.37459],[88.92049,26.37855],[88.9142,26.37781],[88.91221,26.38029],[88.90898,26.38068],[88.90567,26.37896],[88.90815,26.37558],[88.90894,26.37298],[88.90827,26.36996],[88.91008,26.36672],[88.91091,26.36804]]]},"properties":{"District":"Koch Bihar","Dist_LGD":"329","Sub_dist":"Mekliganj","Subdis_LGD":"2180","Subdis_Typ":"Cd_Block","Vill_name":"Purba Nijtaraf","Vill_Cat":"Rural","Vill_LGD":"307817","arr_project":"asha1,asha2"}},
{"type":"Feature","geometry":{"type":"Polygon","coordinates":[[[88.96954,26.34978],[88.96312,26.35008],[88.95903,26.34796],[88.9625,26.34547],[88.96161,26.34099],[88.9628,26.33629],[88.95936,26.33588],[88.95944,26.33403],[88.96801,26.33462],[88.97346,26.33315],[88.97456,26.33416],[88.97227,26.34484],[88.96812,26.34521],[88.96954,26.34978]]]},"properties":{"District":"Koch Bihar","Dist_LGD":"329","Sub_dist":"Mekliganj","Subdis_LGD":"2180","Subdis_Typ":"Cd_Block","Vill_name":"Bhotbari","Vill_Cat":"Rural","Vill_LGD":"307709","arr_project":"asha1,asha2"}},
{"type":"Feature","geometry":{"type":"Polygon","coordinates":[[[88.98965,26.33293],[88.9868,26.33203],[88.98474,26.33397],[88.98428,26.33701],[88.98169,26.34101],[88.98565,26.34088],[88.98701,26.33829],[88.98988,26.3385],[88.98674,26.34366],[88.98656,26.34774],[88.98438,26.34908],[88.98203,26.34749],[88.97768,26.34807],[88.97487,26.35081],[88.97148,26.3514],[88.96954,26.34978],[88.96812,26.34521],[88.97227,26.34484],[88.97456,26.33416],[88.97346,26.33315],[88.97503,26.32943],[88.98118,26.33042],[88.98289,26.32796],[88.98421,26.32914],[88.98849,26.3291],[88.98965,26.33293]]]},"properties":{"District":"Koch Bihar","Dist_LGD":"329","Sub_dist":"Mekliganj","Subdis_LGD":"2180","Subdis_Typ":"Cd_Block","Vill_name":"Bagdokara","Vill_Cat":"Rural","Vill_LGD":"307710","arr_project":"asha1,asha2"}},
{"type":"Feature","geometry":{"type":"Polygon","coordinates":[[[88.99245,26.33437],[88.98965,26.33293],[88.98849,26.3291],[88.98421,26.32914],[88.98289,26.32796],[88.98486,26.32518],[88.98292,26.32291],[88.98336,26.32029],[88.98586,26.3194],[88.98706,26.31736],[88.99325,26.31494],[88.99481,26.31325],[88.99704,26.31394],[88.99702,26.3164],[88.99413,26.31725],[88.99396,26.3199],[88.9914,26.32234],[88.99789,26.32241],[88.99979,26.32552],[89.00085,26.32977],[88.99868,26.33178],[88.99252,26.33272],[88.99245,26.33437]]]},"properties":{"District":"Koch Bihar","Dist_LGD":"329","Sub_dist":"Mekliganj","Subdis_LGD":"2180","Subdis_Typ":"Cd_Block","Vill_name":"Purba Bhotbari","Vill_Cat":"Rural","Vill_LGD":"307712","arr_project":"asha1,asha2"}},
{"type":"Feature","geometry":{"type":"Polygon","coordinates":[[[88.98433,26.30226],[88.9829,26.30109],[88.98475,26.2966],[88.98375,26.29439],[88.98863,26.29449],[88.99474,26.29179],[88.9952,26.29045],[88.99542,26.29068],[88.9959,26.29669],[88.99747,26.29965],[88.98482,26.30056],[88.98433,26.30226]]]},"properties":{"District":"Koch Bihar","Dist_LGD":"329","Sub_dist":"Mekliganj","Subdis_LGD":"2180","Subdis_Typ":"Cd_Block","Vill_name":"Upenchowki Kuchlibari","Vill_Cat":"Rural","Vill_LGD":"307714","arr_project":"asha1,asha2"}},
{"type":"Feature","geometry":{"type":"Polygon","coordinates":[[[89.01373,26.29149],[89.01223,26.29249],[89.01224,26.29622],[89.01018,26.30183],[89.00701,26.30334],[89.00455,26.30081],[89.00336,26.29593],[89.00113,26.29519],[88.99991,26.29089],[89.00179,26.2879],[89.00467,26.28564],[89.00441,26.28284],[89.00144,26.28205],[89.00233,26.27959],[89.01016,26.27841],[89.01194,26.28224],[89.01286,26.2895],[89.01373,26.29149]]]},"properties":{"District":"Koch Bihar","Dist_LGD":"329","Sub_dist":"Mekliganj","Subdis_LGD":"2180","Subdis_Typ":"Cd_Block","Vill_name":"Fulkardabri Kharkharia","Vill_Cat":"Rural","Vill_LGD":"307716","arr_project":"asha1,asha2"}},
{"type":"Feature","geometry":{"type":"Polygon","coordinates":[[[88.98167,26.28439],[88.9919,26.2835],[88.9952,26.29045],[88.99474,26.29179],[88.98863,26.29449],[88.98375,26.29439],[88.9831,26.28883],[88.98167,26.28439]]]},"properties":{"District":"Koch Bihar","Dist_LGD":"329","Sub_dist":"Mekliganj","Subdis_LGD":"2180","Subdis_Typ":"Cd_Block","Vill_name":"Kuchlibari Balapukuri","Vill_Cat":"Rural","Vill_LGD":"307703","arr_project":"asha1,asha2"}},
{"type":"Feature","geometry":{"type":"Polygon","coordinates":[[[89.00144,26.28205],[89.00441,26.28284],[89.00467,26.28564],[89.00179,26.2879],[88.99991,26.29089],[88.99542,26.29068],[88.9952,26.29045],[88.99733,26.28922],[88.99803,26.28419],[89.00144,26.28205]]]},"properties":{"District":"Koch Bihar","Dist_LGD":"329","Sub_dist":"Mekliganj","Subdis_LGD":"2180","Subdis_Typ":"Cd_Block","Vill_name":"Chhota Jikabari","Vill_Cat":"Rural","Vill_LGD":"307715","arr_project":"asha1,asha2"}},
{"type":"Feature","geometry":{"type":"Polygon","coordinates":[[[88.97494,26.28357],[88.97753,26.28293],[88.98035,26.28005],[88.98728,26.27877],[88.9903,26.28096],[88.99318,26.28086],[88.99544,26.2814],[88.99803,26.28419],[88.99733,26.28922],[88.9952,26.29045],[88.9919,26.2835],[88.98167,26.28439],[88.98146,26.28297],[88.97494,26.28357]]]},"properties":{"District":"Koch Bihar","Dist_LGD":"329","Sub_dist":"Mekliganj","Subdis_LGD":"2180","Subdis_Typ":"Cd_Block","Vill_name":"Dakshin Fulkardabri Kharkharia","Vill_Cat":"Rural","Vill_LGD":"307702","arr_project":"asha1,asha2"}},
{"type":"Feature","geometry":{"type":"Polygon","coordinates":[[[89.02181,26.27071],[89.01693,26.27429],[89.01345,26.27229],[89.01251,26.26933],[89.01582,26.26655],[89.02131,26.26747],[89.02181,26.27071]]]},"properties":{"District":"Koch Bihar","Dist_LGD":"329","Sub_dist":"Mekliganj","Subdis_LGD":"2180","Subdis_Typ":"Cd_Block","Vill_name":"Paschim Upanchauki Kuchlibari","Vill_Cat":"Rural","Vill_LGD":"307721","arr_project":"asha1,asha2"}},
{"type":"Feature","geometry":{"type":"Polygon","coordinates":[[[89.01506,26.2646],[89.01751,26.2631],[89.02078,26.26355],[89.02386,26.26188],[89.02687,26.26195],[89.02753,26.26383],[89.02131,26.26747],[89.01582,26.26655],[89.01517,26.26575],[89.01506,26.2646]]]},"properties":{"District":"Koch Bihar","Dist_LGD":"329","Sub_dist":"Mekliganj","Subdis_LGD":"2180","Subdis_Typ":"Cd_Block","Vill_name":"Dakshin Jamaldaha Balapukharia","Vill_Cat":"Rural","Vill_LGD":"307722","arr_project":"asha1,asha2"}},
{"type":"Feature","geometry":{"type":"Polygon","coordinates":[[[89.00317,26.26574],[89.00626,26.26493],[89.00821,26.26662],[89.01517,26.26575],[89.01582,26.26655],[89.01251,26.26933],[89.01012,26.27102],[89.00536,26.271],[89.00111,26.27029],[88.99724,26.27155],[88.99646,26.26992],[89.0017,26.26744],[89.00317,26.26574]]]},"properties":{"District":"Koch Bihar","Dist_LGD":"329","Sub_dist":"Mekliganj","Subdis_LGD":"2180","Subdis_Typ":"Cd_Block","Vill_name":"Kuchlibari","Vill_Cat":"Rural","Vill_LGD":"307720","arr_project":"asha1,asha2"}},
{"type":"Feature","geometry":{"type":"Polygon","coordinates":[[[88.9854,26.26741],[88.98984,26.2639],[88.99373,26.26258],[88.99623,26.26044],[88.99944,26.25434],[88.99908,26.25656],[89.00126,26.25868],[88.99978,26.26082],[89.0017,26.26399],[89.00344,26.26027],[89.00368,26.25658],[89.00553,26.2565],[89.00494,26.26322],[89.00317,26.26574],[89.0017,26.26744],[88.99646,26.26992],[88.99724,26.27155],[88.99608,26.27386],[88.99173,26.27383],[88.9905,26.27643],[88.98762,26.27433],[88.9922,26.27124],[88.99245,26.26862],[88.9854,26.26741]]]},"properties":{"District":"Koch Bihar","Dist_LGD":"329","Sub_dist":"Mekliganj","Subdis_LGD":"2180","Subdis_Typ":"Cd_Block","Vill_name":"Bajejama Kuchlibari","Vill_Cat":"Rural","Vill_LGD":"307700","arr_project":"asha1,asha2"}},
{"type":"Feature","geometry":{"type":"Polygon","coordinates":[[[89.02687,26.26195],[89.02386,26.26188],[89.02078,26.26355],[89.01751,26.2631],[89.01506,26.2646],[89.01054,26.26031],[89.01069,26.25795],[89.00745,26.25657],[89.00515,26.25171],[89.00347,26.25164],[88.99944,26.25434],[88.99996,26.25192],[88.99876,26.24995],[88.99758,26.24788],[88.99769,26.24467],[88.99966,26.24436],[89.01578,26.24465],[89.01642,26.24356],[89.02136,26.24502],[89.02722,26.24409],[89.02754,26.24765],[89.02674,26.24915],[89.02861,26.2518],[89.03377,26.25133],[89.0376,26.25349],[89.04933,26.25284],[89.049,26.26083],[89.04552,26.25953],[89.03757,26.26303],[89.03507,26.26033],[89.03401,26.25752],[89.0291,26.25623],[89.02866,26.25968],[89.02687,26.26195]]]},"properties":{"District":"Koch Bihar","Dist_LGD":"329","Sub_dist":"Mekliganj","Subdis_LGD":"2180","Subdis_Typ":"Cd_Block","Vill_name":"Upanchauki Kuchlibari","Vill_Cat":"Rural","Vill_LGD":"307723","arr_project":"asha1,asha2"}},
{"type":"Feature","geometry":{"type":"Polygon","coordinates":[[[89.04933,26.25284],[89.0376,26.25349],[89.03377,26.25133],[89.02861,26.2518],[89.02674,26.24915],[89.02754,26.24765],[89.03292,26.24672],[89.03403,26.24294],[89.03662,26.2424],[89.03725,26.24574],[89.04584,26.24071],[89.0489,26.24201],[89.04988,26.24539],[89.04786,26.2457],[89.04875,26.25172],[89.05055,26.25249],[89.04933,26.25284]]]},"properties":{"District":"Koch Bihar","Dist_LGD":"329","Sub_dist":"Mekliganj","Subdis_LGD":"2180","Subdis_Typ":"Cd_Block","Vill_name":"Chhota Kuchlibari","Vill_Cat":"Rural","Vill_LGD":"307729","arr_project":"asha1,asha2"}},
{"type":"Feature","geometry":{"type":"Polygon","coordinates":[[[89.04385,26.27258],[89.04176,26.27148],[89.03834,26.27364],[89.03289,26.27579],[89.03202,26.27735],[89.03061,26.27184],[89.03467,26.26761],[89.03332,26.26534],[89.03757,26.26303],[89.04552,26.25953],[89.049,26.26083],[89.04933,26.25284],[89.05055,26.25249],[89.05188,26.25601],[89.05647,26.25664],[89.05901,26.25399],[89.06227,26.25363],[89.06282,26.25578],[89.06006,26.2568],[89.06054,26.25893],[89.0632,26.2599],[89.06182,26.26312],[89.06137,26.26803],[89.05725,26.26758],[89.05642,26.27062],[89.05179,26.27202],[89.04849,26.27164],[89.04566,26.27004],[89.04385,26.27258]]]},"properties":{"District":"Koch Bihar","Dist_LGD":"329","Sub_dist":"Mekliganj","Subdis_LGD":"2180","Subdis_Typ":"Cd_Block","Vill_name":"Brahmattar Kuchlibari","Vill_Cat":"Rural","Vill_LGD":"307728","arr_project":"asha1,asha2"}},
{"type":"Feature","geometry":{"type":"Polygon","coordinates":[[[89.04511,26.27604],[89.03976,26.27654],[89.03881,26.27754],[89.04058,26.28395],[89.03717,26.28316],[89.03454,26.28236],[89.03252,26.28022],[89.03202,26.27735],[89.03289,26.27579],[89.03834,26.27364],[89.04176,26.27148],[89.04385,26.27258],[89.04573,26.27355],[89.04511,26.27604]]]},"properties":{"District":"Koch Bihar","Dist_LGD":"329","Sub_dist":"Mekliganj","Subdis_LGD":"2180","Subdis_Typ":"Cd_Block","Vill_name":"Madhya Upanchauki Kuchlibari","Vill_Cat":"Rural","Vill_LGD":"307725","arr_project":"asha1,asha2"}},
{"type":"Feature","geometry":{"type":"Polygon","coordinates":[[[89.05433,26.27809],[89.05009,26.2811],[89.04825,26.28145],[89.04453,26.27935],[89.04511,26.27604],[89.04573,26.27355],[89.04385,26.27258],[89.04566,26.27004],[89.04849,26.27164],[89.05179,26.27202],[89.05642,26.27062],[89.05725,26.26758],[89.06137,26.26803],[89.06295,26.2699],[89.06024,26.27507],[89.05513,26.27612],[89.05433,26.27809]]]},"properties":{"District":"Koch Bihar","Dist_LGD":"329","Sub_dist":"Mekliganj","Subdis_LGD":"2180","Subdis_Typ":"Cd_Block","Vill_name":"Purba Bajejama Kuchlibari","Vill_Cat":"Rural","Vill_LGD":"307727","arr_project":"asha1,asha2"}},
{"type":"Feature","geometry":{"type":"Polygon","coordinates":[[[88.9151,26.34907],[88.91433,26.34626],[88.91769,26.34234],[88.92089,26.34263],[88.92155,26.34455],[88.92609,26.34383],[88.92846,26.34625],[88.92799,26.34828],[88.92504,26.34755],[88.92063,26.35005],[88.9164,26.34949],[88.9151,26.34907]]]},"properties":{"District":"Koch Bihar","Dist_LGD":"329","Sub_dist":"Mekliganj","Subdis_LGD":"2180","Subdis_Typ":"Cd_Block","Vill_name":"Dhabalsati Mirgipur","Vill_Cat":"Rural","Vill_LGD":"347145N106","arr_project":"asha1,asha2"}},
{"type":"Feature","geometry":{"type":"Polygon","coordinates":[[[88.99318,26.28086],[88.99482,26.27885],[88.99929,26.27838],[89.00233,26.27959],[89.00144,26.28205],[88.99803,26.28419],[88.99544,26.2814],[88.99318,26.28086]]]},"properties":{"District":"Koch Bihar","Dist_LGD":"329","Sub_dist":"Mekliganj","Subdis_LGD":"2180","Subdis_Typ":"Cd_Block","Vill_name":"Chhit Panbari","Vill_Cat":"Rural","Vill_LGD":"347143N104","arr_project":"asha1,asha2"}},
{"type":"Feature","geometry":{"type":"Polygon","coordinates":[[[89.02687,26.26195],[89.02866,26.25968],[89.0291,26.25623],[89.03401,26.25752],[89.03507,26.26033],[89.03757,26.26303],[89.03332,26.26534],[89.03467,26.26761],[89.03061,26.27184],[89.02672,26.27292],[89.02181,26.27071],[89.02131,26.26747],[89.02753,26.26383],[89.02687,26.26195]]]},"properties":{"District":"Koch Bihar","Dist_LGD":"329","Sub_dist":"Mekliganj","Subdis_LGD":"2180","Subdis_Typ":"Cd_Block","Vill_name":"Chhit Kuchlibari","Vill_Cat":"Rural","Vill_LGD":"347142N103","arr_project":"asha1,asha2"}},
{"type":"Feature","geometry":{"type":"Polygon","coordinates":[[[89.00317,26.26574],[89.00494,26.26322],[89.00553,26.2565],[89.00368,26.25658],[89.00344,26.26027],[89.0017,26.26399],[88.99978,26.26082],[89.00126,26.25868],[88.99908,26.25656],[88.99944,26.25434],[89.00347,26.25164],[89.00515,26.25171],[89.00745,26.25657],[89.01069,26.25795],[89.01054,26.26031],[89.01506,26.2646],[89.01517,26.26575],[89.00821,26.26662],[89.00626,26.26493],[89.00317,26.26574]]]},"properties":{"District":"Koch Bihar","Dist_LGD":"329","Sub_dist":"Mekliganj","Subdis_LGD":"2180","Subdis_Typ":"Cd_Block","Vill_name":"Balapukari","Vill_Cat":"Rural","Vill_LGD":"347141N102","arr_project":"asha1,asha2"}},
{"type":"Feature","geometry":{"type":"Polygon","coordinates":[[[89.0121,26.52661],[89.0091,26.52847],[89.00212,26.53092],[89.00202,26.53211],[88.99724,26.53345],[88.99171,26.53379],[88.98991,26.52934],[88.98822,26.52718],[88.98356,26.52748],[88.98277,26.52301],[88.98296,26.5167],[88.98434,26.51572],[88.9825,26.51124],[88.98038,26.51226],[88.98066,26.51524],[88.97979,26.51943],[88.97822,26.52022],[88.97863,26.51604],[88.97521,26.51464],[88.97449,26.51902],[88.97019,26.51967],[88.96983,26.51565],[88.97042,26.51154],[88.97439,26.51061],[88.97553,26.50893],[88.98038,26.50691],[88.98287,26.50753],[88.98651,26.50545],[88.98915,26.50995],[88.99089,26.5116],[88.99612,26.51197],[88.999,26.5147],[89.00183,26.5143],[89.00329,26.51151],[89.00849,26.50841],[89.01011,26.50887],[89.0105,26.51135],[89.0072,26.51425],[89.00653,26.51613],[89.0097,26.51991],[89.01161,26.52071],[89.0121,26.52661]]]},"properties":{"District":"Koch Bihar","Dist_LGD":"329","Sub_dist":"Mekliganj","Subdis_LGD":"2180","Subdis_Typ":"Cd_Block","Vill_name":"Sarhati","Vill_Cat":"Rural","Vill_LGD":"307733","arr_project":"asha1,asha2"}},
{"type":"Feature","geometry":{"type":"Polygon","coordinates":[[[88.98563,26.53544],[88.98417,26.53721],[88.98004,26.53944],[88.9761,26.53365],[88.97356,26.5313],[88.9701,26.53336],[88.97056,26.53129],[88.96718,26.52481],[88.96217,26.52494],[88.96164,26.52276],[88.9568,26.51466],[88.95671,26.51162],[88.95486,26.51067],[88.95482,26.50765],[88.95223,26.50579],[88.95466,26.50408],[88.95776,26.50375],[88.9595,26.50295],[88.96189,26.5033],[88.96441,26.4985],[88.96797,26.49756],[88.97095,26.49864],[88.97364,26.49861],[88.97529,26.50029],[88.97906,26.50113],[88.97857,26.50581],[88.98038,26.50691],[88.97553,26.50893],[88.97439,26.51061],[88.97042,26.51154],[88.96983,26.51565],[88.97019,26.51967],[88.97449,26.51902],[88.97521,26.51464],[88.97863,26.51604],[88.97822,26.52022],[88.98126,26.5259],[88.98007,26.52836],[88.9856,26.52975],[88.98563,26.53544]]]},"properties":{"District":"Koch Bihar","Dist_LGD":"329","Sub_dist":"Mekliganj","Subdis_LGD":"2180","Subdis_Typ":"Cd_Block","Vill_name":"Soulmari","Vill_Cat":"Rural","Vill_LGD":"307731","arr_project":"asha1,asha2"}},
{"type":"Feature","geometry":{"type":"Polygon","coordinates":[[[88.94932,26.49766],[88.94846,26.49557],[88.94327,26.49599],[88.94119,26.48797],[88.93974,26.48517],[88.94397,26.47968],[88.94516,26.47686],[88.94442,26.47477],[88.94886,26.4737],[88.95122,26.47894],[88.94476,26.47979],[88.94447,26.48372],[88.94915,26.4833],[88.94996,26.48595],[88.95301,26.48839],[88.9595,26.48953],[88.96005,26.48737],[88.96577,26.48806],[88.96294,26.49089],[88.96392,26.49401],[88.95998,26.49517],[88.96125,26.49834],[88.9595,26.50295],[88.95776,26.50375],[88.95732,26.50054],[88.95911,26.49686],[88.95573,26.49636],[88.95473,26.49775],[88.95057,26.4976],[88.94932,26.49766]]]},"properties":{"District":"Koch Bihar","Dist_LGD":"329","Sub_dist":"Mekliganj","Subdis_LGD":"2180","Subdis_Typ":"Cd_Block","Vill_name":"Dakshin Alokjhari","Vill_Cat":"Rural","Vill_LGD":"307754","arr_project":"asha1,asha2"}},
{"type":"Feature","geometry":{"type":"Polygon","coordinates":[[[88.81956,26.34117],[88.8227,26.34134],[88.82721,26.33833],[88.83099,26.3392],[88.8311,26.34227],[88.82788,26.34509],[88.82786,26.348],[88.82564,26.34967],[88.82605,26.35186],[88.81992,26.35392],[88.81551,26.35384],[88.81187,26.34701],[88.81274,26.34564],[88.81707,26.3447],[88.81956,26.34117]]]},"properties":{"District":"Koch Bihar","Dist_LGD":"329","Sub_dist":"Haldibari","Subdis_LGD":"2179","Subdis_Typ":"Cd_Block","Vill_name":"Pran Majumder","Vill_Cat":"Rural","Vill_LGD":"307657","arr_project":"asha1,asha2"}},
{"type":"Feature","geometry":{"type":"Polygon","coordinates":[[[88.83148,26.33314],[88.83452,26.33166],[88.83702,26.33451],[88.83798,26.33729],[88.83634,26.33818],[88.83223,26.33671],[88.83148,26.33314]]]},"properties":{"District":"Koch Bihar","Dist_LGD":"329","Sub_dist":"Haldibari","Subdis_LGD":"2179","Subdis_Typ":"Cd_Block","Vill_name":"Andaran Bajejama","Vill_Cat":"Rural","Vill_LGD":"307662","arr_project":"asha1,asha2"}},
{"type":"Feature","geometry":{"type":"Polygon","coordinates":[[[88.78551,26.33588],[88.78426,26.3319],[88.78066,26.32779],[88.78379,26.32544],[88.78518,26.32523],[88.78807,26.32773],[88.78807,26.33195],[88.78934,26.33337],[88.78674,26.33527],[88.78551,26.33588]]]},"properties":{"District":"Koch Bihar","Dist_LGD":"329","Sub_dist":"Haldibari","Subdis_LGD":"2179","Subdis_Typ":"Cd_Block","Vill_name":"Bakshiganj Andaran Khasbash (P)","Vill_Cat":"Fully_Urban","Vill_LGD":"307626","arr_project":"asha1,asha2"}},
{"type":"Feature","geometry":{"type":"Polygon","coordinates":[[[88.78379,26.32544],[88.78501,26.32057],[88.7886,26.31812],[88.7909,26.31817],[88.79233,26.32126],[88.7908,26.32385],[88.78518,26.32523],[88.78379,26.32544]]]},"properties":{"District":"Koch Bihar","Dist_LGD":"329","Sub_dist":"Haldibari","Subdis_LGD":"2179","Subdis_Typ":"Cd_Block","Vill_name":"Debottar Bakshiganj","Vill_Cat":"Rural","Vill_LGD":"307627","arr_project":"asha1,asha2"}},
{"type":"Feature","geometry":{"type":"Polygon","coordinates":[[[88.83634,26.33818],[88.83798,26.33729],[88.83702,26.33451],[88.83705,26.33449],[88.84556,26.33471],[88.84463,26.33749],[88.84751,26.33751],[88.84545,26.34197],[88.84076,26.34197],[88.83987,26.34312],[88.83675,26.33896],[88.83634,26.33818]]]},"properties":{"District":"Koch Bihar","Dist_LGD":"329","Sub_dist":"Haldibari","Subdis_LGD":"2179","Subdis_Typ":"Cd_Block","Vill_name":"Purba Fate Mamud","Vill_Cat":"Rural","Vill_LGD":"307664","arr_project":"asha1,asha2"}},
{"type":"Feature","geometry":{"type":"Polygon","coordinates":[[[88.83196,26.28815],[88.83072,26.29011],[88.82827,26.29015],[88.82612,26.29292],[88.8259,26.29681],[88.82202,26.29561],[88.81894,26.29451],[88.81316,26.28846],[88.81188,26.28335],[88.81121,26.27735],[88.81026,26.27419],[88.81372,26.27338],[88.81488,26.269],[88.81456,26.26515],[88.81205,26.26478],[88.81302,26.26167],[88.81269,26.25655],[88.81483,26.25517],[88.81897,26.25525],[88.81945,26.2538],[88.82313,26.25335],[88.8233,26.24856],[88.82905,26.24972],[88.82928,26.24566],[88.82658,26.24297],[88.82827,26.2395],[88.83094,26.24019],[88.83184,26.23825],[88.83797,26.23816],[88.83821,26.23265],[88.84382,26.2306],[88.84368,26.23254],[88.85033,26.23459],[88.85418,26.23505],[88.85707,26.23313],[88.85776,26.23581],[88.86529,26.23749],[88.86692,26.23489],[88.87052,26.2368],[88.87061,26.23895],[88.86835,26.24352],[88.86936,26.24528],[88.86804,26.24566],[88.86722,26.24975],[88.86135,26.25201],[88.86172,26.25983],[88.86131,26.26237],[88.86034,26.26702],[88.8585,26.26873],[88.8574,26.26126],[88.85614,26.26134],[88.85399,26.26551],[88.84951,26.26559],[88.8452,26.26398],[88.84431,26.26808],[88.8496,26.26822],[88.85597,26.27147],[88.856,26.27454],[88.84962,26.27341],[88.84791,26.27192],[88.84373,26.27229],[88.84391,26.27483],[88.84709,26.27848],[88.84605,26.2803],[88.84669,26.28588],[88.84082,26.28435],[88.8397,26.28639],[88.83344,26.28494],[88.83196,26.28815]],[[88.82941,26.25342],[88.82558,26.25374],[88.82569,26.25809],[88.8244,26.26561],[88.82945,26.26519],[88.83118,26.26271],[88.83036,26.26007],[88.83383,26.2593],[88.83485,26.2544],[88.84053,26.25335],[88.8408,26.25729],[88.84527,26.25836],[88.84852,26.2532],[88.84114,26.25295],[88.83868,26.25199],[88.83889,26.24872],[88.83543,26.24813],[88.83348,26.25022],[88.83155,26.2498],[88.82941,26.25342]]]},"properties":{"District":"Koch Bihar","Dist_LGD":"329","Sub_dist":"Haldibari","Subdis_LGD":"2179","Subdis_Typ":"Cd_Block","Vill_name":"Hemkumari","Vill_Cat":"Rural","Vill_LGD":"307632","arr_project":"asha1,asha2"}},
{"type":"Feature","geometry":{"type":"Polygon","coordinates":[[[88.83485,26.2544],[88.83383,26.2593],[88.83036,26.26007],[88.83118,26.26271],[88.82945,26.26519],[88.8244,26.26561],[88.82569,26.25809],[88.82558,26.25374],[88.82941,26.25342],[88.83485,26.2544]]]},"properties":{"District":"Koch Bihar","Dist_LGD":"329","Sub_dist":"Haldibari","Subdis_LGD":"2179","Subdis_Typ":"Cd_Block","Vill_name":"Tattaram","Vill_Cat":"Rural","Vill_LGD":"307633","arr_project":"asha1,asha2"}},
{"type":"Feature","geometry":{"type":"Polygon","coordinates":[[[88.87012,26.29155],[88.86717,26.29692],[88.86755,26.30095],[88.8651,26.30979],[88.86423,26.31852],[88.85865,26.31607],[88.85585,26.31417],[88.84803,26.31617],[88.84872,26.31142],[88.84806,26.31031],[88.84997,26.3078],[88.85256,26.30713],[88.85279,26.30408],[88.85567,26.30004],[88.85797,26.30071],[88.85796,26.29705],[88.8598,26.29185],[88.86175,26.29041],[88.86473,26.29113],[88.86897,26.28613],[88.86919,26.29061],[88.87012,26.29155]]]},"properties":{"District":"Koch Bihar","Dist_LGD":"329","Sub_dist":"Haldibari","Subdis_LGD":"2179","Subdis_Typ":"Cd_Block","Vill_name":"Nagar Sahebganj","Vill_Cat":"Rural","Vill_LGD":"307676","arr_project":"asha1,asha2"}},
{"type":"Feature","geometry":{"type":"Polygon","coordinates":[[[88.8355,26.30507],[88.83682,26.30345],[88.84079,26.30291],[88.84455,26.30081],[88.84652,26.301],[88.84991,26.29922],[88.85126,26.29977],[88.85526,26.29747],[88.85796,26.29705],[88.85797,26.30071],[88.85567,26.30004],[88.85279,26.30408],[88.85256,26.30713],[88.84997,26.3078],[88.84806,26.31031],[88.84229,26.31231],[88.8401,26.31384],[88.83882,26.31088],[88.83888,26.30753],[88.83498,26.30739],[88.8355,26.30507]]]},"properties":{"District":"Koch Bihar","Dist_LGD":"329","Sub_dist":"Haldibari","Subdis_LGD":"2179","Subdis_Typ":"Cd_Block","Vill_name":"Jangalbas","Vill_Cat":"Rural","Vill_LGD":"307675","arr_project":"asha1,asha2"}},
{"type":"Feature","geometry":{"type":"Polygon","coordinates":[[[88.89845,26.28862],[88.90392,26.2881],[88.90473,26.29245],[88.90822,26.29211],[88.91118,26.29608],[88.91044,26.30067],[88.9068,26.30511],[88.9027,26.31106],[88.90103,26.31447],[88.89334,26.31968],[88.88861,26.33325],[88.87962,26.33505],[88.88085,26.33109],[88.87887,26.33072],[88.88032,26.32505],[88.8844,26.32323],[88.88936,26.32365],[88.89022,26.3192],[88.88811,26.31849],[88.88661,26.31582],[88.88705,26.31298],[88.88045,26.31],[88.87726,26.30988],[88.87425,26.30789],[88.87747,26.30524],[88.88059,26.30379],[88.88922,26.30431],[88.89439,26.30578],[88.89906,26.30547],[88.90203,26.30112],[88.90068,26.29864],[88.89608,26.29705],[88.89999,26.29153],[88.89845,26.28862]]]},"properties":{"District":"Koch Bihar","Dist_LGD":"329","Sub_dist":"Haldibari","Subdis_LGD":"2179","Subdis_Typ":"Cd_Block","Vill_name":"Mekhliganj","Vill_Cat":"Rural","Vill_LGD":"307683","arr_project":"asha1,asha2"}},
{"type":"Feature","geometry":{"type":"Polygon","coordinates":[[[88.80336,26.3568],[88.80094,26.35654],[88.79375,26.35865],[88.79291,26.3569],[88.79282,26.35603],[88.79859,26.35419],[88.80265,26.35494],[88.80336,26.3568]]]},"properties":{"District":"Koch Bihar","Dist_LGD":"329","Sub_dist":"Haldibari","Subdis_LGD":"2179","Subdis_Typ":"Cd_Block","Vill_name":"Banikanta","Vill_Cat":"Rural","Vill_LGD":"307647","arr_project":"asha1,asha2"}},
{"type":"Feature","geometry":{"type":"Polygon","coordinates":[[[88.97095,26.49864],[88.96797,26.49756],[88.96441,26.4985],[88.96189,26.5033],[88.9595,26.50295],[88.96125,26.49834],[88.95998,26.49517],[88.96392,26.49401],[88.96294,26.49089],[88.96577,26.48806],[88.96586,26.48822],[88.96749,26.49006],[88.96814,26.49362],[88.97095,26.49864]]]},"properties":{"District":"Koch Bihar","Dist_LGD":"329","Sub_dist":"Mekliganj","Subdis_LGD":"2180","Subdis_Typ":"Cd_Block","Vill_name":"Uttar Boknabandha","Vill_Cat":"Rural","Vill_LGD":"307750","arr_project":"asha1,asha2"}},
{"type":"Feature","geometry":{"type":"Polygon","coordinates":[[[88.92701,26.45753],[88.9231,26.46063],[88.91698,26.46103],[88.9171,26.45991],[88.91327,26.45639],[88.91441,26.45259],[88.91203,26.45151],[88.90881,26.45231],[88.90703,26.44953],[88.90572,26.44491],[88.90409,26.44227],[88.90849,26.44458],[88.9102,26.44323],[88.91429,26.44373],[88.91446,26.44515],[88.9202,26.44766],[88.92041,26.45047],[88.92289,26.45284],[88.92655,26.45326],[88.92774,26.4549],[88.92701,26.45753]]]},"properties":{"District":"Koch Bihar","Dist_LGD":"329","Sub_dist":"Mekliganj","Subdis_LGD":"2180","Subdis_Typ":"Cd_Block","Vill_name":"Bara Panisala","Vill_Cat":"Rural","Vill_LGD":"307803","arr_project":"asha1,asha2"}},
{"type":"Feature","geometry":{"type":"Polygon","coordinates":[[[88.94034,26.46003],[88.93946,26.4626],[88.93486,26.46553],[88.92964,26.46501],[88.92945,26.4629],[88.92979,26.45934],[88.9328,26.45627],[88.93907,26.45657],[88.94034,26.46003]]]},"properties":{"District":"Koch Bihar","Dist_LGD":"329","Sub_dist":"Mekliganj","Subdis_LGD":"2180","Subdis_Typ":"Cd_Block","Vill_name":"Kamat Panisala","Vill_Cat":"Rural","Vill_LGD":"307796","arr_project":"asha1,asha2"}},
{"type":"Feature","geometry":{"type":"Polygon","coordinates":[[[88.95119,26.45208],[88.94854,26.45125],[88.94552,26.45722],[88.94318,26.45681],[88.94071,26.45202],[88.93448,26.45245],[88.93304,26.44998],[88.94069,26.45053],[88.94365,26.44679],[88.94616,26.44794],[88.95172,26.44841],[88.95119,26.45208]]]},"properties":{"District":"Koch Bihar","Dist_LGD":"329","Sub_dist":"Mekliganj","Subdis_LGD":"2180","Subdis_Typ":"Cd_Block","Vill_name":"Madhya Panisala","Vill_Cat":"Rural","Vill_LGD":"307795","arr_project":"asha1,asha2"}},
{"type":"Feature","geometry":{"type":"Polygon","coordinates":[[[88.94675,26.44353],[88.94417,26.44299],[88.93944,26.4439],[88.93872,26.44489],[88.9316,26.44428],[88.93324,26.44182],[88.93405,26.44037],[88.93886,26.43909],[88.93881,26.43644],[88.94079,26.43573],[88.94197,26.43317],[88.94468,26.43202],[88.9462,26.43317],[88.95107,26.43363],[88.95119,26.43501],[88.94776,26.4385],[88.94895,26.44315],[88.94675,26.44353]]]},"properties":{"District":"Koch Bihar","Dist_LGD":"329","Sub_dist":"Mekliganj","Subdis_LGD":"2180","Subdis_Typ":"Cd_Block","Vill_name":"Panisala Dwitia Khanda","Vill_Cat":"Rural","Vill_LGD":"307805","arr_project":"asha1,asha2"}},
{"type":"Feature","geometry":{"type":"Polygon","coordinates":[[[88.92294,26.42345],[88.92032,26.42299],[88.91943,26.42482],[88.92061,26.42703],[88.90933,26.42701],[88.90809,26.42593],[88.91049,26.4227],[88.91288,26.41518],[88.91282,26.41295],[88.91807,26.41318],[88.92104,26.41092],[88.92387,26.41091],[88.92477,26.4177],[88.92294,26.42345]]]},"properties":{"District":"Koch Bihar","Dist_LGD":"329","Sub_dist":"Mekliganj","Subdis_LGD":"2180","Subdis_Typ":"Cd_Block","Vill_name":"Nagar Changrabandha (Ct)","Vill_Cat":"Partly_Urban","Vill_LGD":"307872","arr_project":"asha1,asha2"}},
{"type":"Feature","geometry":{"type":"Polygon","coordinates":[[[88.99923,26.45288],[88.99723,26.45396],[88.99471,26.45716],[88.99379,26.45994],[88.98996,26.46342],[88.98558,26.46134],[88.98351,26.4601],[88.97844,26.46099],[88.98171,26.45953],[88.98373,26.45607],[88.9855,26.45409],[88.98865,26.45453],[88.99269,26.45273],[88.99288,26.44919],[88.99765,26.44712],[88.99923,26.45288]]]},"properties":{"District":"Koch Bihar","Dist_LGD":"329","Sub_dist":"Mekliganj","Subdis_LGD":"2180","Subdis_Typ":"Cd_Block","Vill_name":"Bhogjan","Vill_Cat":"Rural","Vill_LGD":"307778","arr_project":"asha1,asha2"}},
{"type":"Feature","geometry":{"type":"Polygon","coordinates":[[[89.04012,26.46001],[89.0397,26.46226],[89.0373,26.46287],[89.03752,26.46666],[89.03577,26.46842],[89.03111,26.47012],[89.0299,26.46665],[89.02938,26.46153],[89.0331,26.45966],[89.03287,26.46098],[89.04012,26.46001]]]},"properties":{"District":"Koch Bihar","Dist_LGD":"329","Sub_dist":"Mekliganj","Subdis_LGD":"2180","Subdis_Typ":"Cd_Block","Vill_name":"Purbba Patchhara Gopalpur","Vill_Cat":"Rural","Vill_LGD":"307767","arr_project":"asha1,asha2"}},
{"type":"Feature","geometry":{"type":"Polygon","coordinates":[[[89.00035,26.44316],[88.99695,26.44427],[88.99387,26.4403],[88.99441,26.43756],[88.99738,26.43622],[89.0004,26.43775],[88.99705,26.43891],[88.9973,26.44095],[89.00035,26.44316]]]},"properties":{"District":"Koch Bihar","Dist_LGD":"329","Sub_dist":"Mekliganj","Subdis_LGD":"2180","Subdis_Typ":"Cd_Block","Vill_name":"Baranagar","Vill_Cat":"Rural","Vill_LGD":"307776","arr_project":"asha1,asha2"}},
{"type":"Feature","geometry":{"type":"Polygon","coordinates":[[[88.94034,26.46003],[88.93907,26.45657],[88.9328,26.45627],[88.92979,26.45934],[88.92945,26.4629],[88.92693,26.46075],[88.92701,26.45753],[88.92774,26.4549],[88.92655,26.45326],[88.92289,26.45284],[88.92041,26.45047],[88.9202,26.44766],[88.91446,26.44515],[88.91429,26.44373],[88.9102,26.44323],[88.90565,26.44042],[88.90399,26.43775],[88.90013,26.4378],[88.90013,26.43699],[88.90314,26.43408],[88.90294,26.43042],[88.90124,26.42857],[88.89857,26.42847],[88.89989,26.42583],[88.90321,26.42645],[88.90633,26.4253],[88.90809,26.42593],[88.90933,26.42701],[88.92061,26.42703],[88.91943,26.42482],[88.92032,26.42299],[88.92294,26.42345],[88.92522,26.42438],[88.93103,26.42454],[88.93261,26.42747],[88.92581,26.42764],[88.92607,26.43207],[88.928,26.43293],[88.93463,26.43147],[88.93797,26.42811],[88.93792,26.42562],[88.94464,26.42561],[88.94269,26.4282],[88.94542,26.42904],[88.94468,26.43202],[88.94197,26.43317],[88.94079,26.43573],[88.93881,26.43644],[88.93886,26.43909],[88.93405,26.44037],[88.93324,26.44182],[88.92822,26.4371],[88.92586,26.43739],[88.92438,26.44267],[88.92992,26.44345],[88.93304,26.44998],[88.93448,26.45245],[88.94071,26.45202],[88.94318,26.45681],[88.94034,26.46003]]]},"properties":{"District":"Koch Bihar","Dist_LGD":"329","Sub_dist":"Mekliganj","Subdis_LGD":"2180","Subdis_Typ":"Cd_Block","Vill_name":"Kamat Chandrabandha","Vill_Cat":"Rural","Vill_LGD":"307806","arr_project":"asha1,asha2"}},
{"type":"Feature","geometry":{"type":"Polygon","coordinates":[[[88.99159,26.43319],[88.98279,26.43521],[88.98102,26.43648],[88.97865,26.43601],[88.98015,26.43159],[88.98293,26.43089],[88.98066,26.42533],[88.98351,26.42441],[88.98288,26.42106],[88.98663,26.42074],[88.98717,26.42394],[88.98722,26.42563],[88.99037,26.42873],[88.99159,26.43319]]]},"properties":{"District":"Koch Bihar","Dist_LGD":"329","Sub_dist":"Mekliganj","Subdis_LGD":"2180","Subdis_Typ":"Cd_Block","Vill_name":"Dwarikamari Ratanpur","Vill_Cat":"Rural","Vill_LGD":"307793","arr_project":"asha1,asha2"}},
{"type":"Feature","geometry":{"type":"Polygon","coordinates":[[[89.00752,26.42475],[89.00668,26.42796],[89.0035,26.42798],[89.00084,26.42623],[88.99598,26.42655],[88.99252,26.42642],[88.99037,26.42873],[88.98722,26.42563],[88.98717,26.42394],[88.99358,26.42296],[88.99373,26.42299],[88.99374,26.42299],[88.99562,26.4207],[88.99918,26.42179],[89.00419,26.42134],[89.00752,26.42475]]]},"properties":{"District":"Koch Bihar","Dist_LGD":"329","Sub_dist":"Mekliganj","Subdis_LGD":"2180","Subdis_Typ":"Cd_Block","Vill_name":"Dwarikamari","Vill_Cat":"Rural","Vill_LGD":"307791","arr_project":"asha1,asha2"}},
{"type":"Feature","geometry":{"type":"Polygon","coordinates":[[[88.83864,26.36678],[88.84359,26.36224],[88.8469,26.36265],[88.84963,26.3664],[88.84732,26.36948],[88.85378,26.37553],[88.85262,26.37657],[88.84773,26.37702],[88.84735,26.37306],[88.84335,26.37163],[88.84441,26.36755],[88.83864,26.36678]]]},"properties":{"District":"Koch Bihar","Dist_LGD":"329","Sub_dist":"Mekliganj","Subdis_LGD":"2180","Subdis_Typ":"Cd_Block","Vill_name":"Bakshiganj","Vill_Cat":"Rural","Vill_LGD":"307823","arr_project":"asha1,asha2"}},
{"type":"Feature","geometry":{"type":"Polygon","coordinates":[[[88.99876,26.24995],[88.99695,26.25165],[88.99391,26.25838],[88.99016,26.25732],[88.9829,26.25653],[88.97875,26.25853],[88.97419,26.25903],[88.97446,26.25635],[88.9743,26.25449],[88.97615,26.25058],[88.979,26.24937],[88.98241,26.24475],[88.99344,26.24548],[88.99769,26.24467],[88.99758,26.24788],[88.99876,26.24995]]]},"properties":{"District":"Koch Bihar","Dist_LGD":"329","Sub_dist":"Mekliganj","Subdis_LGD":"2180","Subdis_Typ":"Cd_Block","Vill_name":"Andaran Kuchlibari","Vill_Cat":"Rural","Vill_LGD":"307699","arr_project":"asha1,asha2"}},
{"type":"Feature","geometry":{"type":"Polygon","coordinates":[[[88.95466,26.50408],[88.95223,26.50579],[88.94483,26.5059],[88.9456,26.50128],[88.94494,26.49819],[88.94932,26.49766],[88.95057,26.4976],[88.95466,26.50408]]]},"properties":{"District":"Koch Bihar","Dist_LGD":"329","Sub_dist":"Mekliganj","Subdis_LGD":"2180","Subdis_Typ":"Cd_Block","Vill_name":"Uttar Alokjhari","Vill_Cat":"Rural","Vill_LGD":"307752","arr_project":"asha1,asha2"}},
{"type":"Feature","geometry":{"type":"Polygon","coordinates":[[[88.86763,26.32502],[88.86265,26.32491],[88.85992,26.32935],[88.85644,26.32764],[88.85298,26.32761],[88.84977,26.32643],[88.84943,26.32431],[88.8488,26.32091],[88.85125,26.31949],[88.85384,26.31965],[88.85585,26.31417],[88.85865,26.31607],[88.86423,26.31852],[88.86531,26.3194],[88.86551,26.31956],[88.86763,26.32502]]]},"properties":{"District":"Koch Bihar","Dist_LGD":"329","Sub_dist":"Haldibari","Subdis_LGD":"2179","Subdis_Typ":"Cd_Block","Vill_name":"Purbba Jangalbas","Vill_Cat":"Rural","Vill_LGD":"307671","arr_project":"asha1,asha2"}},
{"type":"Feature","geometry":{"type":"Polygon","coordinates":[[[89.57054,26.41987],[89.57185,26.41832],[89.56789,26.41323],[89.56453,26.4103],[89.56242,26.40976],[89.55513,26.4101],[89.55488,26.40729],[89.56064,26.4052],[89.56346,26.40589],[89.57125,26.40401],[89.5709,26.40197],[89.57358,26.40013],[89.57421,26.39709],[89.57674,26.39783],[89.57886,26.39998],[89.58807,26.4001],[89.5861,26.40361],[89.58128,26.40537],[89.5829,26.41018],[89.57998,26.41122],[89.58251,26.41639],[89.5769,26.4166],[89.57513,26.41963],[89.57054,26.41987]]]},"properties":{"District":"Koch Bihar","Dist_LGD":"329","Sub_dist":"Tufanganj - I","Subdis_LGD":"2185","Subdis_Typ":"Cd_Block","Vill_name":"Panisala","Vill_Cat":"Rural","Vill_LGD":"308331","arr_project":"asha1,asha2"}},
{"type":"Feature","geometry":{"type":"Polygon","coordinates":[[[89.07524,26.53652],[89.07146,26.53645],[89.06934,26.53739],[89.06589,26.53684],[89.0624,26.53756],[89.06141,26.53417],[89.05673,26.53343],[89.04885,26.53399],[89.05171,26.53111],[89.05143,26.52939],[89.05666,26.52843],[89.06373,26.5315],[89.06891,26.53087],[89.07028,26.52856],[89.06989,26.52563],[89.07445,26.52516],[89.07868,26.52902],[89.07854,26.53253],[89.07384,26.53365],[89.07524,26.53652]]]},"properties":{"District":"Koch Bihar","Dist_LGD":"329","Sub_dist":"Mathabhanga - Ii","Subdis_LGD":"2182","Subdis_Typ":"Cd_Block","Vill_name":"Uttar Tengnamari","Vill_Cat":"Rural","Vill_LGD":"308000","arr_project":"asha1,asha2"}},
{"type":"Feature","geometry":{"type":"Polygon","coordinates":[[[89.01827,26.28991],[89.01654,26.29143],[89.01373,26.29149],[89.01286,26.2895],[89.01194,26.28224],[89.01016,26.27841],[89.01647,26.27742],[89.01746,26.27883],[89.02558,26.27888],[89.02721,26.28296],[89.02698,26.28556],[89.02461,26.28809],[89.0209,26.28878],[89.01827,26.28991]]]},"properties":{"District":"Koch Bihar","Dist_LGD":"329","Sub_dist":"Mekliganj","Subdis_LGD":"2180","Subdis_Typ":"Cd_Block","Vill_name":"Jikabari","Vill_Cat":"Rural","Vill_LGD":"307718","arr_project":"asha1,asha2"}},
{"type":"Feature","geometry":{"type":"Polygon","coordinates":[[[89.40737,26.04153],[89.40668,26.04363],[89.4082,26.04668],[89.40796,26.04891],[89.40464,26.05471],[89.40385,26.05869],[89.39913,26.06307],[89.39439,26.0592],[89.39117,26.06075],[89.3854,26.06122],[89.38357,26.06308],[89.37956,26.0634],[89.38041,26.05499],[89.38299,26.05397],[89.38548,26.0513],[89.38667,26.04939],[89.3903,26.04671],[89.39487,26.04958],[89.39923,26.04506],[89.40207,26.04108],[89.40233,26.03737],[89.40486,26.0344],[89.40644,26.03583],[89.40737,26.04153]]]},"properties":{"District":"Koch Bihar","Dist_LGD":"329","Sub_dist":"Sitai","Subdis_LGD":"2189","Subdis_Typ":"Cd_Block","Vill_name":"Anandaran Singimari","Vill_Cat":"Rural","Vill_LGD":"308754","arr_project":"asha1,asha2"}},
{"type":"Feature","geometry":{"type":"Polygon","coordinates":[[[89.42434,26.07355],[89.42264,26.07694],[89.42396,26.08002],[89.4233,26.08275],[89.42096,26.08526],[89.42226,26.08789],[89.41572,26.08792],[89.41531,26.08183],[89.41642,26.08023],[89.41814,26.07623],[89.41332,26.07628],[89.41098,26.07472],[89.40759,26.07651],[89.40784,26.07801],[89.3987,26.07887],[89.40127,26.07541],[89.40466,26.06914],[89.407,26.05877],[89.41249,26.04717],[89.40951,26.04416],[89.41031,26.04076],[89.41887,26.04192],[89.42376,26.04687],[89.42776,26.04548],[89.42752,26.04644],[89.42869,26.05147],[89.43432,26.05339],[89.43646,26.05606],[89.4361,26.05712],[89.4257,26.0642],[89.42428,26.0663],[89.42276,26.06914],[89.42434,26.07355]]]},"properties":{"District":"Koch Bihar","Dist_LGD":"329","Sub_dist":"Dinhata - I","Subdis_LGD":"2187","Subdis_Typ":"Cd_Block","Vill_name":"Singimari Madnakura","Vill_Cat":"Rural","Vill_LGD":"308543","arr_project":"asha1,asha2"}},
{"type":"Feature","geometry":{"type":"Polygon","coordinates":[[[89.51572,26.22923],[89.51441,26.23105],[89.5104,26.23299],[89.51314,26.23044],[89.51412,26.22702],[89.51328,26.22393],[89.50955,26.2222],[89.50958,26.21848],[89.51508,26.21573],[89.51869,26.2165],[89.51708,26.21759],[89.51932,26.2208],[89.52001,26.22628],[89.51572,26.22923]]]},"properties":{"District":"Koch Bihar","Dist_LGD":"329","Sub_dist":"Koch Bihar - I","Subdis_LGD":"2183","Subdis_Typ":"Cd_Block","Vill_name":"Bara Balasi","Vill_Cat":"Rural","Vill_LGD":"308202","arr_project":"asha1,asha2"}},
{"type":"Feature","geometry":{"type":"Polygon","coordinates":[[[89.21875,26.34439],[89.21576,26.34656],[89.21367,26.35341],[89.21199,26.35483],[89.20771,26.3522],[89.20677,26.35049],[89.20511,26.34527],[89.20193,26.34406],[89.20086,26.34232],[89.20214,26.33882],[89.20459,26.33867],[89.20228,26.33574],[89.20141,26.33027],[89.20345,26.32511],[89.20628,26.32191],[89.20993,26.32115],[89.21169,26.32389],[89.21133,26.32859],[89.21418,26.3283],[89.21485,26.33181],[89.22013,26.33374],[89.22169,26.33897],[89.22122,26.34125],[89.21875,26.34439]]]},"properties":{"District":"Koch Bihar","Dist_LGD":"329","Sub_dist":"Mathabhanga - I","Subdis_LGD":"2181","Subdis_Typ":"Cd_Block","Vill_name":"Mathabhanga (M)","Vill_Cat":"Fully_Urban","Vill_LGD":"801645","arr_project":"asha1,asha2"}},
{"type":"Feature","geometry":{"type":"Polygon","coordinates":[[[88.85763,26.34507],[88.85808,26.34972],[88.85257,26.35217],[88.84974,26.35125],[88.84763,26.35275],[88.84486,26.34755],[88.84535,26.34448],[88.84908,26.34415],[88.85111,26.34084],[88.85401,26.3408],[88.85397,26.34129],[88.85307,26.34456],[88.85763,26.34507]]]},"properties":{"District":"Koch Bihar","Dist_LGD":"329","Sub_dist":"Mekliganj","Subdis_LGD":"2180","Subdis_Typ":"Cd_Block","Vill_name":"Purbba Bakshiganj","Vill_Cat":"Rural","Vill_LGD":"307666","arr_project":"asha1,asha2"}},
{"type":"Feature","geometry":{"type":"Polygon","coordinates":[[[89.55492,26.09413],[89.5602,26.09253],[89.56523,26.09252],[89.56912,26.09168],[89.57173,26.09377],[89.57128,26.0955],[89.56685,26.09882],[89.56406,26.09899],[89.56037,26.09861],[89.55697,26.09937],[89.55679,26.09642],[89.55492,26.09413]]]},"properties":{"District":"Koch Bihar","Dist_LGD":"329","Sub_dist":"Dinhata - Ii","Subdis_LGD":"2188","Subdis_Typ":"Cd_Block","Vill_name":"Simulbari","Vill_Cat":"Rural","Vill_LGD":"308671","arr_project":"asha1,asha2"}},
{"type":"Feature","geometry":{"type":"Polygon","coordinates":[[[88.89608,26.29705],[88.89208,26.30058],[88.89013,26.30065],[88.88995,26.30034],[88.8944,26.29419],[88.89202,26.29146],[88.89252,26.28792],[88.89845,26.28862],[88.89999,26.29153],[88.89608,26.29705]]]},"properties":{"District":"Koch Bihar","Dist_LGD":"329","Sub_dist":"Haldibari","Subdis_LGD":"2179","Subdis_Typ":"Cd_Block","Vill_name":"Dari Pattani","Vill_Cat":"Rural","Vill_LGD":"307681","arr_project":"asha1,asha2"}},
{"type":"Feature","geometry":{"type":"Polygon","coordinates":[[[88.79024,26.31425],[88.78822,26.31405],[88.78846,26.31106],[88.79024,26.30924],[88.7912,26.3133],[88.79024,26.31425]]]},"properties":{"District":"Koch Bihar","Dist_LGD":"329","Sub_dist":"Haldibari","Subdis_LGD":"2179","Subdis_Typ":"Cd_Block","Vill_name":"Pushnabandh Hat","Vill_Cat":"Rural","Vill_LGD":"307629","arr_project":"asha1,asha2"}},
{"type":"Feature","geometry":{"type":"Polygon","coordinates":[[[88.79291,26.3569],[88.79375,26.35865],[88.79271,26.3642],[88.79669,26.36605],[88.79944,26.36541],[88.80113,26.36866],[88.80516,26.36834],[88.80766,26.36851],[88.80792,26.37153],[88.81169,26.37127],[88.80933,26.37523],[88.80765,26.37634],[88.80811,26.3792],[88.80492,26.3782],[88.80347,26.37592],[88.79877,26.3758],[88.7953,26.38066],[88.7915,26.38435],[88.78932,26.38781],[88.78953,26.39234],[88.7862,26.39284],[88.78177,26.39767],[88.77501,26.39854],[88.77405,26.39562],[88.76981,26.39482],[88.76946,26.39273],[88.76583,26.38893],[88.76345,26.3838],[88.76098,26.38112],[88.7571,26.37543],[88.75618,26.36841],[88.7537,26.36664],[88.75365,26.36429],[88.74923,26.36086],[88.74807,26.35546],[88.75069,26.34717],[88.75433,26.34358],[88.75427,26.33769],[88.76002,26.33505],[88.76112,26.33142],[88.75896,26.32668],[88.75693,26.32471],[88.75652,26.31694],[88.7579,26.3131],[88.75664,26.31067],[88.76017,26.30313],[88.75984,26.30018],[88.76325,26.29893],[88.7723,26.30081],[88.77612,26.30363],[88.78174,26.30297],[88.78467,26.30403],[88.78334,26.3062],[88.78846,26.31106],[88.78822,26.31405],[88.7886,26.31812],[88.78501,26.32057],[88.78379,26.32544],[88.78066,26.32779],[88.77761,26.33064],[88.77807,26.33175],[88.77491,26.33545],[88.77535,26.34326],[88.7792,26.34243],[88.78177,26.34422],[88.78681,26.34218],[88.78764,26.33847],[88.78674,26.33527],[88.78934,26.33337],[88.78807,26.33195],[88.78807,26.32773],[88.78518,26.32523],[88.7908,26.32385],[88.79233,26.32126],[88.7909,26.31817],[88.79024,26.31425],[88.7912,26.3133],[88.79024,26.30924],[88.7918,26.30852],[88.79344,26.30998],[88.79597,26.30803],[88.80157,26.30636],[88.80287,26.30775],[88.8057,26.30574],[88.80705,26.30159],[88.80906,26.3011],[88.81149,26.30264],[88.80991,26.30665],[88.80554,26.30755],[88.80468,26.31191],[88.80532,26.3135],[88.80357,26.31702],[88.80273,26.31977],[88.80048,26.32392],[88.80121,26.32595],[88.79927,26.33027],[88.79684,26.33376],[88.7936,26.33512],[88.79128,26.33973],[88.79259,26.34102],[88.79038,26.34369],[88.78866,26.34777],[88.79262,26.34782],[88.79023,26.35349],[88.79006,26.35597],[88.79291,26.3569]]]},"properties":{"District":"Koch Bihar","Dist_LGD":"329","Sub_dist":"Haldibari","Subdis_LGD":"2179","Subdis_Typ":"Cd_Block","Vill_name":"Bara Haldibari (P)","Vill_Cat":"Partly_Urban","Vill_LGD":"307624","arr_project":"asha1,asha2"}},
{"type":"Feature","geometry":{"type":"Polygon","coordinates":[[[89.06989,26.52563],[89.07028,26.52856],[89.06891,26.53087],[89.06373,26.5315],[89.05666,26.52843],[89.05143,26.52939],[89.05046,26.52734],[89.04898,26.5242],[89.05426,26.52246],[89.05755,26.5165],[89.0603,26.5146],[89.05923,26.5124],[89.06024,26.50933],[89.05715,26.50835],[89.05539,26.5094],[89.05381,26.50625],[89.05681,26.50383],[89.06558,26.50149],[89.06631,26.4979],[89.07075,26.49607],[89.0728,26.49827],[89.07796,26.50057],[89.08334,26.50156],[89.0876,26.50094],[89.09017,26.50055],[89.09464,26.49598],[89.09674,26.49766],[89.09929,26.50425],[89.10079,26.50794],[89.09868,26.51066],[89.09807,26.51366],[89.09901,26.51594],[89.09756,26.51692],[89.09273,26.51556],[89.09218,26.52028],[89.09374,26.52226],[89.09171,26.52419],[89.0878,26.52491],[89.08707,26.52212],[89.08502,26.52178],[89.08714,26.51869],[89.08399,26.51384],[89.08,26.51498],[89.0791,26.51775],[89.07489,26.51862],[89.07436,26.52009],[89.07828,26.52106],[89.07833,26.52249],[89.07219,26.52252],[89.06797,26.52372],[89.06989,26.52563]]]},"properties":{"District":"Koch Bihar","Dist_LGD":"329","Sub_dist":"Mathabhanga - Ii","Subdis_LGD":"2182","Subdis_Typ":"Cd_Block","Vill_name":"Ksheti","Vill_Cat":"Rural","Vill_LGD":"308004","arr_project":"asha1,asha2"}},
{"type":"Feature","geometry":{"type":"Polygon","coordinates":[[[89.10644,26.48328],[89.11096,26.48698],[89.11279,26.49157],[89.11192,26.49663],[89.11243,26.49858],[89.1052,26.49855],[89.09955,26.49595],[89.09661,26.49396],[89.09709,26.48991],[89.10217,26.48797],[89.10644,26.48328]]]},"properties":{"District":"Koch Bihar","Dist_LGD":"329","Sub_dist":"Mathabhanga - Ii","Subdis_LGD":"2182","Subdis_Typ":"Cd_Block","Vill_name":"Tengnamari","Vill_Cat":"Rural","Vill_LGD":"308007","arr_project":"asha1,asha2"}},
{"type":"Feature","geometry":{"type":"Polygon","coordinates":[[[89.09929,26.50425],[89.09674,26.49766],[89.09464,26.49598],[89.09661,26.49396],[89.09955,26.49595],[89.1052,26.49855],[89.11243,26.49858],[89.11456,26.50189],[89.11466,26.5038],[89.10867,26.50335],[89.10706,26.5076],[89.10501,26.50764],[89.10393,26.50619],[89.09929,26.50425]]]},"properties":{"District":"Koch Bihar","Dist_LGD":"329","Sub_dist":"Mathabhanga - Ii","Subdis_LGD":"2182","Subdis_Typ":"Cd_Block","Vill_name":"Agna","Vill_Cat":"Rural","Vill_LGD":"308008","arr_project":"asha1,asha2"}},
{"type":"Feature","geometry":{"type":"Polygon","coordinates":[[[89.1037,26.51497],[89.10346,26.51692],[89.10574,26.52073],[89.10098,26.52241],[89.09768,26.52239],[89.09574,26.52063],[89.09374,26.52226],[89.09218,26.52028],[89.09273,26.51556],[89.09756,26.51692],[89.09901,26.51594],[89.1037,26.51497]]]},"properties":{"District":"Koch Bihar","Dist_LGD":"329","Sub_dist":"Mathabhanga - Ii","Subdis_LGD":"2182","Subdis_Typ":"Cd_Block","Vill_name":"Dwarlakshipur","Vill_Cat":"Rural","Vill_LGD":"308010","arr_project":"asha1,asha2"}},
{"type":"Feature","geometry":{"type":"Polygon","coordinates":[[[89.52001,26.22628],[89.52244,26.22663],[89.52524,26.22931],[89.52211,26.23055],[89.51665,26.2307],[89.51572,26.22923],[89.52001,26.22628]]]},"properties":{"District":"Koch Bihar","Dist_LGD":"329","Sub_dist":"Koch Bihar - I","Subdis_LGD":"2183","Subdis_Typ":"Cd_Block","Vill_name":"Ruierkuthi","Vill_Cat":"Rural","Vill_LGD":"308201","arr_project":"asha1,asha2"}},
{"type":"Feature","geometry":{"type":"Polygon","coordinates":[[[89.36493,26.26948],[89.36677,26.26545],[89.37172,26.26515],[89.37263,26.26802],[89.37097,26.27174],[89.36934,26.27084],[89.36719,26.26892],[89.36493,26.26948]]]},"properties":{"District":"Koch Bihar","Dist_LGD":"329","Sub_dist":"Koch Bihar - I","Subdis_LGD":"2183","Subdis_Typ":"Cd_Block","Vill_name":"Dasagram","Vill_Cat":"Rural","Vill_LGD":"308157","arr_project":"asha1,asha2"}},
{"type":"Feature","geometry":{"type":"Polygon","coordinates":[[[89.54362,26.33696],[89.53724,26.33534],[89.53389,26.33561],[89.53259,26.33848],[89.52969,26.33841],[89.52528,26.33379],[89.52818,26.32647],[89.52976,26.3255],[89.53178,26.32129],[89.5389,26.31719],[89.5382,26.31512],[89.5408,26.31323],[89.54184,26.31041],[89.54608,26.31177],[89.54751,26.31827],[89.54935,26.32211],[89.54588,26.33174],[89.5431,26.33223],[89.54469,26.33539],[89.54362,26.33696]]]},"properties":{"District":"Koch Bihar","Dist_LGD":"329","Sub_dist":"Koch Bihar - I","Subdis_LGD":"2183","Subdis_Typ":"Cd_Block","Vill_name":"Dalua Dasgir","Vill_Cat":"Rural","Vill_LGD":"308068","arr_project":"asha1,asha2"}},
{"type":"Feature","geometry":{"type":"Polygon","coordinates":[[[89.44936,26.29655],[89.44608,26.29877],[89.44498,26.29435],[89.44676,26.29406],[89.44905,26.29006],[89.45182,26.28867],[89.45313,26.291],[89.45019,26.29282],[89.45127,26.29481],[89.44936,26.29655]]]},"properties":{"District":"Koch Bihar","Dist_LGD":"329","Sub_dist":"Koch Bihar - I","Subdis_LGD":"2183","Subdis_Typ":"Cd_Block","Vill_name":"Gudam Maharaniganj","Vill_Cat":"Rural","Vill_LGD":"308080","arr_project":"asha1,asha2"}},
{"type":"Feature","geometry":{"type":"Polygon","coordinates":[[[89.43974,26.16594],[89.43624,26.16536],[89.43563,26.17121],[89.43365,26.17468],[89.43097,26.17489],[89.43031,26.17967],[89.42849,26.18143],[89.42556,26.1804],[89.42912,26.17265],[89.42681,26.17004],[89.42111,26.16932],[89.42383,26.1668],[89.42605,26.16704],[89.43178,26.16521],[89.43049,26.16238],[89.43105,26.16019],[89.43462,26.15982],[89.43447,26.15641],[89.43784,26.15626],[89.43945,26.15749],[89.43831,26.15919],[89.44063,26.16257],[89.43974,26.16594]]]},"properties":{"District":"Koch Bihar","Dist_LGD":"329","Sub_dist":"Dinhata - I","Subdis_LGD":"2187","Subdis_Typ":"Cd_Block","Vill_name":"Bara Shoulmari Pratham Khanda","Vill_Cat":"Rural","Vill_LGD":"308503","arr_project":"asha1,asha2"}},
{"type":"Feature","geometry":{"type":"Polygon","coordinates":[[[89.43075,26.20147],[89.42476,26.20426],[89.42358,26.20237],[89.42497,26.20068],[89.43075,26.20147]]]},"properties":{"District":"Koch Bihar","Dist_LGD":"329","Sub_dist":"Dinhata - I","Subdis_LGD":"2187","Subdis_Typ":"Cd_Block","Vill_name":"Kharija Chatra","Vill_Cat":"Rural","Vill_LGD":"308510","arr_project":"asha1,asha2"}},
{"type":"Feature","geometry":{"type":"Polygon","coordinates":[[[89.45141,26.2033],[89.45428,26.20204],[89.45837,26.20984],[89.45598,26.21307],[89.45373,26.21286],[89.45226,26.21478],[89.44917,26.21411],[89.4464,26.20948],[89.44355,26.20925],[89.44179,26.21497],[89.44147,26.21175],[89.43904,26.20926],[89.44193,26.20903],[89.44796,26.20685],[89.45141,26.2033]]]},"properties":{"District":"Koch Bihar","Dist_LGD":"329","Sub_dist":"Dinhata - I","Subdis_LGD":"2187","Subdis_Typ":"Cd_Block","Vill_name":"Sakdal","Vill_Cat":"Rural","Vill_LGD":"308512","arr_project":"asha1,asha2"}},
{"type":"Feature","geometry":{"type":"Polygon","coordinates":[[[89.40726,26.08383],[89.40953,26.08457],[89.40713,26.08732],[89.40496,26.08666],[89.40726,26.08383]]]},"properties":{"District":"Koch Bihar","Dist_LGD":"329","Sub_dist":"Dinhata - I","Subdis_LGD":"2187","Subdis_Typ":"Cd_Block","Vill_name":"Chhit Madankura","Vill_Cat":"Rural","Vill_LGD":"308541","arr_project":"asha1,asha2"}},
{"type":"Feature","geometry":{"type":"Polygon","coordinates":[[[89.40385,26.16902],[89.40302,26.17531],[89.39878,26.1784],[89.39701,26.17457],[89.39986,26.17294],[89.40385,26.16902]]]},"properties":{"District":"Koch Bihar","Dist_LGD":"329","Sub_dist":"Dinhata - I","Subdis_LGD":"2187","Subdis_Typ":"Cd_Block","Vill_name":"Chakiar Para Dwitia Khanda","Vill_Cat":"Rural","Vill_LGD":"308479","arr_project":"asha1,asha2"}},
{"type":"Feature","geometry":{"type":"Polygon","coordinates":[[[89.50416,26.04692],[89.49619,26.0464],[89.49513,26.04531],[89.50633,26.04439],[89.50416,26.04692]]]},"properties":{"District":"Koch Bihar","Dist_LGD":"329","Sub_dist":"Dinhata - Ii","Subdis_LGD":"2188","Subdis_Typ":"Cd_Block","Vill_name":"Rasamanta","Vill_Cat":"Rural","Vill_LGD":"308626","arr_project":"asha1,asha2"}},
{"type":"Feature","geometry":{"type":"Polygon","coordinates":[[[89.58287,26.07447],[89.58421,26.07842],[89.58213,26.07905],[89.57748,26.08129],[89.58287,26.07447]]]},"properties":{"District":"Koch Bihar","Dist_LGD":"329","Sub_dist":"Dinhata - Ii","Subdis_LGD":"2188","Subdis_Typ":"Cd_Block","Vill_name":"Digdhallar Payasti","Vill_Cat":"Rural","Vill_LGD":"308685","arr_project":"asha1,asha2"}},
{"type":"Feature","geometry":{"type":"Polygon","coordinates":[[[89.57748,26.08129],[89.57609,26.08478],[89.5743,26.08581],[89.57003,26.08358],[89.56793,26.08632],[89.56588,26.08396],[89.56555,26.08246],[89.56425,26.08117],[89.56961,26.08215],[89.57748,26.08129]]]},"properties":{"District":"Koch Bihar","Dist_LGD":"329","Sub_dist":"Dinhata - Ii","Subdis_LGD":"2188","Subdis_Typ":"Cd_Block","Vill_name":"Batasurkuthi","Vill_Cat":"Rural","Vill_LGD":"308684","arr_project":"asha1,asha2"}},
{"type":"Feature","geometry":{"type":"Polygon","coordinates":[[[89.10501,26.50764],[89.1037,26.51497],[89.09901,26.51594],[89.09807,26.51366],[89.09868,26.51066],[89.10079,26.50794],[89.09929,26.50425],[89.10393,26.50619],[89.10501,26.50764]]]},"properties":{"District":"Koch Bihar","Dist_LGD":"329","Sub_dist":"Mathabhanga - Ii","Subdis_LGD":"2182","Subdis_Typ":"Cd_Block","Vill_name":"Kharjaksheti","Vill_Cat":"Rural","Vill_LGD":"308009","arr_project":"asha1,asha2"}},
{"type":"Feature","geometry":{"type":"Polygon","coordinates":[[[89.1463,26.49301],[89.15029,26.4942],[89.15212,26.49753],[89.15623,26.50094],[89.15932,26.49984],[89.16095,26.50175],[89.16193,26.50631],[89.16413,26.51018],[89.16206,26.51166],[89.15864,26.51208],[89.158,26.5139],[89.15379,26.51504],[89.14733,26.51835],[89.14581,26.51771],[89.13189,26.51975],[89.13176,26.51763],[89.13538,26.51652],[89.1364,26.51295],[89.1406,26.50882],[89.14254,26.51308],[89.14533,26.51124],[89.14516,26.50435],[89.14562,26.50156],[89.14942,26.5008],[89.14594,26.49685],[89.1463,26.49301]]]},"properties":{"District":"Koch Bihar","Dist_LGD":"329","Sub_dist":"Mathabhanga - Ii","Subdis_LGD":"2182","Subdis_Typ":"Cd_Block","Vill_name":"Patchhara Gopalpur","Vill_Cat":"Rural","Vill_LGD":"308012","arr_project":"asha1,asha2"}},
{"type":"Feature","geometry":{"type":"Polygon","coordinates":[[[89.1463,26.49301],[89.14594,26.49685],[89.14942,26.5008],[89.14562,26.50156],[89.14516,26.50435],[89.14533,26.51124],[89.14254,26.51308],[89.1406,26.50882],[89.1377,26.50698],[89.13854,26.50413],[89.14094,26.50477],[89.14313,26.50244],[89.14193,26.49937],[89.14222,26.49438],[89.14041,26.48849],[89.14191,26.48494],[89.14739,26.48395],[89.15411,26.48516],[89.14771,26.49066],[89.1463,26.49301]]]},"properties":{"District":"Koch Bihar","Dist_LGD":"329","Sub_dist":"Mathabhanga - Ii","Subdis_LGD":"2182","Subdis_Typ":"Cd_Block","Vill_name":"Chhat Fulbari Daribas","Vill_Cat":"Rural","Vill_LGD":"308013","arr_project":"asha1,asha2"}},
{"type":"Feature","geometry":{"type":"Polygon","coordinates":[[[88.97882,26.24454],[88.97871,26.24547],[88.97211,26.24942],[88.96886,26.24919],[88.9648,26.24555],[88.96411,26.24268],[88.96676,26.24145],[88.96652,26.23898],[88.97159,26.24017],[88.97495,26.24246],[88.97856,26.24267],[88.97882,26.24454]]]},"properties":{"District":"Koch Bihar","Dist_LGD":"329","Sub_dist":"Mekliganj","Subdis_LGD":"2180","Subdis_Typ":"Cd_Block","Vill_name":"Andaran Niztaraf","Vill_Cat":"Rural","Vill_LGD":"307697","arr_project":"asha1,asha2"}},
{"type":"Feature","geometry":{"type":"Polygon","coordinates":[[[88.91501,26.32818],[88.91808,26.32558],[88.92379,26.32746],[88.92167,26.32959],[88.92132,26.33416],[88.91742,26.33362],[88.91585,26.33653],[88.91265,26.33624],[88.91599,26.3298],[88.91501,26.32818]]]},"properties":{"District":"Koch Bihar","Dist_LGD":"329","Sub_dist":"Mekliganj","Subdis_LGD":"2180","Subdis_Typ":"Cd_Block","Vill_name":"Dakshin Bhotbari","Vill_Cat":"Rural","Vill_LGD":"307835","arr_project":"asha1,asha2"}},
{"type":"Feature","geometry":{"type":"Polygon","coordinates":[[[88.92609,26.34383],[88.92155,26.34455],[88.92089,26.34263],[88.91853,26.34071],[88.91759,26.3371],[88.91457,26.34014],[88.91048,26.33909],[88.91265,26.33624],[88.91585,26.33653],[88.91742,26.33362],[88.92132,26.33416],[88.9229,26.33522],[88.92695,26.33558],[88.93237,26.3354],[88.93486,26.33659],[88.93618,26.33755],[88.93623,26.34159],[88.93459,26.34251],[88.93303,26.34147],[88.92726,26.34107],[88.92609,26.34383]]]},"properties":{"District":"Koch Bihar","Dist_LGD":"329","Sub_dist":"Mekliganj","Subdis_LGD":"2180","Subdis_Typ":"Cd_Block","Vill_name":"Mekhliganj (P)","Vill_Cat":"Rural","Vill_LGD":"307834","arr_project":"asha1,asha2"}},
{"type":"Feature","geometry":{"type":"Polygon","coordinates":[[[89.02963,26.40623],[89.03386,26.40759],[89.02998,26.41162],[89.02328,26.41212],[89.02296,26.40827],[89.01882,26.40608],[89.01928,26.40414],[89.02258,26.40394],[89.02487,26.40746],[89.02792,26.40778],[89.02963,26.40623]]]},"properties":{"District":"Koch Bihar","Dist_LGD":"329","Sub_dist":"Mekliganj","Subdis_LGD":"2180","Subdis_Typ":"Cd_Block","Vill_name":"Buraburi","Vill_Cat":"Rural","Vill_LGD":"307788","arr_project":"asha1,asha2"}},
{"type":"Feature","geometry":{"type":"Polygon","coordinates":[[[88.8991,26.41697],[88.90029,26.42095],[88.89896,26.42204],[88.89365,26.42266],[88.89054,26.42489],[88.8838,26.42572],[88.88493,26.41646],[88.88719,26.41641],[88.89094,26.41992],[88.89395,26.41976],[88.89297,26.41643],[88.8991,26.41697]]]},"properties":{"District":"Koch Bihar","Dist_LGD":"329","Sub_dist":"Mekliganj","Subdis_LGD":"2180","Subdis_Typ":"Cd_Block","Vill_name":"Paschim Nijtaraf","Vill_Cat":"Rural","Vill_LGD":"307812","arr_project":"asha1,asha2"}},
{"type":"Feature","geometry":{"type":"Polygon","coordinates":[[[89.37718,26.11435],[89.37449,26.10646],[89.37512,26.10206],[89.37649,26.09952],[89.3821,26.09709],[89.38574,26.0957],[89.38657,26.0876],[89.38804,26.08351],[89.38765,26.07911],[89.38633,26.07463],[89.39005,26.07198],[89.39336,26.06745],[89.39913,26.06307],[89.40385,26.05869],[89.40464,26.05471],[89.40796,26.04891],[89.4082,26.04668],[89.40668,26.04363],[89.40737,26.04153],[89.41031,26.04076],[89.40951,26.04416],[89.41249,26.04717],[89.407,26.05877],[89.40466,26.06914],[89.40127,26.07541],[89.3987,26.07887],[89.39772,26.08255],[89.3991,26.09275],[89.39856,26.09371],[89.39602,26.09646],[89.3925,26.09829],[89.38812,26.10117],[89.38391,26.10198],[89.38332,26.1038],[89.38184,26.11132],[89.3849,26.11914],[89.38421,26.12031],[89.37983,26.11609],[89.37718,26.11435]]]},"properties":{"District":"Koch Bihar","Dist_LGD":"329","Sub_dist":"Sitai","Subdis_LGD":"2189","Subdis_Typ":"Cd_Block","Vill_name":"Dakshin Singimari","Vill_Cat":"Rural","Vill_LGD":"308725","arr_project":"asha1,asha2"}},
{"type":"Feature","geometry":{"type":"Polygon","coordinates":[[[89.45793,26.03871],[89.4569,26.04318],[89.45304,26.04537],[89.45026,26.04602],[89.44982,26.04266],[89.45066,26.03977],[89.4478,26.04005],[89.44724,26.03747],[89.43928,26.03967],[89.43415,26.04296],[89.42776,26.04548],[89.42376,26.04687],[89.4243,26.0454],[89.42886,26.04301],[89.4327,26.03753],[89.43348,26.03045],[89.44301,26.02518],[89.44694,26.03064],[89.45064,26.03174],[89.45423,26.02922],[89.45752,26.02388],[89.46108,26.01984],[89.46183,26.01339],[89.46362,26.01217],[89.46357,26.0169],[89.46343,26.01775],[89.46306,26.02],[89.4568,26.0274],[89.45772,26.03427],[89.45793,26.03871]]]},"properties":{"District":"Koch Bihar","Dist_LGD":"329","Sub_dist":"Dinhata - I","Subdis_LGD":"2187","Subdis_Typ":"Cd_Block","Vill_name":"Jarihallanadi","Vill_Cat":"Rural","Vill_LGD":"308556","arr_project":"asha1,asha2"}},
{"type":"Feature","geometry":{"type":"MultiPolygon","coordinates":[[[[89.46075,26.12107],[89.4605,26.12365],[89.4538,26.12611],[89.44697,26.12421],[89.4385,26.1235],[89.44075,26.12087],[89.43724,26.12048],[89.44024,26.11786],[89.44795,26.11331],[89.45454,26.10804],[89.45681,26.11046],[89.45799,26.11867],[89.46075,26.12107]]],[[[89.44905,26.128],[89.44934,26.13204],[89.45342,26.13558],[89.45447,26.14011],[89.44418,26.1432],[89.44298,26.14437],[89.4372,26.14241],[89.43304,26.13659],[89.4335,26.13455],[89.43979,26.1329],[89.44327,26.13339],[89.44409,26.12712],[89.44905,26.128]]]]},"properties":{"District":"Koch Bihar","Dist_LGD":"329","Sub_dist":"Dinhata - I","Subdis_LGD":"2187","Subdis_Typ":"Cd_Block","Vill_name":"Jhuripara (P)","Vill_Cat":"Rural","Vill_LGD":"308535","arr_project":"asha1,asha2"}},
{"type":"Feature","geometry":{"type":"Polygon","coordinates":[[[88.97705,26.46862],[88.98042,26.46854],[88.98453,26.47102],[88.98364,26.47308],[88.97578,26.47386],[88.97705,26.46862]]]},"properties":{"District":"Koch Bihar","Dist_LGD":"329","Sub_dist":"Mekliganj","Subdis_LGD":"2180","Subdis_Typ":"Cd_Block","Vill_name":"Deuti Khata","Vill_Cat":"Rural","Vill_LGD":"307758","arr_project":"asha1,asha2"}},
{"type":"Feature","geometry":{"type":"Polygon","coordinates":[[[89.33746,26.10063],[89.33601,26.10185],[89.33321,26.10031],[89.32982,26.10025],[89.3242,26.10365],[89.32157,26.1059],[89.3166,26.10515],[89.31262,26.10117],[89.308,26.09753],[89.31086,26.09769],[89.31466,26.09584],[89.32678,26.09565],[89.33918,26.09738],[89.34019,26.10033],[89.33746,26.10063]]]},"properties":{"District":"Koch Bihar","Dist_LGD":"329","Sub_dist":"Sitai","Subdis_LGD":"2189","Subdis_Typ":"Cd_Block","Vill_name":"Bajitchatra","Vill_Cat":"Rural","Vill_LGD":"308733","arr_project":"asha1,asha2"}},
{"type":"Feature","geometry":{"type":"Polygon","coordinates":[[[89.15935,26.1623],[89.15993,26.16495],[89.16257,26.16467],[89.16474,26.16648],[89.16096,26.16742],[89.16071,26.1688],[89.15485,26.16909],[89.15181,26.16573],[89.15433,26.16357],[89.15717,26.16322],[89.15935,26.1623]]]},"properties":{"District":"Koch Bihar","Dist_LGD":"329","Sub_dist":"Sitalkuchi","Subdis_LGD":"2190","Subdis_Typ":"Cd_Block","Vill_name":"Phulbari","Vill_Cat":"Rural","Vill_LGD":"308803","arr_project":"asha1,asha2"}},
{"type":"Feature","geometry":{"type":"Polygon","coordinates":[[[89.71396,26.23008],[89.72097,26.23257],[89.72707,26.23316],[89.73196,26.23708],[89.73183,26.23988],[89.72431,26.24384],[89.7192,26.24566],[89.71648,26.24753],[89.71819,26.25259],[89.71838,26.25643],[89.71554,26.25835],[89.70766,26.25616],[89.70397,26.25674],[89.70181,26.25654],[89.70431,26.25195],[89.70084,26.25016],[89.69503,26.2453],[89.70467,26.2391],[89.70808,26.23771],[89.71271,26.23277],[89.71396,26.23008]]]},"properties":{"District":"Koch Bihar","Dist_LGD":"329","Sub_dist":"Tufanganj - Ii","Subdis_LGD":"2186","Subdis_Typ":"Cd_Block","Vill_name":"Debgram","Vill_Cat":"Rural","Vill_LGD":"308454","arr_project":"asha1,asha2"}},
{"type":"Feature","geometry":{"type":"Polygon","coordinates":[[[89.70349,26.17806],[89.70352,26.17865],[89.70328,26.18299],[89.70102,26.18764],[89.69912,26.18993],[89.6979,26.18961],[89.69739,26.18561],[89.69862,26.18032],[89.70349,26.17806]]]},"properties":{"District":"Koch Bihar","Dist_LGD":"329","Sub_dist":"Tufanganj - I","Subdis_LGD":"2185","Subdis_Typ":"Cd_Block","Vill_name":"Chhat Tiali","Vill_Cat":"Rural","Vill_LGD":"347146N107","arr_project":"asha1,asha2"}},
{"type":"Feature","geometry":{"type":"Polygon","coordinates":[[[89.6706,26.43122],[89.67212,26.43192],[89.67245,26.43387],[89.67005,26.43368],[89.6706,26.43122]]]},"properties":{"District":"Koch Bihar","Dist_LGD":"329","Sub_dist":"Tufanganj - I","Subdis_LGD":"2185","Subdis_Typ":"Cd_Block","Vill_name":"Purba Chikliguri","Vill_Cat":"Rural","Vill_LGD":"308340","arr_project":"asha1,asha2"}},
{"type":"Feature","geometry":{"type":"Polygon","coordinates":[[[89.16702,26.25494],[89.16666,26.25562],[89.16523,26.25615],[89.16527,26.25515],[89.16702,26.25494]]]},"properties":{"District":"Koch Bihar","Dist_LGD":"329","Sub_dist":"Sitalkuchi","Subdis_LGD":"2190","Subdis_Typ":"Cd_Block","Vill_name":"Nalgram Chhit","Vill_Cat":"Rural","Vill_LGD":"308766","arr_project":"asha1,asha2"}},
{"type":"Feature","geometry":{"type":"MultiPolygon","coordinates":[[[[89.21485,26.33181],[89.22037,26.33228],[89.22498,26.33351],[89.22584,26.33463],[89.2259,26.33687],[89.22169,26.33897],[89.22013,26.33374],[89.21485,26.33181]]],[[[89.22122,26.34125],[89.22369,26.34417],[89.22294,26.34665],[89.222,26.34508],[89.21875,26.34439],[89.22122,26.34125]]]]},"properties":{"District":"Koch Bihar","Dist_LGD":"329","Sub_dist":"Mathabhanga - I","Subdis_LGD":"2181","Subdis_Typ":"Cd_Block","Vill_name":"Nagar Mathabhanga (P)","Vill_Cat":"Rural","Vill_LGD":"307962","arr_project":"asha1,asha2"}},
{"type":"Feature","geometry":{"type":"MultiPolygon","coordinates":[[[[88.9354,26.35778],[88.93194,26.359],[88.9259,26.36476],[88.92233,26.36327],[88.92058,26.35956],[88.91848,26.36014],[88.91659,26.35897],[88.91149,26.36062],[88.91091,26.35667],[88.9143,26.35671],[88.91376,26.35386],[88.91665,26.35133],[88.9164,26.34949],[88.92063,26.35005],[88.92504,26.34755],[88.92799,26.34828],[88.92848,26.35052],[88.93351,26.35313],[88.9354,26.35778]]],[[[88.89884,26.37593],[88.89409,26.37716],[88.89575,26.37226],[88.89517,26.36978],[88.89202,26.36998],[88.89211,26.36736],[88.8959,26.36461],[88.89734,26.36243],[88.89674,26.35964],[88.89492,26.35859],[88.89423,26.35511],[88.89933,26.3554],[88.89749,26.36206],[88.90819,26.36259],[88.9101,26.36235],[88.91008,26.36672],[88.90827,26.36996],[88.90894,26.37298],[88.90815,26.37558],[88.90655,26.37533],[88.90661,26.37289],[88.9025,26.37146],[88.90028,26.3723],[88.89884,26.37593]]]]},"properties":{"District":"Koch Bihar","Dist_LGD":"329","Sub_dist":"Mekliganj","Subdis_LGD":"2180","Subdis_Typ":"Cd_Block","Vill_name":"Uttar Kharkharia (P)","Vill_Cat":"Rural","Vill_LGD":"307833","arr_project":"asha1,asha2"}},
{"type":"Feature","geometry":{"type":"Polygon","coordinates":[[[88.91376,26.35386],[88.91126,26.35153],[88.91243,26.3491],[88.9151,26.34907],[88.9164,26.34949],[88.91665,26.35133],[88.91376,26.35386]]]},"properties":{"District":"Koch Bihar","Dist_LGD":"329","Sub_dist":"Mekliganj","Subdis_LGD":"2180","Subdis_Typ":"Cd_Block","Vill_name":"Madhya Bhotbari (P)","Vill_Cat":"Fully_Urban","Vill_LGD":"307831","arr_project":"asha1,asha2"}}
]}