{"type":"FeatureCollection", "features": [
{"type":"Feature","geometry":{"type":"Polygon","coordinates":[[[87.31767,23.65706],[87.31213,23.6585],[87.30841,23.6508],[87.31044,23.64356],[87.31254,23.64678],[87.31668,23.6448],[87.31821,23.64855],[87.31767,23.65706]]]},"properties":{"District":"Paschim Bardhaman","Dist_LGD":"335N003","Sub_dist":"Faridpur Durgapur","Subdis_LGD":"2274","Subdis_Typ":"Cd_Block","Vill_name":"Chak Laudoha","Vill_Cat":"Rural","Vill_LGD":"318738","arr_project":"banani"}},
{"type":"Feature","geometry":{"type":"Polygon","coordinates":[[[87.32347,23.61953],[87.32547,23.61717],[87.33498,23.61651],[87.33928,23.61539],[87.34797,23.61186],[87.34788,23.60448],[87.35214,23.60327],[87.35516,23.60375],[87.35628,23.6044],[87.35747,23.61031],[87.35659,23.61382],[87.35351,23.61389],[87.34988,23.61949],[87.34779,23.62066],[87.34632,23.6206],[87.33765,23.6228],[87.3342,23.62199],[87.33093,23.62277],[87.32605,23.62234],[87.32347,23.61953]]]},"properties":{"District":"Paschim Bardhaman","Dist_LGD":"335N003","Sub_dist":"Faridpur Durgapur","Subdis_LGD":"2274","Subdis_Typ":"Cd_Block","Vill_name":"Pratappur","Vill_Cat":"Rural","Vill_LGD":"318755","arr_project":"banani"}},
{"type":"Feature","geometry":{"type":"Polygon","coordinates":[[[87.31536,23.61857],[87.31816,23.61798],[87.32027,23.61583],[87.32418,23.6152],[87.32635,23.61127],[87.33237,23.61125],[87.33522,23.60853],[87.33992,23.60688],[87.34221,23.60517],[87.34788,23.60448],[87.34797,23.61186],[87.33928,23.61539],[87.33498,23.61651],[87.32547,23.61717],[87.32347,23.61953],[87.3157,23.61973],[87.31536,23.61857]]]},"properties":{"District":"Paschim Bardhaman","Dist_LGD":"335N003","Sub_dist":"Faridpur Durgapur","Subdis_LGD":"2274","Subdis_Typ":"Cd_Block","Vill_name":"Nachan","Vill_Cat":"Rural","Vill_LGD":"318754","arr_project":"banani"}},
{"type":"Feature","geometry":{"type":"Polygon","coordinates":[[[87.23746,23.5902],[87.23961,23.5893],[87.23796,23.58466],[87.24111,23.58233],[87.24251,23.58229],[87.2451,23.5872],[87.24767,23.5891],[87.24658,23.59155],[87.24942,23.59467],[87.25095,23.59926],[87.25386,23.60442],[87.24859,23.60471],[87.24429,23.60719],[87.24072,23.60696],[87.23907,23.60886],[87.23847,23.60355],[87.24092,23.60183],[87.24044,23.59873],[87.23735,23.5931],[87.23746,23.5902]]]},"properties":{"District":"Paschim Bardhaman","Dist_LGD":"335N003","Sub_dist":"Faridpur Durgapur","Subdis_LGD":"2274","Subdis_Typ":"Cd_Block","Vill_name":"Arati","Vill_Cat":"Partly_Urban","Vill_LGD":"318762","arr_project":"banani"}},
{"type":"Feature","geometry":{"type":"Polygon","coordinates":[[[87.24111,23.58233],[87.24217,23.58054],[87.24005,23.57784],[87.24182,23.57554],[87.24584,23.5778],[87.2503,23.57883],[87.25792,23.57789],[87.26093,23.57363],[87.25933,23.57263],[87.25532,23.56313],[87.25764,23.56319],[87.26434,23.57258],[87.26601,23.57615],[87.27268,23.57351],[87.27442,23.57423],[87.28218,23.57432],[87.28375,23.5749],[87.28477,23.58263],[87.28129,23.58204],[87.26888,23.5849],[87.26173,23.58381],[87.25952,23.5857],[87.2599,23.58906],[87.25641,23.58731],[87.25004,23.58806],[87.24767,23.5891],[87.2451,23.5872],[87.24251,23.58229],[87.24111,23.58233]]]},"properties":{"District":"Paschim Bardhaman","Dist_LGD":"335N003","Sub_dist":"Faridpur Durgapur","Subdis_LGD":"2274","Subdis_Typ":"Cd_Block","Vill_name":"Jabuna","Vill_Cat":"Partly_Urban","Vill_LGD":"318763","arr_project":"banani"}},
{"type":"Feature","geometry":{"type":"Polygon","coordinates":[[[87.28402,23.59843],[87.28173,23.60276],[87.28364,23.60525],[87.27996,23.60765],[87.28235,23.61381],[87.27949,23.61364],[87.27617,23.60881],[87.27194,23.6079],[87.26723,23.60777],[87.26893,23.60645],[87.27536,23.60396],[87.27623,23.60056],[87.2784,23.59907],[87.27858,23.59619],[87.28195,23.59446],[87.28402,23.59843]]]},"properties":{"District":"Paschim Bardhaman","Dist_LGD":"335N003","Sub_dist":"Faridpur Durgapur","Subdis_LGD":"2274","Subdis_Typ":"Cd_Block","Vill_name":"Bansol","Vill_Cat":"Rural","Vill_LGD":"318766","arr_project":"banani"}},
{"type":"Feature","geometry":{"type":"Polygon","coordinates":[[[87.31984,23.70653],[87.32047,23.71142],[87.31793,23.71278],[87.31386,23.71066],[87.31345,23.70748],[87.30865,23.70444],[87.30787,23.70021],[87.30865,23.69759],[87.30612,23.69646],[87.3042,23.69388],[87.30322,23.69153],[87.29937,23.68905],[87.29958,23.68734],[87.30069,23.68566],[87.30846,23.68475],[87.31206,23.68489],[87.31538,23.6862],[87.32075,23.68763],[87.32494,23.68792],[87.32528,23.69057],[87.32426,23.6923],[87.3203,23.69539],[87.31766,23.69865],[87.31732,23.70294],[87.31984,23.70653]]]},"properties":{"District":"Paschim Bardhaman","Dist_LGD":"335N003","Sub_dist":"Faridpur Durgapur","Subdis_LGD":"2274","Subdis_Typ":"Cd_Block","Vill_name":"Mandarbani (Ct)","Vill_Cat":"Partly_Urban","Vill_LGD":"318772","arr_project":"banani"}},
{"type":"Feature","geometry":{"type":"Polygon","coordinates":[[[87.33457,23.69383],[87.33661,23.6978],[87.33451,23.69968],[87.33136,23.69988],[87.33065,23.69822],[87.3232,23.7024],[87.3235,23.7051],[87.31984,23.70653],[87.31732,23.70294],[87.31766,23.69865],[87.3203,23.69539],[87.32426,23.6923],[87.32528,23.69057],[87.32952,23.68917],[87.33297,23.6915],[87.33434,23.69117],[87.33457,23.69383]]]},"properties":{"District":"Paschim Bardhaman","Dist_LGD":"335N003","Sub_dist":"Faridpur Durgapur","Subdis_LGD":"2274","Subdis_Typ":"Cd_Block","Vill_name":"Gogla","Vill_Cat":"Rural","Vill_LGD":"318733","arr_project":"banani"}},
{"type":"Feature","geometry":{"type":"Polygon","coordinates":[[[87.33747,23.70469],[87.33818,23.70575],[87.33844,23.71564],[87.33909,23.71774],[87.3359,23.72003],[87.33095,23.71742],[87.32937,23.71781],[87.32659,23.7069],[87.33001,23.70661],[87.3337,23.70501],[87.33747,23.70469]]]},"properties":{"District":"Paschim Bardhaman","Dist_LGD":"335N003","Sub_dist":"Faridpur Durgapur","Subdis_LGD":"2274","Subdis_Typ":"Cd_Block","Vill_name":"Nutandanga","Vill_Cat":"Rural","Vill_LGD":"318721","arr_project":"banani"}},
{"type":"Feature","geometry":{"type":"Polygon","coordinates":[[[87.32937,23.71781],[87.32335,23.71985],[87.32143,23.71875],[87.32067,23.71487],[87.31793,23.71278],[87.32047,23.71142],[87.31984,23.70653],[87.3235,23.7051],[87.3232,23.7024],[87.33065,23.69822],[87.33136,23.69988],[87.33451,23.69968],[87.33661,23.6978],[87.33457,23.69383],[87.33679,23.69611],[87.33747,23.70469],[87.3337,23.70501],[87.33001,23.70661],[87.32659,23.7069],[87.32937,23.71781]]]},"properties":{"District":"Paschim Bardhaman","Dist_LGD":"335N003","Sub_dist":"Faridpur Durgapur","Subdis_LGD":"2274","Subdis_Typ":"Cd_Block","Vill_name":"Banagram (Ct)","Vill_Cat":"Partly_Urban","Vill_LGD":"318773","arr_project":"banani"}},
{"type":"Feature","geometry":{"type":"Polygon","coordinates":[[[87.34614,23.70577],[87.34501,23.71036],[87.34655,23.71772],[87.34633,23.72175],[87.34171,23.7227],[87.3359,23.72003],[87.33909,23.71774],[87.33844,23.71564],[87.33818,23.70575],[87.33747,23.70469],[87.34564,23.70439],[87.34614,23.70577]]]},"properties":{"District":"Paschim Bardhaman","Dist_LGD":"335N003","Sub_dist":"Faridpur Durgapur","Subdis_LGD":"2274","Subdis_Typ":"Cd_Block","Vill_name":"Pansiuli","Vill_Cat":"Rural","Vill_LGD":"318722","arr_project":"banani"}},
{"type":"Feature","geometry":{"type":"Polygon","coordinates":[[[87.36919,23.68595],[87.37186,23.69202],[87.37032,23.69628],[87.37235,23.70125],[87.36706,23.70227],[87.36449,23.70439],[87.3625,23.69991],[87.35679,23.69885],[87.35769,23.69418],[87.35738,23.69144],[87.36226,23.68906],[87.36425,23.68719],[87.36707,23.68801],[87.36919,23.68595]]]},"properties":{"District":"Paschim Bardhaman","Dist_LGD":"335N003","Sub_dist":"Faridpur Durgapur","Subdis_LGD":"2274","Subdis_Typ":"Cd_Block","Vill_name":"Bhaburia","Vill_Cat":"Rural","Vill_LGD":"318724","arr_project":"banani"}},
{"type":"Feature","geometry":{"type":"Polygon","coordinates":[[[87.31538,23.6862],[87.31456,23.68237],[87.31419,23.67377],[87.31334,23.67239],[87.30903,23.66997],[87.30802,23.66579],[87.30964,23.66358],[87.31507,23.66069],[87.31607,23.66118],[87.31866,23.66541],[87.32177,23.66771],[87.32456,23.67127],[87.3268,23.6715],[87.33076,23.67457],[87.33207,23.6786],[87.33432,23.67817],[87.33866,23.68322],[87.33716,23.68462],[87.33913,23.68902],[87.33434,23.69117],[87.33297,23.6915],[87.32952,23.68917],[87.32528,23.69057],[87.32494,23.68792],[87.32075,23.68763],[87.31538,23.6862]]]},"properties":{"District":"Paschim Bardhaman","Dist_LGD":"335N003","Sub_dist":"Faridpur Durgapur","Subdis_LGD":"2274","Subdis_Typ":"Cd_Block","Vill_name":"Balijuri","Vill_Cat":"Rural","Vill_LGD":"318734","arr_project":"banani"}},
{"type":"Feature","geometry":{"type":"Polygon","coordinates":[[[87.32456,23.67127],[87.32638,23.66836],[87.33203,23.66644],[87.33296,23.66791],[87.33134,23.67329],[87.33195,23.67397],[87.33347,23.67541],[87.34022,23.67931],[87.34128,23.68175],[87.33866,23.68322],[87.33432,23.67817],[87.33207,23.6786],[87.33076,23.67457],[87.3268,23.6715],[87.32456,23.67127]]]},"properties":{"District":"Paschim Bardhaman","Dist_LGD":"335N003","Sub_dist":"Faridpur Durgapur","Subdis_LGD":"2274","Subdis_Typ":"Cd_Block","Vill_name":"Benebandhi","Vill_Cat":"Rural","Vill_LGD":"318730","arr_project":"banani"}},
{"type":"Feature","geometry":{"type":"Polygon","coordinates":[[[87.33195,23.67397],[87.33752,23.67273],[87.33818,23.67065],[87.34136,23.6689],[87.34606,23.66946],[87.34784,23.67498],[87.34685,23.68121],[87.34991,23.6828],[87.34821,23.68329],[87.34405,23.68134],[87.34128,23.68175],[87.34022,23.67931],[87.33347,23.67541],[87.33195,23.67397]]]},"properties":{"District":"Paschim Bardhaman","Dist_LGD":"335N003","Sub_dist":"Faridpur Durgapur","Subdis_LGD":"2274","Subdis_Typ":"Cd_Block","Vill_name":"Rangamatia","Vill_Cat":"Rural","Vill_LGD":"318729","arr_project":"banani"}},
{"type":"Feature","geometry":{"type":"Polygon","coordinates":[[[87.37054,23.66769],[87.37794,23.66155],[87.38028,23.66248],[87.38557,23.6686],[87.38323,23.66997],[87.38003,23.6747],[87.37737,23.67283],[87.37271,23.67248],[87.37309,23.67046],[87.37054,23.66769]]]},"properties":{"District":"Paschim Bardhaman","Dist_LGD":"335N003","Sub_dist":"Faridpur Durgapur","Subdis_LGD":"2274","Subdis_Typ":"Cd_Block","Vill_name":"Jot Balaram","Vill_Cat":"Rural","Vill_LGD":"318727","arr_project":"banani"}},
{"type":"Feature","geometry":{"type":"Polygon","coordinates":[[[87.37054,23.66769],[87.36467,23.66219],[87.36239,23.65675],[87.36088,23.6565],[87.36085,23.65601],[87.36424,23.65545],[87.36599,23.65305],[87.3718,23.65468],[87.37703,23.65826],[87.38234,23.65651],[87.38146,23.66002],[87.38028,23.66248],[87.37794,23.66155],[87.37054,23.66769]]]},"properties":{"District":"Paschim Bardhaman","Dist_LGD":"335N003","Sub_dist":"Faridpur Durgapur","Subdis_LGD":"2274","Subdis_Typ":"Cd_Block","Vill_name":"Amdahi","Vill_Cat":"Rural","Vill_LGD":"318741","arr_project":"banani"}},
{"type":"Feature","geometry":{"type":"Polygon","coordinates":[[[87.33203,23.66644],[87.33326,23.66547],[87.34448,23.66191],[87.35812,23.65819],[87.36088,23.6565],[87.36239,23.65675],[87.36467,23.66219],[87.37054,23.66769],[87.37309,23.67046],[87.37271,23.67248],[87.37124,23.67175],[87.36821,23.67687],[87.3606,23.68007],[87.35875,23.68189],[87.35695,23.68437],[87.35429,23.68454],[87.34991,23.6828],[87.34685,23.68121],[87.34784,23.67498],[87.34606,23.66946],[87.34136,23.6689],[87.33818,23.67065],[87.33752,23.67273],[87.33195,23.67397],[87.33134,23.67329],[87.33296,23.66791],[87.33203,23.66644]]]},"properties":{"District":"Paschim Bardhaman","Dist_LGD":"335N003","Sub_dist":"Faridpur Durgapur","Subdis_LGD":"2274","Subdis_Typ":"Cd_Block","Vill_name":"Srikrishnapur","Vill_Cat":"Rural","Vill_LGD":"318728","arr_project":"banani"}},
{"type":"Feature","geometry":{"type":"Polygon","coordinates":[[[87.35776,23.64442],[87.36046,23.64284],[87.36443,23.64417],[87.3758,23.64256],[87.37922,23.64151],[87.38128,23.63856],[87.38622,23.64526],[87.39062,23.64183],[87.39091,23.64425],[87.38727,23.64817],[87.38797,23.65098],[87.38539,23.65164],[87.38594,23.65473],[87.38234,23.65651],[87.37703,23.65826],[87.3718,23.65468],[87.36599,23.65305],[87.36424,23.65545],[87.36085,23.65601],[87.35717,23.6512],[87.35849,23.64856],[87.35776,23.64442]]]},"properties":{"District":"Paschim Bardhaman","Dist_LGD":"335N003","Sub_dist":"Faridpur Durgapur","Subdis_LGD":"2274","Subdis_Typ":"Cd_Block","Vill_name":"Jagannathpur","Vill_Cat":"Rural","Vill_LGD":"318742","arr_project":"banani"}},
{"type":"Feature","geometry":{"type":"Polygon","coordinates":[[[87.35096,23.63822],[87.35289,23.6383],[87.35679,23.63492],[87.36183,23.63576],[87.36386,23.63744],[87.36591,23.63699],[87.37415,23.63935],[87.3758,23.64256],[87.36443,23.64417],[87.36046,23.64284],[87.35776,23.64442],[87.35518,23.64511],[87.35096,23.63822]]]},"properties":{"District":"Paschim Bardhaman","Dist_LGD":"335N003","Sub_dist":"Faridpur Durgapur","Subdis_LGD":"2274","Subdis_Typ":"Cd_Block","Vill_name":"Kendula","Vill_Cat":"Rural","Vill_LGD":"318744","arr_project":"banani"}},
{"type":"Feature","geometry":{"type":"Polygon","coordinates":[[[87.31773,23.65706],[87.32228,23.6581],[87.32793,23.65712],[87.33124,23.65545],[87.33422,23.65228],[87.3392,23.65027],[87.34125,23.64545],[87.34143,23.64313],[87.34386,23.64114],[87.34475,23.63772],[87.35096,23.63822],[87.35518,23.64511],[87.35776,23.64442],[87.35849,23.64856],[87.35717,23.6512],[87.36085,23.65601],[87.36088,23.6565],[87.35812,23.65819],[87.34448,23.66191],[87.33326,23.66547],[87.33203,23.66644],[87.32638,23.66836],[87.32456,23.67127],[87.32177,23.66771],[87.31866,23.66541],[87.31607,23.66118],[87.31773,23.65706]]]},"properties":{"District":"Paschim Bardhaman","Dist_LGD":"335N003","Sub_dist":"Faridpur Durgapur","Subdis_LGD":"2274","Subdis_Typ":"Cd_Block","Vill_name":"Madhaiganj","Vill_Cat":"Rural","Vill_LGD":"318740","arr_project":"banani"}},
{"type":"Feature","geometry":{"type":"Polygon","coordinates":[[[87.28932,23.67623],[87.29118,23.66521],[87.29543,23.66265],[87.29701,23.6627],[87.3,23.66227],[87.30337,23.66247],[87.30802,23.66579],[87.30903,23.66997],[87.31334,23.67239],[87.31419,23.67377],[87.31456,23.68237],[87.31538,23.6862],[87.31206,23.68489],[87.30846,23.68475],[87.30069,23.68566],[87.29958,23.68734],[87.29641,23.68789],[87.29624,23.68404],[87.29476,23.68242],[87.29128,23.68157],[87.28964,23.67928],[87.28932,23.67623]]]},"properties":{"District":"Paschim Bardhaman","Dist_LGD":"335N003","Sub_dist":"Faridpur Durgapur","Subdis_LGD":"2274","Subdis_Typ":"Cd_Block","Vill_name":"Sirsha (Ct)","Vill_Cat":"Partly_Urban","Vill_LGD":"318774","arr_project":"banani"}},
{"type":"Feature","geometry":{"type":"Polygon","coordinates":[[[87.28278,23.67662],[87.2789,23.67503],[87.27583,23.6725],[87.27645,23.66989],[87.27519,23.66666],[87.27737,23.66426],[87.27709,23.66205],[87.2812,23.66097],[87.28181,23.65524],[87.28233,23.65353],[87.28641,23.6527],[87.29074,23.6605],[87.29588,23.66043],[87.29701,23.6627],[87.29543,23.66265],[87.29118,23.66521],[87.28932,23.67623],[87.28278,23.67662]]]},"properties":{"District":"Paschim Bardhaman","Dist_LGD":"335N003","Sub_dist":"Faridpur Durgapur","Subdis_LGD":"2274","Subdis_Typ":"Cd_Block","Vill_name":"Nabaghanapur (Ct)","Vill_Cat":"Partly_Urban","Vill_LGD":"318775","arr_project":"banani"}},
{"type":"Feature","geometry":{"type":"Polygon","coordinates":[[[87.30904,23.64379],[87.30598,23.64405],[87.3056,23.64069],[87.30211,23.63744],[87.3056,23.6366],[87.30725,23.63492],[87.30549,23.62702],[87.30979,23.62634],[87.31219,23.62415],[87.31286,23.62172],[87.3157,23.61973],[87.32347,23.61953],[87.32605,23.62234],[87.32405,23.6251],[87.32978,23.63458],[87.32471,23.63597],[87.32042,23.63871],[87.31903,23.64058],[87.31599,23.64019],[87.31044,23.64356],[87.30904,23.64379]]]},"properties":{"District":"Paschim Bardhaman","Dist_LGD":"335N003","Sub_dist":"Faridpur Durgapur","Subdis_LGD":"2274","Subdis_Typ":"Cd_Block","Vill_name":"Banshia","Vill_Cat":"Rural","Vill_LGD":"318747","arr_project":"banani"}},
{"type":"Feature","geometry":{"type":"Polygon","coordinates":[[[87.30598,23.64405],[87.29981,23.64789],[87.29806,23.64713],[87.29158,23.64988],[87.28641,23.6527],[87.28233,23.65353],[87.27757,23.64717],[87.278,23.64239],[87.28576,23.63966],[87.28442,23.63715],[87.29319,23.63989],[87.29541,23.63021],[87.29937,23.6285],[87.3004,23.63275],[87.29933,23.63498],[87.30211,23.63744],[87.3056,23.64069],[87.30598,23.64405]]]},"properties":{"District":"Paschim Bardhaman","Dist_LGD":"335N003","Sub_dist":"Faridpur Durgapur","Subdis_LGD":"2274","Subdis_Typ":"Cd_Block","Vill_name":"Jhanjra","Vill_Cat":"Rural","Vill_LGD":"318749","arr_project":"banani"}},
{"type":"Feature","geometry":{"type":"Polygon","coordinates":[[[87.28466,23.62982],[87.28949,23.62923],[87.29541,23.63021],[87.29319,23.63989],[87.28442,23.63715],[87.28327,23.63397],[87.28466,23.62982]]]},"properties":{"District":"Paschim Bardhaman","Dist_LGD":"335N003","Sub_dist":"Faridpur Durgapur","Subdis_LGD":"2274","Subdis_Typ":"Cd_Block","Vill_name":"Bhadrapur","Vill_Cat":"Rural","Vill_LGD":"318750","arr_project":"banani"}},
{"type":"Feature","geometry":{"type":"Polygon","coordinates":[[[87.30211,23.63744],[87.29933,23.63498],[87.3004,23.63275],[87.29937,23.6285],[87.30549,23.62702],[87.30725,23.63492],[87.3056,23.6366],[87.30211,23.63744]]]},"properties":{"District":"Paschim Bardhaman","Dist_LGD":"335N003","Sub_dist":"Faridpur Durgapur","Subdis_LGD":"2274","Subdis_Typ":"Cd_Block","Vill_name":"Shyampur","Vill_Cat":"Rural","Vill_LGD":"318748","arr_project":"banani"}},
{"type":"Feature","geometry":{"type":"Polygon","coordinates":[[[87.3,23.66227],[87.29701,23.6627],[87.29588,23.66043],[87.29074,23.6605],[87.28641,23.6527],[87.29158,23.64988],[87.29806,23.64713],[87.29981,23.64789],[87.30598,23.64405],[87.30904,23.64379],[87.30662,23.6476],[87.30457,23.6489],[87.3032,23.65198],[87.29876,23.65551],[87.3,23.66227]]]},"properties":{"District":"Paschim Bardhaman","Dist_LGD":"335N003","Sub_dist":"Faridpur Durgapur","Subdis_LGD":"2274","Subdis_Typ":"Cd_Block","Vill_name":"Tilabani","Vill_Cat":"Rural","Vill_LGD":"318736","arr_project":"banani"}},
{"type":"Feature","geometry":{"type":"Polygon","coordinates":[[[87.34227,23.63192],[87.34382,23.62962],[87.345,23.62508],[87.34887,23.62543],[87.35321,23.62842],[87.35702,23.62932],[87.35679,23.63492],[87.35289,23.6383],[87.35096,23.63822],[87.34475,23.63772],[87.34374,23.63745],[87.34227,23.63192]]]},"properties":{"District":"Paschim Bardhaman","Dist_LGD":"335N003","Sub_dist":"Faridpur Durgapur","Subdis_LGD":"2274","Subdis_Typ":"Cd_Block","Vill_name":"Khatgaria","Vill_Cat":"Rural","Vill_LGD":"318745","arr_project":"banani"}},
{"type":"Feature","geometry":{"type":"Polygon","coordinates":[[[87.34779,23.62066],[87.34988,23.61949],[87.35351,23.61389],[87.35659,23.61382],[87.35747,23.61031],[87.35628,23.6044],[87.35516,23.60375],[87.35698,23.6012],[87.35993,23.60182],[87.36176,23.60618],[87.36017,23.60867],[87.35901,23.61277],[87.36554,23.61486],[87.36873,23.61328],[87.36944,23.61706],[87.37401,23.61737],[87.3752,23.62037],[87.37165,23.62121],[87.35758,23.62786],[87.35702,23.62932],[87.35321,23.62842],[87.34887,23.62543],[87.345,23.62508],[87.34779,23.62066]]]},"properties":{"District":"Paschim Bardhaman","Dist_LGD":"335N003","Sub_dist":"Faridpur Durgapur","Subdis_LGD":"2274","Subdis_Typ":"Cd_Block","Vill_name":"Baragaria","Vill_Cat":"Rural","Vill_LGD":"318756","arr_project":"banani"}},
{"type":"Feature","geometry":{"type":"Polygon","coordinates":[[[87.36015,23.53032],[87.35678,23.52636],[87.35369,23.5273],[87.35428,23.52539],[87.36055,23.52125],[87.3626,23.5214],[87.36227,23.52506],[87.36447,23.52864],[87.36015,23.53032]]]},"properties":{"District":"Paschim Bardhaman","Dist_LGD":"335N003","Sub_dist":"Faridpur Durgapur","Subdis_LGD":"2274","Subdis_Typ":"Cd_Block","Vill_name":"Tetikhala","Vill_Cat":"Rural","Vill_LGD":"318771","arr_project":"banani"}},
{"type":"Feature","geometry":{"type":"Polygon","coordinates":[[[87.35386,23.53601],[87.34925,23.53632],[87.34802,23.53113],[87.35079,23.52771],[87.35369,23.5273],[87.35678,23.52636],[87.36015,23.53032],[87.35554,23.53607],[87.35386,23.53601]]]},"properties":{"District":"Paschim Bardhaman","Dist_LGD":"335N003","Sub_dist":"Faridpur Durgapur","Subdis_LGD":"2274","Subdis_Typ":"Cd_Block","Vill_name":"Shankarpur","Vill_Cat":"Rural","Vill_LGD":"318770","arr_project":"banani"}},
{"type":"Feature","geometry":{"type":"Polygon","coordinates":[[[87.35386,23.53601],[87.35554,23.53607],[87.36015,23.53032],[87.36447,23.52864],[87.36737,23.52926],[87.36851,23.53295],[87.36682,23.53386],[87.36871,23.53929],[87.37079,23.54043],[87.37296,23.54427],[87.37,23.54558],[87.3651,23.5433],[87.36119,23.54367],[87.35866,23.54509],[87.3539,23.53946],[87.35386,23.53601]]]},"properties":{"District":"Paschim Bardhaman","Dist_LGD":"335N003","Sub_dist":"Faridpur Durgapur","Subdis_LGD":"2274","Subdis_Typ":"Cd_Block","Vill_name":"Kaliganj","Vill_Cat":"Rural","Vill_LGD":"318769","arr_project":"banani"}},
{"type":"Feature","geometry":{"type":"Polygon","coordinates":[[[87.13977,23.65813],[87.13834,23.66031],[87.13338,23.6641],[87.13036,23.66769],[87.12836,23.66819],[87.12643,23.66648],[87.12053,23.66586],[87.12025,23.66161],[87.11833,23.65904],[87.1183,23.65513],[87.12372,23.6556],[87.12993,23.65433],[87.13295,23.65464],[87.13549,23.65703],[87.13741,23.65631],[87.13977,23.65813]]]},"properties":{"District":"Paschim Bardhaman","Dist_LGD":"335N003","Sub_dist":"Jamuria","Subdis_LGD":"2270","Subdis_Typ":"Cd_Block","Vill_name":"Topsi (Ct)","Vill_Cat":"Partly_Urban","Vill_LGD":"318637","arr_project":"banani"}},
{"type":"Feature","geometry":{"type":"Polygon","coordinates":[[[87.13338,23.6641],[87.13834,23.66031],[87.13977,23.65813],[87.14182,23.65363],[87.14303,23.65295],[87.14761,23.65349],[87.14795,23.65773],[87.14611,23.65903],[87.14659,23.6622],[87.14902,23.66227],[87.14916,23.6657],[87.15125,23.67102],[87.14911,23.67395],[87.14415,23.6745],[87.13959,23.67605],[87.13588,23.66958],[87.13338,23.6641]]]},"properties":{"District":"Paschim Bardhaman","Dist_LGD":"335N003","Sub_dist":"Jamuria","Subdis_LGD":"2270","Subdis_Typ":"Cd_Block","Vill_name":"Jote Janaki","Vill_Cat":"Rural","Vill_LGD":"318620","arr_project":"banani"}},
{"type":"Feature","geometry":{"type":"Polygon","coordinates":[[[87.11777,23.69771],[87.1165,23.69216],[87.12136,23.68524],[87.12163,23.68253],[87.12898,23.68427],[87.12889,23.68548],[87.12974,23.68975],[87.12933,23.69295],[87.12283,23.69693],[87.11777,23.69771]]]},"properties":{"District":"Paschim Bardhaman","Dist_LGD":"335N003","Sub_dist":"Jamuria","Subdis_LGD":"2270","Subdis_Typ":"Cd_Block","Vill_name":"Dhasna","Vill_Cat":"Rural","Vill_LGD":"318619","arr_project":"banani"}},
{"type":"Feature","geometry":{"type":"Polygon","coordinates":[[[87.09609,23.72748],[87.09942,23.72705],[87.10389,23.72325],[87.1106,23.72043],[87.11021,23.72351],[87.1126,23.73495],[87.1119,23.73723],[87.10901,23.73938],[87.10565,23.73917],[87.10246,23.74037],[87.10067,23.73746],[87.10032,23.73339],[87.09609,23.72748]]]},"properties":{"District":"Paschim Bardhaman","Dist_LGD":"335N003","Sub_dist":"Jamuria","Subdis_LGD":"2270","Subdis_Typ":"Cd_Block","Vill_name":"Shankheri","Vill_Cat":"Rural","Vill_LGD":"318611","arr_project":"banani"}},
{"type":"Feature","geometry":{"type":"Polygon","coordinates":[[[87.1126,23.73495],[87.11021,23.72351],[87.1106,23.72043],[87.11411,23.71971],[87.11861,23.72489],[87.12368,23.72892],[87.12163,23.73067],[87.11816,23.73128],[87.1126,23.73495]]]},"properties":{"District":"Paschim Bardhaman","Dist_LGD":"335N003","Sub_dist":"Jamuria","Subdis_LGD":"2270","Subdis_Typ":"Cd_Block","Vill_name":"Kumardiha","Vill_Cat":"Rural","Vill_LGD":"318610","arr_project":"banani"}},
{"type":"Feature","geometry":{"type":"Polygon","coordinates":[[[87.142,23.73135],[87.13859,23.73671],[87.13331,23.73637],[87.12857,23.73879],[87.12298,23.7425],[87.124,23.73955],[87.12246,23.73778],[87.12163,23.73067],[87.12368,23.72892],[87.12576,23.72706],[87.13102,23.72462],[87.13438,23.72405],[87.14173,23.7196],[87.14682,23.72072],[87.14538,23.72693],[87.14601,23.72856],[87.14415,23.7307],[87.142,23.73135]]]},"properties":{"District":"Paschim Bardhaman","Dist_LGD":"335N003","Sub_dist":"Jamuria","Subdis_LGD":"2270","Subdis_Typ":"Cd_Block","Vill_name":"Patharchur","Vill_Cat":"Rural","Vill_LGD":"318614","arr_project":"banani"}},
{"type":"Feature","geometry":{"type":"Polygon","coordinates":[[[87.15523,23.74872],[87.15298,23.75024],[87.15133,23.74683],[87.14651,23.74379],[87.14564,23.74068],[87.14207,23.73393],[87.142,23.73135],[87.14415,23.7307],[87.14419,23.73146],[87.15048,23.73548],[87.15065,23.737],[87.15405,23.73994],[87.15455,23.74396],[87.15382,23.74579],[87.15523,23.74872]]]},"properties":{"District":"Paschim Bardhaman","Dist_LGD":"335N003","Sub_dist":"Jamuria","Subdis_LGD":"2270","Subdis_Typ":"Cd_Block","Vill_name":"Lalbazar","Vill_Cat":"Rural","Vill_LGD":"318615","arr_project":"banani"}},
{"type":"Feature","geometry":{"type":"Polygon","coordinates":[[[87.16491,23.70296],[87.16221,23.70497],[87.15994,23.70287],[87.15709,23.70273],[87.15427,23.69976],[87.15147,23.69985],[87.15192,23.69319],[87.14648,23.6857],[87.14903,23.68171],[87.15684,23.67826],[87.15932,23.6781],[87.16207,23.67986],[87.16618,23.6797],[87.1645,23.68517],[87.16539,23.68778],[87.16865,23.69108],[87.16712,23.6965],[87.1666,23.70176],[87.16491,23.70296]]]},"properties":{"District":"Paschim Bardhaman","Dist_LGD":"335N003","Sub_dist":"Jamuria","Subdis_LGD":"2270","Subdis_Typ":"Cd_Block","Vill_name":"Chak Dola","Vill_Cat":"Rural","Vill_LGD":"318623","arr_project":"banani"}},
{"type":"Feature","geometry":{"type":"Polygon","coordinates":[[[87.06043,23.80214],[87.06677,23.79847],[87.0701,23.79812],[87.07112,23.79675],[87.07287,23.79755],[87.07611,23.80076],[87.07412,23.80334],[87.06792,23.80646],[87.06043,23.80214]]]},"properties":{"District":"Paschim Bardhaman","Dist_LGD":"335N003","Sub_dist":"Jamuria","Subdis_LGD":"2270","Subdis_Typ":"Cd_Block","Vill_name":"Madhabpur","Vill_Cat":"Rural","Vill_LGD":"318595","arr_project":"banani"}},
{"type":"Feature","geometry":{"type":"Polygon","coordinates":[[[87.05681,23.77355],[87.05991,23.77271],[87.06473,23.76937],[87.06848,23.76824],[87.07075,23.76817],[87.07467,23.76565],[87.07855,23.76544],[87.08123,23.76166],[87.08259,23.75936],[87.08788,23.76726],[87.08962,23.76594],[87.09167,23.76844],[87.09401,23.76866],[87.09163,23.77175],[87.0931,23.77553],[87.09583,23.77477],[87.09768,23.7775],[87.0896,23.78459],[87.08217,23.78968],[87.07112,23.79675],[87.0701,23.79812],[87.06677,23.79847],[87.06043,23.80214],[87.06016,23.79917],[87.06106,23.79556],[87.05679,23.78923],[87.05951,23.78626],[87.05876,23.78064],[87.05466,23.77974],[87.05686,23.77557],[87.05681,23.77355]]]},"properties":{"District":"Paschim Bardhaman","Dist_LGD":"335N003","Sub_dist":"Jamuria","Subdis_LGD":"2270","Subdis_Typ":"Cd_Block","Vill_name":"Churulia","Vill_Cat":"Rural","Vill_LGD":"318598","arr_project":"banani"}},
{"type":"Feature","geometry":{"type":"Polygon","coordinates":[[[87.11398,23.77586],[87.10443,23.79082],[87.09864,23.78482],[87.09646,23.7847],[87.09771,23.7775],[87.10427,23.77242],[87.10808,23.77332],[87.11398,23.77586]]]},"properties":{"District":"Paschim Bardhaman","Dist_LGD":"335N003","Sub_dist":"Jamuria","Subdis_LGD":"2270","Subdis_Typ":"Cd_Block","Vill_name":"Desher Mohan","Vill_Cat":"Rural","Vill_LGD":"318606","arr_project":"banani"}},
{"type":"Feature","geometry":{"type":"Polygon","coordinates":[[[87.06848,23.76824],[87.06742,23.76063],[87.06889,23.75924],[87.06967,23.75553],[87.06812,23.75232],[87.07334,23.74974],[87.07734,23.75136],[87.07956,23.75483],[87.07951,23.76043],[87.08123,23.76166],[87.07855,23.76544],[87.07467,23.76565],[87.07075,23.76817],[87.06848,23.76824]]]},"properties":{"District":"Paschim Bardhaman","Dist_LGD":"335N003","Sub_dist":"Jamuria","Subdis_LGD":"2270","Subdis_Typ":"Cd_Block","Vill_name":"Laikapur","Vill_Cat":"Rural","Vill_LGD":"318601","arr_project":"banani"}},
{"type":"Feature","geometry":{"type":"Polygon","coordinates":[[[87.09667,23.75004],[87.09556,23.74942],[87.08951,23.75255],[87.08804,23.75394],[87.09063,23.75654],[87.09135,23.76165],[87.08962,23.76594],[87.08788,23.76726],[87.08259,23.75936],[87.08123,23.76166],[87.07951,23.76043],[87.07956,23.75483],[87.07734,23.75136],[87.07334,23.74974],[87.08191,23.74887],[87.0852,23.7458],[87.09126,23.74625],[87.09282,23.74425],[87.09906,23.74854],[87.09667,23.75004]]]},"properties":{"District":"Paschim Bardhaman","Dist_LGD":"335N003","Sub_dist":"Jamuria","Subdis_LGD":"2270","Subdis_Typ":"Cd_Block","Vill_name":"Sattore","Vill_Cat":"Rural","Vill_LGD":"318602","arr_project":"banani"}},
{"type":"Feature","geometry":{"type":"Polygon","coordinates":[[[87.09927,23.76592],[87.09666,23.76038],[87.10256,23.7586],[87.10569,23.7592],[87.10817,23.76462],[87.10424,23.7674],[87.10256,23.76833],[87.09927,23.76592]]]},"properties":{"District":"Paschim Bardhaman","Dist_LGD":"335N003","Sub_dist":"Jamuria","Subdis_LGD":"2270","Subdis_Typ":"Cd_Block","Vill_name":"Manpur","Vill_Cat":"Rural","Vill_LGD":"318604","arr_project":"banani"}},
{"type":"Feature","geometry":{"type":"Polygon","coordinates":[[[87.08962,23.76594],[87.09135,23.76165],[87.09063,23.75654],[87.08804,23.75394],[87.08951,23.75255],[87.09556,23.74942],[87.09667,23.75004],[87.10129,23.75259],[87.10264,23.75578],[87.10569,23.7592],[87.10256,23.7586],[87.09666,23.76038],[87.09927,23.76592],[87.09401,23.76866],[87.09167,23.76844],[87.08962,23.76594]]]},"properties":{"District":"Paschim Bardhaman","Dist_LGD":"335N003","Sub_dist":"Jamuria","Subdis_LGD":"2270","Subdis_Typ":"Cd_Block","Vill_name":"Jayantipur","Vill_Cat":"Rural","Vill_LGD":"318603","arr_project":"banani"}},
{"type":"Feature","geometry":{"type":"Polygon","coordinates":[[[87.10443,23.79082],[87.10065,23.797],[87.09069,23.80639],[87.08871,23.80591],[87.08405,23.80226],[87.08229,23.79987],[87.07729,23.80018],[87.07287,23.79755],[87.07112,23.79675],[87.08217,23.78968],[87.0896,23.78459],[87.09768,23.7775],[87.09771,23.7775],[87.09646,23.7847],[87.09864,23.78482],[87.10443,23.79082]]]},"properties":{"District":"Paschim Bardhaman","Dist_LGD":"335N003","Sub_dist":"Jamuria","Subdis_LGD":"2270","Subdis_Typ":"Cd_Block","Vill_name":"Chichurbil","Vill_Cat":"Rural","Vill_LGD":"318597","arr_project":"banani"}},
{"type":"Feature","geometry":{"type":"Polygon","coordinates":[[[87.09069,23.80639],[87.08671,23.80897],[87.08138,23.81012],[87.07312,23.81496],[87.06792,23.80646],[87.07412,23.80334],[87.07611,23.80076],[87.07287,23.79755],[87.07729,23.80018],[87.08229,23.79987],[87.08405,23.80226],[87.08871,23.80591],[87.09069,23.80639]]]},"properties":{"District":"Paschim Bardhaman","Dist_LGD":"335N003","Sub_dist":"Jamuria","Subdis_LGD":"2270","Subdis_Typ":"Cd_Block","Vill_name":"Baguli","Vill_Cat":"Rural","Vill_LGD":"318594","arr_project":"banani"}},
{"type":"Feature","geometry":{"type":"Polygon","coordinates":[[[87.13572,23.75882],[87.13186,23.76229],[87.12618,23.76565],[87.12265,23.76687],[87.11664,23.77184],[87.11398,23.77586],[87.10808,23.77332],[87.10427,23.77242],[87.1033,23.76972],[87.10424,23.7674],[87.10817,23.76462],[87.10569,23.7592],[87.10264,23.75578],[87.10129,23.75259],[87.09667,23.75004],[87.09906,23.74854],[87.1004,23.74841],[87.10724,23.74449],[87.11399,23.74851],[87.12079,23.74692],[87.12225,23.74543],[87.12611,23.75601],[87.12976,23.75787],[87.13269,23.75647],[87.13572,23.75882]]]},"properties":{"District":"Paschim Bardhaman","Dist_LGD":"335N003","Sub_dist":"Jamuria","Subdis_LGD":"2270","Subdis_Typ":"Cd_Block","Vill_name":"Birkulti","Vill_Cat":"Rural","Vill_LGD":"318607","arr_project":"banani"}},
{"type":"Feature","geometry":{"type":"Polygon","coordinates":[[[87.22921,23.7405],[87.22526,23.74023],[87.21995,23.74166],[87.21762,23.74517],[87.21417,23.74602],[87.2123,23.74038],[87.21388,23.7393],[87.21454,23.73528],[87.21411,23.73046],[87.22386,23.73067],[87.22889,23.73659],[87.22921,23.7405]]]},"properties":{"District":"Paschim Bardhaman","Dist_LGD":"335N003","Sub_dist":"Jamuria","Subdis_LGD":"2270","Subdis_Typ":"Cd_Block","Vill_name":"Chhatrish Ganda","Vill_Cat":"Rural","Vill_LGD":"318635","arr_project":"banani"}},
{"type":"Feature","geometry":{"type":"Polygon","coordinates":[[[87.21417,23.74602],[87.21064,23.74967],[87.20479,23.74891],[87.19948,23.75002],[87.19491,23.74882],[87.1902,23.74892],[87.18939,23.73956],[87.18663,23.73834],[87.18599,23.73619],[87.18758,23.73421],[87.1911,23.73323],[87.19176,23.73034],[87.19802,23.7303],[87.19888,23.72799],[87.20573,23.72975],[87.20816,23.73185],[87.21211,23.73015],[87.21411,23.73046],[87.21454,23.73528],[87.21388,23.7393],[87.2123,23.74038],[87.21417,23.74602]]]},"properties":{"District":"Paschim Bardhaman","Dist_LGD":"335N003","Sub_dist":"Jamuria","Subdis_LGD":"2270","Subdis_Typ":"Cd_Block","Vill_name":"Shyamla","Vill_Cat":"Rural","Vill_LGD":"318634","arr_project":"banani"}},
{"type":"Feature","geometry":{"type":"Polygon","coordinates":[[[87.21211,23.73015],[87.20816,23.73185],[87.20573,23.72975],[87.19888,23.72799],[87.19802,23.7303],[87.19176,23.73034],[87.18906,23.72359],[87.18566,23.71993],[87.19389,23.71779],[87.19692,23.71343],[87.2009,23.71338],[87.20278,23.71145],[87.2077,23.71095],[87.20884,23.71199],[87.20511,23.72088],[87.20575,23.72552],[87.21211,23.73015]]]},"properties":{"District":"Paschim Bardhaman","Dist_LGD":"335N003","Sub_dist":"Jamuria","Subdis_LGD":"2270","Subdis_Typ":"Cd_Block","Vill_name":"Nimsa","Vill_Cat":"Rural","Vill_LGD":"318638","arr_project":"banani"}},
{"type":"Feature","geometry":{"type":"Polygon","coordinates":[[[87.1718,23.72567],[87.17135,23.72367],[87.17412,23.72073],[87.17864,23.72137],[87.17852,23.72586],[87.17639,23.72814],[87.17573,23.73101],[87.1718,23.72567]]]},"properties":{"District":"Paschim Bardhaman","Dist_LGD":"335N003","Sub_dist":"Jamuria","Subdis_LGD":"2270","Subdis_Typ":"Cd_Block","Vill_name":"Khamarsol","Vill_Cat":"Rural","Vill_LGD":"318627","arr_project":"banani"}},
{"type":"Feature","geometry":{"type":"Polygon","coordinates":[[[87.16191,23.72774],[87.16433,23.72384],[87.16987,23.72392],[87.1718,23.72567],[87.17573,23.73101],[87.17451,23.73302],[87.17036,23.73568],[87.16191,23.72774]]]},"properties":{"District":"Paschim Bardhaman","Dist_LGD":"335N003","Sub_dist":"Jamuria","Subdis_LGD":"2270","Subdis_Typ":"Cd_Block","Vill_name":"Benasol","Vill_Cat":"Rural","Vill_LGD":"318628","arr_project":"banani"}},
{"type":"Feature","geometry":{"type":"Polygon","coordinates":[[[87.16831,23.73661],[87.16797,23.73783],[87.17204,23.74292],[87.17364,23.74306],[87.17455,23.74858],[87.17388,23.7503],[87.17204,23.74858],[87.16596,23.74768],[87.16465,23.74973],[87.16396,23.74485],[87.16278,23.74449],[87.1632,23.73755],[87.16611,23.73608],[87.16831,23.73661]]]},"properties":{"District":"Paschim Bardhaman","Dist_LGD":"335N003","Sub_dist":"Jamuria","Subdis_LGD":"2270","Subdis_Typ":"Cd_Block","Vill_name":"Bagdiha","Vill_Cat":"Rural","Vill_LGD":"318629","arr_project":"banani"}},
{"type":"Feature","geometry":{"type":"Polygon","coordinates":[[[87.16465,23.74973],[87.16388,23.75031],[87.15523,23.74872],[87.15382,23.74579],[87.15455,23.74396],[87.15405,23.73994],[87.15065,23.737],[87.15048,23.73548],[87.14419,23.73146],[87.14415,23.7307],[87.14601,23.72856],[87.14538,23.72693],[87.14682,23.72072],[87.14886,23.71883],[87.15559,23.71703],[87.15954,23.71761],[87.15982,23.72062],[87.16138,23.72416],[87.16191,23.72774],[87.17036,23.73568],[87.16831,23.73661],[87.16611,23.73608],[87.1632,23.73755],[87.16278,23.74449],[87.16396,23.74485],[87.16465,23.74973]]]},"properties":{"District":"Paschim Bardhaman","Dist_LGD":"335N003","Sub_dist":"Jamuria","Subdis_LGD":"2270","Subdis_Typ":"Cd_Block","Vill_name":"Sidhpur","Vill_Cat":"Rural","Vill_LGD":"318616","arr_project":"banani"}},
{"type":"Feature","geometry":{"type":"Polygon","coordinates":[[[87.16491,23.70296],[87.1666,23.70176],[87.16712,23.6965],[87.16865,23.69108],[87.17217,23.69451],[87.17393,23.69651],[87.17591,23.70257],[87.17664,23.7083],[87.17599,23.70896],[87.17129,23.71143],[87.16607,23.70586],[87.16491,23.70296]]]},"properties":{"District":"Paschim Bardhaman","Dist_LGD":"335N003","Sub_dist":"Jamuria","Subdis_LGD":"2270","Subdis_Typ":"Cd_Block","Vill_name":"Sarakdihi","Vill_Cat":"Rural","Vill_LGD":"318624","arr_project":"banani"}},
{"type":"Feature","geometry":{"type":"Polygon","coordinates":[[[87.15559,23.71703],[87.15612,23.71179],[87.15835,23.7087],[87.16164,23.70671],[87.16221,23.70497],[87.16491,23.70296],[87.16607,23.70586],[87.17129,23.71143],[87.17599,23.70896],[87.17055,23.71639],[87.17412,23.72073],[87.17135,23.72367],[87.1718,23.72567],[87.16987,23.72392],[87.16433,23.72384],[87.16191,23.72774],[87.16138,23.72416],[87.15982,23.72062],[87.15954,23.71761],[87.15559,23.71703]]]},"properties":{"District":"Paschim Bardhaman","Dist_LGD":"335N003","Sub_dist":"Jamuria","Subdis_LGD":"2270","Subdis_Typ":"Cd_Block","Vill_name":"Bhaterdaha","Vill_Cat":"Rural","Vill_LGD":"318625","arr_project":"banani"}},
{"type":"Feature","geometry":{"type":"Polygon","coordinates":[[[87.16865,23.69108],[87.17267,23.68922],[87.18082,23.6866],[87.18061,23.6908],[87.17883,23.69234],[87.17217,23.69451],[87.16865,23.69108]]]},"properties":{"District":"Paschim Bardhaman","Dist_LGD":"335N003","Sub_dist":"Jamuria","Subdis_LGD":"2270","Subdis_Typ":"Cd_Block","Vill_name":"Bamanband","Vill_Cat":"Rural","Vill_LGD":"318631","arr_project":"banani"}},
{"type":"Feature","geometry":{"type":"Polygon","coordinates":[[[87.18082,23.6866],[87.17267,23.68922],[87.16865,23.69108],[87.16539,23.68778],[87.1645,23.68517],[87.16618,23.6797],[87.16902,23.67863],[87.18618,23.67758],[87.18659,23.68155],[87.18516,23.67999],[87.1827,23.68246],[87.18082,23.6866]]]},"properties":{"District":"Paschim Bardhaman","Dist_LGD":"335N003","Sub_dist":"Jamuria","Subdis_LGD":"2270","Subdis_Typ":"Cd_Block","Vill_name":"Dobrana","Vill_Cat":"Rural","Vill_LGD":"318632","arr_project":"banani"}},
{"type":"Feature","geometry":{"type":"Polygon","coordinates":[[[87.27844,23.72955],[87.27649,23.72875],[87.26978,23.73147],[87.26669,23.73343],[87.26512,23.73029],[87.26167,23.72691],[87.2606,23.72435],[87.25243,23.72354],[87.25143,23.72138],[87.24437,23.71663],[87.24286,23.71249],[87.24574,23.7088],[87.24551,23.70687],[87.24817,23.70554],[87.24837,23.70299],[87.25166,23.69909],[87.25801,23.69882],[87.26628,23.69725],[87.26885,23.70218],[87.27081,23.704],[87.26811,23.70455],[87.26969,23.70883],[87.26928,23.7104],[87.27091,23.71768],[87.27407,23.72121],[87.27502,23.72418],[87.27781,23.72474],[87.28031,23.72831],[87.27844,23.72955]]]},"properties":{"District":"Paschim Bardhaman","Dist_LGD":"335N003","Sub_dist":"Pandabeswar","Subdis_LGD":"2273","Subdis_Typ":"Cd_Block","Vill_name":"Dalurband (Ct)","Vill_Cat":"Partly_Urban","Vill_LGD":"318712","arr_project":"banani"}},
{"type":"Feature","geometry":{"type":"Polygon","coordinates":[[[87.27844,23.72955],[87.27651,23.73415],[87.27066,23.74547],[87.26841,23.7482],[87.264,23.74942],[87.25795,23.74934],[87.25174,23.74743],[87.24713,23.74393],[87.24754,23.73852],[87.24701,23.73427],[87.2476,23.73136],[87.25138,23.7283],[87.25556,23.72717],[87.25414,23.72456],[87.25141,23.72469],[87.25243,23.72354],[87.2606,23.72435],[87.26167,23.72691],[87.26512,23.73029],[87.26669,23.73343],[87.26978,23.73147],[87.27649,23.72875],[87.27844,23.72955]]]},"properties":{"District":"Paschim Bardhaman","Dist_LGD":"335N003","Sub_dist":"Pandabeswar","Subdis_LGD":"2273","Subdis_Typ":"Cd_Block","Vill_name":"Ramnagar","Vill_Cat":"Rural","Vill_LGD":"318711","arr_project":"banani"}},
{"type":"Feature","geometry":{"type":"Polygon","coordinates":[[[87.28733,23.71667],[87.28647,23.71865],[87.28694,23.72381],[87.2848,23.7269],[87.28031,23.72831],[87.27781,23.72474],[87.27502,23.72418],[87.27407,23.72121],[87.27091,23.71768],[87.26928,23.7104],[87.26969,23.70883],[87.27183,23.70966],[87.27417,23.7125],[87.27744,23.71029],[87.28086,23.7102],[87.28293,23.71447],[87.28733,23.71667]]]},"properties":{"District":"Paschim Bardhaman","Dist_LGD":"335N003","Sub_dist":"Pandabeswar","Subdis_LGD":"2273","Subdis_Typ":"Cd_Block","Vill_name":"Baidyanathpur (Ct)","Vill_Cat":"Partly_Urban","Vill_LGD":"318713","arr_project":"banani"}},
{"type":"Feature","geometry":{"type":"Polygon","coordinates":[[[87.23061,23.72795],[87.22826,23.72016],[87.22888,23.71341],[87.23126,23.71029],[87.23202,23.70724],[87.23508,23.7068],[87.24199,23.70768],[87.24315,23.70561],[87.24551,23.70687],[87.24574,23.7088],[87.24286,23.71249],[87.24437,23.71663],[87.25143,23.72138],[87.25243,23.72354],[87.25141,23.72469],[87.24984,23.72778],[87.24743,23.72723],[87.23061,23.72795]]]},"properties":{"District":"Paschim Bardhaman","Dist_LGD":"335N003","Sub_dist":"Pandabeswar","Subdis_LGD":"2273","Subdis_Typ":"Cd_Block","Vill_name":"Bilpahari (Ct)","Vill_Cat":"Partly_Urban","Vill_LGD":"318710","arr_project":"banani"}},
{"type":"Feature","geometry":{"type":"Polygon","coordinates":[[[87.17412,23.72073],[87.17055,23.71639],[87.17599,23.70896],[87.17946,23.70686],[87.18179,23.71029],[87.18202,23.71594],[87.18103,23.72109],[87.17864,23.72137],[87.17412,23.72073]]]},"properties":{"District":"Paschim Bardhaman","Dist_LGD":"335N003","Sub_dist":"Jamuria","Subdis_LGD":"2270","Subdis_Typ":"Cd_Block","Vill_name":"Bataspur","Vill_Cat":"Rural","Vill_LGD":"318626","arr_project":"banani"}},
{"type":"Feature","geometry":{"type":"Polygon","coordinates":[[[87.25659,23.68888],[87.26077,23.68644],[87.26076,23.68149],[87.26426,23.68329],[87.26906,23.68376],[87.27105,23.68564],[87.26908,23.68832],[87.26977,23.69134],[87.26356,23.69356],[87.26057,23.6936],[87.25659,23.68888]]]},"properties":{"District":"Paschim Bardhaman","Dist_LGD":"335N003","Sub_dist":"Pandabeswar","Subdis_LGD":"2273","Subdis_Typ":"Cd_Block","Vill_name":"Bhatmura","Vill_Cat":"Rural","Vill_LGD":"318702","arr_project":"banani"}},
{"type":"Feature","geometry":{"type":"Polygon","coordinates":[[[87.29706,23.72154],[87.29312,23.72223],[87.2848,23.7269],[87.28694,23.72381],[87.28647,23.71865],[87.28733,23.71667],[87.29017,23.71393],[87.29494,23.71577],[87.29706,23.72154]]]},"properties":{"District":"Paschim Bardhaman","Dist_LGD":"335N003","Sub_dist":"Pandabeswar","Subdis_LGD":"2273","Subdis_Typ":"Cd_Block","Vill_name":"Gobindapur","Vill_Cat":"Rural","Vill_LGD":"318696","arr_project":"banani"}},
{"type":"Feature","geometry":{"type":"Polygon","coordinates":[[[87.31109,23.72298],[87.30545,23.72273],[87.29706,23.72154],[87.29494,23.71577],[87.2983,23.7136],[87.2981,23.71111],[87.30035,23.71024],[87.3061,23.71257],[87.30503,23.71433],[87.30693,23.71655],[87.30683,23.71994],[87.31058,23.71992],[87.31109,23.72298]]]},"properties":{"District":"Paschim Bardhaman","Dist_LGD":"335N003","Sub_dist":"Pandabeswar","Subdis_LGD":"2273","Subdis_Typ":"Cd_Block","Vill_name":"Konda","Vill_Cat":"Rural","Vill_LGD":"318697","arr_project":"banani"}},
{"type":"Feature","geometry":{"type":"Polygon","coordinates":[[[87.32335,23.71985],[87.3163,23.722],[87.31109,23.72298],[87.31058,23.71992],[87.30683,23.71994],[87.30693,23.71655],[87.30503,23.71433],[87.3061,23.71257],[87.30035,23.71024],[87.30865,23.70444],[87.31345,23.70748],[87.31386,23.71066],[87.31793,23.71278],[87.32067,23.71487],[87.32143,23.71875],[87.32335,23.71985]]]},"properties":{"District":"Paschim Bardhaman","Dist_LGD":"335N003","Sub_dist":"Pandabeswar","Subdis_LGD":"2273","Subdis_Typ":"Cd_Block","Vill_name":"Deshlopa","Vill_Cat":"Rural","Vill_LGD":"318698","arr_project":"banani"}},
{"type":"Feature","geometry":{"type":"Polygon","coordinates":[[[87.2981,23.71111],[87.29619,23.70866],[87.29378,23.70048],[87.30273,23.6977],[87.30231,23.69538],[87.3042,23.69388],[87.30612,23.69646],[87.30865,23.69759],[87.30787,23.70021],[87.30865,23.70444],[87.30035,23.71024],[87.2981,23.71111]]]},"properties":{"District":"Paschim Bardhaman","Dist_LGD":"335N003","Sub_dist":"Pandabeswar","Subdis_LGD":"2273","Subdis_Typ":"Cd_Block","Vill_name":"Dannya","Vill_Cat":"Rural","Vill_LGD":"318699","arr_project":"banani"}},
{"type":"Feature","geometry":{"type":"Polygon","coordinates":[[[87.26969,23.70883],[87.26811,23.70455],[87.27081,23.704],[87.27352,23.70326],[87.27432,23.70081],[87.27729,23.7],[87.28213,23.69595],[87.28589,23.69765],[87.28799,23.69689],[87.29081,23.70094],[87.28495,23.70469],[87.27574,23.70947],[87.27417,23.7125],[87.27183,23.70966],[87.26969,23.70883]]]},"properties":{"District":"Paschim Bardhaman","Dist_LGD":"335N003","Sub_dist":"Pandabeswar","Subdis_LGD":"2273","Subdis_Typ":"Cd_Block","Vill_name":"Chak Karala","Vill_Cat":"Rural","Vill_LGD":"318700","arr_project":"banani"}},
{"type":"Feature","geometry":{"type":"Polygon","coordinates":[[[87.23989,23.68715],[87.24667,23.68724],[87.2518,23.69048],[87.25328,23.69532],[87.2443,23.69488],[87.2391,23.69224],[87.24014,23.6884],[87.23989,23.68715]]]},"properties":{"District":"Paschim Bardhaman","Dist_LGD":"335N003","Sub_dist":"Pandabeswar","Subdis_LGD":"2273","Subdis_Typ":"Cd_Block","Vill_name":"Bhaluka","Vill_Cat":"Rural","Vill_LGD":"318705","arr_project":"banani"}},
{"type":"Feature","geometry":{"type":"Polygon","coordinates":[[[87.25659,23.68888],[87.26057,23.6936],[87.25753,23.69475],[87.25328,23.69532],[87.2518,23.69048],[87.24667,23.68724],[87.23989,23.68715],[87.23711,23.68612],[87.23653,23.683],[87.23878,23.67904],[87.23838,23.67549],[87.24036,23.67514],[87.24087,23.67225],[87.23957,23.6647],[87.24106,23.66379],[87.24421,23.66616],[87.24566,23.6688],[87.25036,23.66707],[87.25051,23.66391],[87.25353,23.66334],[87.25498,23.66638],[87.25718,23.66668],[87.25691,23.6712],[87.25897,23.67472],[87.25049,23.67953],[87.2507,23.68187],[87.25315,23.68304],[87.25549,23.68585],[87.25659,23.68888]]]},"properties":{"District":"Paschim Bardhaman","Dist_LGD":"335N003","Sub_dist":"Pandabeswar","Subdis_LGD":"2273","Subdis_Typ":"Cd_Block","Vill_name":"Nabagram (Ct)","Vill_Cat":"Partly_Urban","Vill_LGD":"318716","arr_project":"banani"}},
{"type":"Feature","geometry":{"type":"Polygon","coordinates":[[[87.25675,23.65974],[87.25689,23.65692],[87.26108,23.65334],[87.26265,23.64867],[87.26507,23.64715],[87.26686,23.64876],[87.26695,23.65072],[87.2643,23.65117],[87.26654,23.65998],[87.26077,23.66233],[87.25675,23.65974]]]},"properties":{"District":"Paschim Bardhaman","Dist_LGD":"335N003","Sub_dist":"Pandabeswar","Subdis_LGD":"2273","Subdis_Typ":"Cd_Block","Vill_name":"Shyamsundarpur","Vill_Cat":"Rural","Vill_LGD":"318704","arr_project":"banani"}},
{"type":"Feature","geometry":{"type":"Polygon","coordinates":[[[87.26686,23.64876],[87.27388,23.64735],[87.27757,23.64717],[87.28233,23.65353],[87.28181,23.65524],[87.28093,23.6543],[87.27573,23.65656],[87.27521,23.65816],[87.26774,23.65872],[87.26695,23.65072],[87.26686,23.64876]]]},"properties":{"District":"Paschim Bardhaman","Dist_LGD":"335N003","Sub_dist":"Pandabeswar","Subdis_LGD":"2273","Subdis_Typ":"Cd_Block","Vill_name":"Chak Jharia","Vill_Cat":"Rural","Vill_LGD":"318703","arr_project":"banani"}},
{"type":"Feature","geometry":{"type":"Polygon","coordinates":[[[87.13859,23.70364],[87.14071,23.69982],[87.14305,23.69909],[87.14876,23.70084],[87.15147,23.69985],[87.15427,23.69976],[87.15709,23.70273],[87.15994,23.70287],[87.16221,23.70497],[87.16164,23.70671],[87.15835,23.7087],[87.15612,23.71179],[87.15559,23.71703],[87.14886,23.71883],[87.14682,23.72072],[87.14173,23.7196],[87.14006,23.71124],[87.14252,23.70771],[87.13859,23.70364]]]},"properties":{"District":"Paschim Bardhaman","Dist_LGD":"335N003","Sub_dist":"Jamuria","Subdis_LGD":"2270","Subdis_Typ":"Cd_Block","Vill_name":"Jamsol","Vill_Cat":"Rural","Vill_LGD":"318617","arr_project":"banani"}},
{"type":"Feature","geometry":{"type":"Polygon","coordinates":[[[87.12933,23.69295],[87.13262,23.69664],[87.13513,23.69534],[87.1397,23.69593],[87.14305,23.69909],[87.14071,23.69982],[87.13859,23.70364],[87.13457,23.70136],[87.13238,23.69913],[87.12495,23.69808],[87.12283,23.69693],[87.12933,23.69295]]]},"properties":{"District":"Paschim Bardhaman","Dist_LGD":"335N003","Sub_dist":"Jamuria","Subdis_LGD":"2270","Subdis_Typ":"Cd_Block","Vill_name":"Bijaynagar","Vill_Cat":"Rural","Vill_LGD":"318618","arr_project":"banani"}},
{"type":"Feature","geometry":{"type":"Polygon","coordinates":[[[87.26073,23.61653],[87.26274,23.61452],[87.26567,23.61362],[87.26502,23.61103],[87.26723,23.60777],[87.27194,23.6079],[87.27617,23.60881],[87.27949,23.61364],[87.2771,23.61912],[87.27056,23.6181],[87.26834,23.62038],[87.26775,23.62143],[87.26337,23.62324],[87.25803,23.62757],[87.25512,23.62728],[87.25421,23.62526],[87.259,23.61994],[87.26073,23.61653]]]},"properties":{"District":"Paschim Bardhaman","Dist_LGD":"335N003","Sub_dist":"Faridpur Durgapur","Subdis_LGD":"2274","Subdis_Typ":"Cd_Block","Vill_name":"Ichhapur","Vill_Cat":"Rural","Vill_LGD":"318777","arr_project":"banani"}},
{"type":"Feature","geometry":{"type":"Polygon","coordinates":[[[87.25353,23.66334],[87.25051,23.66391],[87.25036,23.66707],[87.24566,23.6688],[87.24421,23.66616],[87.24106,23.66379],[87.23957,23.6647],[87.23564,23.66033],[87.23692,23.65669],[87.23717,23.65286],[87.24137,23.65367],[87.24398,23.65284],[87.24711,23.65348],[87.24948,23.65826],[87.25364,23.66205],[87.25353,23.66334]]]},"properties":{"District":"Paschim Bardhaman","Dist_LGD":"335N003","Sub_dist":"Pandabeswar","Subdis_LGD":"2273","Subdis_Typ":"Cd_Block","Vill_name":"Chak Bankola (Ct) (Part)","Vill_Cat":"Partly_Urban","Vill_LGD":"318683P","arr_project":"banani"}},
{"type":"Feature","geometry":{"type":"Polygon","coordinates":[[[87.20479,23.6789],[87.206,23.67973],[87.21453,23.68235],[87.21795,23.68256],[87.21727,23.68475],[87.21194,23.68929],[87.20833,23.68799],[87.20479,23.6789]]]},"properties":{"District":"Paschim Bardhaman","Dist_LGD":"335N003","Sub_dist":"Pandabeswar","Subdis_LGD":"2273","Subdis_Typ":"Cd_Block","Vill_name":"Kumarkhala","Vill_Cat":"Rural","Vill_LGD":"318708","arr_project":"banani"}},
{"type":"Feature","geometry":{"type":"Polygon","coordinates":[[[87.16412,23.61206],[87.16536,23.61065],[87.16432,23.60733],[87.16746,23.60569],[87.17152,23.60615],[87.17284,23.60524],[87.17163,23.60203],[87.1722,23.59998],[87.1789,23.59914],[87.1774,23.59352],[87.17931,23.59079],[87.18242,23.59329],[87.17934,23.59337],[87.18126,23.59789],[87.18313,23.59939],[87.1834,23.60228],[87.18057,23.60945],[87.17649,23.6107],[87.17226,23.6192],[87.16876,23.61527],[87.16412,23.61206]]]},"properties":{"District":"Paschim Bardhaman","Dist_LGD":"335N003","Sub_dist":"Andal","Subdis_LGD":"2272","Subdis_Typ":"Cd_Block","Vill_name":"Harishpur (Ct)","Vill_Cat":"Partly_Urban","Vill_LGD":"318689","arr_project":"banani"}},
{"type":"Feature","geometry":{"type":"Polygon","coordinates":[[[87.18396,23.58071],[87.17838,23.58225],[87.17631,23.58196],[87.17348,23.57797],[87.17174,23.5721],[87.16919,23.57111],[87.16923,23.56562],[87.17349,23.56509],[87.18187,23.56651],[87.18161,23.57361],[87.18396,23.58071]]]},"properties":{"District":"Paschim Bardhaman","Dist_LGD":"335N003","Sub_dist":"Andal","Subdis_LGD":"2272","Subdis_Typ":"Cd_Block","Vill_name":"Baska (Ct)","Vill_Cat":"Partly_Urban","Vill_LGD":"318694","arr_project":"banani"}},
{"type":"Feature","geometry":{"type":"Polygon","coordinates":[[[87.03066,23.78553],[87.03053,23.78017],[87.03343,23.77792],[87.0376,23.77646],[87.03952,23.77449],[87.04363,23.77491],[87.04598,23.78017],[87.04832,23.78125],[87.05143,23.78097],[87.05194,23.78454],[87.04913,23.78687],[87.04848,23.79424],[87.04757,23.79633],[87.04863,23.79848],[87.05094,23.79787],[87.05311,23.80099],[87.05145,23.80577],[87.0476,23.80744],[87.04479,23.80562],[87.04313,23.80182],[87.03996,23.79935],[87.04036,23.79718],[87.03702,23.79392],[87.03161,23.79527],[87.03184,23.79253],[87.03066,23.78553]]]},"properties":{"District":"Paschim Bardhaman","Dist_LGD":"335N003","Sub_dist":"Barabani","Subdis_LGD":"2269","Subdis_Typ":"Cd_Block","Vill_name":"Madanpur","Vill_Cat":"Rural","Vill_LGD":"318556","arr_project":"banani"}},
{"type":"Feature","geometry":{"type":"Polygon","coordinates":[[[87.23692,23.65669],[87.22913,23.65861],[87.22157,23.65977],[87.21899,23.65834],[87.21558,23.65431],[87.21474,23.65237],[87.21738,23.648],[87.21767,23.64487],[87.21903,23.64363],[87.21905,23.64036],[87.21365,23.63706],[87.21295,23.63578],[87.21359,23.63284],[87.21551,23.63385],[87.21832,23.63147],[87.22538,23.63038],[87.23083,23.62802],[87.23045,23.62535],[87.23109,23.62016],[87.23726,23.61799],[87.24029,23.61617],[87.24122,23.61816],[87.2385,23.62194],[87.23629,23.62249],[87.23726,23.626],[87.23585,23.62713],[87.23711,23.63025],[87.23954,23.62903],[87.24091,23.63389],[87.2348,23.63803],[87.23445,23.64008],[87.23667,23.64222],[87.23485,23.64492],[87.2364,23.64626],[87.23717,23.65286],[87.23692,23.65669]]]},"properties":{"District":"Paschim Bardhaman","Dist_LGD":"335N003","Sub_dist":"Andal","Subdis_LGD":"2272","Subdis_Typ":"Cd_Block","Vill_name":"Khandra (Ct)","Vill_Cat":"Partly_Urban","Vill_LGD":"318682","arr_project":"banani"}},
{"type":"Feature","geometry":{"type":"Polygon","coordinates":[[[87.24122,23.61816],[87.24634,23.61643],[87.24804,23.62045],[87.25209,23.62199],[87.25421,23.62526],[87.25512,23.62728],[87.25267,23.62693],[87.25154,23.63028],[87.24496,23.6257],[87.24222,23.62645],[87.23954,23.62903],[87.23711,23.63025],[87.23585,23.62713],[87.23726,23.626],[87.23629,23.62249],[87.2385,23.62194],[87.24122,23.61816]]]},"properties":{"District":"Paschim Bardhaman","Dist_LGD":"335N003","Sub_dist":"Faridpur Durgapur","Subdis_LGD":"2274","Subdis_Typ":"Cd_Block","Vill_name":"Amlauka","Vill_Cat":"Partly_Urban","Vill_LGD":"318759","arr_project":"banani"}},
{"type":"Feature","geometry":{"type":"Polygon","coordinates":[[[87.04228,23.73791],[87.04046,23.73556],[87.03981,23.72995],[87.04194,23.73179],[87.05048,23.73334],[87.05156,23.73534],[87.05782,23.74031],[87.05544,23.74546],[87.05393,23.74636],[87.05052,23.74417],[87.04689,23.74291],[87.04442,23.74053],[87.04228,23.73791]]]},"properties":{"District":"Paschim Bardhaman","Dist_LGD":"335N003","Sub_dist":"Barabani","Subdis_LGD":"2269","Subdis_Typ":"Cd_Block","Vill_name":"Shyamsundarpur","Vill_Cat":"Rural","Vill_LGD":"318580","arr_project":"banani"}},
{"type":"Feature","geometry":{"type":"Polygon","coordinates":[[[87.34644,23.68738],[87.34856,23.69202],[87.35182,23.70183],[87.3512,23.70315],[87.34614,23.70577],[87.34564,23.70439],[87.33747,23.70469],[87.33679,23.69611],[87.33457,23.69383],[87.33434,23.69117],[87.33913,23.68902],[87.34473,23.68902],[87.34644,23.68738]]]},"properties":{"District":"Paschim Bardhaman","Dist_LGD":"335N003","Sub_dist":"Faridpur Durgapur","Subdis_LGD":"2274","Subdis_Typ":"Cd_Block","Vill_name":"Laskarbandh","Vill_Cat":"Rural","Vill_LGD":"318732","arr_project":"banani"}},
{"type":"Feature","geometry":{"type":"Polygon","coordinates":[[[87.35875,23.68189],[87.3606,23.68007],[87.36821,23.67687],[87.37132,23.68068],[87.37189,23.6831],[87.3676,23.68304],[87.36919,23.68595],[87.36707,23.68801],[87.36425,23.68719],[87.36183,23.68695],[87.35924,23.68476],[87.35875,23.68189]]]},"properties":{"District":"Paschim Bardhaman","Dist_LGD":"335N003","Sub_dist":"Faridpur Durgapur","Subdis_LGD":"2274","Subdis_Typ":"Cd_Block","Vill_name":"Kamardanga","Vill_Cat":"Rural","Vill_LGD":"318725","arr_project":"banani"}},
{"type":"Feature","geometry":{"type":"Polygon","coordinates":[[[87.07607,23.63849],[87.07458,23.64103],[87.06872,23.64455],[87.06628,23.6392],[87.05979,23.6407],[87.05479,23.64388],[87.05539,23.64028],[87.05749,23.63727],[87.0574,23.63266],[87.05867,23.63139],[87.05809,23.62816],[87.06073,23.6268],[87.06364,23.62285],[87.06904,23.62977],[87.07323,23.63124],[87.074,23.63641],[87.07607,23.63849]]]},"properties":{"District":"Paschim Bardhaman","Dist_LGD":"335N003","Sub_dist":"Raniganj","Subdis_LGD":"2271","Subdis_Typ":"Cd_Block","Vill_name":"Beliabathan (Ct)","Vill_Cat":"Partly_Urban","Vill_LGD":"318659","arr_project":"banani"}},
{"type":"Feature","geometry":{"type":"Polygon","coordinates":[[[87.07323,23.63124],[87.06904,23.62977],[87.06364,23.62285],[87.06749,23.61602],[87.06943,23.61653],[87.07159,23.61452],[87.0725,23.61631],[87.07748,23.61904],[87.07872,23.61861],[87.08157,23.62177],[87.08542,23.62167],[87.08529,23.62593],[87.08167,23.62674],[87.07772,23.62943],[87.07323,23.63124]]]},"properties":{"District":"Paschim Bardhaman","Dist_LGD":"335N003","Sub_dist":"Raniganj","Subdis_LGD":"2271","Subdis_Typ":"Cd_Block","Vill_name":"Murgathaul (Ct)","Vill_Cat":"Partly_Urban","Vill_LGD":"318661","arr_project":"banani"}},
{"type":"Feature","geometry":{"type":"Polygon","coordinates":[[[86.90083,23.74567],[86.89997,23.74775],[86.9011,23.75065],[86.89559,23.75035],[86.89619,23.7487],[86.88788,23.74668],[86.89066,23.74227],[86.89405,23.74119],[86.89961,23.74092],[86.90083,23.74567]]]},"properties":{"District":"Paschim Bardhaman","Dist_LGD":"335N003","Sub_dist":"Salanpur","Subdis_LGD":"2268","Subdis_Typ":"Cd_Block","Vill_name":"Melekhola","Vill_Cat":"Rural","Vill_LGD":"318534","arr_project":"banani"}},
{"type":"Feature","geometry":{"type":"Polygon","coordinates":[[[87.30904,23.64379],[87.31044,23.64356],[87.30841,23.6508],[87.31213,23.6585],[87.31767,23.65706],[87.31773,23.65706],[87.31607,23.66118],[87.31507,23.66069],[87.30964,23.66358],[87.30802,23.66579],[87.30337,23.66247],[87.3,23.66227],[87.29876,23.65551],[87.3032,23.65198],[87.30457,23.6489],[87.30662,23.6476],[87.30904,23.64379]]]},"properties":{"District":"Paschim Bardhaman","Dist_LGD":"335N003","Sub_dist":"Faridpur Durgapur","Subdis_LGD":"2274","Subdis_Typ":"Cd_Block","Vill_name":"Laudoha","Vill_Cat":"Rural","Vill_LGD":"318737","arr_project":"banani"}},
{"type":"Feature","geometry":{"type":"Polygon","coordinates":[[[87.19734,23.57568],[87.19504,23.57918],[87.19315,23.57832],[87.18806,23.57889],[87.18652,23.58187],[87.18396,23.58071],[87.18161,23.57361],[87.18187,23.56651],[87.18451,23.56685],[87.19248,23.56381],[87.19679,23.56082],[87.19819,23.56466],[87.19653,23.56846],[87.19799,23.57055],[87.19863,23.573],[87.19734,23.57568]]]},"properties":{"District":"Paschim Bardhaman","Dist_LGD":"335N003","Sub_dist":"Andal","Subdis_LGD":"2272","Subdis_Typ":"Cd_Block","Vill_name":"Ondal (Ct)","Vill_Cat":"Partly_Urban","Vill_LGD":"318693","arr_project":"banani"}},
{"type":"Feature","geometry":{"type":"Polygon","coordinates":[[[87.17867,23.58697],[87.17838,23.58225],[87.18396,23.58071],[87.18652,23.58187],[87.18806,23.57889],[87.19315,23.57832],[87.19504,23.57918],[87.19734,23.57568],[87.2029,23.57914],[87.20532,23.58183],[87.20393,23.58543],[87.20402,23.58818],[87.20221,23.59029],[87.19703,23.59099],[87.19339,23.59754],[87.19262,23.59357],[87.18837,23.59211],[87.1868,23.59392],[87.18242,23.59329],[87.17931,23.59079],[87.17867,23.58697]]]},"properties":{"District":"Paschim Bardhaman","Dist_LGD":"335N003","Sub_dist":"Andal","Subdis_LGD":"2272","Subdis_Typ":"Cd_Block","Vill_name":"Dignala (Ct)","Vill_Cat":"Partly_Urban","Vill_LGD":"318691","arr_project":"banani"}},
{"type":"Feature","geometry":{"type":"Polygon","coordinates":[[[87.22299,23.56939],[87.22136,23.56722],[87.21623,23.56472],[87.21459,23.56784],[87.20958,23.5705],[87.19799,23.57055],[87.19653,23.56846],[87.19819,23.56466],[87.19679,23.56082],[87.2014,23.559],[87.20869,23.55813],[87.21153,23.55673],[87.21645,23.55062],[87.21769,23.55172],[87.22112,23.55093],[87.22566,23.55564],[87.22457,23.55818],[87.22455,23.56197],[87.2235,23.56384],[87.22594,23.5683],[87.22299,23.56939]]]},"properties":{"District":"Paschim Bardhaman","Dist_LGD":"335N003","Sub_dist":"Andal","Subdis_LGD":"2272","Subdis_Typ":"Cd_Block","Vill_name":"Shrirampur (Ct)","Vill_Cat":"Partly_Urban","Vill_LGD":"318679","arr_project":"banani"}},
{"type":"Feature","geometry":{"type":"Polygon","coordinates":[[[87.19339,23.59754],[87.19703,23.59099],[87.20221,23.59029],[87.20402,23.58818],[87.20658,23.59047],[87.21242,23.59149],[87.2124,23.59411],[87.21375,23.59797],[87.20021,23.59782],[87.19413,23.59863],[87.19339,23.59754]]]},"properties":{"District":"Paschim Bardhaman","Dist_LGD":"335N003","Sub_dist":"Andal","Subdis_LGD":"2272","Subdis_Typ":"Cd_Block","Vill_name":"Bhadur (Ct)","Vill_Cat":"Partly_Urban","Vill_LGD":"318673","arr_project":"banani"}},
{"type":"Feature","geometry":{"type":"Polygon","coordinates":[[[87.19102,23.63156],[87.19319,23.63216],[87.19763,23.63025],[87.20259,23.62892],[87.2018,23.62622],[87.19943,23.62514],[87.20003,23.62231],[87.20409,23.62148],[87.20338,23.61603],[87.20608,23.61531],[87.20898,23.61844],[87.21025,23.61707],[87.21439,23.61701],[87.21472,23.62073],[87.21083,23.62341],[87.20913,23.62302],[87.20664,23.6288],[87.20346,23.63084],[87.20299,23.63309],[87.19994,23.6343],[87.19885,23.63146],[87.19334,23.63372],[87.19102,23.63156]]]},"properties":{"District":"Paschim Bardhaman","Dist_LGD":"335N003","Sub_dist":"Andal","Subdis_LGD":"2272","Subdis_Typ":"Cd_Block","Vill_name":"Gaidhoba","Vill_Cat":"Rural","Vill_LGD":"318670","arr_project":"banani"}},
{"type":"Feature","geometry":{"type":"Polygon","coordinates":[[[87.20299,23.63309],[87.20346,23.63084],[87.20664,23.6288],[87.20913,23.62302],[87.21083,23.62341],[87.21472,23.62073],[87.21683,23.62146],[87.21655,23.6242],[87.21604,23.62883],[87.21253,23.63076],[87.21359,23.63284],[87.21295,23.63578],[87.20888,23.635],[87.20402,23.63583],[87.20299,23.63309]]]},"properties":{"District":"Paschim Bardhaman","Dist_LGD":"335N003","Sub_dist":"Andal","Subdis_LGD":"2272","Subdis_Typ":"Cd_Block","Vill_name":"Madhusudanpur","Vill_Cat":"Rural","Vill_LGD":"318669","arr_project":"banani"}},
{"type":"Feature","geometry":{"type":"Polygon","coordinates":[[[87.21655,23.6242],[87.21835,23.62265],[87.22365,23.62124],[87.22771,23.62098],[87.22881,23.62552],[87.23045,23.62535],[87.23083,23.62802],[87.22538,23.63038],[87.21832,23.63147],[87.21551,23.63385],[87.21359,23.63284],[87.21253,23.63076],[87.21604,23.62883],[87.21655,23.6242]]]},"properties":{"District":"Paschim Bardhaman","Dist_LGD":"335N003","Sub_dist":"Andal","Subdis_LGD":"2272","Subdis_Typ":"Cd_Block","Vill_name":"Mahira (Ct)","Vill_Cat":"Partly_Urban","Vill_LGD":"318685","arr_project":"banani"}},
{"type":"Feature","geometry":{"type":"Polygon","coordinates":[[[87.17226,23.6192],[87.17649,23.6107],[87.18057,23.60945],[87.1834,23.60228],[87.18313,23.59939],[87.18126,23.59789],[87.17934,23.59337],[87.18242,23.59329],[87.1868,23.59392],[87.18837,23.59211],[87.19262,23.59357],[87.19339,23.59754],[87.19413,23.59863],[87.20064,23.59898],[87.2004,23.60138],[87.19739,23.60326],[87.19784,23.60526],[87.20044,23.60612],[87.20505,23.61049],[87.20608,23.61531],[87.20338,23.61603],[87.20409,23.62148],[87.20003,23.62231],[87.19943,23.62514],[87.2018,23.62622],[87.20259,23.62892],[87.19763,23.63025],[87.19319,23.63216],[87.19102,23.63156],[87.19005,23.62987],[87.1833,23.63459],[87.17782,23.63492],[87.17608,23.63386],[87.17511,23.63211],[87.17375,23.62518],[87.17442,23.62341],[87.17226,23.6192]]]},"properties":{"District":"Paschim Bardhaman","Dist_LGD":"335N003","Sub_dist":"Andal","Subdis_LGD":"2272","Subdis_Typ":"Cd_Block","Vill_name":"Kajora (Ct)","Vill_Cat":"Partly_Urban","Vill_LGD":"318688","arr_project":"banani"}},
{"type":"Feature","geometry":{"type":"Polygon","coordinates":[[[87.20567,23.66057],[87.20401,23.65593],[87.20543,23.64991],[87.20133,23.64559],[87.20914,23.64523],[87.21393,23.64414],[87.21767,23.64487],[87.21738,23.648],[87.21474,23.65237],[87.21558,23.65431],[87.21334,23.65699],[87.20567,23.66057]]]},"properties":{"District":"Paschim Bardhaman","Dist_LGD":"335N003","Sub_dist":"Andal","Subdis_LGD":"2272","Subdis_Typ":"Cd_Block","Vill_name":"Siduli (Ct)","Vill_Cat":"Partly_Urban","Vill_LGD":"318681","arr_project":"banani"}},
{"type":"Feature","geometry":{"type":"Polygon","coordinates":[[[87.20567,23.66057],[87.20406,23.66256],[87.19979,23.6644],[87.19332,23.66343],[87.19082,23.66717],[87.18394,23.66822],[87.17823,23.66314],[87.17826,23.66168],[87.17769,23.6562],[87.18187,23.65716],[87.1874,23.6545],[87.19368,23.65486],[87.19458,23.65225],[87.20014,23.64599],[87.20133,23.64559],[87.20543,23.64991],[87.20401,23.65593],[87.20567,23.66057]]]},"properties":{"District":"Paschim Bardhaman","Dist_LGD":"335N003","Sub_dist":"Pandabeswar","Subdis_LGD":"2273","Subdis_Typ":"Cd_Block","Vill_name":"Bahula (Ct)","Vill_Cat":"Partly_Urban","Vill_LGD":"318720","arr_project":"banani"}},
{"type":"Feature","geometry":{"type":"Polygon","coordinates":[[[86.96145,23.75364],[86.96283,23.75732],[86.96687,23.75456],[86.96873,23.75686],[86.96751,23.75921],[86.9669,23.76717],[86.9662,23.76913],[86.96145,23.76866],[86.95767,23.76623],[86.95973,23.76315],[86.96085,23.7592],[86.96019,23.75564],[86.96145,23.75364]]]},"properties":{"District":"Paschim Bardhaman","Dist_LGD":"335N003","Sub_dist":"Barabani","Subdis_LGD":"2269","Subdis_Typ":"Cd_Block","Vill_name":"Raghunath Chak","Vill_Cat":"Rural","Vill_LGD":"318567","arr_project":"banani"}},
{"type":"Feature","geometry":{"type":"Polygon","coordinates":[[[86.96606,23.74834],[86.9692,23.74947],[86.97207,23.74816],[86.98121,23.74522],[86.98229,23.74945],[86.98137,23.7501],[86.97878,23.75283],[86.97857,23.75545],[86.96873,23.75686],[86.96687,23.75456],[86.96283,23.75732],[86.96145,23.75364],[86.96335,23.75102],[86.96606,23.74834]]]},"properties":{"District":"Paschim Bardhaman","Dist_LGD":"335N003","Sub_dist":"Barabani","Subdis_LGD":"2269","Subdis_Typ":"Cd_Block","Vill_name":"Bijari","Vill_Cat":"Rural","Vill_LGD":"318569","arr_project":"banani"}},
{"type":"Feature","geometry":{"type":"Polygon","coordinates":[[[86.96873,23.75686],[86.97857,23.75545],[86.97964,23.75774],[86.98466,23.76113],[86.98803,23.76474],[86.98465,23.76476],[86.98267,23.76778],[86.98075,23.76814],[86.97793,23.76942],[86.97489,23.76763],[86.97129,23.7683],[86.96998,23.76992],[86.96882,23.7669],[86.9669,23.76717],[86.96751,23.75921],[86.96873,23.75686]]]},"properties":{"District":"Paschim Bardhaman","Dist_LGD":"335N003","Sub_dist":"Barabani","Subdis_LGD":"2269","Subdis_Typ":"Cd_Block","Vill_name":"Raniganj","Vill_Cat":"Rural","Vill_LGD":"318566","arr_project":"banani"}},
{"type":"Feature","geometry":{"type":"Polygon","coordinates":[[[87.04139,23.76564],[87.04246,23.76436],[87.03931,23.76055],[87.04007,23.75891],[87.04375,23.75696],[87.04606,23.75462],[87.0488,23.75668],[87.0485,23.76227],[87.04964,23.76535],[87.04696,23.76378],[87.04224,23.76675],[87.04139,23.76564]]]},"properties":{"District":"Paschim Bardhaman","Dist_LGD":"335N003","Sub_dist":"Barabani","Subdis_LGD":"2269","Subdis_Typ":"Cd_Block","Vill_name":"Gopalbaid","Vill_Cat":"Rural","Vill_LGD":"318579","arr_project":"banani"}},
{"type":"Feature","geometry":{"type":"Polygon","coordinates":[[[87.04139,23.76564],[87.04032,23.76707],[87.03678,23.76617],[87.03612,23.76863],[87.02984,23.7686],[87.02728,23.7656],[87.02497,23.76058],[87.01871,23.75536],[87.0184,23.75312],[87.0184,23.74863],[87.02103,23.74755],[87.01896,23.74308],[87.02267,23.74468],[87.02782,23.74224],[87.04228,23.73791],[87.04442,23.74053],[87.04203,23.74331],[87.0454,23.74783],[87.04671,23.75112],[87.04606,23.75462],[87.04375,23.75696],[87.04007,23.75891],[87.03931,23.76055],[87.04246,23.76436],[87.04139,23.76564]]]},"properties":{"District":"Paschim Bardhaman","Dist_LGD":"335N003","Sub_dist":"Barabani","Subdis_LGD":"2269","Subdis_Typ":"Cd_Block","Vill_name":"Domohani (Ct)","Vill_Cat":"Partly_Urban","Vill_LGD":"318588","arr_project":"banani"}},
{"type":"Feature","geometry":{"type":"Polygon","coordinates":[[[87.03612,23.76863],[87.03478,23.76961],[87.03444,23.77531],[87.03551,23.77668],[87.0214,23.781],[87.01692,23.78483],[87.01448,23.78485],[87.01469,23.78786],[87.01419,23.78789],[87.01265,23.78136],[87.01079,23.77649],[87.01226,23.77225],[87.01103,23.76607],[87.00753,23.76417],[87.00554,23.76507],[86.9991,23.76204],[86.99722,23.75964],[86.99837,23.75569],[87,23.75461],[87.0023,23.75386],[87.00671,23.75526],[87.01244,23.75532],[87.01741,23.75418],[87.0184,23.75312],[87.01871,23.75536],[87.02497,23.76058],[87.02728,23.7656],[87.02984,23.7686],[87.03612,23.76863]]]},"properties":{"District":"Paschim Bardhaman","Dist_LGD":"335N003","Sub_dist":"Barabani","Subdis_LGD":"2269","Subdis_Typ":"Cd_Block","Vill_name":"Kelejora","Vill_Cat":"Rural","Vill_LGD":"318576","arr_project":"banani"}},
{"type":"Feature","geometry":{"type":"Polygon","coordinates":[[[87.01469,23.78786],[87.01448,23.78485],[87.01692,23.78483],[87.0214,23.781],[87.03551,23.77668],[87.03444,23.77531],[87.03478,23.76961],[87.03612,23.76863],[87.03901,23.77043],[87.03952,23.77449],[87.0376,23.77646],[87.03343,23.77792],[87.03053,23.78017],[87.03066,23.78553],[87.0276,23.78599],[87.02168,23.78346],[87.01874,23.78516],[87.01747,23.7876],[87.01555,23.78796],[87.01469,23.78786]]]},"properties":{"District":"Paschim Bardhaman","Dist_LGD":"335N003","Sub_dist":"Barabani","Subdis_LGD":"2269","Subdis_Typ":"Cd_Block","Vill_name":"Khoshnagar","Vill_Cat":"Rural","Vill_LGD":"318577","arr_project":"banani"}},
{"type":"Feature","geometry":{"type":"Polygon","coordinates":[[[86.98075,23.76814],[86.98267,23.76778],[86.98465,23.76476],[86.98803,23.76474],[86.99239,23.76321],[86.99248,23.76128],[86.99722,23.75964],[86.9991,23.76204],[87.00554,23.76507],[87.00753,23.76417],[87.01103,23.76607],[87.01226,23.77225],[87.01079,23.77649],[87.01265,23.78136],[87.01419,23.78789],[87.01146,23.78885],[87.00484,23.78901],[87.00253,23.78669],[86.99969,23.78577],[86.99362,23.78613],[86.99174,23.78727],[86.98388,23.78924],[86.98241,23.78696],[86.98327,23.78537],[86.98047,23.78238],[86.97976,23.78021],[86.98285,23.77856],[86.98131,23.77583],[86.98281,23.77218],[86.98075,23.76814]]]},"properties":{"District":"Paschim Bardhaman","Dist_LGD":"335N003","Sub_dist":"Barabani","Subdis_LGD":"2269","Subdis_Typ":"Cd_Block","Vill_name":"Puchra","Vill_Cat":"Rural","Vill_LGD":"318560","arr_project":"banani"}},
{"type":"Feature","geometry":{"type":"Polygon","coordinates":[[[86.96998,23.76992],[86.97129,23.7683],[86.97489,23.76763],[86.97793,23.76942],[86.98075,23.76814],[86.98281,23.77218],[86.98131,23.77583],[86.98285,23.77856],[86.97976,23.78021],[86.97749,23.78146],[86.974,23.78065],[86.97127,23.78156],[86.96478,23.78148],[86.96522,23.77738],[86.96944,23.77545],[86.969,23.77097],[86.96998,23.76992]]]},"properties":{"District":"Paschim Bardhaman","Dist_LGD":"335N003","Sub_dist":"Barabani","Subdis_LGD":"2269","Subdis_Typ":"Cd_Block","Vill_name":"Amnala","Vill_Cat":"Rural","Vill_LGD":"318565","arr_project":"banani"}},
{"type":"Feature","geometry":{"type":"Polygon","coordinates":[[[86.9475,23.77321],[86.95117,23.77033],[86.95289,23.76799],[86.95767,23.76623],[86.96145,23.76866],[86.9662,23.76913],[86.9669,23.76717],[86.96882,23.7669],[86.96998,23.76992],[86.969,23.77097],[86.96944,23.77545],[86.96522,23.77738],[86.96478,23.78148],[86.96313,23.78234],[86.95743,23.78273],[86.95663,23.78172],[86.95212,23.78176],[86.94842,23.78081],[86.9475,23.77321]]]},"properties":{"District":"Paschim Bardhaman","Dist_LGD":"335N003","Sub_dist":"Barabani","Subdis_LGD":"2269","Subdis_Typ":"Cd_Block","Vill_name":"Baliapur","Vill_Cat":"Rural","Vill_LGD":"318564","arr_project":"banani"}},
{"type":"Feature","geometry":{"type":"Polygon","coordinates":[[[86.95212,23.78176],[86.95663,23.78172],[86.95743,23.78273],[86.96313,23.78234],[86.96327,23.78734],[86.96675,23.78894],[86.96543,23.79134],[86.96642,23.79362],[86.96006,23.79457],[86.95275,23.79245],[86.95006,23.7932],[86.95128,23.79204],[86.95008,23.78478],[86.95212,23.78176]]]},"properties":{"District":"Paschim Bardhaman","Dist_LGD":"335N003","Sub_dist":"Barabani","Subdis_LGD":"2269","Subdis_Typ":"Cd_Block","Vill_name":"Amdiha","Vill_Cat":"Rural","Vill_LGD":"318563","arr_project":"banani"}},
{"type":"Feature","geometry":{"type":"Polygon","coordinates":[[[86.96478,23.78148],[86.97127,23.78156],[86.974,23.78065],[86.97749,23.78146],[86.97816,23.78512],[86.97318,23.78577],[86.9737,23.78854],[86.97825,23.78962],[86.97379,23.79234],[86.97089,23.79391],[86.96642,23.79362],[86.96543,23.79134],[86.96675,23.78894],[86.96327,23.78734],[86.96313,23.78234],[86.96478,23.78148]]]},"properties":{"District":"Paschim Bardhaman","Dist_LGD":"335N003","Sub_dist":"Barabani","Subdis_LGD":"2269","Subdis_Typ":"Cd_Block","Vill_name":"Bila","Vill_Cat":"Rural","Vill_LGD":"318562","arr_project":"banani"}},
{"type":"Feature","geometry":{"type":"Polygon","coordinates":[[[87.01555,23.78796],[87.01747,23.7876],[87.01874,23.78516],[87.02168,23.78346],[87.0276,23.78599],[87.03066,23.78553],[87.03184,23.79253],[87.03161,23.79527],[87.02887,23.79609],[87.02968,23.7993],[87.02355,23.80474],[87.0183,23.79988],[87.01507,23.79852],[87.0143,23.78898],[87.01555,23.78796]]]},"properties":{"District":"Paschim Bardhaman","Dist_LGD":"335N003","Sub_dist":"Barabani","Subdis_LGD":"2269","Subdis_Typ":"Cd_Block","Vill_name":"Kapishtha","Vill_Cat":"Rural","Vill_LGD":"318558","arr_project":"banani"}},
{"type":"Feature","geometry":{"type":"Polygon","coordinates":[[[87.02355,23.80474],[87.02968,23.7993],[87.02887,23.79609],[87.03161,23.79527],[87.03702,23.79392],[87.04036,23.79718],[87.03996,23.79935],[87.04313,23.80182],[87.04479,23.80562],[87.03849,23.80824],[87.0359,23.80812],[87.03027,23.81018],[87.02687,23.80918],[87.02331,23.80975],[87.02355,23.80474]]]},"properties":{"District":"Paschim Bardhaman","Dist_LGD":"335N003","Sub_dist":"Barabani","Subdis_LGD":"2269","Subdis_Typ":"Cd_Block","Vill_name":"Sarishatali","Vill_Cat":"Rural","Vill_LGD":"318557","arr_project":"banani"}},
{"type":"Feature","geometry":{"type":"Polygon","coordinates":[[[87.05969,23.81965],[87.05597,23.82188],[87.04864,23.82843],[87.04197,23.82473],[87.03992,23.82169],[87.03507,23.82191],[87.03145,23.8168],[87.02995,23.81234],[87.03027,23.81018],[87.0359,23.80812],[87.03849,23.80824],[87.04479,23.80562],[87.0476,23.80744],[87.04738,23.81222],[87.05076,23.81113],[87.05572,23.81234],[87.05969,23.81965]]]},"properties":{"District":"Paschim Bardhaman","Dist_LGD":"335N003","Sub_dist":"Barabani","Subdis_LGD":"2269","Subdis_Typ":"Cd_Block","Vill_name":"Rosunpur","Vill_Cat":"Rural","Vill_LGD":"318555","arr_project":"banani"}},
{"type":"Feature","geometry":{"type":"Polygon","coordinates":[[[87.03675,23.83983],[87.02706,23.84311],[87.02242,23.84551],[87.01239,23.85198],[87.00739,23.85373],[87.00554,23.85092],[87.00242,23.84911],[87.0029,23.84399],[87.00848,23.84289],[87.01307,23.84131],[87.01743,23.83822],[87.01911,23.84005],[87.02226,23.83983],[87.02503,23.8376],[87.03072,23.83604],[87.03288,23.83349],[87.03397,23.83415],[87.03675,23.83983]]]},"properties":{"District":"Paschim Bardhaman","Dist_LGD":"335N003","Sub_dist":"Barabani","Subdis_LGD":"2269","Subdis_Typ":"Cd_Block","Vill_name":"Putulia","Vill_Cat":"Rural","Vill_LGD":"318552","arr_project":"banani"}},
{"type":"Feature","geometry":{"type":"Polygon","coordinates":[[[87.01293,23.83468],[87.01801,23.83413],[87.01913,23.83048],[87.02638,23.82922],[87.02957,23.82994],[87.03288,23.83349],[87.03072,23.83604],[87.02503,23.8376],[87.02226,23.83983],[87.01911,23.84005],[87.01743,23.83822],[87.01376,23.83728],[87.01293,23.83468]]]},"properties":{"District":"Paschim Bardhaman","Dist_LGD":"335N003","Sub_dist":"Barabani","Subdis_LGD":"2269","Subdis_Typ":"Cd_Block","Vill_name":"Gourbazar","Vill_Cat":"Rural","Vill_LGD":"318553","arr_project":"banani"}},
{"type":"Feature","geometry":{"type":"Polygon","coordinates":[[[87.04864,23.82843],[87.03993,23.83771],[87.03675,23.83983],[87.03397,23.83415],[87.03804,23.83129],[87.03779,23.82672],[87.03489,23.8232],[87.03507,23.82191],[87.03992,23.82169],[87.04197,23.82473],[87.04864,23.82843]]]},"properties":{"District":"Paschim Bardhaman","Dist_LGD":"335N003","Sub_dist":"Barabani","Subdis_LGD":"2269","Subdis_Typ":"Cd_Block","Vill_name":"Amuliya","Vill_Cat":"Rural","Vill_LGD":"318554","arr_project":"banani"}},
{"type":"Feature","geometry":{"type":"Polygon","coordinates":[[[86.98127,23.81193],[86.98085,23.80409],[86.9871,23.80139],[86.99115,23.80695],[86.99642,23.81048],[86.99658,23.81468],[86.99228,23.81796],[86.98834,23.815],[86.98768,23.81161],[86.98127,23.81193]]]},"properties":{"District":"Paschim Bardhaman","Dist_LGD":"335N003","Sub_dist":"Barabani","Subdis_LGD":"2269","Subdis_Typ":"Cd_Block","Vill_name":"Kantapahari","Vill_Cat":"Rural","Vill_LGD":"318549","arr_project":"banani"}},
{"type":"Feature","geometry":{"type":"Polygon","coordinates":[[[86.9871,23.80139],[86.9889,23.7996],[86.98807,23.79648],[86.98619,23.79621],[86.98444,23.79185],[86.98227,23.79068],[86.9811,23.7874],[86.98241,23.78696],[86.98388,23.78924],[86.99174,23.78727],[86.99362,23.78613],[86.99969,23.78577],[87.00253,23.78669],[87.00484,23.78901],[87.01146,23.78885],[87.01419,23.78789],[87.01469,23.78786],[87.01555,23.78796],[87.0143,23.78898],[87.01507,23.79852],[87.0183,23.79988],[87.02355,23.80474],[87.02331,23.80975],[87.02687,23.80918],[87.03027,23.81018],[87.02995,23.81234],[87.03145,23.8168],[87.03507,23.82191],[87.03489,23.8232],[87.03779,23.82672],[87.03804,23.83129],[87.03397,23.83415],[87.03288,23.83349],[87.02957,23.82994],[87.02638,23.82922],[87.01913,23.83048],[87.01801,23.83413],[87.01293,23.83468],[87.00924,23.83079],[87.00482,23.82942],[87.00365,23.82695],[87.00118,23.82688],[87.00148,23.82078],[86.99228,23.81796],[86.99658,23.81468],[86.99642,23.81048],[86.99115,23.80695],[86.9871,23.80139]]]},"properties":{"District":"Paschim Bardhaman","Dist_LGD":"335N003","Sub_dist":"Barabani","Subdis_LGD":"2269","Subdis_Typ":"Cd_Block","Vill_name":"Jamgram (Ct)","Vill_Cat":"Partly_Urban","Vill_LGD":"318559","arr_project":"banani"}},
{"type":"Feature","geometry":{"type":"Polygon","coordinates":[[[86.96441,23.81572],[86.96798,23.81496],[86.96866,23.81188],[86.97455,23.80628],[86.9746,23.80835],[86.98127,23.81193],[86.98768,23.81161],[86.98834,23.815],[86.99228,23.81796],[86.99054,23.82178],[86.98445,23.83037],[86.97832,23.82988],[86.97714,23.82702],[86.97138,23.82896],[86.96831,23.82791],[86.95838,23.83026],[86.95867,23.82793],[86.96219,23.82262],[86.96324,23.82225],[86.96501,23.81754],[86.96441,23.81572]]]},"properties":{"District":"Paschim Bardhaman","Dist_LGD":"335N003","Sub_dist":"Barabani","Subdis_LGD":"2269","Subdis_Typ":"Cd_Block","Vill_name":"Panuria (Ct)","Vill_Cat":"Partly_Urban","Vill_LGD":"318587","arr_project":"banani"}},
{"type":"Feature","geometry":{"type":"Polygon","coordinates":[[[87.00739,23.85373],[87.00414,23.85483],[86.98691,23.85922],[86.98438,23.85557],[86.9812,23.85331],[86.97912,23.85002],[86.98026,23.8488],[86.98056,23.84487],[86.98361,23.84374],[86.98465,23.84065],[86.98888,23.839],[86.99312,23.83881],[86.99467,23.84031],[86.99734,23.83864],[86.99969,23.83778],[87.0029,23.84399],[87.00242,23.84911],[87.00554,23.85092],[87.00739,23.85373]]]},"properties":{"District":"Paschim Bardhaman","Dist_LGD":"335N003","Sub_dist":"Barabani","Subdis_LGD":"2269","Subdis_Typ":"Cd_Block","Vill_name":"Roshna","Vill_Cat":"Rural","Vill_LGD":"318542","arr_project":"banani"}},
{"type":"Feature","geometry":{"type":"Polygon","coordinates":[[[87.03107,23.65712],[87.03451,23.65644],[87.04054,23.65737],[87.04358,23.65717],[87.04895,23.66465],[87.04283,23.66646],[87.04134,23.66798],[87.0371,23.6687],[87.03716,23.66629],[87.0345,23.66539],[87.03131,23.6673],[87.02605,23.66797],[87.0253,23.66412],[87.02721,23.6603],[87.03107,23.65712]]]},"properties":{"District":"Paschim Bardhaman","Dist_LGD":"335N003","Sub_dist":"Raniganj","Subdis_LGD":"2271","Subdis_Typ":"Cd_Block","Vill_name":"Saora","Vill_Cat":"Rural","Vill_LGD":"318643","arr_project":"banani"}},
{"type":"Feature","geometry":{"type":"Polygon","coordinates":[[[87.02883,23.65055],[87.02354,23.64298],[87.02458,23.64149],[87.02897,23.64166],[87.0348,23.64364],[87.03773,23.64672],[87.03436,23.6489],[87.03098,23.64871],[87.02883,23.65055]]]},"properties":{"District":"Paschim Bardhaman","Dist_LGD":"335N003","Sub_dist":"Raniganj","Subdis_LGD":"2271","Subdis_Typ":"Cd_Block","Vill_name":"Kumardiha","Vill_Cat":"Rural","Vill_LGD":"318644","arr_project":"banani"}},
{"type":"Feature","geometry":{"type":"Polygon","coordinates":[[[87.05809,23.62816],[87.05867,23.63139],[87.0574,23.63266],[87.05352,23.62851],[87.05012,23.6308],[87.04541,23.63232],[87.04153,23.6312],[87.03836,23.62727],[87.03452,23.62621],[87.02995,23.62642],[87.02302,23.62981],[87.02165,23.62815],[87.02835,23.6221],[87.03373,23.61802],[87.03966,23.61725],[87.05179,23.61485],[87.05238,23.62023],[87.05441,23.62395],[87.05809,23.62816]]]},"properties":{"District":"Paschim Bardhaman","Dist_LGD":"335N003","Sub_dist":"Raniganj","Subdis_LGD":"2271","Subdis_Typ":"Cd_Block","Vill_name":"Tirat (Ct)","Vill_Cat":"Partly_Urban","Vill_LGD":"318645","arr_project":"banani"}},
{"type":"Feature","geometry":{"type":"Polygon","coordinates":[[[87.06364,23.62285],[87.06073,23.6268],[87.05809,23.62816],[87.05441,23.62395],[87.05238,23.62023],[87.05179,23.61485],[87.06022,23.61168],[87.06254,23.60845],[87.06685,23.60505],[87.06978,23.60881],[87.07311,23.61176],[87.07159,23.61452],[87.06943,23.61653],[87.06749,23.61602],[87.06364,23.62285]]]},"properties":{"District":"Paschim Bardhaman","Dist_LGD":"335N003","Sub_dist":"Raniganj","Subdis_LGD":"2271","Subdis_Typ":"Cd_Block","Vill_name":"Harabhanga","Vill_Cat":"Rural","Vill_LGD":"318647","arr_project":"banani"}},
{"type":"Feature","geometry":{"type":"Polygon","coordinates":[[[87.05494,23.65114],[87.04934,23.65108],[87.04768,23.65236],[87.0467,23.65086],[87.0492,23.64749],[87.04697,23.64676],[87.04699,23.64329],[87.04341,23.64259],[87.04541,23.63232],[87.05012,23.6308],[87.05352,23.62851],[87.0574,23.63266],[87.05749,23.63727],[87.05539,23.64028],[87.05479,23.64388],[87.05494,23.65114]]]},"properties":{"District":"Paschim Bardhaman","Dist_LGD":"335N003","Sub_dist":"Raniganj","Subdis_LGD":"2271","Subdis_Typ":"Cd_Block","Vill_name":"Chalbalpur","Vill_Cat":"Rural","Vill_LGD":"318646","arr_project":"banani"}},
{"type":"Feature","geometry":{"type":"Polygon","coordinates":[[[87.08852,23.62254],[87.0873,23.62623],[87.08529,23.62593],[87.08542,23.62167],[87.08157,23.62177],[87.07872,23.61861],[87.07748,23.61904],[87.0725,23.61631],[87.07159,23.61452],[87.07311,23.61176],[87.07473,23.61089],[87.07747,23.60687],[87.0814,23.60527],[87.08453,23.60598],[87.08743,23.60502],[87.0893,23.61227],[87.09511,23.61304],[87.09607,23.61666],[87.09057,23.61994],[87.08852,23.62254]]]},"properties":{"District":"Paschim Bardhaman","Dist_LGD":"335N003","Sub_dist":"Raniganj","Subdis_LGD":"2271","Subdis_Typ":"Cd_Block","Vill_name":"Amkula (Ct)","Vill_Cat":"Partly_Urban","Vill_LGD":"318662","arr_project":"banani"}},
{"type":"Feature","geometry":{"type":"Polygon","coordinates":[[[87.10502,23.58575],[87.10619,23.58718],[87.10531,23.59357],[87.10619,23.59622],[87.10497,23.59759],[87.09428,23.59752],[87.09345,23.594],[87.09745,23.58982],[87.10502,23.58575]]]},"properties":{"District":"Paschim Bardhaman","Dist_LGD":"335N003","Sub_dist":"Raniganj","Subdis_LGD":"2271","Subdis_Typ":"Cd_Block","Vill_name":"Narankuri","Vill_Cat":"Rural","Vill_LGD":"318649","arr_project":"banani"}},
{"type":"Feature","geometry":{"type":"Polygon","coordinates":[[[87.11979,23.58927],[87.11876,23.5953],[87.11175,23.59699],[87.11036,23.59969],[87.10497,23.59759],[87.10619,23.59622],[87.10531,23.59357],[87.10619,23.58718],[87.10502,23.58575],[87.11064,23.5822],[87.11314,23.58746],[87.11701,23.59011],[87.11979,23.58927]]]},"properties":{"District":"Paschim Bardhaman","Dist_LGD":"335N003","Sub_dist":"Raniganj","Subdis_LGD":"2271","Subdis_Typ":"Cd_Block","Vill_name":"Sahebganj (Ct)","Vill_Cat":"Partly_Urban","Vill_LGD":"318665","arr_project":"banani"}},
{"type":"Feature","geometry":{"type":"Polygon","coordinates":[[[87.11979,23.58927],[87.11701,23.59011],[87.11314,23.58746],[87.11064,23.5822],[87.11426,23.58045],[87.11804,23.58132],[87.12108,23.57994],[87.12278,23.58274],[87.12122,23.58457],[87.12197,23.58801],[87.11979,23.58927]]]},"properties":{"District":"Paschim Bardhaman","Dist_LGD":"335N003","Sub_dist":"Raniganj","Subdis_LGD":"2271","Subdis_Typ":"Cd_Block","Vill_name":"Raghunathchak (Ct)","Vill_Cat":"Partly_Urban","Vill_LGD":"318666","arr_project":"banani"}},
{"type":"Feature","geometry":{"type":"Polygon","coordinates":[[[87.12472,23.59052],[87.12063,23.59296],[87.11979,23.58927],[87.12197,23.58801],[87.12122,23.58457],[87.12278,23.58274],[87.12108,23.57994],[87.11804,23.58132],[87.11426,23.58045],[87.12185,23.5764],[87.12764,23.57648],[87.13145,23.57549],[87.1341,23.57904],[87.13001,23.58009],[87.1284,23.58312],[87.12701,23.5887],[87.12472,23.59052]]]},"properties":{"District":"Paschim Bardhaman","Dist_LGD":"335N003","Sub_dist":"Raniganj","Subdis_LGD":"2271","Subdis_Typ":"Cd_Block","Vill_name":"Ballavpur (Ct)","Vill_Cat":"Partly_Urban","Vill_LGD":"318667","arr_project":"banani"}},
{"type":"Feature","geometry":{"type":"Polygon","coordinates":[[[87.13295,23.60821],[87.13043,23.6066],[87.13207,23.60312],[87.13246,23.59932],[87.1368,23.59759],[87.13839,23.60219],[87.13586,23.60429],[87.13505,23.60706],[87.13295,23.60821]]]},"properties":{"District":"Paschim Bardhaman","Dist_LGD":"335N003","Sub_dist":"Raniganj","Subdis_LGD":"2271","Subdis_Typ":"Cd_Block","Vill_name":"Chak Brindabanpur","Vill_Cat":"Rural","Vill_LGD":"318653","arr_project":"banani"}},
{"type":"Feature","geometry":{"type":"Polygon","coordinates":[[[87.08743,23.60502],[87.09324,23.59989],[87.09428,23.59752],[87.10497,23.59759],[87.11036,23.59969],[87.10873,23.6037],[87.10972,23.61384],[87.10531,23.61346],[87.10383,23.616],[87.09607,23.61666],[87.09511,23.61304],[87.0893,23.61227],[87.08743,23.60502]]]},"properties":{"District":"Paschim Bardhaman","Dist_LGD":"335N003","Sub_dist":"Raniganj","Subdis_LGD":"2271","Subdis_Typ":"Cd_Block","Vill_name":"Egara (Ct)","Vill_Cat":"Partly_Urban","Vill_LGD":"318664","arr_project":"banani"}},
{"type":"Feature","geometry":{"type":"Polygon","coordinates":[[[87.12859,23.64368],[87.12658,23.63639],[87.12859,23.63323],[87.13253,23.64056],[87.12859,23.64368]]]},"properties":{"District":"Paschim Bardhaman","Dist_LGD":"335N003","Sub_dist":"Raniganj","Subdis_LGD":"2271","Subdis_Typ":"Cd_Block","Vill_name":"Chak Janadhara","Vill_Cat":"Rural","Vill_LGD":"318651","arr_project":"banani"}},
{"type":"Feature","geometry":{"type":"Polygon","coordinates":[[[87.15757,23.6341],[87.15298,23.63349],[87.14707,23.63541],[87.14607,23.63265],[87.14913,23.63006],[87.14965,23.62699],[87.15611,23.6238],[87.15781,23.62493],[87.16066,23.63009],[87.15757,23.6341]]]},"properties":{"District":"Paschim Bardhaman","Dist_LGD":"335N003","Sub_dist":"Raniganj","Subdis_LGD":"2271","Subdis_Typ":"Cd_Block","Vill_name":"Sonachora","Vill_Cat":"Rural","Vill_LGD":"318652","arr_project":"banani"}},
{"type":"Feature","geometry":{"type":"Polygon","coordinates":[[[87.12859,23.63323],[87.13097,23.63355],[87.13978,23.63123],[87.1421,23.63415],[87.14607,23.63265],[87.14707,23.63541],[87.15298,23.63349],[87.15757,23.6341],[87.15779,23.63489],[87.15708,23.63687],[87.15353,23.63537],[87.15364,23.63838],[87.14851,23.64083],[87.14692,23.64525],[87.14557,23.6459],[87.14269,23.64458],[87.14196,23.64776],[87.13828,23.64657],[87.13653,23.64192],[87.13253,23.64056],[87.12859,23.63323]]]},"properties":{"District":"Paschim Bardhaman","Dist_LGD":"335N003","Sub_dist":"Raniganj","Subdis_LGD":"2271","Subdis_Typ":"Cd_Block","Vill_name":"Banshra (Ct)","Vill_Cat":"Partly_Urban","Vill_LGD":"318658","arr_project":"banani"}},
{"type":"Feature","geometry":{"type":"Polygon","coordinates":[[[86.93302,23.8599],[86.93081,23.86066],[86.92676,23.85975],[86.9225,23.85711],[86.9228,23.85494],[86.9175,23.85242],[86.91553,23.8476],[86.91965,23.84712],[86.9239,23.84518],[86.92902,23.8438],[86.93225,23.84873],[86.93607,23.85155],[86.93374,23.85433],[86.93302,23.8599]]]},"properties":{"District":"Paschim Bardhaman","Dist_LGD":"335N003","Sub_dist":"Salanpur","Subdis_LGD":"2268","Subdis_Typ":"Cd_Block","Vill_name":"Namokesia","Vill_Cat":"Rural","Vill_LGD":"318464","arr_project":"banani"}},
{"type":"Feature","geometry":{"type":"Polygon","coordinates":[[[86.93302,23.8599],[86.93351,23.86446],[86.93248,23.86866],[86.92887,23.87283],[86.92086,23.878],[86.91556,23.88243],[86.91328,23.88079],[86.91006,23.8815],[86.90761,23.88085],[86.90277,23.8812],[86.90178,23.87983],[86.89592,23.87829],[86.89292,23.87447],[86.88661,23.86762],[86.8832,23.86572],[86.88024,23.86232],[86.88092,23.86037],[86.88701,23.85644],[86.88635,23.84569],[86.88977,23.83878],[86.89079,23.83851],[86.89271,23.83946],[86.89899,23.83975],[86.90966,23.84402],[86.90581,23.84586],[86.90544,23.84996],[86.9078,23.85326],[86.91043,23.85353],[86.9175,23.85242],[86.9228,23.85494],[86.9225,23.85711],[86.92676,23.85975],[86.93081,23.86066],[86.93302,23.8599]]]},"properties":{"District":"Paschim Bardhaman","Dist_LGD":"335N003","Sub_dist":"Salanpur","Subdis_LGD":"2268","Subdis_Typ":"Cd_Block","Vill_name":"Chittaranjan (Ct)","Vill_Cat":"Partly_Urban","Vill_LGD":"318539","arr_project":"banani"}},
{"type":"Feature","geometry":{"type":"Polygon","coordinates":[[[87.15447,23.56998],[87.15501,23.57143],[87.15247,23.5746],[87.14859,23.57705],[87.14787,23.57319],[87.15058,23.57251],[87.15447,23.56998]]]},"properties":{"District":"Paschim Bardhaman","Dist_LGD":"335N003","Sub_dist":"Andal","Subdis_LGD":"2272","Subdis_Typ":"Cd_Block","Vill_name":"Tiarmana","Vill_Cat":"Rural","Vill_LGD":"318677","arr_project":"banani"}},
{"type":"Feature","geometry":{"type":"Polygon","coordinates":[[[87.19334,23.63372],[87.19885,23.63146],[87.19994,23.6343],[87.20299,23.63309],[87.20402,23.63583],[87.20102,23.63987],[87.20208,23.64282],[87.19546,23.63637],[87.19334,23.63372]]]},"properties":{"District":"Paschim Bardhaman","Dist_LGD":"335N003","Sub_dist":"Andal","Subdis_LGD":"2272","Subdis_Typ":"Cd_Block","Vill_name":"Parascole (Ct) (Part)","Vill_Cat":"Partly_Urban","Vill_LGD":"318687","arr_project":"banani"}},
{"type":"Feature","geometry":{"type":"Polygon","coordinates":[[[86.85522,23.8132],[86.85028,23.81512],[86.84812,23.81797],[86.84047,23.8231],[86.84055,23.82404],[86.83695,23.81954],[86.83319,23.81819],[86.83188,23.81666],[86.83326,23.81434],[86.83694,23.81226],[86.83925,23.80892],[86.84177,23.80755],[86.84614,23.80791],[86.85058,23.80944],[86.85186,23.81229],[86.85522,23.8132]]]},"properties":{"District":"Paschim Bardhaman","Dist_LGD":"335N003","Sub_dist":"Salanpur","Subdis_LGD":"2268","Subdis_Typ":"Cd_Block","Vill_name":"Sidhabari","Vill_Cat":"Rural","Vill_LGD":"318469","arr_project":"banani"}},
{"type":"Feature","geometry":{"type":"Polygon","coordinates":[[[86.84058,23.7906],[86.84298,23.79121],[86.84513,23.79145],[86.84937,23.79675],[86.85389,23.79866],[86.84242,23.8023],[86.84068,23.7998],[86.83958,23.79639],[86.84058,23.7906]]]},"properties":{"District":"Paschim Bardhaman","Dist_LGD":"335N003","Sub_dist":"Salanpur","Subdis_LGD":"2268","Subdis_Typ":"Cd_Block","Vill_name":"Dhanudi","Vill_Cat":"Rural","Vill_LGD":"318486","arr_project":"banani"}},
{"type":"Feature","geometry":{"type":"Polygon","coordinates":[[[86.85186,23.77952],[86.85533,23.78065],[86.86142,23.77994],[86.86433,23.78132],[86.85753,23.78751],[86.85175,23.7884],[86.85131,23.78667],[86.8525,23.78489],[86.85186,23.77952]]]},"properties":{"District":"Paschim Bardhaman","Dist_LGD":"335N003","Sub_dist":"Salanpur","Subdis_LGD":"2268","Subdis_Typ":"Cd_Block","Vill_name":"Srirampur","Vill_Cat":"Rural","Vill_LGD":"318489","arr_project":"banani"}},
{"type":"Feature","geometry":{"type":"Polygon","coordinates":[[[86.86433,23.78132],[86.86763,23.77801],[86.86946,23.7787],[86.87231,23.77769],[86.87356,23.77906],[86.87143,23.78656],[86.86975,23.78719],[86.86188,23.78956],[86.85753,23.78751],[86.86433,23.78132]]]},"properties":{"District":"Paschim Bardhaman","Dist_LGD":"335N003","Sub_dist":"Salanpur","Subdis_LGD":"2268","Subdis_Typ":"Cd_Block","Vill_name":"Dendua","Vill_Cat":"Rural","Vill_LGD":"318484","arr_project":"banani"}},
{"type":"Feature","geometry":{"type":"Polygon","coordinates":[[[86.87951,23.83917],[86.87997,23.84528],[86.87422,23.84731],[86.86521,23.84549],[86.86267,23.84251],[86.86333,23.84038],[86.86884,23.83802],[86.87574,23.83836],[86.87951,23.83917]]]},"properties":{"District":"Paschim Bardhaman","Dist_LGD":"335N003","Sub_dist":"Salanpur","Subdis_LGD":"2268","Subdis_Typ":"Cd_Block","Vill_name":"Damdaha","Vill_Cat":"Rural","Vill_LGD":"318474","arr_project":"banani"}},
{"type":"Feature","geometry":{"type":"Polygon","coordinates":[[[86.87951,23.83917],[86.87574,23.83836],[86.86884,23.83802],[86.86333,23.84038],[86.86127,23.83505],[86.85912,23.83303],[86.86362,23.83055],[86.86465,23.82731],[86.86786,23.82625],[86.87187,23.82823],[86.87726,23.82694],[86.88093,23.82906],[86.8806,23.83371],[86.87952,23.83526],[86.87951,23.83917]]]},"properties":{"District":"Paschim Bardhaman","Dist_LGD":"335N003","Sub_dist":"Salanpur","Subdis_LGD":"2268","Subdis_Typ":"Cd_Block","Vill_name":"Dhanguri","Vill_Cat":"Rural","Vill_LGD":"318475","arr_project":"banani"}},
{"type":"Feature","geometry":{"type":"Polygon","coordinates":[[[86.85893,23.82238],[86.85321,23.82519],[86.8483,23.8237],[86.84055,23.82404],[86.84047,23.8231],[86.84812,23.81797],[86.85028,23.81512],[86.85522,23.8132],[86.86045,23.81161],[86.86188,23.81767],[86.85893,23.82238]]]},"properties":{"District":"Paschim Bardhaman","Dist_LGD":"335N003","Sub_dist":"Salanpur","Subdis_LGD":"2268","Subdis_Typ":"Cd_Block","Vill_name":"Kalipathar","Vill_Cat":"Rural","Vill_LGD":"318472","arr_project":"banani"}},
{"type":"Feature","geometry":{"type":"Polygon","coordinates":[[[86.86465,23.82731],[86.86362,23.83055],[86.85912,23.83303],[86.85549,23.8309],[86.85321,23.82519],[86.85893,23.82238],[86.86465,23.82731]]]},"properties":{"District":"Paschim Bardhaman","Dist_LGD":"335N003","Sub_dist":"Salanpur","Subdis_LGD":"2268","Subdis_Typ":"Cd_Block","Vill_name":"Brindabani","Vill_Cat":"Rural","Vill_LGD":"318473","arr_project":"banani"}},
{"type":"Feature","geometry":{"type":"Polygon","coordinates":[[[86.85893,23.82238],[86.86188,23.81767],[86.87046,23.817],[86.8716,23.82338],[86.86786,23.82625],[86.86465,23.82731],[86.85893,23.82238]]]},"properties":{"District":"Paschim Bardhaman","Dist_LGD":"335N003","Sub_dist":"Salanpur","Subdis_LGD":"2268","Subdis_Typ":"Cd_Block","Vill_name":"Mejhladi","Vill_Cat":"Rural","Vill_LGD":"318477","arr_project":"banani"}},
{"type":"Feature","geometry":{"type":"Polygon","coordinates":[[[86.88638,23.82097],[86.88646,23.82565],[86.88093,23.82906],[86.87726,23.82694],[86.87187,23.82823],[86.86786,23.82625],[86.8716,23.82338],[86.87046,23.817],[86.8756,23.81573],[86.88073,23.81424],[86.88238,23.81323],[86.88503,23.81972],[86.88638,23.82097]]]},"properties":{"District":"Paschim Bardhaman","Dist_LGD":"335N003","Sub_dist":"Salanpur","Subdis_LGD":"2268","Subdis_Typ":"Cd_Block","Vill_name":"Pithaikeari","Vill_Cat":"Rural","Vill_LGD":"318476","arr_project":"banani"}},
{"type":"Feature","geometry":{"type":"Polygon","coordinates":[[[86.85131,23.78667],[86.85175,23.7884],[86.85753,23.78751],[86.86188,23.78956],[86.86358,23.79217],[86.86297,23.79759],[86.86367,23.80116],[86.85547,23.80182],[86.85389,23.79866],[86.84937,23.79675],[86.84513,23.79145],[86.84298,23.79121],[86.8473,23.78972],[86.85131,23.78667]]]},"properties":{"District":"Paschim Bardhaman","Dist_LGD":"335N003","Sub_dist":"Salanpur","Subdis_LGD":"2268","Subdis_Typ":"Cd_Block","Vill_name":"Barabhuin","Vill_Cat":"Rural","Vill_LGD":"318485","arr_project":"banani"}},
{"type":"Feature","geometry":{"type":"Polygon","coordinates":[[[86.85058,23.80944],[86.85299,23.80557],[86.85584,23.80437],[86.85547,23.80182],[86.86367,23.80116],[86.86392,23.80311],[86.86628,23.8044],[86.86565,23.81026],[86.86045,23.81161],[86.85522,23.8132],[86.85186,23.81229],[86.85058,23.80944]]]},"properties":{"District":"Paschim Bardhaman","Dist_LGD":"335N003","Sub_dist":"Salanpur","Subdis_LGD":"2268","Subdis_Typ":"Cd_Block","Vill_name":"Ramchandrapur","Vill_Cat":"Rural","Vill_LGD":"318471","arr_project":"banani"}},
{"type":"Feature","geometry":{"type":"Polygon","coordinates":[[[86.88525,23.79447],[86.88398,23.79175],[86.89219,23.78935],[86.8947,23.79188],[86.89342,23.79476],[86.89391,23.79759],[86.88954,23.80075],[86.88678,23.79485],[86.88525,23.79447]]]},"properties":{"District":"Paschim Bardhaman","Dist_LGD":"335N003","Sub_dist":"Salanpur","Subdis_LGD":"2268","Subdis_Typ":"Cd_Block","Vill_name":"Amjharia","Vill_Cat":"Rural","Vill_LGD":"318498","arr_project":"banani"}},
{"type":"Feature","geometry":{"type":"Polygon","coordinates":[[[86.86628,23.8044],[86.87498,23.80068],[86.8768,23.80382],[86.87598,23.80811],[86.87493,23.80897],[86.86565,23.81026],[86.86628,23.8044]]]},"properties":{"District":"Paschim Bardhaman","Dist_LGD":"335N003","Sub_dist":"Salanpur","Subdis_LGD":"2268","Subdis_Typ":"Cd_Block","Vill_name":"Alladi","Vill_Cat":"Rural","Vill_LGD":"318480","arr_project":"banani"}},
{"type":"Feature","geometry":{"type":"Polygon","coordinates":[[[86.87444,23.80021],[86.86712,23.79965],[86.86297,23.79759],[86.86358,23.79217],[86.87087,23.79195],[86.87444,23.80021]]]},"properties":{"District":"Paschim Bardhaman","Dist_LGD":"335N003","Sub_dist":"Salanpur","Subdis_LGD":"2268","Subdis_Typ":"Cd_Block","Vill_name":"Serisberia","Vill_Cat":"Rural","Vill_LGD":"318482","arr_project":"banani"}},
{"type":"Feature","geometry":{"type":"Polygon","coordinates":[[[86.86188,23.78956],[86.86975,23.78719],[86.87087,23.79195],[86.86358,23.79217],[86.86188,23.78956]]]},"properties":{"District":"Paschim Bardhaman","Dist_LGD":"335N003","Sub_dist":"Salanpur","Subdis_LGD":"2268","Subdis_Typ":"Cd_Block","Vill_name":"Ramdi","Vill_Cat":"Rural","Vill_LGD":"318483","arr_project":"banani"}},
{"type":"Feature","geometry":{"type":"Polygon","coordinates":[[[86.88381,23.79433],[86.88354,23.796],[86.87701,23.80143],[86.8768,23.80382],[86.87498,23.80068],[86.87444,23.80021],[86.87087,23.79195],[86.86975,23.78719],[86.87143,23.78656],[86.87356,23.77906],[86.87692,23.78079],[86.87683,23.78994],[86.88192,23.7946],[86.88381,23.79433]]]},"properties":{"District":"Paschim Bardhaman","Dist_LGD":"335N003","Sub_dist":"Salanpur","Subdis_LGD":"2268","Subdis_Typ":"Cd_Block","Vill_name":"Jemari (Ct)","Vill_Cat":"Partly_Urban","Vill_LGD":"318496","arr_project":"banani"}},
{"type":"Feature","geometry":{"type":"Polygon","coordinates":[[[86.95058,23.84605],[86.94599,23.84658],[86.93607,23.85155],[86.93225,23.84873],[86.92902,23.8438],[86.92964,23.84154],[86.92712,23.84092],[86.92852,23.83802],[86.9325,23.83429],[86.93878,23.8321],[86.93898,23.8337],[86.94304,23.83895],[86.94671,23.83951],[86.94929,23.84162],[86.95058,23.84605]]]},"properties":{"District":"Paschim Bardhaman","Dist_LGD":"335N003","Sub_dist":"Salanpur","Subdis_LGD":"2268","Subdis_Typ":"Cd_Block","Vill_name":"Jitpur","Vill_Cat":"Rural","Vill_LGD":"318505","arr_project":"banani"}},
{"type":"Feature","geometry":{"type":"Polygon","coordinates":[[[86.94789,23.82339],[86.94625,23.82664],[86.94312,23.82725],[86.93898,23.8337],[86.93878,23.8321],[86.93784,23.83126],[86.93616,23.82543],[86.93666,23.82379],[86.93961,23.82211],[86.94378,23.82102],[86.94673,23.81881],[86.94789,23.82339]]]},"properties":{"District":"Paschim Bardhaman","Dist_LGD":"335N003","Sub_dist":"Salanpur","Subdis_LGD":"2268","Subdis_Typ":"Cd_Block","Vill_name":"Kallya","Vill_Cat":"Rural","Vill_LGD":"318506","arr_project":"banani"}},
{"type":"Feature","geometry":{"type":"Polygon","coordinates":[[[86.93097,23.82685],[86.9291,23.81903],[86.92597,23.81424],[86.93371,23.81462],[86.93372,23.81488],[86.93586,23.81695],[86.93453,23.81957],[86.93491,23.82302],[86.93666,23.82379],[86.93616,23.82543],[86.93784,23.83126],[86.93344,23.82928],[86.93097,23.82685]]]},"properties":{"District":"Paschim Bardhaman","Dist_LGD":"335N003","Sub_dist":"Salanpur","Subdis_LGD":"2268","Subdis_Typ":"Cd_Block","Vill_name":"Kirtanshala","Vill_Cat":"Rural","Vill_LGD":"318508","arr_project":"banani"}},
{"type":"Feature","geometry":{"type":"Polygon","coordinates":[[[86.93666,23.82379],[86.93491,23.82302],[86.93453,23.81957],[86.93586,23.81695],[86.93372,23.81488],[86.94206,23.81737],[86.9458,23.81712],[86.94673,23.81881],[86.94378,23.82102],[86.93961,23.82211],[86.93666,23.82379]]]},"properties":{"District":"Paschim Bardhaman","Dist_LGD":"335N003","Sub_dist":"Salanpur","Subdis_LGD":"2268","Subdis_Typ":"Cd_Block","Vill_name":"Seakulberia","Vill_Cat":"Rural","Vill_LGD":"318507","arr_project":"banani"}},
{"type":"Feature","geometry":{"type":"Polygon","coordinates":[[[86.92302,23.81269],[86.92253,23.81178],[86.93194,23.80363],[86.93227,23.80184],[86.93276,23.80365],[86.93106,23.80677],[86.93499,23.8099],[86.93371,23.81462],[86.92597,23.81424],[86.92302,23.81269]]]},"properties":{"District":"Paschim Bardhaman","Dist_LGD":"335N003","Sub_dist":"Salanpur","Subdis_LGD":"2268","Subdis_Typ":"Cd_Block","Vill_name":"Chayenpur","Vill_Cat":"Rural","Vill_LGD":"318510","arr_project":"banani"}},
{"type":"Feature","geometry":{"type":"Polygon","coordinates":[[[86.93547,23.8091],[86.93857,23.80459],[86.9397,23.80145],[86.94183,23.80398],[86.94902,23.8052],[86.94958,23.80701],[86.94742,23.80996],[86.94581,23.80911],[86.93984,23.8082],[86.93547,23.8091]]]},"properties":{"District":"Paschim Bardhaman","Dist_LGD":"335N003","Sub_dist":"Salanpur","Subdis_LGD":"2268","Subdis_Typ":"Cd_Block","Vill_name":"Keshardi","Vill_Cat":"Rural","Vill_LGD":"318512","arr_project":"banani"}},
{"type":"Feature","geometry":{"type":"Polygon","coordinates":[[[86.93371,23.81462],[86.93499,23.8099],[86.93547,23.8091],[86.93984,23.8082],[86.94581,23.80911],[86.94742,23.80996],[86.9458,23.81712],[86.94206,23.81737],[86.93372,23.81488],[86.93371,23.81462]]]},"properties":{"District":"Paschim Bardhaman","Dist_LGD":"335N003","Sub_dist":"Salanpur","Subdis_LGD":"2268","Subdis_Typ":"Cd_Block","Vill_name":"Dharaspur","Vill_Cat":"Rural","Vill_LGD":"318511","arr_project":"banani"}},
{"type":"Feature","geometry":{"type":"Polygon","coordinates":[[[86.93227,23.80184],[86.93256,23.79715],[86.9346,23.79772],[86.93751,23.79527],[86.94095,23.7952],[86.93891,23.79763],[86.9397,23.80145],[86.93857,23.80459],[86.93547,23.8091],[86.93499,23.8099],[86.93106,23.80677],[86.93276,23.80365],[86.93227,23.80184]]]},"properties":{"District":"Paschim Bardhaman","Dist_LGD":"335N003","Sub_dist":"Salanpur","Subdis_LGD":"2268","Subdis_Typ":"Cd_Block","Vill_name":"Paharpur","Vill_Cat":"Rural","Vill_LGD":"318513","arr_project":"banani"}},
{"type":"Feature","geometry":{"type":"Polygon","coordinates":[[[87.21716,23.66822],[87.21662,23.67006],[87.21334,23.67153],[87.20804,23.67674],[87.20479,23.6789],[87.20088,23.6775],[87.18618,23.67758],[87.1852,23.66947],[87.18394,23.66822],[87.19082,23.66717],[87.19332,23.66343],[87.19979,23.6644],[87.20406,23.66256],[87.20567,23.66057],[87.21334,23.65699],[87.21558,23.65431],[87.21899,23.65834],[87.22157,23.65977],[87.21903,23.6621],[87.21716,23.66822]]]},"properties":{"District":"Paschim Bardhaman","Dist_LGD":"335N003","Sub_dist":"Pandabeswar","Subdis_LGD":"2273","Subdis_Typ":"Cd_Block","Vill_name":"Chhora (Ct)","Vill_Cat":"Partly_Urban","Vill_LGD":"318719","arr_project":"banani"}},
{"type":"Feature","geometry":{"type":"Polygon","coordinates":[[[87.22299,23.56939],[87.22594,23.5683],[87.2284,23.57157],[87.22652,23.57353],[87.22835,23.57638],[87.2309,23.57733],[87.23281,23.5805],[87.23507,23.5816],[87.23196,23.58401],[87.23522,23.58738],[87.23501,23.5887],[87.22955,23.58745],[87.22839,23.58384],[87.22544,23.58071],[87.22325,23.58017],[87.22306,23.57579],[87.22381,23.5719],[87.22299,23.56939]]]},"properties":{"District":"Paschim Bardhaman","Dist_LGD":"335N003","Sub_dist":"Andal","Subdis_LGD":"2272","Subdis_Typ":"Cd_Block","Vill_name":"Dubchururia","Vill_Cat":"Rural","Vill_LGD":"318680","arr_project":"banani"}},
{"type":"Feature","geometry":{"type":"Polygon","coordinates":[[[86.94817,23.75156],[86.951,23.75119],[86.95549,23.75325],[86.95883,23.75134],[86.96335,23.75102],[86.96145,23.75364],[86.96019,23.75564],[86.96085,23.7592],[86.95973,23.76315],[86.95767,23.76623],[86.95289,23.76799],[86.9517,23.7634],[86.95286,23.76046],[86.95136,23.7587],[86.94575,23.75819],[86.94642,23.75554],[86.94663,23.7521],[86.94817,23.75156]]]},"properties":{"District":"Paschim Bardhaman","Dist_LGD":"335N003","Sub_dist":"Barabani","Subdis_LGD":"2269","Subdis_Typ":"Cd_Block","Vill_name":"Taldanga (B)","Vill_Cat":"Rural","Vill_LGD":"318581","arr_project":"banani"}},
{"type":"Feature","geometry":{"type":"Polygon","coordinates":[[[86.96268,23.73565],[86.96484,23.73448],[86.96958,23.73391],[86.9756,23.73241],[86.97898,23.73055],[86.9834,23.72829],[86.98479,23.73037],[86.98525,23.7338],[86.98574,23.73425],[86.98016,23.74376],[86.98121,23.74522],[86.97207,23.74816],[86.9692,23.74947],[86.96606,23.74834],[86.96338,23.7435],[86.96268,23.73565]]]},"properties":{"District":"Paschim Bardhaman","Dist_LGD":"335N003","Sub_dist":"Barabani","Subdis_LGD":"2269","Subdis_Typ":"Cd_Block","Vill_name":"Chinchuria","Vill_Cat":"Rural","Vill_LGD":"318568","arr_project":"banani"}},
{"type":"Feature","geometry":{"type":"Polygon","coordinates":[[[87.02782,23.74224],[87.0303,23.73933],[87.03051,23.73396],[87.0297,23.72821],[87.02827,23.72658],[87.0287,23.7234],[87.02628,23.71659],[87.0246,23.71621],[87.02525,23.71358],[87.02832,23.71492],[87.03678,23.723],[87.03939,23.72427],[87.03826,23.72656],[87.03981,23.72995],[87.04046,23.73556],[87.04228,23.73791],[87.02782,23.74224]]]},"properties":{"District":"Paschim Bardhaman","Dist_LGD":"335N003","Sub_dist":"Barabani","Subdis_LGD":"2269","Subdis_Typ":"Cd_Block","Vill_name":"Charanpur","Vill_Cat":"Rural","Vill_LGD":"318592","arr_project":"banani"}},
{"type":"Feature","geometry":{"type":"Polygon","coordinates":[[[86.98525,23.7338],[86.9943,23.7343],[86.99648,23.73251],[86.99906,23.73405],[87.00338,23.73227],[87.00822,23.7328],[87.0087,23.73862],[87.00235,23.74006],[86.99699,23.73673],[86.99366,23.7378],[86.9898,23.73724],[86.98574,23.73425],[86.98525,23.7338]]]},"properties":{"District":"Paschim Bardhaman","Dist_LGD":"335N003","Sub_dist":"Barabani","Subdis_LGD":"2269","Subdis_Typ":"Cd_Block","Vill_name":"Bhaskajuri","Vill_Cat":"Rural","Vill_LGD":"318574","arr_project":"banani"}},
{"type":"Feature","geometry":{"type":"Polygon","coordinates":[[[86.98121,23.74522],[86.98016,23.74376],[86.98574,23.73425],[86.9898,23.73724],[86.99342,23.7454],[86.99822,23.74618],[87.00049,23.74865],[87,23.75461],[86.99837,23.75569],[86.9947,23.75329],[86.99276,23.75333],[86.99067,23.75073],[86.98229,23.74945],[86.98121,23.74522]]]},"properties":{"District":"Paschim Bardhaman","Dist_LGD":"335N003","Sub_dist":"Barabani","Subdis_LGD":"2269","Subdis_Typ":"Cd_Block","Vill_name":"Napara","Vill_Cat":"Rural","Vill_LGD":"318572","arr_project":"banani"}},
{"type":"Feature","geometry":{"type":"Polygon","coordinates":[[[86.9898,23.73724],[86.99366,23.7378],[86.99699,23.73673],[87.00235,23.74006],[87.00389,23.7451],[86.99822,23.74618],[86.99342,23.7454],[86.9898,23.73724]]]},"properties":{"District":"Paschim Bardhaman","Dist_LGD":"335N003","Sub_dist":"Barabani","Subdis_LGD":"2269","Subdis_Typ":"Cd_Block","Vill_name":"Joyramdanga","Vill_Cat":"Rural","Vill_LGD":"318573","arr_project":"banani"}},
{"type":"Feature","geometry":{"type":"Polygon","coordinates":[[[87.0184,23.75312],[87.01741,23.75418],[87.01244,23.75532],[87.00671,23.75526],[87.0023,23.75386],[87,23.75461],[87.00049,23.74865],[86.99822,23.74618],[87.00389,23.7451],[87.00235,23.74006],[87.0087,23.73862],[87.00977,23.74087],[87.01453,23.74051],[87.01896,23.74308],[87.02103,23.74755],[87.0184,23.74863],[87.0184,23.75312]]]},"properties":{"District":"Paschim Bardhaman","Dist_LGD":"335N003","Sub_dist":"Barabani","Subdis_LGD":"2269","Subdis_Typ":"Cd_Block","Vill_name":"Barabani","Vill_Cat":"Rural","Vill_LGD":"318575","arr_project":"banani"}},
{"type":"Feature","geometry":{"type":"Polygon","coordinates":[[[86.97912,23.85002],[86.9812,23.85331],[86.98438,23.85557],[86.98691,23.85922],[86.9815,23.86255],[86.97581,23.86762],[86.97142,23.86877],[86.96829,23.86748],[86.96566,23.86476],[86.96399,23.85932],[86.96391,23.85443],[86.96275,23.85092],[86.97126,23.84571],[86.97177,23.84796],[86.97617,23.85173],[86.97912,23.85002]]]},"properties":{"District":"Paschim Bardhaman","Dist_LGD":"335N003","Sub_dist":"Barabani","Subdis_LGD":"2269","Subdis_Typ":"Cd_Block","Vill_name":"Parulberia","Vill_Cat":"Rural","Vill_LGD":"318541","arr_project":"banani"}},
{"type":"Feature","geometry":{"type":"Polygon","coordinates":[[[86.98888,23.839],[86.98465,23.84065],[86.98361,23.84374],[86.98056,23.84487],[86.98026,23.8488],[86.97912,23.85002],[86.97617,23.85173],[86.97177,23.84796],[86.97126,23.84571],[86.96275,23.85092],[86.95985,23.84794],[86.95723,23.84318],[86.95721,23.83975],[86.95832,23.83761],[86.95566,23.83029],[86.95838,23.83026],[86.96831,23.82791],[86.97138,23.82896],[86.97714,23.82702],[86.97832,23.82988],[86.98445,23.83037],[86.9823,23.83357],[86.98383,23.83607],[86.98888,23.839]]]},"properties":{"District":"Paschim Bardhaman","Dist_LGD":"335N003","Sub_dist":"Barabani","Subdis_LGD":"2269","Subdis_Typ":"Cd_Block","Vill_name":"Daskeyari","Vill_Cat":"Rural","Vill_LGD":"318543","arr_project":"banani"}},
{"type":"Feature","geometry":{"type":"Polygon","coordinates":[[[86.95838,23.83026],[86.95566,23.83029],[86.95832,23.83761],[86.95721,23.83975],[86.95723,23.84318],[86.95985,23.84794],[86.95058,23.84605],[86.94929,23.84162],[86.94671,23.83951],[86.94304,23.83895],[86.93898,23.8337],[86.94312,23.82725],[86.94625,23.82664],[86.94789,23.82339],[86.95034,23.82255],[86.95202,23.82473],[86.95867,23.82793],[86.95838,23.83026]]]},"properties":{"District":"Paschim Bardhaman","Dist_LGD":"335N003","Sub_dist":"Barabani","Subdis_LGD":"2269","Subdis_Typ":"Cd_Block","Vill_name":"Kanskuli","Vill_Cat":"Rural","Vill_LGD":"318544","arr_project":"banani"}},
{"type":"Feature","geometry":{"type":"Polygon","coordinates":[[[86.97455,23.80628],[86.97394,23.80161],[86.97547,23.79754],[86.9729,23.79643],[86.97379,23.79234],[86.97825,23.78962],[86.9811,23.7874],[86.98227,23.79068],[86.98444,23.79185],[86.98619,23.79621],[86.98807,23.79648],[86.9889,23.7996],[86.9871,23.80139],[86.98085,23.80409],[86.98127,23.81193],[86.9746,23.80835],[86.97455,23.80628]]]},"properties":{"District":"Paschim Bardhaman","Dist_LGD":"335N003","Sub_dist":"Barabani","Subdis_LGD":"2269","Subdis_Typ":"Cd_Block","Vill_name":"Alipur","Vill_Cat":"Rural","Vill_LGD":"318548","arr_project":"banani"}},
{"type":"Feature","geometry":{"type":"Polygon","coordinates":[[[86.98445,23.83037],[86.99054,23.82178],[86.99228,23.81796],[87.00148,23.82078],[87.00118,23.82688],[87.00365,23.82695],[87.00482,23.82942],[87.00308,23.83226],[86.99629,23.83791],[86.99734,23.83864],[86.99467,23.84031],[86.99312,23.83881],[86.98888,23.839],[86.98383,23.83607],[86.9823,23.83357],[86.98445,23.83037]]]},"properties":{"District":"Paschim Bardhaman","Dist_LGD":"335N003","Sub_dist":"Barabani","Subdis_LGD":"2269","Subdis_Typ":"Cd_Block","Vill_name":"Aliganj","Vill_Cat":"Rural","Vill_LGD":"318550","arr_project":"banani"}},
{"type":"Feature","geometry":{"type":"Polygon","coordinates":[[[86.93722,23.77112],[86.93943,23.77068],[86.94114,23.77261],[86.9475,23.77321],[86.94842,23.78081],[86.94628,23.78295],[86.94317,23.78288],[86.94095,23.78112],[86.93978,23.78069],[86.93584,23.77675],[86.93722,23.77112]]]},"properties":{"District":"Paschim Bardhaman","Dist_LGD":"335N003","Sub_dist":"Salanpur","Subdis_LGD":"2268","Subdis_Typ":"Cd_Block","Vill_name":"Parbbatpur","Vill_Cat":"Rural","Vill_LGD":"318527","arr_project":"banani"}},
{"type":"Feature","geometry":{"type":"Polygon","coordinates":[[[86.94095,23.78112],[86.94317,23.78288],[86.94628,23.78295],[86.94842,23.78081],[86.95212,23.78176],[86.95008,23.78478],[86.95128,23.79204],[86.95006,23.7932],[86.94774,23.79374],[86.94539,23.79227],[86.94213,23.79274],[86.94214,23.78877],[86.94095,23.78112]]]},"properties":{"District":"Paschim Bardhaman","Dist_LGD":"335N003","Sub_dist":"Salanpur","Subdis_LGD":"2268","Subdis_Typ":"Cd_Block","Vill_name":"Mohanpur","Vill_Cat":"Rural","Vill_LGD":"318526","arr_project":"banani"}},
{"type":"Feature","geometry":{"type":"Polygon","coordinates":[[[86.91832,23.78973],[86.91835,23.78675],[86.9224,23.78895],[86.92723,23.79014],[86.92932,23.79404],[86.92459,23.7945],[86.92298,23.79547],[86.91994,23.79375],[86.91832,23.78973]]]},"properties":{"District":"Paschim Bardhaman","Dist_LGD":"335N003","Sub_dist":"Salanpur","Subdis_LGD":"2268","Subdis_Typ":"Cd_Block","Vill_name":"Radhaballavpur","Vill_Cat":"Rural","Vill_LGD":"318523","arr_project":"banani"}},
{"type":"Feature","geometry":{"type":"Polygon","coordinates":[[[86.87598,23.80811],[86.8768,23.80382],[86.87897,23.80692],[86.88133,23.81191],[86.88073,23.81424],[86.8756,23.81573],[86.87459,23.81254],[86.87598,23.80811]]]},"properties":{"District":"Paschim Bardhaman","Dist_LGD":"335N003","Sub_dist":"Salanpur","Subdis_LGD":"2268","Subdis_Typ":"Cd_Block","Vill_name":"Pratappur","Vill_Cat":"Rural","Vill_LGD":"318479","arr_project":"banani"}},
{"type":"Feature","geometry":{"type":"Polygon","coordinates":[[[86.8768,23.80382],[86.87701,23.80143],[86.88354,23.796],[86.88381,23.79433],[86.88525,23.79447],[86.88678,23.79485],[86.88954,23.80075],[86.88846,23.80318],[86.88719,23.80475],[86.87897,23.80692],[86.8768,23.80382]]]},"properties":{"District":"Paschim Bardhaman","Dist_LGD":"335N003","Sub_dist":"Salanpur","Subdis_LGD":"2268","Subdis_Typ":"Cd_Block","Vill_name":"Dhaminberia","Vill_Cat":"Rural","Vill_LGD":"318497","arr_project":"banani"}},
{"type":"Feature","geometry":{"type":"Polygon","coordinates":[[[86.87897,23.80692],[86.88719,23.80475],[86.88846,23.80318],[86.89084,23.80487],[86.89038,23.81031],[86.88754,23.81043],[86.88238,23.81323],[86.88073,23.81424],[86.88133,23.81191],[86.87897,23.80692]]]},"properties":{"District":"Paschim Bardhaman","Dist_LGD":"335N003","Sub_dist":"Salanpur","Subdis_LGD":"2268","Subdis_Typ":"Cd_Block","Vill_name":"Rupnarayanpur","Vill_Cat":"Rural","Vill_LGD":"318500","arr_project":"banani"}},
{"type":"Feature","geometry":{"type":"Polygon","coordinates":[[[86.88954,23.80075],[86.89391,23.79759],[86.89342,23.79476],[86.8947,23.79188],[86.90157,23.79928],[86.89878,23.80207],[86.89778,23.8068],[86.89101,23.81168],[86.89038,23.81031],[86.89084,23.80487],[86.88846,23.80318],[86.88954,23.80075]]]},"properties":{"District":"Paschim Bardhaman","Dist_LGD":"335N003","Sub_dist":"Salanpur","Subdis_LGD":"2268","Subdis_Typ":"Cd_Block","Vill_name":"Harishadi","Vill_Cat":"Rural","Vill_LGD":"318499","arr_project":"banani"}},
{"type":"Feature","geometry":{"type":"Polygon","coordinates":[[[86.89038,23.81031],[86.89101,23.81168],[86.88784,23.81593],[86.88813,23.82045],[86.88638,23.82097],[86.88503,23.81972],[86.88238,23.81323],[86.88754,23.81043],[86.89038,23.81031]]]},"properties":{"District":"Paschim Bardhaman","Dist_LGD":"335N003","Sub_dist":"Salanpur","Subdis_LGD":"2268","Subdis_Typ":"Cd_Block","Vill_name":"Benagarya","Vill_Cat":"Rural","Vill_LGD":"318501","arr_project":"banani"}},
{"type":"Feature","geometry":{"type":"Polygon","coordinates":[[[86.9088,23.81021],[86.90605,23.8057],[86.91215,23.80318],[86.9129,23.80498],[86.9158,23.80638],[86.91127,23.81022],[86.9109,23.81192],[86.9088,23.81021]]]},"properties":{"District":"Paschim Bardhaman","Dist_LGD":"335N003","Sub_dist":"Salanpur","Subdis_LGD":"2268","Subdis_Typ":"Cd_Block","Vill_name":"Kankurkunda","Vill_Cat":"Rural","Vill_LGD":"318516","arr_project":"banani"}},
{"type":"Feature","geometry":{"type":"Polygon","coordinates":[[[86.89311,23.78648],[86.8965,23.78378],[86.89854,23.78746],[86.90204,23.7876],[86.90252,23.79006],[86.90903,23.79597],[86.90603,23.79785],[86.91006,23.79946],[86.91215,23.80318],[86.90605,23.8057],[86.9088,23.81021],[86.90805,23.81024],[86.89925,23.81008],[86.89778,23.8068],[86.89878,23.80207],[86.90157,23.79928],[86.8947,23.79188],[86.89219,23.78935],[86.89311,23.78648]]]},"properties":{"District":"Paschim Bardhaman","Dist_LGD":"335N003","Sub_dist":"Salanpur","Subdis_LGD":"2268","Subdis_Typ":"Cd_Block","Vill_name":"Achhra","Vill_Cat":"Rural","Vill_LGD":"318517","arr_project":"banani"}},
{"type":"Feature","geometry":{"type":"Polygon","coordinates":[[[86.89002,23.78353],[86.88823,23.78475],[86.88248,23.7825],[86.88268,23.77943],[86.88495,23.77543],[86.8886,23.77794],[86.88996,23.7799],[86.89002,23.78353]]]},"properties":{"District":"Paschim Bardhaman","Dist_LGD":"335N003","Sub_dist":"Salanpur","Subdis_LGD":"2268","Subdis_Typ":"Cd_Block","Vill_name":"Bonbiddi","Vill_Cat":"Rural","Vill_LGD":"318494","arr_project":"banani"}},
{"type":"Feature","geometry":{"type":"Polygon","coordinates":[[[86.89186,23.78383],[86.8913,23.7827],[86.89654,23.77801],[86.89983,23.77791],[86.90399,23.78007],[86.90754,23.78013],[86.90855,23.78339],[86.90851,23.78662],[86.90684,23.78775],[86.90204,23.7876],[86.89854,23.78746],[86.8965,23.78378],[86.89311,23.78648],[86.89186,23.78383]]]},"properties":{"District":"Paschim Bardhaman","Dist_LGD":"335N003","Sub_dist":"Salanpur","Subdis_LGD":"2268","Subdis_Typ":"Cd_Block","Vill_name":"Alkusha","Vill_Cat":"Rural","Vill_LGD":"318519","arr_project":"banani"}},
{"type":"Feature","geometry":{"type":"Polygon","coordinates":[[[86.91835,23.78675],[86.91782,23.78491],[86.91852,23.77739],[86.92497,23.78072],[86.92849,23.77831],[86.93295,23.78072],[86.93144,23.78868],[86.93121,23.79256],[86.92932,23.79404],[86.92723,23.79014],[86.9224,23.78895],[86.91835,23.78675]]]},"properties":{"District":"Paschim Bardhaman","Dist_LGD":"335N003","Sub_dist":"Salanpur","Subdis_LGD":"2268","Subdis_Typ":"Cd_Block","Vill_name":"Samdi","Vill_Cat":"Rural","Vill_LGD":"318524","arr_project":"banani"}},
{"type":"Feature","geometry":{"type":"Polygon","coordinates":[[[86.88495,23.77543],[86.8866,23.77035],[86.88824,23.76961],[86.89118,23.76732],[86.89785,23.76706],[86.89682,23.77014],[86.89732,23.77306],[86.90018,23.77464],[86.89983,23.77791],[86.89654,23.77801],[86.8913,23.7827],[86.89186,23.78383],[86.89002,23.78353],[86.88996,23.7799],[86.8886,23.77794],[86.88495,23.77543]]]},"properties":{"District":"Paschim Bardhaman","Dist_LGD":"335N003","Sub_dist":"Salanpur","Subdis_LGD":"2268","Subdis_Typ":"Cd_Block","Vill_name":"Dhundabad","Vill_Cat":"Rural","Vill_LGD":"318493","arr_project":"banani"}},
{"type":"Feature","geometry":{"type":"Polygon","coordinates":[[[86.91046,23.7705],[86.91307,23.76789],[86.91826,23.76702],[86.91952,23.77399],[86.91845,23.77702],[86.91345,23.77964],[86.91022,23.77905],[86.91144,23.77486],[86.91046,23.7705]]]},"properties":{"District":"Paschim Bardhaman","Dist_LGD":"335N003","Sub_dist":"Salanpur","Subdis_LGD":"2268","Subdis_Typ":"Cd_Block","Vill_name":"Sadhna","Vill_Cat":"Rural","Vill_LGD":"318521","arr_project":"banani"}},
{"type":"Feature","geometry":{"type":"Polygon","coordinates":[[[86.91826,23.76702],[86.92311,23.76358],[86.92728,23.76312],[86.93755,23.76372],[86.9358,23.76497],[86.93722,23.77112],[86.93584,23.77675],[86.93978,23.78069],[86.93295,23.78072],[86.92849,23.77831],[86.92497,23.78072],[86.91852,23.77739],[86.91845,23.77702],[86.91952,23.77399],[86.91826,23.76702]]]},"properties":{"District":"Paschim Bardhaman","Dist_LGD":"335N003","Sub_dist":"Salanpur","Subdis_LGD":"2268","Subdis_Typ":"Cd_Block","Vill_name":"Bolkunda","Vill_Cat":"Rural","Vill_LGD":"318528","arr_project":"banani"}},
{"type":"Feature","geometry":{"type":"Polygon","coordinates":[[[86.91529,23.76032],[86.91797,23.75801],[86.92084,23.75716],[86.92311,23.76358],[86.91826,23.76702],[86.91307,23.76789],[86.91061,23.76502],[86.91529,23.76032]]]},"properties":{"District":"Paschim Bardhaman","Dist_LGD":"335N003","Sub_dist":"Salanpur","Subdis_LGD":"2268","Subdis_Typ":"Cd_Block","Vill_name":"Madhaichak","Vill_Cat":"Rural","Vill_LGD":"318530","arr_project":"banani"}},
{"type":"Feature","geometry":{"type":"Polygon","coordinates":[[[86.92084,23.75716],[86.92521,23.75674],[86.92862,23.75798],[86.92954,23.75581],[86.933,23.75656],[86.9361,23.75719],[86.9399,23.76168],[86.93755,23.76372],[86.92728,23.76312],[86.92311,23.76358],[86.92084,23.75716]]]},"properties":{"District":"Paschim Bardhaman","Dist_LGD":"335N003","Sub_dist":"Salanpur","Subdis_LGD":"2268","Subdis_Typ":"Cd_Block","Vill_name":"Barbakpur","Vill_Cat":"Rural","Vill_LGD":"318529","arr_project":"banani"}},
{"type":"Feature","geometry":{"type":"Polygon","coordinates":[[[86.90524,23.7364],[86.9102,23.73143],[86.9132,23.73312],[86.91913,23.73411],[86.91853,23.7367],[86.92063,23.73852],[86.92043,23.74096],[86.91691,23.74341],[86.91305,23.74004],[86.90627,23.73749],[86.90524,23.7364]]]},"properties":{"District":"Paschim Bardhaman","Dist_LGD":"335N003","Sub_dist":"Salanpur","Subdis_LGD":"2268","Subdis_Typ":"Cd_Block","Vill_name":"Talberia","Vill_Cat":"Rural","Vill_LGD":"318536","arr_project":"banani"}},
{"type":"Feature","geometry":{"type":"Polygon","coordinates":[[[86.90679,23.74846],[86.91291,23.75164],[86.91346,23.75403],[86.90866,23.75726],[86.90717,23.75701],[86.90637,23.757],[86.9011,23.75065],[86.89997,23.74775],[86.90083,23.74567],[86.90184,23.74738],[86.90679,23.74846]]]},"properties":{"District":"Paschim Bardhaman","Dist_LGD":"335N003","Sub_dist":"Salanpur","Subdis_LGD":"2268","Subdis_Typ":"Cd_Block","Vill_name":"Bara Pattabara","Vill_Cat":"Rural","Vill_LGD":"318533","arr_project":"banani"}},
{"type":"Feature","geometry":{"type":"Polygon","coordinates":[[[86.82508,23.80476],[86.82254,23.80381],[86.81798,23.80681],[86.815,23.81],[86.80768,23.81284],[86.80597,23.80669],[86.80336,23.8013],[86.80908,23.79805],[86.81084,23.79542],[86.81685,23.78879],[86.82327,23.79579],[86.82552,23.79749],[86.82684,23.80085],[86.82508,23.80476]]]},"properties":{"District":"Paschim Bardhaman","Dist_LGD":"335N003","Sub_dist":"Salanpur","Subdis_LGD":"2268","Subdis_Typ":"Cd_Block","Vill_name":"Sarkuri","Vill_Cat":"Rural","Vill_LGD":"318467","arr_project":"banani"}},
{"type":"Feature","geometry":{"type":"Polygon","coordinates":[[[86.9175,23.85242],[86.91043,23.85353],[86.9078,23.85326],[86.90544,23.84996],[86.90581,23.84586],[86.90966,23.84402],[86.89899,23.83975],[86.89271,23.83946],[86.89079,23.83851],[86.89282,23.83728],[86.89468,23.82746],[86.89381,23.8242],[86.8903,23.8205],[86.88813,23.82045],[86.88784,23.81593],[86.89101,23.81168],[86.89778,23.8068],[86.89925,23.81008],[86.90805,23.81024],[86.90577,23.81342],[86.90547,23.81628],[86.9064,23.81963],[86.90969,23.82321],[86.91269,23.82164],[86.91124,23.82897],[86.9151,23.83514],[86.91775,23.83605],[86.91893,23.83796],[86.92206,23.83835],[86.92652,23.83969],[86.92712,23.84092],[86.92964,23.84154],[86.92902,23.8438],[86.9239,23.84518],[86.91965,23.84712],[86.91553,23.8476],[86.9175,23.85242]]]},"properties":{"District":"Paschim Bardhaman","Dist_LGD":"335N003","Sub_dist":"Salanpur","Subdis_LGD":"2268","Subdis_Typ":"Cd_Block","Vill_name":"Hindusthan Cables Town (Ct)","Vill_Cat":"Partly_Urban","Vill_LGD":"318540","arr_project":"banani"}},
{"type":"Feature","geometry":{"type":"Polygon","coordinates":[[[87.05311,23.80099],[87.05094,23.79787],[87.04863,23.79848],[87.04757,23.79633],[87.04848,23.79424],[87.04913,23.78687],[87.05194,23.78454],[87.05143,23.78097],[87.05466,23.77974],[87.05876,23.78064],[87.05951,23.78626],[87.05679,23.78923],[87.06106,23.79556],[87.06016,23.79917],[87.06043,23.80214],[87.05795,23.80011],[87.05311,23.80099]]]},"properties":{"District":"Paschim Bardhaman","Dist_LGD":"335N003","Sub_dist":"Jamuria","Subdis_LGD":"2270","Subdis_Typ":"Cd_Block","Vill_name":"Rakhakura","Vill_Cat":"Rural","Vill_LGD":"318596","arr_project":"banani"}},
{"type":"Feature","geometry":{"type":"Polygon","coordinates":[[[87.28799,23.69689],[87.29047,23.69526],[87.2937,23.69018],[87.29332,23.68853],[87.29641,23.68789],[87.29958,23.68734],[87.29937,23.68905],[87.30322,23.69153],[87.3042,23.69388],[87.30231,23.69538],[87.30273,23.6977],[87.29378,23.70048],[87.29619,23.70866],[87.2981,23.71111],[87.2983,23.7136],[87.29494,23.71577],[87.29017,23.71393],[87.28733,23.71667],[87.28293,23.71447],[87.28086,23.7102],[87.27744,23.71029],[87.27417,23.7125],[87.27574,23.70947],[87.28495,23.70469],[87.29081,23.70094],[87.28799,23.69689]]]},"properties":{"District":"Paschim Bardhaman","Dist_LGD":"335N003","Sub_dist":"Pandabeswar","Subdis_LGD":"2273","Subdis_Typ":"Cd_Block","Vill_name":"Mahal (Ct)","Vill_Cat":"Partly_Urban","Vill_LGD":"318714","arr_project":"banani"}},
{"type":"Feature","geometry":{"type":"Polygon","coordinates":[[[87.1183,23.65513],[87.118,23.64822],[87.12052,23.64586],[87.12301,23.64202],[87.12859,23.64368],[87.13253,23.64056],[87.13653,23.64192],[87.13828,23.64657],[87.14196,23.64776],[87.14269,23.64458],[87.14557,23.6459],[87.14275,23.65076],[87.14303,23.65295],[87.14182,23.65363],[87.13977,23.65813],[87.13741,23.65631],[87.13549,23.65703],[87.13295,23.65464],[87.12993,23.65433],[87.12372,23.6556],[87.1183,23.65513]]]},"properties":{"District":"Paschim Bardhaman","Dist_LGD":"335N003","Sub_dist":"Jamuria","Subdis_LGD":"2270","Subdis_Typ":"Cd_Block","Vill_name":"Kunustoria(Ct)","Vill_Cat":"Partly_Urban","Vill_LGD":"318636","arr_project":"banani"}},
{"type":"Feature","geometry":{"type":"Polygon","coordinates":[[[87.17384,23.6421],[87.17252,23.64681],[87.17328,23.64859],[87.17688,23.65019],[87.17769,23.6562],[87.17826,23.66168],[87.16821,23.65379],[87.16278,23.65826],[87.15694,23.65576],[87.15388,23.651],[87.14878,23.64985],[87.14761,23.65349],[87.14303,23.65295],[87.14275,23.65076],[87.14557,23.6459],[87.14692,23.64525],[87.14851,23.64083],[87.15364,23.63838],[87.15353,23.63537],[87.15708,23.63687],[87.15779,23.63489],[87.15949,23.63674],[87.16403,23.63941],[87.16869,23.63991],[87.17384,23.6421]]]},"properties":{"District":"Paschim Bardhaman","Dist_LGD":"335N003","Sub_dist":"Jamuria","Subdis_LGD":"2270","Subdis_Typ":"Cd_Block","Vill_name":"Parasia (Ct)","Vill_Cat":"Partly_Urban","Vill_LGD":"318641","arr_project":"banani"}},
{"type":"Feature","geometry":{"type":"Polygon","coordinates":[[[87.16412,23.61206],[87.16876,23.61527],[87.17226,23.6192],[87.17442,23.62341],[87.17375,23.62518],[87.17029,23.62465],[87.16213,23.62094],[87.15929,23.6159],[87.16061,23.61395],[87.16412,23.61206]]]},"properties":{"District":"Paschim Bardhaman","Dist_LGD":"335N003","Sub_dist":"Andal","Subdis_LGD":"2272","Subdis_Typ":"Cd_Block","Vill_name":"Madhabpur","Vill_Cat":"Rural","Vill_LGD":"318672","arr_project":"banani"}},
{"type":"Feature","geometry":{"type":"Polygon","coordinates":[[[87.15777,23.6044],[87.16212,23.60534],[87.16432,23.60733],[87.16536,23.61065],[87.16412,23.61206],[87.16061,23.61395],[87.16046,23.61232],[87.15637,23.60922],[87.15588,23.60437],[87.15777,23.6044]]]},"properties":{"District":"Paschim Bardhaman","Dist_LGD":"335N003","Sub_dist":"Andal","Subdis_LGD":"2272","Subdis_Typ":"Cd_Block","Vill_name":"Chak Rambati","Vill_Cat":"Rural","Vill_LGD":"318674","arr_project":"banani"}},
{"type":"Feature","geometry":{"type":"Polygon","coordinates":[[[87.17931,23.59079],[87.1774,23.59352],[87.1789,23.59914],[87.1722,23.59998],[87.17163,23.60203],[87.17284,23.60524],[87.17152,23.60615],[87.16746,23.60569],[87.16432,23.60733],[87.16212,23.60534],[87.15777,23.6044],[87.15743,23.60231],[87.15882,23.59571],[87.15844,23.59401],[87.16536,23.59317],[87.17081,23.58912],[87.17416,23.58916],[87.17867,23.58697],[87.17931,23.59079]]]},"properties":{"District":"Paschim Bardhaman","Dist_LGD":"335N003","Sub_dist":"Andal","Subdis_LGD":"2272","Subdis_Typ":"Cd_Block","Vill_name":"Babuisol","Vill_Cat":"Rural","Vill_LGD":"318675","arr_project":"banani"}},
{"type":"Feature","geometry":{"type":"Polygon","coordinates":[[[87.17867,23.58697],[87.17416,23.58916],[87.17081,23.58912],[87.16536,23.59317],[87.15844,23.59401],[87.15073,23.58092],[87.15355,23.58314],[87.15642,23.58132],[87.16279,23.58063],[87.16476,23.57923],[87.16781,23.57902],[87.17133,23.58017],[87.17348,23.57797],[87.17631,23.58196],[87.17838,23.58225],[87.17867,23.58697]]]},"properties":{"District":"Paschim Bardhaman","Dist_LGD":"335N003","Sub_dist":"Andal","Subdis_LGD":"2272","Subdis_Typ":"Cd_Block","Vill_name":"Palashban (Ct)","Vill_Cat":"Partly_Urban","Vill_LGD":"318690","arr_project":"banani"}},
{"type":"Feature","geometry":{"type":"Polygon","coordinates":[[[87.17348,23.57797],[87.17133,23.58017],[87.16781,23.57902],[87.16476,23.57923],[87.16279,23.58063],[87.15642,23.58132],[87.15355,23.58314],[87.15073,23.58092],[87.14859,23.57705],[87.15247,23.5746],[87.15501,23.57143],[87.15447,23.56998],[87.1554,23.56856],[87.16007,23.56671],[87.16594,23.56552],[87.16923,23.56562],[87.16919,23.57111],[87.17174,23.5721],[87.17348,23.57797]]]},"properties":{"District":"Paschim Bardhaman","Dist_LGD":"335N003","Sub_dist":"Andal","Subdis_LGD":"2272","Subdis_Typ":"Cd_Block","Vill_name":"Madanpur (Ct)","Vill_Cat":"Partly_Urban","Vill_LGD":"318676","arr_project":"banani"}},
{"type":"Feature","geometry":{"type":"Polygon","coordinates":[[[87.09401,23.76866],[87.09927,23.76592],[87.10256,23.76833],[87.10424,23.7674],[87.1033,23.76972],[87.10427,23.77242],[87.09771,23.7775],[87.09768,23.7775],[87.09583,23.77477],[87.0931,23.77553],[87.09163,23.77175],[87.09401,23.76866]]]},"properties":{"District":"Paschim Bardhaman","Dist_LGD":"335N003","Sub_dist":"Jamuria","Subdis_LGD":"2270","Subdis_Typ":"Cd_Block","Vill_name":"Jaynagar","Vill_Cat":"Rural","Vill_LGD":"318605","arr_project":"banani"}},
{"type":"Feature","geometry":{"type":"Polygon","coordinates":[[[86.89978,23.76452],[86.90386,23.76208],[86.90415,23.75859],[86.90637,23.757],[86.90717,23.75701],[86.90857,23.75902],[86.91529,23.76032],[86.91061,23.76502],[86.91307,23.76789],[86.91046,23.7705],[86.90839,23.77284],[86.90548,23.77251],[86.903,23.77469],[86.90018,23.77464],[86.89732,23.77306],[86.89682,23.77014],[86.89785,23.76706],[86.89978,23.76452]]]},"properties":{"District":"Paschim Bardhaman","Dist_LGD":"335N003","Sub_dist":"Salanpur","Subdis_LGD":"2268","Subdis_Typ":"Cd_Block","Vill_name":"Patal","Vill_Cat":"Rural","Vill_LGD":"318531","arr_project":"banani"}},
{"type":"Feature","geometry":{"type":"Polygon","coordinates":[[[86.91529,23.76032],[86.90857,23.75902],[86.90717,23.75701],[86.90866,23.75726],[86.91346,23.75403],[86.91291,23.75164],[86.90679,23.74846],[86.90604,23.74663],[86.90882,23.74373],[86.90627,23.73749],[86.91305,23.74004],[86.91691,23.74341],[86.92043,23.74096],[86.92063,23.73852],[86.92293,23.73806],[86.92448,23.74061],[86.92987,23.74246],[86.93026,23.74405],[86.93172,23.74588],[86.93808,23.74683],[86.94044,23.74832],[86.94336,23.74755],[86.94703,23.75027],[86.94567,23.75154],[86.94144,23.75154],[86.94035,23.75351],[86.93728,23.7539],[86.933,23.75656],[86.92954,23.75581],[86.92862,23.75798],[86.92521,23.75674],[86.92084,23.75716],[86.91797,23.75801],[86.91529,23.76032]]]},"properties":{"District":"Paschim Bardhaman","Dist_LGD":"335N003","Sub_dist":"Salanpur","Subdis_LGD":"2268","Subdis_Typ":"Cd_Block","Vill_name":"Ethora","Vill_Cat":"Rural","Vill_LGD":"318537","arr_project":"banani"}},
{"type":"Feature","geometry":{"type":"Polygon","coordinates":[[[86.84242,23.8023],[86.85389,23.79866],[86.85547,23.80182],[86.85584,23.80437],[86.85299,23.80557],[86.85058,23.80944],[86.84614,23.80791],[86.84177,23.80755],[86.84242,23.8023]]]},"properties":{"District":"Paschim Bardhaman","Dist_LGD":"335N003","Sub_dist":"Salanpur","Subdis_LGD":"2268","Subdis_Typ":"Cd_Block","Vill_name":"Banskatia","Vill_Cat":"Rural","Vill_LGD":"318470","arr_project":"banani"}},
{"type":"Feature","geometry":{"type":"Polygon","coordinates":[[[86.86367,23.80116],[86.86297,23.79759],[86.86712,23.79965],[86.87444,23.80021],[86.87498,23.80068],[86.86628,23.8044],[86.86392,23.80311],[86.86367,23.80116]]]},"properties":{"District":"Paschim Bardhaman","Dist_LGD":"335N003","Sub_dist":"Salanpur","Subdis_LGD":"2268","Subdis_Typ":"Cd_Block","Vill_name":"Kaladabar","Vill_Cat":"Rural","Vill_LGD":"318481","arr_project":"banani"}},
{"type":"Feature","geometry":{"type":"Polygon","coordinates":[[[87.07334,23.74974],[87.06812,23.75232],[87.06584,23.74882],[87.06666,23.74559],[87.06724,23.7418],[87.06422,23.73875],[87.06589,23.73781],[87.07225,23.73712],[87.07597,23.73317],[87.07594,23.72961],[87.08126,23.73072],[87.08172,23.73195],[87.09019,23.72874],[87.09609,23.72748],[87.10032,23.73339],[87.10067,23.73746],[87.10246,23.74037],[87.10637,23.74175],[87.10724,23.74449],[87.1004,23.74841],[87.09906,23.74854],[87.09282,23.74425],[87.09126,23.74625],[87.0852,23.7458],[87.08191,23.74887],[87.07334,23.74974]]]},"properties":{"District":"Paschim Bardhaman","Dist_LGD":"335N003","Sub_dist":"Jamuria","Subdis_LGD":"2270","Subdis_Typ":"Cd_Block","Vill_name":"Taltore","Vill_Cat":"Rural","Vill_LGD":"318608","arr_project":"banani"}},
{"type":"Feature","geometry":{"type":"Polygon","coordinates":[[[87.1106,23.72043],[87.10724,23.71395],[87.10808,23.71005],[87.11127,23.70407],[87.11372,23.70315],[87.11261,23.69925],[87.11332,23.69733],[87.11777,23.69771],[87.12283,23.69693],[87.12495,23.69808],[87.13238,23.69913],[87.13457,23.70136],[87.13859,23.70364],[87.14252,23.70771],[87.14006,23.71124],[87.14173,23.7196],[87.13438,23.72405],[87.13102,23.72462],[87.12576,23.72706],[87.12368,23.72892],[87.11861,23.72489],[87.11411,23.71971],[87.1106,23.72043]]]},"properties":{"District":"Paschim Bardhaman","Dist_LGD":"335N003","Sub_dist":"Jamuria","Subdis_LGD":"2270","Subdis_Typ":"Cd_Block","Vill_name":"Hijalgora (Ct)","Vill_Cat":"Partly_Urban","Vill_LGD":"318609","arr_project":"banani"}},
{"type":"Feature","geometry":{"type":"Polygon","coordinates":[[[87.15147,23.69985],[87.14876,23.70084],[87.14305,23.69909],[87.1397,23.69593],[87.13513,23.69534],[87.13262,23.69664],[87.12933,23.69295],[87.12974,23.68975],[87.12889,23.68548],[87.13351,23.68657],[87.13728,23.68837],[87.14326,23.68746],[87.14648,23.6857],[87.15192,23.69319],[87.15147,23.69985]]]},"properties":{"District":"Paschim Bardhaman","Dist_LGD":"335N003","Sub_dist":"Jamuria","Subdis_LGD":"2270","Subdis_Typ":"Cd_Block","Vill_name":"Bahadurpur","Vill_Cat":"Rural","Vill_LGD":"318622","arr_project":"banani"}},
{"type":"Feature","geometry":{"type":"Polygon","coordinates":[[[87.1902,23.74892],[87.18539,23.75177],[87.18199,23.75102],[87.17585,23.75163],[87.17388,23.7503],[87.17455,23.74858],[87.17364,23.74306],[87.17204,23.74292],[87.16797,23.73783],[87.16831,23.73661],[87.17036,23.73568],[87.17451,23.73302],[87.17573,23.73101],[87.17639,23.72814],[87.17852,23.72586],[87.17864,23.72137],[87.18103,23.72109],[87.18566,23.71993],[87.18906,23.72359],[87.19176,23.73034],[87.1911,23.73323],[87.18758,23.73421],[87.18599,23.73619],[87.18663,23.73834],[87.18939,23.73956],[87.1902,23.74892]]]},"properties":{"District":"Paschim Bardhaman","Dist_LGD":"335N003","Sub_dist":"Jamuria","Subdis_LGD":"2270","Subdis_Typ":"Cd_Block","Vill_name":"Bhuri","Vill_Cat":"Rural","Vill_LGD":"318633","arr_project":"banani"}},
{"type":"Feature","geometry":{"type":"Polygon","coordinates":[[[87.38128,23.63856],[87.38162,23.63576],[87.38386,23.63584],[87.38735,23.64003],[87.39062,23.64183],[87.38622,23.64526],[87.38128,23.63856]]]},"properties":{"District":"Paschim Bardhaman","Dist_LGD":"335N003","Sub_dist":"Faridpur Durgapur","Subdis_LGD":"2274","Subdis_Typ":"Cd_Block","Vill_name":"Kalinagar","Vill_Cat":"Rural","Vill_LGD":"318743","arr_project":"banani"}},
{"type":"Feature","geometry":{"type":"Polygon","coordinates":[[[87.04363,23.77491],[87.05046,23.77164],[87.05681,23.77355],[87.05686,23.77557],[87.05466,23.77974],[87.05143,23.78097],[87.04832,23.78125],[87.04598,23.78017],[87.04363,23.77491]]]},"properties":{"District":"Paschim Bardhaman","Dist_LGD":"335N003","Sub_dist":"Jamuria","Subdis_LGD":"2270","Subdis_Typ":"Cd_Block","Vill_name":"Madhudanga","Vill_Cat":"Rural","Vill_LGD":"318599","arr_project":"banani"}},
{"type":"Feature","geometry":{"type":"Polygon","coordinates":[[[87.04606,23.75462],[87.04671,23.75112],[87.0454,23.74783],[87.04203,23.74331],[87.04442,23.74053],[87.04689,23.74291],[87.05052,23.74417],[87.05393,23.74636],[87.05544,23.74546],[87.06042,23.74696],[87.06666,23.74559],[87.06584,23.74882],[87.06812,23.75232],[87.06967,23.75553],[87.06889,23.75924],[87.06742,23.76063],[87.06848,23.76824],[87.06473,23.76937],[87.05991,23.77271],[87.05681,23.77355],[87.05046,23.77164],[87.05049,23.76729],[87.04964,23.76535],[87.0485,23.76227],[87.0488,23.75668],[87.04606,23.75462]]]},"properties":{"District":"Paschim Bardhaman","Dist_LGD":"335N003","Sub_dist":"Jamuria","Subdis_LGD":"2270","Subdis_Typ":"Cd_Block","Vill_name":"Madantor","Vill_Cat":"Rural","Vill_LGD":"318600","arr_project":"banani"}},
{"type":"Feature","geometry":{"type":"Polygon","coordinates":[[[87.34644,23.68738],[87.34473,23.68902],[87.33913,23.68902],[87.33716,23.68462],[87.33866,23.68322],[87.34128,23.68175],[87.34405,23.68134],[87.34821,23.68329],[87.34644,23.68738]]]},"properties":{"District":"Paschim Bardhaman","Dist_LGD":"335N003","Sub_dist":"Faridpur Durgapur","Subdis_LGD":"2274","Subdis_Typ":"Cd_Block","Vill_name":"Maheshpur","Vill_Cat":"Rural","Vill_LGD":"318731","arr_project":"banani"}},
{"type":"Feature","geometry":{"type":"Polygon","coordinates":[[[87.36449,23.70439],[87.36298,23.70712],[87.36086,23.71362],[87.35632,23.71917],[87.35333,23.72034],[87.34633,23.72175],[87.34655,23.71772],[87.34501,23.71036],[87.34614,23.70577],[87.3512,23.70315],[87.35182,23.70183],[87.34856,23.69202],[87.34644,23.68738],[87.34821,23.68329],[87.34991,23.6828],[87.35429,23.68454],[87.35695,23.68437],[87.35875,23.68189],[87.35924,23.68476],[87.36183,23.68695],[87.36425,23.68719],[87.36226,23.68906],[87.35738,23.69144],[87.35769,23.69418],[87.35679,23.69885],[87.3625,23.69991],[87.36449,23.70439]]]},"properties":{"District":"Paschim Bardhaman","Dist_LGD":"335N003","Sub_dist":"Faridpur Durgapur","Subdis_LGD":"2274","Subdis_Typ":"Cd_Block","Vill_name":"Madhaipur","Vill_Cat":"Rural","Vill_LGD":"318723","arr_project":"banani"}},
{"type":"Feature","geometry":{"type":"Polygon","coordinates":[[[87.41504,23.68396],[87.41334,23.68613],[87.40955,23.68859],[87.39732,23.69414],[87.39623,23.69015],[87.39691,23.6846],[87.39786,23.68224],[87.40374,23.67841],[87.40483,23.67792],[87.40927,23.68063],[87.41191,23.68332],[87.41504,23.68396]]]},"properties":{"District":"Paschim Bardhaman","Dist_LGD":"335N003","Sub_dist":"Kanksa","Subdis_LGD":"2275","Subdis_Typ":"Cd_Block","Vill_name":"Srirampur","Vill_Cat":"Rural","Vill_LGD":"318778","arr_project":"banani"}},
{"type":"Feature","geometry":{"type":"Polygon","coordinates":[[[87.41488,23.67113],[87.40213,23.67494],[87.40064,23.67058],[87.41115,23.66522],[87.41488,23.67113]]]},"properties":{"District":"Paschim Bardhaman","Dist_LGD":"335N003","Sub_dist":"Kanksa","Subdis_LGD":"2275","Subdis_Typ":"Cd_Block","Vill_name":"Sundipur","Vill_Cat":"Rural","Vill_LGD":"318781","arr_project":"banani"}},
{"type":"Feature","geometry":{"type":"Polygon","coordinates":[[[87.39354,23.6756],[87.39627,23.67303],[87.40064,23.67058],[87.40213,23.67494],[87.40374,23.67841],[87.39786,23.68224],[87.3949,23.67909],[87.39354,23.6756]]]},"properties":{"District":"Paschim Bardhaman","Dist_LGD":"335N003","Sub_dist":"Kanksa","Subdis_LGD":"2275","Subdis_Typ":"Cd_Block","Vill_name":"Kanchanpur","Vill_Cat":"Rural","Vill_LGD":"318779","arr_project":"banani"}},
{"type":"Feature","geometry":{"type":"Polygon","coordinates":[[[87.39354,23.6756],[87.39279,23.67332],[87.38973,23.67507],[87.38698,23.67431],[87.38708,23.67142],[87.38851,23.66941],[87.38596,23.66647],[87.39153,23.66529],[87.39646,23.66754],[87.39885,23.66597],[87.40534,23.66421],[87.40698,23.66567],[87.41074,23.6643],[87.41115,23.66522],[87.40064,23.67058],[87.39627,23.67303],[87.39354,23.6756]]]},"properties":{"District":"Paschim Bardhaman","Dist_LGD":"335N003","Sub_dist":"Kanksa","Subdis_LGD":"2275","Subdis_Typ":"Cd_Block","Vill_name":"Basudebpur","Vill_Cat":"Rural","Vill_LGD":"318782","arr_project":"banani"}},
{"type":"Feature","geometry":{"type":"Polygon","coordinates":[[[87.41488,23.67113],[87.41741,23.678],[87.41504,23.68396],[87.41191,23.68332],[87.40927,23.68063],[87.40483,23.67792],[87.40374,23.67841],[87.40213,23.67494],[87.41488,23.67113]]]},"properties":{"District":"Paschim Bardhaman","Dist_LGD":"335N003","Sub_dist":"Kanksa","Subdis_LGD":"2275","Subdis_Typ":"Cd_Block","Vill_name":"Talbahari","Vill_Cat":"Rural","Vill_LGD":"318780","arr_project":"banani"}},
{"type":"Feature","geometry":{"type":"Polygon","coordinates":[[[87.40534,23.66421],[87.39885,23.66597],[87.39646,23.66754],[87.39153,23.66529],[87.38596,23.66647],[87.38851,23.66941],[87.38708,23.67142],[87.38557,23.6686],[87.38028,23.66248],[87.38146,23.66002],[87.3845,23.65997],[87.38917,23.66157],[87.39174,23.6616],[87.39252,23.66335],[87.40021,23.66212],[87.40346,23.662],[87.40534,23.66421]]]},"properties":{"District":"Paschim Bardhaman","Dist_LGD":"335N003","Sub_dist":"Kanksa","Subdis_LGD":"2275","Subdis_Typ":"Cd_Block","Vill_name":"Benodpur","Vill_Cat":"Rural","Vill_LGD":"318783","arr_project":"banani"}},
{"type":"Feature","geometry":{"type":"Polygon","coordinates":[[[87.40021,23.66212],[87.39252,23.66335],[87.39174,23.6616],[87.39419,23.65517],[87.39728,23.65715],[87.39884,23.65495],[87.40243,23.65754],[87.40039,23.65938],[87.40021,23.66212]]]},"properties":{"District":"Paschim Bardhaman","Dist_LGD":"335N003","Sub_dist":"Kanksa","Subdis_LGD":"2275","Subdis_Typ":"Cd_Block","Vill_name":"Sasipur","Vill_Cat":"Rural","Vill_LGD":"318785","arr_project":"banani"}},
{"type":"Feature","geometry":{"type":"Polygon","coordinates":[[[87.41074,23.6643],[87.40698,23.66567],[87.40534,23.66421],[87.40346,23.662],[87.40021,23.66212],[87.40039,23.65938],[87.40243,23.65754],[87.4068,23.65634],[87.41035,23.65692],[87.40958,23.66153],[87.41074,23.6643]]]},"properties":{"District":"Paschim Bardhaman","Dist_LGD":"335N003","Sub_dist":"Kanksa","Subdis_LGD":"2275","Subdis_Typ":"Cd_Block","Vill_name":"Dubrajpur","Vill_Cat":"Rural","Vill_LGD":"318786","arr_project":"banani"}},
{"type":"Feature","geometry":{"type":"Polygon","coordinates":[[[87.39419,23.65517],[87.39174,23.6616],[87.38917,23.66157],[87.3845,23.65997],[87.38146,23.66002],[87.38234,23.65651],[87.38594,23.65473],[87.38539,23.65164],[87.38797,23.65098],[87.38727,23.64817],[87.39091,23.64425],[87.39062,23.64183],[87.38735,23.64003],[87.39419,23.6389],[87.39439,23.63891],[87.39514,23.64213],[87.39729,23.64515],[87.39883,23.64535],[87.39983,23.64965],[87.39394,23.65038],[87.3927,23.65119],[87.39419,23.65517]]]},"properties":{"District":"Paschim Bardhaman","Dist_LGD":"335N003","Sub_dist":"Kanksa","Subdis_LGD":"2275","Subdis_Typ":"Cd_Block","Vill_name":"Rajhat","Vill_Cat":"Rural","Vill_LGD":"318784","arr_project":"banani"}},
{"type":"Feature","geometry":{"type":"Polygon","coordinates":[[[87.40173,23.65047],[87.40351,23.64883],[87.40617,23.65212],[87.4068,23.65634],[87.40243,23.65754],[87.39884,23.65495],[87.40173,23.65047]]]},"properties":{"District":"Paschim Bardhaman","Dist_LGD":"335N003","Sub_dist":"Kanksa","Subdis_LGD":"2275","Subdis_Typ":"Cd_Block","Vill_name":"Majhidanga","Vill_Cat":"Rural","Vill_LGD":"318787","arr_project":"banani"}},
{"type":"Feature","geometry":{"type":"Polygon","coordinates":[[[87.394,23.63485],[87.39873,23.63294],[87.39959,23.63567],[87.40301,23.63688],[87.40518,23.63612],[87.40371,23.63932],[87.40373,23.64195],[87.40607,23.64722],[87.40351,23.64883],[87.39936,23.64325],[87.39806,23.63916],[87.39439,23.63891],[87.39419,23.6389],[87.394,23.63485]]]},"properties":{"District":"Paschim Bardhaman","Dist_LGD":"335N003","Sub_dist":"Kanksa","Subdis_LGD":"2275","Subdis_Typ":"Cd_Block","Vill_name":"Thakuranibazar","Vill_Cat":"Rural","Vill_LGD":"318791","arr_project":"banani"}},
{"type":"Feature","geometry":{"type":"Polygon","coordinates":[[[87.39439,23.63891],[87.39806,23.63916],[87.39936,23.64325],[87.40351,23.64883],[87.40173,23.65047],[87.39983,23.64965],[87.39883,23.64535],[87.39729,23.64515],[87.39514,23.64213],[87.39439,23.63891]]]},"properties":{"District":"Paschim Bardhaman","Dist_LGD":"335N003","Sub_dist":"Kanksa","Subdis_LGD":"2275","Subdis_Typ":"Cd_Block","Vill_name":"Bidbihar","Vill_Cat":"Rural","Vill_LGD":"318789","arr_project":"banani"}},
{"type":"Feature","geometry":{"type":"Polygon","coordinates":[[[87.42403,23.64418],[87.42313,23.64544],[87.41785,23.64725],[87.41473,23.64407],[87.40861,23.64687],[87.40607,23.64722],[87.40373,23.64195],[87.40371,23.63932],[87.40518,23.63612],[87.40639,23.63364],[87.40953,23.63475],[87.41309,23.63757],[87.41587,23.6419],[87.42042,23.6427],[87.42403,23.64418]]]},"properties":{"District":"Paschim Bardhaman","Dist_LGD":"335N003","Sub_dist":"Kanksa","Subdis_LGD":"2275","Subdis_Typ":"Cd_Block","Vill_name":"Dihibeta","Vill_Cat":"Rural","Vill_LGD":"318797","arr_project":"banani"}},
{"type":"Feature","geometry":{"type":"Polygon","coordinates":[[[87.39419,23.6389],[87.38735,23.64003],[87.38386,23.63584],[87.38162,23.63576],[87.37777,23.6262],[87.38323,23.62867],[87.38757,23.62809],[87.394,23.63485],[87.39419,23.6389]]]},"properties":{"District":"Paschim Bardhaman","Dist_LGD":"335N003","Sub_dist":"Kanksa","Subdis_LGD":"2275","Subdis_Typ":"Cd_Block","Vill_name":"Phuljhuri","Vill_Cat":"Rural","Vill_LGD":"318792","arr_project":"banani"}},
{"type":"Feature","geometry":{"type":"Polygon","coordinates":[[[87.41346,23.61906],[87.41503,23.62463],[87.41738,23.6293],[87.42014,23.63232],[87.42838,23.6371],[87.42704,23.63868],[87.41661,23.63273],[87.41356,23.63229],[87.40955,23.63018],[87.40891,23.62687],[87.40932,23.62502],[87.41196,23.62337],[87.41346,23.61906]]]},"properties":{"District":"Paschim Bardhaman","Dist_LGD":"335N003","Sub_dist":"Kanksa","Subdis_LGD":"2275","Subdis_Typ":"Cd_Block","Vill_name":"Krishnapur","Vill_Cat":"Rural","Vill_LGD":"318799","arr_project":"banani"}},
{"type":"Feature","geometry":{"type":"Polygon","coordinates":[[[87.42704,23.63868],[87.42403,23.64418],[87.42042,23.6427],[87.41587,23.6419],[87.41309,23.63757],[87.40953,23.63475],[87.40639,23.63364],[87.40696,23.63065],[87.40955,23.63018],[87.41356,23.63229],[87.41661,23.63273],[87.42704,23.63868]]]},"properties":{"District":"Paschim Bardhaman","Dist_LGD":"335N003","Sub_dist":"Kanksa","Subdis_LGD":"2275","Subdis_Typ":"Cd_Block","Vill_name":"Nabagram","Vill_Cat":"Rural","Vill_LGD":"318798","arr_project":"banani"}},
{"type":"Feature","geometry":{"type":"Polygon","coordinates":[[[87.41549,23.61856],[87.41791,23.62091],[87.419,23.62677],[87.42134,23.63083],[87.43002,23.63542],[87.42838,23.6371],[87.42014,23.63232],[87.41738,23.6293],[87.41503,23.62463],[87.41346,23.61906],[87.41549,23.61856]]]},"properties":{"District":"Paschim Bardhaman","Dist_LGD":"335N003","Sub_dist":"Kanksa","Subdis_LGD":"2275","Subdis_Typ":"Cd_Block","Vill_name":"Radhanagar","Vill_Cat":"Rural","Vill_LGD":"318800","arr_project":"banani"}},
{"type":"Feature","geometry":{"type":"Polygon","coordinates":[[[87.44013,23.61893],[87.43265,23.63294],[87.42852,23.63102],[87.42542,23.62817],[87.42539,23.62568],[87.4287,23.6215],[87.42665,23.61946],[87.43156,23.61326],[87.43662,23.61362],[87.44013,23.61893]]]},"properties":{"District":"Paschim Bardhaman","Dist_LGD":"335N003","Sub_dist":"Kanksa","Subdis_LGD":"2275","Subdis_Typ":"Cd_Block","Vill_name":"Kajladihi","Vill_Cat":"Rural","Vill_LGD":"318802","arr_project":"banani"}},
{"type":"Feature","geometry":{"type":"Polygon","coordinates":[[[87.45653,23.60441],[87.45726,23.60688],[87.46307,23.61091],[87.4639,23.61281],[87.45641,23.61151],[87.44932,23.61254],[87.44608,23.6091],[87.44469,23.60549],[87.44554,23.60356],[87.44932,23.5997],[87.45167,23.60104],[87.45307,23.60418],[87.45503,23.60346],[87.45653,23.60441]]]},"properties":{"District":"Paschim Bardhaman","Dist_LGD":"335N003","Sub_dist":"Kanksa","Subdis_LGD":"2275","Subdis_Typ":"Cd_Block","Vill_name":"Gourangapur","Vill_Cat":"Rural","Vill_LGD":"318804","arr_project":"banani"}},
{"type":"Feature","geometry":{"type":"Polygon","coordinates":[[[87.47059,23.60247],[87.46488,23.60758],[87.46599,23.61124],[87.46788,23.6134],[87.4639,23.61281],[87.46307,23.61091],[87.45726,23.60688],[87.45653,23.60441],[87.45939,23.60262],[87.46141,23.59773],[87.46838,23.59776],[87.47025,23.60001],[87.47059,23.60247]]]},"properties":{"District":"Paschim Bardhaman","Dist_LGD":"335N003","Sub_dist":"Kanksa","Subdis_LGD":"2275","Subdis_Typ":"Cd_Block","Vill_name":"Kotalpukur","Vill_Cat":"Rural","Vill_LGD":"318806","arr_project":"banani"}},
{"type":"Feature","geometry":{"type":"Polygon","coordinates":[[[87.45503,23.60346],[87.45594,23.60028],[87.45521,23.59728],[87.45622,23.59521],[87.45658,23.59077],[87.46728,23.58807],[87.4698,23.58643],[87.474,23.58647],[87.47436,23.58675],[87.46652,23.58846],[87.461,23.59109],[87.46269,23.59497],[87.46141,23.59773],[87.45939,23.60262],[87.45653,23.60441],[87.45503,23.60346]]]},"properties":{"District":"Paschim Bardhaman","Dist_LGD":"335N003","Sub_dist":"Kanksa","Subdis_LGD":"2275","Subdis_Typ":"Cd_Block","Vill_name":"Banagram","Vill_Cat":"Rural","Vill_LGD":"318805","arr_project":"banani"}},
{"type":"Feature","geometry":{"type":"Polygon","coordinates":[[[87.46141,23.59773],[87.46269,23.59497],[87.461,23.59109],[87.46652,23.58846],[87.47436,23.58675],[87.47407,23.58955],[87.47599,23.59147],[87.476,23.59362],[87.47861,23.59895],[87.4734,23.60185],[87.47059,23.60247],[87.47025,23.60001],[87.46838,23.59776],[87.46141,23.59773]]]},"properties":{"District":"Paschim Bardhaman","Dist_LGD":"335N003","Sub_dist":"Kanksa","Subdis_LGD":"2275","Subdis_Typ":"Cd_Block","Vill_name":"Nimtikari","Vill_Cat":"Rural","Vill_LGD":"318808","arr_project":"banani"}},
{"type":"Feature","geometry":{"type":"Polygon","coordinates":[[[87.48927,23.60681],[87.4872,23.60842],[87.47882,23.61131],[87.47039,23.61343],[87.46788,23.6134],[87.46599,23.61124],[87.46488,23.60758],[87.47059,23.60247],[87.4734,23.60185],[87.47861,23.59895],[87.48041,23.59798],[87.48369,23.59913],[87.48533,23.6042],[87.48927,23.60681]]]},"properties":{"District":"Paschim Bardhaman","Dist_LGD":"335N003","Sub_dist":"Kanksa","Subdis_LGD":"2275","Subdis_Typ":"Cd_Block","Vill_name":"Masna","Vill_Cat":"Rural","Vill_LGD":"318807","arr_project":"banani"}},
{"type":"Feature","geometry":{"type":"Polygon","coordinates":[[[87.49118,23.59413],[87.49124,23.59914],[87.49343,23.60398],[87.48927,23.60681],[87.48533,23.6042],[87.48369,23.59913],[87.48041,23.59798],[87.47861,23.59895],[87.476,23.59362],[87.47834,23.59422],[87.47916,23.59175],[87.48197,23.58884],[87.48389,23.58977],[87.48436,23.593],[87.48953,23.59183],[87.49118,23.59413]]]},"properties":{"District":"Paschim Bardhaman","Dist_LGD":"335N003","Sub_dist":"Kanksa","Subdis_LGD":"2275","Subdis_Typ":"Cd_Block","Vill_name":"Bankati","Vill_Cat":"Rural","Vill_LGD":"318809","arr_project":"banani"}},
{"type":"Feature","geometry":{"type":"Polygon","coordinates":[[[87.4736,23.57167],[87.48882,23.5742],[87.49871,23.57477],[87.49897,23.57632],[87.50219,23.57876],[87.50436,23.57906],[87.50563,23.58816],[87.50562,23.59007],[87.49931,23.58998],[87.49466,23.59291],[87.49118,23.59413],[87.48953,23.59183],[87.48436,23.593],[87.48389,23.58977],[87.48197,23.58884],[87.47916,23.59175],[87.47834,23.59422],[87.476,23.59362],[87.47599,23.59147],[87.47407,23.58955],[87.47436,23.58675],[87.474,23.58647],[87.47816,23.58054],[87.47739,23.5779],[87.47441,23.57448],[87.4736,23.57167]]]},"properties":{"District":"Paschim Bardhaman","Dist_LGD":"335N003","Sub_dist":"Kanksa","Subdis_LGD":"2275","Subdis_Typ":"Cd_Block","Vill_name":"Shyambazar","Vill_Cat":"Rural","Vill_LGD":"318813","arr_project":"banani"}},
{"type":"Feature","geometry":{"type":"Polygon","coordinates":[[[87.38757,23.62809],[87.38323,23.62867],[87.37777,23.6262],[87.37731,23.62557],[87.38189,23.62407],[87.38283,23.62171],[87.38178,23.61565],[87.37985,23.61332],[87.38077,23.61235],[87.38656,23.61067],[87.38769,23.60928],[87.39211,23.61266],[87.39523,23.61351],[87.39901,23.61801],[87.39935,23.6217],[87.39695,23.6236],[87.39002,23.62754],[87.38757,23.62809]]]},"properties":{"District":"Paschim Bardhaman","Dist_LGD":"335N003","Sub_dist":"Kanksa","Subdis_LGD":"2275","Subdis_Typ":"Cd_Block","Vill_name":"Jatgaria","Vill_Cat":"Rural","Vill_LGD":"318795","arr_project":"banani"}},
{"type":"Feature","geometry":{"type":"Polygon","coordinates":[[[87.38535,23.59641],[87.38576,23.59373],[87.38294,23.59268],[87.38253,23.58848],[87.38537,23.58495],[87.38517,23.5811],[87.38876,23.5822],[87.3902,23.58082],[87.39053,23.59007],[87.38901,23.59395],[87.38678,23.5966],[87.38535,23.59641]]]},"properties":{"District":"Paschim Bardhaman","Dist_LGD":"335N003","Sub_dist":"Kanksa","Subdis_LGD":"2275","Subdis_Typ":"Cd_Block","Vill_name":"Chuamudafa","Vill_Cat":"Rural","Vill_LGD":"318822","arr_project":"banani"}},
{"type":"Feature","geometry":{"type":"Polygon","coordinates":[[[87.42934,23.56311],[87.42253,23.56348],[87.41818,23.56485],[87.41546,23.56009],[87.41362,23.56004],[87.41686,23.55244],[87.41764,23.54919],[87.42053,23.54925],[87.42392,23.54695],[87.42671,23.54552],[87.42927,23.54593],[87.43118,23.54596],[87.43061,23.54977],[87.43207,23.55462],[87.42866,23.56086],[87.42934,23.56311]]]},"properties":{"District":"Paschim Bardhaman","Dist_LGD":"335N003","Sub_dist":"Kanksa","Subdis_LGD":"2275","Subdis_Typ":"Cd_Block","Vill_name":"Kandarkona","Vill_Cat":"Rural","Vill_LGD":"318827","arr_project":"banani"}},
{"type":"Feature","geometry":{"type":"Polygon","coordinates":[[[87.42934,23.56311],[87.42866,23.56086],[87.43207,23.55462],[87.43061,23.54977],[87.43118,23.54596],[87.43369,23.54209],[87.43999,23.54091],[87.44478,23.53727],[87.44592,23.5414],[87.44915,23.54762],[87.45058,23.54902],[87.44966,23.55149],[87.44676,23.55399],[87.44395,23.56062],[87.43994,23.56171],[87.43754,23.5659],[87.43836,23.56679],[87.43776,23.57228],[87.43557,23.57343],[87.43299,23.57163],[87.43448,23.56905],[87.42955,23.56416],[87.42934,23.56311]]]},"properties":{"District":"Paschim Bardhaman","Dist_LGD":"335N003","Sub_dist":"Kanksa","Subdis_LGD":"2275","Subdis_Typ":"Cd_Block","Vill_name":"Rakshitpur","Vill_Cat":"Rural","Vill_LGD":"318818","arr_project":"banani"}},
{"type":"Feature","geometry":{"type":"Polygon","coordinates":[[[87.43333,23.52875],[87.43441,23.52602],[87.43684,23.52322],[87.44349,23.52231],[87.44624,23.5261],[87.44617,23.52985],[87.44757,23.53358],[87.44962,23.5362],[87.44478,23.53727],[87.43999,23.54091],[87.43369,23.54209],[87.43118,23.54596],[87.42927,23.54593],[87.42937,23.54319],[87.43207,23.53921],[87.43037,23.5371],[87.43154,23.535],[87.43333,23.52875]]]},"properties":{"District":"Paschim Bardhaman","Dist_LGD":"335N003","Sub_dist":"Kanksa","Subdis_LGD":"2275","Subdis_Typ":"Cd_Block","Vill_name":"Sundiara","Vill_Cat":"Rural","Vill_LGD":"318836","arr_project":"banani"}},
{"type":"Feature","geometry":{"type":"Polygon","coordinates":[[[87.41797,23.5145],[87.41982,23.51462],[87.42328,23.51196],[87.42578,23.51141],[87.42944,23.5133],[87.42553,23.51797],[87.42141,23.51877],[87.41797,23.5145]]]},"properties":{"District":"Paschim Bardhaman","Dist_LGD":"335N003","Sub_dist":"Kanksa","Subdis_LGD":"2275","Subdis_Typ":"Cd_Block","Vill_name":"Sadhumara","Vill_Cat":"Rural","Vill_LGD":"318842","arr_project":"banani"}},
{"type":"Feature","geometry":{"type":"Polygon","coordinates":[[[87.37473,23.53411],[87.37496,23.5302],[87.37966,23.52676],[87.37815,23.52206],[87.38615,23.51807],[87.38878,23.51984],[87.39556,23.51922],[87.39949,23.52492],[87.40095,23.53166],[87.40076,23.53319],[87.39657,23.533],[87.39171,23.5346],[87.38913,23.53872],[87.38474,23.5418],[87.3845,23.54338],[87.37891,23.54121],[87.37473,23.53411]]]},"properties":{"District":"Paschim Bardhaman","Dist_LGD":"335N003","Sub_dist":"Kanksa","Subdis_LGD":"2275","Subdis_Typ":"Cd_Block","Vill_name":"Rupganj","Vill_Cat":"Rural","Vill_LGD":"318830","arr_project":"banani"}},
{"type":"Feature","geometry":{"type":"Polygon","coordinates":[[[87.37296,23.54427],[87.37079,23.54043],[87.36871,23.53929],[87.36682,23.53386],[87.37044,23.53492],[87.37289,23.53841],[87.37454,23.53765],[87.37473,23.53411],[87.37891,23.54121],[87.3845,23.54338],[87.38437,23.5474],[87.37944,23.54756],[87.37546,23.54392],[87.37296,23.54427]]]},"properties":{"District":"Paschim Bardhaman","Dist_LGD":"335N003","Sub_dist":"Kanksa","Subdis_LGD":"2275","Subdis_Typ":"Cd_Block","Vill_name":"Pancha Pukhuria","Vill_Cat":"Rural","Vill_LGD":"318831","arr_project":"banani"}},
{"type":"Feature","geometry":{"type":"Polygon","coordinates":[[[87.36447,23.52864],[87.36227,23.52506],[87.3626,23.5214],[87.36055,23.52125],[87.3639,23.5179],[87.36635,23.51744],[87.3684,23.5149],[87.37177,23.51567],[87.37676,23.51236],[87.37772,23.51041],[87.38022,23.50781],[87.38436,23.51233],[87.38615,23.51807],[87.37815,23.52206],[87.37966,23.52676],[87.37496,23.5302],[87.37473,23.53411],[87.37454,23.53765],[87.37289,23.53841],[87.37044,23.53492],[87.36682,23.53386],[87.36851,23.53295],[87.36737,23.52926],[87.36447,23.52864]]]},"properties":{"District":"Paschim Bardhaman","Dist_LGD":"335N003","Sub_dist":"Kanksa","Subdis_LGD":"2275","Subdis_Typ":"Cd_Block","Vill_name":"Arra (Ct)","Vill_Cat":"Partly_Urban","Vill_LGD":"318860","arr_project":"banani"}},
{"type":"Feature","geometry":{"type":"Polygon","coordinates":[[[87.37235,23.57136],[87.38106,23.5645],[87.38376,23.55896],[87.38812,23.56122],[87.38858,23.56524],[87.3905,23.56628],[87.39146,23.5704],[87.39138,23.57426],[87.3902,23.58082],[87.38876,23.5822],[87.38517,23.5811],[87.38313,23.57414],[87.37931,23.57545],[87.37947,23.57819],[87.38135,23.5797],[87.3818,23.58464],[87.38002,23.58597],[87.37668,23.58542],[87.37637,23.57997],[87.37357,23.57548],[87.37235,23.57136]]]},"properties":{"District":"Paschim Bardhaman","Dist_LGD":"335N003","Sub_dist":"Kanksa","Subdis_LGD":"2275","Subdis_Typ":"Cd_Block","Vill_name":"Akandara","Vill_Cat":"Rural","Vill_LGD":"318823","arr_project":"banani"}},
{"type":"Feature","geometry":{"type":"Polygon","coordinates":[[[87.3845,23.54338],[87.38474,23.5418],[87.38913,23.53872],[87.39171,23.5346],[87.39657,23.533],[87.40076,23.53319],[87.40095,23.53166],[87.40445,23.53194],[87.40872,23.52973],[87.41129,23.53535],[87.40961,23.53738],[87.41138,23.5399],[87.41428,23.54229],[87.41513,23.54789],[87.41048,23.55013],[87.40896,23.55271],[87.40597,23.55371],[87.40318,23.55214],[87.39862,23.55403],[87.39161,23.55266],[87.39,23.55291],[87.38678,23.54849],[87.38437,23.5474],[87.3845,23.54338]]]},"properties":{"District":"Paschim Bardhaman","Dist_LGD":"335N003","Sub_dist":"Kanksa","Subdis_LGD":"2275","Subdis_Typ":"Cd_Block","Vill_name":"Kuldiha","Vill_Cat":"Rural","Vill_LGD":"318829","arr_project":"banani"}},
{"type":"Feature","geometry":{"type":"Polygon","coordinates":[[[87.42392,23.54695],[87.42053,23.54925],[87.41764,23.54919],[87.41513,23.54789],[87.41428,23.54229],[87.41138,23.5399],[87.41996,23.5371],[87.42033,23.53976],[87.42217,23.54132],[87.42181,23.54597],[87.42392,23.54695]]]},"properties":{"District":"Paschim Bardhaman","Dist_LGD":"335N003","Sub_dist":"Kanksa","Subdis_LGD":"2275","Subdis_Typ":"Cd_Block","Vill_name":"Pathardiha","Vill_Cat":"Rural","Vill_LGD":"318828","arr_project":"banani"}},
{"type":"Feature","geometry":{"type":"Polygon","coordinates":[[[87.43417,23.42122],[87.43675,23.42444],[87.4433,23.43115],[87.44634,23.42978],[87.44575,23.42738],[87.44835,23.42634],[87.44444,23.42236],[87.44538,23.41867],[87.44842,23.42016],[87.44993,23.42306],[87.45391,23.42594],[87.46024,23.42494],[87.46086,23.42253],[87.46353,23.42319],[87.46233,23.42596],[87.4591,23.42865],[87.45815,23.43079],[87.45437,23.43069],[87.44913,23.43177],[87.44296,23.43514],[87.4419,23.43139],[87.43856,23.42912],[87.43863,23.42639],[87.43426,23.4247],[87.434,23.42869],[87.43245,23.42623],[87.43417,23.42122]]]},"properties":{"District":"Paschim Bardhaman","Dist_LGD":"335N003","Sub_dist":"Kanksa","Subdis_LGD":"2275","Subdis_Typ":"Cd_Block","Vill_name":"Shilampur","Vill_Cat":"Rural","Vill_LGD":"318856","arr_project":"banani"}},
{"type":"Feature","geometry":{"type":"Polygon","coordinates":[[[87.43356,23.4358],[87.43181,23.43564],[87.43145,23.4323],[87.434,23.42869],[87.43426,23.4247],[87.43863,23.42639],[87.43856,23.42912],[87.4419,23.43139],[87.44296,23.43514],[87.44209,23.43572],[87.44101,23.43743],[87.43693,23.43894],[87.43379,23.43812],[87.43356,23.4358]]]},"properties":{"District":"Paschim Bardhaman","Dist_LGD":"335N003","Sub_dist":"Kanksa","Subdis_LGD":"2275","Subdis_Typ":"Cd_Block","Vill_name":"Anandapur","Vill_Cat":"Rural","Vill_LGD":"318855","arr_project":"banani"}},
{"type":"Feature","geometry":{"type":"Polygon","coordinates":[[[87.45158,23.45766],[87.45398,23.45925],[87.45824,23.45797],[87.46109,23.45549],[87.46077,23.44826],[87.46215,23.44478],[87.46106,23.44247],[87.4577,23.44492],[87.45809,23.44876],[87.45714,23.45081],[87.4537,23.45424],[87.45395,23.44898],[87.45286,23.4447],[87.45129,23.4419],[87.45134,23.43882],[87.45529,23.43795],[87.45437,23.43069],[87.45815,23.43079],[87.4591,23.42865],[87.46343,23.43111],[87.46426,23.43623],[87.47014,23.44041],[87.46849,23.44337],[87.46819,23.44651],[87.47039,23.44851],[87.47268,23.45276],[87.46997,23.45429],[87.46923,23.45814],[87.46715,23.46042],[87.46839,23.46319],[87.46464,23.46529],[87.46413,23.46675],[87.46666,23.47615],[87.46661,23.47814],[87.46046,23.48052],[87.45904,23.48203],[87.4548,23.48287],[87.45209,23.48052],[87.45294,23.46784],[87.45366,23.46356],[87.44889,23.46368],[87.45314,23.46134],[87.45158,23.45766]]]},"properties":{"District":"Paschim Bardhaman","Dist_LGD":"335N003","Sub_dist":"Kanksa","Subdis_LGD":"2275","Subdis_Typ":"Cd_Block","Vill_name":"Kanksa (Ct)","Vill_Cat":"Partly_Urban","Vill_LGD":"318864","arr_project":"banani"}},
{"type":"Feature","geometry":{"type":"Polygon","coordinates":[[[87.42921,23.45711],[87.43191,23.45507],[87.4353,23.4561],[87.43499,23.46051],[87.43621,23.46406],[87.4348,23.46998],[87.43475,23.47521],[87.43113,23.47878],[87.43026,23.48234],[87.4284,23.48319],[87.42859,23.4801],[87.43119,23.47698],[87.43238,23.46124],[87.43045,23.46207],[87.42921,23.45711]]]},"properties":{"District":"Paschim Bardhaman","Dist_LGD":"335N003","Sub_dist":"Kanksa","Subdis_LGD":"2275","Subdis_Typ":"Cd_Block","Vill_name":"Mahalchandni","Vill_Cat":"Rural","Vill_LGD":"318853","arr_project":"banani"}},
{"type":"Feature","geometry":{"type":"Polygon","coordinates":[[[87.41059,23.43455],[87.40926,23.43644],[87.41302,23.43972],[87.4166,23.43835],[87.41834,23.44461],[87.41944,23.4462],[87.41742,23.4483],[87.42093,23.45348],[87.41759,23.4527],[87.41351,23.45064],[87.40725,23.45197],[87.4043,23.45102],[87.40453,23.44625],[87.40019,23.44509],[87.39789,23.44227],[87.39421,23.44527],[87.39237,23.44363],[87.38919,23.4452],[87.38759,23.45106],[87.38313,23.45314],[87.38154,23.45085],[87.38737,23.44375],[87.39061,23.43962],[87.39351,23.44202],[87.39758,23.44138],[87.40005,23.44321],[87.40402,23.4417],[87.40725,23.44213],[87.40813,23.43595],[87.40616,23.43492],[87.40515,23.43191],[87.41059,23.43455]]]},"properties":{"District":"Paschim Bardhaman","Dist_LGD":"335N003","Sub_dist":"Kanksa","Subdis_LGD":"2275","Subdis_Typ":"Cd_Block","Vill_name":"Sokna","Vill_Cat":"Rural","Vill_LGD":"318848","arr_project":"banani"}},
{"type":"Feature","geometry":{"type":"Polygon","coordinates":[[[87.42859,23.4801],[87.42382,23.48053],[87.42367,23.48395],[87.41947,23.4844],[87.41624,23.48231],[87.41454,23.48005],[87.41341,23.47955],[87.41049,23.47204],[87.40711,23.47007],[87.40393,23.46674],[87.40614,23.45849],[87.40502,23.45672],[87.40648,23.4542],[87.4043,23.45102],[87.40725,23.45197],[87.41351,23.45064],[87.41759,23.4527],[87.42093,23.45348],[87.42475,23.45493],[87.42545,23.45174],[87.42727,23.4533],[87.42921,23.45711],[87.43045,23.46207],[87.43238,23.46124],[87.43119,23.47698],[87.42859,23.4801]]]},"properties":{"District":"Paschim Bardhaman","Dist_LGD":"335N003","Sub_dist":"Kanksa","Subdis_LGD":"2275","Subdis_Typ":"Cd_Block","Vill_name":"Birudiha","Vill_Cat":"Rural","Vill_LGD":"318845","arr_project":"banani"}},
{"type":"Feature","geometry":{"type":"Polygon","coordinates":[[[87.43475,23.47521],[87.4348,23.46998],[87.43621,23.46406],[87.43499,23.46051],[87.4353,23.4561],[87.43191,23.45507],[87.42921,23.45711],[87.42727,23.4533],[87.42545,23.45174],[87.42488,23.44537],[87.42889,23.44669],[87.42925,23.44501],[87.43239,23.44389],[87.42893,23.44133],[87.42944,23.43761],[87.43356,23.4358],[87.43379,23.43812],[87.43693,23.43894],[87.44101,23.43743],[87.44209,23.43572],[87.44256,23.44074],[87.44527,23.44877],[87.44491,23.45337],[87.4457,23.45542],[87.45098,23.45614],[87.45158,23.45766],[87.45314,23.46134],[87.44889,23.46368],[87.44548,23.46765],[87.44319,23.47385],[87.43475,23.47521]]]},"properties":{"District":"Paschim Bardhaman","Dist_LGD":"335N003","Sub_dist":"Kanksa","Subdis_LGD":"2275","Subdis_Typ":"Cd_Block","Vill_name":"Panagar","Vill_Cat":"Rural","Vill_LGD":"318854","arr_project":"banani"}},
{"type":"Feature","geometry":{"type":"Polygon","coordinates":[[[87.38154,23.45085],[87.38086,23.44986],[87.37597,23.45288],[87.37089,23.45278],[87.37349,23.4481],[87.37089,23.44517],[87.3791,23.43938],[87.38403,23.43831],[87.38484,23.44173],[87.38737,23.44375],[87.38154,23.45085]]]},"properties":{"District":"Paschim Bardhaman","Dist_LGD":"335N003","Sub_dist":"Kanksa","Subdis_LGD":"2275","Subdis_Typ":"Cd_Block","Vill_name":"Mobarakganja","Vill_Cat":"Rural","Vill_LGD":"318849","arr_project":"banani"}},
{"type":"Feature","geometry":{"type":"Polygon","coordinates":[[[87.40515,23.43191],[87.40616,23.43492],[87.40813,23.43595],[87.40725,23.44213],[87.40402,23.4417],[87.40005,23.44321],[87.39758,23.44138],[87.39351,23.44202],[87.39061,23.43962],[87.38737,23.44375],[87.38484,23.44173],[87.38403,23.43831],[87.3791,23.43938],[87.39103,23.43398],[87.39599,23.43355],[87.39876,23.43186],[87.40317,23.4309],[87.40692,23.42868],[87.40515,23.43191]]]},"properties":{"District":"Paschim Bardhaman","Dist_LGD":"335N003","Sub_dist":"Kanksa","Subdis_LGD":"2275","Subdis_Typ":"Cd_Block","Vill_name":"Napara","Vill_Cat":"Rural","Vill_LGD":"318850","arr_project":"banani"}},
{"type":"Feature","geometry":{"type":"Polygon","coordinates":[[[87.38313,23.45314],[87.38759,23.45106],[87.38919,23.4452],[87.39237,23.44363],[87.39421,23.44527],[87.39789,23.44227],[87.40019,23.44509],[87.40453,23.44625],[87.4043,23.45102],[87.40648,23.4542],[87.40154,23.45905],[87.39878,23.45995],[87.39443,23.45916],[87.39395,23.45666],[87.38966,23.45511],[87.38754,23.45351],[87.38427,23.4543],[87.38313,23.45314]]]},"properties":{"District":"Paschim Bardhaman","Dist_LGD":"335N003","Sub_dist":"Kanksa","Subdis_LGD":"2275","Subdis_Typ":"Cd_Block","Vill_name":"Natun Gram","Vill_Cat":"Rural","Vill_LGD":"318847","arr_project":"banani"}},
{"type":"Feature","geometry":{"type":"Polygon","coordinates":[[[87.41334,23.48015],[87.40897,23.48048],[87.40296,23.48365],[87.40358,23.48634],[87.40041,23.48835],[87.39948,23.48552],[87.39768,23.48482],[87.39687,23.48179],[87.39746,23.4783],[87.39703,23.47384],[87.39474,23.46618],[87.39239,23.46348],[87.38744,23.4596],[87.39054,23.45667],[87.38966,23.45511],[87.39395,23.45666],[87.39443,23.45916],[87.39878,23.45995],[87.40154,23.45905],[87.40648,23.4542],[87.40502,23.45672],[87.40614,23.45849],[87.40393,23.46674],[87.40711,23.47007],[87.41049,23.47204],[87.41341,23.47955],[87.41454,23.48005],[87.41334,23.48015]]]},"properties":{"District":"Paschim Bardhaman","Dist_LGD":"335N003","Sub_dist":"Kanksa","Subdis_LGD":"2275","Subdis_Typ":"Cd_Block","Vill_name":"Manikara","Vill_Cat":"Rural","Vill_LGD":"318846","arr_project":"banani"}},
{"type":"Feature","geometry":{"type":"Polygon","coordinates":[[[87.3707,23.4649],[87.36877,23.46543],[87.36361,23.46186],[87.36142,23.46119],[87.35785,23.45669],[87.35758,23.45421],[87.35996,23.45118],[87.37089,23.44517],[87.37349,23.4481],[87.37089,23.45278],[87.36958,23.45552],[87.37226,23.45812],[87.37145,23.45972],[87.37288,23.46301],[87.3717,23.46455],[87.3707,23.4649]]]},"properties":{"District":"Paschim Bardhaman","Dist_LGD":"335N003","Sub_dist":"Kanksa","Subdis_LGD":"2275","Subdis_Typ":"Cd_Block","Vill_name":"Babnabera","Vill_Cat":"Rural","Vill_LGD":"318834","arr_project":"banani"}},
{"type":"Feature","geometry":{"type":"Polygon","coordinates":[[[87.36348,23.49133],[87.36346,23.4876],[87.3602,23.48651],[87.35916,23.48189],[87.36181,23.47893],[87.36045,23.47602],[87.36084,23.47275],[87.36358,23.47146],[87.36768,23.46923],[87.3707,23.4649],[87.3717,23.46455],[87.37396,23.47382],[87.38029,23.47721],[87.38094,23.48271],[87.37944,23.48497],[87.37313,23.49083],[87.36876,23.49024],[87.36348,23.49133]]]},"properties":{"District":"Paschim Bardhaman","Dist_LGD":"335N003","Sub_dist":"Kanksa","Subdis_LGD":"2275","Subdis_Typ":"Cd_Block","Vill_name":"Banskopa","Vill_Cat":"Rural","Vill_LGD":"318832","arr_project":"banani"}},
{"type":"Feature","geometry":{"type":"Polygon","coordinates":[[[87.36358,23.47146],[87.36178,23.47043],[87.36083,23.46759],[87.3581,23.46986],[87.35433,23.46946],[87.35235,23.47107],[87.34923,23.47126],[87.34704,23.46665],[87.34435,23.46451],[87.35238,23.45911],[87.35758,23.45421],[87.35785,23.45669],[87.36142,23.46119],[87.36361,23.46186],[87.36877,23.46543],[87.3707,23.4649],[87.36768,23.46923],[87.36358,23.47146]]]},"properties":{"District":"Paschim Bardhaman","Dist_LGD":"335N003","Sub_dist":"Kanksa","Subdis_LGD":"2275","Subdis_Typ":"Cd_Block","Vill_name":"Biharpur","Vill_Cat":"Rural","Vill_LGD":"318833","arr_project":"banani"}},
{"type":"Feature","geometry":{"type":"Polygon","coordinates":[[[87.24713,23.74393],[87.24319,23.74467],[87.23298,23.74102],[87.22921,23.7405],[87.22889,23.73659],[87.22386,23.73067],[87.23061,23.72795],[87.24743,23.72723],[87.24984,23.72778],[87.25141,23.72469],[87.25414,23.72456],[87.25556,23.72717],[87.25138,23.7283],[87.2476,23.73136],[87.24701,23.73427],[87.24754,23.73852],[87.24713,23.74393]]]},"properties":{"District":"Paschim Bardhaman","Dist_LGD":"335N003","Sub_dist":"Pandabeswar","Subdis_LGD":"2273","Subdis_Typ":"Cd_Block","Vill_name":"Kendra Khottadihi (Ct) (Part)","Vill_Cat":"Partly_Urban","Vill_LGD":"318642P","arr_project":"banani"}},
{"type":"Feature","geometry":{"type":"Polygon","coordinates":[[[87.36055,23.52125],[87.36132,23.51779],[87.35676,23.51565],[87.35205,23.5121],[87.35703,23.51085],[87.36033,23.50762],[87.36013,23.50296],[87.36133,23.50027],[87.36069,23.49492],[87.36359,23.49331],[87.36348,23.49133],[87.36876,23.49024],[87.37313,23.49083],[87.37642,23.49627],[87.37809,23.50082],[87.37575,23.50434],[87.37772,23.51041],[87.37676,23.51236],[87.37177,23.51567],[87.3684,23.5149],[87.36635,23.51744],[87.3639,23.5179],[87.36055,23.52125]]]},"properties":{"District":"Paschim Bardhaman","Dist_LGD":"335N003","Sub_dist":"Kanksa","Subdis_LGD":"2275","Subdis_Typ":"Cd_Block","Vill_name":"Bamunara (Ct)","Vill_Cat":"Partly_Urban","Vill_LGD":"318862","arr_project":"banani"}},
{"type":"Feature","geometry":{"type":"Polygon","coordinates":[[[87.41797,23.5145],[87.41712,23.50925],[87.41323,23.5053],[87.41251,23.50166],[87.40825,23.49606],[87.40422,23.49304],[87.40236,23.49364],[87.3989,23.49111],[87.39756,23.48544],[87.39768,23.48482],[87.39948,23.48552],[87.40041,23.48835],[87.40358,23.48634],[87.40296,23.48365],[87.40897,23.48048],[87.41334,23.48015],[87.41282,23.48163],[87.41425,23.48507],[87.41633,23.48584],[87.41797,23.49295],[87.42204,23.49426],[87.42333,23.50007],[87.42146,23.50089],[87.4238,23.51121],[87.42328,23.51196],[87.41982,23.51462],[87.41797,23.5145]]]},"properties":{"District":"Paschim Bardhaman","Dist_LGD":"335N003","Sub_dist":"Kanksa","Subdis_LGD":"2275","Subdis_Typ":"Cd_Block","Vill_name":"Bandra","Vill_Cat":"Rural","Vill_LGD":"318843","arr_project":"banani"}},
{"type":"Feature","geometry":{"type":"Polygon","coordinates":[[[87.43448,23.50909],[87.43279,23.51298],[87.42944,23.5133],[87.42578,23.51141],[87.42328,23.51196],[87.4238,23.51121],[87.42146,23.50089],[87.42333,23.50007],[87.42204,23.49426],[87.42123,23.49053],[87.42531,23.48897],[87.42377,23.48558],[87.42422,23.48375],[87.4284,23.48319],[87.43026,23.48234],[87.43113,23.47878],[87.43475,23.47521],[87.43354,23.47957],[87.43188,23.48111],[87.4328,23.48531],[87.43602,23.48847],[87.43795,23.49459],[87.43898,23.50083],[87.43833,23.50237],[87.43465,23.50309],[87.43558,23.50636],[87.43448,23.50909]]]},"properties":{"District":"Paschim Bardhaman","Dist_LGD":"335N003","Sub_dist":"Kanksa","Subdis_LGD":"2275","Subdis_Typ":"Cd_Block","Vill_name":"Rajkusum","Vill_Cat":"Rural","Vill_LGD":"318841","arr_project":"banani"}},
{"type":"Feature","geometry":{"type":"Polygon","coordinates":[[[87.43795,23.49459],[87.44433,23.49284],[87.44969,23.48682],[87.4527,23.48731],[87.45532,23.49469],[87.45522,23.50089],[87.45331,23.50208],[87.45318,23.50662],[87.45116,23.50584],[87.44829,23.50798],[87.44149,23.50929],[87.43448,23.50909],[87.43558,23.50636],[87.43465,23.50309],[87.43833,23.50237],[87.43898,23.50083],[87.43795,23.49459]]]},"properties":{"District":"Paschim Bardhaman","Dist_LGD":"335N003","Sub_dist":"Kanksa","Subdis_LGD":"2275","Subdis_Typ":"Cd_Block","Vill_name":"Garadaha","Vill_Cat":"Rural","Vill_LGD":"318839","arr_project":"banani"}},
{"type":"Feature","geometry":{"type":"Polygon","coordinates":[[[87.51797,23.58619],[87.51945,23.58878],[87.52464,23.58713],[87.52851,23.5898],[87.5326,23.59893],[87.53377,23.61039],[87.53299,23.61471],[87.53101,23.6188],[87.52635,23.62072],[87.52088,23.6201],[87.51459,23.61836],[87.51181,23.61411],[87.51203,23.61011],[87.5103,23.60658],[87.50767,23.6036],[87.50926,23.60074],[87.50776,23.59879],[87.50774,23.59598],[87.50562,23.59007],[87.50563,23.58816],[87.51327,23.58651],[87.51797,23.58619]]]},"properties":{"District":"Paschim Bardhaman","Dist_LGD":"335N003","Sub_dist":"Kanksa","Subdis_LGD":"2275","Subdis_Typ":"Cd_Block","Vill_name":"Basudha","Vill_Cat":"Rural","Vill_LGD":"318811","arr_project":"banani"}},
{"type":"Feature","geometry":{"type":"Polygon","coordinates":[[[87.50767,23.6036],[87.5023,23.60103],[87.49871,23.60084],[87.49343,23.60398],[87.49124,23.59914],[87.49118,23.59413],[87.49466,23.59291],[87.49931,23.58998],[87.50562,23.59007],[87.50774,23.59598],[87.50776,23.59879],[87.50926,23.60074],[87.50767,23.6036]]]},"properties":{"District":"Paschim Bardhaman","Dist_LGD":"335N003","Sub_dist":"Kanksa","Subdis_LGD":"2275","Subdis_Typ":"Cd_Block","Vill_name":"Satkahania","Vill_Cat":"Rural","Vill_LGD":"318810","arr_project":"banani"}},
{"type":"Feature","geometry":{"type":"Polygon","coordinates":[[[87.51797,23.58619],[87.51327,23.58651],[87.50563,23.58816],[87.50436,23.57906],[87.50219,23.57876],[87.50653,23.57736],[87.50597,23.57426],[87.51021,23.57717],[87.51581,23.58249],[87.51797,23.58619]]]},"properties":{"District":"Paschim Bardhaman","Dist_LGD":"335N003","Sub_dist":"Kanksa","Subdis_LGD":"2275","Subdis_Typ":"Cd_Block","Vill_name":"Radhamohanpur","Vill_Cat":"Rural","Vill_LGD":"318812","arr_project":"banani"}},
{"type":"Feature","geometry":{"type":"Polygon","coordinates":[[[87.50103,23.56743],[87.49632,23.56806],[87.49029,23.56792],[87.48818,23.56953],[87.48882,23.5742],[87.4736,23.57167],[87.47328,23.57055],[87.47238,23.56909],[87.47196,23.5637],[87.47012,23.55824],[87.47048,23.55376],[87.47884,23.55209],[87.4818,23.5537],[87.48538,23.54929],[87.49069,23.54837],[87.48863,23.5501],[87.48746,23.55301],[87.49026,23.5534],[87.49357,23.55661],[87.49433,23.55886],[87.49752,23.55984],[87.50103,23.56743]]]},"properties":{"District":"Paschim Bardhaman","Dist_LGD":"335N003","Sub_dist":"Kanksa","Subdis_LGD":"2275","Subdis_Typ":"Cd_Block","Vill_name":"Raghunathpur","Vill_Cat":"Rural","Vill_LGD":"318815","arr_project":"banani"}},
{"type":"Feature","geometry":{"type":"Polygon","coordinates":[[[87.45058,23.54902],[87.45667,23.55345],[87.45988,23.55688],[87.46221,23.55335],[87.45911,23.55271],[87.45962,23.5498],[87.46191,23.54945],[87.46201,23.55163],[87.46576,23.55416],[87.47048,23.55376],[87.47012,23.55824],[87.47196,23.5637],[87.47238,23.56909],[87.47328,23.57055],[87.46755,23.57076],[87.466,23.5723],[87.46242,23.57271],[87.46241,23.57],[87.45932,23.56962],[87.45683,23.56357],[87.45145,23.55567],[87.44966,23.55149],[87.45058,23.54902]]]},"properties":{"District":"Paschim Bardhaman","Dist_LGD":"335N003","Sub_dist":"Kanksa","Subdis_LGD":"2275","Subdis_Typ":"Cd_Block","Vill_name":"Jamdoba","Vill_Cat":"Rural","Vill_LGD":"318816","arr_project":"banani"}},
{"type":"Feature","geometry":{"type":"Polygon","coordinates":[[[87.44962,23.5362],[87.45457,23.53606],[87.45679,23.53342],[87.46005,23.53326],[87.4628,23.53115],[87.46466,23.53532],[87.46383,23.53848],[87.46424,23.5426],[87.4656,23.54662],[87.46191,23.54945],[87.45962,23.5498],[87.45911,23.55271],[87.46221,23.55335],[87.45988,23.55688],[87.45667,23.55345],[87.45058,23.54902],[87.44915,23.54762],[87.44592,23.5414],[87.44478,23.53727],[87.44962,23.5362]]]},"properties":{"District":"Paschim Bardhaman","Dist_LGD":"335N003","Sub_dist":"Kanksa","Subdis_LGD":"2275","Subdis_Typ":"Cd_Block","Vill_name":"Telipara","Vill_Cat":"Rural","Vill_LGD":"318817","arr_project":"banani"}},
{"type":"Feature","geometry":{"type":"Polygon","coordinates":[[[87.47205,23.53375],[87.47362,23.53722],[87.47281,23.53896],[87.47431,23.5424],[87.47112,23.54567],[87.4656,23.54662],[87.46424,23.5426],[87.46383,23.53848],[87.46466,23.53532],[87.4628,23.53115],[87.46663,23.53172],[87.46956,23.52944],[87.47175,23.52914],[87.47199,23.52675],[87.47765,23.52691],[87.47983,23.52378],[87.48287,23.52515],[87.4791,23.52811],[87.48047,23.53166],[87.47185,23.53226],[87.47205,23.53375]]]},"properties":{"District":"Paschim Bardhaman","Dist_LGD":"335N003","Sub_dist":"Kanksa","Subdis_LGD":"2275","Subdis_Typ":"Cd_Block","Vill_name":"Piariganj","Vill_Cat":"Rural","Vill_LGD":"318858","arr_project":"banani"}},
{"type":"Feature","geometry":{"type":"Polygon","coordinates":[[[87.44349,23.52231],[87.45333,23.51818],[87.4534,23.5154],[87.45527,23.5126],[87.45975,23.51552],[87.46221,23.51351],[87.46325,23.5158],[87.46938,23.5197],[87.47261,23.52356],[87.47028,23.526],[87.46627,23.52734],[87.46663,23.53172],[87.4628,23.53115],[87.46005,23.53326],[87.45679,23.53342],[87.45457,23.53606],[87.44962,23.5362],[87.44757,23.53358],[87.44617,23.52985],[87.44624,23.5261],[87.44349,23.52231]]]},"properties":{"District":"Paschim Bardhaman","Dist_LGD":"335N003","Sub_dist":"Kanksa","Subdis_LGD":"2275","Subdis_Typ":"Cd_Block","Vill_name":"Domra","Vill_Cat":"Rural","Vill_LGD":"318837","arr_project":"banani"}},
{"type":"Feature","geometry":{"type":"Polygon","coordinates":[[[87.43448,23.50909],[87.44149,23.50929],[87.44829,23.50798],[87.45116,23.50584],[87.45318,23.50662],[87.45331,23.50208],[87.45522,23.50089],[87.45539,23.50686],[87.45782,23.50689],[87.45977,23.50368],[87.46202,23.50337],[87.46134,23.49961],[87.46387,23.49863],[87.46344,23.50509],[87.46204,23.51164],[87.46221,23.51351],[87.45975,23.51552],[87.45527,23.5126],[87.4534,23.5154],[87.45333,23.51818],[87.44349,23.52231],[87.43684,23.52322],[87.43441,23.52602],[87.43333,23.52875],[87.43012,23.52876],[87.42808,23.52555],[87.42451,23.52324],[87.42068,23.51971],[87.42141,23.51877],[87.42553,23.51797],[87.42944,23.5133],[87.43279,23.51298],[87.43448,23.50909]]]},"properties":{"District":"Paschim Bardhaman","Dist_LGD":"335N003","Sub_dist":"Kanksa","Subdis_LGD":"2275","Subdis_Typ":"Cd_Block","Vill_name":"Tilakchandrapur","Vill_Cat":"Rural","Vill_LGD":"318838","arr_project":"banani"}},
{"type":"Feature","geometry":{"type":"Polygon","coordinates":[[[87.45522,23.50089],[87.45532,23.49469],[87.4527,23.48731],[87.44969,23.48682],[87.45316,23.48498],[87.45742,23.48835],[87.46318,23.49598],[87.46387,23.49863],[87.46134,23.49961],[87.46202,23.50337],[87.45977,23.50368],[87.45782,23.50689],[87.45539,23.50686],[87.45522,23.50089]]]},"properties":{"District":"Paschim Bardhaman","Dist_LGD":"335N003","Sub_dist":"Kanksa","Subdis_LGD":"2275","Subdis_Typ":"Cd_Block","Vill_name":"Dhobaru","Vill_Cat":"Rural","Vill_LGD":"318859","arr_project":"banani"}},
{"type":"Feature","geometry":{"type":"Polygon","coordinates":[[[87.44395,23.56062],[87.44687,23.56074],[87.44833,23.56585],[87.45041,23.56767],[87.44956,23.56937],[87.44569,23.57016],[87.4419,23.57619],[87.44288,23.57932],[87.44535,23.58251],[87.44361,23.58368],[87.441,23.5811],[87.43468,23.58193],[87.4287,23.59019],[87.42627,23.58988],[87.42976,23.58504],[87.43267,23.57885],[87.43504,23.57633],[87.43557,23.57343],[87.43776,23.57228],[87.43836,23.56679],[87.43754,23.5659],[87.43994,23.56171],[87.44395,23.56062]]]},"properties":{"District":"Paschim Bardhaman","Dist_LGD":"335N003","Sub_dist":"Kanksa","Subdis_LGD":"2275","Subdis_Typ":"Cd_Block","Vill_name":"Chua","Vill_Cat":"Rural","Vill_LGD":"318819","arr_project":"banani"}},
{"type":"Feature","geometry":{"type":"Polygon","coordinates":[[[86.83577,23.78682],[86.83301,23.78794],[86.83123,23.78454],[86.82386,23.77985],[86.82585,23.77668],[86.82534,23.77525],[86.82819,23.76438],[86.82794,23.7527],[86.82609,23.74921],[86.82425,23.748],[86.81354,23.74605],[86.81051,23.73827],[86.80796,23.72946],[86.80843,23.72334],[86.79929,23.7037],[86.79913,23.70124],[86.80265,23.69779],[86.82294,23.68642],[86.82853,23.68426],[86.83974,23.68451],[86.84722,23.68346],[86.85799,23.67475],[86.85812,23.6698],[86.8605,23.66552],[86.86398,23.66169],[86.86929,23.65999],[86.8789,23.65619],[86.88365,23.65637],[86.88946,23.65504],[86.89421,23.65217],[86.89753,23.6476],[86.89768,23.64596],[86.90236,23.63814],[86.90846,23.63244],[86.9122,23.63053],[86.91878,23.62927],[86.93327,23.63151],[86.93835,23.63147],[86.95723,23.63315],[86.96403,23.63],[86.97184,23.62699],[86.97829,23.62863],[86.98673,23.63194],[86.99667,23.6335],[87.00133,23.63159],[87.00882,23.63288],[87.01336,23.63252],[87.01894,23.63014],[87.02165,23.62815],[87.02302,23.62981],[87.02034,23.63265],[87.02078,23.63578],[87.02317,23.63825],[87.02458,23.64149],[87.02354,23.64298],[87.02883,23.65055],[87.02763,23.65251],[87.02813,23.65546],[87.03107,23.65712],[87.02721,23.6603],[87.0253,23.66412],[87.02605,23.66797],[87.03131,23.6673],[87.0345,23.66539],[87.03716,23.66629],[87.0371,23.6687],[87.04134,23.66798],[87.04283,23.66646],[87.04895,23.66465],[87.05006,23.65892],[87.04947,23.65503],[87.04768,23.65236],[87.04934,23.65108],[87.05494,23.65114],[87.06045,23.65223],[87.0602,23.65478],[87.06613,23.65797],[87.07177,23.65687],[87.07471,23.6579],[87.0806,23.65332],[87.08026,23.6512],[87.0823,23.64981],[87.08134,23.64437],[87.08265,23.646],[87.0913,23.64815],[87.09326,23.64551],[87.09268,23.63627],[87.09532,23.63416],[87.09395,23.63209],[87.09231,23.62656],[87.08852,23.62254],[87.09057,23.61994],[87.09607,23.61666],[87.10383,23.616],[87.10531,23.61346],[87.10972,23.61384],[87.10873,23.6037],[87.11036,23.59969],[87.11175,23.59699],[87.11876,23.5953],[87.11979,23.58927],[87.12063,23.59296],[87.12472,23.59052],[87.12502,23.59377],[87.12753,23.59586],[87.13018,23.59319],[87.13576,23.59349],[87.13588,23.59565],[87.132,23.59676],[87.13246,23.59932],[87.13207,23.60312],[87.13043,23.6066],[87.13295,23.60821],[87.13774,23.60846],[87.13793,23.6059],[87.14188,23.60553],[87.14613,23.60746],[87.15177,23.60526],[87.15477,23.60514],[87.15637,23.60922],[87.16046,23.61232],[87.16061,23.61395],[87.15929,23.6159],[87.15617,23.61922],[87.15755,23.62136],[87.15781,23.62493],[87.15611,23.6238],[87.14965,23.62699],[87.14913,23.63006],[87.14607,23.63265],[87.1421,23.63415],[87.13978,23.63123],[87.13097,23.63355],[87.12859,23.63323],[87.12658,23.63639],[87.12859,23.64368],[87.12301,23.64202],[87.12052,23.64586],[87.118,23.64822],[87.1183,23.65513],[87.11833,23.65904],[87.12025,23.66161],[87.12053,23.66586],[87.12643,23.66648],[87.12836,23.66819],[87.12629,23.66863],[87.12477,23.67153],[87.12598,23.67444],[87.12894,23.67573],[87.13056,23.68181],[87.12898,23.68427],[87.12163,23.68253],[87.12136,23.68524],[87.1165,23.69216],[87.11777,23.69771],[87.11332,23.69733],[87.11261,23.69925],[87.11372,23.70315],[87.11127,23.70407],[87.10808,23.71005],[87.10724,23.71395],[87.1106,23.72043],[87.10389,23.72325],[87.09942,23.72705],[87.09609,23.72748],[87.09019,23.72874],[87.08172,23.73195],[87.08126,23.73072],[87.07594,23.72961],[87.07597,23.73317],[87.07225,23.73712],[87.06589,23.73781],[87.06422,23.73875],[87.06724,23.7418],[87.06666,23.74559],[87.06042,23.74696],[87.05544,23.74546],[87.05782,23.74031],[87.05156,23.73534],[87.05048,23.73334],[87.04194,23.73179],[87.03981,23.72995],[87.03826,23.72656],[87.03939,23.72427],[87.03678,23.723],[87.02832,23.71492],[87.02525,23.71358],[87.02501,23.71217],[87.01823,23.7118],[87.01595,23.70917],[87.01236,23.70718],[87.01062,23.70391],[87.00853,23.70659],[87.00581,23.7083],[87.0052,23.71153],[87.0012,23.71265],[87.00352,23.71647],[87.00138,23.72175],[86.99559,23.72241],[86.99367,23.72376],[86.98933,23.72385],[86.98727,23.71962],[86.98415,23.71977],[86.98359,23.72166],[86.98501,23.72422],[86.9834,23.72829],[86.97898,23.73055],[86.97733,23.72605],[86.97546,23.7247],[86.97395,23.72145],[86.9709,23.71976],[86.96056,23.72166],[86.95788,23.72287],[86.95254,23.72308],[86.94921,23.72521],[86.9478,23.72945],[86.9407,23.73272],[86.93674,23.7324],[86.93681,23.73966],[86.9337,23.73909],[86.93026,23.74405],[86.92987,23.74246],[86.92448,23.74061],[86.92293,23.73806],[86.92063,23.73852],[86.91853,23.7367],[86.91913,23.73411],[86.9132,23.73312],[86.9102,23.73143],[86.90524,23.7364],[86.90159,23.74056],[86.89961,23.74092],[86.89405,23.74119],[86.89066,23.74227],[86.88788,23.74668],[86.88668,23.74814],[86.88267,23.74905],[86.87705,23.75435],[86.87819,23.75774],[86.87613,23.75844],[86.87402,23.75853],[86.87242,23.76183],[86.87033,23.77193],[86.8654,23.77423],[86.86099,23.77477],[86.85102,23.77191],[86.84632,23.77644],[86.84417,23.77972],[86.84162,23.78448],[86.83577,23.78682]]]},"properties":{"District":"Paschim Bardhaman","Dist_LGD":"335N003","Sub_dist":"Salanpur","Subdis_LGD":"2268","Subdis_Typ":"Cd_Block","Vill_name":"Asansol (M)","Vill_Cat":"Fully_Urban","Vill_LGD":"801671","arr_project":"banani"}},
{"type":"Feature","geometry":{"type":"Polygon","coordinates":[[[87.44932,23.61254],[87.44332,23.61487],[87.44013,23.61893],[87.43662,23.61362],[87.43785,23.61151],[87.44026,23.61073],[87.44003,23.60808],[87.43636,23.60712],[87.431,23.60745],[87.42716,23.60581],[87.42576,23.60391],[87.42957,23.60163],[87.43279,23.60417],[87.43719,23.60283],[87.44469,23.60549],[87.44608,23.6091],[87.44932,23.61254]]]},"properties":{"District":"Paschim Bardhaman","Dist_LGD":"335N003","Sub_dist":"Kanksa","Subdis_LGD":"2275","Subdis_Typ":"Cd_Block","Vill_name":"Garkilla Kherobari","Vill_Cat":"Rural","Vill_LGD":"318803","arr_project":"banani"}},
{"type":"Feature","geometry":{"type":"Polygon","coordinates":[[[87.43417,23.42122],[87.42948,23.42151],[87.42704,23.42401],[87.42564,23.42023],[87.42017,23.4259],[87.41262,23.42676],[87.41125,23.42931],[87.41558,23.42929],[87.41356,23.43241],[87.41929,23.43413],[87.41812,23.4354],[87.41059,23.43455],[87.40515,23.43191],[87.40692,23.42868],[87.41126,23.42716],[87.41507,23.42459],[87.41953,23.42004],[87.4278,23.41693],[87.43026,23.41434],[87.43459,23.4127],[87.4417,23.40865],[87.44836,23.40221],[87.44939,23.40365],[87.44608,23.40758],[87.44062,23.41022],[87.44212,23.41338],[87.44063,23.41665],[87.44225,23.41928],[87.44091,23.42118],[87.43733,23.41786],[87.43417,23.42122]]]},"properties":{"District":"Paschim Bardhaman","Dist_LGD":"335N003","Sub_dist":"Kanksa","Subdis_LGD":"2275","Subdis_Typ":"Cd_Block","Vill_name":"Ayma Biswanathpur","Vill_Cat":"Rural","Vill_LGD":"318851","arr_project":"banani"}},
{"type":"Feature","geometry":{"type":"Polygon","coordinates":[[[87.41152,23.57872],[87.41284,23.58079],[87.41637,23.58191],[87.41759,23.58759],[87.41657,23.59221],[87.41411,23.59409],[87.4126,23.59177],[87.40915,23.58918],[87.40655,23.58393],[87.40592,23.57983],[87.4084,23.5789],[87.41152,23.57872]]]},"properties":{"District":"Paschim Bardhaman","Dist_LGD":"335N003","Sub_dist":"Kanksa","Subdis_LGD":"2275","Subdis_Typ":"Cd_Block","Vill_name":"Saraswatiganja","Vill_Cat":"Rural","Vill_LGD":"318825","arr_project":"banani"}},
{"type":"Feature","geometry":{"type":"Polygon","coordinates":[[[86.81318,23.82211],[86.81529,23.8262],[86.81492,23.82957],[86.81298,23.83108],[86.81026,23.83529],[86.80613,23.83735],[86.80208,23.83501],[86.80457,23.8332],[86.80787,23.82903],[86.81152,23.82329],[86.81318,23.82211]]]},"properties":{"District":"Paschim Bardhaman","Dist_LGD":"335N003","Sub_dist":"Salanpur","Subdis_LGD":"2268","Subdis_Typ":"Cd_Block","Vill_name":"Ghatkul","Vill_Cat":"Rural","Vill_LGD":"318465","arr_project":"banani"}},
{"type":"Feature","geometry":{"type":"Polygon","coordinates":[[[86.81318,23.82211],[86.81152,23.82329],[86.80787,23.82903],[86.80457,23.8332],[86.80208,23.83501],[86.7994,23.83224],[86.80089,23.82983],[86.80389,23.82968],[86.8076,23.82271],[86.81009,23.82141],[86.80877,23.81852],[86.80768,23.81284],[86.815,23.81],[86.81798,23.80681],[86.82254,23.80381],[86.82508,23.80476],[86.82502,23.80756],[86.82753,23.81194],[86.82721,23.81429],[86.82074,23.81542],[86.81869,23.81779],[86.81551,23.81736],[86.81301,23.82047],[86.81318,23.82211]]]},"properties":{"District":"Paschim Bardhaman","Dist_LGD":"335N003","Sub_dist":"Salanpur","Subdis_LGD":"2268","Subdis_Typ":"Cd_Block","Vill_name":"Gamarkuri","Vill_Cat":"Rural","Vill_LGD":"318466","arr_project":"banani"}},
{"type":"Feature","geometry":{"type":"Polygon","coordinates":[[[87.29541,23.63021],[87.28949,23.62923],[87.28466,23.62982],[87.28413,23.62451],[87.28501,23.62089],[87.28594,23.61821],[87.29351,23.61657],[87.29881,23.61267],[87.30233,23.61215],[87.30634,23.6088],[87.30946,23.60467],[87.31053,23.60783],[87.31094,23.6131],[87.31536,23.61857],[87.3157,23.61973],[87.31286,23.62172],[87.31219,23.62415],[87.30979,23.62634],[87.30549,23.62702],[87.29937,23.6285],[87.29541,23.63021]]]},"properties":{"District":"Paschim Bardhaman","Dist_LGD":"335N003","Sub_dist":"Faridpur Durgapur","Subdis_LGD":"2274","Subdis_Typ":"Cd_Block","Vill_name":"Banshgara","Vill_Cat":"Rural","Vill_LGD":"318753","arr_project":"banani"}},
{"type":"Feature","geometry":{"type":"Polygon","coordinates":[[[87.32978,23.63458],[87.33215,23.63187],[87.33719,23.63083],[87.34085,23.63279],[87.34227,23.63192],[87.34374,23.63745],[87.34475,23.63772],[87.34386,23.64114],[87.34143,23.64313],[87.34125,23.64545],[87.3392,23.65027],[87.33422,23.65228],[87.33124,23.65545],[87.32793,23.65712],[87.32228,23.6581],[87.31773,23.65706],[87.31767,23.65706],[87.31821,23.64855],[87.31668,23.6448],[87.31254,23.64678],[87.31044,23.64356],[87.31599,23.64019],[87.31903,23.64058],[87.32042,23.63871],[87.32471,23.63597],[87.32978,23.63458]]]},"properties":{"District":"Paschim Bardhaman","Dist_LGD":"335N003","Sub_dist":"Faridpur Durgapur","Subdis_LGD":"2274","Subdis_Typ":"Cd_Block","Vill_name":"Jamgara","Vill_Cat":"Rural","Vill_LGD":"318739","arr_project":"banani"}},
{"type":"Feature","geometry":{"type":"Polygon","coordinates":[[[87.24398,23.65284],[87.24137,23.65367],[87.23717,23.65286],[87.2364,23.64626],[87.23485,23.64492],[87.23667,23.64222],[87.23445,23.64008],[87.2348,23.63803],[87.24091,23.63389],[87.23954,23.62903],[87.24222,23.62645],[87.24496,23.6257],[87.25154,23.63028],[87.25267,23.62693],[87.25512,23.62728],[87.25803,23.62757],[87.25749,23.62884],[87.25848,23.63832],[87.2625,23.64382],[87.2648,23.64518],[87.25934,23.6474],[87.25487,23.64848],[87.24845,23.64818],[87.24583,23.64717],[87.24295,23.64784],[87.24398,23.65284]]]},"properties":{"District":"Paschim Bardhaman","Dist_LGD":"335N003","Sub_dist":"Andal","Subdis_LGD":"2272","Subdis_Typ":"Cd_Block","Vill_name":"Ukhra (Ct)","Vill_Cat":"Partly_Urban","Vill_LGD":"318684","arr_project":"banani"}},
{"type":"Feature","geometry":{"type":"Polygon","coordinates":[[[87.25095,23.59926],[87.25485,23.59671],[87.25759,23.59747],[87.26171,23.59674],[87.26487,23.60082],[87.26843,23.60158],[87.27289,23.59919],[87.27623,23.60056],[87.27536,23.60396],[87.26893,23.60645],[87.26723,23.60777],[87.26502,23.61103],[87.26567,23.61362],[87.26274,23.61452],[87.26073,23.61653],[87.25831,23.61718],[87.25597,23.6112],[87.24919,23.61081],[87.24135,23.61327],[87.24046,23.61571],[87.23611,23.61104],[87.23907,23.60886],[87.24072,23.60696],[87.24429,23.60719],[87.24859,23.60471],[87.25386,23.60442],[87.25095,23.59926]]]},"properties":{"District":"Paschim Bardhaman","Dist_LGD":"335N003","Sub_dist":"Faridpur Durgapur","Subdis_LGD":"2274","Subdis_Typ":"Cd_Block","Vill_name":"Golden City (Its)","Vill_Cat":"Fully_Urban","Vill_LGD":"801765N03P","arr_project":"banani"}},
{"type":"Feature","geometry":{"type":"Polygon","coordinates":[[[87.30946,23.60467],[87.30634,23.6088],[87.30233,23.61215],[87.29881,23.61267],[87.29351,23.61657],[87.28594,23.61821],[87.28549,23.61481],[87.28235,23.61381],[87.27996,23.60765],[87.28364,23.60525],[87.28173,23.60276],[87.28402,23.59843],[87.28775,23.60007],[87.29024,23.60467],[87.29385,23.60494],[87.29905,23.60367],[87.30489,23.60036],[87.30747,23.59691],[87.30879,23.60045],[87.31192,23.6019],[87.30946,23.60467]]]},"properties":{"District":"Paschim Bardhaman","Dist_LGD":"335N003","Sub_dist":"Faridpur Durgapur","Subdis_LGD":"2274","Subdis_Typ":"Cd_Block","Vill_name":"Hetedoba","Vill_Cat":"Rural","Vill_LGD":"318758","arr_project":"banani"}},
{"type":"Feature","geometry":{"type":"Polygon","coordinates":[[[87.28043,23.62475],[87.27822,23.62383],[87.27501,23.62651],[87.27109,23.62195],[87.26834,23.62038],[87.27056,23.6181],[87.2771,23.61912],[87.27949,23.61364],[87.28235,23.61381],[87.28549,23.61481],[87.28594,23.61821],[87.28501,23.62089],[87.28291,23.62357],[87.28043,23.62475]]]},"properties":{"District":"Paschim Bardhaman","Dist_LGD":"335N003","Sub_dist":"Faridpur Durgapur","Subdis_LGD":"2274","Subdis_Typ":"Cd_Block","Vill_name":"Chapabandi","Vill_Cat":"Rural","Vill_LGD":"318752","arr_project":"banani"}},
{"type":"Feature","geometry":{"type":"Polygon","coordinates":[[[87.32978,23.63458],[87.32405,23.6251],[87.32605,23.62234],[87.33093,23.62277],[87.3342,23.62199],[87.33765,23.6228],[87.34632,23.6206],[87.34779,23.62066],[87.345,23.62508],[87.34382,23.62962],[87.34227,23.63192],[87.34085,23.63279],[87.33719,23.63083],[87.33215,23.63187],[87.32978,23.63458]]]},"properties":{"District":"Paschim Bardhaman","Dist_LGD":"335N003","Sub_dist":"Faridpur Durgapur","Subdis_LGD":"2274","Subdis_Typ":"Cd_Block","Vill_name":"Kalikapur","Vill_Cat":"Rural","Vill_LGD":"318746","arr_project":"banani"}},
{"type":"Feature","geometry":{"type":"Polygon","coordinates":[[[87.35698,23.6012],[87.35683,23.59115],[87.36031,23.59125],[87.36161,23.58643],[87.36138,23.5843],[87.36373,23.58156],[87.3667,23.58076],[87.36628,23.57819],[87.36848,23.57561],[87.36872,23.57306],[87.37235,23.57136],[87.37357,23.57548],[87.37637,23.57997],[87.37668,23.58542],[87.38002,23.58597],[87.3818,23.58464],[87.38122,23.58787],[87.37836,23.59183],[87.37798,23.59612],[87.37465,23.59673],[87.3674,23.59799],[87.36624,23.60076],[87.36402,23.60247],[87.35993,23.60182],[87.35698,23.6012]]]},"properties":{"District":"Paschim Bardhaman","Dist_LGD":"335N003","Sub_dist":"Faridpur Durgapur","Subdis_LGD":"2274","Subdis_Typ":"Cd_Block","Vill_name":"Dhabani","Vill_Cat":"Rural","Vill_LGD":"318765","arr_project":"banani"}},
{"type":"Feature","geometry":{"type":"Polygon","coordinates":[[[87.35958,23.56552],[87.35696,23.56521],[87.35308,23.56157],[87.34735,23.55948],[87.34745,23.55777],[87.34361,23.55216],[87.35069,23.55398],[87.35706,23.55601],[87.35948,23.56022],[87.35958,23.56552]]]},"properties":{"District":"Paschim Bardhaman","Dist_LGD":"335N003","Sub_dist":"Faridpur Durgapur","Subdis_LGD":"2274","Subdis_Typ":"Cd_Block","Vill_name":"Paranganj","Vill_Cat":"Rural","Vill_LGD":"318767","arr_project":"banani"}},
{"type":"Feature","geometry":{"type":"Polygon","coordinates":[[[87.22594,23.5683],[87.2235,23.56384],[87.22455,23.56197],[87.22457,23.55818],[87.22566,23.55564],[87.22112,23.55093],[87.21769,23.55172],[87.21645,23.55062],[87.21855,23.54942],[87.22324,23.54499],[87.2337,23.53681],[87.23843,23.5314],[87.24254,23.52832],[87.24853,23.51932],[87.25369,23.51585],[87.25676,23.5153],[87.26672,23.51012],[87.27077,23.50699],[87.27472,23.50065],[87.27899,23.49903],[87.28083,23.49719],[87.29391,23.49006],[87.30285,23.48261],[87.31295,23.47758],[87.31577,23.47688],[87.32394,23.4733],[87.33094,23.47143],[87.33671,23.46881],[87.34435,23.46451],[87.34704,23.46665],[87.34923,23.47126],[87.35235,23.47107],[87.35433,23.46946],[87.3581,23.46986],[87.36083,23.46759],[87.36178,23.47043],[87.36358,23.47146],[87.36084,23.47275],[87.36045,23.47602],[87.36181,23.47893],[87.35916,23.48189],[87.3602,23.48651],[87.36346,23.4876],[87.36348,23.49133],[87.36359,23.49331],[87.36069,23.49492],[87.36133,23.50027],[87.36013,23.50296],[87.36033,23.50762],[87.35703,23.51085],[87.35205,23.5121],[87.35676,23.51565],[87.36132,23.51779],[87.36055,23.52125],[87.35428,23.52539],[87.35369,23.5273],[87.35079,23.52771],[87.34802,23.53113],[87.34925,23.53632],[87.35386,23.53601],[87.3539,23.53946],[87.35866,23.54509],[87.35407,23.5467],[87.35475,23.55035],[87.35176,23.55193],[87.35069,23.55398],[87.34361,23.55216],[87.34745,23.55777],[87.34735,23.55948],[87.35308,23.56157],[87.35696,23.56521],[87.35958,23.56552],[87.35729,23.56903],[87.36088,23.57138],[87.36872,23.57306],[87.36848,23.57561],[87.36628,23.57819],[87.3667,23.58076],[87.36373,23.58156],[87.36138,23.5843],[87.36161,23.58643],[87.36031,23.59125],[87.35683,23.59115],[87.35698,23.6012],[87.35516,23.60375],[87.35214,23.60327],[87.34788,23.60448],[87.34221,23.60517],[87.33992,23.60688],[87.33522,23.60853],[87.33237,23.61125],[87.32635,23.61127],[87.32418,23.6152],[87.32027,23.61583],[87.31816,23.61798],[87.31536,23.61857],[87.31094,23.6131],[87.31053,23.60783],[87.30946,23.60467],[87.31192,23.6019],[87.30879,23.60045],[87.30747,23.59691],[87.30489,23.60036],[87.29905,23.60367],[87.29385,23.60494],[87.29024,23.60467],[87.28775,23.60007],[87.28402,23.59843],[87.28195,23.59446],[87.27858,23.59619],[87.2784,23.59907],[87.27623,23.60056],[87.27289,23.59919],[87.26843,23.60158],[87.26487,23.60082],[87.26171,23.59674],[87.25759,23.59747],[87.25485,23.59671],[87.25095,23.59926],[87.24942,23.59467],[87.24658,23.59155],[87.24767,23.5891],[87.25004,23.58806],[87.25641,23.58731],[87.2599,23.58906],[87.25952,23.5857],[87.26173,23.58381],[87.26888,23.5849],[87.28129,23.58204],[87.28477,23.58263],[87.28375,23.5749],[87.28218,23.57432],[87.27442,23.57423],[87.27268,23.57351],[87.26601,23.57615],[87.26434,23.57258],[87.25764,23.56319],[87.25532,23.56313],[87.25933,23.57263],[87.26093,23.57363],[87.25792,23.57789],[87.2503,23.57883],[87.24584,23.5778],[87.24182,23.57554],[87.24005,23.57784],[87.24217,23.58054],[87.24111,23.58233],[87.23796,23.58466],[87.23961,23.5893],[87.23746,23.5902],[87.23736,23.58715],[87.23522,23.58738],[87.23196,23.58401],[87.23507,23.5816],[87.23281,23.5805],[87.2309,23.57733],[87.22835,23.57638],[87.22652,23.57353],[87.2284,23.57157],[87.22594,23.5683]]]},"properties":{"District":"Paschim Bardhaman","Dist_LGD":"335N003","Sub_dist":"Faridpur Durgapur","Subdis_LGD":"2274","Subdis_Typ":"Cd_Block","Vill_name":"Durgapur (M Corp.)","Vill_Cat":"Fully_Urban","Vill_LGD":"801674","arr_project":"banani"}},
{"type":"Feature","geometry":{"type":"Polygon","coordinates":[[[87.16618,23.6797],[87.16207,23.67986],[87.15932,23.6781],[87.15684,23.67826],[87.15388,23.67348],[87.15125,23.67102],[87.14916,23.6657],[87.14902,23.66227],[87.14659,23.6622],[87.14611,23.65903],[87.14795,23.65773],[87.14761,23.65349],[87.14878,23.64985],[87.15388,23.651],[87.15694,23.65576],[87.16278,23.65826],[87.16821,23.65379],[87.17826,23.66168],[87.17823,23.66314],[87.18394,23.66822],[87.1852,23.66947],[87.18618,23.67758],[87.16902,23.67863],[87.16618,23.6797]]]},"properties":{"District":"Paschim Bardhaman","Dist_LGD":"335N003","Sub_dist":"Jamuria","Subdis_LGD":"2270","Subdis_Typ":"Cd_Block","Vill_name":"Kenda (Ct)","Vill_Cat":"Partly_Urban","Vill_LGD":"318640","arr_project":"banani"}},
{"type":"Feature","geometry":{"type":"Polygon","coordinates":[[[87.14648,23.6857],[87.14326,23.68746],[87.13728,23.68837],[87.13351,23.68657],[87.12889,23.68548],[87.12898,23.68427],[87.13056,23.68181],[87.12894,23.67573],[87.12598,23.67444],[87.12477,23.67153],[87.12629,23.66863],[87.12836,23.66819],[87.13036,23.66769],[87.13338,23.6641],[87.13588,23.66958],[87.13959,23.67605],[87.14415,23.6745],[87.14911,23.67395],[87.15125,23.67102],[87.15388,23.67348],[87.15684,23.67826],[87.14903,23.68171],[87.14648,23.6857]]]},"properties":{"District":"Paschim Bardhaman","Dist_LGD":"335N003","Sub_dist":"Jamuria","Subdis_LGD":"2270","Subdis_Typ":"Cd_Block","Vill_name":"Dhasla","Vill_Cat":"Rural","Vill_LGD":"318621","arr_project":"banani"}},
{"type":"Feature","geometry":{"type":"Polygon","coordinates":[[[87.15298,23.75024],[87.14794,23.75331],[87.1416,23.75508],[87.13572,23.75882],[87.13269,23.75647],[87.12976,23.75787],[87.12611,23.75601],[87.12225,23.74543],[87.12298,23.7425],[87.12857,23.73879],[87.13331,23.73637],[87.13859,23.73671],[87.142,23.73135],[87.14207,23.73393],[87.14564,23.74068],[87.14651,23.74379],[87.15133,23.74683],[87.15298,23.75024]]]},"properties":{"District":"Paschim Bardhaman","Dist_LGD":"335N003","Sub_dist":"Jamuria","Subdis_LGD":"2270","Subdis_Typ":"Cd_Block","Vill_name":"Darbardanga","Vill_Cat":"Rural","Vill_LGD":"318613","arr_project":"banani"}},
{"type":"Feature","geometry":{"type":"Polygon","coordinates":[[[87.28278,23.67662],[87.28932,23.67623],[87.28964,23.67928],[87.29128,23.68157],[87.29476,23.68242],[87.29624,23.68404],[87.29641,23.68789],[87.29332,23.68853],[87.29054,23.68724],[87.28695,23.68769],[87.28298,23.68442],[87.28017,23.68244],[87.27904,23.68017],[87.28278,23.67662]]]},"properties":{"District":"Paschim Bardhaman","Dist_LGD":"335N003","Sub_dist":"Faridpur Durgapur","Subdis_LGD":"2274","Subdis_Typ":"Cd_Block","Vill_name":"Narakonda","Vill_Cat":"Rural","Vill_LGD":"318735","arr_project":"banani"}},
{"type":"Feature","geometry":{"type":"Polygon","coordinates":[[[87.28799,23.69689],[87.28589,23.69765],[87.28213,23.69595],[87.27729,23.7],[87.27432,23.70081],[87.27352,23.70326],[87.27081,23.704],[87.26885,23.70218],[87.26628,23.69725],[87.25801,23.69882],[87.25753,23.69475],[87.26057,23.6936],[87.26356,23.69356],[87.26977,23.69134],[87.26908,23.68832],[87.27105,23.68564],[87.26906,23.68376],[87.27098,23.68331],[87.27974,23.68544],[87.28298,23.68442],[87.28695,23.68769],[87.29054,23.68724],[87.29332,23.68853],[87.2937,23.69018],[87.29047,23.69526],[87.28799,23.69689]]]},"properties":{"District":"Paschim Bardhaman","Dist_LGD":"335N003","Sub_dist":"Pandabeswar","Subdis_LGD":"2273","Subdis_Typ":"Cd_Block","Vill_name":"Joalbhanga","Vill_Cat":"Rural","Vill_LGD":"318701","arr_project":"banani"}},
{"type":"Feature","geometry":{"type":"Polygon","coordinates":[[[87.21716,23.66822],[87.21903,23.6621],[87.22157,23.65977],[87.22913,23.65861],[87.23692,23.65669],[87.23564,23.66033],[87.23957,23.6647],[87.24087,23.67225],[87.24036,23.67514],[87.23838,23.67549],[87.23295,23.67521],[87.22794,23.67763],[87.22552,23.67585],[87.22783,23.67245],[87.22447,23.66845],[87.21716,23.66822]]]},"properties":{"District":"Paschim Bardhaman","Dist_LGD":"335N003","Sub_dist":"Pandabeswar","Subdis_LGD":"2273","Subdis_Typ":"Cd_Block","Vill_name":"Sankarpur (Ct)","Vill_Cat":"Partly_Urban","Vill_LGD":"318717","arr_project":"banani"}},
{"type":"Feature","geometry":{"type":"Polygon","coordinates":[[[87.20479,23.6789],[87.20804,23.67674],[87.21334,23.67153],[87.21662,23.67006],[87.21716,23.66822],[87.22447,23.66845],[87.22783,23.67245],[87.22552,23.67585],[87.22794,23.67763],[87.22204,23.68011],[87.21795,23.68256],[87.21453,23.68235],[87.206,23.67973],[87.20479,23.6789]]]},"properties":{"District":"Paschim Bardhaman","Dist_LGD":"335N003","Sub_dist":"Pandabeswar","Subdis_LGD":"2273","Subdis_Typ":"Cd_Block","Vill_name":"Banbahal","Vill_Cat":"Rural","Vill_LGD":"318695","arr_project":"banani"}},
{"type":"Feature","geometry":{"type":"Polygon","coordinates":[[[87.22794,23.67763],[87.23295,23.67521],[87.23838,23.67549],[87.23878,23.67904],[87.23653,23.683],[87.23711,23.68612],[87.23989,23.68715],[87.24014,23.6884],[87.23413,23.69093],[87.23226,23.6898],[87.23138,23.68593],[87.23011,23.68502],[87.22318,23.68488],[87.22204,23.68011],[87.22794,23.67763]]]},"properties":{"District":"Paschim Bardhaman","Dist_LGD":"335N003","Sub_dist":"Pandabeswar","Subdis_LGD":"2273","Subdis_Typ":"Cd_Block","Vill_name":"Hansdiha","Vill_Cat":"Rural","Vill_LGD":"318709","arr_project":"banani"}},
{"type":"Feature","geometry":{"type":"Polygon","coordinates":[[[87.24046,23.61571],[87.24135,23.61327],[87.24919,23.61081],[87.25597,23.6112],[87.25831,23.61718],[87.26073,23.61653],[87.259,23.61994],[87.25421,23.62526],[87.25209,23.62199],[87.24804,23.62045],[87.24634,23.61643],[87.24122,23.61816],[87.24029,23.61617],[87.24046,23.61571]]]},"properties":{"District":"Paschim Bardhaman","Dist_LGD":"335N003","Sub_dist":"Faridpur Durgapur","Subdis_LGD":"2274","Subdis_Typ":"Cd_Block","Vill_name":"Banguri","Vill_Cat":"Partly_Urban","Vill_LGD":"318760","arr_project":"banani"}},
{"type":"Feature","geometry":{"type":"Polygon","coordinates":[[[87.24398,23.65284],[87.24295,23.64784],[87.24583,23.64717],[87.24845,23.64818],[87.25487,23.64848],[87.25934,23.6474],[87.2648,23.64518],[87.26507,23.64715],[87.26265,23.64867],[87.26108,23.65334],[87.25689,23.65692],[87.25675,23.65974],[87.25352,23.66027],[87.25364,23.66205],[87.24948,23.65826],[87.24711,23.65348],[87.24398,23.65284]]]},"properties":{"District":"Paschim Bardhaman","Dist_LGD":"335N003","Sub_dist":"Andal","Subdis_LGD":"2272","Subdis_Typ":"Cd_Block","Vill_name":"Chak Bankola (Ct) (Part)","Vill_Cat":"Partly_Urban","Vill_LGD":"318683","arr_project":"banani"}},
{"type":"Feature","geometry":{"type":"Polygon","coordinates":[[[87.25353,23.66334],[87.25364,23.66205],[87.25352,23.66027],[87.25675,23.65974],[87.26077,23.66233],[87.26654,23.65998],[87.2643,23.65117],[87.26695,23.65072],[87.26774,23.65872],[87.27521,23.65816],[87.27573,23.65656],[87.28093,23.6543],[87.28181,23.65524],[87.2812,23.66097],[87.27709,23.66205],[87.27737,23.66426],[87.27519,23.66666],[87.27645,23.66989],[87.27583,23.6725],[87.2789,23.67503],[87.28278,23.67662],[87.27904,23.68017],[87.28017,23.68244],[87.28298,23.68442],[87.27974,23.68544],[87.27098,23.68331],[87.26906,23.68376],[87.26426,23.68329],[87.26076,23.68149],[87.26077,23.68644],[87.25659,23.68888],[87.25549,23.68585],[87.25315,23.68304],[87.2507,23.68187],[87.25049,23.67953],[87.25897,23.67472],[87.25691,23.6712],[87.25718,23.66668],[87.25498,23.66638],[87.25353,23.66334]]]},"properties":{"District":"Paschim Bardhaman","Dist_LGD":"335N003","Sub_dist":"Pandabeswar","Subdis_LGD":"2273","Subdis_Typ":"Cd_Block","Vill_name":"Kumardihi(Ct)","Vill_Cat":"Partly_Urban","Vill_LGD":"318715","arr_project":"banani"}},
{"type":"Feature","geometry":{"type":"Polygon","coordinates":[[[87.27757,23.64717],[87.27388,23.64735],[87.26686,23.64876],[87.26507,23.64715],[87.2648,23.64518],[87.2625,23.64382],[87.25848,23.63832],[87.25749,23.62884],[87.25803,23.62757],[87.26337,23.62324],[87.26775,23.62143],[87.26801,23.62613],[87.26522,23.62729],[87.26786,23.63055],[87.27398,23.62737],[87.27543,23.62837],[87.27994,23.62686],[87.28043,23.62475],[87.28291,23.62357],[87.28501,23.62089],[87.28413,23.62451],[87.28466,23.62982],[87.28327,23.63397],[87.28442,23.63715],[87.28576,23.63966],[87.278,23.64239],[87.27757,23.64717]]]},"properties":{"District":"Paschim Bardhaman","Dist_LGD":"335N003","Sub_dist":"Faridpur Durgapur","Subdis_LGD":"2274","Subdis_Typ":"Cd_Block","Vill_name":"Sarpi (Ct)","Vill_Cat":"Partly_Urban","Vill_LGD":"318776","arr_project":"banani"}},
{"type":"Feature","geometry":{"type":"Polygon","coordinates":[[[87.24551,23.70687],[87.24315,23.70561],[87.24199,23.70768],[87.23508,23.7068],[87.23202,23.70724],[87.22824,23.70714],[87.22772,23.70447],[87.22307,23.70128],[87.2232,23.69939],[87.22758,23.69658],[87.22669,23.69321],[87.21727,23.68475],[87.21795,23.68256],[87.22204,23.68011],[87.22318,23.68488],[87.23011,23.68502],[87.23138,23.68593],[87.23226,23.6898],[87.23413,23.69093],[87.24014,23.6884],[87.2391,23.69224],[87.2443,23.69488],[87.25328,23.69532],[87.25753,23.69475],[87.25801,23.69882],[87.25166,23.69909],[87.24837,23.70299],[87.24817,23.70554],[87.24551,23.70687]]]},"properties":{"District":"Paschim Bardhaman","Dist_LGD":"335N003","Sub_dist":"Pandabeswar","Subdis_LGD":"2273","Subdis_Typ":"Cd_Block","Vill_name":"Sonpur","Vill_Cat":"Rural","Vill_LGD":"318706","arr_project":"banani"}},
{"type":"Feature","geometry":{"type":"Polygon","coordinates":[[[87.20901,23.70116],[87.20377,23.70194],[87.20329,23.70376],[87.19418,23.70194],[87.19226,23.69965],[87.19078,23.69402],[87.19157,23.69017],[87.19209,23.68736],[87.20366,23.69376],[87.20566,23.69533],[87.20901,23.70116]]]},"properties":{"District":"Paschim Bardhaman","Dist_LGD":"335N003","Sub_dist":"Jamuria","Subdis_LGD":"2270","Subdis_Typ":"Cd_Block","Vill_name":"Dahuka","Vill_Cat":"Rural","Vill_LGD":"318630","arr_project":"banani"}},
{"type":"Feature","geometry":{"type":"Polygon","coordinates":[[[87.24029,23.61617],[87.23726,23.61799],[87.23109,23.62016],[87.23045,23.62535],[87.22881,23.62552],[87.22771,23.62098],[87.22365,23.62124],[87.21835,23.62265],[87.21655,23.6242],[87.21683,23.62146],[87.21472,23.62073],[87.21439,23.61701],[87.21025,23.61707],[87.20898,23.61844],[87.20608,23.61531],[87.20505,23.61049],[87.20044,23.60612],[87.19784,23.60526],[87.19739,23.60326],[87.2004,23.60138],[87.20064,23.59898],[87.19413,23.59863],[87.20021,23.59782],[87.21375,23.59797],[87.2124,23.59411],[87.21242,23.59149],[87.20658,23.59047],[87.20402,23.58818],[87.20393,23.58543],[87.20532,23.58183],[87.2029,23.57914],[87.19734,23.57568],[87.19863,23.573],[87.19799,23.57055],[87.20958,23.5705],[87.21459,23.56784],[87.21623,23.56472],[87.22136,23.56722],[87.22299,23.56939],[87.22381,23.5719],[87.22306,23.57579],[87.22325,23.58017],[87.22544,23.58071],[87.22839,23.58384],[87.22955,23.58745],[87.23501,23.5887],[87.23522,23.58738],[87.23736,23.58715],[87.23746,23.5902],[87.23735,23.5931],[87.24044,23.59873],[87.24092,23.60183],[87.23847,23.60355],[87.23907,23.60886],[87.23611,23.61104],[87.24046,23.61571],[87.24029,23.61617]]]},"properties":{"District":"Paschim Bardhaman","Dist_LGD":"335N003","Sub_dist":"Andal","Subdis_LGD":"2272","Subdis_Typ":"Cd_Block","Vill_name":"Golden City (Its)","Vill_Cat":"Fully_Urban","Vill_LGD":"335N003","arr_project":"banani"}},
{"type":"Feature","geometry":{"type":"Polygon","coordinates":[[[87.20208,23.64282],[87.20133,23.64559],[87.20014,23.64599],[87.19458,23.65225],[87.19368,23.65486],[87.1874,23.6545],[87.18187,23.65716],[87.17769,23.6562],[87.17688,23.65019],[87.17328,23.64859],[87.17252,23.64681],[87.17384,23.6421],[87.17453,23.64054],[87.17208,23.63485],[87.17608,23.63386],[87.17782,23.63492],[87.1833,23.63459],[87.19005,23.62987],[87.19102,23.63156],[87.19334,23.63372],[87.19546,23.63637],[87.20208,23.64282]]]},"properties":{"District":"Paschim Bardhaman","Dist_LGD":"335N003","Sub_dist":"Pandabeswar","Subdis_LGD":"2273","Subdis_Typ":"Cd_Block","Vill_name":"Parascole (Ct) (Part)","Vill_Cat":"Partly_Urban","Vill_LGD":"318687P","arr_project":"banani"}},
{"type":"Feature","geometry":{"type":"Polygon","coordinates":[[[87.21767,23.64487],[87.21393,23.64414],[87.20914,23.64523],[87.20133,23.64559],[87.20208,23.64282],[87.20102,23.63987],[87.20402,23.63583],[87.20888,23.635],[87.21295,23.63578],[87.21365,23.63706],[87.21905,23.64036],[87.21903,23.64363],[87.21767,23.64487]]]},"properties":{"District":"Paschim Bardhaman","Dist_LGD":"335N003","Sub_dist":"Andal","Subdis_LGD":"2272","Subdis_Typ":"Cd_Block","Vill_name":"Mukundapur","Vill_Cat":"Rural","Vill_LGD":"318668","arr_project":"banani"}},
{"type":"Feature","geometry":{"type":"Polygon","coordinates":[[[87.20833,23.68799],[87.20366,23.69376],[87.19209,23.68736],[87.19157,23.69017],[87.1887,23.68674],[87.18659,23.68155],[87.18618,23.67758],[87.20088,23.6775],[87.20479,23.6789],[87.20833,23.68799]]]},"properties":{"District":"Paschim Bardhaman","Dist_LGD":"335N003","Sub_dist":"Pandabeswar","Subdis_LGD":"2273","Subdis_Typ":"Cd_Block","Vill_name":"Haripur (Ct)","Vill_Cat":"Partly_Urban","Vill_LGD":"318718","arr_project":"banani"}},
{"type":"Feature","geometry":{"type":"Polygon","coordinates":[[[87.22824,23.70714],[87.22493,23.70831],[87.22101,23.70676],[87.2168,23.70702],[87.21142,23.70952],[87.21265,23.7082],[87.21162,23.70495],[87.20901,23.70116],[87.20566,23.69533],[87.20366,23.69376],[87.20833,23.68799],[87.21194,23.68929],[87.21727,23.68475],[87.22669,23.69321],[87.22758,23.69658],[87.2232,23.69939],[87.22307,23.70128],[87.22772,23.70447],[87.22824,23.70714]]]},"properties":{"District":"Paschim Bardhaman","Dist_LGD":"335N003","Sub_dist":"Pandabeswar","Subdis_LGD":"2273","Subdis_Typ":"Cd_Block","Vill_name":"Bajari","Vill_Cat":"Rural","Vill_LGD":"318707","arr_project":"banani"}},
{"type":"Feature","geometry":{"type":"Polygon","coordinates":[[[87.18566,23.71993],[87.18103,23.72109],[87.18202,23.71594],[87.18179,23.71029],[87.17946,23.70686],[87.17599,23.70896],[87.17664,23.7083],[87.17591,23.70257],[87.17393,23.69651],[87.17217,23.69451],[87.17883,23.69234],[87.18061,23.6908],[87.18082,23.6866],[87.1827,23.68246],[87.18516,23.67999],[87.18659,23.68155],[87.1887,23.68674],[87.19157,23.69017],[87.19078,23.69402],[87.19226,23.69965],[87.19418,23.70194],[87.20329,23.70376],[87.20377,23.70194],[87.20901,23.70116],[87.21162,23.70495],[87.21265,23.7082],[87.21142,23.70952],[87.20884,23.71199],[87.2077,23.71095],[87.20278,23.71145],[87.2009,23.71338],[87.19692,23.71343],[87.19389,23.71779],[87.18566,23.71993]]]},"properties":{"District":"Paschim Bardhaman","Dist_LGD":"335N003","Sub_dist":"Jamuria","Subdis_LGD":"2270","Subdis_Typ":"Cd_Block","Vill_name":"Chinchuria","Vill_Cat":"Rural","Vill_LGD":"318639","arr_project":"banani"}},
{"type":"Feature","geometry":{"type":"Polygon","coordinates":[[[87.23061,23.72795],[87.22386,23.73067],[87.21411,23.73046],[87.21211,23.73015],[87.20575,23.72552],[87.20511,23.72088],[87.20884,23.71199],[87.21142,23.70952],[87.2168,23.70702],[87.22101,23.70676],[87.22493,23.70831],[87.22824,23.70714],[87.23202,23.70724],[87.23126,23.71029],[87.22888,23.71341],[87.22826,23.72016],[87.23061,23.72795]]]},"properties":{"District":"Paschim Bardhaman","Dist_LGD":"335N003","Sub_dist":"Jamuria","Subdis_LGD":"2270","Subdis_Typ":"Cd_Block","Vill_name":"Kendra Khottadihi (Ct) (Part)","Vill_Cat":"Partly_Urban","Vill_LGD":"318642","arr_project":"banani"}},
{"type":"Feature","geometry":{"type":"Polygon","coordinates":[[[86.97857,23.75545],[86.97878,23.75283],[86.98137,23.7501],[86.98541,23.75381],[86.98812,23.75328],[86.98851,23.75596],[86.99143,23.75844],[86.99248,23.76128],[86.99239,23.76321],[86.98803,23.76474],[86.98466,23.76113],[86.97964,23.75774],[86.97857,23.75545]]]},"properties":{"District":"Paschim Bardhaman","Dist_LGD":"335N003","Sub_dist":"Barabani","Subdis_LGD":"2269","Subdis_Typ":"Cd_Block","Vill_name":"Panifala","Vill_Cat":"Rural","Vill_LGD":"318570","arr_project":"banani"}},
{"type":"Feature","geometry":{"type":"Polygon","coordinates":[[[87.00822,23.7328],[87.01194,23.73065],[87.015,23.72648],[87.02284,23.72353],[87.02313,23.71937],[87.0246,23.71621],[87.02628,23.71659],[87.0287,23.7234],[87.02827,23.72658],[87.0297,23.72821],[87.03051,23.73396],[87.0303,23.73933],[87.02782,23.74224],[87.02267,23.74468],[87.01896,23.74308],[87.01453,23.74051],[87.00977,23.74087],[87.0087,23.73862],[87.00822,23.7328]]]},"properties":{"District":"Paschim Bardhaman","Dist_LGD":"335N003","Sub_dist":"Barabani","Subdis_LGD":"2269","Subdis_Typ":"Cd_Block","Vill_name":"Bhanora (Ct)","Vill_Cat":"Partly_Urban","Vill_LGD":"318589","arr_project":"banani"}},
{"type":"Feature","geometry":{"type":"Polygon","coordinates":[[[86.98229,23.74945],[86.99067,23.75073],[86.99276,23.75333],[86.9947,23.75329],[86.99837,23.75569],[86.99722,23.75964],[86.99248,23.76128],[86.99143,23.75844],[86.98851,23.75596],[86.98812,23.75328],[86.98541,23.75381],[86.98137,23.7501],[86.98229,23.74945]]]},"properties":{"District":"Paschim Bardhaman","Dist_LGD":"335N003","Sub_dist":"Barabani","Subdis_LGD":"2269","Subdis_Typ":"Cd_Block","Vill_name":"Karrabaid","Vill_Cat":"Rural","Vill_LGD":"318571","arr_project":"banani"}},
{"type":"Feature","geometry":{"type":"Polygon","coordinates":[[[87.06792,23.80646],[87.07312,23.81496],[87.06521,23.81672],[87.05969,23.81965],[87.05572,23.81234],[87.05076,23.81113],[87.04738,23.81222],[87.0476,23.80744],[87.05145,23.80577],[87.05311,23.80099],[87.05795,23.80011],[87.06043,23.80214],[87.06792,23.80646]]]},"properties":{"District":"Paschim Bardhaman","Dist_LGD":"335N003","Sub_dist":"Jamuria","Subdis_LGD":"2270","Subdis_Typ":"Cd_Block","Vill_name":"Andharia","Vill_Cat":"Rural","Vill_LGD":"318593","arr_project":"banani"}},
{"type":"Feature","geometry":{"type":"Polygon","coordinates":[[[86.97749,23.78146],[86.97976,23.78021],[86.98047,23.78238],[86.98327,23.78537],[86.98241,23.78696],[86.9811,23.7874],[86.97825,23.78962],[86.9737,23.78854],[86.97318,23.78577],[86.97816,23.78512],[86.97749,23.78146]]]},"properties":{"District":"Paschim Bardhaman","Dist_LGD":"335N003","Sub_dist":"Barabani","Subdis_LGD":"2269","Subdis_Typ":"Cd_Block","Vill_name":"Itapora","Vill_Cat":"Rural","Vill_LGD":"318561","arr_project":"banani"}},
{"type":"Feature","geometry":{"type":"Polygon","coordinates":[[[86.95519,23.80534],[86.95909,23.79976],[86.96006,23.79457],[86.96642,23.79362],[86.97089,23.79391],[86.97379,23.79234],[86.9729,23.79643],[86.97547,23.79754],[86.97394,23.80161],[86.97455,23.80628],[86.96866,23.81188],[86.96798,23.81496],[86.96441,23.81572],[86.96394,23.81139],[86.96168,23.81107],[86.95949,23.80802],[86.95519,23.80534]]]},"properties":{"District":"Paschim Bardhaman","Dist_LGD":"335N003","Sub_dist":"Barabani","Subdis_LGD":"2269","Subdis_Typ":"Cd_Block","Vill_name":"Bardang","Vill_Cat":"Rural","Vill_LGD":"318547","arr_project":"banani"}},
{"type":"Feature","geometry":{"type":"Polygon","coordinates":[[[86.99734,23.83864],[86.99629,23.83791],[87.00308,23.83226],[87.00482,23.82942],[87.00924,23.83079],[87.01293,23.83468],[87.01376,23.83728],[87.01743,23.83822],[87.01307,23.84131],[87.00848,23.84289],[87.0029,23.84399],[86.99969,23.83778],[86.99734,23.83864]]]},"properties":{"District":"Paschim Bardhaman","Dist_LGD":"335N003","Sub_dist":"Barabani","Subdis_LGD":"2269","Subdis_Typ":"Cd_Block","Vill_name":"Hossainpur","Vill_Cat":"Rural","Vill_LGD":"318551","arr_project":"banani"}},
{"type":"Feature","geometry":{"type":"Polygon","coordinates":[[[86.94336,23.74755],[86.94044,23.74832],[86.93808,23.74683],[86.93172,23.74588],[86.93026,23.74405],[86.9337,23.73909],[86.93681,23.73966],[86.93847,23.74008],[86.9437,23.74502],[86.94336,23.74755]]]},"properties":{"District":"Paschim Bardhaman","Dist_LGD":"335N003","Sub_dist":"Salanpur","Subdis_LGD":"2268","Subdis_Typ":"Cd_Block","Vill_name":"Angaria","Vill_Cat":"Rural","Vill_LGD":"318538","arr_project":"banani"}},
{"type":"Feature","geometry":{"type":"Polygon","coordinates":[[[86.95788,23.72287],[86.96056,23.72166],[86.9709,23.71976],[86.97395,23.72145],[86.97546,23.7247],[86.97733,23.72605],[86.97898,23.73055],[86.9756,23.73241],[86.96958,23.73391],[86.96484,23.73448],[86.96268,23.73565],[86.95898,23.73229],[86.95984,23.72854],[86.95946,23.72438],[86.95788,23.72287]]]},"properties":{"District":"Paschim Bardhaman","Dist_LGD":"335N003","Sub_dist":"Barabani","Subdis_LGD":"2269","Subdis_Typ":"Cd_Block","Vill_name":"Monohar Bahal (B)","Vill_Cat":"Rural","Vill_LGD":"318586","arr_project":"banani"}},
{"type":"Feature","geometry":{"type":"Polygon","coordinates":[[[87.00822,23.7328],[87.00338,23.73227],[86.99906,23.73405],[86.99648,23.73251],[86.9943,23.7343],[86.98525,23.7338],[86.98479,23.73037],[86.9834,23.72829],[86.98501,23.72422],[86.98359,23.72166],[86.98415,23.71977],[86.98727,23.71962],[86.98933,23.72385],[86.99367,23.72376],[86.99559,23.72241],[87.00138,23.72175],[87.00352,23.71647],[87.0012,23.71265],[87.0052,23.71153],[87.00581,23.7083],[87.00853,23.70659],[87.01062,23.70391],[87.01236,23.70718],[87.01595,23.70917],[87.01823,23.7118],[87.02501,23.71217],[87.02525,23.71358],[87.0246,23.71621],[87.02313,23.71937],[87.02284,23.72353],[87.015,23.72648],[87.01194,23.73065],[87.00822,23.7328]]]},"properties":{"District":"Paschim Bardhaman","Dist_LGD":"335N003","Sub_dist":"Barabani","Subdis_LGD":"2269","Subdis_Typ":"Cd_Block","Vill_name":"Majiara (Ct)","Vill_Cat":"Partly_Urban","Vill_LGD":"318590","arr_project":"banani"}},
{"type":"Feature","geometry":{"type":"Polygon","coordinates":[[[87.08743,23.60502],[87.08453,23.60598],[87.0814,23.60527],[87.07747,23.60687],[87.07473,23.61089],[87.07311,23.61176],[87.06978,23.60881],[87.06685,23.60505],[87.07135,23.60172],[87.0796,23.59851],[87.08208,23.59866],[87.08871,23.59663],[87.09345,23.594],[87.09428,23.59752],[87.09324,23.59989],[87.08743,23.60502]]]},"properties":{"District":"Paschim Bardhaman","Dist_LGD":"335N003","Sub_dist":"Raniganj","Subdis_LGD":"2271","Subdis_Typ":"Cd_Block","Vill_name":"Damalia","Vill_Cat":"Rural","Vill_LGD":"318648","arr_project":"banani"}},
{"type":"Feature","geometry":{"type":"Polygon","coordinates":[[[87.17608,23.63386],[87.17208,23.63485],[87.17453,23.64054],[87.17384,23.6421],[87.16869,23.63991],[87.16403,23.63941],[87.15949,23.63674],[87.15779,23.63489],[87.15757,23.6341],[87.16066,23.63009],[87.15781,23.62493],[87.15755,23.62136],[87.15617,23.61922],[87.15929,23.6159],[87.16213,23.62094],[87.17029,23.62465],[87.17375,23.62518],[87.17511,23.63211],[87.17608,23.63386]]]},"properties":{"District":"Paschim Bardhaman","Dist_LGD":"335N003","Sub_dist":"Andal","Subdis_LGD":"2272","Subdis_Typ":"Cd_Block","Vill_name":"Dhandadihi","Vill_Cat":"Rural","Vill_LGD":"318671","arr_project":"banani"}},
{"type":"Feature","geometry":{"type":"Polygon","coordinates":[[[86.82386,23.77985],[86.83123,23.78454],[86.83301,23.78794],[86.83577,23.78682],[86.83793,23.78759],[86.84058,23.7906],[86.83958,23.79639],[86.84068,23.7998],[86.83148,23.80205],[86.82917,23.79902],[86.82684,23.80085],[86.82552,23.79749],[86.82327,23.79579],[86.81685,23.78879],[86.82386,23.77985]]]},"properties":{"District":"Paschim Bardhaman","Dist_LGD":"335N003","Sub_dist":"Salanpur","Subdis_LGD":"2268","Subdis_Typ":"Cd_Block","Vill_name":"Hadla","Vill_Cat":"Rural","Vill_LGD":"318487","arr_project":"banani"}},
{"type":"Feature","geometry":{"type":"Polygon","coordinates":[[[86.84417,23.77972],[86.84739,23.77857],[86.85186,23.77952],[86.8525,23.78489],[86.85131,23.78667],[86.8473,23.78972],[86.84298,23.79121],[86.84058,23.7906],[86.83793,23.78759],[86.83577,23.78682],[86.84162,23.78448],[86.84417,23.77972]]]},"properties":{"District":"Paschim Bardhaman","Dist_LGD":"335N003","Sub_dist":"Salanpur","Subdis_LGD":"2268","Subdis_Typ":"Cd_Block","Vill_name":"Maheshpur","Vill_Cat":"Rural","Vill_LGD":"318488","arr_project":"banani"}},
{"type":"Feature","geometry":{"type":"Polygon","coordinates":[[[86.86045,23.81161],[86.86565,23.81026],[86.87493,23.80897],[86.87598,23.80811],[86.87459,23.81254],[86.8756,23.81573],[86.87046,23.817],[86.86188,23.81767],[86.86045,23.81161]]]},"properties":{"District":"Paschim Bardhaman","Dist_LGD":"335N003","Sub_dist":"Salanpur","Subdis_LGD":"2268","Subdis_Typ":"Cd_Block","Vill_name":"Muchidi","Vill_Cat":"Rural","Vill_LGD":"318478","arr_project":"banani"}},
{"type":"Feature","geometry":{"type":"Polygon","coordinates":[[[86.92358,23.83185],[86.93097,23.82685],[86.93344,23.82928],[86.93784,23.83126],[86.93878,23.8321],[86.9325,23.83429],[86.92852,23.83802],[86.92712,23.84092],[86.92652,23.83969],[86.92206,23.83835],[86.92203,23.83504],[86.92358,23.83185]]]},"properties":{"District":"Paschim Bardhaman","Dist_LGD":"335N003","Sub_dist":"Salanpur","Subdis_LGD":"2268","Subdis_Typ":"Cd_Block","Vill_name":"Uttar Rampur","Vill_Cat":"Rural","Vill_LGD":"318504","arr_project":"banani"}},
{"type":"Feature","geometry":{"type":"Polygon","coordinates":[[[86.91867,23.82166],[86.92006,23.81815],[86.92207,23.81592],[86.9221,23.81219],[86.92302,23.81269],[86.92597,23.81424],[86.9291,23.81903],[86.93097,23.82685],[86.92358,23.83185],[86.92096,23.82579],[86.92082,23.82332],[86.91867,23.82166]]]},"properties":{"District":"Paschim Bardhaman","Dist_LGD":"335N003","Sub_dist":"Salanpur","Subdis_LGD":"2268","Subdis_Typ":"Cd_Block","Vill_name":"Kalisanko","Vill_Cat":"Rural","Vill_LGD":"318509","arr_project":"banani"}},
{"type":"Feature","geometry":{"type":"Polygon","coordinates":[[[86.9458,23.81712],[86.94742,23.80996],[86.94958,23.80701],[86.95268,23.80528],[86.95519,23.80534],[86.95949,23.80802],[86.96168,23.81107],[86.96394,23.81139],[86.96441,23.81572],[86.96501,23.81754],[86.96324,23.82225],[86.96219,23.82262],[86.95867,23.82793],[86.95202,23.82473],[86.95034,23.82255],[86.94789,23.82339],[86.94673,23.81881],[86.9458,23.81712]]]},"properties":{"District":"Paschim Bardhaman","Dist_LGD":"335N003","Sub_dist":"Barabani","Subdis_LGD":"2269","Subdis_Typ":"Cd_Block","Vill_name":"Chhotkar","Vill_Cat":"Rural","Vill_LGD":"318545","arr_project":"banani"}},
{"type":"Feature","geometry":{"type":"Polygon","coordinates":[[[86.9397,23.80145],[86.93891,23.79763],[86.94095,23.7952],[86.94213,23.79274],[86.94539,23.79227],[86.94774,23.79374],[86.95006,23.7932],[86.95275,23.79245],[86.96006,23.79457],[86.95909,23.79976],[86.95519,23.80534],[86.95268,23.80528],[86.94958,23.80701],[86.94902,23.8052],[86.94183,23.80398],[86.9397,23.80145]]]},"properties":{"District":"Paschim Bardhaman","Dist_LGD":"335N003","Sub_dist":"Barabani","Subdis_LGD":"2269","Subdis_Typ":"Cd_Block","Vill_name":"Khayerbaid","Vill_Cat":"Rural","Vill_LGD":"318546","arr_project":"banani"}},
{"type":"Feature","geometry":{"type":"Polygon","coordinates":[[[86.91269,23.82164],[86.90969,23.82321],[86.9064,23.81963],[86.90547,23.81628],[86.90577,23.81342],[86.90805,23.81024],[86.9088,23.81021],[86.9109,23.81192],[86.9153,23.81723],[86.91581,23.81992],[86.91269,23.82164]]]},"properties":{"District":"Paschim Bardhaman","Dist_LGD":"335N003","Sub_dist":"Salanpur","Subdis_LGD":"2268","Subdis_Typ":"Cd_Block","Vill_name":"Kusumkanali","Vill_Cat":"Rural","Vill_LGD":"318502","arr_project":"banani"}},
{"type":"Feature","geometry":{"type":"Polygon","coordinates":[[[86.92206,23.83835],[86.91893,23.83796],[86.91775,23.83605],[86.9151,23.83514],[86.91124,23.82897],[86.91269,23.82164],[86.91581,23.81992],[86.91867,23.82166],[86.92082,23.82332],[86.92096,23.82579],[86.92358,23.83185],[86.92203,23.83504],[86.92206,23.83835]]]},"properties":{"District":"Paschim Bardhaman","Dist_LGD":"335N003","Sub_dist":"Salanpur","Subdis_LGD":"2268","Subdis_Typ":"Cd_Block","Vill_name":"Ghiadoba","Vill_Cat":"Rural","Vill_LGD":"318503","arr_project":"banani"}},
{"type":"Feature","geometry":{"type":"Polygon","coordinates":[[[86.90204,23.7876],[86.90684,23.78775],[86.90851,23.78662],[86.91495,23.78826],[86.91832,23.78973],[86.91994,23.79375],[86.92298,23.79547],[86.92191,23.79961],[86.91953,23.80268],[86.91844,23.80864],[86.9158,23.80638],[86.9129,23.80498],[86.91215,23.80318],[86.91006,23.79946],[86.90603,23.79785],[86.90903,23.79597],[86.90252,23.79006],[86.90204,23.7876]]]},"properties":{"District":"Paschim Bardhaman","Dist_LGD":"335N003","Sub_dist":"Salanpur","Subdis_LGD":"2268","Subdis_Typ":"Cd_Block","Vill_name":"Dabar","Vill_Cat":"Rural","Vill_LGD":"318518","arr_project":"banani"}},
{"type":"Feature","geometry":{"type":"Polygon","coordinates":[[[86.87692,23.78079],[86.87926,23.7812],[86.88268,23.77943],[86.88248,23.7825],[86.88823,23.78475],[86.89002,23.78353],[86.89186,23.78383],[86.89311,23.78648],[86.89219,23.78935],[86.88398,23.79175],[86.88525,23.79447],[86.88381,23.79433],[86.88192,23.7946],[86.87683,23.78994],[86.87692,23.78079]]]},"properties":{"District":"Paschim Bardhaman","Dist_LGD":"335N003","Sub_dist":"Salanpur","Subdis_LGD":"2268","Subdis_Typ":"Cd_Block","Vill_name":"Basudebpur","Vill_Cat":"Rural","Vill_LGD":"318495","arr_project":"banani"}},
{"type":"Feature","geometry":{"type":"Polygon","coordinates":[[[86.91844,23.80864],[86.91953,23.80268],[86.92191,23.79961],[86.92298,23.79547],[86.92459,23.7945],[86.92932,23.79404],[86.93121,23.79256],[86.93256,23.79715],[86.93227,23.80184],[86.93194,23.80363],[86.92253,23.81178],[86.92302,23.81269],[86.9221,23.81219],[86.91844,23.80864]]]},"properties":{"District":"Paschim Bardhaman","Dist_LGD":"335N003","Sub_dist":"Salanpur","Subdis_LGD":"2268","Subdis_Typ":"Cd_Block","Vill_name":"Manahara","Vill_Cat":"Rural","Vill_LGD":"318514","arr_project":"banani"}},
{"type":"Feature","geometry":{"type":"Polygon","coordinates":[[[86.90018,23.77464],[86.903,23.77469],[86.90548,23.77251],[86.90839,23.77284],[86.91046,23.7705],[86.91144,23.77486],[86.91022,23.77905],[86.91055,23.78243],[86.90855,23.78339],[86.90754,23.78013],[86.90399,23.78007],[86.89983,23.77791],[86.90018,23.77464]]]},"properties":{"District":"Paschim Bardhaman","Dist_LGD":"335N003","Sub_dist":"Salanpur","Subdis_LGD":"2268","Subdis_Typ":"Cd_Block","Vill_name":"Fulberia","Vill_Cat":"Rural","Vill_LGD":"318520","arr_project":"banani"}},
{"type":"Feature","geometry":{"type":"Polygon","coordinates":[[[86.94642,23.75554],[86.94575,23.75819],[86.95136,23.7587],[86.95286,23.76046],[86.9517,23.7634],[86.95289,23.76799],[86.95117,23.77033],[86.9475,23.77321],[86.94114,23.77261],[86.93943,23.77068],[86.93722,23.77112],[86.9358,23.76497],[86.93755,23.76372],[86.9399,23.76168],[86.943,23.76012],[86.94309,23.75745],[86.94642,23.75554]]]},"properties":{"District":"Paschim Bardhaman","Dist_LGD":"335N003","Sub_dist":"Barabani","Subdis_LGD":"2269","Subdis_Typ":"Cd_Block","Vill_name":"Lalganja (B)","Vill_Cat":"Rural","Vill_LGD":"318582","arr_project":"banani"}},
{"type":"Feature","geometry":{"type":"Polygon","coordinates":[[[86.93295,23.78072],[86.93978,23.78069],[86.94095,23.78112],[86.94214,23.78877],[86.94213,23.79274],[86.94095,23.7952],[86.93751,23.79527],[86.9346,23.79772],[86.93256,23.79715],[86.93121,23.79256],[86.93144,23.78868],[86.93295,23.78072]]]},"properties":{"District":"Paschim Bardhaman","Dist_LGD":"335N003","Sub_dist":"Salanpur","Subdis_LGD":"2268","Subdis_Typ":"Cd_Block","Vill_name":"Pahargara","Vill_Cat":"Rural","Vill_LGD":"318525","arr_project":"banani"}},
{"type":"Feature","geometry":{"type":"Polygon","coordinates":[[[86.90855,23.78339],[86.91055,23.78243],[86.91022,23.77905],[86.91345,23.77964],[86.91845,23.77702],[86.91852,23.77739],[86.91782,23.78491],[86.91835,23.78675],[86.91832,23.78973],[86.91495,23.78826],[86.90851,23.78662],[86.90855,23.78339]]]},"properties":{"District":"Paschim Bardhaman","Dist_LGD":"335N003","Sub_dist":"Salanpur","Subdis_LGD":"2268","Subdis_Typ":"Cd_Block","Vill_name":"Lohat","Vill_Cat":"Rural","Vill_LGD":"318522","arr_project":"banani"}},
{"type":"Feature","geometry":{"type":"Polygon","coordinates":[[[86.933,23.75656],[86.93728,23.7539],[86.94035,23.75351],[86.94144,23.75154],[86.94567,23.75154],[86.94703,23.75027],[86.94817,23.75156],[86.94663,23.7521],[86.94642,23.75554],[86.94309,23.75745],[86.943,23.76012],[86.9399,23.76168],[86.9361,23.75719],[86.933,23.75656]]]},"properties":{"District":"Paschim Bardhaman","Dist_LGD":"335N003","Sub_dist":"Barabani","Subdis_LGD":"2269","Subdis_Typ":"Cd_Block","Vill_name":"Janardansayer (B)","Vill_Cat":"Rural","Vill_LGD":"318583","arr_project":"banani"}},
{"type":"Feature","geometry":{"type":"Polygon","coordinates":[[[86.87613,23.75844],[86.87819,23.75774],[86.87705,23.75435],[86.88267,23.74905],[86.88668,23.74814],[86.88788,23.74668],[86.89619,23.7487],[86.89559,23.75035],[86.89587,23.75659],[86.89208,23.75965],[86.89198,23.76492],[86.89635,23.76397],[86.89978,23.76452],[86.89785,23.76706],[86.89118,23.76732],[86.88824,23.76961],[86.88587,23.76567],[86.88233,23.76363],[86.87976,23.76352],[86.87698,23.76158],[86.87613,23.75844]]]},"properties":{"District":"Paschim Bardhaman","Dist_LGD":"335N003","Sub_dist":"Salanpur","Subdis_LGD":"2268","Subdis_Typ":"Cd_Block","Vill_name":"Khudika","Vill_Cat":"Rural","Vill_LGD":"318492","arr_project":"banani"}},
{"type":"Feature","geometry":{"type":"Polygon","coordinates":[[[86.8654,23.77423],[86.87033,23.77193],[86.87242,23.76183],[86.87402,23.75853],[86.87613,23.75844],[86.87698,23.76158],[86.87976,23.76352],[86.88233,23.76363],[86.88587,23.76567],[86.88824,23.76961],[86.8866,23.77035],[86.88495,23.77543],[86.88268,23.77943],[86.87926,23.7812],[86.87692,23.78079],[86.87356,23.77906],[86.87231,23.77769],[86.86946,23.7787],[86.8654,23.77423]]]},"properties":{"District":"Paschim Bardhaman","Dist_LGD":"335N003","Sub_dist":"Salanpur","Subdis_LGD":"2268","Subdis_Typ":"Cd_Block","Vill_name":"Salanpur (Ct)","Vill_Cat":"Partly_Urban","Vill_LGD":"318491","arr_project":"banani"}},
{"type":"Feature","geometry":{"type":"Polygon","coordinates":[[[86.90524,23.7364],[86.90627,23.73749],[86.90882,23.74373],[86.90604,23.74663],[86.90679,23.74846],[86.90184,23.74738],[86.90083,23.74567],[86.89961,23.74092],[86.90159,23.74056],[86.90524,23.7364]]]},"properties":{"District":"Paschim Bardhaman","Dist_LGD":"335N003","Sub_dist":"Salanpur","Subdis_LGD":"2268","Subdis_Typ":"Cd_Block","Vill_name":"Dharmma","Vill_Cat":"Rural","Vill_LGD":"318535","arr_project":"banani"}},
{"type":"Feature","geometry":{"type":"Polygon","coordinates":[[[86.84177,23.80755],[86.83925,23.80892],[86.83694,23.81226],[86.83326,23.81434],[86.83188,23.81666],[86.82721,23.81429],[86.82753,23.81194],[86.82502,23.80756],[86.82508,23.80476],[86.82684,23.80085],[86.82917,23.79902],[86.83148,23.80205],[86.84068,23.7998],[86.84242,23.8023],[86.84177,23.80755]]]},"properties":{"District":"Paschim Bardhaman","Dist_LGD":"335N003","Sub_dist":"Salanpur","Subdis_LGD":"2268","Subdis_Typ":"Cd_Block","Vill_name":"Bathanbari","Vill_Cat":"Rural","Vill_LGD":"318468","arr_project":"banani"}},
{"type":"Feature","geometry":{"type":"Polygon","coordinates":[[[87.05479,23.64388],[87.05979,23.6407],[87.06628,23.6392],[87.06872,23.64455],[87.07458,23.64103],[87.07607,23.63849],[87.07998,23.64014],[87.08134,23.64437],[87.0823,23.64981],[87.08026,23.6512],[87.0806,23.65332],[87.07471,23.6579],[87.07177,23.65687],[87.06613,23.65797],[87.0602,23.65478],[87.06045,23.65223],[87.05494,23.65114],[87.05479,23.64388]]]},"properties":{"District":"Paschim Bardhaman","Dist_LGD":"335N003","Sub_dist":"Raniganj","Subdis_LGD":"2271","Subdis_Typ":"Cd_Block","Vill_name":"Jemari (J.K. Nagar Township) (Ct)","Vill_Cat":"Fully_Urban","Vill_LGD":"318657","arr_project":"banani"}},
{"type":"Feature","geometry":{"type":"Polygon","coordinates":[[[87.13295,23.60821],[87.13505,23.60706],[87.13586,23.60429],[87.13839,23.60219],[87.1368,23.59759],[87.13246,23.59932],[87.132,23.59676],[87.13588,23.59565],[87.13576,23.59349],[87.13612,23.59265],[87.14305,23.59188],[87.14665,23.58872],[87.15024,23.58907],[87.15288,23.59277],[87.15844,23.59401],[87.15882,23.59571],[87.15743,23.60231],[87.15777,23.6044],[87.15588,23.60437],[87.15637,23.60922],[87.15477,23.60514],[87.15177,23.60526],[87.14613,23.60746],[87.14188,23.60553],[87.13793,23.6059],[87.13774,23.60846],[87.13295,23.60821]]]},"properties":{"District":"Paschim Bardhaman","Dist_LGD":"335N003","Sub_dist":"Raniganj","Subdis_LGD":"2271","Subdis_Typ":"Cd_Block","Vill_name":"Baktarnagar (Ct)","Vill_Cat":"Partly_Urban","Vill_LGD":"318663","arr_project":"banani"}},
{"type":"Feature","geometry":{"type":"Polygon","coordinates":[[[87.13576,23.59349],[87.13018,23.59319],[87.12753,23.59586],[87.12502,23.59377],[87.12472,23.59052],[87.12701,23.5887],[87.1284,23.58312],[87.13001,23.58009],[87.1341,23.57904],[87.13145,23.57549],[87.14247,23.57292],[87.14787,23.57319],[87.14859,23.57705],[87.15073,23.58092],[87.15844,23.59401],[87.15288,23.59277],[87.15024,23.58907],[87.14665,23.58872],[87.14305,23.59188],[87.13612,23.59265],[87.13576,23.59349]]]},"properties":{"District":"Paschim Bardhaman","Dist_LGD":"335N003","Sub_dist":"Raniganj","Subdis_LGD":"2271","Subdis_Typ":"Cd_Block","Vill_name":"Nupur","Vill_Cat":"Rural","Vill_LGD":"318654","arr_project":"banani"}},
{"type":"Feature","geometry":{"type":"Polygon","coordinates":[[[86.96335,23.75102],[86.95883,23.75134],[86.95549,23.75325],[86.951,23.75119],[86.94817,23.75156],[86.94703,23.75027],[86.94336,23.74755],[86.9437,23.74502],[86.94549,23.74411],[86.94824,23.74511],[86.95136,23.74255],[86.95283,23.73456],[86.95898,23.73229],[86.96268,23.73565],[86.96338,23.7435],[86.96606,23.74834],[86.96335,23.75102]]]},"properties":{"District":"Paschim Bardhaman","Dist_LGD":"335N003","Sub_dist":"Barabani","Subdis_LGD":"2269","Subdis_Typ":"Cd_Block","Vill_name":"Nuni (B)","Vill_Cat":"Rural","Vill_LGD":"318585","arr_project":"banani"}},
{"type":"Feature","geometry":{"type":"Polygon","coordinates":[[[87.07607,23.63849],[87.074,23.63641],[87.07323,23.63124],[87.07772,23.62943],[87.08167,23.62674],[87.08529,23.62593],[87.0873,23.62623],[87.08852,23.62254],[87.09231,23.62656],[87.09395,23.63209],[87.09532,23.63416],[87.09268,23.63627],[87.09326,23.64551],[87.0913,23.64815],[87.08265,23.646],[87.08134,23.64437],[87.07998,23.64014],[87.07607,23.63849]]]},"properties":{"District":"Paschim Bardhaman","Dist_LGD":"335N003","Sub_dist":"Raniganj","Subdis_LGD":"2271","Subdis_Typ":"Cd_Block","Vill_name":"Nimcha","Vill_Cat":"Rural","Vill_LGD":"318650","arr_project":"banani"}},
{"type":"Feature","geometry":{"type":"Polygon","coordinates":[[[86.9478,23.72945],[86.94921,23.72521],[86.95254,23.72308],[86.95788,23.72287],[86.95946,23.72438],[86.95984,23.72854],[86.95898,23.73229],[86.95283,23.73456],[86.94947,23.73272],[86.9478,23.72945]]]},"properties":{"District":"Paschim Bardhaman","Dist_LGD":"335N003","Sub_dist":"Barabani","Subdis_LGD":"2269","Subdis_Typ":"Cd_Block","Vill_name":"Pangachiya  (Ct)","Vill_Cat":"Fully_Urban","Vill_LGD":"318591","arr_project":"banani"}},
{"type":"Feature","geometry":{"type":"Polygon","coordinates":[[[87.03612,23.76863],[87.03678,23.76617],[87.04032,23.76707],[87.04139,23.76564],[87.04224,23.76675],[87.04696,23.76378],[87.04964,23.76535],[87.05049,23.76729],[87.05046,23.77164],[87.04363,23.77491],[87.03952,23.77449],[87.03901,23.77043],[87.03612,23.76863]]]},"properties":{"District":"Paschim Bardhaman","Dist_LGD":"335N003","Sub_dist":"Barabani","Subdis_LGD":"2269","Subdis_Typ":"Cd_Block","Vill_name":"Khamra","Vill_Cat":"Rural","Vill_LGD":"318578","arr_project":"banani"}},
{"type":"Feature","geometry":{"type":"Polygon","coordinates":[[[87.39732,23.69414],[87.38929,23.69856],[87.38351,23.70035],[87.37384,23.70079],[87.37235,23.70125],[87.37032,23.69628],[87.37186,23.69202],[87.36919,23.68595],[87.3676,23.68304],[87.37189,23.6831],[87.37132,23.68068],[87.36821,23.67687],[87.37124,23.67175],[87.37271,23.67248],[87.37737,23.67283],[87.38003,23.6747],[87.38323,23.66997],[87.38557,23.6686],[87.38708,23.67142],[87.38698,23.67431],[87.38973,23.67507],[87.39279,23.67332],[87.39354,23.6756],[87.3949,23.67909],[87.39786,23.68224],[87.39691,23.6846],[87.39623,23.69015],[87.39732,23.69414]]]},"properties":{"District":"Paschim Bardhaman","Dist_LGD":"335N003","Sub_dist":"Faridpur Durgapur","Subdis_LGD":"2274","Subdis_Typ":"Cd_Block","Vill_name":"Shyamsundarpur","Vill_Cat":"Rural","Vill_LGD":"318726","arr_project":"banani"}},
{"type":"Feature","geometry":{"type":"Polygon","coordinates":[[[87.39419,23.65517],[87.3927,23.65119],[87.39394,23.65038],[87.39983,23.64965],[87.40173,23.65047],[87.39884,23.65495],[87.39728,23.65715],[87.39419,23.65517]]]},"properties":{"District":"Paschim Bardhaman","Dist_LGD":"335N003","Sub_dist":"Kanksa","Subdis_LGD":"2275","Subdis_Typ":"Cd_Block","Vill_name":"Dandeshwar","Vill_Cat":"Rural","Vill_LGD":"318788","arr_project":"banani"}},
{"type":"Feature","geometry":{"type":"Polygon","coordinates":[[[87.41035,23.65692],[87.4068,23.65634],[87.40617,23.65212],[87.40351,23.64883],[87.40607,23.64722],[87.40861,23.64687],[87.41473,23.64407],[87.41785,23.64725],[87.41321,23.65236],[87.41035,23.65692]]]},"properties":{"District":"Paschim Bardhaman","Dist_LGD":"335N003","Sub_dist":"Kanksa","Subdis_LGD":"2275","Subdis_Typ":"Cd_Block","Vill_name":"Ranipur","Vill_Cat":"Rural","Vill_LGD":"318790","arr_project":"banani"}},
{"type":"Feature","geometry":{"type":"Polygon","coordinates":[[[87.38757,23.62809],[87.39002,23.62754],[87.39695,23.6236],[87.39935,23.6217],[87.40405,23.62221],[87.40891,23.62687],[87.40955,23.63018],[87.40696,23.63065],[87.40639,23.63364],[87.40518,23.63612],[87.40301,23.63688],[87.39959,23.63567],[87.39873,23.63294],[87.394,23.63485],[87.38757,23.62809]]]},"properties":{"District":"Paschim Bardhaman","Dist_LGD":"335N003","Sub_dist":"Kanksa","Subdis_LGD":"2275","Subdis_Typ":"Cd_Block","Vill_name":"Sibpur","Vill_Cat":"Rural","Vill_LGD":"318796","arr_project":"banani"}},
{"type":"Feature","geometry":{"type":"Polygon","coordinates":[[[87.37402,23.61191],[87.37985,23.61332],[87.38178,23.61565],[87.38283,23.62171],[87.38189,23.62407],[87.37731,23.62557],[87.3752,23.62037],[87.37401,23.61737],[87.3747,23.61448],[87.37402,23.61191]]]},"properties":{"District":"Paschim Bardhaman","Dist_LGD":"335N003","Sub_dist":"Kanksa","Subdis_LGD":"2275","Subdis_Typ":"Cd_Block","Vill_name":"Chak Bishnupur","Vill_Cat":"Rural","Vill_LGD":"318793","arr_project":"banani"}},
{"type":"Feature","geometry":{"type":"Polygon","coordinates":[[[87.41152,23.57872],[87.4084,23.5789],[87.40795,23.57638],[87.41184,23.57114],[87.41186,23.56842],[87.40944,23.56547],[87.41362,23.56004],[87.41546,23.56009],[87.41818,23.56485],[87.41372,23.56945],[87.41137,23.57272],[87.41152,23.57872]]]},"properties":{"District":"Paschim Bardhaman","Dist_LGD":"335N003","Sub_dist":"Kanksa","Subdis_LGD":"2275","Subdis_Typ":"Cd_Block","Vill_name":"Hariki","Vill_Cat":"Rural","Vill_LGD":"318826","arr_project":"banani"}},
{"type":"Feature","geometry":{"type":"Polygon","coordinates":[[[87.41346,23.61906],[87.41196,23.62337],[87.40932,23.62502],[87.40891,23.62687],[87.40405,23.62221],[87.39935,23.6217],[87.39901,23.61801],[87.39523,23.61351],[87.39211,23.61266],[87.38769,23.60928],[87.38902,23.60678],[87.38698,23.6012],[87.38678,23.5966],[87.38901,23.59395],[87.39053,23.59007],[87.3902,23.58082],[87.39857,23.57847],[87.40795,23.57638],[87.4084,23.5789],[87.40592,23.57983],[87.40655,23.58393],[87.40915,23.58918],[87.4126,23.59177],[87.41411,23.59409],[87.41657,23.59221],[87.41759,23.58759],[87.41637,23.58191],[87.41284,23.58079],[87.41152,23.57872],[87.41137,23.57272],[87.41372,23.56945],[87.41818,23.56485],[87.42253,23.56348],[87.42934,23.56311],[87.42955,23.56416],[87.43448,23.56905],[87.43299,23.57163],[87.43557,23.57343],[87.43504,23.57633],[87.43267,23.57885],[87.42976,23.58504],[87.42627,23.58988],[87.4287,23.59019],[87.43468,23.58193],[87.441,23.5811],[87.44361,23.58368],[87.44535,23.58251],[87.44288,23.57932],[87.4419,23.57619],[87.44569,23.57016],[87.44956,23.56937],[87.45041,23.56767],[87.44833,23.56585],[87.44687,23.56074],[87.44395,23.56062],[87.44676,23.55399],[87.44966,23.55149],[87.45145,23.55567],[87.45683,23.56357],[87.45932,23.56962],[87.46241,23.57],[87.46242,23.57271],[87.466,23.5723],[87.46755,23.57076],[87.47328,23.57055],[87.4736,23.57167],[87.47441,23.57448],[87.47739,23.5779],[87.47816,23.58054],[87.474,23.58647],[87.4698,23.58643],[87.46728,23.58807],[87.45658,23.59077],[87.45622,23.59521],[87.45521,23.59728],[87.45594,23.60028],[87.45503,23.60346],[87.45307,23.60418],[87.45167,23.60104],[87.44932,23.5997],[87.44554,23.60356],[87.44469,23.60549],[87.43719,23.60283],[87.43279,23.60417],[87.42957,23.60163],[87.42576,23.60391],[87.42716,23.60581],[87.431,23.60745],[87.43636,23.60712],[87.44003,23.60808],[87.44026,23.61073],[87.43785,23.61151],[87.43662,23.61362],[87.43156,23.61326],[87.42665,23.61946],[87.42514,23.62074],[87.41854,23.61722],[87.41549,23.61856],[87.41346,23.61906]]]},"properties":{"District":"Paschim Bardhaman","Dist_LGD":"335N003","Sub_dist":"Kanksa","Subdis_LGD":"2275","Subdis_Typ":"Cd_Block","Vill_name":"Bistupur","Vill_Cat":"Rural","Vill_LGD":"318820","arr_project":"banani"}},
{"type":"Feature","geometry":{"type":"Polygon","coordinates":[[[87.35958,23.56552],[87.35948,23.56022],[87.35706,23.55601],[87.35069,23.55398],[87.35176,23.55193],[87.35475,23.55035],[87.35407,23.5467],[87.35866,23.54509],[87.36119,23.54367],[87.3651,23.5433],[87.37,23.54558],[87.37296,23.54427],[87.37546,23.54392],[87.37944,23.54756],[87.38437,23.5474],[87.38678,23.54849],[87.39,23.55291],[87.38934,23.55468],[87.38573,23.5565],[87.38376,23.55896],[87.38106,23.5645],[87.37235,23.57136],[87.36872,23.57306],[87.36088,23.57138],[87.35729,23.56903],[87.35958,23.56552]]]},"properties":{"District":"Paschim Bardhaman","Dist_LGD":"335N003","Sub_dist":"Faridpur Durgapur","Subdis_LGD":"2274","Subdis_Typ":"Cd_Block","Vill_name":"Jemua","Vill_Cat":"Rural","Vill_LGD":"318768","arr_project":"banani"}},
{"type":"Feature","geometry":{"type":"Polygon","coordinates":[[[87.45098,23.45614],[87.4457,23.45542],[87.44491,23.45337],[87.44527,23.44877],[87.44256,23.44074],[87.44209,23.43572],[87.44296,23.43514],[87.44913,23.43177],[87.45437,23.43069],[87.45529,23.43795],[87.45134,23.43882],[87.45129,23.4419],[87.45286,23.4447],[87.45395,23.44898],[87.4537,23.45424],[87.45098,23.45614]]]},"properties":{"District":"Paschim Bardhaman","Dist_LGD":"335N003","Sub_dist":"Kanksa","Subdis_LGD":"2275","Subdis_Typ":"Cd_Block","Vill_name":"Prayagpur (Ct)","Vill_Cat":"Rural","Vill_LGD":"318866","arr_project":"banani"}},
{"type":"Feature","geometry":{"type":"Polygon","coordinates":[[[87.42093,23.45348],[87.41742,23.4483],[87.41944,23.4462],[87.41834,23.44461],[87.4166,23.43835],[87.41302,23.43972],[87.40926,23.43644],[87.41059,23.43455],[87.41812,23.4354],[87.41929,23.43413],[87.41356,23.43241],[87.41558,23.42929],[87.41125,23.42931],[87.41262,23.42676],[87.42017,23.4259],[87.42564,23.42023],[87.42704,23.42401],[87.42948,23.42151],[87.43417,23.42122],[87.43245,23.42623],[87.434,23.42869],[87.43145,23.4323],[87.43181,23.43564],[87.43356,23.4358],[87.42944,23.43761],[87.42893,23.44133],[87.43239,23.44389],[87.42925,23.44501],[87.42889,23.44669],[87.42488,23.44537],[87.42545,23.45174],[87.42475,23.45493],[87.42093,23.45348]]]},"properties":{"District":"Paschim Bardhaman","Dist_LGD":"335N003","Sub_dist":"Kanksa","Subdis_LGD":"2275","Subdis_Typ":"Cd_Block","Vill_name":"Gangbil","Vill_Cat":"Rural","Vill_LGD":"318852","arr_project":"banani"}},
{"type":"Feature","geometry":{"type":"Polygon","coordinates":[[[87.43475,23.47521],[87.44319,23.47385],[87.44548,23.46765],[87.44889,23.46368],[87.45366,23.46356],[87.45294,23.46784],[87.45209,23.48052],[87.4507,23.48257],[87.45316,23.48498],[87.44969,23.48682],[87.44433,23.49284],[87.43795,23.49459],[87.43602,23.48847],[87.4328,23.48531],[87.43188,23.48111],[87.43354,23.47957],[87.43475,23.47521]]]},"properties":{"District":"Paschim Bardhaman","Dist_LGD":"335N003","Sub_dist":"Kanksa","Subdis_LGD":"2275","Subdis_Typ":"Cd_Block","Vill_name":"Ijjatganj (Ct)","Vill_Cat":"Partly_Urban","Vill_LGD":"318840","arr_project":"banani"}},
{"type":"Feature","geometry":{"type":"Polygon","coordinates":[[[87.40872,23.52973],[87.41126,23.52683],[87.41209,23.52275],[87.41747,23.52127],[87.42068,23.51971],[87.42451,23.52324],[87.42808,23.52555],[87.43012,23.52876],[87.43333,23.52875],[87.43154,23.535],[87.43037,23.5371],[87.43207,23.53921],[87.42937,23.54319],[87.42927,23.54593],[87.42671,23.54552],[87.42392,23.54695],[87.42181,23.54597],[87.42217,23.54132],[87.42033,23.53976],[87.41996,23.5371],[87.41138,23.5399],[87.40961,23.53738],[87.41129,23.53535],[87.40872,23.52973]]]},"properties":{"District":"Paschim Bardhaman","Dist_LGD":"335N003","Sub_dist":"Kanksa","Subdis_LGD":"2275","Subdis_Typ":"Cd_Block","Vill_name":"Keshabpur","Vill_Cat":"Rural","Vill_LGD":"318835","arr_project":"banani"}},
{"type":"Feature","geometry":{"type":"Polygon","coordinates":[[[87.3717,23.46455],[87.37288,23.46301],[87.37145,23.45972],[87.37226,23.45812],[87.36958,23.45552],[87.37089,23.45278],[87.37597,23.45288],[87.38086,23.44986],[87.38154,23.45085],[87.38313,23.45314],[87.38427,23.4543],[87.38754,23.45351],[87.38966,23.45511],[87.39054,23.45667],[87.38744,23.4596],[87.39239,23.46348],[87.39474,23.46618],[87.39703,23.47384],[87.39746,23.4783],[87.39687,23.48179],[87.39768,23.48482],[87.39756,23.48544],[87.39216,23.48701],[87.39163,23.48558],[87.3847,23.48654],[87.38327,23.48408],[87.38094,23.48271],[87.38029,23.47721],[87.37396,23.47382],[87.3717,23.46455]]]},"properties":{"District":"Paschim Bardhaman","Dist_LGD":"335N003","Sub_dist":"Kanksa","Subdis_LGD":"2275","Subdis_Typ":"Cd_Block","Vill_name":"Amlajora","Vill_Cat":"Rural","Vill_LGD":"318863","arr_project":"banani"}},
{"type":"Feature","geometry":{"type":"Polygon","coordinates":[[[87.37313,23.49083],[87.37944,23.48497],[87.38094,23.48271],[87.38327,23.48408],[87.3847,23.48654],[87.39163,23.48558],[87.39216,23.48701],[87.39756,23.48544],[87.3989,23.49111],[87.40236,23.49364],[87.40422,23.49304],[87.40825,23.49606],[87.41251,23.50166],[87.41323,23.5053],[87.41712,23.50925],[87.41797,23.5145],[87.42141,23.51877],[87.42068,23.51971],[87.41747,23.52127],[87.41209,23.52275],[87.41126,23.52683],[87.40872,23.52973],[87.40445,23.53194],[87.40095,23.53166],[87.39949,23.52492],[87.39556,23.51922],[87.38878,23.51984],[87.38615,23.51807],[87.38436,23.51233],[87.38022,23.50781],[87.37772,23.51041],[87.37575,23.50434],[87.37809,23.50082],[87.37642,23.49627],[87.37313,23.49083]]]},"properties":{"District":"Paschim Bardhaman","Dist_LGD":"335N003","Sub_dist":"Kanksa","Subdis_LGD":"2275","Subdis_Typ":"Cd_Block","Vill_name":"Gopalpur (Ct)","Vill_Cat":"Partly_Urban","Vill_LGD":"318861","arr_project":"banani"}},
{"type":"Feature","geometry":{"type":"Polygon","coordinates":[[[86.8654,23.77423],[86.86946,23.7787],[86.86763,23.77801],[86.86433,23.78132],[86.86142,23.77994],[86.85533,23.78065],[86.85186,23.77952],[86.84739,23.77857],[86.84417,23.77972],[86.84632,23.77644],[86.85102,23.77191],[86.86099,23.77477],[86.8654,23.77423]]]},"properties":{"District":"Paschim Bardhaman","Dist_LGD":"335N003","Sub_dist":"Salanpur","Subdis_LGD":"2268","Subdis_Typ":"Cd_Block","Vill_name":"Nakrajuria","Vill_Cat":"Rural","Vill_LGD":"318490","arr_project":"banani"}},
{"type":"Feature","geometry":{"type":"Polygon","coordinates":[[[87.42665,23.61946],[87.4287,23.6215],[87.42539,23.62568],[87.42542,23.62817],[87.42852,23.63102],[87.43265,23.63294],[87.43002,23.63542],[87.42134,23.63083],[87.419,23.62677],[87.41791,23.62091],[87.41549,23.61856],[87.41854,23.61722],[87.42514,23.62074],[87.42665,23.61946]]]},"properties":{"District":"Paschim Bardhaman","Dist_LGD":"335N003","Sub_dist":"Kanksa","Subdis_LGD":"2275","Subdis_Typ":"Cd_Block","Vill_name":"Rautdihi","Vill_Cat":"Rural","Vill_LGD":"318801","arr_project":"banani"}},
{"type":"Feature","geometry":{"type":"Polygon","coordinates":[[[87.37283,23.60705],[87.37828,23.6056],[87.3818,23.6026],[87.38281,23.59856],[87.38535,23.59641],[87.38678,23.5966],[87.38698,23.6012],[87.38902,23.60678],[87.38769,23.60928],[87.38656,23.61067],[87.38077,23.61235],[87.37985,23.61332],[87.37402,23.61191],[87.37283,23.60705]]]},"properties":{"District":"Paschim Bardhaman","Dist_LGD":"335N003","Sub_dist":"Kanksa","Subdis_LGD":"2275","Subdis_Typ":"Cd_Block","Vill_name":"Jamban","Vill_Cat":"Rural","Vill_LGD":"318794","arr_project":"banani"}},
{"type":"Feature","geometry":{"type":"Polygon","coordinates":[[[87.4537,23.45424],[87.45714,23.45081],[87.45809,23.44876],[87.4577,23.44492],[87.46106,23.44247],[87.46215,23.44478],[87.46077,23.44826],[87.46109,23.45549],[87.45824,23.45797],[87.45398,23.45925],[87.45158,23.45766],[87.45098,23.45614],[87.4537,23.45424]]]},"properties":{"District":"Paschim Bardhaman","Dist_LGD":"335N003","Sub_dist":"Kanksa","Subdis_LGD":"2275","Subdis_Typ":"Cd_Block","Vill_name":"Debipur (Ct)","Vill_Cat":"Partly_Urban","Vill_LGD":"318865","arr_project":"banani"}},
{"type":"Feature","geometry":{"type":"Polygon","coordinates":[[[87.41454,23.48005],[87.41624,23.48231],[87.41947,23.4844],[87.42367,23.48395],[87.42382,23.48053],[87.42859,23.4801],[87.4284,23.48319],[87.42422,23.48375],[87.42377,23.48558],[87.42531,23.48897],[87.42123,23.49053],[87.42204,23.49426],[87.41797,23.49295],[87.41633,23.48584],[87.41425,23.48507],[87.41282,23.48163],[87.41334,23.48015],[87.41454,23.48005]]]},"properties":{"District":"Paschim Bardhaman","Dist_LGD":"335N003","Sub_dist":"Kanksa","Subdis_LGD":"2275","Subdis_Typ":"Cd_Block","Vill_name":"Brindabanpur","Vill_Cat":"Rural","Vill_LGD":"318844","arr_project":"banani"}},
{"type":"Feature","geometry":{"type":"Polygon","coordinates":[[[87.26834,23.62038],[87.27109,23.62195],[87.27501,23.62651],[87.27822,23.62383],[87.28043,23.62475],[87.27994,23.62686],[87.27543,23.62837],[87.27398,23.62737],[87.26786,23.63055],[87.26522,23.62729],[87.26801,23.62613],[87.26775,23.62143],[87.26834,23.62038]]]},"properties":{"District":"Paschim Bardhaman","Dist_LGD":"335N003","Sub_dist":"Faridpur Durgapur","Subdis_LGD":"2274","Subdis_Typ":"Cd_Block","Vill_name":"Kendua","Vill_Cat":"Rural","Vill_LGD":"318751","arr_project":"banani"}},
{"type":"Feature","geometry":{"type":"Polygon","coordinates":[[[87.03962,23.64593],[87.03773,23.64672],[87.0348,23.64364],[87.02897,23.64166],[87.02458,23.64149],[87.02317,23.63825],[87.02078,23.63578],[87.02034,23.63265],[87.02302,23.62981],[87.02995,23.62642],[87.03452,23.62621],[87.03836,23.62727],[87.04153,23.6312],[87.04541,23.63232],[87.04341,23.64259],[87.03962,23.64593]]]},"properties":{"District":"Paschim Bardhaman","Dist_LGD":"335N003","Sub_dist":"Raniganj","Subdis_LGD":"2271","Subdis_Typ":"Cd_Block","Vill_name":"Chelod (Ct)","Vill_Cat":"Partly_Urban","Vill_LGD":"318660","arr_project":"banani"}},
{"type":"Feature","geometry":{"type":"Polygon","coordinates":[[[87.04358,23.65717],[87.04054,23.65737],[87.03451,23.65644],[87.03107,23.65712],[87.02813,23.65546],[87.02763,23.65251],[87.02883,23.65055],[87.03098,23.64871],[87.03436,23.6489],[87.03773,23.64672],[87.03962,23.64593],[87.04165,23.64785],[87.04358,23.65717]]]},"properties":{"District":"Paschim Bardhaman","Dist_LGD":"335N003","Sub_dist":"Raniganj","Subdis_LGD":"2271","Subdis_Typ":"Cd_Block","Vill_name":"Ratibati (Ct)","Vill_Cat":"Partly_Urban","Vill_LGD":"318655","arr_project":"banani"}},
{"type":"Feature","geometry":{"type":"Polygon","coordinates":[[[86.9221,23.81219],[86.92207,23.81592],[86.92006,23.81815],[86.91867,23.82166],[86.91581,23.81992],[86.9153,23.81723],[86.9109,23.81192],[86.91127,23.81022],[86.9158,23.80638],[86.91844,23.80864],[86.9221,23.81219]]]},"properties":{"District":"Paschim Bardhaman","Dist_LGD":"335N003","Sub_dist":"Salanpur","Subdis_LGD":"2268","Subdis_Typ":"Cd_Block","Vill_name":"Malladih","Vill_Cat":"Rural","Vill_LGD":"318515","arr_project":"banani"}},
{"type":"Feature","geometry":{"type":"Polygon","coordinates":[[[86.95283,23.73456],[86.95136,23.74255],[86.94824,23.74511],[86.94549,23.74411],[86.9437,23.74502],[86.93847,23.74008],[86.93681,23.73966],[86.93674,23.7324],[86.9407,23.73272],[86.9478,23.72945],[86.94947,23.73272],[86.95283,23.73456]]]},"properties":{"District":"Paschim Bardhaman","Dist_LGD":"335N003","Sub_dist":"Barabani","Subdis_LGD":"2269","Subdis_Typ":"Cd_Block","Vill_name":"Kanyapur (B)","Vill_Cat":"Rural","Vill_LGD":"318584","arr_project":"banani"}},
{"type":"Feature","geometry":{"type":"Polygon","coordinates":[[[87.12225,23.74543],[87.12079,23.74692],[87.11399,23.74851],[87.10724,23.74449],[87.10637,23.74175],[87.10246,23.74037],[87.10565,23.73917],[87.10901,23.73938],[87.1119,23.73723],[87.1126,23.73495],[87.11816,23.73128],[87.12163,23.73067],[87.12246,23.73778],[87.124,23.73955],[87.12298,23.7425],[87.12225,23.74543]]]},"properties":{"District":"Paschim Bardhaman","Dist_LGD":"335N003","Sub_dist":"Jamuria","Subdis_LGD":"2270","Subdis_Typ":"Cd_Block","Vill_name":"Barul","Vill_Cat":"Rural","Vill_LGD":"318612","arr_project":"banani"}},
{"type":"Feature","geometry":{"type":"Polygon","coordinates":[[[87.38128,23.63856],[87.37922,23.64151],[87.3758,23.64256],[87.37415,23.63935],[87.36591,23.63699],[87.36386,23.63744],[87.36183,23.63576],[87.35679,23.63492],[87.35702,23.62932],[87.35758,23.62786],[87.37165,23.62121],[87.3752,23.62037],[87.37731,23.62557],[87.37777,23.6262],[87.38162,23.63576],[87.38128,23.63856]]]},"properties":{"District":"Paschim Bardhaman","Dist_LGD":"335N003","Sub_dist":"Faridpur Durgapur","Subdis_LGD":"2274","Subdis_Typ":"Cd_Block","Vill_name":"Gopendanga","Vill_Cat":"Rural","Vill_LGD":"318764","arr_project":"banani"}},
{"type":"Feature","geometry":{"type":"Polygon","coordinates":[[[87.40795,23.57638],[87.39857,23.57847],[87.3902,23.58082],[87.39138,23.57426],[87.39146,23.5704],[87.3905,23.56628],[87.38858,23.56524],[87.38812,23.56122],[87.38376,23.55896],[87.38573,23.5565],[87.38934,23.55468],[87.39,23.55291],[87.39161,23.55266],[87.39862,23.55403],[87.40318,23.55214],[87.40597,23.55371],[87.40896,23.55271],[87.41048,23.55013],[87.41513,23.54789],[87.41764,23.54919],[87.41686,23.55244],[87.41362,23.56004],[87.40944,23.56547],[87.41186,23.56842],[87.41184,23.57114],[87.40795,23.57638]]]},"properties":{"District":"Paschim Bardhaman","Dist_LGD":"335N003","Sub_dist":"Kanksa","Subdis_LGD":"2275","Subdis_Typ":"Cd_Block","Vill_name":"Malandighi","Vill_Cat":"Rural","Vill_LGD":"318824","arr_project":"banani"}},
{"type":"Feature","geometry":{"type":"Polygon","coordinates":[[[87.04768,23.65236],[87.04947,23.65503],[87.05006,23.65892],[87.04895,23.66465],[87.04358,23.65717],[87.04165,23.64785],[87.03962,23.64593],[87.04341,23.64259],[87.04699,23.64329],[87.04697,23.64676],[87.0492,23.64749],[87.0467,23.65086],[87.04768,23.65236]]]},"properties":{"District":"Paschim Bardhaman","Dist_LGD":"335N003","Sub_dist":"Raniganj","Subdis_LGD":"2271","Subdis_Typ":"Cd_Block","Vill_name":"Chapui (Ct)","Vill_Cat":"Partly_Urban","Vill_LGD":"318656","arr_project":"banani"}},
{"type":"Feature","geometry":{"type":"Polygon","coordinates":[[[86.89559,23.75035],[86.9011,23.75065],[86.90637,23.757],[86.90415,23.75859],[86.90386,23.76208],[86.89978,23.76452],[86.89635,23.76397],[86.89198,23.76492],[86.89208,23.75965],[86.89587,23.75659],[86.89559,23.75035]]]},"properties":{"District":"Paschim Bardhaman","Dist_LGD":"335N003","Sub_dist":"Salanpur","Subdis_LGD":"2268","Subdis_Typ":"Cd_Block","Vill_name":"Mahishmura","Vill_Cat":"Rural","Vill_LGD":"318532","arr_project":"banani"}},
{"type":"Feature","geometry":{"type":"Polygon","coordinates":[[[87.3818,23.58464],[87.38135,23.5797],[87.37947,23.57819],[87.37931,23.57545],[87.38313,23.57414],[87.38517,23.5811],[87.38537,23.58495],[87.38253,23.58848],[87.38294,23.59268],[87.38576,23.59373],[87.38535,23.59641],[87.38281,23.59856],[87.3818,23.6026],[87.37828,23.6056],[87.37283,23.60705],[87.37328,23.60445],[87.37509,23.60374],[87.3755,23.59998],[87.37465,23.59673],[87.37798,23.59612],[87.37836,23.59183],[87.38122,23.58787],[87.3818,23.58464]]]},"properties":{"District":"Paschim Bardhaman","Dist_LGD":"335N003","Sub_dist":"Kanksa","Subdis_LGD":"2275","Subdis_Typ":"Cd_Block","Vill_name":"Bhagabanpur","Vill_Cat":"Rural","Vill_LGD":"318821","arr_project":"banani"}},
{"type":"Feature","geometry":{"type":"Polygon","coordinates":[[[87.37402,23.61191],[87.3747,23.61448],[87.37401,23.61737],[87.36944,23.61706],[87.36873,23.61328],[87.36554,23.61486],[87.35901,23.61277],[87.36017,23.60867],[87.36176,23.60618],[87.35993,23.60182],[87.36402,23.60247],[87.36624,23.60076],[87.3674,23.59799],[87.37465,23.59673],[87.3755,23.59998],[87.37509,23.60374],[87.37328,23.60445],[87.37283,23.60705],[87.37402,23.61191]]]},"properties":{"District":"Paschim Bardhaman","Dist_LGD":"335N003","Sub_dist":"Faridpur Durgapur","Subdis_LGD":"2274","Subdis_Typ":"Cd_Block","Vill_name":"Katabera","Vill_Cat":"Rural","Vill_LGD":"318757","arr_project":"banani"}},
{"type":"Feature","geometry":{"type":"Polygon","coordinates":[[[87.50597,23.57426],[87.50653,23.57736],[87.50219,23.57876],[87.49897,23.57632],[87.49871,23.57477],[87.48882,23.5742],[87.48818,23.56953],[87.49029,23.56792],[87.49632,23.56806],[87.50103,23.56743],[87.50597,23.57426]]]},"properties":{"District":"Paschim Bardhaman","Dist_LGD":"335N003","Sub_dist":"Kanksa","Subdis_LGD":"2275","Subdis_Typ":"Cd_Block","Vill_name":"Bramhangram","Vill_Cat":"Rural","Vill_LGD":"318814","arr_project":"banani"}},
{"type":"Feature","geometry":{"type":"Polygon","coordinates":[[[87.49069,23.54837],[87.48538,23.54929],[87.4818,23.5537],[87.47884,23.55209],[87.47048,23.55376],[87.46576,23.55416],[87.46201,23.55163],[87.46191,23.54945],[87.4656,23.54662],[87.47112,23.54567],[87.47431,23.5424],[87.47281,23.53896],[87.47362,23.53722],[87.47205,23.53375],[87.47657,23.53382],[87.47736,23.53734],[87.47634,23.54112],[87.47942,23.54248],[87.48218,23.53918],[87.4855,23.53743],[87.48845,23.53877],[87.49092,23.53756],[87.49115,23.54604],[87.49069,23.54837]]]},"properties":{"District":"Paschim Bardhaman","Dist_LGD":"335N003","Sub_dist":"Kanksa","Subdis_LGD":"2275","Subdis_Typ":"Cd_Block","Vill_name":"Paschim Gangarampur","Vill_Cat":"Rural","Vill_LGD":"318857","arr_project":"banani"}}
]}